appointment_id,vehicle_id,booked_at,scheduled_start,status
1,763,2023-12-14 16:49:00,2024-01-08 08:30:00,No-Show
2,1447,2023-12-17 16:28:00,2024-01-12 08:00:00,No-Show
3,1448,2023-12-18 17:35:00,2024-01-08 08:30:00,No-Show
4,965,2023-12-18 18:48:00,2024-01-09 08:30:00,Arrived
5,588,2023-12-20 19:48:00,2024-01-04 10:00:00,Arrived
6,339,2023-12-21 11:37:00,2024-01-09 09:00:00,Arrived
7,536,2023-12-21 19:18:00,2024-01-02 10:00:00,Arrived
8,666,2023-12-22 13:57:00,2024-01-04 14:00:00,Arrived
9,597,2023-12-23 15:37:00,2024-01-05 11:30:00,Arrived
10,1449,2023-12-23 16:51:00,2024-01-05 07:30:00,Arrived
11,766,2023-12-24 07:22:00,2024-01-04 09:00:00,Arrived
12,574,2023-12-24 11:39:00,2024-01-22 08:00:00,No-Show
13,969,2023-12-24 18:52:00,2024-01-02 07:30:00,Arrived
14,1451,2023-12-25 13:56:00,2024-01-18 13:30:00,Arrived
15,692,2023-12-26 09:08:00,2024-01-02 12:00:00,Arrived
16,1066,2023-12-27 10:23:00,2024-01-02 10:00:00,Cancelled
17,39,2023-12-27 11:35:00,2024-01-02 15:00:00,Arrived
18,977,2023-12-27 11:55:00,2024-01-06 12:00:00,Arrived
19,633,2023-12-27 14:06:00,2024-01-02 07:30:00,Arrived
20,1452,2023-12-27 14:40:00,2024-01-02 12:00:00,Cancelled
21,1032,2023-12-27 17:00:00,2024-01-03 10:30:00,No-Show
22,1342,2023-12-27 17:44:00,2024-01-26 08:00:00,Arrived
23,972,2023-12-27 18:35:00,2024-01-03 14:30:00,Arrived
24,1430,2023-12-28 10:22:00,2024-01-03 09:00:00,Arrived
25,1455,2023-12-28 11:36:00,2024-01-11 07:30:00,Arrived
26,687,2023-12-28 12:29:00,2024-01-03 15:30:00,Arrived
27,1258,2023-12-28 15:35:00,2024-01-02 13:30:00,Arrived
28,1454,2023-12-28 18:49:00,2024-01-11 10:00:00,Arrived
29,427,2023-12-29 08:54:00,2024-01-03 11:30:00,Arrived
30,833,2023-12-29 09:47:00,2024-01-11 15:30:00,Arrived
31,826,2023-12-29 12:46:00,2024-01-02 13:30:00,Arrived
32,1456,2023-12-29 14:08:00,2024-01-04 08:00:00,Arrived
33,1246,2023-12-29 14:13:00,2024-01-15 09:00:00,No-Show
34,1459,2023-12-29 16:57:00,2024-01-06 09:30:00,Arrived
35,1028,2023-12-31 18:00:00,2024-01-08 07:30:00,Arrived
36,1238,2023-12-31 19:39:00,2024-01-04 10:30:00,Arrived
37,474,2023-12-31 19:50:00,2024-01-05 09:30:00,Arrived
38,509,2024-01-01 09:30:00,2024-01-03 14:00:00,Arrived
39,1463,2024-01-01 11:48:00,2024-01-22 08:00:00,Arrived
40,681,2024-01-01 12:48:00,2024-01-08 14:00:00,Arrived
41,14,2024-01-01 16:28:00,2024-01-06 08:30:00,Arrived
42,1461,2024-01-01 19:16:00,2024-01-05 10:30:00,Arrived
43,1462,2024-01-01 20:47:00,2024-01-10 08:00:00,Arrived
44,720,2024-01-02 06:23:00,2024-01-02 13:30:00,Arrived
45,741,2024-01-02 07:15:00,2024-01-09 08:00:00,Arrived
46,1464,2024-01-02 07:19:00,2024-01-02 08:30:00,Arrived
47,1115,2024-01-02 07:40:00,2024-01-05 07:30:00,Arrived
48,1141,2024-01-02 09:27:00,2024-01-02 10:00:00,Cancelled
49,137,2024-01-02 10:35:00,2024-01-02 13:00:00,Arrived
50,1467,2024-01-02 17:11:00,2024-01-04 11:00:00,Arrived
51,883,2024-01-02 18:41:00,2024-01-27 10:00:00,Arrived
52,1197,2024-01-02 20:29:00,2024-01-03 10:30:00,Arrived
53,85,2024-01-03 06:56:00,2024-01-03 08:00:00,Arrived
54,1471,2024-01-03 09:57:00,2024-01-20 08:00:00,Arrived
55,1470,2024-01-03 10:12:00,2024-01-05 12:00:00,Arrived
56,141,2024-01-03 11:03:00,2024-01-06 08:00:00,Arrived
57,949,2024-01-03 13:56:00,2024-01-15 08:30:00,Arrived
58,399,2024-01-03 15:37:00,2024-01-05 10:30:00,Arrived
59,851,2024-01-03 20:32:00,2024-01-17 11:00:00,Arrived
60,1096,2024-01-04 10:41:00,2024-01-10 09:00:00,Arrived
61,1476,2024-01-04 11:50:00,2024-01-09 08:00:00,Arrived
62,48,2024-01-04 14:51:00,2024-01-10 09:00:00,Arrived
63,137,2024-01-04 16:11:00,2024-01-17 11:30:00,Arrived
64,303,2024-01-04 16:53:00,2024-01-27 11:00:00,Arrived
65,625,2024-01-04 17:10:00,2024-01-05 10:30:00,Arrived
66,1472,2024-01-04 19:56:00,2024-01-05 08:30:00,Arrived
67,1482,2024-01-05 09:17:00,2024-01-05 10:30:00,Arrived
68,908,2024-01-05 09:40:00,2024-01-06 09:00:00,Arrived
69,1486,2024-01-05 11:01:00,2024-01-30 11:30:00,Arrived
70,1487,2024-01-05 11:09:00,2024-01-31 10:30:00,Arrived
71,1032,2024-01-06 06:32:00,2024-01-06 08:00:00,Arrived
72,628,2024-01-06 10:16:00,2024-01-09 10:00:00,Arrived
73,1488,2024-01-06 11:29:00,2024-01-10 14:00:00,Arrived
74,1489,2024-01-06 13:03:00,2024-01-12 09:30:00,Arrived
75,1496,2024-01-07 10:39:00,2024-01-10 08:00:00,Arrived
76,1338,2024-01-07 11:07:00,2024-01-20 10:00:00,No-Show
77,906,2024-01-07 12:13:00,2024-01-13 09:00:00,Arrived
78,1494,2024-01-07 12:56:00,2024-01-09 07:30:00,Arrived
79,1492,2024-01-07 15:15:00,2024-01-08 07:30:00,Arrived
80,192,2024-01-07 15:28:00,2024-01-12 08:00:00,No-Show
81,1491,2024-01-07 15:47:00,2024-01-08 08:30:00,Arrived
82,1171,2024-01-08 09:49:00,2024-01-15 07:30:00,Arrived
83,1405,2024-01-08 17:02:00,2024-01-12 14:30:00,Arrived
84,1498,2024-01-08 17:56:00,2024-01-12 07:30:00,No-Show
85,1501,2024-01-09 06:31:00,2024-01-09 08:30:00,Arrived
86,1046,2024-01-09 09:38:00,2024-01-09 10:00:00,Arrived
87,1503,2024-01-09 10:52:00,2024-01-10 13:00:00,Arrived
88,865,2024-01-10 06:15:00,2024-01-10 09:30:00,Arrived
89,286,2024-01-10 07:02:00,2024-01-15 11:30:00,Arrived
90,973,2024-01-10 11:40:00,2024-01-13 10:30:00,Arrived
91,829,2024-01-10 12:26:00,2024-01-20 08:30:00,Arrived
92,66,2024-01-10 15:21:00,2024-01-11 08:30:00,Arrived
93,1509,2024-01-10 15:56:00,2024-01-17 12:30:00,Arrived
94,1511,2024-01-11 08:36:00,2024-01-11 12:30:00,Arrived
95,1514,2024-01-11 09:23:00,2024-01-13 08:00:00,Arrived
96,1120,2024-01-11 10:02:00,2024-01-24 07:30:00,Arrived
97,221,2024-01-11 10:24:00,2024-01-15 11:30:00,Arrived
98,1357,2024-01-11 12:45:00,2024-01-27 09:30:00,Arrived
99,299,2024-01-11 17:15:00,2024-01-16 11:30:00,Arrived
100,1515,2024-01-11 17:24:00,2024-01-25 07:30:00,No-Show
101,1517,2024-01-12 07:50:00,2024-01-12 09:30:00,Arrived
102,208,2024-01-12 08:55:00,2024-01-17 10:00:00,Arrived
103,800,2024-01-12 19:09:00,2024-01-18 07:30:00,Arrived
104,1253,2024-01-13 08:11:00,2024-01-24 07:30:00,Arrived
105,1238,2024-01-13 17:39:00,2024-01-16 08:00:00,Arrived
106,392,2024-01-13 19:00:00,2024-01-16 09:00:00,Arrived
107,1498,2024-01-13 20:32:00,2024-01-24 12:30:00,Arrived
108,640,2024-01-14 08:35:00,2024-01-15 08:30:00,Arrived
109,861,2024-01-14 10:34:00,2024-01-20 12:00:00,Arrived
110,434,2024-01-14 10:36:00,2024-01-22 12:30:00,Arrived
111,1519,2024-01-14 11:50:00,2024-01-19 10:30:00,Arrived
112,314,2024-01-14 12:26:00,2024-01-15 09:30:00,Arrived
113,80,2024-01-14 16:38:00,2024-01-27 10:00:00,Arrived
114,278,2024-01-14 18:43:00,2024-01-17 08:00:00,Arrived
115,1520,2024-01-14 19:48:00,2024-02-10 10:00:00,Arrived
116,1128,2024-01-14 19:51:00,2024-01-22 15:00:00,Arrived
117,1377,2024-01-15 07:39:00,2024-01-29 14:30:00,No-Show
118,1122,2024-01-15 08:30:00,2024-01-22 14:00:00,Arrived
119,173,2024-01-15 08:59:00,2024-01-15 12:00:00,Arrived
120,635,2024-01-15 11:12:00,2024-01-16 09:30:00,Arrived
121,289,2024-01-15 12:03:00,2024-01-16 13:30:00,Arrived
122,1087,2024-01-15 17:10:00,2024-01-18 09:00:00,Arrived
123,1521,2024-01-15 20:58:00,2024-01-18 10:00:00,Arrived
124,410,2024-01-16 06:59:00,2024-01-16 07:30:00,Arrived
125,1528,2024-01-16 09:01:00,2024-01-16 09:30:00,Arrived
126,907,2024-01-16 09:44:00,2024-01-23 15:30:00,Arrived
127,1008,2024-01-16 11:06:00,2024-01-30 08:30:00,Arrived
128,1028,2024-01-16 12:52:00,2024-01-18 09:30:00,Arrived
129,1533,2024-01-16 14:37:00,2024-01-18 14:30:00,Arrived
130,1182,2024-01-16 15:44:00,2024-01-18 14:00:00,Arrived
131,507,2024-01-16 15:50:00,2024-02-08 08:00:00,Arrived
132,912,2024-01-16 18:32:00,2024-01-29 10:30:00,No-Show
133,1083,2024-01-17 06:29:00,2024-01-17 08:30:00,Arrived
134,1543,2024-01-17 07:34:00,2024-01-19 08:00:00,Arrived
135,1538,2024-01-17 07:54:00,2024-01-17 10:00:00,Arrived
136,1552,2024-01-17 08:09:00,2024-01-22 08:00:00,Arrived
137,1540,2024-01-17 10:23:00,2024-01-19 08:30:00,Arrived
138,1346,2024-01-17 11:22:00,2024-01-22 11:00:00,Arrived
139,1306,2024-01-17 11:38:00,2024-01-18 09:00:00,Arrived
140,43,2024-01-17 11:38:00,2024-01-25 11:00:00,Arrived
141,481,2024-01-17 14:27:00,2024-01-17 15:30:00,Arrived
142,1554,2024-01-17 14:36:00,2024-01-23 12:30:00,Arrived
143,1539,2024-01-17 17:13:00,2024-01-19 08:00:00,Arrived
144,174,2024-01-17 17:27:00,2024-01-22 13:30:00,Arrived
145,301,2024-01-17 18:07:00,2024-01-18 07:30:00,Arrived
146,219,2024-01-17 18:46:00,2024-02-05 14:00:00,Arrived
147,24,2024-01-17 20:24:00,2024-01-19 08:00:00,Arrived
148,1556,2024-01-18 09:16:00,2024-01-18 12:00:00,Arrived
149,1560,2024-01-18 12:06:00,2024-01-20 11:30:00,Arrived
150,1082,2024-01-18 14:23:00,2024-01-20 10:00:00,Arrived
151,1302,2024-01-18 16:16:00,2024-01-23 09:30:00,Arrived
152,1029,2024-01-18 16:23:00,2024-01-20 08:00:00,Arrived
153,1561,2024-01-18 18:29:00,2024-01-31 09:30:00,Arrived
154,1210,2024-01-18 20:00:00,2024-01-20 09:00:00,Arrived
155,232,2024-01-19 06:46:00,2024-01-19 10:00:00,Arrived
156,1025,2024-01-19 07:49:00,2024-01-19 08:30:00,No-Show
157,1565,2024-01-19 08:11:00,2024-01-25 09:30:00,Arrived
158,660,2024-01-19 08:49:00,2024-01-24 07:30:00,Arrived
159,1112,2024-01-19 09:13:00,2024-01-29 09:00:00,Arrived
160,237,2024-01-19 13:19:00,2024-01-20 09:00:00,Arrived
161,1190,2024-01-19 14:29:00,2024-01-31 08:00:00,Arrived
162,155,2024-01-19 14:34:00,2024-01-20 10:00:00,Arrived
163,266,2024-01-19 16:56:00,2024-02-15 10:30:00,Arrived
164,1568,2024-01-19 18:10:00,2024-01-25 11:30:00,No-Show
165,351,2024-01-19 19:54:00,2024-01-22 12:00:00,Arrived
166,432,2024-01-20 07:41:00,2024-01-27 08:30:00,Arrived
167,1293,2024-01-20 09:35:00,2024-01-29 08:00:00,Arrived
168,1571,2024-01-20 12:03:00,2024-01-24 08:30:00,Arrived
169,1040,2024-01-20 15:16:00,2024-01-22 10:00:00,Arrived
170,479,2024-01-20 17:05:00,2024-01-22 10:30:00,Arrived
171,1221,2024-01-20 20:35:00,2024-01-26 07:30:00,Arrived
172,1579,2024-01-21 14:01:00,2024-02-02 08:00:00,No-Show
173,794,2024-01-21 15:32:00,2024-01-27 11:00:00,Arrived
174,491,2024-01-21 17:56:00,2024-01-23 12:30:00,Arrived
175,1266,2024-01-21 18:11:00,2024-01-31 14:00:00,Arrived
176,1573,2024-01-21 19:11:00,2024-01-23 10:30:00,Arrived
177,1576,2024-01-21 20:50:00,2024-01-27 11:00:00,Arrived
178,899,2024-01-22 07:00:00,2024-01-31 14:30:00,Arrived
179,1291,2024-01-22 08:39:00,2024-02-19 10:30:00,Arrived
180,1309,2024-01-22 11:27:00,2024-01-23 08:30:00,Arrived
181,1147,2024-01-22 12:29:00,2024-01-24 13:30:00,Arrived
182,1284,2024-01-22 12:40:00,2024-01-23 08:00:00,Arrived
183,1362,2024-01-22 13:32:00,2024-01-26 08:30:00,No-Show
184,378,2024-01-22 13:40:00,2024-01-25 10:30:00,Arrived
185,1581,2024-01-22 17:11:00,2024-02-16 11:30:00,Arrived
186,824,2024-01-22 20:26:00,2024-01-24 15:30:00,Arrived
187,1583,2024-01-23 06:17:00,2024-01-23 11:00:00,Cancelled
188,1330,2024-01-23 09:58:00,2024-02-05 12:00:00,Arrived
189,338,2024-01-23 10:59:00,2024-02-02 13:30:00,No-Show
190,1586,2024-01-23 11:22:00,2024-01-25 11:00:00,Arrived
191,895,2024-01-23 14:17:00,2024-01-24 11:30:00,Arrived
192,1002,2024-01-23 14:25:00,2024-01-24 07:30:00,Arrived
193,1587,2024-01-23 16:00:00,2024-01-26 10:00:00,Arrived
194,830,2024-01-23 17:52:00,2024-02-02 13:30:00,Arrived
195,502,2024-01-24 07:07:00,2024-01-24 10:30:00,Arrived
196,401,2024-01-24 08:50:00,2024-01-25 07:30:00,Arrived
197,1589,2024-01-24 10:49:00,2024-01-26 15:00:00,Arrived
198,78,2024-01-24 12:10:00,2024-01-26 08:00:00,Arrived
199,1591,2024-01-24 15:52:00,2024-02-01 07:30:00,Arrived
200,209,2024-01-24 15:58:00,2024-02-03 11:00:00,Arrived
201,1588,2024-01-24 16:20:00,2024-01-26 08:00:00,Arrived
202,1593,2024-01-25 07:21:00,2024-01-25 09:00:00,Arrived
203,445,2024-01-25 10:03:00,2024-01-31 11:00:00,Arrived
204,325,2024-01-25 11:43:00,2024-02-08 12:00:00,Arrived
205,611,2024-01-25 14:59:00,2024-01-26 07:30:00,Arrived
206,1594,2024-01-25 20:58:00,2024-01-31 08:00:00,Arrived
207,1600,2024-01-26 13:40:00,2024-01-30 12:00:00,Arrived
208,1603,2024-01-26 13:42:00,2024-02-01 08:00:00,Arrived
209,733,2024-01-26 15:46:00,2024-01-27 08:00:00,Cancelled
210,1607,2024-01-26 15:53:00,2024-02-02 08:30:00,Arrived
211,587,2024-01-27 07:03:00,2024-01-27 08:30:00,Arrived
212,228,2024-01-27 08:00:00,2024-01-30 08:00:00,Cancelled
213,782,2024-01-27 08:57:00,2024-02-02 08:30:00,Arrived
214,629,2024-01-27 09:07:00,2024-01-29 11:30:00,Arrived
215,197,2024-01-27 12:08:00,2024-02-14 07:30:00,Cancelled
216,1246,2024-01-27 12:10:00,2024-01-29 07:30:00,Arrived
217,572,2024-01-27 16:44:00,2024-01-29 09:00:00,Arrived
218,716,2024-01-27 17:07:00,2024-02-08 07:30:00,Arrived
219,422,2024-01-27 17:08:00,2024-02-08 09:30:00,No-Show
220,561,2024-01-27 17:47:00,2024-01-29 08:00:00,Arrived
221,1073,2024-01-27 18:03:00,2024-02-03 10:30:00,Arrived
222,1009,2024-01-27 18:15:00,2024-01-29 10:30:00,Arrived
223,1608,2024-01-27 19:24:00,2024-01-31 08:00:00,No-Show
224,812,2024-01-27 19:37:00,2024-02-06 07:30:00,Arrived
225,807,2024-01-27 19:52:00,2024-01-29 08:00:00,Arrived
226,1173,2024-01-28 08:45:00,2024-01-31 07:30:00,Arrived
227,1065,2024-01-28 09:57:00,2024-01-30 09:30:00,Arrived
228,168,2024-01-28 11:01:00,2024-02-01 08:00:00,Arrived
229,1183,2024-01-28 11:05:00,2024-02-03 08:30:00,No-Show
230,722,2024-01-28 12:46:00,2024-01-29 15:30:00,Arrived
231,1609,2024-01-28 13:13:00,2024-01-31 08:00:00,Arrived
232,1447,2024-01-28 17:42:00,2024-01-30 09:00:00,Arrived
233,1311,2024-01-28 18:14:00,2024-02-03 10:00:00,Cancelled
234,1101,2024-01-29 06:06:00,2024-01-29 08:00:00,Arrived
235,1138,2024-01-29 06:26:00,2024-01-29 09:00:00,Cancelled
236,1333,2024-01-29 08:16:00,2024-02-01 07:30:00,Arrived
237,1338,2024-01-29 10:18:00,2024-01-29 13:00:00,No-Show
238,1611,2024-01-29 11:08:00,2024-01-30 09:30:00,Arrived
239,1613,2024-01-29 13:06:00,2024-02-13 08:00:00,Arrived
240,744,2024-01-29 14:08:00,2024-02-03 12:00:00,Arrived
241,674,2024-01-29 16:30:00,2024-02-28 10:30:00,No-Show
242,582,2024-01-29 17:45:00,2024-02-08 10:30:00,Cancelled
243,733,2024-01-29 18:32:00,2024-02-05 08:00:00,Arrived
244,1169,2024-01-29 20:05:00,2024-02-07 09:00:00,Arrived
245,354,2024-01-30 07:14:00,2024-02-01 09:30:00,Arrived
246,1618,2024-01-30 07:17:00,2024-01-30 08:00:00,Arrived
247,489,2024-01-30 09:15:00,2024-02-16 12:30:00,Arrived
248,1622,2024-01-30 12:05:00,2024-01-31 08:30:00,Arrived
249,1214,2024-01-30 14:36:00,2024-02-13 10:30:00,Cancelled
250,1262,2024-01-30 18:16:00,2024-02-13 12:30:00,Arrived
251,1623,2024-01-31 07:22:00,2024-01-31 08:00:00,Arrived
252,1627,2024-01-31 09:54:00,2024-02-02 08:30:00,Arrived
253,1631,2024-01-31 10:14:00,2024-02-14 07:30:00,Arrived
254,235,2024-01-31 10:26:00,2024-02-06 08:00:00,Arrived
255,1629,2024-01-31 11:13:00,2024-02-06 09:00:00,Arrived
256,1624,2024-01-31 12:08:00,2024-02-01 15:00:00,Arrived
257,1108,2024-01-31 14:10:00,2024-02-02 09:30:00,Arrived
258,1626,2024-01-31 18:07:00,2024-02-02 11:30:00,Cancelled
259,1633,2024-02-01 06:30:00,2024-02-01 09:30:00,Arrived
260,1634,2024-02-01 06:34:00,2024-02-01 07:30:00,Arrived
261,634,2024-02-01 07:33:00,2024-02-07 10:00:00,Arrived
262,1515,2024-02-01 08:33:00,2024-02-03 08:00:00,No-Show
263,1217,2024-02-01 09:46:00,2024-02-15 09:00:00,Arrived
264,719,2024-02-01 18:46:00,2024-02-05 09:00:00,Arrived
265,1502,2024-02-02 06:07:00,2024-02-02 07:30:00,Arrived
266,1105,2024-02-02 12:12:00,2024-02-09 08:30:00,Cancelled
267,1638,2024-02-02 12:17:00,2024-02-02 15:00:00,Arrived
268,158,2024-02-02 17:42:00,2024-02-06 08:00:00,Arrived
269,76,2024-02-02 19:21:00,2024-02-09 14:00:00,Arrived
270,829,2024-02-03 08:21:00,2024-02-03 11:30:00,Arrived
271,1025,2024-02-03 09:01:00,2024-02-05 09:00:00,Cancelled
272,915,2024-02-03 09:43:00,2024-02-28 14:30:00,No-Show
273,479,2024-02-03 11:05:00,2024-02-05 07:30:00,Arrived
274,338,2024-02-03 12:07:00,2024-02-16 12:30:00,Arrived
275,1110,2024-02-03 15:36:00,2024-03-04 11:30:00,Arrived
276,589,2024-02-03 20:42:00,2024-02-05 08:30:00,Arrived
277,702,2024-02-04 08:15:00,2024-02-08 08:00:00,Arrived
278,1643,2024-02-04 08:45:00,2024-03-02 08:30:00,No-Show
279,1362,2024-02-04 09:58:00,2024-02-09 12:30:00,Arrived
280,1377,2024-02-04 11:07:00,2024-02-05 08:00:00,Arrived
281,837,2024-02-04 11:52:00,2024-02-07 09:00:00,Arrived
282,1121,2024-02-04 12:58:00,2024-02-27 11:30:00,Arrived
283,417,2024-02-04 13:05:00,2024-02-05 08:00:00,Arrived
284,953,2024-02-04 13:40:00,2024-02-05 09:30:00,Arrived
285,364,2024-02-04 17:08:00,2024-02-17 08:00:00,Arrived
286,1640,2024-02-04 18:55:00,2024-02-06 08:00:00,Arrived
287,1264,2024-02-05 06:50:00,2024-02-05 08:00:00,Arrived
288,627,2024-02-05 11:01:00,2024-03-02 09:00:00,Arrived
289,711,2024-02-05 11:48:00,2024-02-08 10:00:00,Arrived
290,900,2024-02-05 12:31:00,2024-02-07 11:00:00,Arrived
291,368,2024-02-05 13:17:00,2024-02-07 07:30:00,Arrived
292,34,2024-02-05 18:11:00,2024-02-12 07:30:00,Arrived
293,1263,2024-02-06 06:07:00,2024-02-06 07:30:00,Arrived
294,7,2024-02-06 08:28:00,2024-02-27 13:30:00,Arrived
295,1133,2024-02-06 08:49:00,2024-02-15 08:00:00,Arrived
296,1227,2024-02-06 09:38:00,2024-02-08 08:30:00,No-Show
297,652,2024-02-06 10:28:00,2024-02-06 11:30:00,Arrived
298,1646,2024-02-06 10:46:00,2024-02-06 11:30:00,Arrived
299,871,2024-02-06 12:40:00,2024-02-07 11:30:00,No-Show
300,1025,2024-02-06 19:17:00,2024-02-08 15:00:00,Arrived
301,1211,2024-02-07 06:55:00,2024-02-07 10:30:00,Arrived
302,1648,2024-02-07 07:01:00,2024-02-23 09:00:00,Arrived
303,138,2024-02-07 12:24:00,2024-02-19 08:00:00,Arrived
304,721,2024-02-07 13:02:00,2024-02-09 11:30:00,Cancelled
305,1253,2024-02-07 15:19:00,2024-02-24 10:30:00,Arrived
306,111,2024-02-07 16:06:00,2024-02-08 11:30:00,Arrived
307,454,2024-02-07 17:59:00,2024-02-08 09:30:00,Arrived
308,797,2024-02-07 18:45:00,2024-02-13 13:30:00,Arrived
309,591,2024-02-07 20:35:00,2024-02-12 11:00:00,Arrived
310,886,2024-02-08 08:48:00,2024-02-29 09:00:00,Arrived
311,1654,2024-02-08 09:15:00,2024-02-15 08:00:00,Arrived
312,1557,2024-02-08 10:32:00,2024-02-14 15:30:00,Arrived
313,345,2024-02-08 17:22:00,2024-02-09 09:00:00,Arrived
314,198,2024-02-08 18:21:00,2024-02-09 15:00:00,Arrived
315,422,2024-02-08 18:40:00,2024-02-23 08:00:00,Cancelled
316,1658,2024-02-09 07:53:00,2024-02-10 09:00:00,Arrived
317,738,2024-02-09 10:24:00,2024-02-09 14:00:00,Arrived
318,1662,2024-02-09 10:40:00,2024-02-13 08:30:00,Arrived
319,1515,2024-02-09 15:10:00,2024-02-10 10:30:00,Arrived
320,195,2024-02-09 16:02:00,2024-02-10 08:00:00,Arrived
321,1601,2024-02-09 17:19:00,2024-02-16 14:30:00,Arrived
322,1364,2024-02-09 18:19:00,2024-02-20 07:30:00,Arrived
323,693,2024-02-09 19:33:00,2024-02-14 08:30:00,Arrived
324,1100,2024-02-10 06:18:00,2024-02-10 10:00:00,Arrived
325,1226,2024-02-10 14:48:00,2024-02-17 08:00:00,Arrived
326,1663,2024-02-10 16:04:00,2024-02-13 09:30:00,Arrived
327,1666,2024-02-11 07:23:00,2024-02-13 10:30:00,Arrived
328,564,2024-02-11 08:14:00,2024-02-14 13:00:00,Arrived
329,1665,2024-02-11 08:32:00,2024-02-13 07:30:00,Arrived
330,1470,2024-02-11 08:54:00,2024-02-14 10:00:00,Arrived
331,529,2024-02-11 11:17:00,2024-02-17 08:00:00,Arrived
332,1664,2024-02-11 11:26:00,2024-02-13 07:30:00,Arrived
333,1138,2024-02-11 13:00:00,2024-02-12 07:30:00,Arrived
334,342,2024-02-11 15:02:00,2024-03-07 08:00:00,Arrived
335,234,2024-02-11 20:22:00,2024-02-20 14:00:00,Arrived
336,675,2024-02-12 07:02:00,2024-02-12 07:30:00,Arrived
337,605,2024-02-12 08:48:00,2024-02-12 11:30:00,Arrived
338,274,2024-02-12 09:46:00,2024-02-17 08:00:00,Arrived
339,968,2024-02-12 12:56:00,2024-02-21 10:00:00,No-Show
340,209,2024-02-12 19:58:00,2024-02-14 08:00:00,Arrived
341,64,2024-02-13 16:25:00,2024-02-15 09:00:00,Arrived
342,1670,2024-02-13 20:54:00,2024-02-23 11:00:00,Arrived
343,1311,2024-02-14 06:35:00,2024-02-14 15:00:00,Arrived
344,1114,2024-02-14 08:26:00,2024-02-16 10:00:00,Arrived
345,1671,2024-02-14 08:37:00,2024-02-14 11:00:00,Arrived
346,228,2024-02-14 08:44:00,2024-02-14 10:00:00,Arrived
347,486,2024-02-14 13:29:00,2024-02-26 09:00:00,Arrived
348,1675,2024-02-14 14:22:00,2024-02-16 07:30:00,Arrived
349,1392,2024-02-14 15:18:00,2024-02-16 07:30:00,Arrived
350,905,2024-02-14 17:06:00,2024-02-19 09:30:00,No-Show
351,1235,2024-02-14 18:09:00,2024-02-15 08:00:00,Arrived
352,538,2024-02-14 20:50:00,2024-02-21 08:00:00,Arrived
353,366,2024-02-15 07:28:00,2024-02-19 07:30:00,Arrived
354,669,2024-02-15 08:48:00,2024-02-15 10:00:00,Arrived
355,573,2024-02-15 10:05:00,2024-02-19 09:00:00,Arrived
356,982,2024-02-15 12:30:00,2024-02-26 09:30:00,No-Show
357,1368,2024-02-15 18:56:00,2024-02-21 08:30:00,Arrived
358,83,2024-02-15 20:15:00,2024-02-17 08:00:00,Arrived
359,1464,2024-02-16 06:46:00,2024-02-16 07:30:00,Arrived
360,868,2024-02-16 08:33:00,2024-03-11 08:30:00,Arrived
361,964,2024-02-16 08:58:00,2024-03-12 11:30:00,Arrived
362,296,2024-02-16 09:06:00,2024-03-13 08:30:00,No-Show
363,705,2024-02-16 09:26:00,2024-02-16 10:30:00,Arrived
364,1599,2024-02-16 10:15:00,2024-02-19 08:30:00,Arrived
365,1276,2024-02-16 18:02:00,2024-02-19 10:30:00,Cancelled
366,938,2024-02-16 19:51:00,2024-02-17 11:30:00,No-Show
367,534,2024-02-16 19:59:00,2024-02-19 09:30:00,Arrived
368,1340,2024-02-17 07:00:00,2024-02-19 07:30:00,Arrived
369,1681,2024-02-17 07:15:00,2024-02-17 09:00:00,Arrived
370,731,2024-02-17 07:31:00,2024-02-17 08:00:00,Arrived
371,606,2024-02-17 08:31:00,2024-02-24 08:00:00,Arrived
372,420,2024-02-17 08:46:00,2024-02-21 10:00:00,Arrived
373,458,2024-02-17 12:13:00,2024-02-21 08:00:00,Arrived
374,1682,2024-02-17 13:30:00,2024-02-20 10:00:00,Arrived
375,217,2024-02-17 15:21:00,2024-02-22 14:00:00,Arrived
376,547,2024-02-17 17:14:00,2024-02-22 12:00:00,Arrived
377,1300,2024-02-17 18:11:00,2024-02-19 13:30:00,Arrived
378,497,2024-02-18 07:03:00,2024-02-26 09:00:00,Arrived
379,120,2024-02-18 10:08:00,2024-02-19 09:00:00,Arrived
380,515,2024-02-18 10:17:00,2024-02-28 15:00:00,Cancelled
381,685,2024-02-18 10:29:00,2024-02-19 10:00:00,Arrived
382,1189,2024-02-18 10:43:00,2024-02-20 15:00:00,Arrived
383,1262,2024-02-18 11:21:00,2024-02-21 13:00:00,Arrived
384,1175,2024-02-18 11:23:00,2024-02-21 08:00:00,Arrived
385,1683,2024-02-18 11:28:00,2024-02-20 11:30:00,Arrived
386,307,2024-02-18 17:35:00,2024-02-23 09:30:00,Arrived
387,618,2024-02-18 19:37:00,2024-02-24 11:00:00,Arrived
388,456,2024-02-19 10:26:00,2024-02-29 09:30:00,Cancelled
389,388,2024-02-19 11:14:00,2024-02-28 12:00:00,Arrived
390,1093,2024-02-19 13:03:00,2024-02-21 10:30:00,Arrived
391,1182,2024-02-19 15:38:00,2024-03-05 10:30:00,No-Show
392,1280,2024-02-19 15:52:00,2024-02-23 12:30:00,Arrived
393,41,2024-02-19 17:38:00,2024-02-21 14:30:00,Arrived
394,1100,2024-02-19 19:18:00,2024-02-24 09:00:00,Arrived
395,1685,2024-02-19 19:22:00,2024-02-20 09:00:00,No-Show
396,1510,2024-02-19 19:39:00,2024-02-26 09:00:00,Arrived
397,61,2024-02-20 07:05:00,2024-02-20 08:00:00,Arrived
398,994,2024-02-20 07:09:00,2024-02-22 12:30:00,Arrived
399,93,2024-02-20 09:47:00,2024-02-20 13:30:00,Cancelled
400,1010,2024-02-20 12:57:00,2024-02-29 15:00:00,Arrived
401,1690,2024-02-20 15:26:00,2024-02-22 07:30:00,Arrived
402,1348,2024-02-20 16:08:00,2024-03-13 11:00:00,Arrived
403,220,2024-02-20 19:02:00,2024-03-01 08:30:00,No-Show
404,652,2024-02-20 20:12:00,2024-02-22 09:00:00,Arrived
405,1378,2024-02-20 20:25:00,2024-02-22 12:30:00,Arrived
406,598,2024-02-21 07:53:00,2024-02-21 14:30:00,Arrived
407,632,2024-02-21 08:48:00,2024-02-22 11:30:00,Arrived
408,1693,2024-02-21 10:22:00,2024-02-21 11:30:00,Arrived
409,70,2024-02-21 14:23:00,2024-02-23 09:30:00,Arrived
410,1387,2024-02-21 14:26:00,2024-02-22 13:30:00,Arrived
411,1702,2024-02-21 16:58:00,2024-02-23 08:30:00,Arrived
412,1694,2024-02-21 19:56:00,2024-02-23 07:30:00,Arrived
413,1301,2024-02-21 20:18:00,2024-02-27 08:30:00,Arrived
414,71,2024-02-22 06:40:00,2024-02-22 08:00:00,Arrived
415,329,2024-02-22 07:13:00,2024-02-22 08:00:00,No-Show
416,1703,2024-02-22 08:44:00,2024-02-22 10:30:00,Cancelled
417,1539,2024-02-22 12:45:00,2024-02-23 08:30:00,Arrived
418,1233,2024-02-22 18:37:00,2024-02-29 15:00:00,Arrived
419,1706,2024-02-22 20:32:00,2024-02-29 10:00:00,Arrived
420,932,2024-02-23 06:42:00,2024-02-23 08:30:00,Arrived
421,1003,2024-02-23 07:31:00,2024-02-23 14:30:00,Arrived
422,506,2024-02-23 08:13:00,2024-03-02 09:00:00,Arrived
423,190,2024-02-23 10:02:00,2024-02-26 08:30:00,Arrived
424,1009,2024-02-23 12:48:00,2024-02-23 13:30:00,Arrived
425,581,2024-02-23 13:00:00,2024-02-24 09:00:00,Arrived
426,397,2024-02-23 15:52:00,2024-02-26 08:00:00,Arrived
427,1715,2024-02-23 16:34:00,2024-03-01 08:00:00,Arrived
428,1534,2024-02-23 17:08:00,2024-02-26 07:30:00,Arrived
429,713,2024-02-23 18:07:00,2024-03-01 13:30:00,Arrived
430,387,2024-02-23 18:48:00,2024-02-26 15:30:00,No-Show
431,416,2024-02-24 07:08:00,2024-02-24 09:00:00,Arrived
432,1584,2024-02-24 09:46:00,2024-02-24 11:00:00,Arrived
433,1350,2024-02-24 13:03:00,2024-03-11 09:00:00,Arrived
434,1420,2024-02-24 17:45:00,2024-02-27 14:00:00,Arrived
435,359,2024-02-24 17:56:00,2024-03-05 15:00:00,No-Show
436,1004,2024-02-25 07:08:00,2024-02-27 13:00:00,Arrived
437,1721,2024-02-25 07:20:00,2024-03-14 08:30:00,Arrived
438,726,2024-02-25 08:23:00,2024-02-27 10:30:00,Arrived
439,1719,2024-02-25 14:02:00,2024-02-27 11:00:00,Arrived
440,115,2024-02-25 15:35:00,2024-03-01 07:30:00,Arrived
441,1718,2024-02-25 15:41:00,2024-02-26 07:30:00,Arrived
442,1192,2024-02-25 17:37:00,2024-02-28 14:30:00,Arrived
443,1318,2024-02-25 20:39:00,2024-02-29 10:30:00,Arrived
444,1632,2024-02-26 07:04:00,2024-02-26 08:00:00,Arrived
445,184,2024-02-26 07:17:00,2024-02-26 11:30:00,Arrived
446,1722,2024-02-26 07:45:00,2024-02-26 09:00:00,Arrived
447,1730,2024-02-26 09:35:00,2024-03-12 14:30:00,Cancelled
448,1723,2024-02-26 11:44:00,2024-02-28 15:30:00,Arrived
449,988,2024-02-26 11:55:00,2024-03-01 12:00:00,Arrived
450,1248,2024-02-26 13:06:00,2024-02-26 13:30:00,No-Show
451,612,2024-02-26 15:13:00,2024-03-02 10:00:00,Arrived
452,1661,2024-02-26 16:02:00,2024-02-28 08:00:00,Arrived
453,1728,2024-02-26 17:28:00,2024-02-29 10:30:00,Arrived
454,1108,2024-02-26 18:45:00,2024-02-28 12:00:00,Arrived
455,1366,2024-02-26 19:34:00,2024-03-01 09:30:00,Cancelled
456,140,2024-02-27 06:48:00,2024-02-27 08:30:00,Arrived
457,635,2024-02-27 12:38:00,2024-02-29 11:30:00,Arrived
458,319,2024-02-27 13:24:00,2024-03-04 09:00:00,Arrived
459,1444,2024-02-27 16:23:00,2024-03-04 09:30:00,Arrived
460,289,2024-02-27 19:40:00,2024-02-28 13:30:00,Arrived
461,1522,2024-02-28 09:14:00,2024-02-29 07:30:00,Arrived
462,1731,2024-02-28 20:36:00,2024-03-28 07:30:00,Arrived
463,1496,2024-02-29 06:08:00,2024-02-29 08:00:00,Arrived
464,499,2024-02-29 11:08:00,2024-03-01 09:30:00,Arrived
465,1735,2024-02-29 15:33:00,2024-03-01 13:30:00,Arrived
466,166,2024-02-29 19:38:00,2024-03-01 11:30:00,Arrived
467,1314,2024-03-01 08:11:00,2024-03-16 08:00:00,No-Show
468,328,2024-03-01 15:11:00,2024-03-07 08:00:00,Cancelled
469,222,2024-03-01 15:39:00,2024-03-20 08:30:00,Arrived
470,143,2024-03-01 20:05:00,2024-03-08 09:00:00,Arrived
471,1743,2024-03-01 20:36:00,2024-03-05 09:30:00,No-Show
472,855,2024-03-02 08:59:00,2024-03-02 09:30:00,Arrived
473,699,2024-03-02 10:03:00,2024-03-08 08:00:00,Arrived
474,710,2024-03-02 10:19:00,2024-03-13 09:30:00,Arrived
475,1372,2024-03-02 10:46:00,2024-03-04 08:00:00,Arrived
476,1390,2024-03-02 10:59:00,2024-03-18 08:00:00,Arrived
477,1308,2024-03-02 11:19:00,2024-03-08 08:30:00,Arrived
478,149,2024-03-02 12:13:00,2024-03-09 08:00:00,Arrived
479,1745,2024-03-02 16:09:00,2024-03-06 12:30:00,Cancelled
480,1747,2024-03-02 17:43:00,2024-03-07 10:30:00,Arrived
481,1630,2024-03-02 18:28:00,2024-03-05 07:30:00,Arrived
482,1746,2024-03-02 20:29:00,2024-03-06 08:30:00,Arrived
483,1090,2024-03-03 09:08:00,2024-03-05 13:00:00,Arrived
484,1672,2024-03-03 09:48:00,2024-03-05 10:30:00,Arrived
485,1748,2024-03-03 10:21:00,2024-03-05 08:30:00,No-Show
486,455,2024-03-03 11:29:00,2024-03-08 12:00:00,Arrived
487,468,2024-03-03 12:02:00,2024-03-12 10:00:00,Arrived
488,387,2024-03-03 13:12:00,2024-03-16 09:00:00,Arrived
489,8,2024-03-03 13:35:00,2024-03-07 08:30:00,Arrived
490,1752,2024-03-04 07:09:00,2024-03-15 13:00:00,Arrived
491,761,2024-03-04 07:34:00,2024-03-04 08:00:00,Arrived
492,1461,2024-03-04 08:34:00,2024-03-06 08:30:00,Arrived
493,1749,2024-03-04 09:08:00,2024-03-05 13:00:00,Arrived
494,1750,2024-03-04 11:33:00,2024-03-06 14:00:00,Arrived
495,1751,2024-03-04 13:08:00,2024-03-07 12:00:00,Arrived
496,1753,2024-03-04 14:33:00,2024-03-26 15:30:00,Cancelled
497,1049,2024-03-04 17:34:00,2024-03-09 08:00:00,Arrived
498,395,2024-03-04 18:17:00,2024-03-15 10:00:00,Arrived
499,1518,2024-03-04 20:08:00,2024-03-08 09:00:00,Arrived
500,444,2024-03-04 20:58:00,2024-03-06 10:30:00,Arrived
501,1754,2024-03-05 06:55:00,2024-03-05 08:30:00,Arrived
502,456,2024-03-05 08:47:00,2024-03-12 11:30:00,Arrived
503,1755,2024-03-05 09:59:00,2024-03-06 10:00:00,Arrived
504,1346,2024-03-05 12:43:00,2024-03-08 09:30:00,Arrived
505,772,2024-03-05 13:46:00,2024-03-07 07:30:00,Cancelled
506,1455,2024-03-05 16:39:00,2024-03-06 13:30:00,Arrived
507,1756,2024-03-05 18:50:00,2024-04-02 12:30:00,Arrived
508,1743,2024-03-05 18:53:00,2024-03-08 11:00:00,Arrived
509,796,2024-03-05 19:01:00,2024-03-08 09:00:00,Arrived
510,24,2024-03-05 20:35:00,2024-03-07 08:00:00,Arrived
511,1034,2024-03-06 07:01:00,2024-03-08 09:30:00,Arrived
512,1759,2024-03-06 07:56:00,2024-03-07 11:30:00,Arrived
513,1762,2024-03-06 09:26:00,2024-03-14 11:30:00,No-Show
514,267,2024-03-06 09:42:00,2024-03-27 07:30:00,No-Show
515,1761,2024-03-06 10:21:00,2024-03-07 10:00:00,Arrived
516,542,2024-03-07 08:04:00,2024-03-11 09:00:00,Arrived
517,772,2024-03-07 09:09:00,2024-03-11 07:30:00,Arrived
518,220,2024-03-07 10:24:00,2024-03-11 09:00:00,Arrived
519,1770,2024-03-07 11:19:00,2024-04-03 08:30:00,Arrived
520,418,2024-03-07 11:20:00,2024-03-11 07:30:00,Arrived
521,1206,2024-03-07 12:51:00,2024-03-07 14:00:00,Arrived
522,350,2024-03-07 15:28:00,2024-03-14 10:30:00,Arrived
523,305,2024-03-07 17:53:00,2024-04-02 08:00:00,Arrived
524,905,2024-03-07 18:04:00,2024-03-09 10:00:00,Arrived
525,728,2024-03-07 19:26:00,2024-03-15 08:00:00,No-Show
526,674,2024-03-07 20:21:00,2024-03-13 10:00:00,Arrived
527,1767,2024-03-07 20:56:00,2024-03-08 09:00:00,Arrived
528,1393,2024-03-08 06:11:00,2024-03-08 08:00:00,Arrived
529,1360,2024-03-08 07:08:00,2024-03-08 12:30:00,Arrived
530,789,2024-03-08 14:07:00,2024-03-11 15:30:00,Arrived
531,569,2024-03-08 14:56:00,2024-03-14 09:30:00,Cancelled
532,1010,2024-03-08 15:16:00,2024-03-09 11:00:00,Arrived
533,233,2024-03-08 16:32:00,2024-03-09 09:30:00,Arrived
534,580,2024-03-09 06:35:00,2024-03-09 08:30:00,Arrived
535,929,2024-03-09 07:46:00,2024-03-14 13:00:00,Arrived
536,850,2024-03-09 07:49:00,2024-03-15 08:00:00,Arrived
537,409,2024-03-09 11:18:00,2024-04-04 11:30:00,Arrived
538,377,2024-03-09 13:12:00,2024-03-11 08:00:00,Arrived
539,959,2024-03-09 14:12:00,2024-03-11 10:30:00,Cancelled
540,1584,2024-03-09 16:10:00,2024-03-14 09:00:00,Arrived
541,1772,2024-03-09 20:14:00,2024-04-03 15:30:00,No-Show
542,1648,2024-03-10 07:42:00,2024-03-27 10:00:00,Arrived
543,1011,2024-03-10 11:46:00,2024-03-22 07:30:00,Arrived
544,1595,2024-03-10 13:43:00,2024-03-12 15:30:00,Arrived
545,1025,2024-03-10 14:03:00,2024-03-18 10:00:00,Arrived
546,957,2024-03-10 18:06:00,2024-03-13 07:30:00,Arrived
547,618,2024-03-11 06:19:00,2024-03-11 15:30:00,Arrived
548,982,2024-03-11 08:05:00,2024-03-12 08:00:00,Arrived
549,13,2024-03-11 08:14:00,2024-03-12 11:30:00,Arrived
550,1777,2024-03-11 08:28:00,2024-03-21 12:30:00,Arrived
551,31,2024-03-11 08:58:00,2024-03-14 15:30:00,Arrived
552,402,2024-03-11 11:38:00,2024-03-25 10:30:00,Arrived
553,1778,2024-03-11 12:27:00,2024-03-21 08:00:00,Cancelled
554,1507,2024-03-11 13:51:00,2024-03-15 14:00:00,Arrived
555,1195,2024-03-11 14:02:00,2024-03-12 15:30:00,Arrived
556,1466,2024-03-11 14:15:00,2024-03-15 11:00:00,Arrived
557,1655,2024-03-11 16:38:00,2024-03-12 13:30:00,Arrived
558,1776,2024-03-11 18:16:00,2024-03-12 09:30:00,Arrived
559,1559,2024-03-12 08:40:00,2024-03-18 09:30:00,Arrived
560,618,2024-03-12 09:23:00,2024-03-18 07:30:00,Arrived
561,1785,2024-03-12 09:35:00,2024-03-26 08:00:00,Cancelled
562,1096,2024-03-12 10:27:00,2024-03-18 08:00:00,Arrived
563,1782,2024-03-12 11:30:00,2024-03-15 09:30:00,Arrived
564,262,2024-03-12 11:40:00,2024-03-18 08:30:00,Arrived
565,1783,2024-03-12 11:53:00,2024-03-20 11:30:00,Arrived
566,431,2024-03-12 15:06:00,2024-03-16 08:00:00,Arrived
567,1708,2024-03-12 16:41:00,2024-03-18 13:00:00,Arrived
568,247,2024-03-13 07:17:00,2024-03-16 08:00:00,Arrived
569,229,2024-03-13 07:18:00,2024-03-22 09:00:00,Arrived
570,1806,2024-03-13 07:55:00,2024-04-05 09:00:00,Arrived
571,1791,2024-03-13 08:11:00,2024-03-14 10:00:00,Arrived
572,1805,2024-03-13 10:04:00,2024-03-26 15:00:00,Arrived
573,1798,2024-03-13 10:30:00,2024-03-18 13:00:00,Arrived
574,144,2024-03-13 12:18:00,2024-03-14 10:30:00,Arrived
575,1792,2024-03-13 12:29:00,2024-03-15 08:30:00,Arrived
576,440,2024-03-13 15:47:00,2024-03-20 09:00:00,Arrived
577,1803,2024-03-13 19:01:00,2024-03-19 10:30:00,Arrived
578,1630,2024-03-14 08:52:00,2024-03-14 10:30:00,Arrived
579,1809,2024-03-14 10:36:00,2024-03-19 08:00:00,Arrived
580,894,2024-03-14 11:22:00,2024-03-16 09:30:00,Arrived
581,308,2024-03-14 11:23:00,2024-03-18 09:00:00,Arrived
582,1816,2024-03-14 14:03:00,2024-03-20 11:00:00,Arrived
583,1046,2024-03-14 15:28:00,2024-03-18 12:30:00,Arrived
584,756,2024-03-14 18:56:00,2024-03-15 08:00:00,Arrived
585,306,2024-03-15 09:42:00,2024-03-15 15:00:00,Arrived
586,1152,2024-03-15 10:13:00,2024-03-16 10:30:00,Arrived
587,1822,2024-03-15 11:17:00,2024-03-21 07:30:00,Arrived
588,1823,2024-03-15 17:07:00,2024-03-21 12:30:00,Cancelled
589,1237,2024-03-15 19:34:00,2024-04-08 08:00:00,No-Show
590,198,2024-03-16 08:32:00,2024-03-25 10:00:00,Arrived
591,450,2024-03-16 13:51:00,2024-03-25 14:30:00,Arrived
592,1030,2024-03-16 14:09:00,2024-03-19 14:00:00,Arrived
593,405,2024-03-16 14:35:00,2024-03-18 10:00:00,Arrived
594,1526,2024-03-16 15:03:00,2024-03-18 11:30:00,Arrived
595,1597,2024-03-16 16:18:00,2024-03-18 11:30:00,Arrived
596,1824,2024-03-16 17:42:00,2024-04-05 09:30:00,Arrived
597,1212,2024-03-16 18:47:00,2024-03-18 13:30:00,Arrived
598,702,2024-03-16 19:30:00,2024-03-18 09:00:00,Arrived
599,506,2024-03-17 07:01:00,2024-03-23 11:00:00,Arrived
600,1132,2024-03-17 07:58:00,2024-03-27 12:00:00,Arrived
601,683,2024-03-17 09:11:00,2024-03-18 14:00:00,Arrived
602,1725,2024-03-17 09:33:00,2024-03-18 09:00:00,Arrived
603,411,2024-03-17 16:44:00,2024-03-19 14:30:00,Arrived
604,1825,2024-03-17 20:37:00,2024-03-21 08:00:00,No-Show
605,1080,2024-03-18 06:33:00,2024-03-18 09:30:00,Arrived
606,188,2024-03-18 07:28:00,2024-03-22 09:30:00,Arrived
607,1830,2024-03-18 07:37:00,2024-03-22 08:00:00,Arrived
608,1836,2024-03-18 07:54:00,2024-03-26 08:00:00,Arrived
609,1068,2024-03-18 07:58:00,2024-03-28 08:00:00,Arrived
610,1826,2024-03-18 10:05:00,2024-03-18 10:30:00,Arrived
611,1835,2024-03-18 11:24:00,2024-03-22 10:30:00,No-Show
612,802,2024-03-18 12:28:00,2024-03-23 08:00:00,Arrived
613,671,2024-03-18 16:30:00,2024-03-29 07:30:00,Arrived
614,664,2024-03-18 17:07:00,2024-03-20 15:00:00,Arrived
615,107,2024-03-18 18:27:00,2024-03-28 09:30:00,Arrived
616,1838,2024-03-19 08:42:00,2024-03-20 10:00:00,Arrived
617,1840,2024-03-19 15:41:00,2024-03-21 13:00:00,Arrived
618,207,2024-03-19 17:43:00,2024-04-04 14:00:00,Arrived
619,1629,2024-03-19 18:07:00,2024-03-25 12:00:00,Cancelled
620,1185,2024-03-20 07:11:00,2024-03-20 09:00:00,No-Show
621,1077,2024-03-20 08:20:00,2024-03-20 09:00:00,Arrived
622,1766,2024-03-20 10:01:00,2024-03-25 08:00:00,Arrived
623,143,2024-03-20 10:08:00,2024-03-23 08:00:00,Arrived
624,213,2024-03-20 11:53:00,2024-03-22 09:30:00,Arrived
625,1185,2024-03-20 13:56:00,2024-03-25 10:30:00,Arrived
626,1842,2024-03-20 16:46:00,2024-03-21 08:00:00,Arrived
627,1844,2024-03-20 17:13:00,2024-03-26 09:00:00,Arrived
628,972,2024-03-20 19:06:00,2024-03-25 12:30:00,Arrived
629,521,2024-03-20 20:00:00,2024-03-25 10:00:00,Arrived
630,1430,2024-03-21 07:01:00,2024-03-21 07:30:00,Arrived
631,745,2024-03-21 07:19:00,2024-03-26 10:30:00,Arrived
632,727,2024-03-21 07:27:00,2024-04-12 13:00:00,Arrived
633,1851,2024-03-21 07:35:00,2024-03-21 15:30:00,Cancelled
634,1853,2024-03-21 07:42:00,2024-03-21 15:00:00,Arrived
635,1852,2024-03-21 08:24:00,2024-03-21 09:00:00,Arrived
636,1146,2024-03-21 15:39:00,2024-03-27 12:30:00,Arrived
637,569,2024-03-21 16:23:00,2024-03-28 09:30:00,No-Show
638,799,2024-03-21 17:50:00,2024-03-27 09:30:00,Arrived
639,1285,2024-03-22 06:36:00,2024-03-22 08:00:00,Arrived
640,594,2024-03-22 08:05:00,2024-03-22 12:00:00,Arrived
641,445,2024-03-22 08:22:00,2024-03-25 15:30:00,Arrived
642,1856,2024-03-22 09:36:00,2024-03-26 09:30:00,Arrived
643,944,2024-03-22 09:43:00,2024-03-22 14:00:00,Arrived
644,1857,2024-03-22 16:54:00,2024-04-15 08:00:00,Arrived
645,1300,2024-03-22 17:55:00,2024-04-01 15:00:00,Arrived
646,333,2024-03-23 10:38:00,2024-03-25 11:30:00,Arrived
647,128,2024-03-23 11:07:00,2024-03-25 13:00:00,Arrived
648,1757,2024-03-23 13:11:00,2024-04-08 07:30:00,Arrived
649,1858,2024-03-23 13:58:00,2024-04-03 10:30:00,Arrived
650,1572,2024-03-24 10:25:00,2024-03-30 10:00:00,Arrived
651,518,2024-03-24 10:54:00,2024-03-27 07:30:00,Arrived
652,690,2024-03-24 16:19:00,2024-03-27 12:30:00,Arrived
653,427,2024-03-24 17:53:00,2024-03-25 10:30:00,Arrived
654,1151,2024-03-24 19:57:00,2024-04-01 10:30:00,Arrived
655,1275,2024-03-25 06:08:00,2024-03-25 09:30:00,Arrived
656,1860,2024-03-25 07:03:00,2024-03-26 10:00:00,Arrived
657,1861,2024-03-25 12:06:00,2024-04-19 10:30:00,No-Show
658,1062,2024-03-25 18:33:00,2024-03-30 10:30:00,Arrived
659,665,2024-03-25 19:09:00,2024-04-02 08:30:00,No-Show
660,290,2024-03-26 07:52:00,2024-03-26 12:30:00,Arrived
661,257,2024-03-26 07:55:00,2024-03-26 10:30:00,Arrived
662,1869,2024-03-26 11:54:00,2024-03-27 14:30:00,Arrived
663,1870,2024-03-27 06:00:00,2024-03-27 11:00:00,Arrived
664,58,2024-03-27 07:23:00,2024-03-27 12:30:00,Arrived
665,1874,2024-03-27 11:18:00,2024-04-03 08:00:00,Arrived
666,1873,2024-03-27 12:50:00,2024-03-29 15:00:00,Arrived
667,1872,2024-03-27 13:07:00,2024-03-28 09:30:00,Arrived
668,238,2024-03-27 13:27:00,2024-03-29 13:00:00,Arrived
669,426,2024-03-27 16:09:00,2024-04-06 09:30:00,Cancelled
670,547,2024-03-27 16:40:00,2024-04-25 12:00:00,Arrived
671,1871,2024-03-27 17:33:00,2024-03-28 10:30:00,Arrived
672,1378,2024-03-27 19:34:00,2024-04-04 08:00:00,No-Show
673,1670,2024-03-28 09:00:00,2024-03-29 09:30:00,Arrived
674,947,2024-03-28 10:55:00,2024-03-28 11:30:00,Arrived
675,438,2024-03-28 12:34:00,2024-03-28 14:30:00,No-Show
676,435,2024-03-28 15:08:00,2024-03-29 07:30:00,Arrived
677,466,2024-03-28 16:43:00,2024-04-08 08:00:00,Arrived
678,1544,2024-03-28 17:56:00,2024-04-01 10:00:00,Arrived
679,106,2024-03-29 06:05:00,2024-03-29 09:30:00,Arrived
680,418,2024-03-29 07:14:00,2024-03-29 08:30:00,Arrived
681,280,2024-03-29 07:27:00,2024-04-02 10:00:00,Arrived
682,1715,2024-03-29 11:17:00,2024-04-01 09:00:00,Arrived
683,191,2024-03-29 13:33:00,2024-04-03 09:30:00,Arrived
684,1181,2024-03-29 15:54:00,2024-04-18 08:00:00,Arrived
685,431,2024-03-29 18:06:00,2024-03-30 10:30:00,Arrived
686,1782,2024-03-29 18:31:00,2024-03-30 09:30:00,Arrived
687,1176,2024-03-29 18:53:00,2024-04-01 08:30:00,Arrived
688,934,2024-03-29 20:19:00,2024-04-22 15:30:00,Arrived
689,1809,2024-03-29 20:54:00,2024-04-01 13:30:00,Arrived
690,858,2024-03-30 06:52:00,2024-03-30 09:30:00,Arrived
691,1883,2024-03-30 08:53:00,2024-04-09 08:30:00,No-Show
692,1885,2024-03-30 09:34:00,2024-04-09 10:30:00,Arrived
693,530,2024-03-30 12:03:00,2024-04-06 09:30:00,Arrived
694,1538,2024-03-30 15:37:00,2024-04-11 13:30:00,Arrived
695,1887,2024-03-30 15:57:00,2024-04-18 11:00:00,Arrived
696,1882,2024-03-30 19:03:00,2024-04-05 08:00:00,Arrived
697,1879,2024-03-30 20:28:00,2024-04-04 07:30:00,Arrived
698,1891,2024-03-31 07:15:00,2024-04-04 14:30:00,Cancelled
699,1383,2024-03-31 08:37:00,2024-04-05 07:30:00,No-Show
700,551,2024-03-31 08:55:00,2024-04-02 12:30:00,Arrived
701,1367,2024-03-31 10:10:00,2024-04-01 11:00:00,Arrived
702,204,2024-03-31 10:22:00,2024-04-12 08:00:00,Arrived
703,147,2024-03-31 10:53:00,2024-04-05 08:30:00,Arrived
704,1889,2024-03-31 12:50:00,2024-04-03 08:00:00,Arrived
705,1314,2024-03-31 13:11:00,2024-04-01 08:00:00,Arrived
706,1899,2024-03-31 14:02:00,2024-04-11 10:30:00,Cancelled
707,1239,2024-03-31 15:03:00,2024-04-01 07:30:00,Arrived
708,390,2024-03-31 15:51:00,2024-04-01 08:30:00,Arrived
709,1888,2024-03-31 19:42:00,2024-04-02 08:00:00,Arrived
710,451,2024-04-01 08:00:00,2024-04-01 12:30:00,Cancelled
711,82,2024-04-01 08:09:00,2024-04-01 11:00:00,Arrived
712,700,2024-04-01 09:06:00,2024-04-01 11:00:00,Arrived
713,300,2024-04-01 11:51:00,2024-04-24 08:00:00,Arrived
714,260,2024-04-01 12:00:00,2024-04-02 08:30:00,Arrived
715,1753,2024-04-01 12:02:00,2024-04-02 08:30:00,Arrived
716,808,2024-04-01 17:29:00,2024-04-05 09:30:00,Arrived
717,1406,2024-04-02 06:11:00,2024-04-02 11:30:00,Arrived
718,1195,2024-04-02 07:43:00,2024-04-27 11:30:00,Arrived
719,951,2024-04-02 07:44:00,2024-04-22 09:00:00,No-Show
720,1915,2024-04-02 07:46:00,2024-04-15 09:00:00,Arrived
721,373,2024-04-02 10:38:00,2024-04-15 08:00:00,Arrived
722,1907,2024-04-02 11:30:00,2024-04-04 11:30:00,Arrived
723,1845,2024-04-02 12:34:00,2024-04-03 09:00:00,Arrived
724,240,2024-04-02 13:24:00,2024-04-08 08:00:00,Arrived
725,1904,2024-04-02 14:47:00,2024-04-03 12:00:00,Arrived
726,1912,2024-04-02 15:18:00,2024-04-09 14:30:00,Arrived
727,784,2024-04-02 15:37:00,2024-04-12 08:00:00,No-Show
728,1906,2024-04-02 18:35:00,2024-04-04 15:00:00,Arrived
729,1192,2024-04-02 19:18:00,2024-04-05 08:00:00,Arrived
730,495,2024-04-02 20:18:00,2024-04-06 10:00:00,Cancelled
731,764,2024-04-03 06:03:00,2024-04-03 08:00:00,Arrived
732,851,2024-04-03 07:31:00,2024-04-04 09:30:00,Arrived
733,1926,2024-04-03 11:19:00,2024-04-23 10:00:00,Cancelled
734,981,2024-04-03 12:19:00,2024-04-15 08:00:00,Arrived
735,1532,2024-04-03 12:50:00,2024-04-04 11:00:00,Arrived
736,1343,2024-04-03 15:40:00,2024-04-04 08:00:00,Arrived
737,928,2024-04-03 16:46:00,2024-04-06 09:00:00,Arrived
738,1927,2024-04-03 17:51:00,2024-05-03 08:00:00,No-Show
739,1221,2024-04-03 19:54:00,2024-04-26 10:30:00,No-Show
740,326,2024-04-03 20:12:00,2024-04-08 15:00:00,Arrived
741,1933,2024-04-04 07:08:00,2024-04-09 13:30:00,Arrived
742,1929,2024-04-04 07:15:00,2024-04-04 09:00:00,Arrived
743,715,2024-04-04 07:43:00,2024-04-04 13:30:00,Arrived
744,1934,2024-04-04 10:32:00,2024-04-11 12:30:00,Arrived
745,1256,2024-04-04 10:56:00,2024-04-08 10:30:00,Arrived
746,1940,2024-04-04 11:26:00,2024-04-18 10:30:00,Arrived
747,449,2024-04-04 12:06:00,2024-04-11 09:00:00,Arrived
748,1938,2024-04-04 12:44:00,2024-04-18 08:00:00,Arrived
749,196,2024-04-04 14:33:00,2024-04-06 08:30:00,Arrived
750,676,2024-04-04 15:07:00,2024-04-05 11:00:00,Arrived
751,419,2024-04-04 17:15:00,2024-04-05 14:30:00,Arrived
752,159,2024-04-04 18:04:00,2024-04-09 08:00:00,Arrived
753,877,2024-04-04 18:41:00,2024-04-08 08:00:00,Arrived
754,1360,2024-04-04 19:04:00,2024-04-06 09:30:00,Arrived
755,1932,2024-04-04 19:19:00,2024-04-05 10:30:00,Arrived
756,1033,2024-04-04 19:45:00,2024-04-08 11:30:00,Arrived
757,1942,2024-04-05 08:10:00,2024-04-05 08:30:00,Arrived
758,1946,2024-04-05 08:43:00,2024-04-05 09:30:00,Cancelled
759,1808,2024-04-05 11:19:00,2024-04-08 15:00:00,Arrived
760,1365,2024-04-05 11:37:00,2024-04-06 10:30:00,Cancelled
761,158,2024-04-05 19:52:00,2024-04-16 08:30:00,Arrived
762,1262,2024-04-05 20:35:00,2024-04-09 09:00:00,Arrived
763,1950,2024-04-06 10:29:00,2024-04-09 08:00:00,Arrived
764,1163,2024-04-06 12:52:00,2024-04-11 11:00:00,Arrived
765,576,2024-04-06 19:20:00,2024-04-10 15:30:00,Arrived
766,1383,2024-04-06 19:31:00,2024-04-10 10:30:00,Arrived
767,1596,2024-04-06 19:36:00,2024-04-10 10:00:00,Arrived
768,1800,2024-04-06 20:20:00,2024-04-08 08:00:00,Arrived
769,1949,2024-04-06 20:34:00,2024-04-08 09:30:00,Arrived
770,1891,2024-04-07 07:33:00,2024-04-08 07:30:00,Arrived
771,358,2024-04-07 07:58:00,2024-04-09 10:00:00,Cancelled
772,1951,2024-04-07 10:36:00,2024-04-11 15:00:00,Arrived
773,457,2024-04-07 11:48:00,2024-04-11 13:30:00,Arrived
774,451,2024-04-07 14:20:00,2024-04-08 10:30:00,Arrived
775,1778,2024-04-07 14:21:00,2024-04-08 12:30:00,Arrived
776,1740,2024-04-07 14:31:00,2024-04-08 09:00:00,Arrived
777,1353,2024-04-08 07:56:00,2024-04-08 09:00:00,Arrived
778,758,2024-04-08 08:10:00,2024-04-08 09:00:00,No-Show
779,104,2024-04-08 09:28:00,2024-04-15 14:00:00,Arrived
780,1750,2024-04-08 09:59:00,2024-04-08 13:30:00,Arrived
781,1004,2024-04-08 11:18:00,2024-04-10 10:30:00,Arrived
782,1365,2024-04-08 12:55:00,2024-04-10 15:30:00,Arrived
783,1958,2024-04-08 12:55:00,2024-04-11 07:30:00,Arrived
784,1030,2024-04-08 13:45:00,2024-04-15 08:30:00,Arrived
785,1956,2024-04-08 14:50:00,2024-04-11 09:00:00,Arrived
786,1953,2024-04-08 15:03:00,2024-04-09 08:00:00,Arrived
787,1206,2024-04-08 17:03:00,2024-04-13 09:30:00,Arrived
788,68,2024-04-08 17:55:00,2024-04-09 12:00:00,Arrived
789,138,2024-04-09 12:21:00,2024-04-09 15:00:00,Arrived
790,1092,2024-04-09 14:32:00,2024-04-13 11:30:00,Arrived
791,740,2024-04-09 14:48:00,2024-04-13 08:30:00,Cancelled
792,1966,2024-04-10 07:12:00,2024-04-11 07:30:00,Arrived
793,468,2024-04-10 07:31:00,2024-04-10 09:00:00,Arrived
794,1349,2024-04-10 10:03:00,2024-04-11 09:30:00,Arrived
795,1064,2024-04-10 11:16:00,2024-04-16 11:00:00,No-Show
796,744,2024-04-10 12:13:00,2024-04-15 10:00:00,Arrived
797,1967,2024-04-10 12:28:00,2024-04-13 09:30:00,Arrived
798,1270,2024-04-10 13:01:00,2024-04-16 13:00:00,Arrived
799,304,2024-04-10 13:34:00,2024-04-24 11:00:00,Arrived
800,133,2024-04-11 07:10:00,2024-04-11 08:30:00,Arrived
801,1,2024-04-11 07:17:00,2024-04-26 15:00:00,Arrived
802,1391,2024-04-11 07:41:00,2024-04-12 07:30:00,Arrived
803,1803,2024-04-11 07:43:00,2024-04-18 07:30:00,Arrived
804,1420,2024-04-11 11:27:00,2024-04-13 10:00:00,Arrived
805,1065,2024-04-11 13:19:00,2024-04-12 11:00:00,Arrived
806,248,2024-04-11 13:35:00,2024-04-13 09:00:00,Arrived
807,1251,2024-04-11 15:20:00,2024-04-22 13:30:00,Arrived
808,1670,2024-04-11 15:42:00,2024-04-16 15:00:00,Arrived
809,930,2024-04-11 20:30:00,2024-04-18 09:30:00,Arrived
810,1089,2024-04-12 07:30:00,2024-04-12 10:00:00,Arrived
811,1971,2024-04-12 08:05:00,2024-04-18 09:30:00,Arrived
812,446,2024-04-12 12:37:00,2024-04-15 11:00:00,Arrived
813,1113,2024-04-13 07:40:00,2024-04-13 08:30:00,Arrived
814,820,2024-04-13 08:05:00,2024-04-18 09:30:00,Arrived
815,859,2024-04-13 10:12:00,2024-04-17 11:00:00,Arrived
816,986,2024-04-13 13:08:00,2024-04-15 09:00:00,Arrived
817,1580,2024-04-13 13:48:00,2024-04-19 09:30:00,Arrived
818,73,2024-04-13 14:39:00,2024-04-18 13:30:00,Arrived
819,1448,2024-04-13 15:16:00,2024-04-19 09:30:00,Arrived
820,1973,2024-04-13 17:20:00,2024-04-19 12:00:00,Arrived
821,1353,2024-04-13 19:49:00,2024-04-15 07:30:00,Arrived
822,1324,2024-04-13 20:03:00,2024-04-23 08:30:00,Arrived
823,1981,2024-04-14 09:00:00,2024-04-19 09:30:00,No-Show
824,1982,2024-04-14 09:17:00,2024-04-22 08:00:00,Arrived
825,516,2024-04-14 16:13:00,2024-04-15 07:30:00,Arrived
826,1980,2024-04-14 17:29:00,2024-04-16 14:00:00,Arrived
827,1986,2024-04-15 07:24:00,2024-04-16 10:30:00,Arrived
828,207,2024-04-15 08:32:00,2024-04-15 10:00:00,Arrived
829,1987,2024-04-15 10:05:00,2024-04-17 08:30:00,Arrived
830,856,2024-04-15 14:05:00,2024-04-17 07:30:00,Arrived
831,1191,2024-04-15 18:33:00,2024-04-17 09:00:00,Arrived
832,877,2024-04-15 19:03:00,2024-04-16 10:30:00,Arrived
833,1126,2024-04-16 08:15:00,2024-05-13 07:30:00,Arrived
834,1298,2024-04-16 09:24:00,2024-04-16 10:00:00,Arrived
835,1963,2024-04-16 09:41:00,2024-04-18 10:00:00,Arrived
836,12,2024-04-16 11:33:00,2024-04-16 15:00:00,Arrived
837,439,2024-04-16 13:32:00,2024-04-19 09:00:00,Arrived
838,1522,2024-04-16 14:14:00,2024-04-22 15:30:00,Cancelled
839,1380,2024-04-16 14:21:00,2024-04-20 10:00:00,Arrived
840,57,2024-04-17 06:08:00,2024-04-17 09:00:00,Arrived
841,1378,2024-04-17 06:11:00,2024-04-17 08:00:00,Arrived
842,537,2024-04-17 06:42:00,2024-04-17 07:30:00,Arrived
843,186,2024-04-17 07:15:00,2024-04-22 13:00:00,Arrived
844,1996,2024-04-17 10:21:00,2024-04-19 10:00:00,Arrived
845,194,2024-04-17 12:42:00,2024-04-22 15:00:00,Arrived
846,1993,2024-04-17 13:49:00,2024-04-19 09:00:00,Arrived
847,1999,2024-04-18 06:55:00,2024-04-18 08:00:00,Arrived
848,2002,2024-04-18 07:40:00,2024-04-19 09:30:00,Arrived
849,2004,2024-04-18 08:10:00,2024-04-25 09:30:00,Arrived
850,249,2024-04-18 09:40:00,2024-04-22 08:00:00,Arrived
851,2006,2024-04-18 11:17:00,2024-05-16 09:00:00,Arrived
852,2003,2024-04-18 13:52:00,2024-04-20 08:00:00,Arrived
853,1093,2024-04-18 14:36:00,2024-05-02 15:30:00,Arrived
854,2005,2024-04-18 16:55:00,2024-04-25 09:00:00,Arrived
855,514,2024-04-18 18:31:00,2024-04-19 08:00:00,Arrived
856,694,2024-04-18 19:45:00,2024-05-13 10:30:00,Arrived
857,2011,2024-04-19 08:32:00,2024-05-03 07:30:00,Arrived
858,1116,2024-04-19 09:05:00,2024-04-24 08:30:00,Arrived
859,1715,2024-04-19 09:32:00,2024-04-26 07:30:00,Arrived
860,1658,2024-04-19 10:24:00,2024-04-26 08:30:00,Arrived
861,1057,2024-04-19 11:29:00,2024-04-25 13:00:00,Arrived
862,937,2024-04-19 14:51:00,2024-04-22 12:30:00,Cancelled
863,773,2024-04-19 15:43:00,2024-04-20 08:00:00,Arrived
864,375,2024-04-19 15:51:00,2024-05-01 11:00:00,Arrived
865,932,2024-04-19 18:17:00,2024-04-22 10:30:00,Arrived
866,2013,2024-04-20 06:21:00,2024-04-20 08:00:00,Arrived
867,323,2024-04-20 07:43:00,2024-04-24 07:30:00,Arrived
868,331,2024-04-20 09:22:00,2024-04-22 13:00:00,Arrived
869,2014,2024-04-20 09:52:00,2024-04-23 09:30:00,Arrived
870,1830,2024-04-20 10:08:00,2024-04-26 10:30:00,Arrived
871,2015,2024-04-20 12:37:00,2024-04-23 14:30:00,Arrived
872,835,2024-04-20 14:13:00,2024-04-29 11:00:00,Arrived
873,1861,2024-04-20 16:06:00,2024-04-24 13:00:00,Arrived
874,1233,2024-04-20 19:03:00,2024-05-17 15:30:00,Cancelled
875,1020,2024-04-21 07:59:00,2024-04-22 14:30:00,Arrived
876,1895,2024-04-21 08:34:00,2024-04-25 07:30:00,Arrived
877,231,2024-04-21 09:22:00,2024-04-26 10:30:00,Arrived
878,2018,2024-04-21 10:44:00,2024-04-25 08:00:00,Arrived
879,2017,2024-04-21 13:43:00,2024-04-25 11:30:00,Cancelled
880,2019,2024-04-21 16:01:00,2024-05-07 08:00:00,Arrived
881,1682,2024-04-21 16:23:00,2024-04-23 08:30:00,Arrived
882,505,2024-04-21 17:53:00,2024-05-01 11:30:00,Arrived
883,857,2024-04-21 19:22:00,2024-04-27 08:00:00,Arrived
884,747,2024-04-21 19:23:00,2024-04-29 09:00:00,No-Show
885,1636,2024-04-22 07:22:00,2024-04-27 08:00:00,Arrived
886,473,2024-04-22 07:27:00,2024-04-22 12:00:00,Arrived
887,2022,2024-04-22 08:12:00,2024-04-23 09:00:00,Arrived
888,404,2024-04-22 08:18:00,2024-04-29 08:30:00,Arrived
889,2021,2024-04-22 11:31:00,2024-04-23 15:00:00,Arrived
890,1968,2024-04-22 11:42:00,2024-05-04 08:00:00,Cancelled
891,882,2024-04-22 13:15:00,2024-05-02 08:30:00,Arrived
892,1039,2024-04-22 13:32:00,2024-04-26 10:00:00,Arrived
893,455,2024-04-22 14:21:00,2024-04-25 10:30:00,Arrived
894,2024,2024-04-22 14:29:00,2024-04-25 13:30:00,Arrived
895,2023,2024-04-22 16:10:00,2024-04-24 09:30:00,Arrived
896,2027,2024-04-22 16:13:00,2024-05-02 08:00:00,Arrived
897,732,2024-04-22 16:19:00,2024-04-29 13:00:00,Arrived
898,43,2024-04-22 16:20:00,2024-04-23 07:30:00,Arrived
899,341,2024-04-22 18:43:00,2024-04-25 10:00:00,Arrived
900,370,2024-04-22 19:57:00,2024-04-24 08:30:00,Arrived
901,2028,2024-04-23 07:30:00,2024-04-23 09:00:00,Arrived
902,639,2024-04-23 07:58:00,2024-05-03 10:30:00,Arrived
903,1109,2024-04-23 08:05:00,2024-04-25 12:00:00,Arrived
904,332,2024-04-23 08:25:00,2024-04-30 15:30:00,Cancelled
905,2035,2024-04-23 08:39:00,2024-05-09 07:30:00,Arrived
906,51,2024-04-23 13:41:00,2024-04-26 15:00:00,Arrived
907,2034,2024-04-23 15:54:00,2024-04-30 09:00:00,Arrived
908,690,2024-04-23 19:36:00,2024-04-27 08:00:00,Arrived
909,2033,2024-04-23 19:52:00,2024-04-25 07:30:00,Cancelled
910,2040,2024-04-24 08:31:00,2024-05-01 07:30:00,Arrived
911,171,2024-04-24 08:36:00,2024-04-24 10:30:00,Arrived
912,571,2024-04-24 14:59:00,2024-04-29 09:00:00,Arrived
913,633,2024-04-24 20:51:00,2024-04-25 07:30:00,Arrived
914,2044,2024-04-25 12:20:00,2024-04-26 08:30:00,Arrived
915,1154,2024-04-25 13:56:00,2024-05-01 11:30:00,Arrived
916,154,2024-04-25 15:47:00,2024-05-01 10:30:00,Arrived
917,1570,2024-04-25 16:17:00,2024-04-29 09:30:00,Arrived
918,2045,2024-04-25 16:37:00,2024-05-01 09:30:00,Arrived
919,892,2024-04-25 17:31:00,2024-04-29 14:00:00,No-Show
920,864,2024-04-26 08:10:00,2024-05-13 09:00:00,Arrived
921,2049,2024-04-26 08:40:00,2024-05-01 07:30:00,Arrived
922,480,2024-04-26 09:14:00,2024-04-30 08:00:00,Arrived
923,2050,2024-04-26 09:46:00,2024-05-01 12:30:00,Arrived
924,658,2024-04-26 10:59:00,2024-04-30 13:00:00,Arrived
925,371,2024-04-26 15:00:00,2024-04-29 08:00:00,Arrived
926,1009,2024-04-26 15:53:00,2024-05-23 12:30:00,No-Show
927,235,2024-04-26 17:20:00,2024-04-29 07:30:00,Arrived
928,946,2024-04-26 20:49:00,2024-04-27 10:00:00,Arrived
929,1373,2024-04-27 06:49:00,2024-04-27 08:00:00,Arrived
930,2051,2024-04-27 07:39:00,2024-04-30 07:30:00,Arrived
931,430,2024-04-27 07:47:00,2024-04-30 07:30:00,Arrived
932,2052,2024-04-27 08:11:00,2024-05-01 13:00:00,Arrived
933,1319,2024-04-27 08:28:00,2024-04-30 13:30:00,Arrived
934,947,2024-04-27 10:28:00,2024-04-27 11:00:00,Arrived
935,397,2024-04-27 16:16:00,2024-04-29 08:00:00,Arrived
936,1207,2024-04-27 16:43:00,2024-05-07 08:00:00,No-Show
937,748,2024-04-27 18:36:00,2024-05-11 08:30:00,Arrived
938,688,2024-04-27 20:42:00,2024-05-08 08:00:00,Arrived
939,2053,2024-04-28 08:20:00,2024-04-30 10:30:00,No-Show
940,1381,2024-04-28 09:37:00,2024-05-01 13:00:00,Arrived
941,1694,2024-04-28 10:57:00,2024-05-20 09:30:00,Arrived
942,2054,2024-04-28 12:22:00,2024-05-09 10:30:00,No-Show
943,320,2024-04-28 14:25:00,2024-04-30 08:30:00,Arrived
944,788,2024-04-28 17:49:00,2024-04-29 08:00:00,Arrived
945,892,2024-04-29 10:33:00,2024-05-02 14:00:00,Arrived
946,63,2024-04-29 11:16:00,2024-05-06 08:30:00,Arrived
947,2059,2024-04-29 11:27:00,2024-05-03 09:30:00,Arrived
948,1973,2024-04-29 12:10:00,2024-05-02 15:30:00,Arrived
949,1746,2024-04-29 13:58:00,2024-05-06 08:00:00,No-Show
950,2056,2024-04-29 17:08:00,2024-05-01 09:00:00,Arrived
951,2058,2024-04-29 18:35:00,2024-05-01 08:00:00,Arrived
952,466,2024-04-29 19:30:00,2024-05-04 08:00:00,Arrived
953,723,2024-04-30 06:36:00,2024-04-30 14:00:00,Arrived
954,2063,2024-04-30 07:47:00,2024-05-02 10:00:00,Arrived
955,2061,2024-04-30 09:36:00,2024-05-01 15:30:00,Arrived
956,612,2024-04-30 10:00:00,2024-05-06 08:00:00,Arrived
957,630,2024-04-30 16:35:00,2024-05-03 08:30:00,Arrived
958,2064,2024-04-30 17:10:00,2024-05-02 10:00:00,Arrived
959,2065,2024-04-30 19:16:00,2024-05-07 10:30:00,Arrived
960,1191,2024-05-01 07:53:00,2024-05-07 13:30:00,Arrived
961,1028,2024-05-01 08:48:00,2024-05-06 08:00:00,Arrived
962,178,2024-05-01 09:39:00,2024-05-06 09:30:00,Arrived
963,12,2024-05-01 10:33:00,2024-05-02 09:30:00,Arrived
964,2073,2024-05-01 10:59:00,2024-05-07 09:30:00,Arrived
965,1660,2024-05-01 13:40:00,2024-05-03 08:30:00,Arrived
966,1087,2024-05-01 15:56:00,2024-05-29 10:00:00,Arrived
967,2071,2024-05-01 16:24:00,2024-05-04 09:00:00,Arrived
968,2072,2024-05-01 18:39:00,2024-05-06 10:00:00,Arrived
969,907,2024-05-01 20:10:00,2024-05-07 08:30:00,Arrived
970,2074,2024-05-02 06:30:00,2024-05-02 13:00:00,Arrived
971,634,2024-05-02 07:30:00,2024-05-02 08:00:00,Arrived
972,1508,2024-05-02 07:45:00,2024-05-06 08:00:00,Arrived
973,1650,2024-05-02 11:17:00,2024-05-04 09:30:00,Arrived
974,2078,2024-05-02 17:40:00,2024-05-16 10:30:00,Arrived
975,645,2024-05-02 18:26:00,2024-05-06 14:00:00,Arrived
976,1786,2024-05-02 18:54:00,2024-05-04 09:30:00,Arrived
977,1852,2024-05-03 07:05:00,2024-05-03 07:30:00,Arrived
978,2081,2024-05-03 10:17:00,2024-05-03 12:30:00,Arrived
979,1124,2024-05-03 10:28:00,2024-05-03 14:00:00,Arrived
980,2084,2024-05-03 10:54:00,2024-05-10 09:00:00,Arrived
981,1320,2024-05-03 12:27:00,2024-05-07 08:30:00,Arrived
982,229,2024-05-03 12:50:00,2024-05-03 15:30:00,Arrived
983,2082,2024-05-03 13:12:00,2024-05-07 07:30:00,Arrived
984,376,2024-05-03 16:38:00,2024-05-07 15:00:00,Arrived
985,2085,2024-05-03 17:03:00,2024-05-14 14:00:00,Arrived
986,1533,2024-05-03 18:17:00,2024-05-06 10:00:00,Arrived
987,827,2024-05-03 20:07:00,2024-05-04 10:30:00,Arrived
988,1768,2024-05-04 07:40:00,2024-05-11 08:00:00,Arrived
989,2033,2024-05-04 08:09:00,2024-05-04 08:30:00,Arrived
990,2087,2024-05-04 08:51:00,2024-05-28 14:30:00,Arrived
991,2086,2024-05-04 10:45:00,2024-05-08 11:00:00,Arrived
992,545,2024-05-04 18:12:00,2024-05-09 08:00:00,Arrived
993,1607,2024-05-04 18:56:00,2024-05-31 08:00:00,Arrived
994,2091,2024-05-05 08:13:00,2024-05-14 11:30:00,Arrived
995,318,2024-05-05 08:25:00,2024-05-07 08:00:00,Arrived
996,1963,2024-05-05 08:28:00,2024-05-09 11:30:00,Arrived
997,2089,2024-05-05 08:41:00,2024-05-09 12:00:00,Arrived
998,2090,2024-05-05 12:04:00,2024-05-10 08:00:00,Arrived
999,151,2024-05-05 15:54:00,2024-05-06 14:00:00,Arrived
1000,2088,2024-05-05 16:34:00,2024-05-06 08:30:00,Arrived
1001,214,2024-05-05 19:39:00,2024-05-10 11:00:00,Arrived
1002,2095,2024-05-06 08:38:00,2024-05-08 12:30:00,Arrived
1003,898,2024-05-06 10:05:00,2024-05-17 12:00:00,Arrived
1004,2092,2024-05-06 10:51:00,2024-05-06 14:30:00,Arrived
1005,1,2024-05-06 11:40:00,2024-05-09 09:00:00,Arrived
1006,1897,2024-05-06 15:18:00,2024-05-07 14:00:00,Cancelled
1007,2096,2024-05-06 18:03:00,2024-05-08 14:00:00,Arrived
1008,2099,2024-05-06 18:36:00,2024-05-10 10:00:00,No-Show
1009,2093,2024-05-06 18:37:00,2024-05-08 09:30:00,Arrived
1010,2097,2024-05-06 20:53:00,2024-05-08 12:00:00,No-Show
1011,2102,2024-05-07 10:54:00,2024-05-09 12:30:00,Arrived
1012,2107,2024-05-07 15:04:00,2024-05-14 11:00:00,Arrived
1013,1847,2024-05-07 16:23:00,2024-05-14 08:00:00,Arrived
1014,2100,2024-05-07 18:23:00,2024-05-08 13:30:00,Arrived
1015,306,2024-05-07 18:40:00,2024-05-11 09:00:00,Arrived
1016,493,2024-05-08 06:22:00,2024-05-08 08:00:00,Arrived
1017,2114,2024-05-08 06:50:00,2024-05-08 07:30:00,Arrived
1018,2121,2024-05-08 09:49:00,2024-05-22 11:00:00,Arrived
1019,1387,2024-05-08 10:44:00,2024-05-13 13:30:00,No-Show
1020,217,2024-05-08 10:47:00,2024-06-04 11:30:00,No-Show
1021,2117,2024-05-08 11:12:00,2024-05-10 09:00:00,Arrived
1022,1142,2024-05-08 11:16:00,2024-05-14 12:30:00,Arrived
1023,2119,2024-05-08 12:55:00,2024-05-21 11:30:00,No-Show
1024,2116,2024-05-08 16:11:00,2024-05-09 10:30:00,Arrived
1025,2118,2024-05-08 17:11:00,2024-05-10 11:30:00,Arrived
1026,2123,2024-05-08 18:05:00,2024-06-05 09:00:00,Arrived
1027,2115,2024-05-08 20:43:00,2024-05-09 13:30:00,Arrived
1028,2131,2024-05-09 06:18:00,2024-05-09 07:30:00,Arrived
1029,1190,2024-05-09 08:29:00,2024-05-21 14:30:00,Arrived
1030,2140,2024-05-09 09:03:00,2024-05-21 13:30:00,Arrived
1031,2126,2024-05-09 09:19:00,2024-05-09 10:30:00,Arrived
1032,1012,2024-05-09 10:19:00,2024-05-11 09:30:00,Cancelled
1033,1879,2024-05-09 11:00:00,2024-05-13 08:30:00,Arrived
1034,2134,2024-05-09 12:42:00,2024-05-11 09:30:00,Arrived
1035,289,2024-05-09 13:13:00,2024-05-10 11:00:00,Arrived
1036,91,2024-05-09 13:45:00,2024-05-14 08:30:00,Arrived
1037,84,2024-05-09 15:09:00,2024-05-23 13:30:00,Arrived
1038,2136,2024-05-09 16:46:00,2024-05-14 15:00:00,Cancelled
1039,2138,2024-05-09 18:56:00,2024-05-14 09:00:00,Cancelled
1040,1160,2024-05-09 20:35:00,2024-05-16 14:00:00,Arrived
1041,771,2024-05-10 12:25:00,2024-05-11 10:00:00,Arrived
1042,2100,2024-05-10 14:38:00,2024-05-30 10:00:00,Arrived
1043,1388,2024-05-10 16:00:00,2024-05-11 08:00:00,Arrived
1044,1193,2024-05-10 16:58:00,2024-05-15 14:00:00,No-Show
1045,70,2024-05-11 07:03:00,2024-05-11 09:00:00,Arrived
1046,1322,2024-05-11 10:17:00,2024-05-21 08:00:00,Arrived
1047,1897,2024-05-11 10:58:00,2024-05-13 08:00:00,Arrived
1048,2147,2024-05-11 11:41:00,2024-05-14 07:30:00,Arrived
1049,1096,2024-05-11 14:24:00,2024-05-18 08:30:00,Arrived
1050,1715,2024-05-11 17:31:00,2024-05-13 09:00:00,Arrived
1051,1708,2024-05-11 18:01:00,2024-05-17 08:30:00,Cancelled
1052,2149,2024-05-11 18:23:00,2024-05-16 13:30:00,Arrived
1053,2151,2024-05-12 07:14:00,2024-05-13 09:30:00,Arrived
1054,1216,2024-05-12 07:47:00,2024-05-14 09:00:00,Arrived
1055,867,2024-05-12 07:54:00,2024-05-13 10:30:00,Arrived
1056,1105,2024-05-12 09:08:00,2024-05-13 10:00:00,Arrived
1057,277,2024-05-12 11:10:00,2024-05-18 10:30:00,Arrived
1058,2155,2024-05-12 11:14:00,2024-05-22 07:30:00,Arrived
1059,1007,2024-05-12 11:16:00,2024-05-14 14:00:00,Arrived
1060,1404,2024-05-12 11:31:00,2024-05-18 09:30:00,Arrived
1061,2156,2024-05-12 11:37:00,2024-05-30 07:30:00,Arrived
1062,156,2024-05-12 14:50:00,2024-05-13 10:00:00,Arrived
1063,2153,2024-05-12 16:48:00,2024-05-18 10:00:00,Arrived
1064,2154,2024-05-12 18:59:00,2024-05-20 13:00:00,Arrived
1065,1067,2024-05-12 19:05:00,2024-05-18 11:30:00,Arrived
1066,1324,2024-05-12 19:45:00,2024-05-13 10:00:00,Arrived
1067,2159,2024-05-13 08:37:00,2024-05-13 12:00:00,Arrived
1068,2053,2024-05-13 09:02:00,2024-05-14 09:30:00,Arrived
1069,2164,2024-05-13 10:46:00,2024-06-07 08:30:00,Arrived
1070,747,2024-05-13 11:22:00,2024-05-15 09:00:00,Arrived
1071,2004,2024-05-13 16:41:00,2024-05-14 14:00:00,Arrived
1072,2163,2024-05-13 16:58:00,2024-05-14 12:30:00,Arrived
1073,2165,2024-05-13 18:33:00,2024-06-10 08:30:00,Arrived
1074,1655,2024-05-13 20:20:00,2024-05-14 11:00:00,Cancelled
1075,917,2024-05-14 07:19:00,2024-05-28 11:30:00,Arrived
1076,1479,2024-05-14 10:30:00,2024-05-17 08:30:00,Arrived
1077,188,2024-05-14 11:08:00,2024-06-13 12:30:00,Arrived
1078,1020,2024-05-14 11:25:00,2024-05-20 11:00:00,Arrived
1079,2169,2024-05-14 13:55:00,2024-05-16 14:30:00,Arrived
1080,2172,2024-05-14 18:26:00,2024-05-20 10:30:00,Arrived
1081,2168,2024-05-14 19:09:00,2024-05-15 08:00:00,Arrived
1082,1463,2024-05-14 19:09:00,2024-05-18 09:30:00,Cancelled
1083,2174,2024-05-15 07:00:00,2024-05-15 08:00:00,Arrived
1084,772,2024-05-15 07:30:00,2024-05-16 14:30:00,Arrived
1085,2176,2024-05-15 20:25:00,2024-05-22 10:30:00,No-Show
1086,1448,2024-05-16 06:13:00,2024-05-16 07:30:00,Cancelled
1087,1128,2024-05-16 06:40:00,2024-05-16 07:30:00,Arrived
1088,2179,2024-05-16 07:38:00,2024-05-16 08:00:00,Arrived
1089,2184,2024-05-16 08:59:00,2024-05-18 09:00:00,Arrived
1090,2136,2024-05-16 09:19:00,2024-05-28 07:30:00,No-Show
1091,2181,2024-05-16 12:04:00,2024-05-16 13:30:00,Arrived
1092,1550,2024-05-16 14:21:00,2024-05-20 08:00:00,Arrived
1093,28,2024-05-16 15:01:00,2024-05-18 10:30:00,Arrived
1094,1234,2024-05-16 17:01:00,2024-05-29 11:30:00,Arrived
1095,2162,2024-05-17 07:27:00,2024-05-17 13:30:00,Arrived
1096,1556,2024-05-17 07:55:00,2024-06-04 14:00:00,Arrived
1097,1921,2024-05-17 08:44:00,2024-05-22 08:00:00,Arrived
1098,1233,2024-05-17 09:10:00,2024-05-20 14:30:00,Arrived
1099,761,2024-05-17 11:58:00,2024-06-05 08:30:00,Cancelled
1100,2189,2024-05-17 14:45:00,2024-05-23 08:00:00,Arrived
1101,543,2024-05-17 16:50:00,2024-05-20 10:00:00,Arrived
1102,732,2024-05-17 18:12:00,2024-05-20 07:30:00,Arrived
1103,2192,2024-05-18 15:13:00,2024-05-20 13:30:00,Arrived
1104,2196,2024-05-18 16:41:00,2024-06-10 08:30:00,Cancelled
1105,1721,2024-05-18 18:03:00,2024-06-12 09:00:00,Arrived
1106,2195,2024-05-18 18:40:00,2024-06-04 07:30:00,Arrived
1107,1113,2024-05-19 07:13:00,2024-05-25 10:00:00,Arrived
1108,854,2024-05-19 07:41:00,2024-05-24 11:00:00,Cancelled
1109,449,2024-05-19 08:29:00,2024-05-29 11:30:00,Arrived
1110,2198,2024-05-19 10:09:00,2024-05-21 08:30:00,Arrived
1111,1635,2024-05-19 12:25:00,2024-05-20 14:00:00,Arrived
1112,1177,2024-05-19 12:27:00,2024-05-24 08:00:00,Arrived
1113,2197,2024-05-19 15:45:00,2024-05-20 10:00:00,Arrived
1114,1731,2024-05-19 17:10:00,2024-05-22 09:00:00,Arrived
1115,514,2024-05-19 18:20:00,2024-05-20 07:30:00,Arrived
1116,961,2024-05-19 19:06:00,2024-05-21 08:00:00,Arrived
1117,441,2024-05-20 08:20:00,2024-05-25 08:30:00,Arrived
1118,556,2024-05-20 09:29:00,2024-05-22 10:00:00,Arrived
1119,2206,2024-05-20 09:59:00,2024-06-11 10:00:00,Arrived
1120,307,2024-05-20 10:51:00,2024-05-28 11:00:00,Arrived
1121,2203,2024-05-20 14:20:00,2024-05-22 09:30:00,Arrived
1122,2201,2024-05-20 15:07:00,2024-05-21 10:00:00,Arrived
1123,2205,2024-05-20 15:45:00,2024-05-22 11:30:00,Arrived
1124,2204,2024-05-20 16:12:00,2024-05-22 10:00:00,Arrived
1125,1910,2024-05-20 16:26:00,2024-05-24 10:30:00,Arrived
1126,707,2024-05-20 16:56:00,2024-05-22 08:00:00,Arrived
1127,1092,2024-05-21 09:59:00,2024-05-29 09:30:00,Arrived
1128,1554,2024-05-21 12:03:00,2024-06-01 11:00:00,Arrived
1129,1207,2024-05-22 06:58:00,2024-05-22 08:30:00,Arrived
1130,171,2024-05-22 09:06:00,2024-05-23 13:30:00,Arrived
1131,645,2024-05-22 09:21:00,2024-05-25 11:30:00,Arrived
1132,2213,2024-05-22 09:24:00,2024-05-30 08:30:00,Arrived
1133,2085,2024-05-22 09:26:00,2024-06-05 13:30:00,No-Show
1134,398,2024-05-22 10:08:00,2024-05-23 11:30:00,Arrived
1135,1696,2024-05-22 11:08:00,2024-05-24 11:30:00,Arrived
1136,833,2024-05-22 12:40:00,2024-05-29 09:00:00,Arrived
1137,2073,2024-05-22 12:53:00,2024-05-24 08:30:00,Arrived
1138,789,2024-05-22 13:10:00,2024-05-24 11:30:00,Arrived
1139,2176,2024-05-22 14:53:00,2024-05-28 14:30:00,No-Show
1140,712,2024-05-22 15:04:00,2024-05-24 12:00:00,Cancelled
1141,2214,2024-05-22 17:51:00,2024-06-11 08:00:00,Arrived
1142,1172,2024-05-22 20:33:00,2024-05-28 08:00:00,Arrived
1143,2220,2024-05-23 06:06:00,2024-05-23 07:30:00,Arrived
1144,811,2024-05-23 07:11:00,2024-05-23 13:00:00,Cancelled
1145,2216,2024-05-23 07:17:00,2024-05-23 08:30:00,Arrived
1146,1074,2024-05-23 07:56:00,2024-05-25 10:00:00,Arrived
1147,2217,2024-05-23 08:32:00,2024-05-23 12:30:00,Arrived
1148,2009,2024-05-23 11:53:00,2024-05-28 08:00:00,No-Show
1149,1370,2024-05-23 15:27:00,2024-05-28 10:30:00,Arrived
1150,322,2024-05-23 20:36:00,2024-05-28 12:00:00,Arrived
1151,2225,2024-05-24 08:34:00,2024-06-11 09:30:00,Arrived
1152,1994,2024-05-24 10:08:00,2024-05-29 11:00:00,Arrived
1153,196,2024-05-24 11:33:00,2024-05-28 09:00:00,Arrived
1154,1389,2024-05-24 11:46:00,2024-05-25 09:00:00,Arrived
1155,261,2024-05-24 14:50:00,2024-05-29 09:00:00,Arrived
1156,2223,2024-05-24 16:35:00,2024-06-04 14:00:00,Arrived
1157,2224,2024-05-24 17:07:00,2024-06-07 10:00:00,Arrived
1158,1304,2024-05-24 18:48:00,2024-05-25 10:00:00,Arrived
1159,565,2024-05-25 08:01:00,2024-05-25 09:00:00,Arrived
1160,2232,2024-05-25 09:01:00,2024-05-30 08:00:00,Arrived
1161,2226,2024-05-25 09:05:00,2024-05-25 12:00:00,Arrived
1162,2240,2024-05-25 09:07:00,2024-06-03 09:30:00,Arrived
1163,2230,2024-05-25 10:51:00,2024-05-28 08:00:00,No-Show
1164,2239,2024-05-25 12:13:00,2024-05-31 09:00:00,Arrived
1165,1576,2024-05-25 14:12:00,2024-06-03 15:00:00,No-Show
1166,348,2024-05-25 15:43:00,2024-05-28 11:30:00,Cancelled
1167,513,2024-05-25 16:48:00,2024-05-28 15:30:00,Arrived
1168,146,2024-05-25 19:05:00,2024-05-28 11:00:00,Arrived
1169,1708,2024-05-25 20:03:00,2024-05-29 10:00:00,Arrived
1170,1418,2024-05-25 20:31:00,2024-05-31 14:00:00,Arrived
1171,2241,2024-05-26 09:45:00,2024-06-06 10:30:00,Arrived
1172,1925,2024-05-26 10:01:00,2024-05-29 11:00:00,Arrived
1173,344,2024-05-26 10:02:00,2024-05-28 15:00:00,Arrived
1174,1512,2024-05-26 12:22:00,2024-05-28 08:00:00,Arrived
1175,2146,2024-05-26 12:38:00,2024-05-30 08:30:00,Arrived
1176,484,2024-05-26 18:21:00,2024-05-28 10:00:00,Cancelled
1177,2166,2024-05-27 10:23:00,2024-05-28 08:00:00,Arrived
1178,641,2024-05-27 10:49:00,2024-05-28 12:00:00,Arrived
1179,1174,2024-05-27 12:35:00,2024-05-31 08:00:00,Arrived
1180,119,2024-05-27 14:04:00,2024-06-17 08:00:00,No-Show
1181,1826,2024-05-27 15:22:00,2024-05-29 08:00:00,Arrived
1182,2242,2024-05-27 16:37:00,2024-05-31 08:00:00,Arrived
1183,567,2024-05-27 21:00:00,2024-06-03 13:00:00,Arrived
1184,2245,2024-05-27 21:00:00,2024-06-07 08:00:00,Arrived
1185,2168,2024-05-28 06:40:00,2024-05-28 15:30:00,Arrived
1186,77,2024-05-28 06:42:00,2024-05-28 09:30:00,Arrived
1187,2143,2024-05-28 07:04:00,2024-05-28 12:00:00,Arrived
1188,390,2024-05-28 07:11:00,2024-05-28 08:30:00,Arrived
1189,288,2024-05-28 07:15:00,2024-05-28 13:30:00,No-Show
1190,2170,2024-05-28 07:29:00,2024-06-01 11:30:00,Arrived
1191,319,2024-05-28 07:45:00,2024-06-03 11:30:00,Arrived
1192,1235,2024-05-28 09:59:00,2024-05-30 08:00:00,Arrived
1193,2249,2024-05-28 14:31:00,2024-06-06 07:30:00,Arrived
1194,699,2024-05-28 16:09:00,2024-05-31 08:00:00,Arrived
1195,7,2024-05-28 16:19:00,2024-06-08 08:00:00,Arrived
1196,2248,2024-05-28 18:29:00,2024-06-04 08:00:00,Arrived
1197,2253,2024-05-29 07:21:00,2024-05-31 08:30:00,Arrived
1198,2251,2024-05-29 08:01:00,2024-05-29 08:30:00,Arrived
1199,2258,2024-05-29 08:25:00,2024-05-31 11:30:00,Arrived
1200,1137,2024-05-29 08:42:00,2024-05-29 10:00:00,Arrived
1201,2270,2024-05-29 09:50:00,2024-06-27 10:00:00,Arrived
1202,2271,2024-05-29 12:16:00,2024-06-28 13:30:00,Arrived
1203,2268,2024-05-29 13:09:00,2024-06-10 09:00:00,Arrived
1204,1925,2024-05-29 13:29:00,2024-06-22 10:30:00,Arrived
1205,764,2024-05-29 16:56:00,2024-06-07 13:30:00,Cancelled
1206,2269,2024-05-29 17:47:00,2024-06-26 10:00:00,Arrived
1207,2266,2024-05-29 18:47:00,2024-05-31 12:30:00,Arrived
1208,1699,2024-05-29 19:31:00,2024-06-03 08:30:00,Arrived
1209,917,2024-05-30 06:08:00,2024-05-30 08:00:00,Arrived
1210,594,2024-05-30 06:16:00,2024-05-30 09:30:00,Arrived
1211,667,2024-05-30 06:29:00,2024-05-30 07:30:00,Arrived
1212,2274,2024-05-30 07:44:00,2024-05-30 12:30:00,No-Show
1213,2276,2024-05-30 10:02:00,2024-06-06 10:00:00,Arrived
1214,787,2024-05-30 10:53:00,2024-06-05 09:00:00,Arrived
1215,2275,2024-05-30 13:43:00,2024-05-31 09:00:00,Arrived
1216,687,2024-05-30 13:51:00,2024-05-31 14:00:00,Arrived
1217,410,2024-05-30 16:57:00,2024-05-31 12:30:00,Arrived
1218,309,2024-05-30 18:44:00,2024-06-03 09:30:00,Arrived
1219,1438,2024-05-30 19:08:00,2024-06-01 09:00:00,Arrived
1220,1705,2024-05-31 09:51:00,2024-06-07 08:00:00,Arrived
1221,2283,2024-05-31 10:43:00,2024-06-06 15:00:00,Arrived
1222,2284,2024-05-31 11:33:00,2024-06-26 11:30:00,Arrived
1223,326,2024-05-31 12:46:00,2024-06-08 12:00:00,Arrived
1224,2275,2024-05-31 13:18:00,2024-06-27 11:30:00,No-Show
1225,206,2024-05-31 15:45:00,2024-06-05 12:30:00,Arrived
1226,1975,2024-05-31 16:46:00,2024-06-06 07:30:00,Arrived
1227,1759,2024-05-31 18:56:00,2024-06-03 08:00:00,Arrived
1228,229,2024-05-31 19:42:00,2024-06-05 10:30:00,Arrived
1229,898,2024-05-31 20:05:00,2024-06-01 11:00:00,Arrived
1230,2288,2024-06-01 07:41:00,2024-06-04 12:30:00,Arrived
1231,498,2024-06-01 11:17:00,2024-06-07 07:30:00,No-Show
1232,2291,2024-06-01 16:31:00,2024-06-14 15:00:00,Arrived
1233,2290,2024-06-01 16:54:00,2024-06-14 07:30:00,No-Show
1234,2289,2024-06-01 17:00:00,2024-06-05 10:00:00,Arrived
1235,577,2024-06-01 20:32:00,2024-06-03 15:00:00,Arrived
1236,2295,2024-06-02 09:44:00,2024-06-04 13:00:00,Arrived
1237,2286,2024-06-02 09:55:00,2024-06-28 07:30:00,Arrived
1238,2296,2024-06-02 13:01:00,2024-06-21 13:00:00,Arrived
1239,1266,2024-06-02 13:10:00,2024-06-04 10:00:00,Arrived
1240,2292,2024-06-02 13:31:00,2024-06-04 15:00:00,Arrived
1241,1311,2024-06-02 20:49:00,2024-06-05 14:00:00,Arrived
1242,27,2024-06-02 20:54:00,2024-06-05 09:00:00,Arrived
1243,207,2024-06-03 07:29:00,2024-06-03 10:30:00,Arrived
1244,2227,2024-06-03 08:13:00,2024-06-05 08:00:00,Arrived
1245,2301,2024-06-03 11:52:00,2024-06-14 09:00:00,Arrived
1246,2303,2024-06-03 13:22:00,2024-06-19 11:00:00,Arrived
1247,1122,2024-06-03 19:24:00,2024-06-07 10:30:00,Arrived
1248,805,2024-06-03 19:26:00,2024-06-10 09:30:00,Arrived
1249,1320,2024-06-03 19:48:00,2024-07-01 09:30:00,Arrived
1250,413,2024-06-03 19:59:00,2024-06-11 13:00:00,Arrived
1251,2313,2024-06-04 06:43:00,2024-06-04 07:30:00,Arrived
1252,1805,2024-06-04 06:58:00,2024-06-04 09:00:00,Arrived
1253,288,2024-06-04 07:42:00,2024-06-10 13:00:00,Arrived
1254,1164,2024-06-04 07:59:00,2024-06-06 09:00:00,Arrived
1255,2198,2024-06-04 08:13:00,2024-06-04 11:30:00,Arrived
1256,2321,2024-06-04 13:24:00,2024-06-27 15:00:00,No-Show
1257,2320,2024-06-04 13:40:00,2024-06-11 07:30:00,Arrived
1258,2318,2024-06-04 13:50:00,2024-06-05 13:30:00,Arrived
1259,2319,2024-06-04 16:25:00,2024-06-06 15:00:00,Arrived
1260,416,2024-06-04 17:49:00,2024-06-07 11:00:00,Arrived
1261,172,2024-06-04 20:33:00,2024-06-07 13:00:00,Arrived
1262,206,2024-06-05 08:19:00,2024-06-07 09:00:00,Arrived
1263,1665,2024-06-05 08:51:00,2024-06-05 13:30:00,Arrived
1264,2329,2024-06-05 13:05:00,2024-06-11 15:00:00,Cancelled
1265,1199,2024-06-05 13:28:00,2024-06-11 15:00:00,Arrived
1266,2327,2024-06-05 13:33:00,2024-06-06 08:00:00,Arrived
1267,2331,2024-06-05 18:56:00,2024-06-11 07:30:00,Arrived
1268,2036,2024-06-05 20:51:00,2024-06-10 13:30:00,Cancelled
1269,2346,2024-06-06 06:00:00,2024-06-06 10:30:00,Arrived
1270,2334,2024-06-06 06:11:00,2024-06-06 08:30:00,Arrived
1271,1755,2024-06-06 07:34:00,2024-06-13 12:00:00,Arrived
1272,2352,2024-06-06 08:30:00,2024-06-13 10:30:00,Cancelled
1273,379,2024-06-06 11:19:00,2024-06-07 07:30:00,Arrived
1274,2350,2024-06-06 14:34:00,2024-06-13 08:00:00,Arrived
1275,2347,2024-06-06 16:04:00,2024-06-07 08:00:00,Arrived
1276,634,2024-06-06 16:48:00,2024-06-08 08:00:00,Arrived
1277,2012,2024-06-06 20:31:00,2024-06-10 11:30:00,Cancelled
1278,2364,2024-06-07 11:01:00,2024-06-19 10:30:00,Arrived
1279,2361,2024-06-07 13:29:00,2024-06-12 12:00:00,Arrived
1280,2358,2024-06-07 14:41:00,2024-06-10 10:00:00,Arrived
1281,904,2024-06-07 14:47:00,2024-06-20 08:30:00,Arrived
1282,1881,2024-06-07 16:25:00,2024-06-08 09:00:00,Arrived
1283,1842,2024-06-07 17:15:00,2024-07-05 15:30:00,Arrived
1284,2363,2024-06-07 17:45:00,2024-06-14 08:00:00,Arrived
1285,474,2024-06-07 19:04:00,2024-07-05 07:30:00,Arrived
1286,1908,2024-06-07 19:16:00,2024-06-13 15:30:00,Arrived
1287,536,2024-06-07 19:22:00,2024-06-08 10:00:00,Arrived
1288,1961,2024-06-08 09:58:00,2024-06-10 08:30:00,Arrived
1289,1185,2024-06-08 10:48:00,2024-06-08 12:00:00,Arrived
1290,2010,2024-06-08 11:58:00,2024-06-19 08:00:00,Arrived
1291,2367,2024-06-08 15:54:00,2024-06-17 10:30:00,Arrived
1292,2369,2024-06-09 08:11:00,2024-07-03 12:00:00,Arrived
1293,1207,2024-06-09 09:15:00,2024-06-10 12:00:00,Arrived
1294,345,2024-06-09 12:04:00,2024-06-13 15:30:00,Arrived
1295,2368,2024-06-09 16:04:00,2024-06-11 12:30:00,Arrived
1296,1945,2024-06-09 17:43:00,2024-06-18 13:30:00,Arrived
1297,481,2024-06-09 19:29:00,2024-06-20 10:00:00,Arrived
1298,2373,2024-06-10 07:57:00,2024-06-12 07:30:00,Arrived
1299,1635,2024-06-10 08:12:00,2024-06-10 10:00:00,Arrived
1300,2381,2024-06-10 08:28:00,2024-06-17 08:00:00,Arrived
1301,2186,2024-06-10 08:40:00,2024-06-15 09:30:00,No-Show
1302,2385,2024-06-10 09:36:00,2024-06-17 11:00:00,Arrived
1303,761,2024-06-10 11:05:00,2024-06-13 08:30:00,Arrived
1304,1403,2024-06-10 13:34:00,2024-06-12 10:00:00,Arrived
1305,1089,2024-06-10 13:52:00,2024-06-15 11:30:00,Arrived
1306,1373,2024-06-10 14:31:00,2024-06-17 07:30:00,Cancelled
1307,1791,2024-06-10 15:08:00,2024-06-18 08:00:00,Arrived
1308,734,2024-06-10 17:11:00,2024-06-12 09:30:00,Arrived
1309,2388,2024-06-11 07:23:00,2024-06-11 08:30:00,Arrived
1310,395,2024-06-11 07:24:00,2024-07-06 11:30:00,Arrived
1311,2242,2024-06-11 08:04:00,2024-06-14 07:30:00,Arrived
1312,2393,2024-06-11 10:46:00,2024-06-13 08:00:00,Arrived
1313,583,2024-06-11 10:56:00,2024-06-11 13:30:00,Arrived
1314,712,2024-06-11 12:21:00,2024-06-13 10:00:00,Arrived
1315,2392,2024-06-11 16:45:00,2024-06-12 09:30:00,Arrived
1316,1510,2024-06-11 18:48:00,2024-06-12 12:00:00,Arrived
1317,394,2024-06-11 18:55:00,2024-07-01 07:30:00,Arrived
1318,1592,2024-06-11 21:00:00,2024-06-24 08:30:00,Arrived
1319,764,2024-06-12 09:11:00,2024-06-17 08:30:00,Arrived
1320,2402,2024-06-12 14:55:00,2024-06-18 09:00:00,Arrived
1321,309,2024-06-12 15:36:00,2024-06-17 14:00:00,Arrived
1322,643,2024-06-12 17:33:00,2024-06-15 08:00:00,Arrived
1323,2403,2024-06-12 18:02:00,2024-06-18 14:30:00,No-Show
1324,1486,2024-06-12 18:07:00,2024-06-17 08:30:00,Arrived
1325,544,2024-06-12 19:27:00,2024-06-14 08:30:00,Arrived
1326,1844,2024-06-12 19:29:00,2024-06-14 11:00:00,Arrived
1327,1503,2024-06-13 06:06:00,2024-06-13 08:00:00,Arrived
1328,2407,2024-06-13 08:05:00,2024-06-14 13:30:00,Arrived
1329,2325,2024-06-13 09:18:00,2024-06-19 07:30:00,Cancelled
1330,2352,2024-06-13 09:18:00,2024-06-25 14:00:00,Arrived
1331,1013,2024-06-13 11:47:00,2024-06-20 10:00:00,Arrived
1332,1508,2024-06-13 14:43:00,2024-06-20 10:00:00,Arrived
1333,2412,2024-06-13 15:07:00,2024-06-20 12:00:00,Cancelled
1334,1991,2024-06-13 16:25:00,2024-07-01 10:30:00,Arrived
1335,2415,2024-06-13 19:55:00,2024-07-12 08:00:00,Arrived
1336,2418,2024-06-14 06:49:00,2024-06-14 08:00:00,Cancelled
1337,2419,2024-06-14 09:07:00,2024-06-14 15:30:00,Arrived
1338,348,2024-06-14 10:00:00,2024-06-18 11:00:00,Arrived
1339,746,2024-06-14 15:58:00,2024-07-08 07:30:00,No-Show
1340,1206,2024-06-14 18:27:00,2024-06-28 11:00:00,Arrived
1341,1054,2024-06-14 19:02:00,2024-06-21 13:00:00,Arrived
1342,2013,2024-06-14 20:44:00,2024-06-24 12:30:00,Arrived
1343,2421,2024-06-15 12:00:00,2024-06-20 12:00:00,Arrived
1344,2422,2024-06-15 15:06:00,2024-06-26 08:00:00,No-Show
1345,207,2024-06-15 15:31:00,2024-06-17 09:30:00,Arrived
1346,360,2024-06-15 16:53:00,2024-06-17 09:30:00,Arrived
1347,2274,2024-06-15 17:17:00,2024-06-17 13:00:00,Cancelled
1348,1215,2024-06-15 19:04:00,2024-06-19 09:30:00,Arrived
1349,2424,2024-06-15 20:26:00,2024-07-10 12:00:00,Arrived
1350,877,2024-06-16 07:58:00,2024-06-19 08:00:00,Arrived
1351,2363,2024-06-16 08:33:00,2024-06-18 14:30:00,Arrived
1352,2090,2024-06-16 14:32:00,2024-06-22 09:00:00,Arrived
1353,344,2024-06-16 16:19:00,2024-06-18 08:30:00,Arrived
1354,2426,2024-06-16 17:38:00,2024-06-20 08:30:00,Arrived
1355,2425,2024-06-16 18:31:00,2024-06-17 15:00:00,Arrived
1356,2066,2024-06-16 18:38:00,2024-06-18 07:30:00,Arrived
1357,1596,2024-06-17 08:39:00,2024-06-22 12:00:00,Arrived
1358,162,2024-06-17 08:41:00,2024-06-24 13:00:00,Arrived
1359,2428,2024-06-17 09:09:00,2024-06-17 13:30:00,Arrived
1360,2433,2024-06-17 12:02:00,2024-06-28 12:00:00,Arrived
1361,2145,2024-06-17 14:12:00,2024-07-05 11:00:00,Arrived
1362,2418,2024-06-17 14:39:00,2024-06-24 09:00:00,Arrived
1363,2036,2024-06-17 15:11:00,2024-06-20 13:30:00,Arrived
1364,1806,2024-06-17 19:06:00,2024-07-01 13:30:00,Arrived
1365,2430,2024-06-17 20:17:00,2024-06-19 08:00:00,No-Show
1366,1744,2024-06-18 08:01:00,2024-06-18 10:30:00,Arrived
1367,2438,2024-06-18 11:08:00,2024-06-22 10:00:00,Arrived
1368,2437,2024-06-18 11:46:00,2024-06-20 09:00:00,Arrived
1369,1493,2024-06-18 11:59:00,2024-07-17 11:00:00,Arrived
1370,933,2024-06-18 13:13:00,2024-06-18 14:00:00,Arrived
1371,1098,2024-06-18 14:06:00,2024-06-20 10:00:00,Arrived
1372,2439,2024-06-18 15:32:00,2024-06-25 11:00:00,Arrived
1373,2434,2024-06-18 16:47:00,2024-06-19 08:30:00,Arrived
1374,2435,2024-06-18 18:19:00,2024-06-19 09:00:00,Arrived
1375,1669,2024-06-18 20:47:00,2024-07-01 10:00:00,Arrived
1376,2447,2024-06-19 07:22:00,2024-07-02 08:30:00,Cancelled
1377,2272,2024-06-19 07:30:00,2024-06-19 08:30:00,Arrived
1378,276,2024-06-19 07:56:00,2024-06-25 08:30:00,Arrived
1379,357,2024-06-19 10:04:00,2024-06-28 09:00:00,Arrived
1380,1880,2024-06-19 12:56:00,2024-06-24 14:30:00,Arrived
1381,2446,2024-06-19 17:00:00,2024-06-26 15:30:00,Arrived
1382,625,2024-06-19 17:52:00,2024-06-24 08:00:00,Arrived
1383,1820,2024-06-19 18:43:00,2024-06-21 09:00:00,Arrived
1384,2453,2024-06-20 06:07:00,2024-06-20 08:00:00,Arrived
1385,1994,2024-06-20 10:08:00,2024-06-24 09:00:00,Arrived
1386,2346,2024-06-20 11:37:00,2024-06-22 08:00:00,Arrived
1387,2455,2024-06-20 11:55:00,2024-06-24 11:00:00,Arrived
1388,2465,2024-06-20 15:19:00,2024-06-25 08:30:00,Arrived
1389,2466,2024-06-20 16:01:00,2024-06-27 12:30:00,Arrived
1390,1803,2024-06-20 16:02:00,2024-06-27 08:00:00,Cancelled
1391,183,2024-06-20 16:42:00,2024-06-25 09:00:00,Arrived
1392,1325,2024-06-20 19:04:00,2024-06-22 08:30:00,No-Show
1393,138,2024-06-20 20:26:00,2024-06-21 11:30:00,Arrived
1394,792,2024-06-20 20:41:00,2024-06-27 07:30:00,Arrived
1395,2472,2024-06-21 06:28:00,2024-06-21 08:00:00,Arrived
1396,2473,2024-06-21 09:08:00,2024-06-26 10:00:00,Arrived
1397,2476,2024-06-21 09:36:00,2024-07-16 12:00:00,Arrived
1398,598,2024-06-21 12:58:00,2024-07-05 14:00:00,Arrived
1399,230,2024-06-21 13:16:00,2024-06-25 07:30:00,Arrived
1400,2474,2024-06-21 16:33:00,2024-06-28 08:00:00,Arrived
1401,2475,2024-06-21 17:33:00,2024-07-03 09:30:00,Arrived
1402,2064,2024-06-22 06:35:00,2024-06-22 08:00:00,Arrived
1403,1765,2024-06-22 07:27:00,2024-06-22 08:00:00,Arrived
1404,2480,2024-06-22 07:47:00,2024-07-08 09:30:00,Arrived
1405,2477,2024-06-22 07:48:00,2024-06-26 13:00:00,Arrived
1406,2142,2024-06-22 10:56:00,2024-06-27 07:30:00,Arrived
1407,2478,2024-06-22 13:17:00,2024-06-27 14:00:00,Arrived
1408,2479,2024-06-22 13:25:00,2024-06-28 11:30:00,Arrived
1409,455,2024-06-22 14:58:00,2024-06-27 11:30:00,Arrived
1410,1885,2024-06-22 15:08:00,2024-07-05 10:30:00,Arrived
1411,436,2024-06-22 17:36:00,2024-06-24 10:00:00,Arrived
1412,679,2024-06-22 20:08:00,2024-07-02 13:30:00,Arrived
1413,2133,2024-06-23 07:07:00,2024-06-25 08:30:00,Arrived
1414,2312,2024-06-23 08:45:00,2024-06-24 08:00:00,Arrived
1415,727,2024-06-23 11:26:00,2024-07-02 10:30:00,Arrived
1416,1749,2024-06-23 12:10:00,2024-06-26 08:00:00,Arrived
1417,1166,2024-06-23 14:15:00,2024-06-27 12:30:00,Arrived
1418,1932,2024-06-23 16:52:00,2024-07-05 08:30:00,No-Show
1419,2365,2024-06-23 17:00:00,2024-06-29 09:00:00,Arrived
1420,2481,2024-06-24 07:05:00,2024-06-26 07:30:00,Arrived
1421,1692,2024-06-24 07:14:00,2024-07-01 10:30:00,Arrived
1422,1570,2024-06-24 09:03:00,2024-07-01 08:00:00,Arrived
1423,882,2024-06-24 10:28:00,2024-07-08 08:00:00,Arrived
1424,1703,2024-06-24 11:47:00,2024-07-08 14:30:00,Arrived
1425,187,2024-06-24 12:27:00,2024-06-26 12:30:00,Arrived
1426,2482,2024-06-24 17:02:00,2024-06-27 09:00:00,Arrived
1427,861,2024-06-24 17:06:00,2024-06-29 09:30:00,Arrived
1428,1212,2024-06-24 17:42:00,2024-06-26 07:30:00,Cancelled
1429,1611,2024-06-24 18:11:00,2024-07-01 11:00:00,No-Show
1430,1521,2024-06-24 18:33:00,2024-06-26 09:00:00,Arrived
1431,677,2024-06-24 18:35:00,2024-07-03 08:00:00,No-Show
1432,1775,2024-06-24 20:37:00,2024-06-26 11:00:00,Arrived
1433,416,2024-06-25 07:40:00,2024-06-25 08:00:00,Arrived
1434,2486,2024-06-25 08:08:00,2024-07-06 08:00:00,No-Show
1435,1948,2024-06-25 10:22:00,2024-07-01 09:30:00,Arrived
1436,2485,2024-06-25 10:41:00,2024-06-28 10:00:00,Arrived
1437,2483,2024-06-25 12:27:00,2024-06-28 07:30:00,Arrived
1438,1373,2024-06-25 18:34:00,2024-07-01 08:00:00,Arrived
1439,2488,2024-06-25 20:23:00,2024-07-25 07:30:00,Arrived
1440,2491,2024-06-26 08:17:00,2024-06-26 12:30:00,Arrived
1441,328,2024-06-26 08:18:00,2024-07-08 11:30:00,No-Show
1442,2068,2024-06-26 11:58:00,2024-06-29 08:00:00,Arrived
1443,1083,2024-06-26 12:09:00,2024-07-08 08:00:00,No-Show
1444,403,2024-06-26 13:08:00,2024-06-27 09:00:00,Arrived
1445,1071,2024-06-26 13:56:00,2024-06-29 09:30:00,Arrived
1446,1877,2024-06-26 14:32:00,2024-06-26 15:00:00,Arrived
1447,541,2024-06-26 15:04:00,2024-06-27 07:30:00,Arrived
1448,1546,2024-06-26 20:19:00,2024-07-01 14:30:00,Arrived
1449,2495,2024-06-27 07:18:00,2024-06-28 07:30:00,Arrived
1450,1167,2024-06-27 07:29:00,2024-06-27 08:00:00,Arrived
1451,2305,2024-06-27 11:58:00,2024-06-29 08:00:00,Arrived
1452,2494,2024-06-27 13:16:00,2024-06-28 10:00:00,Arrived
1453,750,2024-06-27 13:39:00,2024-06-28 09:30:00,Arrived
1454,2502,2024-06-27 17:03:00,2024-07-03 14:00:00,Arrived
1455,1705,2024-06-27 17:20:00,2024-07-01 08:30:00,Arrived
1456,2496,2024-06-27 17:25:00,2024-07-03 08:30:00,Arrived
1457,2504,2024-06-28 06:27:00,2024-06-28 12:00:00,Arrived
1458,69,2024-06-28 10:29:00,2024-07-01 08:00:00,Arrived
1459,2406,2024-06-28 10:45:00,2024-07-01 10:00:00,Arrived
1460,2459,2024-06-28 14:06:00,2024-07-03 11:00:00,Cancelled
1461,1471,2024-06-28 14:21:00,2024-06-29 08:30:00,Arrived
1462,144,2024-06-28 15:42:00,2024-07-08 07:30:00,Arrived
1463,2505,2024-06-28 20:06:00,2024-07-12 09:30:00,Arrived
1464,1951,2024-06-29 06:35:00,2024-06-29 09:30:00,Arrived
1465,133,2024-06-29 07:08:00,2024-06-29 08:30:00,Arrived
1466,1504,2024-06-29 09:13:00,2024-07-01 12:00:00,Arrived
1467,2506,2024-06-29 09:16:00,2024-07-12 08:00:00,No-Show
1468,1660,2024-06-29 09:18:00,2024-07-02 14:30:00,Arrived
1469,1138,2024-06-29 14:53:00,2024-07-01 09:00:00,Arrived
1470,1298,2024-06-29 16:13:00,2024-07-01 08:00:00,Arrived
1471,2167,2024-06-29 17:47:00,2024-07-29 11:00:00,No-Show
1472,2514,2024-06-30 08:31:00,2024-07-03 11:30:00,Arrived
1473,1516,2024-06-30 09:14:00,2024-07-01 07:30:00,Arrived
1474,167,2024-06-30 12:40:00,2024-07-01 08:30:00,Arrived
1475,2516,2024-06-30 12:43:00,2024-07-27 11:30:00,Arrived
1476,2233,2024-06-30 13:15:00,2024-07-05 14:00:00,Arrived
1477,1768,2024-06-30 13:23:00,2024-07-05 10:00:00,Arrived
1478,2211,2024-06-30 14:08:00,2024-07-08 11:30:00,Arrived
1479,2508,2024-06-30 15:42:00,2024-07-03 11:00:00,Arrived
1480,1533,2024-06-30 16:09:00,2024-07-01 08:00:00,Arrived
1481,2325,2024-06-30 17:22:00,2024-07-03 15:30:00,Arrived
1482,2515,2024-06-30 17:29:00,2024-07-24 11:30:00,Arrived
1483,2507,2024-06-30 17:34:00,2024-07-02 08:00:00,No-Show
1484,932,2024-06-30 18:20:00,2024-07-01 15:00:00,Arrived
1485,224,2024-06-30 19:00:00,2024-07-01 10:30:00,Arrived
1486,1710,2024-07-01 06:19:00,2024-07-01 09:00:00,Arrived
1487,1662,2024-07-01 06:43:00,2024-07-01 13:30:00,Arrived
1488,643,2024-07-01 08:26:00,2024-07-02 13:30:00,Arrived
1489,2521,2024-07-01 15:46:00,2024-07-03 13:30:00,Arrived
1490,1514,2024-07-01 17:19:00,2024-07-20 10:30:00,Arrived
1491,1712,2024-07-01 17:54:00,2024-07-06 09:00:00,Arrived
1492,721,2024-07-01 18:37:00,2024-07-02 08:30:00,Arrived
1493,2519,2024-07-01 18:55:00,2024-07-02 14:30:00,Arrived
1494,2520,2024-07-01 20:40:00,2024-07-02 08:30:00,Arrived
1495,2525,2024-07-02 10:52:00,2024-07-10 08:30:00,Arrived
1496,2526,2024-07-02 18:01:00,2024-07-29 15:30:00,Arrived
1497,6,2024-07-02 18:35:00,2024-07-22 10:30:00,No-Show
1498,1245,2024-07-02 20:10:00,2024-07-16 14:00:00,Arrived
1499,2524,2024-07-02 20:40:00,2024-07-03 09:30:00,Arrived
1500,1255,2024-07-03 06:47:00,2024-07-03 10:00:00,Arrived
1501,2529,2024-07-03 07:30:00,2024-07-03 08:30:00,Arrived
1502,412,2024-07-03 08:03:00,2024-07-03 09:30:00,Arrived
1503,2095,2024-07-03 14:24:00,2024-07-05 10:30:00,Arrived
1504,433,2024-07-03 19:48:00,2024-07-15 11:00:00,Arrived
1505,2538,2024-07-03 20:00:00,2024-07-11 10:30:00,Arrived
1506,2537,2024-07-03 20:28:00,2024-07-09 07:30:00,Arrived
1507,1858,2024-07-04 07:09:00,2024-07-09 14:30:00,Arrived
1508,1673,2024-07-04 08:51:00,2024-07-09 14:30:00,Arrived
1509,2540,2024-07-04 09:02:00,2024-07-05 08:00:00,Arrived
1510,2546,2024-07-04 09:49:00,2024-07-12 12:00:00,Cancelled
1511,2543,2024-07-04 12:04:00,2024-07-11 15:00:00,Arrived
1512,2541,2024-07-04 12:24:00,2024-07-08 15:00:00,Arrived
1513,2548,2024-07-04 12:35:00,2024-07-25 11:30:00,Cancelled
1514,142,2024-07-04 12:43:00,2024-07-15 08:30:00,Arrived
1515,1852,2024-07-04 13:55:00,2024-07-08 13:30:00,Arrived
1516,2539,2024-07-04 14:48:00,2024-07-05 10:30:00,Arrived
1517,2544,2024-07-04 14:58:00,2024-07-11 09:30:00,Arrived
1518,1897,2024-07-04 16:36:00,2024-07-09 13:30:00,Arrived
1519,2321,2024-07-04 17:01:00,2024-07-05 14:30:00,Arrived
1520,346,2024-07-05 07:04:00,2024-07-06 09:30:00,Cancelled
1521,2551,2024-07-05 10:38:00,2024-07-10 07:30:00,Arrived
1522,1769,2024-07-05 11:44:00,2024-07-06 09:30:00,Arrived
1523,2190,2024-07-05 12:59:00,2024-07-06 09:00:00,Arrived
1524,2552,2024-07-05 15:29:00,2024-07-11 15:30:00,Arrived
1525,2554,2024-07-05 16:32:00,2024-07-17 10:30:00,Arrived
1526,2557,2024-07-05 18:09:00,2024-07-23 08:00:00,Cancelled
1527,2553,2024-07-05 18:19:00,2024-07-11 14:00:00,Arrived
1528,1443,2024-07-05 18:37:00,2024-07-06 08:30:00,Arrived
1529,1932,2024-07-06 08:02:00,2024-07-08 10:00:00,Arrived
1530,1234,2024-07-06 10:34:00,2024-07-08 10:00:00,Arrived
1531,2561,2024-07-06 13:13:00,2024-07-10 11:30:00,Arrived
1532,430,2024-07-06 13:49:00,2024-07-08 13:30:00,Arrived
1533,2559,2024-07-06 16:56:00,2024-07-10 07:30:00,Arrived
1534,2560,2024-07-06 18:24:00,2024-07-10 09:30:00,Arrived
1535,2459,2024-07-07 12:32:00,2024-07-12 08:30:00,Arrived
1536,242,2024-07-07 14:34:00,2024-07-16 10:00:00,Arrived
1537,2563,2024-07-07 14:54:00,2024-07-09 11:30:00,Arrived
1538,2562,2024-07-07 20:57:00,2024-07-08 13:00:00,Arrived
1539,1679,2024-07-08 09:07:00,2024-07-09 08:00:00,Arrived
1540,1006,2024-07-08 09:43:00,2024-07-08 13:00:00,Arrived
1541,2565,2024-07-08 13:21:00,2024-07-10 10:30:00,No-Show
1542,2564,2024-07-08 17:54:00,2024-07-10 12:30:00,Arrived
1543,2015,2024-07-08 18:08:00,2024-07-09 07:30:00,Arrived
1544,2566,2024-07-08 18:39:00,2024-07-10 15:00:00,Arrived
1545,2268,2024-07-08 18:51:00,2024-07-10 14:30:00,Arrived
1546,1382,2024-07-08 20:05:00,2024-07-11 10:30:00,Arrived
1547,2572,2024-07-09 07:20:00,2024-07-09 09:00:00,Arrived
1548,2573,2024-07-09 07:28:00,2024-07-12 08:00:00,Arrived
1549,2523,2024-07-09 07:49:00,2024-07-11 09:30:00,Arrived
1550,1700,2024-07-09 08:43:00,2024-07-12 13:00:00,No-Show
1551,2068,2024-07-09 10:01:00,2024-07-09 12:30:00,Arrived
1552,221,2024-07-09 16:04:00,2024-07-11 12:30:00,Arrived
1553,2370,2024-07-09 16:18:00,2024-08-08 15:00:00,Arrived
1554,32,2024-07-09 17:09:00,2024-07-11 08:00:00,Arrived
1555,2347,2024-07-10 09:27:00,2024-07-10 14:30:00,Cancelled
1556,1356,2024-07-10 10:15:00,2024-07-11 12:30:00,Arrived
1557,1226,2024-07-10 10:48:00,2024-07-17 09:00:00,Arrived
1558,1803,2024-07-10 11:17:00,2024-07-13 11:00:00,Arrived
1559,1491,2024-07-10 15:31:00,2024-07-15 11:00:00,Arrived
1560,2200,2024-07-10 16:42:00,2024-07-22 13:30:00,Arrived
1561,2576,2024-07-10 17:17:00,2024-07-16 07:30:00,Arrived
1562,480,2024-07-10 17:33:00,2024-07-16 08:30:00,Arrived
1563,715,2024-07-10 18:26:00,2024-07-18 08:00:00,Arrived
1564,706,2024-07-10 19:38:00,2024-08-09 11:00:00,Arrived
1565,2278,2024-07-10 20:03:00,2024-07-13 10:30:00,Arrived
1566,1565,2024-07-11 07:42:00,2024-07-11 10:30:00,Arrived
1567,2583,2024-07-11 07:42:00,2024-07-31 08:00:00,Arrived
1568,2581,2024-07-11 11:31:00,2024-07-25 12:00:00,Arrived
1569,2235,2024-07-11 11:54:00,2024-07-13 08:00:00,Arrived
1570,1260,2024-07-11 12:07:00,2024-07-12 08:30:00,Cancelled
1571,638,2024-07-11 13:09:00,2024-07-13 09:00:00,Arrived
1572,2577,2024-07-11 13:50:00,2024-07-13 10:00:00,Arrived
1573,1073,2024-07-11 15:09:00,2024-07-12 08:00:00,Arrived
1574,2578,2024-07-11 15:57:00,2024-07-16 13:30:00,Arrived
1575,2250,2024-07-11 19:12:00,2024-07-22 14:00:00,Arrived
1576,2579,2024-07-11 19:18:00,2024-07-19 07:30:00,Arrived
1577,2592,2024-07-12 07:56:00,2024-07-12 11:00:00,Arrived
1578,1732,2024-07-12 08:10:00,2024-07-12 08:30:00,Arrived
1579,2588,2024-07-12 08:27:00,2024-07-12 09:00:00,Arrived
1580,2598,2024-07-12 10:43:00,2024-08-01 10:00:00,Arrived
1581,465,2024-07-12 10:49:00,2024-07-24 11:00:00,Arrived
1582,474,2024-07-12 10:59:00,2024-07-15 09:00:00,Arrived
1583,157,2024-07-12 12:57:00,2024-07-22 10:00:00,Arrived
1584,2595,2024-07-12 13:10:00,2024-07-17 13:00:00,Arrived
1585,2593,2024-07-12 13:14:00,2024-07-13 10:00:00,Arrived
1586,351,2024-07-12 15:20:00,2024-07-19 11:30:00,Arrived
1587,552,2024-07-12 15:35:00,2024-07-15 08:30:00,Arrived
1588,1369,2024-07-12 17:04:00,2024-07-19 08:00:00,Arrived
1589,2597,2024-07-12 18:17:00,2024-07-24 14:30:00,Cancelled
1590,2459,2024-07-12 18:48:00,2024-07-15 11:30:00,Arrived
1591,1921,2024-07-12 19:08:00,2024-07-17 11:00:00,Arrived
1592,2596,2024-07-12 20:38:00,2024-07-18 09:00:00,Arrived
1593,738,2024-07-12 20:52:00,2024-07-30 08:30:00,Arrived
1594,581,2024-07-12 21:00:00,2024-07-17 14:30:00,Arrived
1595,1631,2024-07-13 06:40:00,2024-07-13 10:00:00,Arrived
1596,2599,2024-07-13 18:42:00,2024-07-18 08:30:00,Arrived
1597,809,2024-07-13 19:13:00,2024-07-15 15:00:00,Arrived
1598,605,2024-07-14 07:57:00,2024-07-16 08:00:00,Arrived
1599,2227,2024-07-14 08:27:00,2024-07-18 09:00:00,Arrived
1600,2280,2024-07-14 08:43:00,2024-07-20 12:00:00,Arrived
1601,2601,2024-07-14 11:00:00,2024-07-17 11:00:00,Arrived
1602,2602,2024-07-14 11:07:00,2024-07-17 07:30:00,Arrived
1603,1915,2024-07-14 11:37:00,2024-07-26 08:30:00,No-Show
1604,2162,2024-07-14 14:14:00,2024-07-15 07:30:00,Arrived
1605,669,2024-07-14 15:06:00,2024-07-17 10:30:00,Arrived
1606,133,2024-07-14 15:52:00,2024-07-22 12:00:00,Arrived
1607,2600,2024-07-14 16:09:00,2024-07-15 10:00:00,Arrived
1608,1753,2024-07-14 18:29:00,2024-07-16 10:30:00,Arrived
1609,1146,2024-07-14 18:34:00,2024-07-15 15:00:00,Arrived
1610,1673,2024-07-14 18:47:00,2024-07-16 14:30:00,Arrived
1611,2042,2024-07-15 10:42:00,2024-07-16 07:30:00,Arrived
1612,2603,2024-07-15 11:38:00,2024-07-16 08:00:00,Arrived
1613,2144,2024-07-15 12:20:00,2024-07-18 08:00:00,Arrived
1614,2604,2024-07-15 13:12:00,2024-07-16 10:00:00,Arrived
1615,1700,2024-07-15 14:54:00,2024-07-19 07:30:00,Arrived
1616,2605,2024-07-15 16:16:00,2024-07-19 12:30:00,Arrived
1617,2271,2024-07-15 17:38:00,2024-07-17 07:30:00,Arrived
1618,2606,2024-07-15 18:08:00,2024-07-26 11:00:00,Arrived
1619,2447,2024-07-15 20:09:00,2024-07-23 15:00:00,Arrived
1620,2546,2024-07-16 09:49:00,2024-07-22 12:00:00,No-Show
1621,2612,2024-07-16 10:11:00,2024-07-23 13:30:00,Arrived
1622,2609,2024-07-16 11:23:00,2024-07-17 07:30:00,Arrived
1623,1464,2024-07-16 18:24:00,2024-07-17 09:30:00,Arrived
1624,2610,2024-07-16 19:07:00,2024-07-23 09:30:00,Arrived
1625,154,2024-07-17 09:28:00,2024-08-02 11:30:00,No-Show
1626,2619,2024-07-17 09:37:00,2024-07-19 07:30:00,Arrived
1627,1853,2024-07-17 11:45:00,2024-07-20 11:00:00,Arrived
1628,1705,2024-07-17 12:23:00,2024-07-19 12:00:00,Arrived
1629,2112,2024-07-17 15:25:00,2024-07-22 08:00:00,Arrived
1630,792,2024-07-17 15:36:00,2024-07-19 13:00:00,Arrived
1631,1886,2024-07-17 16:33:00,2024-07-20 11:00:00,Arrived
1632,2618,2024-07-17 16:45:00,2024-07-18 08:00:00,Arrived
1633,1864,2024-07-17 18:22:00,2024-07-24 10:30:00,Arrived
1634,2617,2024-07-17 20:25:00,2024-07-18 08:00:00,No-Show
1635,2621,2024-07-18 06:46:00,2024-07-18 11:00:00,Arrived
1636,2624,2024-07-18 09:35:00,2024-07-18 14:30:00,Arrived
1637,735,2024-07-18 09:59:00,2024-07-22 08:00:00,Arrived
1638,2628,2024-07-18 10:40:00,2024-07-23 12:00:00,Arrived
1639,2629,2024-07-18 12:52:00,2024-07-24 07:30:00,Arrived
1640,2126,2024-07-18 12:52:00,2024-08-15 08:30:00,Arrived
1641,2627,2024-07-18 12:59:00,2024-07-19 08:30:00,Arrived
1642,444,2024-07-18 14:11:00,2024-07-25 14:30:00,No-Show
1643,685,2024-07-18 16:01:00,2024-07-29 10:30:00,Arrived
1644,2524,2024-07-18 18:41:00,2024-07-19 11:30:00,Arrived
1645,2631,2024-07-19 11:49:00,2024-07-25 11:30:00,Arrived
1646,2166,2024-07-19 16:08:00,2024-07-27 08:00:00,Arrived
1647,281,2024-07-19 17:29:00,2024-07-24 09:00:00,Arrived
1648,1933,2024-07-19 19:08:00,2024-07-20 09:30:00,Arrived
1649,2646,2024-07-20 07:38:00,2024-07-27 10:00:00,Arrived
1650,1121,2024-07-20 12:24:00,2024-07-23 09:00:00,Arrived
1651,2647,2024-07-20 13:19:00,2024-08-07 13:00:00,No-Show
1652,2641,2024-07-20 14:32:00,2024-07-26 10:30:00,Arrived
1653,434,2024-07-20 14:34:00,2024-07-23 13:00:00,Arrived
1654,2565,2024-07-20 17:31:00,2024-07-26 13:30:00,Arrived
1655,1296,2024-07-20 18:38:00,2024-07-22 10:00:00,Arrived
1656,2637,2024-07-20 19:40:00,2024-07-24 10:30:00,Cancelled
1657,1594,2024-07-20 19:40:00,2024-07-26 11:00:00,Arrived
1658,1260,2024-07-20 20:15:00,2024-07-22 09:00:00,Cancelled
1659,2648,2024-07-20 20:20:00,2024-08-14 09:00:00,No-Show
1660,1632,2024-07-21 11:40:00,2024-08-07 14:00:00,No-Show
1661,2650,2024-07-21 12:01:00,2024-07-25 10:30:00,Arrived
1662,2652,2024-07-21 12:44:00,2024-07-31 07:30:00,Arrived
1663,812,2024-07-21 14:07:00,2024-07-26 13:30:00,Arrived
1664,416,2024-07-21 14:25:00,2024-07-23 10:00:00,Arrived
1665,2439,2024-07-21 16:24:00,2024-07-29 14:30:00,Arrived
1666,2389,2024-07-21 17:27:00,2024-07-25 09:30:00,Arrived
1667,377,2024-07-21 18:11:00,2024-08-19 08:00:00,Arrived
1668,1471,2024-07-21 20:13:00,2024-07-26 11:30:00,Arrived
1669,1133,2024-07-22 07:20:00,2024-07-24 11:00:00,Arrived
1670,2452,2024-07-22 09:07:00,2024-07-24 13:00:00,Arrived
1671,2559,2024-07-22 10:58:00,2024-07-24 10:30:00,Arrived
1672,2653,2024-07-22 11:38:00,2024-07-24 09:30:00,Arrived
1673,307,2024-07-22 12:51:00,2024-07-24 10:30:00,Arrived
1674,2042,2024-07-22 13:36:00,2024-07-25 09:30:00,Arrived
1675,880,2024-07-22 15:53:00,2024-07-24 08:00:00,Arrived
1676,1444,2024-07-22 18:57:00,2024-07-23 07:30:00,Cancelled
1677,1657,2024-07-23 07:22:00,2024-07-29 09:00:00,Arrived
1678,2663,2024-07-23 09:55:00,2024-08-08 11:30:00,Arrived
1679,2256,2024-07-23 12:39:00,2024-07-25 08:00:00,Arrived
1680,2337,2024-07-23 14:02:00,2024-07-24 09:00:00,Arrived
1681,2662,2024-07-23 16:35:00,2024-08-06 12:30:00,Arrived
1682,2659,2024-07-23 17:44:00,2024-07-25 09:00:00,Arrived
1683,2661,2024-07-23 17:47:00,2024-07-25 09:00:00,Arrived
1684,867,2024-07-23 18:29:00,2024-07-31 10:00:00,Arrived
1685,2669,2024-07-24 09:19:00,2024-07-25 15:00:00,Arrived
1686,1925,2024-07-24 09:52:00,2024-07-25 08:00:00,Arrived
1687,2674,2024-07-24 10:00:00,2024-08-07 10:30:00,Arrived
1688,2672,2024-07-24 10:14:00,2024-08-05 11:00:00,Arrived
1689,2110,2024-07-24 13:18:00,2024-08-03 08:00:00,Arrived
1690,91,2024-07-24 14:09:00,2024-07-27 08:30:00,Arrived
1691,2670,2024-07-24 17:32:00,2024-07-27 09:30:00,Arrived
1692,2211,2024-07-24 19:13:00,2024-07-25 07:30:00,Arrived
1693,2331,2024-07-24 19:58:00,2024-07-29 09:00:00,Arrived
1694,598,2024-07-25 07:11:00,2024-07-25 14:30:00,Arrived
1695,511,2024-07-25 07:15:00,2024-07-27 08:00:00,Arrived
1696,2681,2024-07-25 08:55:00,2024-08-09 14:00:00,Arrived
1697,2679,2024-07-25 10:08:00,2024-07-26 10:00:00,Arrived
1698,2680,2024-07-25 10:36:00,2024-08-07 12:00:00,Arrived
1699,2683,2024-07-25 12:08:00,2024-08-13 14:30:00,Arrived
1700,1863,2024-07-25 12:24:00,2024-07-27 09:00:00,Arrived
1701,2677,2024-07-25 14:03:00,2024-07-26 12:00:00,Arrived
1702,174,2024-07-25 15:13:00,2024-08-17 11:00:00,Arrived
1703,2034,2024-07-25 16:34:00,2024-08-02 13:30:00,Cancelled
1704,1116,2024-07-25 19:20:00,2024-07-26 13:00:00,Arrived
1705,2392,2024-07-26 06:54:00,2024-07-26 13:00:00,Arrived
1706,2684,2024-07-26 08:14:00,2024-07-26 11:30:00,Arrived
1707,2688,2024-07-26 10:14:00,2024-07-27 12:00:00,Arrived
1708,2691,2024-07-26 10:47:00,2024-08-07 09:00:00,Arrived
1709,2690,2024-07-26 11:33:00,2024-08-05 08:30:00,Arrived
1710,2264,2024-07-26 12:49:00,2024-08-01 11:00:00,Arrived
1711,2689,2024-07-26 13:28:00,2024-07-29 09:00:00,Arrived
1712,732,2024-07-26 14:12:00,2024-07-29 08:30:00,Arrived
1713,2061,2024-07-26 17:19:00,2024-08-01 07:30:00,Arrived
1714,2695,2024-07-27 07:28:00,2024-07-27 08:00:00,Arrived
1715,2697,2024-07-27 07:49:00,2024-08-01 13:00:00,Arrived
1716,2694,2024-07-27 08:05:00,2024-07-27 09:00:00,Arrived
1717,2548,2024-07-27 08:12:00,2024-07-29 12:00:00,Arrived
1718,2698,2024-07-27 13:59:00,2024-08-01 11:30:00,Cancelled
1719,2603,2024-07-27 18:12:00,2024-07-29 10:30:00,Arrived
1720,2696,2024-07-27 18:40:00,2024-07-30 09:00:00,Cancelled
1721,362,2024-07-28 08:53:00,2024-07-29 10:30:00,Arrived
1722,1945,2024-07-28 11:38:00,2024-07-29 11:30:00,Arrived
1723,1073,2024-07-28 11:51:00,2024-08-02 11:00:00,Arrived
1724,1253,2024-07-28 12:25:00,2024-08-13 10:00:00,Arrived
1725,2699,2024-07-28 17:20:00,2024-07-29 11:30:00,Arrived
1726,2700,2024-07-28 18:18:00,2024-07-29 11:30:00,Arrived
1727,980,2024-07-28 20:25:00,2024-07-29 14:30:00,Arrived
1728,2315,2024-07-29 06:20:00,2024-07-29 08:30:00,Arrived
1729,2165,2024-07-29 06:54:00,2024-07-29 09:30:00,Arrived
1730,1512,2024-07-29 07:07:00,2024-07-29 08:00:00,Arrived
1731,2704,2024-07-29 07:18:00,2024-07-31 10:00:00,No-Show
1732,2707,2024-07-29 07:47:00,2024-08-06 08:00:00,Arrived
1733,2706,2024-07-29 09:00:00,2024-08-05 08:00:00,Arrived
1734,1929,2024-07-29 10:27:00,2024-08-05 08:00:00,Arrived
1735,1620,2024-07-29 10:46:00,2024-07-30 09:30:00,Arrived
1736,545,2024-07-29 11:14:00,2024-08-02 12:30:00,Arrived
1737,2577,2024-07-29 13:05:00,2024-07-30 14:00:00,Arrived
1738,1156,2024-07-29 13:21:00,2024-08-01 07:30:00,Arrived
1739,1174,2024-07-29 13:45:00,2024-07-31 09:30:00,Arrived
1740,1058,2024-07-29 14:47:00,2024-07-30 13:00:00,Arrived
1741,2313,2024-07-29 14:56:00,2024-07-30 10:00:00,Arrived
1742,2702,2024-07-29 17:23:00,2024-07-31 08:00:00,Arrived
1743,2705,2024-07-29 20:28:00,2024-08-01 11:30:00,Arrived
1744,2701,2024-07-29 20:52:00,2024-07-31 08:00:00,Arrived
1745,2713,2024-07-30 08:16:00,2024-08-05 13:00:00,Arrived
1746,2035,2024-07-30 08:31:00,2024-08-19 11:00:00,Arrived
1747,2710,2024-07-30 08:36:00,2024-07-31 08:00:00,Arrived
1748,1210,2024-07-30 10:27:00,2024-08-01 14:30:00,Arrived
1749,1403,2024-07-30 10:27:00,2024-08-05 10:30:00,Arrived
1750,2712,2024-07-30 10:38:00,2024-07-31 12:00:00,No-Show
1751,1972,2024-07-30 12:47:00,2024-08-01 08:00:00,Arrived
1752,2212,2024-07-30 15:06:00,2024-07-31 07:30:00,Arrived
1753,685,2024-07-30 18:37:00,2024-07-31 11:00:00,Arrived
1754,1995,2024-07-30 20:18:00,2024-08-05 07:30:00,Arrived
1755,2721,2024-07-31 06:09:00,2024-07-31 11:00:00,Arrived
1756,541,2024-07-31 06:13:00,2024-07-31 08:00:00,Arrived
1757,2714,2024-07-31 07:01:00,2024-07-31 08:30:00,Arrived
1758,2280,2024-07-31 07:05:00,2024-08-07 13:00:00,Arrived
1759,2150,2024-07-31 10:08:00,2024-08-07 12:30:00,Cancelled
1760,2000,2024-07-31 11:35:00,2024-08-03 08:00:00,Arrived
1761,2637,2024-07-31 11:53:00,2024-08-01 09:00:00,Arrived
1762,2720,2024-07-31 12:01:00,2024-07-31 12:30:00,Arrived
1763,2735,2024-07-31 13:36:00,2024-08-08 11:00:00,Cancelled
1764,2737,2024-07-31 15:04:00,2024-08-21 10:00:00,Arrived
1765,2732,2024-07-31 15:35:00,2024-08-02 09:00:00,Arrived
1766,2734,2024-07-31 15:46:00,2024-08-07 08:00:00,Arrived
1767,1694,2024-07-31 15:58:00,2024-08-01 08:30:00,Arrived
1768,646,2024-07-31 16:04:00,2024-08-02 10:00:00,Arrived
1769,2727,2024-07-31 19:50:00,2024-08-01 08:00:00,Arrived
1770,2728,2024-07-31 20:44:00,2024-08-02 10:30:00,Arrived
1771,1949,2024-08-01 07:14:00,2024-08-01 10:00:00,Arrived
1772,183,2024-08-01 07:15:00,2024-08-01 15:00:00,Arrived
1773,2725,2024-08-01 11:13:00,2024-08-14 09:30:00,Arrived
1774,2739,2024-08-01 15:50:00,2024-08-02 13:30:00,Arrived
1775,2744,2024-08-01 16:01:00,2024-08-02 08:00:00,Arrived
1776,1649,2024-08-01 16:22:00,2024-08-13 08:30:00,Arrived
1777,2462,2024-08-01 17:50:00,2024-08-05 08:00:00,Arrived
1778,2113,2024-08-01 18:36:00,2024-08-12 08:00:00,No-Show
1779,2144,2024-08-01 20:16:00,2024-08-08 14:00:00,Arrived
1780,2030,2024-08-02 07:45:00,2024-08-15 14:30:00,Arrived
1781,2749,2024-08-02 12:24:00,2024-08-05 07:30:00,Arrived
1782,2750,2024-08-02 16:11:00,2024-08-06 08:30:00,Arrived
1783,2759,2024-08-02 16:22:00,2024-08-15 07:30:00,Arrived
1784,2437,2024-08-02 18:33:00,2024-08-14 07:30:00,Arrived
1785,2757,2024-08-02 19:55:00,2024-08-08 10:30:00,Arrived
1786,2006,2024-08-03 06:26:00,2024-08-03 10:00:00,Arrived
1787,2761,2024-08-03 07:46:00,2024-08-03 09:00:00,Arrived
1788,1390,2024-08-03 09:05:00,2024-08-03 10:30:00,Arrived
1789,1870,2024-08-03 11:56:00,2024-08-12 09:00:00,Arrived
1790,2282,2024-08-03 12:25:00,2024-08-05 08:30:00,Arrived
1791,1157,2024-08-03 16:56:00,2024-08-08 13:00:00,Arrived
1792,2766,2024-08-04 07:15:00,2024-08-28 11:00:00,Arrived
1793,2765,2024-08-04 07:35:00,2024-08-07 10:00:00,No-Show
1794,2763,2024-08-04 10:55:00,2024-08-05 10:30:00,No-Show
1795,2390,2024-08-04 11:39:00,2024-08-05 09:30:00,Arrived
1796,69,2024-08-04 17:49:00,2024-08-14 09:30:00,Cancelled
1797,1257,2024-08-04 19:34:00,2024-08-05 09:00:00,Arrived
1798,2077,2024-08-04 19:43:00,2024-08-09 15:00:00,Arrived
1799,2778,2024-08-05 08:12:00,2024-08-16 15:30:00,Arrived
1800,465,2024-08-05 08:34:00,2024-08-21 10:00:00,Arrived
1801,1852,2024-08-05 09:29:00,2024-08-06 12:00:00,Arrived
1802,2776,2024-08-05 12:18:00,2024-08-07 15:00:00,Arrived
1803,2777,2024-08-05 15:59:00,2024-08-07 09:00:00,Arrived
1804,1872,2024-08-05 16:01:00,2024-08-28 10:30:00,No-Show
1805,2773,2024-08-05 16:14:00,2024-08-06 07:30:00,Arrived
1806,1737,2024-08-05 16:21:00,2024-08-10 08:00:00,Arrived
1807,1837,2024-08-05 16:36:00,2024-08-16 08:00:00,Arrived
1808,2775,2024-08-05 20:35:00,2024-08-06 10:00:00,Arrived
1809,2786,2024-08-06 10:13:00,2024-08-07 15:30:00,Arrived
1810,1524,2024-08-06 10:24:00,2024-08-12 10:00:00,No-Show
1811,1720,2024-08-06 11:26:00,2024-08-08 13:00:00,Arrived
1812,260,2024-08-06 11:59:00,2024-08-12 08:00:00,Arrived
1813,1581,2024-08-06 13:22:00,2024-08-08 10:00:00,Arrived
1814,2788,2024-08-06 13:54:00,2024-08-13 07:30:00,No-Show
1815,49,2024-08-06 14:16:00,2024-08-08 07:30:00,Arrived
1816,2211,2024-08-06 16:59:00,2024-08-09 11:30:00,Arrived
1817,322,2024-08-06 19:40:00,2024-08-08 08:00:00,Arrived
1818,2798,2024-08-07 06:01:00,2024-08-07 08:00:00,Arrived
1819,2803,2024-08-07 11:49:00,2024-08-13 08:00:00,No-Show
1820,1860,2024-08-07 14:14:00,2024-08-10 08:00:00,Arrived
1821,2802,2024-08-07 15:31:00,2024-08-13 10:00:00,Arrived
1822,2524,2024-08-07 18:29:00,2024-08-12 13:30:00,Arrived
1823,1508,2024-08-07 19:18:00,2024-08-12 10:00:00,No-Show
1824,2810,2024-08-08 07:38:00,2024-08-14 09:00:00,Arrived
1825,2704,2024-08-08 07:51:00,2024-08-09 09:00:00,Arrived
1826,2805,2024-08-08 09:01:00,2024-08-08 09:30:00,Arrived
1827,2368,2024-08-08 11:14:00,2024-08-15 08:00:00,Arrived
1828,2323,2024-08-08 11:54:00,2024-08-22 09:00:00,Arrived
1829,1963,2024-08-08 13:16:00,2024-08-12 09:30:00,Cancelled
1830,6,2024-08-08 13:36:00,2024-08-12 11:00:00,Arrived
1831,2811,2024-08-08 13:46:00,2024-08-14 10:00:00,Cancelled
1832,2809,2024-08-08 16:37:00,2024-08-13 09:30:00,Arrived
1833,2184,2024-08-08 16:44:00,2024-08-10 09:00:00,Arrived
1834,2112,2024-08-09 07:55:00,2024-08-09 09:00:00,Arrived
1835,423,2024-08-09 09:21:00,2024-08-09 12:00:00,Arrived
1836,166,2024-08-09 09:31:00,2024-08-12 13:30:00,Arrived
1837,516,2024-08-09 11:02:00,2024-08-13 09:00:00,Arrived
1838,1856,2024-08-09 11:43:00,2024-08-09 12:30:00,Arrived
1839,2710,2024-08-09 11:57:00,2024-08-10 08:00:00,Arrived
1840,2813,2024-08-09 12:52:00,2024-08-09 13:30:00,Arrived
1841,2814,2024-08-09 14:09:00,2024-08-15 08:00:00,Arrived
1842,444,2024-08-09 15:04:00,2024-08-12 08:30:00,Arrived
1843,2819,2024-08-10 11:30:00,2024-08-16 08:30:00,Arrived
1844,2017,2024-08-10 12:15:00,2024-08-12 08:30:00,Arrived
1845,2167,2024-08-10 15:56:00,2024-08-12 09:00:00,Arrived
1846,455,2024-08-10 16:27:00,2024-08-14 09:00:00,Arrived
1847,2190,2024-08-11 07:18:00,2024-08-16 08:00:00,Arrived
1848,2822,2024-08-11 10:52:00,2024-08-13 07:30:00,Arrived
1849,2830,2024-08-11 11:06:00,2024-08-13 08:00:00,Arrived
1850,2445,2024-08-11 13:49:00,2024-08-16 07:30:00,Arrived
1851,2383,2024-08-11 14:34:00,2024-08-12 09:00:00,Arrived
1852,1340,2024-08-11 15:04:00,2024-08-12 10:00:00,Arrived
1853,2826,2024-08-11 15:53:00,2024-08-13 10:30:00,Cancelled
1854,344,2024-08-11 16:25:00,2024-08-13 08:00:00,Arrived
1855,129,2024-08-11 17:32:00,2024-08-31 08:00:00,Arrived
1856,1386,2024-08-11 18:03:00,2024-08-17 09:00:00,Arrived
1857,2835,2024-08-11 19:40:00,2024-08-17 10:30:00,Arrived
1858,2839,2024-08-12 07:14:00,2024-08-14 07:30:00,Arrived
1859,511,2024-08-12 07:28:00,2024-08-12 08:30:00,Arrived
1860,2840,2024-08-12 09:27:00,2024-08-16 09:30:00,Arrived
1861,265,2024-08-12 09:31:00,2024-08-19 11:30:00,Arrived
1862,2131,2024-08-12 11:48:00,2024-08-13 12:00:00,Cancelled
1863,2843,2024-08-12 16:53:00,2024-08-22 07:30:00,Arrived
1864,2841,2024-08-12 19:58:00,2024-08-19 09:30:00,Arrived
1865,2842,2024-08-12 20:13:00,2024-08-22 15:30:00,Arrived
1866,1882,2024-08-13 10:25:00,2024-08-17 10:00:00,Arrived
1867,1691,2024-08-13 10:48:00,2024-08-19 10:00:00,Arrived
1868,2261,2024-08-13 11:20:00,2024-08-19 13:30:00,Arrived
1869,2846,2024-08-13 11:25:00,2024-08-13 13:00:00,Arrived
1870,272,2024-08-13 12:27:00,2024-08-14 09:30:00,Arrived
1871,2850,2024-08-13 13:57:00,2024-08-20 15:30:00,Cancelled
1872,2857,2024-08-13 16:04:00,2024-08-26 08:00:00,Arrived
1873,2859,2024-08-13 18:37:00,2024-08-26 08:00:00,Arrived
1874,2847,2024-08-13 18:54:00,2024-08-14 08:00:00,Arrived
1875,2848,2024-08-13 18:58:00,2024-08-16 10:00:00,Arrived
1876,318,2024-08-13 19:02:00,2024-08-19 09:00:00,Arrived
1877,2803,2024-08-14 07:09:00,2024-08-20 08:00:00,Arrived
1878,2699,2024-08-14 07:19:00,2024-08-14 11:30:00,Arrived
1879,576,2024-08-14 07:57:00,2024-08-19 07:30:00,Arrived
1880,2860,2024-08-14 09:19:00,2024-08-14 11:00:00,Arrived
1881,2861,2024-08-14 09:28:00,2024-08-16 07:30:00,Arrived
1882,2862,2024-08-14 13:35:00,2024-08-16 11:30:00,Arrived
1883,69,2024-08-14 14:41:00,2024-08-30 08:30:00,Arrived
1884,2863,2024-08-14 14:47:00,2024-08-16 09:30:00,Arrived
1885,2864,2024-08-14 19:08:00,2024-08-22 13:00:00,Arrived
1886,2866,2024-08-15 06:15:00,2024-08-15 09:00:00,No-Show
1887,2515,2024-08-15 06:20:00,2024-08-15 08:00:00,Arrived
1888,2619,2024-08-15 09:30:00,2024-08-27 08:30:00,Arrived
1889,2373,2024-08-15 11:19:00,2024-08-19 13:30:00,Arrived
1890,1712,2024-08-15 11:20:00,2024-08-19 08:00:00,Arrived
1891,1211,2024-08-15 13:39:00,2024-08-21 14:00:00,Arrived
1892,2871,2024-08-15 15:18:00,2024-08-22 10:00:00,Arrived
1893,2873,2024-08-15 17:51:00,2024-08-29 08:30:00,Arrived
1894,2296,2024-08-15 18:24:00,2024-08-16 13:00:00,Arrived
1895,2869,2024-08-15 18:30:00,2024-08-20 13:00:00,Arrived
1896,2698,2024-08-16 07:57:00,2024-08-16 14:00:00,Arrived
1897,2150,2024-08-16 08:12:00,2024-08-17 09:30:00,Arrived
1898,2888,2024-08-16 08:50:00,2024-08-22 10:30:00,Arrived
1899,777,2024-08-16 09:08:00,2024-08-16 10:30:00,Arrived
1900,1838,2024-08-16 09:44:00,2024-08-28 11:30:00,Arrived
1901,2130,2024-08-16 10:33:00,2024-08-24 09:30:00,Arrived
1902,1506,2024-08-16 11:25:00,2024-08-17 10:00:00,Arrived
1903,2883,2024-08-16 12:02:00,2024-08-19 10:00:00,Arrived
1904,2882,2024-08-16 12:19:00,2024-08-16 13:30:00,Arrived
1905,1451,2024-08-16 13:16:00,2024-08-27 07:30:00,Arrived
1906,1571,2024-08-16 15:56:00,2024-08-19 07:30:00,Arrived
1907,2890,2024-08-17 08:13:00,2024-08-17 10:30:00,Arrived
1908,2611,2024-08-17 15:20:00,2024-08-24 12:00:00,Arrived
1909,2894,2024-08-17 15:39:00,2024-08-24 08:30:00,Arrived
1910,2895,2024-08-17 15:47:00,2024-08-26 08:30:00,Arrived
1911,2893,2024-08-17 18:07:00,2024-08-23 07:30:00,Arrived
1912,2892,2024-08-17 19:10:00,2024-08-21 14:00:00,Arrived
1913,2807,2024-08-17 19:13:00,2024-08-20 08:00:00,Arrived
1914,727,2024-08-18 09:15:00,2024-08-30 11:30:00,No-Show
1915,1676,2024-08-18 10:32:00,2024-08-23 15:30:00,Cancelled
1916,2783,2024-08-18 12:17:00,2024-08-20 10:30:00,Arrived
1917,2897,2024-08-18 12:53:00,2024-08-21 11:00:00,Arrived
1918,1389,2024-08-18 14:35:00,2024-08-20 09:00:00,Arrived
1919,2896,2024-08-18 16:16:00,2024-08-20 09:00:00,Arrived
1920,2553,2024-08-18 17:01:00,2024-08-23 08:00:00,Arrived
1921,1152,2024-08-18 20:42:00,2024-08-23 08:00:00,Cancelled
1922,1418,2024-08-18 20:44:00,2024-08-23 09:30:00,Arrived
1923,2899,2024-08-19 10:10:00,2024-08-21 13:30:00,Arrived
1924,748,2024-08-19 10:15:00,2024-08-23 09:00:00,Arrived
1925,596,2024-08-19 13:06:00,2024-08-22 12:30:00,Arrived
1926,2898,2024-08-19 13:07:00,2024-08-20 09:00:00,Arrived
1927,2901,2024-08-20 06:41:00,2024-08-20 07:30:00,Arrived
1928,2735,2024-08-20 07:26:00,2024-08-22 08:00:00,Arrived
1929,2686,2024-08-20 07:45:00,2024-08-26 07:30:00,Arrived
1930,1333,2024-08-20 09:03:00,2024-08-28 07:30:00,No-Show
1931,2906,2024-08-20 09:34:00,2024-08-26 12:30:00,Arrived
1932,2133,2024-08-20 10:33:00,2024-09-13 15:00:00,Arrived
1933,2908,2024-08-20 10:37:00,2024-08-30 14:00:00,Arrived
1934,2491,2024-08-20 13:57:00,2024-08-26 08:00:00,Arrived
1935,2907,2024-08-20 14:26:00,2024-08-29 09:30:00,Arrived
1936,2471,2024-08-20 15:32:00,2024-08-22 09:00:00,Arrived
1937,2905,2024-08-20 19:52:00,2024-08-23 09:30:00,Arrived
1938,2368,2024-08-21 07:20:00,2024-08-21 08:00:00,Arrived
1939,2919,2024-08-21 07:53:00,2024-08-26 07:30:00,Arrived
1940,366,2024-08-21 07:56:00,2024-08-21 10:30:00,Cancelled
1941,2917,2024-08-21 11:21:00,2024-08-21 15:00:00,Arrived
1942,2921,2024-08-21 13:03:00,2024-08-28 12:00:00,Arrived
1943,2918,2024-08-21 15:49:00,2024-08-26 13:00:00,Arrived
1944,2927,2024-08-22 07:23:00,2024-08-29 08:00:00,Arrived
1945,65,2024-08-22 10:24:00,2024-08-22 11:30:00,Arrived
1946,2935,2024-08-22 10:37:00,2024-09-19 07:30:00,Arrived
1947,2196,2024-08-22 15:28:00,2024-08-29 11:30:00,Arrived
1948,73,2024-08-23 06:24:00,2024-08-23 07:30:00,Arrived
1949,2940,2024-08-23 07:06:00,2024-08-23 08:00:00,Arrived
1950,178,2024-08-23 08:11:00,2024-08-29 12:30:00,Arrived
1951,1213,2024-08-23 08:14:00,2024-09-07 08:00:00,No-Show
1952,1158,2024-08-23 10:56:00,2024-08-27 09:00:00,Arrived
1953,431,2024-08-23 13:34:00,2024-08-26 13:30:00,Arrived
1954,635,2024-08-23 14:04:00,2024-08-26 12:30:00,Arrived
1955,2942,2024-08-23 16:48:00,2024-08-29 08:30:00,Arrived
1956,2768,2024-08-24 06:00:00,2024-08-24 08:00:00,Arrived
1957,142,2024-08-24 07:39:00,2024-08-26 11:00:00,Arrived
1958,1164,2024-08-24 08:01:00,2024-08-24 11:30:00,Arrived
1959,2954,2024-08-24 08:14:00,2024-08-29 15:30:00,Arrived
1960,2953,2024-08-24 09:01:00,2024-08-26 11:30:00,Arrived
1961,2951,2024-08-24 11:29:00,2024-08-26 07:30:00,Arrived
1962,2118,2024-08-24 14:27:00,2024-08-28 10:30:00,Arrived
1963,1355,2024-08-24 17:39:00,2024-08-27 12:00:00,Arrived
1964,2966,2024-08-25 07:42:00,2024-08-28 07:30:00,Arrived
1965,2976,2024-08-25 11:14:00,2024-08-30 11:30:00,Arrived
1966,2960,2024-08-25 11:59:00,2024-08-26 09:30:00,Arrived
1967,2968,2024-08-25 12:31:00,2024-08-29 15:30:00,Arrived
1968,2388,2024-08-25 13:06:00,2024-08-28 11:30:00,No-Show
1969,2964,2024-08-25 13:45:00,2024-08-27 13:30:00,Cancelled
1970,2955,2024-08-25 14:13:00,2024-08-26 07:30:00,Arrived
1971,2967,2024-08-25 14:19:00,2024-08-28 15:00:00,Arrived
1972,2847,2024-08-25 16:38:00,2024-08-28 14:30:00,Arrived
1973,1558,2024-08-25 17:39:00,2024-08-30 14:30:00,No-Show
1974,1342,2024-08-25 18:07:00,2024-08-28 08:00:00,Arrived
1975,2110,2024-08-26 07:48:00,2024-08-29 11:00:00,Arrived
1976,1430,2024-08-26 07:58:00,2024-08-26 10:00:00,Arrived
1977,1385,2024-08-26 08:03:00,2024-08-31 10:00:00,Arrived
1978,2983,2024-08-26 08:23:00,2024-08-27 11:30:00,Arrived
1979,187,2024-08-26 08:48:00,2024-08-31 10:00:00,Arrived
1980,2698,2024-08-26 10:26:00,2024-08-26 11:00:00,Arrived
1981,1145,2024-08-26 11:55:00,2024-08-31 10:00:00,Arrived
1982,635,2024-08-26 12:14:00,2024-09-10 14:30:00,Arrived
1983,1347,2024-08-26 13:50:00,2024-08-27 12:00:00,Arrived
1984,194,2024-08-26 19:43:00,2024-08-29 09:30:00,Arrived
1985,2984,2024-08-26 20:49:00,2024-08-27 07:30:00,Arrived
1986,1929,2024-08-27 07:52:00,2024-08-27 11:00:00,Arrived
1987,86,2024-08-27 09:16:00,2024-08-27 12:30:00,Arrived
1988,2718,2024-08-27 09:47:00,2024-09-03 07:30:00,Arrived
1989,533,2024-08-27 09:55:00,2024-09-04 09:00:00,Arrived
1990,2986,2024-08-27 10:27:00,2024-08-27 11:00:00,Arrived
1991,2985,2024-08-27 11:15:00,2024-08-27 14:00:00,Arrived
1992,105,2024-08-27 13:14:00,2024-08-27 14:00:00,Arrived
1993,2989,2024-08-27 18:08:00,2024-08-28 14:00:00,Arrived
1994,2993,2024-08-28 09:00:00,2024-08-29 11:30:00,Arrived
1995,2503,2024-08-28 10:29:00,2024-09-06 11:00:00,Arrived
1996,945,2024-08-28 11:23:00,2024-09-03 10:30:00,Arrived
1997,34,2024-08-28 12:01:00,2024-09-04 08:00:00,Arrived
1998,884,2024-08-28 13:52:00,2024-09-03 15:30:00,Arrived
1999,1964,2024-08-28 15:08:00,2024-09-23 12:00:00,Arrived
2000,1464,2024-08-28 16:26:00,2024-09-11 11:00:00,Arrived
2001,1994,2024-08-28 16:35:00,2024-09-03 10:00:00,Arrived
2002,2996,2024-08-28 17:22:00,2024-08-30 08:00:00,Arrived
2003,1863,2024-08-28 17:24:00,2024-08-30 09:30:00,Arrived
2004,2995,2024-08-28 17:38:00,2024-08-29 13:00:00,Arrived
2005,3001,2024-08-29 06:27:00,2024-08-29 12:00:00,Arrived
2006,3010,2024-08-29 07:00:00,2024-08-31 08:00:00,Arrived
2007,2490,2024-08-29 08:13:00,2024-08-31 08:00:00,Arrived
2008,2842,2024-08-29 09:29:00,2024-09-07 12:00:00,No-Show
2009,427,2024-08-29 10:15:00,2024-08-30 07:30:00,Arrived
2010,3003,2024-08-29 11:27:00,2024-08-29 13:30:00,Arrived
2011,681,2024-08-29 12:20:00,2024-09-03 09:30:00,Arrived
2012,3013,2024-08-29 12:23:00,2024-09-05 08:30:00,Arrived
2013,160,2024-08-29 15:00:00,2024-08-30 08:30:00,Arrived
2014,2041,2024-08-29 15:39:00,2024-08-31 09:00:00,Arrived
2015,811,2024-08-29 16:32:00,2024-08-30 12:30:00,Arrived
2016,2633,2024-08-29 17:26:00,2024-09-03 15:00:00,Arrived
2017,2229,2024-08-29 18:47:00,2024-08-30 09:00:00,Arrived
2018,3,2024-08-29 18:49:00,2024-08-31 08:00:00,Arrived
2019,3014,2024-08-29 20:11:00,2024-09-09 09:30:00,Arrived
2020,1700,2024-08-29 20:34:00,2024-09-03 08:00:00,Arrived
2021,2562,2024-08-29 20:41:00,2024-08-31 09:00:00,Arrived
2022,3019,2024-08-30 08:06:00,2024-08-30 09:00:00,Arrived
2023,3024,2024-08-30 10:16:00,2024-09-06 07:30:00,Arrived
2024,2006,2024-08-30 11:02:00,2024-09-06 08:00:00,Arrived
2025,3021,2024-08-30 16:14:00,2024-08-31 09:30:00,Arrived
2026,875,2024-08-30 17:04:00,2024-09-12 11:00:00,Cancelled
2027,3022,2024-08-30 17:26:00,2024-09-05 11:00:00,Arrived
2028,850,2024-08-30 17:36:00,2024-08-31 08:30:00,Arrived
2029,3023,2024-08-30 17:48:00,2024-09-06 09:30:00,Arrived
2030,2515,2024-08-31 08:07:00,2024-09-16 07:30:00,Arrived
2031,164,2024-08-31 08:14:00,2024-09-06 15:00:00,Arrived
2032,1022,2024-08-31 09:46:00,2024-09-06 13:00:00,Arrived
2033,1821,2024-08-31 09:49:00,2024-09-30 08:30:00,Arrived
2034,790,2024-08-31 10:20:00,2024-09-07 09:00:00,Arrived
2035,1087,2024-08-31 10:29:00,2024-09-09 11:00:00,Arrived
2036,3026,2024-08-31 16:04:00,2024-09-12 08:00:00,Arrived
2037,2359,2024-09-01 07:42:00,2024-09-07 10:30:00,Arrived
2038,669,2024-09-01 08:06:00,2024-09-10 08:00:00,Arrived
2039,1035,2024-09-01 13:40:00,2024-09-03 07:30:00,Arrived
2040,2280,2024-09-01 14:45:00,2024-09-04 13:30:00,Arrived
2041,2606,2024-09-01 15:24:00,2024-09-05 09:30:00,Arrived
2042,320,2024-09-01 16:08:00,2024-09-03 11:00:00,Arrived
2043,2577,2024-09-01 17:30:00,2024-09-28 10:00:00,Arrived
2044,2071,2024-09-01 20:48:00,2024-09-04 11:00:00,Arrived
2045,2511,2024-09-02 10:50:00,2024-09-04 09:30:00,Arrived
2046,249,2024-09-02 14:49:00,2024-09-16 11:30:00,Arrived
2047,3027,2024-09-02 16:46:00,2024-09-05 09:00:00,Arrived
2048,2846,2024-09-02 16:54:00,2024-09-03 12:30:00,Arrived
2049,322,2024-09-02 19:27:00,2024-09-03 15:00:00,Arrived
2050,2672,2024-09-02 20:19:00,2024-09-04 14:00:00,Arrived
2051,366,2024-09-03 06:50:00,2024-09-03 12:00:00,Arrived
2052,1344,2024-09-03 08:11:00,2024-09-03 11:00:00,Arrived
2053,3030,2024-09-03 08:28:00,2024-09-04 09:30:00,Arrived
2054,2026,2024-09-03 09:01:00,2024-09-04 08:00:00,Arrived
2055,3033,2024-09-03 09:12:00,2024-09-09 09:00:00,Arrived
2056,664,2024-09-03 09:29:00,2024-09-03 11:00:00,Arrived
2057,3031,2024-09-03 10:53:00,2024-09-04 08:00:00,Arrived
2058,2116,2024-09-03 12:25:00,2024-09-03 15:00:00,Arrived
2059,3034,2024-09-03 13:11:00,2024-09-10 14:30:00,Arrived
2060,1662,2024-09-03 14:41:00,2024-09-09 13:00:00,Cancelled
2061,2033,2024-09-03 16:36:00,2024-09-17 09:00:00,Arrived
2062,1774,2024-09-03 19:35:00,2024-09-09 08:30:00,Arrived
2063,354,2024-09-03 20:42:00,2024-09-06 10:00:00,Arrived
2064,1365,2024-09-04 06:16:00,2024-09-04 14:00:00,Arrived
2065,1753,2024-09-04 12:32:00,2024-09-14 08:00:00,Arrived
2066,3038,2024-09-04 13:17:00,2024-09-05 11:00:00,Arrived
2067,1368,2024-09-04 13:24:00,2024-09-10 08:00:00,Arrived
2068,727,2024-09-04 16:23:00,2024-09-09 13:00:00,Arrived
2069,2868,2024-09-04 16:45:00,2024-09-10 08:00:00,Arrived
2070,2231,2024-09-04 19:00:00,2024-09-06 07:30:00,Arrived
2071,1360,2024-09-05 07:16:00,2024-09-05 08:30:00,Arrived
2072,3039,2024-09-05 07:19:00,2024-09-05 08:00:00,Arrived
2073,261,2024-09-05 08:07:00,2024-09-05 10:30:00,Arrived
2074,629,2024-09-05 08:25:00,2024-09-13 09:30:00,No-Show
2075,3046,2024-09-05 12:32:00,2024-09-07 09:30:00,Arrived
2076,1394,2024-09-05 12:57:00,2024-09-05 15:00:00,Arrived
2077,3050,2024-09-05 18:09:00,2024-09-12 10:00:00,Arrived
2078,2122,2024-09-05 20:34:00,2024-09-11 13:30:00,Arrived
2079,3054,2024-09-06 07:08:00,2024-09-17 09:30:00,Arrived
2080,3055,2024-09-06 08:35:00,2024-09-20 08:30:00,Arrived
2081,2493,2024-09-06 09:10:00,2024-09-09 08:00:00,Arrived
2082,338,2024-09-06 14:17:00,2024-09-18 09:00:00,Arrived
2083,2142,2024-09-06 14:26:00,2024-09-11 14:30:00,Arrived
2084,2197,2024-09-06 17:43:00,2024-09-25 08:00:00,No-Show
2085,3053,2024-09-06 18:16:00,2024-09-12 07:30:00,Arrived
2086,2200,2024-09-06 20:11:00,2024-10-02 11:00:00,Arrived
2087,2353,2024-09-06 20:48:00,2024-09-17 08:00:00,Arrived
2088,1902,2024-09-07 07:12:00,2024-09-09 10:00:00,Arrived
2089,2748,2024-09-07 08:57:00,2024-10-01 13:30:00,Arrived
2090,3057,2024-09-07 09:43:00,2024-09-10 07:30:00,Arrived
2091,1054,2024-09-07 09:51:00,2024-09-09 07:30:00,Arrived
2092,2371,2024-09-08 07:36:00,2024-09-16 07:30:00,No-Show
2093,2677,2024-09-08 12:22:00,2024-09-10 10:00:00,Cancelled
2094,2638,2024-09-08 17:04:00,2024-09-12 10:00:00,Arrived
2095,1926,2024-09-08 17:49:00,2024-09-21 10:00:00,No-Show
2096,2340,2024-09-08 19:01:00,2024-09-09 12:00:00,Arrived
2097,1581,2024-09-09 08:08:00,2024-09-11 10:30:00,Arrived
2098,2401,2024-09-09 09:10:00,2024-09-09 15:30:00,Arrived
2099,326,2024-09-09 12:35:00,2024-09-21 08:00:00,Arrived
2100,1004,2024-09-10 06:22:00,2024-09-10 08:30:00,Arrived
2101,2759,2024-09-10 06:44:00,2024-09-10 08:00:00,Arrived
2102,1951,2024-09-10 06:57:00,2024-09-10 07:30:00,Arrived
2103,944,2024-09-10 07:25:00,2024-09-26 08:00:00,Arrived
2104,1624,2024-09-10 07:32:00,2024-09-13 11:30:00,Arrived
2105,2454,2024-09-10 08:05:00,2024-09-11 14:30:00,Arrived
2106,2332,2024-09-10 08:25:00,2024-09-12 11:00:00,Arrived
2107,2786,2024-09-10 08:48:00,2024-09-11 09:30:00,Arrived
2108,3062,2024-09-10 10:11:00,2024-09-18 09:00:00,Arrived
2109,1699,2024-09-10 10:38:00,2024-09-14 08:30:00,No-Show
2110,3061,2024-09-10 11:05:00,2024-09-12 08:00:00,Arrived
2111,2677,2024-09-10 12:19:00,2024-09-14 08:30:00,Arrived
2112,2575,2024-09-10 12:51:00,2024-09-11 07:30:00,Arrived
2113,2614,2024-09-10 16:24:00,2024-10-03 08:00:00,No-Show
2114,3063,2024-09-10 19:50:00,2024-09-18 08:00:00,Arrived
2115,3060,2024-09-10 19:55:00,2024-09-12 13:30:00,Arrived
2116,2986,2024-09-11 06:13:00,2024-09-11 07:30:00,Arrived
2117,446,2024-09-11 08:28:00,2024-09-12 08:00:00,Arrived
2118,1868,2024-09-11 09:34:00,2024-09-12 11:00:00,Arrived
2119,2771,2024-09-11 14:16:00,2024-10-04 09:30:00,Arrived
2120,3067,2024-09-11 15:11:00,2024-09-17 08:30:00,Arrived
2121,3036,2024-09-11 19:59:00,2024-09-18 08:00:00,Arrived
2122,51,2024-09-12 07:42:00,2024-09-18 14:00:00,Arrived
2123,1662,2024-09-12 09:09:00,2024-09-19 08:00:00,No-Show
2124,3073,2024-09-12 11:02:00,2024-09-24 07:30:00,Arrived
2125,2167,2024-09-12 11:03:00,2024-09-13 11:00:00,No-Show
2126,3071,2024-09-12 17:10:00,2024-09-18 15:00:00,Arrived
2127,1805,2024-09-12 19:08:00,2024-09-20 14:30:00,Arrived
2128,2611,2024-09-12 20:47:00,2024-09-23 14:00:00,Arrived
2129,633,2024-09-13 06:15:00,2024-09-13 07:30:00,Arrived
2130,1895,2024-09-13 07:18:00,2024-09-16 07:30:00,Arrived
2131,3078,2024-09-13 07:55:00,2024-09-13 15:00:00,Arrived
2132,3079,2024-09-13 09:22:00,2024-09-16 08:00:00,No-Show
2133,2340,2024-09-13 09:58:00,2024-09-13 12:30:00,Arrived
2134,2603,2024-09-13 10:00:00,2024-10-07 08:00:00,Arrived
2135,2499,2024-09-13 11:50:00,2024-09-17 08:00:00,Arrived
2136,3080,2024-09-13 15:28:00,2024-09-18 07:30:00,No-Show
2137,3081,2024-09-13 19:28:00,2024-10-03 08:30:00,No-Show
2138,3092,2024-09-14 08:09:00,2024-09-20 07:30:00,Arrived
2139,1013,2024-09-14 10:12:00,2024-09-16 10:30:00,Arrived
2140,706,2024-09-14 10:33:00,2024-09-18 10:30:00,Arrived
2141,826,2024-09-14 10:52:00,2024-09-16 09:30:00,Arrived
2142,1618,2024-09-14 11:18:00,2024-09-16 14:30:00,Arrived
2143,3095,2024-09-14 15:50:00,2024-09-20 07:30:00,Arrived
2144,419,2024-09-14 16:17:00,2024-09-20 08:30:00,Arrived
2145,2519,2024-09-14 17:04:00,2024-09-19 12:30:00,Arrived
2146,1657,2024-09-14 17:59:00,2024-09-17 15:00:00,Arrived
2147,3096,2024-09-14 20:02:00,2024-09-25 08:30:00,Cancelled
2148,3086,2024-09-14 20:10:00,2024-09-18 08:30:00,Arrived
2149,3100,2024-09-15 08:11:00,2024-09-28 10:00:00,Arrived
2150,2571,2024-09-15 08:30:00,2024-09-26 07:30:00,Arrived
2151,2670,2024-09-15 08:39:00,2024-10-14 10:30:00,Arrived
2152,2521,2024-09-15 09:34:00,2024-09-16 10:00:00,Arrived
2153,2871,2024-09-15 09:55:00,2024-10-07 14:00:00,No-Show
2154,3098,2024-09-15 13:04:00,2024-09-25 08:00:00,No-Show
2155,2343,2024-09-15 13:17:00,2024-09-16 08:30:00,Arrived
2156,1322,2024-09-15 14:33:00,2024-09-17 10:00:00,Arrived
2157,243,2024-09-15 16:06:00,2024-09-17 07:30:00,Arrived
2158,2164,2024-09-15 18:39:00,2024-09-16 14:00:00,Arrived
2159,3097,2024-09-15 20:42:00,2024-09-21 11:00:00,Arrived
2160,75,2024-09-16 06:45:00,2024-09-16 08:00:00,Arrived
2161,409,2024-09-16 08:12:00,2024-09-25 08:00:00,Arrived
2162,3104,2024-09-16 11:28:00,2024-09-21 08:30:00,Arrived
2163,433,2024-09-16 12:14:00,2024-09-23 10:30:00,Arrived
2164,3102,2024-09-16 15:49:00,2024-09-19 14:00:00,Arrived
2165,2707,2024-09-16 19:14:00,2024-09-23 07:30:00,Arrived
2166,805,2024-09-17 06:08:00,2024-09-17 07:30:00,Arrived
2167,2706,2024-09-17 06:22:00,2024-09-17 14:30:00,Arrived
2168,3110,2024-09-17 07:41:00,2024-09-18 11:30:00,Arrived
2169,3108,2024-09-17 09:39:00,2024-09-17 14:00:00,Arrived
2170,243,2024-09-17 10:45:00,2024-10-02 14:00:00,Arrived
2171,3067,2024-09-17 11:10:00,2024-10-03 09:00:00,Arrived
2172,3117,2024-09-17 11:11:00,2024-09-19 09:30:00,Arrived
2173,2454,2024-09-17 13:08:00,2024-09-18 15:00:00,Arrived
2174,908,2024-09-17 14:44:00,2024-09-20 07:30:00,Arrived
2175,2051,2024-09-17 17:10:00,2024-09-20 08:00:00,Arrived
2176,3118,2024-09-17 18:57:00,2024-09-21 08:00:00,Arrived
2177,3113,2024-09-17 20:24:00,2024-09-19 08:30:00,Arrived
2178,3122,2024-09-18 08:04:00,2024-10-10 15:30:00,Arrived
2179,712,2024-09-18 09:31:00,2024-09-20 08:00:00,Arrived
2180,2445,2024-09-18 14:11:00,2024-09-23 10:00:00,Arrived
2181,2281,2024-09-18 19:09:00,2024-09-21 10:30:00,Arrived
2182,2868,2024-09-18 19:11:00,2024-09-20 08:30:00,Arrived
2183,1465,2024-09-18 19:13:00,2024-09-23 07:30:00,Arrived
2184,752,2024-09-19 07:56:00,2024-09-19 08:30:00,Arrived
2185,3125,2024-09-19 08:00:00,2024-09-19 10:30:00,Arrived
2186,3132,2024-09-19 08:51:00,2024-09-24 08:00:00,Arrived
2187,3131,2024-09-19 14:15:00,2024-09-20 12:30:00,Arrived
2188,3056,2024-09-19 19:56:00,2024-09-28 09:30:00,Arrived
2189,960,2024-09-20 08:11:00,2024-10-11 12:30:00,No-Show
2190,2956,2024-09-20 10:06:00,2024-09-25 08:00:00,Arrived
2191,1699,2024-09-20 12:21:00,2024-09-24 12:00:00,Arrived
2192,65,2024-09-20 18:35:00,2024-09-23 12:30:00,Arrived
2193,1076,2024-09-20 18:56:00,2024-09-25 07:30:00,Arrived
2194,2209,2024-09-20 19:29:00,2024-09-23 07:30:00,Arrived
2195,3138,2024-09-21 09:24:00,2024-09-24 08:30:00,Arrived
2196,3135,2024-09-21 11:35:00,2024-09-24 07:30:00,Arrived
2197,3134,2024-09-21 12:44:00,2024-09-23 12:30:00,Cancelled
2198,2192,2024-09-21 14:48:00,2024-09-28 08:30:00,Arrived
2199,1801,2024-09-21 14:51:00,2024-09-23 08:00:00,Cancelled
2200,2437,2024-09-21 15:14:00,2024-09-23 09:30:00,Arrived
2201,3145,2024-09-21 16:37:00,2024-10-11 07:30:00,Arrived
2202,3140,2024-09-21 18:06:00,2024-09-25 07:30:00,Arrived
2203,3143,2024-09-21 20:01:00,2024-10-04 08:00:00,Arrived
2204,183,2024-09-22 09:06:00,2024-09-26 13:00:00,Arrived
2205,3160,2024-09-22 09:23:00,2024-10-17 07:30:00,Arrived
2206,3147,2024-09-22 10:01:00,2024-09-24 12:00:00,Arrived
2207,3151,2024-09-22 10:56:00,2024-09-27 08:00:00,Arrived
2208,78,2024-09-22 11:38:00,2024-09-30 14:30:00,Arrived
2209,2877,2024-09-22 12:22:00,2024-09-25 08:30:00,Arrived
2210,84,2024-09-22 13:43:00,2024-09-24 10:00:00,Arrived
2211,3159,2024-09-22 14:10:00,2024-10-11 08:00:00,Arrived
2212,3153,2024-09-22 14:12:00,2024-09-27 08:30:00,Cancelled
2213,3158,2024-09-22 17:15:00,2024-10-09 10:30:00,Arrived
2214,1581,2024-09-23 07:18:00,2024-09-23 09:00:00,Arrived
2215,2309,2024-09-23 07:31:00,2024-09-28 08:00:00,Cancelled
2216,1774,2024-09-23 07:41:00,2024-09-26 14:30:00,Arrived
2217,1057,2024-09-23 08:20:00,2024-09-25 10:00:00,Arrived
2218,2359,2024-09-23 09:30:00,2024-09-28 09:00:00,Arrived
2219,3165,2024-09-23 13:51:00,2024-10-21 08:00:00,Cancelled
2220,2494,2024-09-23 14:02:00,2024-09-26 13:00:00,Arrived
2221,3164,2024-09-23 17:42:00,2024-10-01 15:00:00,Arrived
2222,3163,2024-09-23 19:09:00,2024-09-30 09:00:00,Arrived
2223,2255,2024-09-23 19:24:00,2024-09-30 08:00:00,No-Show
2224,3161,2024-09-23 19:57:00,2024-09-24 11:30:00,Arrived
2225,3162,2024-09-23 20:45:00,2024-09-25 13:30:00,Arrived
2226,2708,2024-09-24 06:54:00,2024-09-24 07:30:00,Arrived
2227,1160,2024-09-24 07:06:00,2024-10-01 10:00:00,Arrived
2228,437,2024-09-24 09:34:00,2024-10-01 10:30:00,Arrived
2229,3176,2024-09-24 10:29:00,2024-09-27 10:00:00,Arrived
2230,1569,2024-09-24 13:45:00,2024-09-25 15:30:00,Arrived
2231,3174,2024-09-24 15:07:00,2024-09-25 07:30:00,Arrived
2232,2265,2024-09-24 16:04:00,2024-10-01 13:30:00,No-Show
2233,2687,2024-09-24 19:11:00,2024-09-25 09:30:00,Arrived
2234,2815,2024-09-24 20:55:00,2024-09-26 07:30:00,Arrived
2235,3186,2024-09-25 09:10:00,2024-10-09 13:30:00,Arrived
2236,1786,2024-09-25 09:20:00,2024-09-27 09:30:00,Arrived
2237,3183,2024-09-25 12:21:00,2024-09-27 10:00:00,Arrived
2238,225,2024-09-25 12:58:00,2024-09-27 07:30:00,Arrived
2239,3184,2024-09-25 15:05:00,2024-10-09 13:00:00,Arrived
2240,2690,2024-09-25 20:50:00,2024-10-07 09:30:00,Arrived
2241,316,2024-09-26 07:14:00,2024-09-30 08:00:00,Arrived
2242,3016,2024-09-26 07:26:00,2024-10-02 09:00:00,Arrived
2243,3193,2024-09-26 12:07:00,2024-10-09 10:30:00,Arrived
2244,389,2024-09-26 15:33:00,2024-10-07 13:30:00,Arrived
2245,789,2024-09-26 19:21:00,2024-10-01 14:00:00,Arrived
2246,229,2024-09-26 19:22:00,2024-10-08 08:00:00,Arrived
2247,2560,2024-09-26 19:40:00,2024-10-14 14:00:00,Arrived
2248,3192,2024-09-26 19:43:00,2024-09-27 08:00:00,Arrived
2249,3198,2024-09-27 07:48:00,2024-09-27 08:30:00,Arrived
2250,1102,2024-09-27 08:58:00,2024-10-04 10:00:00,Arrived
2251,737,2024-09-27 11:15:00,2024-10-03 10:00:00,Arrived
2252,1909,2024-09-27 12:43:00,2024-09-30 07:30:00,Arrived
2253,1477,2024-09-27 14:17:00,2024-09-30 11:00:00,Arrived
2254,3199,2024-09-27 17:01:00,2024-10-03 08:30:00,Arrived
2255,3084,2024-09-27 18:42:00,2024-09-30 08:00:00,Arrived
2256,2741,2024-09-27 20:14:00,2024-10-03 07:30:00,Arrived
2257,1463,2024-09-28 06:45:00,2024-09-28 08:00:00,Arrived
2258,3072,2024-09-28 07:02:00,2024-10-04 13:30:00,No-Show
2259,1581,2024-09-28 08:22:00,2024-10-03 08:00:00,Arrived
2260,156,2024-09-28 09:11:00,2024-10-02 08:00:00,Cancelled
2261,3202,2024-09-28 15:05:00,2024-10-04 11:00:00,Arrived
2262,1068,2024-09-28 17:05:00,2024-09-30 10:00:00,Arrived
2263,3134,2024-09-28 19:00:00,2024-10-02 14:00:00,Cancelled
2264,564,2024-09-28 20:58:00,2024-09-30 08:00:00,Arrived
2265,3205,2024-09-29 08:52:00,2024-10-03 10:30:00,Arrived
2266,1754,2024-09-29 10:10:00,2024-10-01 08:30:00,Arrived
2267,3203,2024-09-29 11:05:00,2024-09-30 12:30:00,Arrived
2268,454,2024-09-29 12:07:00,2024-10-08 12:00:00,Arrived
2269,2791,2024-09-29 19:47:00,2024-10-05 10:00:00,Arrived
2270,2195,2024-09-29 20:03:00,2024-10-14 08:00:00,No-Show
2271,1004,2024-09-30 07:01:00,2024-10-04 12:30:00,Arrived
2272,2666,2024-09-30 09:04:00,2024-10-10 10:30:00,Arrived
2273,3211,2024-09-30 09:24:00,2024-10-04 10:30:00,Arrived
2274,902,2024-09-30 11:04:00,2024-10-05 11:00:00,No-Show
2275,260,2024-09-30 13:17:00,2024-10-07 08:30:00,Arrived
2276,2017,2024-09-30 14:24:00,2024-10-07 09:00:00,Arrived
2277,3210,2024-09-30 15:47:00,2024-10-01 08:30:00,Arrived
2278,3214,2024-09-30 18:08:00,2024-10-18 15:30:00,Arrived
2279,3112,2024-10-01 07:00:00,2024-10-04 15:00:00,Arrived
2280,2552,2024-10-01 07:01:00,2024-10-08 11:00:00,Arrived
2281,2846,2024-10-01 08:04:00,2024-10-07 13:00:00,Arrived
2282,1352,2024-10-01 08:48:00,2024-10-07 14:00:00,Arrived
2283,3219,2024-10-01 11:41:00,2024-10-14 15:00:00,Arrived
2284,1940,2024-10-01 11:46:00,2024-10-07 08:00:00,Arrived
2285,1569,2024-10-01 12:30:00,2024-10-02 15:00:00,Arrived
2286,3096,2024-10-01 13:07:00,2024-10-02 07:30:00,Arrived
2287,2255,2024-10-01 14:24:00,2024-10-07 07:30:00,Arrived
2288,3218,2024-10-01 14:51:00,2024-10-08 08:30:00,Arrived
2289,1454,2024-10-01 15:58:00,2024-10-08 08:30:00,Arrived
2290,2879,2024-10-01 16:08:00,2024-10-18 08:30:00,Cancelled
2291,689,2024-10-01 16:29:00,2024-10-15 07:30:00,Arrived
2292,2068,2024-10-01 19:19:00,2024-10-07 11:00:00,Arrived
2293,3217,2024-10-01 19:27:00,2024-10-04 07:30:00,Arrived
2294,3105,2024-10-02 07:30:00,2024-10-09 09:00:00,Arrived
2295,3224,2024-10-02 07:53:00,2024-10-03 15:00:00,Arrived
2296,3222,2024-10-02 08:30:00,2024-10-02 10:00:00,Arrived
2297,3226,2024-10-02 10:18:00,2024-10-30 07:30:00,Arrived
2298,1826,2024-10-02 11:42:00,2024-10-08 07:30:00,Arrived
2299,3225,2024-10-02 14:28:00,2024-10-18 14:00:00,Arrived
2300,1991,2024-10-02 15:17:00,2024-10-04 09:00:00,Arrived
2301,645,2024-10-02 15:56:00,2024-10-05 09:30:00,Arrived
2302,2589,2024-10-03 07:49:00,2024-10-09 10:00:00,Arrived
2303,3234,2024-10-03 11:46:00,2024-10-11 10:00:00,Arrived
2304,3235,2024-10-03 12:11:00,2024-10-17 10:00:00,Arrived
2305,3236,2024-10-03 12:32:00,2024-10-30 08:00:00,Arrived
2306,2089,2024-10-03 12:55:00,2024-10-11 08:30:00,Arrived
2307,3078,2024-10-03 13:13:00,2024-10-05 08:00:00,Arrived
2308,3230,2024-10-03 13:49:00,2024-10-09 10:00:00,Arrived
2309,2662,2024-10-03 14:42:00,2024-10-29 07:30:00,Arrived
2310,2463,2024-10-03 15:07:00,2024-10-05 10:30:00,Arrived
2311,3081,2024-10-03 15:52:00,2024-10-07 15:30:00,Arrived
2312,3229,2024-10-03 16:34:00,2024-10-04 07:30:00,Arrived
2313,2721,2024-10-03 16:40:00,2024-10-04 10:00:00,Arrived
2314,3254,2024-10-04 07:27:00,2024-10-15 09:00:00,Cancelled
2315,1147,2024-10-04 07:28:00,2024-10-05 10:30:00,Arrived
2316,3251,2024-10-04 08:27:00,2024-10-11 12:30:00,Arrived
2317,3245,2024-10-04 09:21:00,2024-10-09 14:00:00,Arrived
2318,3133,2024-10-04 10:33:00,2024-10-07 07:30:00,Arrived
2319,3237,2024-10-04 10:42:00,2024-10-07 08:00:00,Cancelled
2320,1806,2024-10-04 12:59:00,2024-10-08 14:00:00,Arrived
2321,53,2024-10-04 13:38:00,2024-11-01 10:30:00,Arrived
2322,3247,2024-10-04 15:55:00,2024-10-11 11:30:00,Arrived
2323,3240,2024-10-04 16:40:00,2024-10-08 10:30:00,Arrived
2324,3246,2024-10-04 17:57:00,2024-10-10 09:00:00,No-Show
2325,1595,2024-10-05 08:04:00,2024-10-11 08:00:00,Arrived
2326,3260,2024-10-05 10:59:00,2024-10-09 08:00:00,Arrived
2327,2227,2024-10-05 15:27:00,2024-10-12 08:00:00,Arrived
2328,3258,2024-10-05 18:57:00,2024-10-09 09:30:00,Arrived
2329,1204,2024-10-06 09:22:00,2024-10-12 10:30:00,Arrived
2330,1775,2024-10-06 10:55:00,2024-10-19 09:30:00,Arrived
2331,466,2024-10-06 11:34:00,2024-10-10 12:00:00,Arrived
2332,1890,2024-10-06 12:23:00,2024-10-08 11:00:00,Arrived
2333,2575,2024-10-06 13:58:00,2024-10-28 08:30:00,Arrived
2334,3263,2024-10-06 14:11:00,2024-10-08 08:30:00,Arrived
2335,1173,2024-10-06 16:35:00,2024-10-11 13:30:00,Arrived
2336,697,2024-10-06 16:56:00,2024-10-19 08:00:00,Arrived
2337,156,2024-10-06 17:04:00,2024-10-11 14:00:00,Arrived
2338,3264,2024-10-06 17:23:00,2024-10-09 13:30:00,Arrived
2339,2242,2024-10-07 09:55:00,2024-10-21 13:30:00,No-Show
2340,3269,2024-10-07 11:28:00,2024-10-18 08:00:00,No-Show
2341,2182,2024-10-07 13:03:00,2024-10-23 15:00:00,Arrived
2342,2544,2024-10-07 14:06:00,2024-10-09 10:30:00,Arrived
2343,3268,2024-10-07 16:13:00,2024-10-09 08:30:00,Arrived
2344,2305,2024-10-08 07:03:00,2024-10-08 09:30:00,Arrived
2345,2451,2024-10-08 07:23:00,2024-10-10 07:30:00,Cancelled
2346,2456,2024-10-08 11:14:00,2024-10-15 13:30:00,Arrived
2347,3270,2024-10-08 13:13:00,2024-10-11 07:30:00,Arrived
2348,3271,2024-10-08 13:17:00,2024-10-16 09:00:00,Arrived
2349,1486,2024-10-08 14:43:00,2024-10-15 13:30:00,Arrived
2350,631,2024-10-08 16:40:00,2024-11-04 07:30:00,Arrived
2351,1746,2024-10-08 18:22:00,2024-10-15 08:00:00,Arrived
2352,1631,2024-10-08 20:47:00,2024-11-07 08:30:00,Arrived
2353,3272,2024-10-09 07:05:00,2024-10-09 08:00:00,Arrived
2354,3279,2024-10-09 07:19:00,2024-10-09 08:30:00,Arrived
2355,3281,2024-10-09 08:25:00,2024-10-14 08:00:00,Arrived
2356,2449,2024-10-09 08:32:00,2024-10-14 15:00:00,Arrived
2357,3282,2024-10-09 18:10:00,2024-11-07 09:00:00,Cancelled
2358,2394,2024-10-09 18:56:00,2024-10-19 09:00:00,Arrived
2359,2638,2024-10-09 20:06:00,2024-10-10 13:00:00,Arrived
2360,3286,2024-10-10 11:55:00,2024-10-24 15:30:00,Arrived
2361,2265,2024-10-10 13:02:00,2024-10-17 07:30:00,Arrived
2362,2926,2024-10-10 13:03:00,2024-10-12 09:00:00,Arrived
2363,1501,2024-10-10 13:03:00,2024-10-12 11:00:00,Arrived
2364,144,2024-10-10 14:34:00,2024-10-14 11:30:00,Arrived
2365,3284,2024-10-10 18:17:00,2024-10-11 10:00:00,Arrived
2366,2322,2024-10-10 18:29:00,2024-10-15 09:00:00,Arrived
2367,3285,2024-10-10 19:24:00,2024-10-17 12:00:00,Arrived
2368,1756,2024-10-11 07:01:00,2024-10-11 10:30:00,Arrived
2369,481,2024-10-11 07:40:00,2024-10-11 13:30:00,Arrived
2370,142,2024-10-11 08:57:00,2024-10-17 08:00:00,Arrived
2371,3291,2024-10-11 10:14:00,2024-10-18 14:00:00,Arrived
2372,1695,2024-10-11 10:24:00,2024-10-15 08:30:00,Arrived
2373,1875,2024-10-11 15:17:00,2024-10-18 08:30:00,Arrived
2374,2665,2024-10-11 16:25:00,2024-10-12 08:00:00,No-Show
2375,2874,2024-10-11 18:31:00,2024-10-22 08:00:00,No-Show
2376,2076,2024-10-11 19:36:00,2024-10-17 07:30:00,Arrived
2377,1370,2024-10-11 20:56:00,2024-10-12 08:30:00,Arrived
2378,3216,2024-10-12 10:21:00,2024-10-15 10:30:00,Arrived
2379,805,2024-10-12 11:16:00,2024-10-19 12:00:00,Arrived
2380,2321,2024-10-12 11:45:00,2024-10-14 08:30:00,Arrived
2381,3299,2024-10-12 12:47:00,2024-10-17 08:00:00,Arrived
2382,3297,2024-10-12 17:21:00,2024-10-16 07:30:00,Arrived
2383,3301,2024-10-12 17:58:00,2024-10-17 08:30:00,Arrived
2384,2558,2024-10-12 20:18:00,2024-10-21 09:00:00,Arrived
2385,2415,2024-10-13 07:14:00,2024-10-16 15:30:00,Arrived
2386,2418,2024-10-13 12:02:00,2024-10-22 07:30:00,Arrived
2387,525,2024-10-13 12:35:00,2024-10-15 07:30:00,Arrived
2388,2691,2024-10-13 13:53:00,2024-10-17 13:30:00,Arrived
2389,3246,2024-10-13 14:10:00,2024-10-18 09:30:00,No-Show
2390,2497,2024-10-13 17:46:00,2024-10-18 07:30:00,Cancelled
2391,3306,2024-10-14 07:04:00,2024-10-16 08:30:00,Arrived
2392,3237,2024-10-14 10:51:00,2024-10-16 07:30:00,Arrived
2393,2940,2024-10-14 11:20:00,2024-10-15 07:30:00,Arrived
2394,3010,2024-10-14 15:11:00,2024-10-19 08:00:00,Arrived
2395,2521,2024-10-14 20:03:00,2024-10-16 07:30:00,Arrived
2396,2666,2024-10-15 06:30:00,2024-10-15 07:30:00,Arrived
2397,3072,2024-10-15 07:15:00,2024-10-25 09:30:00,Arrived
2398,1091,2024-10-15 07:18:00,2024-10-15 08:30:00,Arrived
2399,57,2024-10-15 08:18:00,2024-10-21 15:00:00,Arrived
2400,3308,2024-10-15 09:24:00,2024-10-16 07:30:00,Arrived
2401,3319,2024-10-15 10:30:00,2024-10-22 15:30:00,Arrived
2402,3310,2024-10-15 10:58:00,2024-10-17 08:30:00,Arrived
2403,3312,2024-10-15 11:16:00,2024-10-17 14:00:00,Arrived
2404,2126,2024-10-15 12:06:00,2024-10-21 08:00:00,Arrived
2405,3320,2024-10-15 14:04:00,2024-10-23 12:00:00,No-Show
2406,3309,2024-10-15 14:50:00,2024-10-17 12:00:00,Arrived
2407,3313,2024-10-15 18:57:00,2024-10-18 13:00:00,No-Show
2408,3058,2024-10-15 20:02:00,2024-10-19 10:00:00,Arrived
2409,2520,2024-10-16 08:37:00,2024-10-18 08:00:00,Arrived
2410,1000,2024-10-16 09:41:00,2024-10-28 09:00:00,Arrived
2411,2494,2024-10-16 11:50:00,2024-10-18 11:00:00,Arrived
2412,345,2024-10-16 14:22:00,2024-10-17 09:00:00,Arrived
2413,3324,2024-10-16 17:21:00,2024-10-18 08:00:00,Arrived
2414,3325,2024-10-16 19:29:00,2024-11-06 08:00:00,No-Show
2415,2128,2024-10-17 08:22:00,2024-11-15 11:00:00,Arrived
2416,3093,2024-10-17 08:38:00,2024-10-24 15:30:00,Arrived
2417,2630,2024-10-17 09:33:00,2024-10-26 10:00:00,Arrived
2418,3332,2024-10-17 11:49:00,2024-10-31 08:00:00,Arrived
2419,3331,2024-10-17 14:54:00,2024-10-23 14:00:00,Arrived
2420,1022,2024-10-17 15:01:00,2024-10-19 08:30:00,Arrived
2421,2608,2024-10-17 17:52:00,2024-11-01 13:30:00,Arrived
2422,2574,2024-10-17 18:09:00,2024-10-18 08:00:00,Arrived
2423,3335,2024-10-18 07:12:00,2024-10-18 10:30:00,Arrived
2424,883,2024-10-18 08:01:00,2024-10-26 08:30:00,Arrived
2425,1176,2024-10-18 13:33:00,2024-11-01 14:30:00,Arrived
2426,1052,2024-10-18 15:13:00,2024-10-19 08:00:00,Arrived
2427,1330,2024-10-18 19:59:00,2024-10-19 10:00:00,Arrived
2428,3337,2024-10-18 20:36:00,2024-10-31 08:30:00,Arrived
2429,3340,2024-10-19 11:57:00,2024-10-25 08:00:00,Arrived
2430,3338,2024-10-19 14:52:00,2024-10-21 08:30:00,Arrived
2431,3197,2024-10-19 15:36:00,2024-10-22 11:30:00,Arrived
2432,3211,2024-10-19 16:29:00,2024-11-15 10:30:00,Arrived
2433,1571,2024-10-19 16:52:00,2024-10-21 08:30:00,Arrived
2434,1420,2024-10-19 16:53:00,2024-10-23 08:30:00,Arrived
2435,1517,2024-10-19 17:43:00,2024-10-21 10:00:00,Arrived
2436,2889,2024-10-19 18:27:00,2024-10-26 10:30:00,Arrived
2437,2369,2024-10-19 19:34:00,2024-10-23 12:30:00,Arrived
2438,2320,2024-10-20 07:38:00,2024-11-12 15:30:00,Arrived
2439,2965,2024-10-20 10:40:00,2024-10-25 12:00:00,No-Show
2440,178,2024-10-20 11:50:00,2024-10-23 07:30:00,Arrived
2441,1298,2024-10-20 17:26:00,2024-10-30 13:30:00,Arrived
2442,3293,2024-10-20 17:29:00,2024-10-23 15:30:00,Arrived
2443,1821,2024-10-20 17:56:00,2024-10-21 12:00:00,Arrived
2444,3342,2024-10-20 19:18:00,2024-11-06 10:30:00,Arrived
2445,663,2024-10-20 19:30:00,2024-10-21 08:30:00,Arrived
2446,3350,2024-10-21 09:41:00,2024-10-23 13:30:00,Arrived
2447,702,2024-10-21 10:12:00,2024-10-22 11:30:00,Arrived
2448,3355,2024-10-21 12:40:00,2024-10-25 13:00:00,Arrived
2449,1501,2024-10-21 12:44:00,2024-10-28 07:30:00,Cancelled
2450,2816,2024-10-21 14:35:00,2024-10-22 10:30:00,Arrived
2451,809,2024-10-21 15:50:00,2024-11-13 10:00:00,No-Show
2452,3352,2024-10-21 16:28:00,2024-10-24 08:00:00,Arrived
2453,3354,2024-10-21 16:31:00,2024-10-25 10:30:00,Arrived
2454,2089,2024-10-21 19:16:00,2024-10-31 13:00:00,Arrived
2455,1735,2024-10-21 19:34:00,2024-10-28 15:00:00,Arrived
2456,3270,2024-10-22 06:48:00,2024-10-22 08:00:00,Arrived
2457,1262,2024-10-22 07:04:00,2024-10-22 09:00:00,Arrived
2458,3356,2024-10-22 07:06:00,2024-10-22 08:30:00,Arrived
2459,2863,2024-10-22 07:59:00,2024-11-20 15:30:00,Arrived
2460,3358,2024-10-22 09:06:00,2024-10-23 08:30:00,Arrived
2461,2471,2024-10-22 09:27:00,2024-10-26 08:00:00,Arrived
2462,446,2024-10-22 09:33:00,2024-10-29 09:00:00,Arrived
2463,3362,2024-10-22 11:01:00,2024-10-25 10:00:00,Arrived
2464,3357,2024-10-22 11:55:00,2024-10-23 13:00:00,Arrived
2465,2195,2024-10-22 14:10:00,2024-10-28 08:00:00,No-Show
2466,2771,2024-10-22 15:11:00,2024-11-11 08:30:00,Arrived
2467,1806,2024-10-22 16:21:00,2024-11-05 10:00:00,Arrived
2468,2175,2024-10-22 16:22:00,2024-10-23 11:00:00,Arrived
2469,2864,2024-10-22 17:55:00,2024-10-28 08:00:00,Arrived
2470,3368,2024-10-22 17:56:00,2024-10-28 08:00:00,Arrived
2471,3229,2024-10-22 18:15:00,2024-10-24 11:30:00,Arrived
2472,3224,2024-10-22 18:55:00,2024-11-05 11:00:00,Arrived
2473,3359,2024-10-22 20:28:00,2024-10-23 11:00:00,Arrived
2474,3360,2024-10-22 20:49:00,2024-10-24 08:30:00,Arrived
2475,2067,2024-10-23 07:06:00,2024-10-25 10:30:00,Arrived
2476,3375,2024-10-23 07:18:00,2024-10-23 09:00:00,Arrived
2477,3369,2024-10-23 10:05:00,2024-10-23 13:00:00,Arrived
2478,3385,2024-10-23 13:25:00,2024-10-31 11:00:00,Arrived
2479,3378,2024-10-23 13:57:00,2024-10-29 10:00:00,Arrived
2480,2511,2024-10-23 14:15:00,2024-10-25 07:30:00,Arrived
2481,1095,2024-10-23 14:45:00,2024-10-24 15:00:00,Arrived
2482,3320,2024-10-23 20:01:00,2024-10-28 13:00:00,Arrived
2483,634,2024-10-24 06:27:00,2024-10-24 12:00:00,Arrived
2484,2312,2024-10-24 07:18:00,2024-10-24 10:30:00,Arrived
2485,2333,2024-10-24 07:51:00,2024-10-30 11:30:00,Arrived
2486,1527,2024-10-24 08:10:00,2024-11-04 07:30:00,Arrived
2487,2773,2024-10-24 08:12:00,2024-10-24 13:30:00,Arrived
2488,3388,2024-10-24 09:33:00,2024-10-25 08:00:00,Arrived
2489,3295,2024-10-24 14:21:00,2024-10-31 12:00:00,Arrived
2490,3389,2024-10-24 19:20:00,2024-10-30 07:30:00,Arrived
2491,3393,2024-10-25 06:03:00,2024-10-25 08:00:00,Arrived
2492,3391,2024-10-25 06:55:00,2024-10-25 09:00:00,Arrived
2493,2326,2024-10-25 07:33:00,2024-10-29 07:30:00,Arrived
2494,318,2024-10-25 09:39:00,2024-10-28 11:00:00,Arrived
2495,2872,2024-10-25 09:55:00,2024-10-25 10:30:00,Arrived
2496,2220,2024-10-25 10:53:00,2024-10-28 14:30:00,Arrived
2497,353,2024-10-25 12:21:00,2024-10-30 08:00:00,Arrived
2498,3396,2024-10-25 12:29:00,2024-10-26 11:30:00,Arrived
2499,2514,2024-10-25 12:41:00,2024-11-01 09:30:00,Arrived
2500,3400,2024-10-25 20:14:00,2024-10-30 08:30:00,No-Show
2501,1171,2024-10-26 07:10:00,2024-10-28 12:30:00,Arrived
2502,2812,2024-10-26 08:12:00,2024-10-26 09:00:00,Arrived
2503,3404,2024-10-26 08:19:00,2024-10-31 08:00:00,No-Show
2504,2334,2024-10-26 09:11:00,2024-10-28 08:30:00,Arrived
2505,3403,2024-10-26 09:40:00,2024-10-30 08:00:00,Arrived
2506,3176,2024-10-26 12:23:00,2024-11-01 13:00:00,Arrived
2507,3402,2024-10-26 14:49:00,2024-10-29 11:00:00,No-Show
2508,2387,2024-10-26 15:00:00,2024-11-11 14:00:00,Arrived
2509,2639,2024-10-26 15:08:00,2024-11-02 11:30:00,Arrived
2510,2584,2024-10-26 16:25:00,2024-11-25 07:30:00,Arrived
2511,155,2024-10-26 17:54:00,2024-10-28 08:00:00,Arrived
2512,3412,2024-10-27 10:41:00,2024-11-01 09:30:00,Arrived
2513,3413,2024-10-27 11:13:00,2024-11-07 14:30:00,Arrived
2514,3405,2024-10-27 12:19:00,2024-10-28 13:00:00,Arrived
2515,2878,2024-10-27 13:06:00,2024-11-11 14:30:00,Arrived
2516,3414,2024-10-27 17:26:00,2024-11-16 08:30:00,Arrived
2517,1229,2024-10-27 19:48:00,2024-11-25 08:00:00,Arrived
2518,108,2024-10-27 20:15:00,2024-11-09 09:00:00,Arrived
2519,1477,2024-10-28 07:13:00,2024-11-01 11:00:00,Arrived
2520,3421,2024-10-28 10:02:00,2024-11-20 14:00:00,Arrived
2521,13,2024-10-28 10:26:00,2024-11-04 09:00:00,Arrived
2522,3417,2024-10-28 13:33:00,2024-10-30 07:30:00,Arrived
2523,3419,2024-10-28 14:09:00,2024-11-04 08:30:00,Arrived
2524,2195,2024-10-28 15:06:00,2024-11-04 11:30:00,No-Show
2525,2315,2024-10-28 15:45:00,2024-11-23 08:30:00,No-Show
2526,1995,2024-10-28 18:04:00,2024-10-29 15:00:00,Arrived
2527,2951,2024-10-28 19:20:00,2024-10-30 09:00:00,Arrived
2528,3313,2024-10-29 08:20:00,2024-11-04 11:30:00,Arrived
2529,3142,2024-10-29 12:19:00,2024-11-19 09:00:00,No-Show
2530,3426,2024-10-29 13:28:00,2024-11-19 08:00:00,Arrived
2531,2191,2024-10-29 13:43:00,2024-11-04 09:30:00,Cancelled
2532,2846,2024-10-29 15:17:00,2024-11-05 10:30:00,Arrived
2533,3428,2024-10-30 08:30:00,2024-10-30 09:30:00,Arrived
2534,1172,2024-10-30 09:58:00,2024-11-04 08:00:00,Arrived
2535,2942,2024-10-30 11:08:00,2024-11-04 12:30:00,Arrived
2536,396,2024-10-30 11:17:00,2024-11-02 10:30:00,Arrived
2537,2936,2024-10-30 12:16:00,2024-10-31 07:30:00,Arrived
2538,3434,2024-10-30 15:12:00,2024-11-07 09:30:00,No-Show
2539,2221,2024-10-30 16:28:00,2024-11-25 11:00:00,Arrived
2540,1330,2024-10-30 20:12:00,2024-11-01 07:30:00,Arrived
2541,2527,2024-10-31 06:44:00,2024-10-31 09:00:00,Arrived
2542,3444,2024-10-31 07:01:00,2024-10-31 11:00:00,Arrived
2543,2457,2024-10-31 08:05:00,2024-11-07 11:00:00,Arrived
2544,2739,2024-10-31 08:36:00,2024-11-06 09:00:00,Arrived
2545,250,2024-10-31 17:35:00,2024-11-02 08:00:00,Arrived
2546,3449,2024-11-01 08:04:00,2024-11-07 10:30:00,Cancelled
2547,2256,2024-11-01 08:58:00,2024-11-02 11:30:00,Arrived
2548,2324,2024-11-01 10:07:00,2024-11-02 08:30:00,Arrived
2549,1494,2024-11-01 13:04:00,2024-11-02 09:00:00,Arrived
2550,2744,2024-11-01 15:05:00,2024-11-13 13:30:00,Arrived
2551,2813,2024-11-01 15:09:00,2024-11-06 07:30:00,Arrived
2552,1368,2024-11-01 15:36:00,2024-11-04 12:00:00,Arrived
2553,545,2024-11-01 18:58:00,2024-11-07 12:30:00,Arrived
2554,2802,2024-11-01 20:20:00,2024-11-21 12:30:00,Arrived
2555,2592,2024-11-02 08:10:00,2024-11-05 13:30:00,Arrived
2556,1097,2024-11-02 11:35:00,2024-11-08 10:30:00,Arrived
2557,812,2024-11-02 13:10:00,2024-12-02 07:30:00,No-Show
2558,1587,2024-11-02 14:27:00,2024-11-09 11:30:00,Arrived
2559,513,2024-11-02 15:36:00,2024-11-04 12:30:00,Arrived
2560,1512,2024-11-02 19:32:00,2024-11-16 08:00:00,Arrived
2561,1595,2024-11-03 07:06:00,2024-11-09 09:30:00,Arrived
2562,3013,2024-11-03 17:03:00,2024-11-05 08:00:00,Arrived
2563,3094,2024-11-03 17:14:00,2024-11-05 14:30:00,Arrived
2564,3451,2024-11-03 17:34:00,2024-11-06 11:00:00,Arrived
2565,3454,2024-11-03 19:55:00,2024-11-07 13:00:00,Arrived
2566,3453,2024-11-03 20:13:00,2024-11-06 11:00:00,Arrived
2567,70,2024-11-03 20:32:00,2024-11-09 09:00:00,Arrived
2568,3014,2024-11-04 06:21:00,2024-11-04 10:00:00,Arrived
2569,3455,2024-11-04 07:07:00,2024-11-04 08:00:00,Arrived
2570,2164,2024-11-04 07:55:00,2024-11-08 08:00:00,Arrived
2571,352,2024-11-04 07:58:00,2024-11-11 11:00:00,Arrived
2572,901,2024-11-04 09:52:00,2024-11-11 10:00:00,Arrived
2573,1985,2024-11-04 10:12:00,2024-11-06 09:30:00,Arrived
2574,3097,2024-11-04 10:26:00,2024-11-09 10:30:00,Arrived
2575,2195,2024-11-04 10:43:00,2024-11-11 10:00:00,Arrived
2576,358,2024-11-04 12:30:00,2024-11-07 11:00:00,Arrived
2577,1057,2024-11-04 13:26:00,2024-11-08 08:00:00,Arrived
2578,2217,2024-11-04 19:20:00,2024-11-25 08:00:00,Arrived
2579,2248,2024-11-04 20:09:00,2024-11-09 11:00:00,Arrived
2580,2019,2024-11-04 20:41:00,2024-11-09 08:00:00,Arrived
2581,2787,2024-11-05 07:02:00,2024-11-06 08:00:00,Arrived
2582,747,2024-11-05 08:31:00,2024-11-06 10:00:00,Arrived
2583,1514,2024-11-05 09:02:00,2024-11-07 09:30:00,Arrived
2584,3151,2024-11-05 10:45:00,2024-11-12 12:30:00,Arrived
2585,3456,2024-11-05 11:05:00,2024-11-06 14:00:00,Arrived
2586,2237,2024-11-05 11:09:00,2024-11-11 13:30:00,Arrived
2587,3458,2024-11-05 14:32:00,2024-11-13 10:00:00,No-Show
2588,3457,2024-11-05 17:49:00,2024-11-07 10:30:00,Arrived
2589,721,2024-11-06 06:39:00,2024-11-06 07:30:00,Arrived
2590,3462,2024-11-06 08:30:00,2024-11-06 12:30:00,Arrived
2591,2055,2024-11-06 08:57:00,2024-11-11 09:00:00,Cancelled
2592,3463,2024-11-06 16:07:00,2024-11-13 10:30:00,Arrived
2593,179,2024-11-07 07:03:00,2024-11-13 08:30:00,Arrived
2594,3466,2024-11-07 07:53:00,2024-11-08 12:30:00,Arrived
2595,3467,2024-11-07 09:14:00,2024-11-11 08:00:00,Arrived
2596,645,2024-11-07 09:37:00,2024-11-12 15:30:00,Arrived
2597,3465,2024-11-07 09:43:00,2024-11-07 11:00:00,Arrived
2598,2868,2024-11-07 13:10:00,2024-11-08 10:00:00,Arrived
2599,689,2024-11-07 13:55:00,2024-11-11 10:00:00,Arrived
2600,3204,2024-11-07 15:15:00,2024-11-11 08:00:00,Arrived
2601,1501,2024-11-07 17:23:00,2024-11-18 09:00:00,Arrived
2602,3469,2024-11-08 06:17:00,2024-11-08 10:00:00,Arrived
2603,3468,2024-11-08 06:41:00,2024-11-08 08:00:00,Arrived
2604,3472,2024-11-08 07:22:00,2024-11-27 13:00:00,No-Show
2605,3471,2024-11-08 07:53:00,2024-11-08 10:00:00,Arrived
2606,3233,2024-11-08 08:24:00,2024-11-15 09:00:00,Arrived
2607,1982,2024-11-08 08:40:00,2024-11-18 08:00:00,Arrived
2608,2414,2024-11-08 10:50:00,2024-11-15 13:30:00,Arrived
2609,3178,2024-11-08 20:45:00,2024-11-12 09:30:00,Arrived
2610,1925,2024-11-09 09:08:00,2024-11-09 10:00:00,Arrived
2611,2932,2024-11-09 09:15:00,2024-11-13 10:00:00,Arrived
2612,3420,2024-11-09 12:54:00,2024-11-11 11:00:00,Arrived
2613,2877,2024-11-09 14:24:00,2024-11-16 10:30:00,Arrived
2614,431,2024-11-09 14:37:00,2024-11-11 15:30:00,Arrived
2615,3475,2024-11-09 15:22:00,2024-11-19 15:00:00,Arrived
2616,34,2024-11-09 18:34:00,2024-11-11 11:30:00,Arrived
2617,3474,2024-11-09 18:35:00,2024-11-16 08:00:00,Arrived
2618,733,2024-11-10 15:49:00,2024-11-13 14:00:00,Arrived
2619,2476,2024-11-10 17:20:00,2024-11-23 11:00:00,No-Show
2620,2475,2024-11-10 17:26:00,2024-11-14 13:00:00,Arrived
2621,1882,2024-11-10 18:32:00,2024-11-15 09:30:00,Arrived
2622,3476,2024-11-10 19:43:00,2024-11-12 13:00:00,Arrived
2623,880,2024-11-10 20:13:00,2024-11-11 08:00:00,Arrived
2624,2862,2024-11-11 07:24:00,2024-11-12 10:00:00,Cancelled
2625,1006,2024-11-11 09:17:00,2024-11-12 09:00:00,Arrived
2626,2006,2024-11-11 13:44:00,2024-11-29 07:30:00,No-Show
2627,2662,2024-11-12 07:20:00,2024-11-14 09:30:00,Arrived
2628,3482,2024-11-12 07:48:00,2024-11-26 10:30:00,Arrived
2629,3481,2024-11-12 08:48:00,2024-11-13 14:00:00,No-Show
2630,2307,2024-11-12 09:34:00,2024-11-12 11:00:00,Arrived
2631,1994,2024-11-12 09:52:00,2024-11-15 08:30:00,Arrived
2632,984,2024-11-12 10:36:00,2024-11-14 07:30:00,Cancelled
2633,3135,2024-11-12 14:05:00,2024-11-18 08:00:00,Arrived
2634,727,2024-11-12 14:07:00,2024-11-14 07:30:00,Arrived
2635,2381,2024-11-12 17:55:00,2024-11-14 12:00:00,Arrived
2636,73,2024-11-12 18:46:00,2024-11-14 08:00:00,Arrived
2637,2684,2024-11-12 19:38:00,2024-12-02 11:00:00,Arrived
2638,2569,2024-11-12 20:08:00,2024-11-16 08:00:00,Arrived
2639,34,2024-11-12 20:18:00,2024-11-15 14:30:00,Arrived
2640,2974,2024-11-13 07:11:00,2024-11-15 08:00:00,Arrived
2641,2144,2024-11-13 10:08:00,2024-11-18 09:30:00,Arrived
2642,3488,2024-11-13 11:09:00,2024-11-19 12:30:00,No-Show
2643,1121,2024-11-13 14:00:00,2024-11-18 09:00:00,Arrived
2644,2954,2024-11-13 20:25:00,2024-11-18 09:30:00,Arrived
2645,2489,2024-11-14 08:53:00,2024-11-14 09:30:00,Arrived
2646,3034,2024-11-14 10:27:00,2024-11-23 08:00:00,Arrived
2647,3492,2024-11-14 10:49:00,2024-11-21 10:30:00,Arrived
2648,3162,2024-11-14 11:17:00,2024-11-21 08:00:00,Arrived
2649,3418,2024-11-14 11:37:00,2024-11-18 08:30:00,Arrived
2650,2325,2024-11-14 13:01:00,2024-11-20 09:30:00,Arrived
2651,2901,2024-11-14 14:29:00,2024-11-21 07:30:00,Arrived
2652,1751,2024-11-14 17:06:00,2024-11-25 13:30:00,Arrived
2653,3485,2024-11-14 18:16:00,2024-11-16 09:00:00,Arrived
2654,3497,2024-11-15 11:50:00,2024-11-18 14:30:00,Arrived
2655,3042,2024-11-15 17:43:00,2024-11-20 07:30:00,Arrived
2656,2125,2024-11-15 20:22:00,2024-12-03 09:00:00,Arrived
2657,2904,2024-11-16 06:10:00,2024-11-16 11:00:00,Arrived
2658,1539,2024-11-16 07:10:00,2024-11-16 08:00:00,Arrived
2659,1679,2024-11-16 07:24:00,2024-12-09 08:00:00,Cancelled
2660,195,2024-11-16 08:00:00,2024-11-23 11:30:00,Arrived
2661,3498,2024-11-16 08:46:00,2024-11-22 11:00:00,No-Show
2662,1953,2024-11-16 14:13:00,2024-11-18 09:00:00,Arrived
2663,152,2024-11-16 16:56:00,2024-11-19 12:00:00,Arrived
2664,3499,2024-11-16 17:08:00,2024-11-26 07:30:00,Arrived
2665,3179,2024-11-16 18:42:00,2024-11-25 08:00:00,Arrived
2666,3501,2024-11-17 07:37:00,2024-11-19 14:30:00,Arrived
2667,172,2024-11-17 09:01:00,2024-11-18 14:00:00,Arrived
2668,2949,2024-11-17 10:05:00,2024-11-22 10:00:00,Arrived
2669,3178,2024-11-17 11:41:00,2024-11-22 13:00:00,Arrived
2670,3064,2024-11-17 11:42:00,2024-11-19 13:30:00,Arrived
2671,3503,2024-11-17 14:46:00,2024-11-19 07:30:00,Arrived
2672,3500,2024-11-17 16:03:00,2024-11-18 07:30:00,Arrived
2673,2423,2024-11-18 06:01:00,2024-11-18 07:30:00,Arrived
2674,3417,2024-11-18 07:40:00,2024-11-18 08:00:00,Arrived
2675,3315,2024-11-18 11:45:00,2024-11-20 08:30:00,Arrived
2676,2344,2024-11-18 12:41:00,2024-11-19 07:30:00,Arrived
2677,3505,2024-11-18 14:37:00,2024-11-20 08:00:00,Arrived
2678,2256,2024-11-18 15:21:00,2024-11-23 10:00:00,Arrived
2679,3506,2024-11-18 16:01:00,2024-12-12 07:30:00,Arrived
2680,1570,2024-11-18 16:43:00,2024-11-19 11:30:00,Arrived
2681,2839,2024-11-18 18:48:00,2024-11-19 08:00:00,Cancelled
2682,162,2024-11-18 20:37:00,2024-11-25 08:30:00,Arrived
2683,1561,2024-11-18 21:00:00,2024-12-04 08:30:00,Arrived
2684,3509,2024-11-19 06:01:00,2024-11-19 13:00:00,Arrived
2685,3406,2024-11-19 09:07:00,2024-11-26 08:00:00,Arrived
2686,3511,2024-11-19 09:41:00,2024-11-27 11:30:00,Cancelled
2687,3510,2024-11-19 11:43:00,2024-11-21 13:30:00,Arrived
2688,1595,2024-11-19 14:10:00,2024-11-26 08:00:00,Arrived
2689,851,2024-11-19 15:03:00,2024-11-26 11:00:00,Cancelled
2690,2228,2024-11-19 16:03:00,2024-11-22 10:00:00,Arrived
2691,2839,2024-11-19 16:12:00,2024-11-26 07:30:00,No-Show
2692,3512,2024-11-20 07:22:00,2024-11-20 09:00:00,Arrived
2693,3517,2024-11-20 07:29:00,2024-11-20 08:00:00,Arrived
2694,2331,2024-11-20 08:24:00,2024-11-25 07:30:00,Cancelled
2695,3528,2024-11-20 08:30:00,2024-12-16 09:30:00,Arrived
2696,3520,2024-11-20 08:59:00,2024-11-27 15:00:00,Arrived
2697,3521,2024-11-20 13:18:00,2024-11-27 13:00:00,Arrived
2698,1430,2024-11-20 20:48:00,2024-11-22 13:30:00,Arrived
2699,946,2024-11-21 06:09:00,2024-11-21 10:00:00,Arrived
2700,764,2024-11-21 06:12:00,2024-11-21 11:30:00,Arrived
2701,2283,2024-11-21 07:34:00,2024-11-21 08:00:00,Arrived
2702,3285,2024-11-21 07:52:00,2024-11-23 11:30:00,Arrived
2703,3535,2024-11-21 10:08:00,2024-11-22 09:00:00,Cancelled
2704,3539,2024-11-21 15:16:00,2024-12-04 07:30:00,Arrived
2705,1952,2024-11-21 18:13:00,2024-11-23 08:00:00,Arrived
2706,3538,2024-11-21 19:36:00,2024-11-27 13:30:00,Arrived
2707,3201,2024-11-22 08:58:00,2024-11-25 14:30:00,Arrived
2708,2889,2024-11-22 10:19:00,2024-11-25 14:00:00,Arrived
2709,432,2024-11-22 16:18:00,2024-11-29 08:00:00,Arrived
2710,2601,2024-11-22 17:12:00,2024-11-23 08:00:00,Arrived
2711,3498,2024-11-22 19:38:00,2024-11-25 14:00:00,Arrived
2712,3542,2024-11-22 20:25:00,2024-12-05 08:00:00,Arrived
2713,2075,2024-11-23 07:09:00,2024-11-30 08:30:00,Cancelled
2714,226,2024-11-23 11:37:00,2024-11-23 12:00:00,Arrived
2715,2315,2024-11-23 12:52:00,2024-12-02 14:30:00,No-Show
2716,3544,2024-11-23 15:29:00,2024-12-06 10:00:00,No-Show
2717,1042,2024-11-23 16:37:00,2024-11-29 07:30:00,Arrived
2718,320,2024-11-23 18:47:00,2024-11-29 09:00:00,Arrived
2719,750,2024-11-23 19:00:00,2024-12-04 08:00:00,Arrived
2720,3244,2024-11-23 20:01:00,2024-11-26 07:30:00,Arrived
2721,3543,2024-11-23 20:22:00,2024-12-04 07:30:00,Arrived
2722,982,2024-11-24 12:09:00,2024-12-23 08:00:00,Arrived
2723,3545,2024-11-24 12:26:00,2024-11-27 07:30:00,Arrived
2724,1166,2024-11-24 13:58:00,2024-12-04 10:30:00,No-Show
2725,3547,2024-11-24 14:06:00,2024-12-05 11:30:00,Arrived
2726,3546,2024-11-24 15:07:00,2024-11-30 10:30:00,Arrived
2727,2455,2024-11-24 15:27:00,2024-11-29 10:30:00,Arrived
2728,2416,2024-11-24 15:44:00,2024-11-25 09:30:00,Arrived
2729,1395,2024-11-25 08:23:00,2024-11-26 07:30:00,Arrived
2730,2548,2024-11-25 09:04:00,2024-11-25 10:00:00,Arrived
2731,1487,2024-11-25 10:07:00,2024-11-26 15:30:00,Arrived
2732,1288,2024-11-25 13:32:00,2024-11-29 14:00:00,Arrived
2733,1520,2024-11-25 13:57:00,2024-12-09 08:00:00,Arrived
2734,3550,2024-11-25 15:58:00,2024-12-02 08:00:00,No-Show
2735,1995,2024-11-25 17:37:00,2024-11-29 10:30:00,Arrived
2736,1138,2024-11-26 06:52:00,2024-11-26 08:00:00,Arrived
2737,3561,2024-11-26 07:27:00,2024-12-13 09:00:00,Arrived
2738,6,2024-11-26 07:51:00,2024-12-20 14:00:00,No-Show
2739,2345,2024-11-26 08:14:00,2024-11-26 09:00:00,Arrived
2740,2052,2024-11-26 12:05:00,2024-12-02 09:00:00,Arrived
2741,3558,2024-11-26 12:34:00,2024-11-27 07:30:00,Arrived
2742,2610,2024-11-26 13:10:00,2024-11-27 11:30:00,Arrived
2743,2687,2024-11-26 14:14:00,2024-12-06 08:00:00,Arrived
2744,2460,2024-11-26 14:35:00,2024-12-02 08:00:00,Arrived
2745,167,2024-11-26 17:23:00,2024-12-02 08:00:00,Arrived
2746,2514,2024-11-26 17:45:00,2024-12-02 08:00:00,Arrived
2747,3559,2024-11-26 18:25:00,2024-12-06 09:30:00,No-Show
2748,3560,2024-11-26 19:26:00,2024-12-06 10:30:00,Arrived
2749,1505,2024-11-26 19:59:00,2024-12-02 11:30:00,Arrived
2750,1872,2024-11-27 06:01:00,2024-11-27 08:00:00,Arrived
2751,733,2024-11-27 07:16:00,2024-12-03 07:30:00,Arrived
2752,3566,2024-11-27 07:58:00,2024-11-27 08:30:00,Arrived
2753,2379,2024-11-27 10:20:00,2024-12-02 08:00:00,Arrived
2754,3567,2024-11-27 19:01:00,2024-12-03 08:00:00,Arrived
2755,2066,2024-11-27 20:53:00,2024-12-02 10:00:00,Arrived
2756,3569,2024-11-28 07:20:00,2024-12-05 15:00:00,No-Show
2757,3568,2024-11-28 08:56:00,2024-12-04 14:00:00,Arrived
2758,3259,2024-11-28 09:45:00,2024-12-02 09:00:00,No-Show
2759,3249,2024-11-28 09:48:00,2024-12-05 11:00:00,Arrived
2760,226,2024-11-28 10:30:00,2024-12-10 08:30:00,No-Show
2761,3538,2024-11-28 10:38:00,2024-11-30 11:00:00,Arrived
2762,1590,2024-11-28 12:43:00,2024-11-29 10:30:00,Arrived
2763,3570,2024-11-28 13:27:00,2024-12-12 09:00:00,Arrived
2764,2286,2024-11-28 13:46:00,2024-11-29 08:30:00,Arrived
2765,979,2024-11-28 16:46:00,2024-12-09 08:30:00,Arrived
2766,2785,2024-11-29 06:01:00,2024-11-29 07:30:00,Arrived
2767,288,2024-11-29 06:29:00,2024-11-29 08:00:00,Arrived
2768,513,2024-11-29 09:42:00,2024-11-29 13:30:00,Arrived
2769,3576,2024-11-29 16:46:00,2024-12-03 10:00:00,Arrived
2770,3575,2024-11-29 17:03:00,2024-11-30 08:00:00,Arrived
2771,2571,2024-11-29 17:44:00,2024-11-30 08:00:00,Arrived
2772,1595,2024-11-29 18:55:00,2024-12-05 13:30:00,No-Show
2773,3581,2024-11-30 13:53:00,2024-12-11 13:00:00,Cancelled
2774,1486,2024-11-30 17:57:00,2024-12-02 09:00:00,Arrived
2775,879,2024-12-01 07:38:00,2024-12-06 07:30:00,Arrived
2776,778,2024-12-01 08:44:00,2024-12-12 09:00:00,Arrived
2777,2264,2024-12-01 09:54:00,2024-12-02 13:30:00,Arrived
2778,2120,2024-12-01 11:25:00,2024-12-19 10:00:00,No-Show
2779,3584,2024-12-01 12:00:00,2024-12-13 12:30:00,Arrived
2780,2795,2024-12-01 15:24:00,2024-12-14 10:00:00,Arrived
2781,3586,2024-12-01 15:45:00,2024-12-14 09:30:00,No-Show
2782,1142,2024-12-01 18:01:00,2024-12-02 08:30:00,Arrived
2783,3583,2024-12-01 19:08:00,2024-12-02 11:00:00,Arrived
2784,2564,2024-12-01 20:11:00,2024-12-14 11:00:00,Arrived
2785,2927,2024-12-01 20:50:00,2024-12-02 07:30:00,Arrived
2786,1837,2024-12-02 07:01:00,2024-12-02 07:30:00,Arrived
2787,2716,2024-12-02 07:27:00,2024-12-02 09:30:00,Arrived
2788,545,2024-12-02 09:34:00,2024-12-09 09:30:00,Arrived
2789,3590,2024-12-02 11:02:00,2024-12-05 11:30:00,Arrived
2790,1083,2024-12-02 11:05:00,2024-12-10 13:30:00,Arrived
2791,3587,2024-12-02 11:26:00,2024-12-02 12:00:00,Arrived
2792,2383,2024-12-02 11:42:00,2024-12-09 14:30:00,Cancelled
2793,2315,2024-12-02 12:55:00,2024-12-07 09:30:00,Arrived
2794,1894,2024-12-02 14:45:00,2024-12-09 14:00:00,Arrived
2795,446,2024-12-02 15:53:00,2024-12-09 10:00:00,Arrived
2796,2869,2024-12-02 16:02:00,2024-12-06 07:30:00,Arrived
2797,3592,2024-12-02 19:01:00,2024-12-12 10:00:00,Arrived
2798,3591,2024-12-02 19:02:00,2024-12-11 09:00:00,Arrived
2799,2455,2024-12-02 19:19:00,2024-12-09 15:00:00,Arrived
2800,2798,2024-12-02 20:20:00,2024-12-05 09:30:00,Arrived
2801,2877,2024-12-02 20:41:00,2024-12-04 08:00:00,Arrived
2802,1101,2024-12-03 08:29:00,2024-12-09 08:00:00,Arrived
2803,3596,2024-12-03 11:05:00,2024-12-13 14:00:00,Arrived
2804,2075,2024-12-03 15:33:00,2024-12-16 08:30:00,Arrived
2805,3594,2024-12-03 17:52:00,2024-12-12 14:00:00,Arrived
2806,3114,2024-12-04 09:40:00,2024-12-07 08:00:00,Arrived
2807,1749,2024-12-04 11:51:00,2024-12-11 08:30:00,Arrived
2808,2966,2024-12-04 12:21:00,2024-12-04 14:00:00,Arrived
2809,1035,2024-12-04 15:05:00,2025-01-02 08:30:00,Arrived
2810,3598,2024-12-04 16:25:00,2024-12-06 15:00:00,Arrived
2811,3599,2024-12-04 17:15:00,2024-12-06 10:30:00,Cancelled
2812,161,2024-12-04 19:15:00,2024-12-09 08:00:00,Arrived
2813,3610,2024-12-05 07:36:00,2024-12-05 11:00:00,Arrived
2814,2949,2024-12-05 11:03:00,2024-12-07 08:30:00,Arrived
2815,1882,2024-12-05 12:55:00,2024-12-07 08:00:00,Arrived
2816,2839,2024-12-05 13:45:00,2024-12-06 08:00:00,Arrived
2817,2904,2024-12-05 15:00:00,2024-12-06 12:30:00,Arrived
2818,1661,2024-12-05 15:13:00,2024-12-07 08:00:00,Arrived
2819,2567,2024-12-05 15:35:00,2024-12-06 07:30:00,Arrived
2820,3099,2024-12-05 16:16:00,2024-12-19 08:00:00,Arrived
2821,2628,2024-12-05 17:11:00,2024-12-09 08:00:00,Arrived
2822,3419,2024-12-05 19:46:00,2024-12-09 08:00:00,Arrived
2823,2350,2024-12-06 08:33:00,2024-12-11 07:30:00,Arrived
2824,3614,2024-12-06 11:10:00,2024-12-13 12:30:00,Arrived
2825,3613,2024-12-06 13:20:00,2024-12-11 12:30:00,Arrived
2826,274,2024-12-06 20:49:00,2024-12-10 09:00:00,Arrived
2827,3016,2024-12-07 07:10:00,2024-12-07 10:30:00,Arrived
2828,1714,2024-12-07 09:16:00,2024-12-10 12:00:00,Arrived
2829,353,2024-12-07 09:29:00,2024-12-10 09:00:00,Arrived
2830,2409,2024-12-07 10:03:00,2024-12-10 15:00:00,Arrived
2831,3084,2024-12-07 11:11:00,2024-12-09 08:00:00,Arrived
2832,3150,2024-12-07 12:58:00,2024-12-13 07:30:00,Arrived
2833,851,2024-12-07 17:24:00,2024-12-09 15:30:00,Arrived
2834,1682,2024-12-07 19:56:00,2024-12-21 09:30:00,Arrived
2835,3615,2024-12-07 20:13:00,2024-12-13 12:30:00,Arrived
2836,2203,2024-12-08 07:37:00,2024-12-10 08:00:00,Arrived
2837,1099,2024-12-08 09:32:00,2024-12-09 15:00:00,Arrived
2838,2526,2024-12-08 11:38:00,2024-12-11 10:30:00,No-Show
2839,1022,2024-12-08 14:26:00,2024-12-21 09:00:00,Arrived
2840,3277,2024-12-08 16:45:00,2024-12-09 12:00:00,Arrived
2841,2548,2024-12-09 07:13:00,2024-12-09 08:00:00,Arrived
2842,3618,2024-12-09 07:15:00,2024-12-09 10:30:00,Arrived
2843,2796,2024-12-09 08:03:00,2024-12-09 09:00:00,Arrived
2844,3621,2024-12-09 09:54:00,2024-12-11 15:00:00,Arrived
2845,3019,2024-12-09 12:53:00,2024-12-14 11:30:00,Arrived
2846,2254,2024-12-09 12:55:00,2024-12-16 08:30:00,Arrived
2847,2939,2024-12-09 13:07:00,2024-12-13 08:00:00,Arrived
2848,3622,2024-12-09 13:46:00,2024-12-13 13:30:00,Arrived
2849,3620,2024-12-09 14:22:00,2024-12-11 09:00:00,Arrived
2850,633,2024-12-10 06:50:00,2024-12-10 10:30:00,No-Show
2851,3492,2024-12-10 08:20:00,2024-12-16 11:00:00,Arrived
2852,226,2024-12-10 10:33:00,2024-12-26 09:00:00,Arrived
2853,3628,2024-12-10 12:13:00,2024-12-20 09:00:00,Arrived
2854,3208,2024-12-10 12:32:00,2024-12-11 11:30:00,Arrived
2855,3627,2024-12-10 15:03:00,2024-12-19 09:30:00,Cancelled
2856,3625,2024-12-10 16:06:00,2024-12-11 08:30:00,Arrived
2857,2118,2024-12-11 09:26:00,2024-12-11 11:00:00,Arrived
2858,473,2024-12-11 10:32:00,2024-12-12 12:30:00,Arrived
2859,3629,2024-12-11 12:02:00,2025-01-03 10:30:00,No-Show
2860,2846,2024-12-11 13:03:00,2024-12-17 14:30:00,Arrived
2861,3593,2024-12-11 16:12:00,2024-12-12 08:00:00,Arrived
2862,3364,2024-12-11 20:41:00,2024-12-14 11:00:00,Arrived
2863,3336,2024-12-12 06:13:00,2024-12-12 07:30:00,Arrived
2864,3630,2024-12-12 08:32:00,2024-12-12 09:00:00,Arrived
2865,1252,2024-12-12 14:50:00,2024-12-19 08:00:00,Arrived
2866,3631,2024-12-12 15:26:00,2024-12-14 10:30:00,Arrived
2867,3632,2024-12-12 17:23:00,2024-12-17 14:00:00,Arrived
2868,2747,2024-12-12 18:50:00,2024-12-18 12:30:00,Arrived
2869,129,2024-12-12 18:51:00,2024-12-16 07:30:00,Arrived
2870,3637,2024-12-13 07:30:00,2024-12-13 11:00:00,Arrived
2871,3635,2024-12-13 07:36:00,2024-12-13 08:00:00,Arrived
2872,1480,2024-12-13 11:14:00,2024-12-19 08:00:00,Arrived
2873,3109,2024-12-13 12:23:00,2024-12-16 13:30:00,Arrived
2874,723,2024-12-13 14:54:00,2024-12-14 10:30:00,Arrived
2875,3176,2024-12-13 15:48:00,2024-12-19 12:00:00,Arrived
2876,3638,2024-12-13 20:21:00,2024-12-17 08:00:00,Arrived
2877,2383,2024-12-13 20:45:00,2024-12-16 13:00:00,Arrived
2878,3011,2024-12-13 20:51:00,2024-12-19 08:30:00,Arrived
2879,3641,2024-12-14 07:13:00,2024-12-27 07:30:00,Arrived
2880,2869,2024-12-14 09:55:00,2024-12-16 08:30:00,Arrived
2881,645,2024-12-14 12:05:00,2024-12-18 14:30:00,Arrived
2882,3586,2024-12-14 13:13:00,2024-12-24 07:30:00,Arrived
2883,2575,2024-12-14 14:23:00,2024-12-16 12:00:00,Arrived
2884,1945,2024-12-14 15:42:00,2024-12-19 09:00:00,Arrived
2885,2427,2024-12-14 20:49:00,2024-12-16 12:30:00,Arrived
2886,2359,2024-12-14 20:52:00,2024-12-16 14:00:00,Arrived
2887,3308,2024-12-14 20:52:00,2024-12-26 13:00:00,Arrived
2888,194,2024-12-15 07:08:00,2024-12-16 13:00:00,Arrived
2889,3642,2024-12-15 09:42:00,2024-12-17 14:30:00,Arrived
2890,3649,2024-12-15 11:48:00,2024-12-27 07:30:00,Arrived
2891,3296,2024-12-15 12:02:00,2024-12-16 08:00:00,Arrived
2892,3643,2024-12-15 20:53:00,2024-12-21 08:30:00,Arrived
2893,3291,2024-12-16 06:51:00,2024-12-16 07:30:00,Arrived
2894,254,2024-12-16 09:23:00,2024-12-27 11:00:00,No-Show
2895,3650,2024-12-16 11:21:00,2024-12-17 08:30:00,Arrived
2896,1406,2024-12-16 13:09:00,2024-12-23 08:00:00,Arrived
2897,3025,2024-12-16 16:10:00,2025-01-02 09:30:00,Arrived
2898,1275,2024-12-16 16:38:00,2024-12-18 08:30:00,Arrived
2899,3651,2024-12-16 19:13:00,2024-12-24 12:00:00,Arrived
2900,3656,2024-12-17 06:34:00,2024-12-17 07:30:00,Arrived
2901,2076,2024-12-17 10:53:00,2024-12-19 10:00:00,Arrived
2902,2553,2024-12-17 11:16:00,2024-12-19 10:30:00,Arrived
2903,2094,2024-12-17 12:18:00,2024-12-18 09:00:00,Arrived
2904,3161,2024-12-17 14:20:00,2024-12-26 07:30:00,Arrived
2905,3581,2024-12-17 17:04:00,2024-12-18 11:00:00,Arrived
2906,3657,2024-12-17 18:50:00,2024-12-20 09:00:00,Arrived
2907,86,2024-12-17 19:50:00,2024-12-18 07:30:00,Arrived
2908,2663,2024-12-18 07:13:00,2024-12-18 08:00:00,Arrived
2909,2184,2024-12-18 07:32:00,2024-12-18 08:00:00,Arrived
2910,2281,2024-12-18 09:50:00,2024-12-23 09:30:00,No-Show
2911,3662,2024-12-18 13:28:00,2024-12-24 12:00:00,Arrived
2912,3661,2024-12-18 14:08:00,2024-12-20 09:00:00,Arrived
2913,3259,2024-12-18 19:58:00,2024-12-23 09:30:00,Arrived
2914,2282,2024-12-19 09:06:00,2024-12-23 07:30:00,Arrived
2915,2492,2024-12-19 10:27:00,2025-01-02 07:30:00,Arrived
2916,3627,2024-12-19 12:26:00,2024-12-26 08:00:00,Arrived
2917,3665,2024-12-19 16:23:00,2024-12-20 12:00:00,Cancelled
2918,3664,2024-12-19 19:43:00,2024-12-20 13:00:00,Arrived
2919,3671,2024-12-20 08:30:00,2024-12-20 09:00:00,Arrived
2920,338,2024-12-20 08:50:00,2024-12-28 11:00:00,Arrived
2921,3566,2024-12-20 09:59:00,2025-01-13 09:00:00,Arrived
2922,3668,2024-12-20 11:31:00,2024-12-20 14:00:00,Arrived
2923,2701,2024-12-20 11:57:00,2024-12-27 08:00:00,Arrived
2924,3092,2024-12-20 16:08:00,2024-12-24 09:30:00,Arrived
2925,3675,2024-12-20 18:24:00,2025-01-13 08:00:00,No-Show
2926,2354,2024-12-21 06:17:00,2024-12-21 08:00:00,Arrived
2927,3300,2024-12-21 07:12:00,2024-12-26 13:30:00,Arrived
2928,773,2024-12-21 07:27:00,2024-12-21 08:00:00,Cancelled
2929,107,2024-12-21 11:45:00,2024-12-24 08:00:00,Arrived
2930,544,2024-12-21 12:08:00,2024-12-28 08:30:00,Arrived
2931,3349,2024-12-21 16:15:00,2024-12-26 07:30:00,Arrived
2932,1480,2024-12-21 18:15:00,2024-12-24 08:00:00,Arrived
2933,1571,2024-12-21 18:23:00,2024-12-27 15:30:00,Arrived
2934,2526,2024-12-21 20:23:00,2024-12-26 14:00:00,Arrived
2935,3681,2024-12-22 07:29:00,2024-12-31 08:00:00,Arrived
2936,82,2024-12-22 09:05:00,2024-12-27 15:00:00,Arrived
2937,2762,2024-12-22 14:50:00,2024-12-30 10:30:00,Arrived
2938,2613,2024-12-22 15:01:00,2024-12-24 07:30:00,Arrived
2939,3189,2024-12-22 15:30:00,2024-12-30 11:30:00,Arrived
2940,3288,2024-12-22 16:36:00,2024-12-28 08:00:00,Arrived
2941,2127,2024-12-23 07:01:00,2024-12-26 09:00:00,Arrived
2942,281,2024-12-23 07:03:00,2024-12-23 12:30:00,Arrived
2943,1003,2024-12-23 15:01:00,2024-12-30 14:30:00,Arrived
2944,3685,2024-12-23 15:23:00,2024-12-24 09:00:00,No-Show
2945,3193,2024-12-23 15:28:00,2024-12-31 10:30:00,Arrived
2946,3086,2024-12-23 16:47:00,2024-12-24 15:30:00,Arrived
2947,681,2024-12-24 07:05:00,2024-12-26 11:30:00,Arrived
2948,1471,2024-12-24 07:17:00,2024-12-27 13:30:00,Arrived
2949,3591,2024-12-24 12:34:00,2024-12-27 08:00:00,Arrived
2950,2382,2024-12-24 15:32:00,2024-12-26 10:00:00,Arrived
2951,2503,2024-12-24 16:04:00,2025-01-02 14:30:00,Arrived
2952,1475,2024-12-24 17:26:00,2024-12-26 15:30:00,Arrived
2953,3691,2024-12-24 18:20:00,2024-12-28 08:00:00,Arrived
2954,1156,2024-12-24 18:51:00,2024-12-30 08:00:00,Arrived
2955,1863,2024-12-24 19:15:00,2025-01-13 08:00:00,No-Show
2956,3073,2024-12-24 19:50:00,2025-01-06 08:00:00,Arrived
2957,1172,2024-12-24 20:22:00,2024-12-27 10:30:00,Arrived
2958,809,2024-12-25 07:07:00,2024-12-27 09:30:00,Arrived
2959,1607,2024-12-25 07:47:00,2025-01-10 09:30:00,Arrived
2960,2835,2024-12-25 08:33:00,2024-12-30 07:30:00,Arrived
2961,3408,2024-12-25 10:31:00,2024-12-27 10:00:00,No-Show
2962,166,2024-12-25 14:16:00,2024-12-27 09:30:00,Arrived
2963,3692,2024-12-25 18:11:00,2025-01-07 09:00:00,Arrived
2964,3550,2024-12-26 06:25:00,2024-12-26 08:00:00,Arrived
2965,6,2024-12-26 07:19:00,2024-12-26 08:00:00,Arrived
2966,3209,2024-12-26 07:27:00,2024-12-26 08:00:00,Arrived
2967,3610,2024-12-26 07:44:00,2024-12-26 11:00:00,Cancelled
2968,3697,2024-12-26 07:52:00,2024-12-30 11:00:00,No-Show
2969,3695,2024-12-26 08:17:00,2024-12-26 09:00:00,Arrived
2970,3704,2024-12-26 09:23:00,2025-01-16 12:00:00,Arrived
2971,3515,2024-12-26 09:47:00,2024-12-31 11:30:00,Arrived
2972,909,2024-12-26 11:31:00,2024-12-26 13:30:00,Arrived
2973,3702,2024-12-26 13:22:00,2024-12-31 10:30:00,Arrived
2974,2583,2024-12-26 16:21:00,2024-12-31 08:00:00,Arrived
2975,3596,2024-12-26 18:14:00,2024-12-28 11:00:00,Arrived
2976,3649,2024-12-27 20:39:00,2024-12-30 08:00:00,Arrived
2977,228,2024-12-28 06:01:00,2024-12-28 08:00:00,Arrived
2978,3343,2024-12-28 07:05:00,2024-12-28 08:30:00,Arrived
2979,2212,2024-12-28 08:21:00,2024-12-28 10:00:00,Arrived
2980,3706,2024-12-28 09:16:00,2025-01-24 08:30:00,Arrived
2981,3705,2024-12-28 11:18:00,2024-12-30 10:00:00,Arrived
2982,2473,2024-12-28 11:49:00,2024-12-30 08:00:00,Arrived
2983,3707,2024-12-29 07:50:00,2025-01-08 07:30:00,Arrived
2984,697,2024-12-29 09:00:00,2024-12-30 08:00:00,Arrived
2985,2549,2024-12-29 11:51:00,2025-01-03 08:00:00,Arrived
2986,2427,2024-12-29 11:56:00,2024-12-31 09:00:00,Arrived
2987,2502,2024-12-29 15:04:00,2024-12-30 08:30:00,Arrived
2988,3408,2024-12-29 15:09:00,2025-01-04 09:00:00,Arrived
2989,2592,2024-12-29 16:39:00,2025-01-09 08:00:00,Cancelled
2990,3709,2024-12-29 18:46:00,2025-01-09 09:00:00,Arrived
2991,564,2024-12-29 20:53:00,2024-12-31 09:30:00,Arrived
2992,174,2024-12-30 14:15:00,2025-01-03 08:00:00,Arrived
2993,2864,2024-12-30 15:12:00,2024-12-31 11:00:00,Arrived
2994,2473,2024-12-30 16:42:00,2025-01-13 15:00:00,Arrived
2995,3711,2024-12-30 19:06:00,2025-01-03 08:30:00,Arrived
2996,2264,2024-12-30 20:25:00,2025-01-04 08:00:00,Arrived
2997,1406,2024-12-31 09:00:00,2024-12-31 09:30:00,Arrived
2998,2870,2024-12-31 09:39:00,2025-01-04 09:00:00,Arrived
2999,2247,2024-12-31 12:06:00,2025-01-02 10:00:00,Arrived
3000,402,2024-12-31 12:42:00,2025-01-02 10:00:00,Cancelled
3001,2740,2024-12-31 13:12:00,2025-01-02 07:30:00,Arrived
3002,3714,2025-01-01 08:48:00,2025-01-07 10:30:00,Arrived
3003,2236,2025-01-01 17:01:00,2025-01-08 08:00:00,Arrived
3004,316,2025-01-01 17:37:00,2025-01-04 11:30:00,Arrived
3005,3230,2025-01-01 17:59:00,2025-01-06 15:30:00,Cancelled
3006,3019,2025-01-02 08:55:00,2025-01-02 10:30:00,Arrived
3007,2094,2025-01-02 09:49:00,2025-01-02 11:00:00,Arrived
3008,69,2025-01-02 10:28:00,2025-01-06 08:00:00,Arrived
3009,2978,2025-01-02 11:23:00,2025-01-04 11:00:00,Arrived
3010,3721,2025-01-02 12:08:00,2025-01-07 07:30:00,Cancelled
3011,2495,2025-01-02 12:45:00,2025-01-06 11:30:00,Arrived
3012,1099,2025-01-02 13:13:00,2025-01-06 07:30:00,Arrived
3013,3720,2025-01-02 16:30:00,2025-01-06 11:00:00,Arrived
3014,2904,2025-01-02 16:44:00,2025-01-08 07:30:00,Arrived
3015,1670,2025-01-02 18:50:00,2025-01-06 07:30:00,Arrived
3016,3348,2025-01-02 19:01:00,2025-01-04 09:00:00,Arrived
3017,1418,2025-01-02 20:40:00,2025-01-06 09:00:00,Arrived
3018,3723,2025-01-03 06:28:00,2025-01-03 08:00:00,Arrived
3019,3728,2025-01-03 07:08:00,2025-01-10 13:00:00,Arrived
3020,3490,2025-01-03 12:01:00,2025-01-08 08:30:00,Arrived
3021,3727,2025-01-03 17:09:00,2025-01-07 11:00:00,Arrived
3022,3729,2025-01-03 17:12:00,2025-01-13 11:00:00,Cancelled
3023,3689,2025-01-04 07:25:00,2025-01-06 13:00:00,Cancelled
3024,1281,2025-01-04 15:49:00,2025-01-06 09:30:00,Arrived
3025,1722,2025-01-05 07:15:00,2025-01-13 09:30:00,Arrived
3026,516,2025-01-05 08:13:00,2025-01-08 13:30:00,Arrived
3027,1298,2025-01-05 09:37:00,2025-01-08 13:00:00,No-Show
3028,3731,2025-01-05 10:26:00,2025-01-06 10:00:00,Arrived
3029,3348,2025-01-05 10:54:00,2025-01-07 12:00:00,Arrived
3030,3737,2025-01-06 08:51:00,2025-01-17 07:30:00,Arrived
3031,3736,2025-01-06 10:07:00,2025-01-07 10:30:00,Arrived
3032,1953,2025-01-06 13:52:00,2025-01-16 08:00:00,Arrived
3033,2798,2025-01-06 13:57:00,2025-01-16 09:00:00,Arrived
3034,1013,2025-01-06 20:15:00,2025-01-27 08:30:00,Arrived
3035,1746,2025-01-07 07:11:00,2025-01-20 08:00:00,Arrived
3036,3759,2025-01-07 07:23:00,2025-01-22 15:00:00,Arrived
3037,3743,2025-01-07 07:40:00,2025-01-07 08:00:00,Arrived
3038,3740,2025-01-07 07:50:00,2025-01-07 09:30:00,Arrived
3039,2983,2025-01-07 08:43:00,2025-01-07 09:30:00,Cancelled
3040,544,2025-01-07 15:42:00,2025-01-09 08:00:00,Arrived
3041,3258,2025-01-07 16:08:00,2025-01-13 13:30:00,Arrived
3042,2728,2025-01-07 16:56:00,2025-01-13 08:00:00,Cancelled
3043,3752,2025-01-07 17:06:00,2025-01-10 08:00:00,Arrived
3044,3753,2025-01-07 17:47:00,2025-01-11 09:30:00,Arrived
3045,3758,2025-01-07 18:35:00,2025-01-18 09:30:00,Arrived
3046,3751,2025-01-07 18:40:00,2025-01-09 08:00:00,Arrived
3047,2684,2025-01-08 06:10:00,2025-01-08 08:30:00,Arrived
3048,3196,2025-01-08 10:39:00,2025-01-08 14:00:00,Arrived
3049,2566,2025-01-08 11:29:00,2025-01-20 10:00:00,Arrived
3050,3761,2025-01-08 13:02:00,2025-01-10 07:30:00,Arrived
3051,3765,2025-01-08 13:20:00,2025-01-29 07:30:00,Arrived
3052,3764,2025-01-08 15:07:00,2025-01-21 08:00:00,Arrived
3053,3697,2025-01-08 15:23:00,2025-01-14 07:30:00,Arrived
3054,2536,2025-01-08 16:00:00,2025-01-10 15:30:00,Arrived
3055,2359,2025-01-08 17:08:00,2025-01-13 10:30:00,Arrived
3056,3762,2025-01-08 17:44:00,2025-01-13 09:30:00,Arrived
3057,3763,2025-01-08 18:41:00,2025-01-14 08:00:00,Arrived
3058,2841,2025-01-09 06:12:00,2025-01-09 08:00:00,Arrived
3059,2848,2025-01-09 07:32:00,2025-01-09 08:00:00,Arrived
3060,3766,2025-01-09 08:45:00,2025-01-09 15:00:00,Arrived
3061,3777,2025-01-09 11:09:00,2025-01-11 10:30:00,Arrived
3062,2963,2025-01-09 11:30:00,2025-01-15 12:30:00,Arrived
3063,351,2025-01-09 13:00:00,2025-01-16 07:30:00,Arrived
3064,3776,2025-01-09 13:29:00,2025-01-10 08:30:00,Arrived
3065,3564,2025-01-09 14:06:00,2025-02-07 07:30:00,Cancelled
3066,2592,2025-01-09 14:56:00,2025-01-14 10:30:00,No-Show
3067,1777,2025-01-09 17:33:00,2025-01-11 09:30:00,Arrived
3068,1754,2025-01-09 18:17:00,2025-01-21 11:00:00,Arrived
3069,3778,2025-01-09 18:42:00,2025-01-14 08:00:00,Arrived
3070,2237,2025-01-10 09:20:00,2025-01-15 08:30:00,Arrived
3071,3787,2025-01-10 12:15:00,2025-01-23 13:00:00,Arrived
3072,3786,2025-01-10 14:00:00,2025-01-22 09:30:00,Arrived
3073,3464,2025-01-10 16:17:00,2025-01-22 11:00:00,Arrived
3074,3293,2025-01-10 16:26:00,2025-01-11 10:00:00,Arrived
3075,2502,2025-01-10 18:29:00,2025-01-13 08:30:00,Arrived
3076,3785,2025-01-10 19:27:00,2025-01-14 14:30:00,Arrived
3077,3792,2025-01-11 07:46:00,2025-01-14 11:30:00,Arrived
3078,3794,2025-01-11 09:04:00,2025-02-07 08:30:00,Arrived
3079,250,2025-01-11 12:01:00,2025-01-16 10:00:00,Arrived
3080,614,2025-01-11 13:12:00,2025-01-13 11:00:00,Arrived
3081,3650,2025-01-11 17:27:00,2025-01-24 13:00:00,Arrived
3082,3793,2025-01-11 17:41:00,2025-01-14 08:00:00,Arrived
3083,3125,2025-01-11 18:33:00,2025-01-22 14:30:00,Arrived
3084,970,2025-01-11 19:50:00,2025-01-27 07:30:00,Arrived
3085,726,2025-01-12 07:13:00,2025-01-17 15:00:00,Arrived
3086,2035,2025-01-12 07:36:00,2025-01-17 10:00:00,No-Show
3087,3799,2025-01-12 08:16:00,2025-01-15 09:00:00,Arrived
3088,2726,2025-01-12 09:24:00,2025-01-25 08:30:00,Arrived
3089,2462,2025-01-12 11:56:00,2025-01-17 10:00:00,Arrived
3090,3802,2025-01-12 12:05:00,2025-01-16 10:30:00,Arrived
3091,3796,2025-01-12 12:07:00,2025-01-13 08:30:00,Arrived
3092,3059,2025-01-12 13:15:00,2025-01-13 10:30:00,Arrived
3093,1497,2025-01-12 13:44:00,2025-01-15 07:30:00,Arrived
3094,689,2025-01-12 15:11:00,2025-01-13 11:30:00,Arrived
3095,3798,2025-01-12 17:38:00,2025-01-14 11:00:00,Arrived
3096,3805,2025-01-12 18:11:00,2025-01-18 09:00:00,Cancelled
3097,2860,2025-01-12 18:42:00,2025-01-13 08:00:00,Arrived
3098,3191,2025-01-12 19:03:00,2025-01-18 10:00:00,No-Show
3099,1660,2025-01-12 19:30:00,2025-01-13 10:30:00,Arrived
3100,3100,2025-01-13 07:54:00,2025-01-13 08:30:00,Arrived
3101,3529,2025-01-13 09:46:00,2025-01-17 08:00:00,Arrived
3102,3532,2025-01-13 10:26:00,2025-01-13 15:30:00,Arrived
3103,3022,2025-01-13 11:17:00,2025-02-01 09:30:00,Arrived
3104,3433,2025-01-13 16:18:00,2025-01-18 08:00:00,No-Show
3105,254,2025-01-13 17:47:00,2025-01-14 13:00:00,Arrived
3106,3086,2025-01-14 09:15:00,2025-01-15 08:00:00,Arrived
3107,2343,2025-01-14 10:44:00,2025-01-15 08:00:00,Arrived
3108,3812,2025-01-14 11:20:00,2025-01-27 08:00:00,Arrived
3109,3636,2025-01-14 11:49:00,2025-01-16 10:30:00,Arrived
3110,544,2025-01-14 11:58:00,2025-01-17 15:30:00,Arrived
3111,2951,2025-01-14 13:55:00,2025-01-16 14:00:00,Arrived
3112,2112,2025-01-14 15:08:00,2025-01-15 13:00:00,Arrived
3113,3689,2025-01-14 15:18:00,2025-01-15 14:30:00,Arrived
3114,129,2025-01-14 15:30:00,2025-01-20 13:00:00,No-Show
3115,3811,2025-01-14 16:09:00,2025-01-20 11:00:00,Arrived
3116,3813,2025-01-14 16:23:00,2025-02-11 08:30:00,Arrived
3117,3477,2025-01-14 16:24:00,2025-02-06 14:00:00,No-Show
3118,3336,2025-01-14 19:00:00,2025-01-21 07:30:00,Arrived
3119,2365,2025-01-15 06:13:00,2025-01-15 08:00:00,Arrived
3120,3816,2025-01-15 07:36:00,2025-01-16 07:30:00,Arrived
3121,3824,2025-01-15 09:12:00,2025-01-24 11:00:00,Arrived
3122,1929,2025-01-15 10:05:00,2025-01-15 14:30:00,Arrived
3123,3362,2025-01-15 13:55:00,2025-01-20 09:00:00,No-Show
3124,1710,2025-01-15 14:56:00,2025-01-17 10:30:00,Arrived
3125,3823,2025-01-15 16:52:00,2025-01-22 10:00:00,Arrived
3126,3673,2025-01-15 18:50:00,2025-01-16 14:00:00,No-Show
3127,3673,2025-01-16 11:10:00,2025-01-20 08:30:00,Arrived
3128,3828,2025-01-16 11:57:00,2025-01-21 13:30:00,Arrived
3129,1230,2025-01-16 12:39:00,2025-01-27 10:00:00,Arrived
3130,3248,2025-01-16 14:23:00,2025-01-17 09:00:00,Arrived
3131,3830,2025-01-16 15:32:00,2025-01-23 08:00:00,No-Show
3132,2896,2025-01-17 18:48:00,2025-01-27 08:00:00,Arrived
3133,3834,2025-01-17 20:59:00,2025-01-23 15:00:00,Arrived
3134,3835,2025-01-18 09:05:00,2025-01-18 10:00:00,Arrived
3135,3220,2025-01-18 10:18:00,2025-01-21 11:00:00,No-Show
3136,2283,2025-01-18 13:01:00,2025-01-21 15:30:00,Arrived
3137,3838,2025-01-18 17:50:00,2025-01-22 07:30:00,Cancelled
3138,1156,2025-01-18 18:52:00,2025-01-23 15:30:00,Arrived
3139,3014,2025-01-19 07:00:00,2025-01-31 11:00:00,Arrived
3140,3845,2025-01-19 08:53:00,2025-01-22 09:00:00,Arrived
3141,525,2025-01-19 09:05:00,2025-01-20 10:00:00,Arrived
3142,3167,2025-01-19 12:07:00,2025-01-21 07:30:00,Arrived
3143,3840,2025-01-19 13:45:00,2025-01-22 10:30:00,Arrived
3144,3591,2025-01-20 08:12:00,2025-01-20 12:00:00,Arrived
3145,3182,2025-01-20 09:57:00,2025-01-20 15:00:00,Arrived
3146,3732,2025-01-20 11:18:00,2025-01-20 13:00:00,Arrived
3147,3854,2025-01-20 11:23:00,2025-01-22 09:00:00,Arrived
3148,2358,2025-01-20 13:02:00,2025-01-22 08:00:00,Arrived
3149,3415,2025-01-20 16:47:00,2025-01-21 09:00:00,Arrived
3150,3851,2025-01-20 17:34:00,2025-01-22 12:30:00,Arrived
3151,1477,2025-01-20 18:34:00,2025-01-23 08:00:00,Arrived
3152,3848,2025-01-20 18:50:00,2025-01-21 14:00:00,Arrived
3153,2313,2025-01-21 09:10:00,2025-01-24 08:00:00,No-Show
3154,3060,2025-01-21 14:50:00,2025-01-28 07:30:00,Arrived
3155,3776,2025-01-21 16:00:00,2025-01-25 09:00:00,Arrived
3156,3856,2025-01-21 17:00:00,2025-01-22 08:30:00,Arrived
3157,3804,2025-01-21 18:39:00,2025-01-23 12:30:00,Arrived
3158,877,2025-01-21 19:25:00,2025-01-27 11:30:00,Arrived
3159,3310,2025-01-22 09:53:00,2025-02-05 11:00:00,Arrived
3160,3863,2025-01-22 12:12:00,2025-01-23 07:30:00,Arrived
3161,1096,2025-01-22 13:07:00,2025-01-27 13:00:00,Arrived
3162,1755,2025-01-22 13:50:00,2025-01-23 08:00:00,Arrived
3163,3482,2025-01-22 18:07:00,2025-01-25 08:00:00,Arrived
3164,2108,2025-01-23 07:23:00,2025-01-30 08:00:00,Arrived
3165,2161,2025-01-23 09:32:00,2025-01-25 08:00:00,Arrived
3166,3646,2025-01-23 10:48:00,2025-01-30 07:30:00,Arrived
3167,2148,2025-01-23 11:09:00,2025-01-31 08:30:00,Arrived
3168,3874,2025-01-23 13:27:00,2025-01-28 08:00:00,Arrived
3169,1266,2025-01-23 14:32:00,2025-02-03 09:30:00,Arrived
3170,2744,2025-01-23 14:51:00,2025-02-05 15:00:00,No-Show
3171,107,2025-01-23 15:24:00,2025-01-24 08:00:00,Arrived
3172,451,2025-01-23 17:18:00,2025-02-03 07:30:00,Arrived
3173,3872,2025-01-23 18:13:00,2025-01-24 10:00:00,Arrived
3174,175,2025-01-23 19:17:00,2025-01-24 10:00:00,Arrived
3175,1463,2025-01-24 08:43:00,2025-02-05 08:00:00,Arrived
3176,1252,2025-01-24 11:27:00,2025-02-05 10:00:00,Arrived
3177,3883,2025-01-24 12:13:00,2025-01-29 14:30:00,Arrived
3178,1964,2025-01-24 13:02:00,2025-01-27 12:00:00,Arrived
3179,861,2025-01-24 15:14:00,2025-01-29 07:30:00,Arrived
3180,2947,2025-01-24 18:41:00,2025-01-31 13:00:00,Arrived
3181,3882,2025-01-24 18:42:00,2025-01-29 08:30:00,No-Show
3182,3772,2025-01-25 07:38:00,2025-01-28 14:00:00,Arrived
3183,2296,2025-01-25 08:00:00,2025-01-25 11:00:00,Arrived
3184,276,2025-01-25 08:43:00,2025-01-31 14:00:00,Cancelled
3185,3313,2025-01-25 09:38:00,2025-01-30 09:30:00,No-Show
3186,3653,2025-01-25 11:10:00,2025-01-27 12:30:00,Arrived
3187,2727,2025-01-25 13:30:00,2025-02-05 14:30:00,Arrived
3188,3238,2025-01-25 15:34:00,2025-01-31 15:00:00,Arrived
3189,1501,2025-01-25 16:39:00,2025-01-27 10:00:00,Arrived
3190,646,2025-01-25 17:09:00,2025-01-28 11:00:00,Arrived
3191,2605,2025-01-25 18:29:00,2025-01-28 09:00:00,Arrived
3192,3300,2025-01-26 09:21:00,2025-01-28 13:30:00,Arrived
3193,3884,2025-01-26 10:59:00,2025-02-01 09:30:00,Arrived
3194,1100,2025-01-26 12:44:00,2025-02-04 11:00:00,Arrived
3195,224,2025-01-26 18:28:00,2025-01-27 08:00:00,Arrived
3196,319,2025-01-26 19:33:00,2025-01-29 09:00:00,Arrived
3197,3885,2025-01-26 19:44:00,2025-02-21 14:00:00,Arrived
3198,1570,2025-01-26 19:46:00,2025-01-31 09:30:00,Arrived
3199,3485,2025-01-27 06:37:00,2025-01-27 07:30:00,Arrived
3200,1003,2025-01-27 06:46:00,2025-01-27 11:00:00,Arrived
3201,78,2025-01-27 15:02:00,2025-01-28 15:00:00,Arrived
3202,3890,2025-01-27 15:23:00,2025-01-29 14:30:00,Arrived
3203,1696,2025-01-27 18:04:00,2025-01-28 08:30:00,Arrived
3204,3891,2025-01-27 18:46:00,2025-01-29 08:30:00,Arrived
3205,2254,2025-01-27 18:57:00,2025-01-30 12:00:00,Arrived
3206,877,2025-01-28 10:07:00,2025-01-30 13:30:00,Arrived
3207,2812,2025-01-28 10:19:00,2025-02-10 07:30:00,Arrived
3208,3451,2025-01-28 14:29:00,2025-02-01 10:00:00,Arrived
3209,3090,2025-01-28 14:57:00,2025-01-30 08:00:00,Cancelled
3210,791,2025-01-28 14:59:00,2025-01-30 12:00:00,Cancelled
3211,3008,2025-01-28 15:25:00,2025-02-01 08:00:00,Arrived
3212,2035,2025-01-28 18:43:00,2025-02-01 08:30:00,Arrived
3213,1514,2025-01-28 18:50:00,2025-01-31 13:30:00,Arrived
3214,1022,2025-01-29 06:53:00,2025-01-29 09:30:00,Arrived
3215,3228,2025-01-29 08:40:00,2025-01-31 08:00:00,Arrived
3216,3899,2025-01-29 09:27:00,2025-02-04 13:00:00,Arrived
3217,2926,2025-01-29 09:34:00,2025-02-03 08:30:00,Arrived
3218,1365,2025-01-29 11:44:00,2025-02-01 08:00:00,Cancelled
3219,1156,2025-01-29 12:43:00,2025-02-05 14:00:00,Arrived
3220,3801,2025-01-29 12:49:00,2025-01-30 09:00:00,Arrived
3221,3898,2025-01-29 14:37:00,2025-02-03 10:00:00,Arrived
3222,180,2025-01-29 15:04:00,2025-01-31 09:00:00,Arrived
3223,830,2025-01-29 20:01:00,2025-02-10 09:00:00,Arrived
3224,2889,2025-01-29 20:51:00,2025-01-31 10:00:00,Arrived
3225,980,2025-01-30 09:19:00,2025-01-30 12:30:00,Arrived
3226,2247,2025-01-30 12:00:00,2025-02-06 08:30:00,Arrived
3227,3113,2025-01-30 12:25:00,2025-02-05 07:30:00,Arrived
3228,3908,2025-01-30 13:07:00,2025-02-06 11:00:00,Cancelled
3229,1190,2025-01-30 14:23:00,2025-01-31 09:30:00,Arrived
3230,3349,2025-01-30 16:28:00,2025-02-04 13:00:00,Arrived
3231,2381,2025-01-30 18:26:00,2025-01-31 08:00:00,Arrived
3232,3904,2025-01-30 18:42:00,2025-02-04 10:00:00,Arrived
3233,2400,2025-01-30 19:09:00,2025-02-07 08:00:00,Arrived
3234,2480,2025-01-31 07:01:00,2025-01-31 13:30:00,Arrived
3235,3911,2025-01-31 07:55:00,2025-02-06 10:00:00,No-Show
3236,3590,2025-01-31 09:52:00,2025-02-06 08:00:00,Arrived
3237,3912,2025-01-31 13:55:00,2025-02-07 13:00:00,Arrived
3238,3686,2025-01-31 14:00:00,2025-02-06 13:00:00,Arrived
3239,276,2025-01-31 20:30:00,2025-02-03 11:00:00,Arrived
3240,1503,2025-02-01 09:45:00,2025-02-03 08:00:00,Arrived
3241,3731,2025-02-01 12:31:00,2025-02-03 08:00:00,Arrived
3242,3915,2025-02-01 13:00:00,2025-02-11 14:30:00,No-Show
3243,1035,2025-02-01 14:39:00,2025-02-06 11:30:00,Arrived
3244,3916,2025-02-01 14:41:00,2025-02-18 09:00:00,Arrived
3245,1826,2025-02-01 15:58:00,2025-02-08 08:00:00,Arrived
3246,3913,2025-02-01 16:00:00,2025-02-03 08:30:00,Arrived
3247,3397,2025-02-01 17:18:00,2025-02-05 12:00:00,Arrived
3248,3914,2025-02-01 17:35:00,2025-02-04 15:00:00,Arrived
3249,3499,2025-02-01 18:14:00,2025-02-03 10:30:00,Arrived
3250,3838,2025-02-01 19:01:00,2025-02-08 08:00:00,No-Show
3251,3917,2025-02-02 08:02:00,2025-02-07 07:30:00,Arrived
3252,3565,2025-02-02 08:41:00,2025-02-15 08:00:00,No-Show
3253,24,2025-02-02 09:07:00,2025-02-07 07:30:00,Arrived
3254,2478,2025-02-02 10:38:00,2025-02-03 13:30:00,Arrived
3255,1952,2025-02-02 11:08:00,2025-02-04 11:00:00,Arrived
3256,3149,2025-02-02 12:35:00,2025-02-07 07:30:00,Cancelled
3257,3560,2025-02-02 15:10:00,2025-02-03 07:30:00,Arrived
3258,3607,2025-02-02 15:55:00,2025-02-03 11:00:00,Arrived
3259,3850,2025-02-02 16:15:00,2025-02-03 10:00:00,Arrived
3260,2629,2025-02-02 17:53:00,2025-02-28 08:00:00,Arrived
3261,1474,2025-02-02 18:44:00,2025-02-04 09:30:00,Arrived
3262,344,2025-02-03 06:39:00,2025-02-03 07:30:00,Arrived
3263,2566,2025-02-03 07:02:00,2025-02-03 08:30:00,Arrived
3264,3372,2025-02-03 07:05:00,2025-02-05 08:30:00,Arrived
3265,3923,2025-02-03 07:24:00,2025-03-05 10:00:00,Arrived
3266,3918,2025-02-03 08:37:00,2025-02-03 09:00:00,Arrived
3267,2619,2025-02-03 09:14:00,2025-02-04 08:00:00,Arrived
3268,2631,2025-02-03 10:28:00,2025-02-08 09:30:00,Arrived
3269,2571,2025-02-03 10:36:00,2025-03-05 09:00:00,Arrived
3270,3920,2025-02-03 14:21:00,2025-02-10 08:00:00,Arrived
3271,2198,2025-02-03 14:26:00,2025-03-01 09:30:00,Arrived
3272,2490,2025-02-03 14:51:00,2025-02-04 08:30:00,Arrived
3273,2736,2025-02-03 15:44:00,2025-02-10 11:30:00,Arrived
3274,3642,2025-02-03 19:17:00,2025-02-05 09:00:00,No-Show
3275,819,2025-02-03 20:35:00,2025-02-17 08:00:00,Arrived
3276,646,2025-02-04 07:21:00,2025-02-06 14:30:00,Arrived
3277,3167,2025-02-04 07:44:00,2025-02-05 11:30:00,Arrived
3278,3925,2025-02-04 12:19:00,2025-02-11 13:30:00,No-Show
3279,2538,2025-02-04 16:51:00,2025-02-08 10:00:00,Arrived
3280,3567,2025-02-04 19:58:00,2025-02-13 15:00:00,Arrived
3281,3927,2025-02-05 07:02:00,2025-02-07 15:30:00,Arrived
3282,2743,2025-02-05 08:37:00,2025-02-12 08:00:00,Arrived
3283,632,2025-02-05 09:22:00,2025-02-06 12:00:00,Arrived
3284,1686,2025-02-05 13:14:00,2025-02-10 09:30:00,No-Show
3285,3642,2025-02-05 15:15:00,2025-02-17 08:00:00,Arrived
3286,1995,2025-02-05 19:09:00,2025-02-06 14:00:00,Arrived
3287,3926,2025-02-05 20:20:00,2025-02-06 08:00:00,Arrived
3288,3929,2025-02-06 11:38:00,2025-02-12 08:00:00,Arrived
3289,3935,2025-02-06 14:53:00,2025-03-05 10:00:00,Arrived
3290,1055,2025-02-06 15:06:00,2025-02-10 15:30:00,Arrived
3291,3928,2025-02-06 17:25:00,2025-02-07 14:30:00,No-Show
3292,3934,2025-02-06 17:48:00,2025-02-12 13:00:00,Arrived
3293,466,2025-02-06 20:44:00,2025-02-12 14:30:00,Arrived
3294,700,2025-02-07 09:31:00,2025-03-06 09:30:00,Arrived
3295,3759,2025-02-07 11:53:00,2025-02-10 07:30:00,Arrived
3296,2175,2025-02-07 11:55:00,2025-02-18 08:00:00,Arrived
3297,2028,2025-02-07 16:25:00,2025-02-10 08:30:00,Arrived
3298,3944,2025-02-07 17:47:00,2025-02-12 12:30:00,Arrived
3299,3943,2025-02-07 19:22:00,2025-02-11 15:30:00,Arrived
3300,3708,2025-02-08 07:03:00,2025-02-08 10:00:00,Arrived
3301,3863,2025-02-08 07:22:00,2025-02-08 10:00:00,Arrived
3302,3953,2025-02-08 08:55:00,2025-02-28 08:00:00,No-Show
3303,3951,2025-02-08 09:31:00,2025-02-10 08:00:00,Cancelled
3304,3486,2025-02-08 09:41:00,2025-02-18 12:00:00,Arrived
3305,3513,2025-02-08 12:57:00,2025-02-13 10:30:00,Arrived
3306,3615,2025-02-08 14:26:00,2025-02-10 10:30:00,No-Show
3307,3011,2025-02-08 14:35:00,2025-02-10 09:00:00,Arrived
3308,195,2025-02-08 16:34:00,2025-02-13 14:30:00,Arrived
3309,3945,2025-02-08 19:16:00,2025-02-10 07:30:00,Arrived
3310,697,2025-02-09 11:03:00,2025-02-13 10:30:00,No-Show
3311,3064,2025-02-09 11:22:00,2025-02-14 10:00:00,Arrived
3312,738,2025-02-09 12:28:00,2025-02-19 08:00:00,Arrived
3313,2518,2025-02-09 19:54:00,2025-02-10 09:00:00,Arrived
3314,3962,2025-02-10 07:25:00,2025-02-21 08:30:00,Arrived
3315,2940,2025-02-10 09:08:00,2025-02-12 11:00:00,No-Show
3316,3954,2025-02-10 11:07:00,2025-02-11 14:30:00,Arrived
3317,3956,2025-02-10 11:33:00,2025-02-15 08:00:00,Arrived
3318,1035,2025-02-10 15:50:00,2025-02-20 07:30:00,No-Show
3319,3961,2025-02-10 17:26:00,2025-02-17 15:30:00,Arrived
3320,3964,2025-02-10 18:08:00,2025-03-07 10:30:00,No-Show
3321,3925,2025-02-11 07:33:00,2025-02-14 08:00:00,No-Show
3322,3968,2025-02-11 07:41:00,2025-02-12 14:30:00,Arrived
3323,3976,2025-02-11 07:41:00,2025-02-18 08:30:00,No-Show
3324,2676,2025-02-11 08:42:00,2025-02-17 07:30:00,Arrived
3325,3973,2025-02-11 09:08:00,2025-02-14 08:00:00,Arrived
3326,3975,2025-02-11 09:52:00,2025-02-17 10:00:00,Arrived
3327,1953,2025-02-11 10:11:00,2025-02-22 08:00:00,No-Show
3328,3589,2025-02-11 10:32:00,2025-02-18 09:00:00,Arrived
3329,1185,2025-02-11 12:49:00,2025-02-17 14:30:00,Arrived
3330,3059,2025-02-11 13:08:00,2025-02-13 10:30:00,Arrived
3331,3501,2025-02-11 13:39:00,2025-02-13 09:00:00,No-Show
3332,3977,2025-02-11 15:33:00,2025-02-21 08:30:00,Arrived
3333,2262,2025-02-11 15:42:00,2025-02-14 11:00:00,Arrived
3334,3276,2025-02-11 17:23:00,2025-02-17 09:30:00,Arrived
3335,3970,2025-02-11 20:26:00,2025-02-13 14:30:00,Arrived
3336,3348,2025-02-12 10:31:00,2025-02-13 13:30:00,Arrived
3337,3983,2025-02-12 10:53:00,2025-02-18 07:30:00,Arrived
3338,3468,2025-02-12 14:46:00,2025-02-13 07:30:00,Arrived
3339,3720,2025-02-12 14:48:00,2025-02-14 08:00:00,Arrived
3340,2799,2025-02-12 15:33:00,2025-02-19 08:00:00,Arrived
3341,3981,2025-02-12 17:09:00,2025-02-14 09:00:00,Arrived
3342,3982,2025-02-12 17:16:00,2025-02-14 11:00:00,Arrived
3343,3988,2025-02-13 08:05:00,2025-02-24 09:30:00,No-Show
3344,3985,2025-02-13 11:03:00,2025-02-14 13:00:00,Arrived
3345,3987,2025-02-13 14:19:00,2025-02-14 13:30:00,Arrived
3346,2694,2025-02-14 08:30:00,2025-02-14 10:00:00,Arrived
3347,322,2025-02-14 10:23:00,2025-02-20 08:00:00,Arrived
3348,614,2025-02-14 11:04:00,2025-02-18 08:30:00,No-Show
3349,3766,2025-02-14 19:09:00,2025-02-17 12:30:00,Arrived
3350,694,2025-02-15 06:50:00,2025-02-15 08:00:00,Arrived
3351,2744,2025-02-15 07:47:00,2025-02-15 09:30:00,Arrived
3352,3445,2025-02-15 08:29:00,2025-02-15 09:00:00,Arrived
3353,3992,2025-02-15 10:05:00,2025-02-19 15:00:00,No-Show
3354,3114,2025-02-15 10:12:00,2025-02-19 07:30:00,Arrived
3355,3944,2025-02-15 11:24:00,2025-03-13 12:30:00,Arrived
3356,2946,2025-02-15 13:09:00,2025-02-17 07:30:00,Arrived
3357,1032,2025-02-15 13:44:00,2025-02-26 12:30:00,Arrived
3358,3635,2025-02-15 14:43:00,2025-02-17 09:30:00,Arrived
3359,2230,2025-02-15 14:44:00,2025-02-21 08:30:00,Arrived
3360,3993,2025-02-15 20:18:00,2025-02-27 12:30:00,Arrived
3361,2270,2025-02-15 20:53:00,2025-03-13 08:00:00,Arrived
3362,3994,2025-02-16 11:55:00,2025-02-18 07:30:00,Arrived
3363,2819,2025-02-16 12:41:00,2025-02-22 08:00:00,Arrived
3364,1478,2025-02-16 12:43:00,2025-02-22 08:00:00,Arrived
3365,3995,2025-02-16 13:15:00,2025-02-20 10:30:00,Arrived
3366,1875,2025-02-16 17:54:00,2025-02-18 10:00:00,Arrived
3367,4000,2025-02-17 08:45:00,2025-03-04 15:00:00,Arrived
3368,3090,2025-02-17 12:07:00,2025-02-20 09:00:00,Arrived
3369,2804,2025-02-17 12:59:00,2025-02-24 09:00:00,Arrived
3370,3225,2025-02-17 14:57:00,2025-03-03 11:30:00,Arrived
3371,180,2025-02-17 17:30:00,2025-02-18 12:30:00,Arrived
3372,2077,2025-02-17 18:16:00,2025-02-18 14:30:00,Arrived
3373,1670,2025-02-18 06:01:00,2025-02-18 09:30:00,Arrived
3374,1154,2025-02-18 08:53:00,2025-02-19 09:30:00,No-Show
3375,4003,2025-02-18 09:52:00,2025-02-19 15:30:00,Cancelled
3376,3950,2025-02-18 10:15:00,2025-02-19 12:30:00,Arrived
3377,645,2025-02-18 10:36:00,2025-02-22 08:00:00,Arrived
3378,4004,2025-02-18 13:48:00,2025-03-03 14:00:00,Arrived
3379,156,2025-02-18 15:35:00,2025-02-19 07:30:00,Arrived
3380,2549,2025-02-18 16:39:00,2025-02-19 08:00:00,Arrived
3381,1993,2025-02-18 16:56:00,2025-02-25 10:00:00,Arrived
3382,4005,2025-02-19 06:01:00,2025-02-19 09:30:00,Arrived
3383,4008,2025-02-19 06:45:00,2025-02-19 07:30:00,Arrived
3384,1091,2025-02-19 08:35:00,2025-02-19 13:00:00,Arrived
3385,4003,2025-02-19 10:20:00,2025-02-27 08:30:00,Arrived
3386,1992,2025-02-19 10:41:00,2025-02-19 13:30:00,Arrived
3387,735,2025-02-19 10:44:00,2025-02-26 10:00:00,Arrived
3388,4011,2025-02-19 10:48:00,2025-03-21 13:00:00,Arrived
3389,811,2025-02-19 11:45:00,2025-02-24 11:30:00,Arrived
3390,3127,2025-02-19 12:15:00,2025-02-20 09:00:00,Arrived
3391,86,2025-02-19 12:48:00,2025-02-20 08:00:00,Arrived
3392,3013,2025-02-19 13:53:00,2025-02-27 10:00:00,Cancelled
3393,3188,2025-02-19 15:54:00,2025-02-26 11:00:00,Arrived
3394,1514,2025-02-19 15:59:00,2025-02-20 10:00:00,Arrived
3395,3877,2025-02-19 16:11:00,2025-02-21 08:00:00,Arrived
3396,2883,2025-02-19 17:24:00,2025-02-20 10:30:00,Cancelled
3397,3206,2025-02-19 19:07:00,2025-03-01 10:30:00,Arrived
3398,3571,2025-02-19 20:35:00,2025-02-26 08:00:00,No-Show
3399,4013,2025-02-20 06:39:00,2025-02-20 09:30:00,Cancelled
3400,4012,2025-02-20 06:43:00,2025-02-20 09:00:00,Arrived
3401,2199,2025-02-20 07:27:00,2025-03-10 08:00:00,Arrived
3402,4014,2025-02-20 09:31:00,2025-02-21 11:30:00,Arrived
3403,2663,2025-02-20 09:32:00,2025-02-21 08:30:00,Arrived
3404,2883,2025-02-20 10:12:00,2025-02-24 07:30:00,Arrived
3405,4015,2025-02-20 11:23:00,2025-02-21 11:00:00,No-Show
3406,3558,2025-02-20 15:22:00,2025-02-24 08:30:00,Arrived
3407,4019,2025-02-20 18:48:00,2025-02-25 11:00:00,Arrived
3408,4023,2025-02-21 06:10:00,2025-02-21 08:00:00,Cancelled
3409,2203,2025-02-21 06:34:00,2025-02-21 07:30:00,Arrived
3410,4024,2025-02-21 09:58:00,2025-02-21 15:30:00,Arrived
3411,2354,2025-02-21 10:09:00,2025-02-25 13:00:00,Arrived
3412,3312,2025-02-21 11:44:00,2025-02-24 15:30:00,Arrived
3413,2611,2025-02-21 12:01:00,2025-02-26 13:00:00,Arrived
3414,4026,2025-02-21 12:03:00,2025-03-03 08:30:00,Arrived
3415,2470,2025-02-21 13:35:00,2025-02-22 08:30:00,Arrived
3416,2211,2025-02-21 16:00:00,2025-02-25 10:30:00,Arrived
3417,3754,2025-02-21 17:54:00,2025-02-27 10:30:00,Arrived
3418,2521,2025-02-21 18:33:00,2025-03-21 09:30:00,Arrived
3419,2266,2025-02-22 09:09:00,2025-02-24 07:30:00,Arrived
3420,3286,2025-02-22 13:02:00,2025-02-26 07:30:00,Arrived
3421,4027,2025-02-23 07:23:00,2025-03-06 09:00:00,Arrived
3422,1324,2025-02-23 08:06:00,2025-02-24 08:30:00,Arrived
3423,1882,2025-02-23 13:36:00,2025-02-27 13:00:00,Arrived
3424,3338,2025-02-23 14:12:00,2025-02-25 09:00:00,Arrived
3425,431,2025-02-23 14:31:00,2025-02-24 10:00:00,Arrived
3426,1512,2025-02-23 18:36:00,2025-02-24 10:00:00,Arrived
3427,326,2025-02-24 07:30:00,2025-02-24 09:30:00,Arrived
3428,476,2025-02-24 08:50:00,2025-02-26 15:00:00,Arrived
3429,2078,2025-02-24 08:55:00,2025-02-25 15:00:00,Arrived
3430,4037,2025-02-24 11:27:00,2025-03-06 07:30:00,Cancelled
3431,3706,2025-02-24 12:05:00,2025-03-05 11:00:00,Arrived
3432,3881,2025-02-24 14:14:00,2025-02-24 15:00:00,Arrived
3433,3718,2025-02-24 15:18:00,2025-02-28 10:30:00,Arrived
3434,4033,2025-02-24 15:42:00,2025-02-25 11:30:00,Arrived
3435,4036,2025-02-24 19:54:00,2025-03-04 08:30:00,Arrived
3436,4043,2025-02-25 08:22:00,2025-02-26 08:00:00,No-Show
3437,4046,2025-02-25 08:48:00,2025-03-06 10:00:00,Arrived
3438,3747,2025-02-25 11:04:00,2025-02-28 09:00:00,No-Show
3439,4041,2025-02-25 11:27:00,2025-02-25 14:00:00,Arrived
3440,3503,2025-02-25 12:34:00,2025-02-27 09:00:00,Arrived
3441,3513,2025-02-25 13:39:00,2025-02-27 08:00:00,Arrived
3442,1735,2025-02-25 16:29:00,2025-03-17 08:00:00,Arrived
3443,1657,2025-02-25 20:24:00,2025-02-27 09:30:00,Arrived
3444,2848,2025-02-26 08:08:00,2025-02-28 15:30:00,Arrived
3445,1465,2025-02-26 08:30:00,2025-03-25 09:00:00,Arrived
3446,738,2025-02-26 13:17:00,2025-03-05 09:00:00,Arrived
3447,4043,2025-02-26 13:54:00,2025-03-04 15:00:00,Arrived
3448,4049,2025-02-26 14:23:00,2025-03-12 13:30:00,Arrived
3449,1754,2025-02-26 14:30:00,2025-03-05 11:30:00,Arrived
3450,2465,2025-02-26 18:48:00,2025-02-27 09:30:00,Arrived
3451,2353,2025-02-26 18:56:00,2025-03-27 15:00:00,Arrived
3452,4048,2025-02-26 19:05:00,2025-03-04 12:30:00,Arrived
3453,4051,2025-02-27 07:55:00,2025-03-27 10:30:00,Arrived
3454,3631,2025-02-27 08:05:00,2025-03-06 12:00:00,Arrived
3455,2890,2025-02-27 09:04:00,2025-03-29 11:30:00,Arrived
3456,1146,2025-02-27 11:36:00,2025-03-05 08:00:00,Arrived
3457,3618,2025-02-27 16:05:00,2025-03-13 09:00:00,Arrived
3458,3927,2025-02-27 16:08:00,2025-03-03 09:00:00,Arrived
3459,4050,2025-02-27 20:26:00,2025-03-13 09:00:00,No-Show
3460,4059,2025-02-28 06:16:00,2025-02-28 08:30:00,Arrived
3461,3673,2025-02-28 12:57:00,2025-03-07 08:00:00,No-Show
3462,4066,2025-02-28 15:20:00,2025-03-03 12:00:00,No-Show
3463,805,2025-02-28 18:04:00,2025-03-04 09:00:00,Arrived
3464,932,2025-02-28 19:12:00,2025-03-03 08:30:00,No-Show
3465,3469,2025-03-01 06:12:00,2025-03-01 08:00:00,Arrived
3466,1486,2025-03-01 07:19:00,2025-03-12 08:00:00,Arrived
3467,2838,2025-03-01 07:23:00,2025-03-27 09:00:00,No-Show
3468,3870,2025-03-01 11:22:00,2025-03-03 15:30:00,Arrived
3469,4070,2025-03-01 12:50:00,2025-03-03 11:00:00,Arrived
3470,4069,2025-03-01 13:57:00,2025-03-03 07:30:00,Arrived
3471,3611,2025-03-01 14:09:00,2025-03-08 08:00:00,Arrived
3472,4072,2025-03-01 14:20:00,2025-03-21 14:30:00,Arrived
3473,4071,2025-03-01 17:05:00,2025-03-07 09:00:00,Arrived
3474,2514,2025-03-01 17:06:00,2025-03-06 14:00:00,Arrived
3475,449,2025-03-01 18:34:00,2025-03-13 14:00:00,No-Show
3476,4073,2025-03-01 20:40:00,2025-03-29 10:00:00,Arrived
3477,1233,2025-03-03 07:25:00,2025-03-03 08:00:00,Arrived
3478,2723,2025-03-03 07:35:00,2025-03-10 08:00:00,Arrived
3479,4084,2025-03-03 07:42:00,2025-03-14 10:00:00,Arrived
3480,4082,2025-03-03 13:37:00,2025-03-04 11:00:00,Arrived
3481,3655,2025-03-03 14:53:00,2025-03-04 09:00:00,No-Show
3482,4085,2025-03-03 15:42:00,2025-03-17 12:00:00,Cancelled
3483,3558,2025-03-03 15:57:00,2025-03-04 07:30:00,Arrived
3484,645,2025-03-03 17:38:00,2025-03-04 07:30:00,Arrived
3485,4083,2025-03-03 17:59:00,2025-03-06 13:00:00,Arrived
3486,733,2025-03-04 08:17:00,2025-03-05 08:00:00,Arrived
3487,2140,2025-03-04 10:29:00,2025-03-04 12:00:00,Arrived
3488,4090,2025-03-04 11:55:00,2025-03-10 07:30:00,Cancelled
3489,4099,2025-03-04 12:57:00,2025-03-13 14:30:00,Arrived
3490,4093,2025-03-04 13:20:00,2025-03-11 15:00:00,No-Show
3491,3861,2025-03-04 13:23:00,2025-03-08 11:00:00,Arrived
3492,3848,2025-03-04 18:38:00,2025-03-11 07:30:00,Arrived
3493,4100,2025-03-04 20:00:00,2025-03-28 09:30:00,Arrived
3494,4113,2025-03-05 07:04:00,2025-03-07 09:30:00,Arrived
3495,3875,2025-03-05 08:35:00,2025-03-06 08:30:00,Cancelled
3496,446,2025-03-05 08:55:00,2025-03-07 08:30:00,Arrived
3497,4102,2025-03-05 09:10:00,2025-03-05 15:00:00,Arrived
3498,4108,2025-03-05 09:50:00,2025-03-07 08:30:00,Arrived
3499,3999,2025-03-05 10:25:00,2025-03-12 08:00:00,Arrived
3500,4122,2025-03-05 10:45:00,2025-03-10 08:30:00,Arrived
3501,3098,2025-03-05 12:04:00,2025-03-07 12:00:00,Arrived
3502,3285,2025-03-05 13:17:00,2025-03-19 11:30:00,Arrived
3503,3889,2025-03-05 16:26:00,2025-03-29 09:00:00,Arrived
3504,4119,2025-03-05 16:55:00,2025-03-07 07:30:00,Arrived
3505,2229,2025-03-05 17:49:00,2025-03-06 08:00:00,Arrived
3506,3625,2025-03-05 20:05:00,2025-03-08 08:00:00,Arrived
3507,625,2025-03-05 20:33:00,2025-03-17 10:00:00,Cancelled
3508,13,2025-03-06 06:47:00,2025-03-06 10:30:00,Arrived
3509,2598,2025-03-06 07:04:00,2025-03-10 11:00:00,Arrived
3510,3992,2025-03-06 07:50:00,2025-03-07 09:00:00,Arrived
3511,1564,2025-03-06 14:32:00,2025-03-07 11:00:00,Arrived
3512,466,2025-03-07 09:03:00,2025-03-08 10:00:00,Arrived
3513,3644,2025-03-07 11:17:00,2025-03-08 10:30:00,Arrived
3514,883,2025-03-07 11:53:00,2025-03-11 12:30:00,Arrived
3515,2726,2025-03-07 13:15:00,2025-03-08 10:00:00,No-Show
3516,105,2025-03-07 13:53:00,2025-03-08 10:00:00,Arrived
3517,4128,2025-03-07 15:08:00,2025-04-02 07:30:00,Arrived
3518,3415,2025-03-07 18:07:00,2025-03-17 13:00:00,Arrived
3519,3988,2025-03-07 20:30:00,2025-03-13 09:30:00,Arrived
3520,4130,2025-03-08 07:05:00,2025-03-10 10:00:00,Arrived
3521,4129,2025-03-08 09:49:00,2025-03-10 13:30:00,Cancelled
3522,3113,2025-03-08 12:18:00,2025-03-11 09:30:00,Arrived
3523,3997,2025-03-08 13:32:00,2025-03-25 09:00:00,No-Show
3524,4131,2025-03-08 15:13:00,2025-03-17 08:00:00,Arrived
3525,4134,2025-03-09 08:44:00,2025-03-11 07:30:00,Arrived
3526,614,2025-03-09 08:57:00,2025-03-10 08:30:00,Arrived
3527,3633,2025-03-09 09:13:00,2025-03-15 09:00:00,No-Show
3528,3278,2025-03-09 10:29:00,2025-03-15 09:00:00,No-Show
3529,3869,2025-03-09 13:05:00,2025-03-10 07:30:00,Arrived
3530,3593,2025-03-09 13:29:00,2025-03-14 13:00:00,Arrived
3531,2948,2025-03-09 18:10:00,2025-03-11 10:00:00,Arrived
3532,3014,2025-03-09 18:50:00,2025-03-11 09:00:00,Arrived
3533,4133,2025-03-09 19:51:00,2025-03-10 13:30:00,Arrived
3534,4137,2025-03-10 07:34:00,2025-03-21 08:00:00,Arrived
3535,4090,2025-03-10 08:49:00,2025-03-14 08:00:00,Arrived
3536,4066,2025-03-10 14:08:00,2025-03-11 08:30:00,Cancelled
3537,2887,2025-03-10 14:11:00,2025-03-12 07:30:00,Cancelled
3538,1054,2025-03-10 16:57:00,2025-03-15 12:00:00,No-Show
3539,4136,2025-03-10 18:18:00,2025-03-20 10:00:00,Arrived
3540,3646,2025-03-10 20:15:00,2025-03-17 08:00:00,Arrived
3541,4142,2025-03-11 09:29:00,2025-03-11 15:00:00,No-Show
3542,4140,2025-03-11 12:09:00,2025-03-11 12:30:00,Arrived
3543,3271,2025-03-11 12:22:00,2025-03-26 07:30:00,No-Show
3544,240,2025-03-11 13:43:00,2025-04-10 10:00:00,Arrived
3545,3783,2025-03-11 18:56:00,2025-03-22 10:30:00,Arrived
3546,3953,2025-03-11 19:19:00,2025-03-12 10:00:00,Arrived
3547,3971,2025-03-11 19:40:00,2025-03-17 10:00:00,No-Show
3548,3205,2025-03-12 06:41:00,2025-03-12 07:30:00,Arrived
3549,3826,2025-03-12 07:02:00,2025-03-12 10:30:00,Arrived
3550,4163,2025-03-12 07:18:00,2025-03-19 15:00:00,Arrived
3551,630,2025-03-12 08:31:00,2025-03-25 10:00:00,Arrived
3552,1953,2025-03-12 09:25:00,2025-03-12 15:30:00,Arrived
3553,3822,2025-03-12 09:32:00,2025-03-13 15:30:00,Arrived
3554,3531,2025-03-12 09:54:00,2025-03-14 07:30:00,Arrived
3555,2684,2025-03-12 09:54:00,2025-04-10 10:30:00,Arrived
3556,4169,2025-03-12 10:01:00,2025-03-19 11:00:00,No-Show
3557,3586,2025-03-12 11:08:00,2025-03-31 09:30:00,Cancelled
3558,3289,2025-03-12 13:18:00,2025-03-24 14:30:00,No-Show
3559,4157,2025-03-12 13:27:00,2025-03-14 08:30:00,Arrived
3560,4158,2025-03-12 13:34:00,2025-03-17 08:00:00,Arrived
3561,4167,2025-03-12 15:11:00,2025-03-19 08:30:00,Arrived
3562,4170,2025-03-12 15:11:00,2025-03-20 10:00:00,Arrived
3563,4156,2025-03-12 15:28:00,2025-03-14 11:00:00,Cancelled
3564,4172,2025-03-12 19:54:00,2025-03-25 09:00:00,Arrived
3565,3088,2025-03-12 20:45:00,2025-03-13 12:30:00,Arrived
3566,3466,2025-03-13 06:16:00,2025-03-13 13:30:00,Arrived
3567,4177,2025-03-13 06:47:00,2025-03-13 07:30:00,Arrived
3568,3898,2025-03-13 07:07:00,2025-03-18 10:30:00,Arrived
3569,747,2025-03-13 07:43:00,2025-03-15 08:30:00,Arrived
3570,4050,2025-03-13 07:50:00,2025-03-29 10:30:00,Arrived
3571,4182,2025-03-13 09:22:00,2025-03-19 11:00:00,Arrived
3572,4180,2025-03-13 09:58:00,2025-03-14 08:00:00,Cancelled
3573,3308,2025-03-13 09:59:00,2025-03-20 11:00:00,No-Show
3574,1945,2025-03-13 10:05:00,2025-03-19 07:30:00,Arrived
3575,161,2025-03-13 10:29:00,2025-03-14 15:00:00,Cancelled
3576,1373,2025-03-13 13:51:00,2025-03-15 08:00:00,Arrived
3577,3957,2025-03-13 17:26:00,2025-03-20 09:30:00,Arrived
3578,3871,2025-03-14 07:37:00,2025-03-15 11:00:00,Arrived
3579,4190,2025-03-14 15:05:00,2025-03-19 14:30:00,Arrived
3580,3954,2025-03-15 08:47:00,2025-03-15 10:00:00,Arrived
3581,4193,2025-03-15 09:12:00,2025-03-21 09:30:00,Arrived
3582,3901,2025-03-15 09:22:00,2025-03-21 08:30:00,Cancelled
3583,4194,2025-03-15 10:49:00,2025-03-28 12:00:00,Arrived
3584,2026,2025-03-15 11:28:00,2025-03-27 10:00:00,Arrived
3585,2551,2025-03-15 13:57:00,2025-03-18 08:30:00,No-Show
3586,3591,2025-03-15 16:19:00,2025-03-19 10:30:00,Arrived
3587,4192,2025-03-15 20:16:00,2025-03-19 11:00:00,Arrived
3588,3275,2025-03-16 07:01:00,2025-03-18 09:00:00,Arrived
3589,4198,2025-03-16 08:55:00,2025-03-20 11:00:00,No-Show
3590,1571,2025-03-16 09:11:00,2025-03-21 15:00:00,Arrived
3591,105,2025-03-16 09:36:00,2025-03-17 07:30:00,Arrived
3592,4195,2025-03-16 13:32:00,2025-03-20 08:30:00,Arrived
3593,4087,2025-03-16 14:00:00,2025-03-18 14:30:00,Arrived
3594,3890,2025-03-16 14:10:00,2025-03-19 07:30:00,Arrived
3595,1755,2025-03-16 15:00:00,2025-03-17 09:00:00,Arrived
3596,3989,2025-03-16 15:56:00,2025-03-26 15:00:00,Arrived
3597,214,2025-03-16 17:51:00,2025-03-26 08:00:00,Arrived
3598,2918,2025-03-16 17:53:00,2025-03-18 13:30:00,Arrived
3599,2873,2025-03-16 18:22:00,2025-03-18 10:00:00,Arrived
3600,2465,2025-03-16 19:07:00,2025-03-17 13:30:00,Arrived
3601,3753,2025-03-17 07:02:00,2025-03-22 10:30:00,Arrived
3602,1504,2025-03-17 07:03:00,2025-04-12 12:00:00,No-Show
3603,3588,2025-03-17 15:03:00,2025-03-19 09:30:00,Arrived
3604,1171,2025-03-17 15:29:00,2025-03-22 08:30:00,No-Show
3605,3794,2025-03-17 17:24:00,2025-04-07 10:30:00,Cancelled
3606,1783,2025-03-18 06:35:00,2025-03-18 08:00:00,Arrived
3607,3200,2025-03-18 08:11:00,2025-03-19 09:00:00,Arrived
3608,4207,2025-03-18 08:26:00,2025-03-24 14:00:00,Cancelled
3609,4210,2025-03-18 08:43:00,2025-04-01 10:00:00,Arrived
3610,3061,2025-03-18 10:07:00,2025-03-20 13:00:00,Arrived
3611,2808,2025-03-18 12:57:00,2025-03-25 13:00:00,Arrived
3612,4209,2025-03-18 17:21:00,2025-03-27 07:30:00,Arrived
3613,3808,2025-03-18 20:51:00,2025-03-25 14:00:00,Arrived
3614,4219,2025-03-19 07:34:00,2025-03-19 10:30:00,Arrived
3615,2798,2025-03-19 08:22:00,2025-03-28 08:00:00,Arrived
3616,250,2025-03-19 08:28:00,2025-03-24 08:00:00,Arrived
3617,4223,2025-03-19 09:14:00,2025-03-26 10:30:00,Arrived
3618,4214,2025-03-19 10:43:00,2025-03-19 12:30:00,Arrived
3619,3883,2025-03-19 11:45:00,2025-03-20 09:00:00,Arrived
3620,4220,2025-03-19 18:02:00,2025-03-20 11:00:00,Arrived
3621,2266,2025-03-19 19:31:00,2025-03-26 10:00:00,Arrived
3622,2229,2025-03-19 19:58:00,2025-03-24 09:00:00,Arrived
3623,4221,2025-03-19 20:21:00,2025-03-25 09:00:00,Arrived
3624,4227,2025-03-20 07:09:00,2025-03-20 09:30:00,Arrived
3625,481,2025-03-20 10:33:00,2025-04-04 07:30:00,No-Show
3626,4228,2025-03-20 11:46:00,2025-03-24 08:30:00,Arrived
3627,4230,2025-03-20 12:42:00,2025-04-01 08:00:00,Arrived
3628,3341,2025-03-20 13:04:00,2025-04-04 13:00:00,Arrived
3629,2305,2025-03-20 16:05:00,2025-04-01 11:00:00,Arrived
3630,4229,2025-03-20 17:45:00,2025-03-27 08:00:00,Arrived
3631,4244,2025-03-21 08:19:00,2025-03-26 08:30:00,Arrived
3632,3245,2025-03-21 08:22:00,2025-03-28 08:30:00,Arrived
3633,4236,2025-03-21 09:17:00,2025-03-21 13:30:00,Arrived
3634,3460,2025-03-21 11:42:00,2025-03-28 11:00:00,Arrived
3635,3176,2025-03-21 19:35:00,2025-03-24 09:00:00,Arrived
3636,2198,2025-03-22 07:57:00,2025-04-05 08:00:00,Arrived
3637,2726,2025-03-22 08:16:00,2025-03-24 10:00:00,Arrived
3638,2590,2025-03-22 11:59:00,2025-03-24 08:30:00,Arrived
3639,2046,2025-03-22 12:05:00,2025-03-26 10:00:00,Arrived
3640,4142,2025-03-22 13:12:00,2025-03-24 08:00:00,Arrived
3641,4246,2025-03-22 15:18:00,2025-03-27 11:30:00,Arrived
3642,3943,2025-03-22 15:50:00,2025-04-15 08:30:00,Arrived
3643,3801,2025-03-22 15:59:00,2025-03-25 13:30:00,Arrived
3644,2512,2025-03-22 16:14:00,2025-03-24 09:30:00,Arrived
3645,3369,2025-03-22 17:19:00,2025-03-24 08:00:00,Arrived
3646,2966,2025-03-22 19:38:00,2025-03-31 10:00:00,Arrived
3647,3321,2025-03-23 13:33:00,2025-03-24 07:30:00,Arrived
3648,4248,2025-03-23 15:40:00,2025-03-31 07:30:00,Arrived
3649,3263,2025-03-23 15:57:00,2025-03-24 13:30:00,Arrived
3650,3723,2025-03-23 16:40:00,2025-04-14 13:00:00,No-Show
3651,4247,2025-03-23 16:54:00,2025-03-24 10:00:00,Arrived
3652,2284,2025-03-23 18:09:00,2025-03-25 08:00:00,Arrived
3653,4113,2025-03-23 18:34:00,2025-03-26 08:00:00,Arrived
3654,3431,2025-03-23 19:01:00,2025-04-05 08:30:00,Arrived
3655,4252,2025-03-24 10:44:00,2025-03-28 10:30:00,Arrived
3656,4093,2025-03-24 12:15:00,2025-03-31 08:30:00,Arrived
3657,3718,2025-03-24 12:19:00,2025-03-25 14:30:00,Arrived
3658,3699,2025-03-24 14:54:00,2025-03-31 09:30:00,Arrived
3659,3289,2025-03-24 15:13:00,2025-04-07 15:30:00,No-Show
3660,4251,2025-03-24 15:59:00,2025-03-26 08:30:00,Arrived
3661,108,2025-03-24 19:35:00,2025-03-26 10:00:00,Arrived
3662,1621,2025-03-25 07:01:00,2025-03-31 09:00:00,Arrived
3663,545,2025-03-25 07:31:00,2025-03-29 08:00:00,Arrived
3664,1587,2025-03-25 08:29:00,2025-03-27 08:30:00,Arrived
3665,4255,2025-03-25 08:44:00,2025-03-27 08:00:00,Arrived
3666,3396,2025-03-25 08:49:00,2025-03-28 08:30:00,Arrived
3667,4253,2025-03-25 10:02:00,2025-03-27 10:00:00,Arrived
3668,3833,2025-03-25 14:11:00,2025-04-19 08:00:00,No-Show
3669,3058,2025-03-25 15:06:00,2025-03-27 09:30:00,Arrived
3670,3040,2025-03-25 16:55:00,2025-04-18 10:30:00,Cancelled
3671,3038,2025-03-25 17:19:00,2025-04-05 08:00:00,Arrived
3672,3096,2025-03-25 17:43:00,2025-04-07 08:00:00,Cancelled
3673,3907,2025-03-25 18:29:00,2025-03-31 08:00:00,Arrived
3674,4257,2025-03-26 06:10:00,2025-03-26 13:30:00,Arrived
3675,3509,2025-03-26 06:15:00,2025-03-26 07:30:00,Arrived
3676,4256,2025-03-26 06:59:00,2025-03-26 08:00:00,Arrived
3677,2536,2025-03-26 15:53:00,2025-04-08 13:30:00,Arrived
3678,4262,2025-03-26 16:02:00,2025-04-09 15:00:00,Arrived
3679,2182,2025-03-26 16:27:00,2025-03-29 08:30:00,Arrived
3680,4259,2025-03-26 17:09:00,2025-03-27 10:00:00,No-Show
3681,3088,2025-03-26 17:17:00,2025-04-02 10:30:00,Arrived
3682,4260,2025-03-26 18:27:00,2025-03-27 08:00:00,Arrived
3683,372,2025-03-27 08:18:00,2025-03-29 08:00:00,Arrived
3684,4268,2025-03-27 09:43:00,2025-03-27 13:30:00,Arrived
3685,446,2025-03-27 10:54:00,2025-04-02 12:30:00,Arrived
3686,4280,2025-03-27 12:04:00,2025-04-04 13:00:00,Arrived
3687,3787,2025-03-27 13:38:00,2025-03-29 10:00:00,Arrived
3688,1420,2025-03-27 14:25:00,2025-04-01 11:30:00,Arrived
3689,4271,2025-03-27 15:01:00,2025-03-28 08:00:00,Arrived
3690,4001,2025-03-27 16:45:00,2025-04-10 09:00:00,Arrived
3691,4269,2025-03-27 18:06:00,2025-04-10 08:00:00,No-Show
3692,1087,2025-03-27 19:14:00,2025-04-09 11:00:00,No-Show
3693,4278,2025-03-27 20:37:00,2025-04-01 08:00:00,Arrived
3694,4284,2025-03-28 06:44:00,2025-03-28 09:00:00,Arrived
3695,3613,2025-03-28 07:05:00,2025-03-28 08:30:00,No-Show
3696,4293,2025-03-28 09:16:00,2025-04-04 11:30:00,Arrived
3697,4285,2025-03-28 09:24:00,2025-03-28 10:00:00,Arrived
3698,2657,2025-03-28 12:10:00,2025-04-03 10:30:00,Arrived
3699,3856,2025-03-28 12:58:00,2025-03-31 08:00:00,Arrived
3700,1821,2025-03-28 13:35:00,2025-04-01 08:30:00,Arrived
3701,4295,2025-03-28 14:34:00,2025-04-14 10:30:00,No-Show
3702,3285,2025-03-28 14:40:00,2025-04-03 10:30:00,Arrived
3703,3957,2025-03-28 15:53:00,2025-04-04 11:00:00,Arrived
3704,830,2025-03-29 07:49:00,2025-04-10 09:30:00,Arrived
3705,4297,2025-03-29 08:05:00,2025-04-09 07:30:00,Arrived
3706,2692,2025-03-29 08:21:00,2025-04-02 15:00:00,Arrived
3707,423,2025-03-29 08:34:00,2025-04-07 12:30:00,Arrived
3708,1881,2025-03-29 09:02:00,2025-04-04 08:00:00,Arrived
3709,1211,2025-03-29 09:39:00,2025-03-31 11:00:00,Arrived
3710,4296,2025-03-29 09:45:00,2025-04-04 07:30:00,Arrived
3711,1659,2025-03-29 09:52:00,2025-04-05 09:00:00,Arrived
3712,908,2025-03-29 11:39:00,2025-04-03 10:00:00,Arrived
3713,3097,2025-03-29 18:42:00,2025-04-01 08:30:00,Cancelled
3714,3948,2025-03-29 20:19:00,2025-03-31 07:30:00,Arrived
3715,4298,2025-03-30 08:50:00,2025-03-31 13:30:00,Arrived
3716,3336,2025-03-30 09:28:00,2025-03-31 09:30:00,Arrived
3717,4302,2025-03-30 10:19:00,2025-04-23 09:00:00,Cancelled
3718,1094,2025-03-30 12:34:00,2025-03-31 10:00:00,No-Show
3719,2256,2025-03-30 15:26:00,2025-04-03 11:00:00,Arrived
3720,4300,2025-03-30 15:34:00,2025-04-16 07:30:00,Arrived
3721,3114,2025-03-30 17:34:00,2025-04-01 09:30:00,Arrived
3722,2325,2025-03-30 17:41:00,2025-04-03 08:00:00,Arrived
3723,2502,2025-03-30 19:43:00,2025-04-01 09:00:00,Arrived
3724,2719,2025-03-31 06:24:00,2025-03-31 08:00:00,Arrived
3725,2960,2025-03-31 09:18:00,2025-04-07 09:00:00,Arrived
3726,4307,2025-03-31 10:13:00,2025-04-07 12:30:00,Arrived
3727,4306,2025-03-31 10:28:00,2025-04-04 07:30:00,No-Show
3728,4303,2025-03-31 10:37:00,2025-04-02 08:00:00,Arrived
3729,3803,2025-03-31 10:45:00,2025-04-01 15:00:00,Arrived
3730,4079,2025-03-31 11:28:00,2025-04-05 08:30:00,Arrived
3731,4308,2025-03-31 13:19:00,2025-04-10 08:00:00,Arrived
3732,3617,2025-03-31 13:49:00,2025-04-19 08:00:00,No-Show
3733,4305,2025-03-31 14:41:00,2025-04-02 12:30:00,Cancelled
3734,2984,2025-03-31 16:05:00,2025-04-07 09:30:00,Arrived
3735,3690,2025-03-31 16:42:00,2025-04-02 14:30:00,Arrived
3736,3725,2025-03-31 17:01:00,2025-04-21 09:00:00,Arrived
3737,4309,2025-04-01 06:29:00,2025-04-01 10:00:00,Arrived
3738,4315,2025-04-01 08:18:00,2025-04-07 07:30:00,Arrived
3739,4320,2025-04-01 08:29:00,2025-04-10 07:30:00,Arrived
3740,4312,2025-04-01 09:27:00,2025-04-01 10:30:00,Arrived
3741,4319,2025-04-01 12:13:00,2025-04-07 07:30:00,Arrived
3742,3734,2025-04-01 12:28:00,2025-04-05 08:00:00,Arrived
3743,3866,2025-04-01 12:56:00,2025-04-04 12:00:00,Cancelled
3744,1107,2025-04-02 06:10:00,2025-04-02 09:00:00,Arrived
3745,4212,2025-04-02 07:05:00,2025-04-04 14:30:00,Arrived
3746,2381,2025-04-02 07:35:00,2025-04-03 10:00:00,Arrived
3747,2666,2025-04-02 10:33:00,2025-04-30 09:00:00,No-Show
3748,2262,2025-04-02 11:11:00,2025-04-08 07:30:00,Arrived
3749,3808,2025-04-02 13:49:00,2025-04-08 14:30:00,Arrived
3750,465,2025-04-02 15:21:00,2025-04-14 13:00:00,Arrived
3751,450,2025-04-02 18:13:00,2025-04-04 07:30:00,Arrived
3752,3025,2025-04-02 20:32:00,2025-04-07 09:30:00,Arrived
3753,4327,2025-04-03 08:15:00,2025-04-04 08:30:00,Arrived
3754,3553,2025-04-03 08:32:00,2025-04-03 10:00:00,Arrived
3755,4331,2025-04-03 11:21:00,2025-04-16 12:30:00,No-Show
3756,4330,2025-04-03 12:14:00,2025-04-15 12:00:00,Arrived
3757,3700,2025-04-03 13:32:00,2025-04-10 08:30:00,Arrived
3758,1501,2025-04-03 13:45:00,2025-04-04 09:30:00,Arrived
3759,4145,2025-04-03 15:21:00,2025-04-16 11:00:00,Arrived
3760,4328,2025-04-03 16:10:00,2025-04-09 09:30:00,Arrived
3761,3971,2025-04-03 20:09:00,2025-04-05 09:00:00,Arrived
3762,1497,2025-04-04 06:44:00,2025-04-04 08:00:00,Arrived
3763,4336,2025-04-04 10:08:00,2025-04-10 11:00:00,Arrived
3764,3823,2025-04-04 10:15:00,2025-04-08 09:30:00,Arrived
3765,4018,2025-04-04 10:25:00,2025-04-07 08:00:00,Arrived
3766,3269,2025-04-04 13:44:00,2025-04-11 10:30:00,Arrived
3767,3138,2025-04-04 15:36:00,2025-04-14 11:00:00,Arrived
3768,3041,2025-04-04 18:02:00,2025-04-17 08:00:00,Arrived
3769,2720,2025-04-05 06:04:00,2025-04-05 08:00:00,Arrived
3770,4116,2025-04-05 08:15:00,2025-04-11 10:00:00,Arrived
3771,4124,2025-04-05 10:15:00,2025-04-10 07:30:00,Arrived
3772,4337,2025-04-05 12:50:00,2025-04-09 09:30:00,Arrived
3773,3321,2025-04-05 17:11:00,2025-04-07 11:30:00,Arrived
3774,3473,2025-04-06 08:16:00,2025-04-08 15:00:00,Arrived
3775,1171,2025-04-06 08:17:00,2025-04-08 08:00:00,Arrived
3776,3709,2025-04-06 11:56:00,2025-04-07 14:30:00,Arrived
3777,3279,2025-04-06 12:06:00,2025-04-16 11:30:00,Arrived
3778,3650,2025-04-06 14:23:00,2025-04-08 15:00:00,Arrived
3779,2690,2025-04-06 14:44:00,2025-04-14 15:30:00,No-Show
3780,3804,2025-04-06 17:29:00,2025-04-08 09:00:00,Arrived
3781,4339,2025-04-06 19:46:00,2025-04-16 07:30:00,No-Show
3782,4340,2025-04-06 19:48:00,2025-04-23 07:30:00,Arrived
3783,3712,2025-04-06 20:32:00,2025-04-12 09:00:00,Arrived
3784,663,2025-04-07 06:54:00,2025-04-07 08:00:00,Arrived
3785,4341,2025-04-07 20:04:00,2025-04-15 07:30:00,Arrived
3786,4342,2025-04-08 08:08:00,2025-04-09 08:30:00,Arrived
3787,4349,2025-04-08 09:16:00,2025-04-15 14:30:00,Arrived
3788,1475,2025-04-08 10:58:00,2025-04-11 08:00:00,Arrived
3789,4345,2025-04-08 11:12:00,2025-04-15 13:00:00,Arrived
3790,3791,2025-04-08 11:16:00,2025-05-03 08:30:00,Arrived
3791,2253,2025-04-08 14:18:00,2025-04-10 08:00:00,Arrived
3792,1744,2025-04-08 20:53:00,2025-04-11 10:00:00,Arrived
3793,1592,2025-04-09 06:23:00,2025-04-09 07:30:00,Arrived
3794,4358,2025-04-09 07:51:00,2025-04-15 10:00:00,Arrived
3795,4212,2025-04-09 08:03:00,2025-04-18 08:30:00,Arrived
3796,4355,2025-04-09 08:48:00,2025-04-09 10:00:00,Arrived
3797,4352,2025-04-09 10:41:00,2025-04-09 13:00:00,Cancelled
3798,3557,2025-04-09 20:27:00,2025-04-21 10:30:00,No-Show
3799,4359,2025-04-09 20:35:00,2025-04-15 09:30:00,Arrived
3800,3283,2025-04-10 06:05:00,2025-04-10 08:30:00,Arrived
3801,2228,2025-04-10 07:22:00,2025-04-17 09:00:00,Arrived
3802,4375,2025-04-10 09:27:00,2025-04-17 08:00:00,Arrived
3803,4365,2025-04-10 10:25:00,2025-04-14 13:30:00,Arrived
3804,4368,2025-04-10 13:14:00,2025-04-15 10:30:00,Arrived
3805,3228,2025-04-10 15:46:00,2025-04-17 11:30:00,Arrived
3806,3901,2025-04-10 16:44:00,2025-04-11 10:00:00,Arrived
3807,4305,2025-04-10 18:03:00,2025-04-12 08:00:00,Arrived
3808,4369,2025-04-10 19:57:00,2025-04-16 11:00:00,Arrived
3809,1389,2025-04-11 06:34:00,2025-04-11 09:30:00,Arrived
3810,4377,2025-04-11 08:53:00,2025-04-25 07:30:00,Arrived
3811,4382,2025-04-11 09:57:00,2025-04-25 11:00:00,Arrived
3812,2178,2025-04-11 10:19:00,2025-04-21 08:00:00,Arrived
3813,4379,2025-04-11 11:40:00,2025-04-16 09:00:00,Arrived
3814,703,2025-04-11 12:51:00,2025-05-03 09:00:00,No-Show
3815,4384,2025-04-11 14:02:00,2025-05-06 07:30:00,No-Show
3816,1003,2025-04-11 14:27:00,2025-04-14 11:30:00,Arrived
3817,4380,2025-04-11 15:05:00,2025-04-16 09:30:00,Arrived
3818,3508,2025-04-12 06:23:00,2025-04-12 09:30:00,Arrived
3819,805,2025-04-12 09:12:00,2025-04-19 10:00:00,Cancelled
3820,4388,2025-04-12 10:17:00,2025-04-17 08:00:00,Arrived
3821,3794,2025-04-12 13:10:00,2025-04-14 09:30:00,Arrived
3822,4396,2025-04-13 09:02:00,2025-04-16 09:30:00,Arrived
3823,3300,2025-04-13 13:45:00,2025-04-14 15:30:00,Arrived
3824,4093,2025-04-13 16:12:00,2025-04-14 08:30:00,Arrived
3825,4390,2025-04-13 16:33:00,2025-04-14 10:00:00,Arrived
3826,2164,2025-04-13 16:54:00,2025-04-22 12:30:00,Arrived
3827,4399,2025-04-13 17:22:00,2025-04-18 14:00:00,No-Show
3828,3983,2025-04-13 18:32:00,2025-04-14 14:00:00,Arrived
3829,4401,2025-04-14 07:20:00,2025-04-14 09:00:00,Arrived
3830,1133,2025-04-14 08:18:00,2025-04-14 09:00:00,Arrived
3831,4404,2025-04-14 11:22:00,2025-04-18 09:00:00,Arrived
3832,4405,2025-04-14 15:47:00,2025-05-01 08:30:00,Cancelled
3833,3916,2025-04-14 17:47:00,2025-04-16 14:30:00,Arrived
3834,1003,2025-04-14 17:51:00,2025-05-06 13:00:00,No-Show
3835,4406,2025-04-14 18:45:00,2025-05-08 12:00:00,Arrived
3836,3960,2025-04-14 18:55:00,2025-05-09 09:00:00,Arrived
3837,4402,2025-04-14 19:44:00,2025-04-15 14:30:00,Arrived
3838,3560,2025-04-15 08:34:00,2025-04-15 10:00:00,Arrived
3839,4022,2025-04-15 11:05:00,2025-04-19 08:00:00,Arrived
3840,1783,2025-04-15 12:32:00,2025-04-24 13:00:00,Arrived
3841,1994,2025-04-15 18:42:00,2025-04-22 07:30:00,Arrived
3842,2657,2025-04-15 20:12:00,2025-04-17 08:30:00,Arrived
3843,4413,2025-04-15 20:22:00,2025-04-18 12:30:00,Arrived
3844,748,2025-04-16 06:16:00,2025-04-16 08:30:00,Arrived
3845,4419,2025-04-16 07:09:00,2025-04-16 08:00:00,Arrived
3846,524,2025-04-16 07:32:00,2025-04-16 08:00:00,Arrived
3847,4422,2025-04-16 07:45:00,2025-04-17 08:30:00,Arrived
3848,4423,2025-04-16 10:14:00,2025-04-18 15:00:00,Arrived
3849,3291,2025-04-16 13:19:00,2025-04-25 14:00:00,Arrived
3850,3067,2025-04-16 13:51:00,2025-04-26 11:30:00,Arrived
3851,750,2025-04-16 16:52:00,2025-04-29 11:00:00,No-Show
3852,3745,2025-04-16 17:08:00,2025-04-30 11:00:00,No-Show
3853,4127,2025-04-16 19:05:00,2025-04-29 08:30:00,Arrived
3854,3802,2025-04-16 20:39:00,2025-04-21 10:30:00,Arrived
3855,3837,2025-04-16 20:42:00,2025-04-17 08:00:00,Arrived
3856,3369,2025-04-16 20:46:00,2025-04-29 09:00:00,Arrived
3857,4426,2025-04-17 06:53:00,2025-04-17 08:00:00,No-Show
3858,3403,2025-04-17 07:42:00,2025-04-21 07:30:00,Arrived
3859,2948,2025-04-17 10:24:00,2025-04-19 11:00:00,Arrived
3860,3613,2025-04-17 11:35:00,2025-04-24 11:30:00,Arrived
3861,4428,2025-04-17 12:00:00,2025-04-23 07:30:00,Arrived
3862,3041,2025-04-17 14:29:00,2025-05-06 14:30:00,Arrived
3863,4427,2025-04-17 14:49:00,2025-04-18 13:30:00,Arrived
3864,4432,2025-04-18 07:11:00,2025-04-18 11:00:00,Arrived
3865,2567,2025-04-18 07:58:00,2025-04-19 11:00:00,Arrived
3866,4412,2025-04-18 08:12:00,2025-05-05 09:30:00,Arrived
3867,4429,2025-04-18 09:09:00,2025-04-18 11:30:00,Arrived
3868,4434,2025-04-18 09:49:00,2025-04-25 15:00:00,Arrived
3869,274,2025-04-18 13:19:00,2025-04-22 15:00:00,Arrived
3870,423,2025-04-18 20:19:00,2025-04-21 13:00:00,Arrived
3871,4440,2025-04-19 07:27:00,2025-04-21 11:30:00,Arrived
3872,805,2025-04-19 07:56:00,2025-04-23 09:00:00,Arrived
3873,3833,2025-04-19 12:15:00,2025-04-30 10:00:00,Arrived
3874,3617,2025-04-19 14:09:00,2025-05-03 10:30:00,Arrived
3875,3863,2025-04-19 14:31:00,2025-04-25 08:00:00,Arrived
3876,4014,2025-04-19 14:39:00,2025-04-21 07:30:00,Arrived
3877,4443,2025-04-19 15:30:00,2025-05-02 08:00:00,Arrived
3878,4441,2025-04-19 17:16:00,2025-04-25 11:00:00,Arrived
3879,69,2025-04-19 17:49:00,2025-04-21 13:00:00,No-Show
3880,4439,2025-04-19 19:04:00,2025-04-21 07:30:00,Arrived
3881,4438,2025-04-19 20:47:00,2025-04-21 07:30:00,Arrived
3882,3310,2025-04-20 09:51:00,2025-04-22 10:00:00,Arrived
3883,646,2025-04-20 11:32:00,2025-04-26 08:00:00,Arrived
3884,3032,2025-04-20 12:30:00,2025-04-22 10:00:00,Arrived
3885,2061,2025-04-20 14:59:00,2025-04-24 10:30:00,Arrived
3886,3188,2025-04-20 16:35:00,2025-04-24 11:30:00,Arrived
3887,4453,2025-04-21 07:45:00,2025-04-23 11:00:00,Arrived
3888,2402,2025-04-21 08:28:00,2025-04-21 15:00:00,Arrived
3889,4454,2025-04-21 08:30:00,2025-05-01 07:30:00,Arrived
3890,1860,2025-04-21 12:34:00,2025-04-21 15:30:00,No-Show
3891,4446,2025-04-21 13:34:00,2025-04-23 07:30:00,Arrived
3892,4455,2025-04-21 13:34:00,2025-05-02 10:30:00,Arrived
3893,4451,2025-04-21 14:09:00,2025-04-23 09:00:00,Arrived
3894,4135,2025-04-21 14:16:00,2025-04-24 15:00:00,Arrived
3895,901,2025-04-21 14:34:00,2025-04-23 10:30:00,Arrived
3896,3910,2025-04-21 18:02:00,2025-05-03 08:00:00,Arrived
3897,3918,2025-04-21 18:46:00,2025-05-05 10:30:00,Arrived
3898,4459,2025-04-22 06:10:00,2025-04-22 11:00:00,Cancelled
3899,3185,2025-04-22 07:22:00,2025-04-22 11:30:00,Arrived
3900,4468,2025-04-22 08:16:00,2025-05-12 10:30:00,No-Show
3901,4368,2025-04-22 08:31:00,2025-04-29 12:30:00,Cancelled
3902,4461,2025-04-22 09:39:00,2025-04-23 09:00:00,Arrived
3903,4463,2025-04-22 10:51:00,2025-04-23 08:00:00,Cancelled
3904,4202,2025-04-22 10:55:00,2025-04-26 08:00:00,Arrived
3905,2349,2025-04-22 11:49:00,2025-04-29 09:30:00,Arrived
3906,4467,2025-04-22 15:26:00,2025-04-23 12:00:00,Arrived
3907,3272,2025-04-22 16:45:00,2025-04-28 11:30:00,Cancelled
3908,4177,2025-04-22 17:02:00,2025-04-26 11:00:00,Arrived
3909,4465,2025-04-22 20:24:00,2025-04-23 14:00:00,Arrived
3910,4479,2025-04-23 08:51:00,2025-04-30 12:30:00,Arrived
3911,2727,2025-04-23 11:17:00,2025-04-25 13:30:00,Arrived
3912,3084,2025-04-23 12:19:00,2025-04-25 13:00:00,Arrived
3913,3836,2025-04-23 12:59:00,2025-04-28 07:30:00,Arrived
3914,2558,2025-04-23 13:34:00,2025-04-25 14:00:00,Arrived
3915,4463,2025-04-23 14:01:00,2025-05-01 07:30:00,Arrived
3916,4478,2025-04-23 14:33:00,2025-04-30 08:30:00,Arrived
3917,1030,2025-04-23 19:32:00,2025-04-24 13:00:00,Arrived
3918,3168,2025-04-23 19:43:00,2025-05-05 09:00:00,Arrived
3919,3750,2025-04-23 19:59:00,2025-04-25 08:00:00,Arrived
3920,4036,2025-04-24 06:57:00,2025-04-24 08:00:00,Arrived
3921,3612,2025-04-24 07:49:00,2025-04-24 13:00:00,Arrived
3922,4480,2025-04-24 08:41:00,2025-04-24 11:30:00,Arrived
3923,4490,2025-04-24 11:39:00,2025-05-02 10:30:00,Arrived
3924,3708,2025-04-24 14:26:00,2025-04-28 13:00:00,Arrived
3925,4485,2025-04-24 17:06:00,2025-04-28 07:30:00,Cancelled
3926,4489,2025-04-24 19:05:00,2025-04-30 14:30:00,Arrived
3927,3283,2025-04-24 20:57:00,2025-04-29 12:00:00,Arrived
3928,689,2025-04-25 06:22:00,2025-04-25 08:00:00,Arrived
3929,3596,2025-04-25 07:09:00,2025-04-25 08:00:00,Arrived
3930,3509,2025-04-25 07:56:00,2025-05-02 10:30:00,Arrived
3931,4261,2025-04-25 09:27:00,2025-04-25 15:00:00,Arrived
3932,4494,2025-04-25 11:17:00,2025-04-30 09:30:00,Arrived
3933,2076,2025-04-25 15:57:00,2025-05-02 12:00:00,Arrived
3934,4495,2025-04-25 16:43:00,2025-05-01 08:30:00,Arrived
3935,4493,2025-04-25 20:56:00,2025-04-30 08:00:00,No-Show
3936,1860,2025-04-26 06:32:00,2025-04-26 09:00:00,Arrived
3937,1037,2025-04-26 06:55:00,2025-04-26 09:00:00,Arrived
3938,3060,2025-04-26 07:23:00,2025-04-29 08:30:00,Arrived
3939,948,2025-04-26 08:04:00,2025-04-30 14:00:00,Arrived
3940,543,2025-04-26 11:07:00,2025-04-28 11:30:00,Arrived
3941,4080,2025-04-26 15:50:00,2025-04-28 14:00:00,Arrived
3942,1226,2025-04-26 17:53:00,2025-05-21 11:00:00,No-Show
3943,1475,2025-04-26 18:59:00,2025-04-28 09:00:00,Arrived
3944,2086,2025-04-26 19:01:00,2025-05-10 10:30:00,Arrived
3945,4499,2025-04-27 12:00:00,2025-05-22 12:30:00,Arrived
3946,4498,2025-04-27 13:33:00,2025-04-29 08:00:00,Arrived
3947,4058,2025-04-27 19:53:00,2025-05-05 10:00:00,Cancelled
3948,2285,2025-04-28 07:27:00,2025-04-28 10:00:00,Arrived
3949,2605,2025-04-28 07:40:00,2025-04-28 09:30:00,Arrived
3950,4507,2025-04-28 10:47:00,2025-05-01 08:30:00,Arrived
3951,1735,2025-04-28 12:27:00,2025-05-05 08:00:00,Arrived
3952,15,2025-04-28 15:20:00,2025-05-05 11:00:00,Arrived
3953,541,2025-04-28 15:48:00,2025-04-30 12:30:00,Arrived
3954,4506,2025-04-28 16:31:00,2025-04-30 14:00:00,Arrived
3955,3724,2025-04-28 18:21:00,2025-04-30 10:30:00,Arrived
3956,2567,2025-04-29 06:24:00,2025-04-29 08:00:00,Arrived
3957,3789,2025-04-29 06:52:00,2025-04-29 07:30:00,Arrived
3958,4509,2025-04-29 07:42:00,2025-04-30 10:00:00,Cancelled
3959,1102,2025-04-29 07:48:00,2025-05-05 15:00:00,Arrived
3960,3645,2025-04-29 07:49:00,2025-04-30 09:00:00,Cancelled
3961,444,2025-04-29 08:54:00,2025-05-01 13:00:00,Arrived
3962,4022,2025-04-29 09:20:00,2025-04-29 10:30:00,Arrived
3963,750,2025-04-29 09:21:00,2025-05-05 08:30:00,Arrived
3964,2946,2025-04-29 09:34:00,2025-05-02 09:00:00,Arrived
3965,3932,2025-04-29 11:00:00,2025-05-01 13:30:00,Arrived
3966,980,2025-04-29 13:18:00,2025-05-01 08:00:00,Arrived
3967,4510,2025-04-29 13:39:00,2025-05-12 08:00:00,Arrived
3968,3161,2025-04-29 13:50:00,2025-05-27 07:30:00,Arrived
3969,4317,2025-04-29 20:11:00,2025-05-06 12:00:00,Cancelled
3970,1013,2025-04-30 06:06:00,2025-04-30 08:00:00,Arrived
3971,3683,2025-04-30 10:55:00,2025-05-01 14:30:00,No-Show
3972,3743,2025-04-30 11:18:00,2025-05-10 08:00:00,Arrived
3973,3637,2025-04-30 14:54:00,2025-05-02 14:30:00,Arrived
3974,3645,2025-04-30 19:43:00,2025-05-05 10:30:00,Arrived
3975,2870,2025-04-30 19:47:00,2025-05-02 09:30:00,Arrived
3976,4530,2025-05-01 07:26:00,2025-05-15 08:00:00,Arrived
3977,4528,2025-05-01 07:52:00,2025-05-08 11:00:00,Arrived
3978,2883,2025-05-01 11:06:00,2025-05-02 09:00:00,Arrived
3979,4519,2025-05-01 12:10:00,2025-05-01 15:00:00,Arrived
3980,4193,2025-05-01 12:30:00,2025-05-19 15:30:00,Arrived
3981,2727,2025-05-01 14:11:00,2025-05-03 10:30:00,Arrived
3982,4520,2025-05-01 15:24:00,2025-05-02 08:30:00,Arrived
3983,4521,2025-05-01 19:49:00,2025-05-07 11:30:00,Arrived
3984,2990,2025-05-01 20:30:00,2025-05-09 08:30:00,Arrived
3985,564,2025-05-01 20:49:00,2025-05-07 08:00:00,Cancelled
3986,3513,2025-05-02 06:10:00,2025-05-02 07:30:00,Arrived
3987,4532,2025-05-02 06:14:00,2025-05-02 07:30:00,Arrived
3988,4339,2025-05-02 08:00:00,2025-05-06 14:00:00,Arrived
3989,1572,2025-05-02 09:54:00,2025-05-08 10:30:00,Arrived
3990,4052,2025-05-02 10:07:00,2025-05-05 08:00:00,Arrived
3991,4533,2025-05-02 12:26:00,2025-05-02 14:00:00,Arrived
3992,904,2025-05-02 13:17:00,2025-05-09 07:30:00,Arrived
3993,4537,2025-05-02 14:05:00,2025-05-12 08:00:00,Arrived
3994,3971,2025-05-02 14:20:00,2025-05-06 11:30:00,Arrived
3995,4146,2025-05-02 16:58:00,2025-05-05 12:30:00,Arrived
3996,3687,2025-05-02 17:04:00,2025-05-08 10:00:00,Arrived
3997,4536,2025-05-02 17:27:00,2025-05-09 11:00:00,Arrived
3998,2495,2025-05-02 20:47:00,2025-05-03 11:00:00,Arrived
3999,4541,2025-05-03 09:04:00,2025-05-07 14:00:00,No-Show
4000,4084,2025-05-03 09:52:00,2025-05-05 12:30:00,Arrived
4001,4543,2025-05-03 10:11:00,2025-05-09 09:30:00,No-Show
4002,1593,2025-05-03 12:08:00,2025-05-09 08:30:00,No-Show
4003,2463,2025-05-03 13:35:00,2025-05-06 07:30:00,Arrived
4004,2155,2025-05-03 15:00:00,2025-06-02 12:00:00,Arrived
4005,4542,2025-05-03 19:14:00,2025-05-08 08:30:00,Cancelled
4006,4540,2025-05-03 20:20:00,2025-05-06 07:30:00,Arrived
4007,4545,2025-05-03 20:41:00,2025-05-09 13:30:00,Arrived
4008,4547,2025-05-03 20:54:00,2025-05-13 09:00:00,Arrived
4009,1420,2025-05-04 11:16:00,2025-05-06 12:30:00,Arrived
4010,4551,2025-05-04 12:27:00,2025-05-12 08:00:00,No-Show
4011,4098,2025-05-04 12:52:00,2025-05-05 13:00:00,Arrived
4012,4548,2025-05-04 13:45:00,2025-05-08 08:30:00,Arrived
4013,4302,2025-05-04 13:58:00,2025-05-06 08:30:00,Arrived
4014,2284,2025-05-04 14:26:00,2025-05-14 09:00:00,Arrived
4015,3813,2025-05-04 17:01:00,2025-05-16 07:30:00,No-Show
4016,4552,2025-05-04 17:11:00,2025-05-20 14:30:00,No-Show
4017,4090,2025-05-04 19:55:00,2025-05-10 09:30:00,Arrived
4018,1464,2025-05-05 06:56:00,2025-05-05 08:30:00,Arrived
4019,4554,2025-05-05 07:16:00,2025-05-05 12:30:00,Cancelled
4020,3766,2025-05-05 07:54:00,2025-05-05 09:00:00,Arrived
4021,4556,2025-05-05 09:56:00,2025-05-15 13:00:00,Arrived
4022,2583,2025-05-05 12:14:00,2025-05-12 07:30:00,Arrived
4023,4555,2025-05-05 18:14:00,2025-05-07 08:00:00,Arrived
4024,4136,2025-05-05 20:40:00,2025-05-08 08:30:00,Arrived
4025,2470,2025-05-05 20:55:00,2025-06-02 09:00:00,Arrived
4026,2480,2025-05-06 08:49:00,2025-05-19 08:30:00,Arrived
4027,4560,2025-05-06 09:44:00,2025-05-09 13:00:00,Arrived
4028,4471,2025-05-06 09:49:00,2025-05-07 11:00:00,Arrived
4029,432,2025-05-06 13:20:00,2025-05-07 08:00:00,Arrived
4030,3114,2025-05-06 13:35:00,2025-05-07 08:30:00,Cancelled
4031,2184,2025-05-06 16:17:00,2025-05-19 07:30:00,Arrived
4032,3459,2025-05-06 16:35:00,2025-05-07 08:30:00,Arrived
4033,4520,2025-05-06 18:37:00,2025-05-16 09:30:00,Arrived
4034,105,2025-05-06 19:22:00,2025-05-07 08:00:00,Arrived
4035,3505,2025-05-07 06:36:00,2025-05-07 12:00:00,Arrived
4036,3945,2025-05-07 07:59:00,2025-05-13 09:00:00,Arrived
4037,3417,2025-05-07 08:34:00,2025-05-13 11:00:00,Arrived
4038,3469,2025-05-07 09:14:00,2025-05-09 08:00:00,Arrived
4039,305,2025-05-07 09:51:00,2025-05-12 15:30:00,Arrived
4040,3346,2025-05-07 10:38:00,2025-05-21 08:00:00,Arrived
4041,321,2025-05-07 13:12:00,2025-05-10 08:00:00,Arrived
4042,3114,2025-05-07 14:08:00,2025-05-12 15:30:00,Arrived
4043,3971,2025-05-07 14:41:00,2025-05-13 09:00:00,Arrived
4044,2619,2025-05-07 15:51:00,2025-05-14 09:30:00,Arrived
4045,4216,2025-05-07 16:42:00,2025-05-17 08:00:00,Arrived
4046,4568,2025-05-07 16:53:00,2025-05-09 08:30:00,Arrived
4047,2683,2025-05-07 18:36:00,2025-05-09 08:00:00,Arrived
4048,2075,2025-05-07 18:36:00,2025-05-21 14:00:00,No-Show
4049,4575,2025-05-07 18:50:00,2025-06-04 08:00:00,Arrived
4050,4572,2025-05-07 19:25:00,2025-05-14 08:00:00,Arrived
4051,4517,2025-05-08 06:44:00,2025-05-08 11:30:00,Arrived
4052,4577,2025-05-08 09:58:00,2025-05-08 11:00:00,Arrived
4053,4454,2025-05-08 10:09:00,2025-05-08 11:00:00,Arrived
4054,4580,2025-05-08 11:20:00,2025-05-09 15:00:00,Arrived
4055,4584,2025-05-08 12:30:00,2025-05-13 11:30:00,Arrived
4056,4585,2025-05-08 12:53:00,2025-05-14 10:30:00,No-Show
4057,4586,2025-05-08 15:26:00,2025-05-22 14:00:00,Arrived
4058,4583,2025-05-08 20:31:00,2025-05-13 13:30:00,Arrived
4059,4581,2025-05-08 20:38:00,2025-05-09 08:30:00,Arrived
4060,1494,2025-05-09 10:51:00,2025-05-09 15:00:00,Arrived
4061,4129,2025-05-09 11:20:00,2025-05-17 10:30:00,Arrived
4062,4591,2025-05-09 14:13:00,2025-06-05 10:30:00,Arrived
4063,3837,2025-05-09 14:50:00,2025-05-19 09:00:00,Arrived
4064,4590,2025-05-09 14:57:00,2025-05-16 09:30:00,Arrived
4065,1700,2025-05-09 15:22:00,2025-05-14 09:30:00,Arrived
4066,1138,2025-05-09 15:34:00,2025-05-12 11:30:00,Arrived
4067,2686,2025-05-10 07:14:00,2025-05-12 08:30:00,Arrived
4068,4597,2025-05-10 07:18:00,2025-05-20 13:00:00,Arrived
4069,4592,2025-05-10 08:21:00,2025-05-10 11:00:00,Arrived
4070,4042,2025-05-10 08:24:00,2025-05-16 15:30:00,Arrived
4071,1945,2025-05-10 09:23:00,2025-05-10 10:30:00,Cancelled
4072,3584,2025-05-10 09:24:00,2025-05-22 11:00:00,No-Show
4073,275,2025-05-10 11:51:00,2025-05-14 14:00:00,Arrived
4074,4599,2025-05-10 12:57:00,2025-05-20 09:00:00,Arrived
4075,4214,2025-05-10 14:19:00,2025-05-13 08:30:00,Arrived
4076,4595,2025-05-10 19:15:00,2025-05-19 08:00:00,Arrived
4077,3580,2025-05-10 20:18:00,2025-05-15 15:00:00,Arrived
4078,1953,2025-05-11 07:07:00,2025-05-12 10:30:00,Arrived
4079,2253,2025-05-11 08:28:00,2025-05-16 07:30:00,Arrived
4080,4602,2025-05-11 08:40:00,2025-05-12 07:30:00,Arrived
4081,4600,2025-05-11 10:19:00,2025-05-12 10:00:00,Arrived
4082,3397,2025-05-11 10:29:00,2025-05-12 14:00:00,Arrived
4083,2612,2025-05-11 11:06:00,2025-05-13 11:00:00,Arrived
4084,4464,2025-05-11 14:08:00,2025-05-13 08:00:00,Arrived
4085,3965,2025-05-11 16:23:00,2025-05-14 11:00:00,Arrived
4086,4252,2025-05-11 16:57:00,2025-05-13 09:00:00,Arrived
4087,2282,2025-05-11 17:22:00,2025-05-16 13:00:00,Arrived
4088,4601,2025-05-11 19:45:00,2025-05-12 15:00:00,Arrived
4089,3692,2025-05-12 06:52:00,2025-05-12 10:00:00,Arrived
4090,4485,2025-05-12 08:44:00,2025-05-19 08:00:00,Arrived
4091,4260,2025-05-12 09:38:00,2025-05-27 14:00:00,Arrived
4092,1150,2025-05-12 12:40:00,2025-05-22 08:30:00,Arrived
4093,4612,2025-05-12 16:28:00,2025-05-29 09:00:00,Arrived
4094,4613,2025-05-12 18:45:00,2025-06-11 08:30:00,Arrived
4095,4621,2025-05-13 07:24:00,2025-05-20 09:00:00,Arrived
4096,4617,2025-05-13 10:49:00,2025-05-15 10:30:00,Arrived
4097,4618,2025-05-13 11:23:00,2025-05-15 11:30:00,Cancelled
4098,2524,2025-05-13 12:25:00,2025-05-13 13:30:00,Arrived
4099,4615,2025-05-13 13:39:00,2025-05-14 12:30:00,Arrived
4100,4619,2025-05-13 19:17:00,2025-05-16 08:30:00,Arrived
4101,2210,2025-05-13 19:57:00,2025-05-14 07:30:00,Arrived
4102,4628,2025-05-14 07:07:00,2025-05-14 10:00:00,Arrived
4103,2895,2025-05-14 08:18:00,2025-05-15 10:00:00,Arrived
4104,4492,2025-05-14 08:47:00,2025-05-15 14:00:00,Arrived
4105,4631,2025-05-14 10:08:00,2025-05-15 13:30:00,Arrived
4106,4454,2025-05-14 15:22:00,2025-06-09 07:30:00,Arrived
4107,4630,2025-05-14 17:15:00,2025-06-02 15:30:00,Cancelled
4108,2618,2025-05-14 17:25:00,2025-05-16 08:00:00,Arrived
4109,4635,2025-05-14 18:36:00,2025-05-20 09:00:00,Arrived
4110,3085,2025-05-15 07:00:00,2025-05-19 07:30:00,Arrived
4111,4317,2025-05-15 07:32:00,2025-05-16 11:30:00,Arrived
4112,4640,2025-05-15 11:17:00,2025-05-16 08:00:00,Arrived
4113,3904,2025-05-15 14:12:00,2025-05-19 08:00:00,Arrived
4114,4642,2025-05-15 14:30:00,2025-05-20 08:00:00,Arrived
4115,4641,2025-05-15 20:22:00,2025-05-17 10:30:00,Arrived
4116,4643,2025-05-15 20:26:00,2025-05-22 14:00:00,Arrived
4117,75,2025-05-16 07:43:00,2025-05-21 11:30:00,Arrived
4118,2524,2025-05-16 08:43:00,2025-06-14 08:00:00,Arrived
4119,243,2025-05-16 11:01:00,2025-05-30 14:00:00,Arrived
4120,4647,2025-05-16 11:23:00,2025-05-19 09:00:00,Cancelled
4121,2427,2025-05-16 13:13:00,2025-05-27 10:00:00,Arrived
4122,3538,2025-05-16 14:28:00,2025-05-21 07:30:00,Arrived
4123,3373,2025-05-16 16:01:00,2025-05-23 11:30:00,Cancelled
4124,3862,2025-05-16 18:12:00,2025-05-19 09:30:00,Arrived
4125,175,2025-05-16 20:05:00,2025-05-17 08:00:00,Arrived
4126,3953,2025-05-17 06:01:00,2025-05-17 10:00:00,Arrived
4127,4371,2025-05-17 08:57:00,2025-05-19 13:30:00,Arrived
4128,3726,2025-05-17 12:30:00,2025-05-19 11:30:00,Arrived
4129,1013,2025-05-17 12:55:00,2025-05-19 10:00:00,Arrived
4130,4649,2025-05-17 15:32:00,2025-05-22 07:30:00,No-Show
4131,4147,2025-05-17 15:48:00,2025-05-22 14:30:00,Arrived
4132,4509,2025-05-17 16:19:00,2025-05-21 07:30:00,Arrived
4133,4650,2025-05-17 18:23:00,2025-05-23 09:00:00,Arrived
4134,2511,2025-05-17 19:17:00,2025-05-21 09:30:00,Arrived
4135,4651,2025-05-18 07:20:00,2025-05-20 11:00:00,Arrived
4136,2387,2025-05-18 10:13:00,2025-05-21 07:30:00,Arrived
4137,2492,2025-05-18 11:25:00,2025-05-20 09:30:00,Arrived
4138,4652,2025-05-18 11:56:00,2025-05-28 08:00:00,Cancelled
4139,4542,2025-05-18 13:04:00,2025-05-20 13:00:00,Arrived
4140,466,2025-05-18 13:58:00,2025-05-20 14:30:00,Arrived
4141,544,2025-05-18 16:27:00,2025-05-19 10:30:00,Arrived
4142,3614,2025-05-18 17:13:00,2025-05-19 08:00:00,Arrived
4143,4541,2025-05-18 18:44:00,2025-05-19 14:30:00,Arrived
4144,2608,2025-05-18 20:11:00,2025-05-22 10:00:00,Arrived
4145,4657,2025-05-19 07:26:00,2025-05-28 13:00:00,Arrived
4146,3416,2025-05-19 09:34:00,2025-05-19 14:30:00,Arrived
4147,4655,2025-05-19 10:01:00,2025-05-23 09:00:00,No-Show
4148,4654,2025-05-19 13:10:00,2025-05-20 12:30:00,Arrived
4149,4367,2025-05-19 16:31:00,2025-05-24 11:30:00,Arrived
4150,1467,2025-05-19 18:43:00,2025-05-21 11:00:00,Arrived
4151,2930,2025-05-19 18:44:00,2025-05-23 07:30:00,Arrived
4152,4089,2025-05-19 20:00:00,2025-05-20 13:00:00,Arrived
4153,3797,2025-05-20 07:35:00,2025-05-22 07:30:00,Arrived
4154,4256,2025-05-20 07:57:00,2025-05-27 09:30:00,Arrived
4155,4665,2025-05-20 08:08:00,2025-05-23 09:30:00,Arrived
4156,4666,2025-05-20 10:34:00,2025-06-18 12:00:00,Arrived
4157,3829,2025-05-20 11:12:00,2025-05-24 09:30:00,Arrived
4158,4658,2025-05-20 12:16:00,2025-05-20 15:00:00,Arrived
4159,4664,2025-05-20 12:21:00,2025-05-22 12:30:00,Arrived
4160,2228,2025-05-20 12:41:00,2025-05-27 15:30:00,Arrived
4161,2312,2025-05-20 13:35:00,2025-05-23 09:30:00,Arrived
4162,3663,2025-05-20 14:29:00,2025-06-13 08:30:00,Arrived
4163,1278,2025-05-20 16:46:00,2025-05-28 08:30:00,Arrived
4164,4448,2025-05-20 19:11:00,2025-05-23 08:00:00,Cancelled
4165,1571,2025-05-21 07:17:00,2025-05-24 09:00:00,Arrived
4166,4670,2025-05-21 07:59:00,2025-05-28 08:30:00,Arrived
4167,4668,2025-05-21 08:28:00,2025-05-23 13:00:00,Arrived
4168,4262,2025-05-21 10:25:00,2025-05-21 14:30:00,Arrived
4169,2665,2025-05-21 10:41:00,2025-05-22 08:00:00,Arrived
4170,2179,2025-05-21 10:58:00,2025-05-21 13:00:00,Arrived
4171,4674,2025-05-21 11:23:00,2025-05-30 11:30:00,Cancelled
4172,4669,2025-05-21 12:33:00,2025-05-23 08:30:00,Arrived
4173,2075,2025-05-21 18:04:00,2025-05-28 15:00:00,Arrived
4174,4671,2025-05-21 18:45:00,2025-05-28 08:00:00,Arrived
4175,4526,2025-05-21 19:49:00,2025-05-24 08:00:00,Arrived
4176,3003,2025-05-22 06:50:00,2025-05-22 14:00:00,Arrived
4177,4678,2025-05-22 09:29:00,2025-05-27 08:00:00,Cancelled
4178,4277,2025-05-22 10:55:00,2025-05-24 09:00:00,Arrived
4179,3081,2025-05-22 12:02:00,2025-05-23 13:30:00,Arrived
4180,4679,2025-05-22 12:46:00,2025-05-29 12:30:00,Arrived
4181,226,2025-05-22 14:38:00,2025-06-04 14:00:00,Arrived
4182,1475,2025-05-22 16:08:00,2025-05-27 08:00:00,Arrived
4183,4507,2025-05-23 06:42:00,2025-05-23 10:00:00,Arrived
4184,4334,2025-05-23 07:27:00,2025-05-23 09:30:00,Arrived
4185,2804,2025-05-23 08:03:00,2025-06-18 09:30:00,Arrived
4186,4681,2025-05-23 08:10:00,2025-05-23 09:30:00,Arrived
4187,4225,2025-05-23 10:42:00,2025-05-27 08:30:00,Cancelled
4188,2782,2025-05-23 11:29:00,2025-05-29 15:30:00,Arrived
4189,4682,2025-05-23 12:13:00,2025-06-06 11:30:00,Arrived
4190,3714,2025-05-23 16:46:00,2025-05-29 08:00:00,Arrived
4191,4354,2025-05-23 18:03:00,2025-06-02 08:30:00,Arrived
4192,2951,2025-05-23 18:23:00,2025-05-24 09:30:00,Arrived
4193,3388,2025-05-24 07:10:00,2025-05-29 10:00:00,Arrived
4194,4683,2025-05-24 07:16:00,2025-05-24 09:00:00,Arrived
4195,3060,2025-05-24 07:29:00,2025-05-27 08:30:00,Arrived
4196,4445,2025-05-24 09:57:00,2025-05-30 07:30:00,Arrived
4197,2989,2025-05-24 11:00:00,2025-05-30 08:00:00,Arrived
4198,4687,2025-05-24 11:02:00,2025-06-06 13:30:00,No-Show
4199,465,2025-05-24 12:45:00,2025-06-20 07:30:00,Arrived
4200,4433,2025-05-24 14:54:00,2025-05-30 08:30:00,Arrived
4201,4115,2025-05-24 15:19:00,2025-05-27 10:00:00,Arrived
4202,2175,2025-05-24 15:51:00,2025-05-30 11:00:00,Arrived
4203,4684,2025-05-24 16:54:00,2025-05-29 09:00:00,Arrived
4204,4686,2025-05-24 16:55:00,2025-06-04 10:00:00,Arrived
4205,4685,2025-05-24 18:51:00,2025-06-03 08:30:00,Cancelled
4206,2918,2025-05-25 07:19:00,2025-05-27 10:30:00,Arrived
4207,2381,2025-05-25 07:54:00,2025-05-27 10:00:00,Arrived
4208,4219,2025-05-25 08:24:00,2025-05-31 09:30:00,Arrived
4209,4022,2025-05-25 08:52:00,2025-05-28 08:00:00,Arrived
4210,4688,2025-05-25 09:12:00,2025-05-28 09:30:00,Arrived
4211,4690,2025-05-25 10:22:00,2025-06-13 10:00:00,Arrived
4212,1282,2025-05-25 13:51:00,2025-06-07 10:00:00,Arrived
4213,3939,2025-05-25 14:51:00,2025-05-30 12:30:00,Arrived
4214,4689,2025-05-25 19:13:00,2025-06-04 09:30:00,Arrived
4215,3768,2025-05-25 20:46:00,2025-06-04 12:30:00,No-Show
4216,4068,2025-05-26 08:25:00,2025-05-27 10:30:00,Arrived
4217,4691,2025-05-26 15:17:00,2025-06-10 13:30:00,Arrived
4218,4085,2025-05-26 16:18:00,2025-06-06 08:00:00,Arrived
4219,1226,2025-05-26 16:53:00,2025-05-28 08:30:00,Arrived
4220,3531,2025-05-27 06:21:00,2025-05-27 10:30:00,Arrived
4221,4693,2025-05-27 07:42:00,2025-05-27 13:30:00,Arrived
4222,3052,2025-05-27 09:31:00,2025-05-31 08:00:00,Arrived
4223,3022,2025-05-27 13:42:00,2025-06-02 13:00:00,Arrived
4224,4698,2025-05-27 14:00:00,2025-05-28 10:30:00,Arrived
4225,4394,2025-05-27 16:56:00,2025-06-02 11:00:00,Arrived
4226,82,2025-05-27 17:51:00,2025-05-28 14:00:00,No-Show
4227,4701,2025-05-27 20:46:00,2025-06-06 07:30:00,Arrived
4228,2890,2025-05-28 07:06:00,2025-05-28 14:00:00,Arrived
4229,1464,2025-05-28 08:03:00,2025-05-30 07:30:00,Arrived
4230,2770,2025-05-28 08:30:00,2025-06-14 08:30:00,Arrived
4231,4003,2025-05-28 08:47:00,2025-06-07 11:00:00,Cancelled
4232,4004,2025-05-28 11:02:00,2025-05-28 12:00:00,Arrived
4233,4099,2025-05-28 11:58:00,2025-06-02 09:30:00,No-Show
4234,4584,2025-05-28 12:49:00,2025-05-30 12:00:00,Arrived
4235,3703,2025-05-28 14:57:00,2025-06-02 13:00:00,Arrived
4236,1230,2025-05-28 17:09:00,2025-05-29 08:30:00,Arrived
4237,3542,2025-05-28 19:06:00,2025-06-02 11:00:00,Arrived
4238,2717,2025-05-29 08:23:00,2025-06-02 08:30:00,Arrived
4239,4305,2025-05-29 08:26:00,2025-05-31 08:00:00,Arrived
4240,3701,2025-05-29 11:13:00,2025-06-02 10:30:00,Arrived
4241,2536,2025-05-29 11:51:00,2025-05-30 15:30:00,Arrived
4242,2795,2025-05-29 13:21:00,2025-05-31 09:00:00,Arrived
4243,4285,2025-05-29 17:17:00,2025-06-07 10:30:00,No-Show
4244,3905,2025-05-29 18:49:00,2025-06-02 08:00:00,Arrived
4245,2035,2025-05-30 06:51:00,2025-05-30 08:00:00,Arrived
4246,4710,2025-05-30 07:21:00,2025-06-05 08:00:00,Arrived
4247,4713,2025-05-30 08:46:00,2025-06-13 11:00:00,No-Show
4248,4708,2025-05-30 10:37:00,2025-05-30 13:00:00,Arrived
4249,646,2025-05-30 10:41:00,2025-06-04 11:30:00,Arrived
4250,4712,2025-05-30 12:57:00,2025-06-09 09:00:00,No-Show
4251,2683,2025-05-30 15:05:00,2025-06-02 11:00:00,No-Show
4252,3100,2025-05-30 16:47:00,2025-05-31 11:30:00,Arrived
4253,444,2025-05-30 17:43:00,2025-06-05 09:30:00,Arrived
4254,323,2025-05-30 20:08:00,2025-05-31 08:30:00,Arrived
4255,4717,2025-05-31 07:39:00,2025-06-23 11:30:00,Arrived
4256,4715,2025-05-31 07:53:00,2025-06-09 09:30:00,Arrived
4257,4716,2025-05-31 13:28:00,2025-06-09 10:00:00,No-Show
4258,1171,2025-05-31 15:04:00,2025-06-03 10:00:00,Arrived
4259,4718,2025-05-31 15:18:00,2025-06-27 08:00:00,Arrived
4260,4449,2025-05-31 18:56:00,2025-06-05 11:00:00,Arrived
4261,1032,2025-05-31 19:02:00,2025-06-02 15:30:00,Arrived
4262,172,2025-06-01 11:07:00,2025-06-02 14:00:00,Arrived
4263,4423,2025-06-01 11:17:00,2025-06-04 12:00:00,Arrived
4264,77,2025-06-01 14:56:00,2025-06-02 11:30:00,Arrived
4265,4720,2025-06-01 16:22:00,2025-06-03 14:00:00,Arrived
4266,4719,2025-06-01 17:04:00,2025-06-03 09:30:00,Arrived
4267,3580,2025-06-02 07:07:00,2025-06-04 07:30:00,Arrived
4268,3013,2025-06-02 07:23:00,2025-06-09 11:00:00,Arrived
4269,4724,2025-06-02 09:37:00,2025-06-04 08:00:00,Arrived
4270,4585,2025-06-02 11:23:00,2025-06-04 09:00:00,Arrived
4271,4142,2025-06-02 15:09:00,2025-06-04 14:30:00,Arrived
4272,2284,2025-06-02 16:05:00,2025-06-05 08:00:00,Cancelled
4273,4723,2025-06-02 16:54:00,2025-06-03 08:00:00,Cancelled
4274,4728,2025-06-02 17:27:00,2025-06-09 14:00:00,Arrived
4275,4746,2025-06-03 06:44:00,2025-06-03 10:00:00,Arrived
4276,4324,2025-06-03 06:55:00,2025-06-03 09:00:00,Arrived
4277,4754,2025-06-03 09:07:00,2025-06-12 10:00:00,No-Show
4278,4747,2025-06-03 10:35:00,2025-06-04 14:00:00,Arrived
4279,4742,2025-06-03 10:40:00,2025-06-03 11:30:00,Arrived
4280,4750,2025-06-03 10:58:00,2025-06-05 07:30:00,Arrived
4281,4755,2025-06-03 11:21:00,2025-06-13 11:00:00,Arrived
4282,4749,2025-06-03 11:28:00,2025-06-05 08:00:00,Arrived
4283,4751,2025-06-03 14:59:00,2025-06-09 11:30:00,Arrived
4284,4752,2025-06-03 16:59:00,2025-06-10 09:30:00,Arrived
4285,4748,2025-06-03 18:47:00,2025-06-04 08:30:00,Arrived
4286,4764,2025-06-04 07:07:00,2025-06-09 14:30:00,Arrived
4287,4125,2025-06-04 07:13:00,2025-06-04 09:00:00,Arrived
4288,4762,2025-06-04 10:06:00,2025-06-05 09:00:00,Arrived
4289,4686,2025-06-04 10:30:00,2025-06-19 10:30:00,Arrived
4290,3825,2025-06-04 10:59:00,2025-06-21 08:00:00,Arrived
4291,4765,2025-06-04 11:37:00,2025-06-17 09:30:00,Arrived
4292,4761,2025-06-04 17:03:00,2025-06-05 10:30:00,Arrived
4293,2846,2025-06-04 20:10:00,2025-06-11 13:30:00,Arrived
4294,4776,2025-06-05 06:47:00,2025-06-05 09:00:00,Arrived
4295,4766,2025-06-05 07:58:00,2025-06-05 09:00:00,Arrived
4296,4779,2025-06-05 08:48:00,2025-06-13 13:30:00,Arrived
4297,2203,2025-06-05 09:20:00,2025-06-06 12:00:00,Arrived
4298,2571,2025-06-05 10:06:00,2025-06-12 08:00:00,Arrived
4299,2720,2025-06-05 10:35:00,2025-06-10 09:00:00,Arrived
4300,4778,2025-06-05 11:35:00,2025-06-10 09:00:00,Arrived
4301,3781,2025-06-05 11:46:00,2025-06-17 09:30:00,Arrived
4302,3957,2025-06-05 14:02:00,2025-06-07 08:00:00,Arrived
4303,3811,2025-06-05 17:02:00,2025-06-07 11:00:00,Arrived
4304,3211,2025-06-05 18:28:00,2025-06-23 11:00:00,Arrived
4305,2166,2025-06-06 07:23:00,2025-06-06 09:00:00,Arrived
4306,4381,2025-06-06 08:31:00,2025-06-06 10:00:00,Arrived
4307,2896,2025-06-06 08:31:00,2025-06-14 12:00:00,Arrived
4308,3555,2025-06-06 10:05:00,2025-06-07 10:30:00,Arrived
4309,4793,2025-06-06 11:17:00,2025-06-13 10:00:00,Arrived
4310,4271,2025-06-06 12:59:00,2025-07-05 10:00:00,Arrived
4311,4786,2025-06-06 13:04:00,2025-06-12 09:00:00,No-Show
4312,3225,2025-06-06 19:33:00,2025-06-13 09:00:00,Arrived
4313,2228,2025-06-06 20:01:00,2025-06-10 08:00:00,Cancelled
4314,4804,2025-06-07 08:53:00,2025-06-19 11:00:00,Arrived
4315,4126,2025-06-07 09:46:00,2025-06-18 11:00:00,Arrived
4316,909,2025-06-07 10:06:00,2025-06-12 10:30:00,Arrived
4317,4795,2025-06-07 12:08:00,2025-06-12 07:30:00,Arrived
4318,4803,2025-06-07 12:09:00,2025-06-13 07:30:00,Arrived
4319,373,2025-06-07 14:44:00,2025-06-11 08:30:00,Arrived
4320,2646,2025-06-07 15:28:00,2025-06-09 14:00:00,Arrived
4321,2206,2025-06-07 19:07:00,2025-06-09 08:30:00,Arrived
4322,2931,2025-06-07 19:57:00,2025-06-09 09:30:00,Arrived
4323,545,2025-06-07 20:28:00,2025-06-13 09:30:00,Arrived
4324,4817,2025-06-08 07:03:00,2025-06-19 13:00:00,Arrived
4325,747,2025-06-08 08:18:00,2025-06-09 09:00:00,Arrived
4326,4812,2025-06-08 10:44:00,2025-06-10 15:00:00,Arrived
4327,4815,2025-06-08 11:42:00,2025-06-18 09:30:00,Arrived
4328,4813,2025-06-08 13:46:00,2025-06-10 10:30:00,Arrived
4329,4807,2025-06-08 15:10:00,2025-06-09 08:00:00,Arrived
4330,4630,2025-06-08 16:50:00,2025-06-10 10:00:00,Arrived
4331,4167,2025-06-08 17:31:00,2025-06-09 09:30:00,Arrived
4332,4810,2025-06-08 19:00:00,2025-06-10 09:00:00,Arrived
4333,4806,2025-06-08 20:15:00,2025-06-09 09:00:00,Arrived
4334,2943,2025-06-08 20:35:00,2025-06-12 08:00:00,Arrived
4335,3761,2025-06-09 06:39:00,2025-06-09 08:30:00,Arrived
4336,4818,2025-06-09 07:57:00,2025-06-09 08:30:00,Arrived
4337,4057,2025-06-09 09:20:00,2025-06-16 08:00:00,Arrived
4338,4822,2025-06-09 13:54:00,2025-06-11 09:00:00,Arrived
4339,4827,2025-06-09 16:41:00,2025-06-18 07:30:00,No-Show
4340,4539,2025-06-09 16:48:00,2025-06-11 07:30:00,Arrived
4341,4823,2025-06-09 17:13:00,2025-06-11 09:00:00,Arrived
4342,3860,2025-06-09 18:02:00,2025-06-10 08:30:00,Arrived
4343,811,2025-06-09 18:17:00,2025-06-16 15:30:00,Arrived
4344,86,2025-06-09 19:15:00,2025-06-19 08:00:00,No-Show
4345,4451,2025-06-09 19:30:00,2025-06-12 11:30:00,Arrived
4346,4826,2025-06-09 20:58:00,2025-06-18 13:00:00,Arrived
4347,4829,2025-06-10 06:16:00,2025-06-10 08:30:00,Arrived
4348,2175,2025-06-10 07:36:00,2025-06-13 08:00:00,Arrived
4349,4833,2025-06-10 09:35:00,2025-06-18 12:30:00,Arrived
4350,4831,2025-06-10 13:07:00,2025-06-11 13:00:00,Arrived
4351,4574,2025-06-10 13:11:00,2025-06-14 10:30:00,Arrived
4352,1994,2025-06-10 13:19:00,2025-06-12 11:30:00,Arrived
4353,4160,2025-06-10 13:24:00,2025-06-16 08:30:00,Arrived
4354,3510,2025-06-10 17:24:00,2025-06-11 11:30:00,Arrived
4355,4834,2025-06-10 18:39:00,2025-07-01 09:00:00,Arrived
4356,4835,2025-06-10 20:23:00,2025-07-01 09:30:00,Cancelled
4357,3101,2025-06-11 06:18:00,2025-06-11 07:30:00,Arrived
4358,4078,2025-06-11 07:46:00,2025-06-17 10:30:00,Arrived
4359,4591,2025-06-11 09:21:00,2025-06-19 10:00:00,Arrived
4360,4466,2025-06-11 11:02:00,2025-06-19 11:00:00,Arrived
4361,4363,2025-06-11 11:24:00,2025-06-12 07:30:00,Arrived
4362,2241,2025-06-11 11:41:00,2025-06-25 08:30:00,No-Show
4363,4838,2025-06-11 12:22:00,2025-06-13 12:30:00,Arrived
4364,4840,2025-06-11 15:25:00,2025-07-02 12:00:00,Arrived
4365,4839,2025-06-11 15:40:00,2025-06-13 07:30:00,Arrived
4366,4837,2025-06-11 20:25:00,2025-06-12 10:30:00,Arrived
4367,4851,2025-06-12 07:41:00,2025-06-19 07:30:00,Arrived
4368,4846,2025-06-12 08:29:00,2025-06-16 14:00:00,Arrived
4369,4842,2025-06-12 09:27:00,2025-06-12 13:00:00,Arrived
4370,4845,2025-06-12 09:52:00,2025-06-13 10:30:00,Arrived
4371,4854,2025-06-12 10:53:00,2025-06-25 08:00:00,Arrived
4372,1042,2025-06-12 12:02:00,2025-06-16 07:30:00,Arrived
4373,4347,2025-06-12 12:31:00,2025-06-16 09:00:00,Arrived
4374,4855,2025-06-12 12:50:00,2025-06-26 12:30:00,Arrived
4375,240,2025-06-12 13:12:00,2025-06-14 11:00:00,Arrived
4376,4300,2025-06-12 15:24:00,2025-06-23 11:00:00,Arrived
4377,3544,2025-06-12 15:46:00,2025-06-13 08:30:00,Arrived
4378,4849,2025-06-12 19:54:00,2025-06-18 10:30:00,Arrived
4379,4310,2025-06-12 20:57:00,2025-06-23 15:00:00,Arrived
4380,4857,2025-06-13 06:36:00,2025-06-13 09:00:00,Arrived
4381,4862,2025-06-13 07:50:00,2025-06-17 08:00:00,Arrived
4382,4867,2025-06-13 08:21:00,2025-07-11 08:30:00,Arrived
4383,4861,2025-06-13 14:27:00,2025-06-17 08:00:00,Arrived
4384,4864,2025-06-13 17:07:00,2025-06-19 12:00:00,Arrived
4385,4732,2025-06-13 17:42:00,2025-06-16 08:30:00,Arrived
4386,4866,2025-06-13 18:18:00,2025-06-24 11:00:00,Arrived
4387,3774,2025-06-13 18:50:00,2025-06-14 09:30:00,Cancelled
4388,2123,2025-06-13 20:26:00,2025-06-14 10:30:00,Arrived
4389,323,2025-06-13 20:48:00,2025-06-16 11:30:00,Arrived
4390,1389,2025-06-14 08:14:00,2025-06-20 08:30:00,Arrived
4391,3834,2025-06-14 08:20:00,2025-06-14 10:30:00,Arrived
4392,4870,2025-06-14 09:12:00,2025-06-18 15:30:00,Arrived
4393,4380,2025-06-14 09:53:00,2025-06-16 10:30:00,Arrived
4394,4600,2025-06-14 10:29:00,2025-07-14 10:30:00,No-Show
4395,1882,2025-06-14 10:54:00,2025-06-16 13:00:00,Arrived
4396,4868,2025-06-14 16:06:00,2025-06-16 08:00:00,Arrived
4397,4872,2025-06-14 16:20:00,2025-06-18 07:30:00,Arrived
4398,4746,2025-06-14 17:40:00,2025-06-17 08:00:00,Arrived
4399,4869,2025-06-14 19:16:00,2025-06-17 07:30:00,Arrived
4400,4881,2025-06-14 19:49:00,2025-06-19 10:00:00,Arrived
4401,4200,2025-06-14 19:58:00,2025-06-21 09:30:00,Arrived
4402,4885,2025-06-14 20:12:00,2025-06-25 07:30:00,Arrived
4403,4874,2025-06-14 20:41:00,2025-06-18 14:30:00,Arrived
4404,4440,2025-06-15 07:50:00,2025-06-16 12:30:00,Arrived
4405,4134,2025-06-15 07:54:00,2025-06-17 09:30:00,Arrived
4406,2984,2025-06-15 08:07:00,2025-06-16 13:00:00,Cancelled
4407,4674,2025-06-15 08:28:00,2025-06-16 11:00:00,Cancelled
4408,3574,2025-06-15 09:04:00,2025-06-21 10:00:00,Arrived
4409,4168,2025-06-15 10:59:00,2025-06-21 09:00:00,Cancelled
4410,4890,2025-06-15 11:41:00,2025-06-19 07:30:00,Arrived
4411,4887,2025-06-15 12:38:00,2025-06-17 07:30:00,Arrived
4412,4256,2025-06-15 13:40:00,2025-06-16 07:30:00,Arrived
4413,4562,2025-06-15 14:46:00,2025-06-16 09:30:00,Arrived
4414,4894,2025-06-15 15:14:00,2025-06-20 10:30:00,Cancelled
4415,2469,2025-06-15 16:55:00,2025-06-25 14:30:00,Arrived
4416,1039,2025-06-15 18:30:00,2025-06-16 07:30:00,Arrived
4417,4460,2025-06-15 20:45:00,2025-06-20 07:30:00,No-Show
4418,4896,2025-06-16 07:03:00,2025-06-19 08:00:00,Arrived
4419,273,2025-06-16 08:20:00,2025-06-23 07:30:00,Arrived
4420,4901,2025-06-16 10:03:00,2025-06-28 09:00:00,Arrived
4421,4902,2025-06-16 10:07:00,2025-07-09 07:30:00,Arrived
4422,4897,2025-06-16 10:52:00,2025-06-20 08:30:00,Arrived
4423,3112,2025-06-16 12:08:00,2025-06-20 12:00:00,Arrived
4424,4895,2025-06-16 13:20:00,2025-06-18 07:30:00,Arrived
4425,4899,2025-06-16 15:47:00,2025-06-27 13:00:00,Arrived
4426,4547,2025-06-16 16:12:00,2025-06-18 08:00:00,Arrived
4427,4646,2025-06-16 17:38:00,2025-06-17 08:00:00,Arrived
4428,4261,2025-06-16 18:44:00,2025-06-17 12:30:00,Arrived
4429,4326,2025-06-16 20:15:00,2025-06-27 10:00:00,No-Show
4430,2835,2025-06-17 08:07:00,2025-06-24 15:00:00,Arrived
4431,4907,2025-06-17 10:40:00,2025-06-26 08:00:00,Arrived
4432,4905,2025-06-17 11:05:00,2025-06-19 15:00:00,Arrived
4433,4904,2025-06-17 11:41:00,2025-06-18 09:00:00,No-Show
4434,3958,2025-06-17 14:35:00,2025-06-21 10:00:00,Arrived
4435,4906,2025-06-17 14:48:00,2025-06-20 08:00:00,Arrived
4436,3083,2025-06-17 16:50:00,2025-06-21 11:00:00,Arrived
4437,2687,2025-06-17 17:15:00,2025-06-20 14:00:00,Arrived
4438,4818,2025-06-17 18:03:00,2025-06-19 08:00:00,Arrived
4439,4149,2025-06-17 18:20:00,2025-06-23 08:00:00,Arrived
4440,3423,2025-06-18 07:27:00,2025-06-30 11:30:00,Arrived
4441,2598,2025-06-18 11:28:00,2025-06-23 09:00:00,Arrived
4442,4246,2025-06-18 11:41:00,2025-07-01 12:30:00,Arrived
4443,2701,2025-06-18 13:05:00,2025-06-20 14:00:00,No-Show
4444,4911,2025-06-18 13:48:00,2025-07-16 15:00:00,Arrived
4445,4087,2025-06-18 17:38:00,2025-06-30 08:00:00,Arrived
4446,2512,2025-06-18 18:01:00,2025-06-21 11:00:00,Arrived
4447,4924,2025-06-19 07:11:00,2025-06-25 15:00:00,Arrived
4448,1211,2025-06-19 08:09:00,2025-06-19 10:00:00,Arrived
4449,4914,2025-06-19 09:04:00,2025-06-19 10:30:00,Arrived
4450,1512,2025-06-19 10:04:00,2025-06-23 08:00:00,Arrived
4451,4428,2025-06-19 10:25:00,2025-06-30 08:30:00,Arrived
4452,4922,2025-06-19 11:10:00,2025-06-25 11:30:00,Arrived
4453,4923,2025-06-19 13:03:00,2025-06-25 12:00:00,Arrived
4454,4920,2025-06-19 13:39:00,2025-06-24 08:00:00,Arrived
4455,4921,2025-06-19 18:10:00,2025-06-24 09:30:00,Arrived
4456,3352,2025-06-20 07:11:00,2025-06-20 08:00:00,Arrived
4457,4429,2025-06-20 08:25:00,2025-06-23 10:30:00,Arrived
4458,643,2025-06-20 09:18:00,2025-06-25 08:00:00,Arrived
4459,4927,2025-06-20 10:01:00,2025-06-24 09:00:00,Arrived
4460,4935,2025-06-20 12:57:00,2025-06-27 14:30:00,Arrived
4461,2701,2025-06-20 13:41:00,2025-06-24 07:30:00,Arrived
4462,4933,2025-06-20 18:27:00,2025-06-27 10:30:00,Arrived
4463,4931,2025-06-20 19:47:00,2025-06-25 11:30:00,Arrived
4464,4786,2025-06-20 20:33:00,2025-06-23 11:30:00,Arrived
4465,4638,2025-06-21 07:30:00,2025-06-30 08:00:00,Arrived
4466,4154,2025-06-21 08:20:00,2025-06-23 11:30:00,Arrived
4467,4937,2025-06-21 13:49:00,2025-06-26 08:00:00,Arrived
4468,2133,2025-06-21 14:36:00,2025-06-26 08:30:00,Arrived
4469,4943,2025-06-22 07:09:00,2025-07-03 09:00:00,Arrived
4470,2612,2025-06-22 07:10:00,2025-06-28 09:00:00,Arrived
4471,4938,2025-06-22 07:11:00,2025-06-24 13:30:00,Arrived
4472,3726,2025-06-22 07:11:00,2025-06-30 07:30:00,Arrived
4473,4796,2025-06-22 07:45:00,2025-06-28 09:00:00,Arrived
4474,4940,2025-06-22 08:34:00,2025-06-24 08:00:00,Arrived
4475,4003,2025-06-22 08:43:00,2025-06-24 08:30:00,Arrived
4476,4939,2025-06-22 11:15:00,2025-06-24 08:30:00,Arrived
4477,4817,2025-06-22 13:04:00,2025-07-07 08:00:00,No-Show
4478,3929,2025-06-22 15:49:00,2025-06-23 12:00:00,Arrived
4479,3228,2025-06-22 17:00:00,2025-06-26 10:00:00,Arrived
4480,445,2025-06-22 18:19:00,2025-06-28 08:00:00,Arrived
4481,4942,2025-06-22 18:24:00,2025-07-02 09:30:00,Arrived
4482,4941,2025-06-22 20:02:00,2025-06-27 07:30:00,No-Show
4483,4945,2025-06-22 20:42:00,2025-07-17 14:30:00,Arrived
4484,4949,2025-06-23 08:26:00,2025-06-23 09:00:00,Arrived
4485,3014,2025-06-23 09:25:00,2025-06-23 13:00:00,Arrived
4486,4951,2025-06-23 09:49:00,2025-06-24 08:30:00,Arrived
4487,4541,2025-06-23 10:40:00,2025-06-30 13:00:00,Arrived
4488,3981,2025-06-23 13:14:00,2025-07-01 09:00:00,Arrived
4489,4692,2025-06-23 13:46:00,2025-06-30 09:30:00,Arrived
4490,4950,2025-06-23 15:31:00,2025-06-24 14:00:00,Arrived
4491,4953,2025-06-23 16:32:00,2025-06-27 13:30:00,Arrived
4492,4535,2025-06-23 16:45:00,2025-07-08 12:30:00,No-Show
4493,4960,2025-06-23 17:31:00,2025-06-27 08:00:00,Arrived
4494,4961,2025-06-23 17:44:00,2025-07-01 13:30:00,Arrived
4495,465,2025-06-23 19:05:00,2025-07-17 11:30:00,Arrived
4496,949,2025-06-23 19:41:00,2025-06-30 11:00:00,Arrived
4497,4959,2025-06-23 20:11:00,2025-06-27 11:00:00,Arrived
4498,4962,2025-06-24 07:07:00,2025-06-24 10:00:00,Arrived
4499,3237,2025-06-24 10:13:00,2025-06-28 09:30:00,Arrived
4500,4379,2025-06-24 11:00:00,2025-06-24 11:30:00,Arrived
4501,1373,2025-06-24 13:43:00,2025-07-07 13:00:00,Arrived
4502,4843,2025-06-24 13:48:00,2025-06-26 14:00:00,Arrived
4503,4970,2025-06-24 17:31:00,2025-07-01 09:00:00,Arrived
4504,4897,2025-06-24 20:56:00,2025-07-05 09:00:00,Arrived
4505,377,2025-06-25 06:50:00,2025-06-25 09:30:00,Arrived
4506,4986,2025-06-25 11:13:00,2025-07-02 15:30:00,Arrived
4507,3779,2025-06-25 11:37:00,2025-07-25 08:00:00,Arrived
4508,2140,2025-06-25 12:32:00,2025-07-14 11:00:00,Arrived
4509,4687,2025-06-25 12:43:00,2025-06-25 14:00:00,No-Show
4510,4131,2025-06-25 13:34:00,2025-06-25 15:00:00,Arrived
4511,3846,2025-06-25 16:06:00,2025-06-28 10:30:00,Arrived
4512,436,2025-06-25 18:17:00,2025-06-28 08:30:00,Arrived
4513,4980,2025-06-25 18:26:00,2025-07-01 09:30:00,Arrived
4514,4285,2025-06-26 06:53:00,2025-06-26 08:00:00,Arrived
4515,4997,2025-06-26 08:30:00,2025-07-07 09:30:00,Arrived
4516,4994,2025-06-26 09:52:00,2025-06-27 15:30:00,Arrived
4517,186,2025-06-26 09:54:00,2025-06-28 10:00:00,Arrived
4518,4713,2025-06-26 10:05:00,2025-07-01 08:00:00,Arrived
4519,4989,2025-06-26 10:06:00,2025-06-26 14:30:00,Cancelled
4520,4999,2025-06-26 16:01:00,2025-07-09 15:30:00,Arrived
4521,4995,2025-06-26 18:17:00,2025-06-28 09:30:00,Arrived
4522,3284,2025-06-27 07:02:00,2025-06-27 11:00:00,Arrived
4523,2384,2025-06-27 07:56:00,2025-07-21 07:30:00,Arrived
4524,3445,2025-06-27 08:02:00,2025-06-28 08:00:00,Arrived
4525,4941,2025-06-27 09:35:00,2025-07-07 08:30:00,Arrived
4526,2125,2025-06-27 09:37:00,2025-07-17 08:00:00,Arrived
4527,5009,2025-06-27 10:04:00,2025-07-18 13:30:00,Arrived
4528,4494,2025-06-27 10:11:00,2025-07-11 08:00:00,Arrived
4529,3631,2025-06-27 11:49:00,2025-06-28 08:30:00,Arrived
4530,689,2025-06-27 13:30:00,2025-06-28 11:00:00,Arrived
4531,4261,2025-06-27 14:23:00,2025-07-01 07:30:00,Arrived
4532,1699,2025-06-27 15:37:00,2025-07-01 13:30:00,Arrived
4533,4004,2025-06-27 15:47:00,2025-07-01 07:30:00,Arrived
4534,5008,2025-06-27 17:05:00,2025-06-30 07:30:00,Arrived
4535,3774,2025-06-27 17:30:00,2025-07-03 13:30:00,Arrived
4536,5019,2025-06-28 09:53:00,2025-07-03 09:00:00,Arrived
4537,3478,2025-06-28 12:42:00,2025-06-30 11:30:00,Cancelled
4538,5011,2025-06-28 13:43:00,2025-07-01 08:00:00,Arrived
4539,5018,2025-06-28 15:28:00,2025-07-01 11:00:00,Arrived
4540,2324,2025-06-28 15:37:00,2025-06-30 08:30:00,Arrived
4541,3416,2025-06-28 16:06:00,2025-07-09 09:00:00,Arrived
4542,5024,2025-06-28 16:11:00,2025-07-12 09:00:00,No-Show
4543,5023,2025-06-28 16:59:00,2025-07-08 10:00:00,Arrived
4544,5020,2025-06-28 17:34:00,2025-07-03 08:30:00,Arrived
4545,5022,2025-06-28 20:47:00,2025-07-07 10:00:00,No-Show
4546,4454,2025-06-29 07:27:00,2025-06-30 11:30:00,Arrived
4547,4119,2025-06-29 09:28:00,2025-07-02 07:30:00,Arrived
4548,4443,2025-06-29 11:06:00,2025-07-22 11:00:00,Cancelled
4549,4365,2025-06-29 11:42:00,2025-07-03 08:30:00,Arrived
4550,4215,2025-06-29 12:38:00,2025-07-09 07:30:00,Arrived
4551,3509,2025-06-29 15:57:00,2025-06-30 09:00:00,Arrived
4552,4959,2025-06-29 20:33:00,2025-06-30 07:30:00,Arrived
4553,4072,2025-06-29 20:51:00,2025-07-05 09:00:00,Arrived
4554,4070,2025-06-30 07:33:00,2025-06-30 08:30:00,Arrived
4555,3845,2025-06-30 08:18:00,2025-06-30 12:30:00,Arrived
4556,1710,2025-06-30 08:22:00,2025-07-03 08:00:00,Arrived
4557,4353,2025-06-30 13:24:00,2025-07-02 07:30:00,Arrived
4558,5029,2025-06-30 14:43:00,2025-07-25 12:00:00,No-Show
4559,5027,2025-06-30 15:37:00,2025-07-01 07:30:00,Arrived
4560,4767,2025-06-30 16:19:00,2025-07-19 09:00:00,Cancelled
4561,5028,2025-06-30 17:23:00,2025-07-01 10:30:00,Arrived
4562,86,2025-06-30 18:21:00,2025-07-05 08:30:00,Cancelled
4563,3828,2025-06-30 20:47:00,2025-07-01 15:30:00,Arrived
4564,5034,2025-07-01 07:22:00,2025-07-03 13:00:00,Arrived
4565,3225,2025-07-01 07:47:00,2025-07-07 08:00:00,No-Show
4566,4400,2025-07-01 10:42:00,2025-07-29 08:00:00,No-Show
4567,987,2025-07-01 11:24:00,2025-07-08 07:30:00,Arrived
4568,4194,2025-07-01 13:40:00,2025-07-14 09:30:00,Arrived
4569,5036,2025-07-01 14:37:00,2025-07-08 07:30:00,Arrived
4570,5038,2025-07-01 15:05:00,2025-07-31 08:00:00,Arrived
4571,5037,2025-07-01 15:27:00,2025-07-11 11:00:00,Arrived
4572,2946,2025-07-01 15:33:00,2025-07-03 10:30:00,Arrived
4573,2846,2025-07-01 17:16:00,2025-07-03 08:00:00,Arrived
4574,4382,2025-07-01 19:39:00,2025-07-15 08:30:00,Arrived
4575,1570,2025-07-01 20:38:00,2025-07-05 10:00:00,Arrived
4576,5049,2025-07-02 09:49:00,2025-07-14 09:30:00,No-Show
4577,3505,2025-07-02 12:01:00,2025-07-14 08:00:00,No-Show
4578,5048,2025-07-02 12:27:00,2025-07-08 09:30:00,Arrived
4579,1173,2025-07-02 13:27:00,2025-07-08 09:00:00,Arrived
4580,4404,2025-07-02 13:51:00,2025-07-12 08:00:00,Arrived
4581,2459,2025-07-02 17:28:00,2025-07-08 13:30:00,Arrived
4582,4041,2025-07-02 18:00:00,2025-07-03 07:30:00,Arrived
4583,4502,2025-07-03 08:06:00,2025-07-10 08:00:00,Arrived
4584,4848,2025-07-03 10:26:00,2025-07-07 11:30:00,Arrived
4585,4697,2025-07-03 12:49:00,2025-07-09 08:30:00,Arrived
4586,4370,2025-07-03 14:46:00,2025-07-05 09:30:00,Arrived
4587,2518,2025-07-03 14:58:00,2025-07-05 08:00:00,Arrived
4588,4161,2025-07-03 19:50:00,2025-07-05 09:30:00,Arrived
4589,4029,2025-07-04 08:24:00,2025-07-22 09:00:00,Arrived
4590,2305,2025-07-04 09:51:00,2025-07-28 08:30:00,Arrived
4591,4733,2025-07-04 11:42:00,2025-07-11 08:00:00,Arrived
4592,3767,2025-07-04 11:48:00,2025-07-09 09:00:00,Arrived
4593,3060,2025-07-04 12:04:00,2025-07-07 12:00:00,Arrived
4594,5052,2025-07-04 12:11:00,2025-07-08 09:30:00,Arrived
4595,5053,2025-07-04 14:33:00,2025-07-08 10:00:00,Arrived
4596,3817,2025-07-04 15:38:00,2025-07-19 12:00:00,No-Show
4597,2629,2025-07-04 17:10:00,2025-07-07 10:30:00,Arrived
4598,5054,2025-07-04 20:41:00,2025-07-11 07:30:00,Arrived
4599,4178,2025-07-04 20:46:00,2025-07-10 11:30:00,Arrived
4600,4826,2025-07-05 07:06:00,2025-07-05 08:00:00,Arrived
4601,3760,2025-07-05 07:31:00,2025-07-10 13:00:00,No-Show
4602,5068,2025-07-05 07:37:00,2025-07-11 07:30:00,Arrived
4603,1722,2025-07-05 08:39:00,2025-07-07 10:00:00,Arrived
4604,5056,2025-07-05 11:35:00,2025-07-07 07:30:00,Arrived
4605,5058,2025-07-05 12:07:00,2025-07-08 08:00:00,Arrived
4606,4012,2025-07-05 15:11:00,2025-07-07 07:30:00,Arrived
4607,5063,2025-07-05 17:36:00,2025-07-10 08:00:00,Arrived
4608,1860,2025-07-05 18:07:00,2025-07-12 08:00:00,Arrived
4609,5057,2025-07-05 18:56:00,2025-07-08 08:00:00,Arrived
4610,5069,2025-07-06 07:05:00,2025-07-07 07:30:00,Arrived
4611,4333,2025-07-06 07:09:00,2025-07-17 15:00:00,Arrived
4612,513,2025-07-06 07:18:00,2025-07-10 10:30:00,Arrived
4613,5074,2025-07-06 07:21:00,2025-07-12 08:00:00,Arrived
4614,2452,2025-07-06 07:21:00,2025-07-14 08:30:00,Arrived
4615,5072,2025-07-06 08:43:00,2025-07-09 08:30:00,Arrived
4616,1587,2025-07-06 10:27:00,2025-07-25 08:00:00,Arrived
4617,5071,2025-07-06 10:33:00,2025-07-08 09:00:00,Arrived
4618,5073,2025-07-06 12:41:00,2025-07-12 09:30:00,Arrived
4619,5075,2025-07-06 15:32:00,2025-07-18 15:00:00,Arrived
4620,5070,2025-07-06 15:57:00,2025-07-08 09:00:00,Arrived
4621,1211,2025-07-06 16:44:00,2025-07-09 10:00:00,Arrived
4622,179,2025-07-06 19:03:00,2025-07-12 12:00:00,Cancelled
4623,4095,2025-07-06 19:16:00,2025-07-07 09:00:00,Arrived
4624,5076,2025-07-06 19:44:00,2025-08-05 07:30:00,Cancelled
4625,4366,2025-07-07 07:45:00,2025-07-10 14:30:00,Arrived
4626,5077,2025-07-07 07:52:00,2025-07-09 07:30:00,Arrived
4627,5078,2025-07-07 08:22:00,2025-07-12 08:00:00,Arrived
4628,1102,2025-07-07 10:29:00,2025-07-07 11:30:00,Arrived
4629,3681,2025-07-07 11:08:00,2025-07-19 11:00:00,Arrived
4630,4326,2025-07-07 12:00:00,2025-07-08 09:30:00,Arrived
4631,4338,2025-07-07 12:54:00,2025-07-12 09:30:00,No-Show
4632,5081,2025-07-07 14:15:00,2025-07-14 08:00:00,Arrived
4633,5082,2025-07-07 15:30:00,2025-07-15 07:30:00,No-Show
4634,4002,2025-07-07 17:27:00,2025-07-09 13:00:00,Arrived
4635,2164,2025-07-07 17:40:00,2025-07-21 07:30:00,Arrived
4636,5080,2025-07-07 18:40:00,2025-07-12 11:00:00,Arrived
4637,4191,2025-07-07 19:05:00,2025-07-19 08:00:00,Arrived
4638,5089,2025-07-08 06:59:00,2025-07-08 09:30:00,Arrived
4639,4774,2025-07-08 07:11:00,2025-07-09 08:00:00,Arrived
4640,4375,2025-07-08 08:28:00,2025-07-15 10:00:00,Arrived
4641,5092,2025-07-08 10:12:00,2025-07-10 13:00:00,Arrived
4642,5093,2025-07-08 18:15:00,2025-07-12 11:00:00,Arrived
4643,3762,2025-07-08 18:16:00,2025-07-21 09:00:00,Arrived
4644,5091,2025-07-08 18:56:00,2025-07-09 12:30:00,Cancelled
4645,1419,2025-07-08 19:17:00,2025-07-14 08:00:00,Arrived
4646,5094,2025-07-08 19:21:00,2025-07-19 10:30:00,Arrived
4647,4669,2025-07-09 06:03:00,2025-07-09 08:00:00,Arrived
4648,5099,2025-07-09 06:37:00,2025-07-09 09:30:00,Arrived
4649,5112,2025-07-09 07:28:00,2025-07-24 12:00:00,Arrived
4650,5100,2025-07-09 08:38:00,2025-07-10 08:30:00,Arrived
4651,4126,2025-07-09 09:14:00,2025-07-18 08:30:00,Arrived
4652,5103,2025-07-09 10:01:00,2025-07-14 13:00:00,Arrived
4653,3137,2025-07-09 10:55:00,2025-07-16 09:00:00,Arrived
4654,4354,2025-07-09 11:41:00,2025-07-21 10:30:00,Arrived
4655,3058,2025-07-09 13:09:00,2025-07-16 10:30:00,Arrived
4656,3671,2025-07-09 13:28:00,2025-07-23 08:00:00,Arrived
4657,1564,2025-07-09 14:05:00,2025-07-18 08:00:00,Arrived
4658,4149,2025-07-09 15:11:00,2025-07-10 10:30:00,Arrived
4659,240,2025-07-09 15:51:00,2025-07-11 11:00:00,Arrived
4660,5111,2025-07-09 17:27:00,2025-07-15 10:00:00,Arrived
4661,4817,2025-07-09 18:31:00,2025-07-23 10:30:00,Arrived
4662,5102,2025-07-09 19:25:00,2025-07-11 09:00:00,Arrived
4663,3884,2025-07-09 19:51:00,2025-07-10 13:30:00,Arrived
4664,5115,2025-07-10 07:30:00,2025-07-16 07:30:00,Arrived
4665,3264,2025-07-10 08:49:00,2025-07-14 11:30:00,Arrived
4666,5118,2025-07-10 16:53:00,2025-07-30 10:00:00,Arrived
4667,5114,2025-07-10 17:51:00,2025-07-12 09:30:00,Arrived
4668,1880,2025-07-10 20:08:00,2025-07-11 08:30:00,Arrived
4669,5117,2025-07-10 20:29:00,2025-07-17 09:30:00,Arrived
4670,5120,2025-07-11 06:18:00,2025-07-11 10:00:00,Arrived
4671,4888,2025-07-11 10:29:00,2025-07-18 09:00:00,Arrived
4672,5138,2025-07-11 11:53:00,2025-07-17 08:00:00,Arrived
4673,5121,2025-07-11 12:17:00,2025-07-11 13:00:00,Arrived
4674,2518,2025-07-11 12:48:00,2025-07-19 09:30:00,Arrived
4675,3279,2025-07-11 16:37:00,2025-08-07 13:00:00,Arrived
4676,3566,2025-07-11 18:15:00,2025-07-15 09:30:00,Arrived
4677,4549,2025-07-11 18:32:00,2025-07-21 09:00:00,Arrived
4678,5137,2025-07-11 19:09:00,2025-07-17 07:30:00,Arrived
4679,5129,2025-07-11 19:50:00,2025-07-12 11:30:00,Arrived
4680,4518,2025-07-12 07:57:00,2025-07-23 07:30:00,Arrived
4681,3918,2025-07-12 08:01:00,2025-07-14 14:00:00,Arrived
4682,2743,2025-07-12 08:31:00,2025-07-17 09:30:00,Arrived
4683,5143,2025-07-12 10:12:00,2025-07-18 13:00:00,Arrived
4684,544,2025-07-12 10:15:00,2025-07-16 08:30:00,Arrived
4685,3087,2025-07-12 13:38:00,2025-07-17 08:00:00,Arrived
4686,5142,2025-07-12 13:45:00,2025-07-15 10:30:00,Arrived
4687,4602,2025-07-12 17:24:00,2025-07-18 14:00:00,Cancelled
4688,541,2025-07-12 19:33:00,2025-07-25 13:30:00,Cancelled
4689,3369,2025-07-13 08:11:00,2025-07-15 08:00:00,Arrived
4690,5144,2025-07-13 11:55:00,2025-07-14 08:00:00,Arrived
4691,3863,2025-07-13 13:20:00,2025-07-19 10:30:00,Arrived
4692,3459,2025-07-13 15:17:00,2025-07-14 14:00:00,Arrived
4693,4514,2025-07-13 16:23:00,2025-07-14 10:00:00,Arrived
4694,450,2025-07-13 19:18:00,2025-07-31 13:30:00,No-Show
4695,3445,2025-07-13 20:26:00,2025-07-16 14:30:00,Arrived
4696,4686,2025-07-14 06:41:00,2025-07-14 09:00:00,Arrived
4697,4437,2025-07-14 08:04:00,2025-07-14 08:30:00,Arrived
4698,5147,2025-07-14 15:17:00,2025-07-16 09:30:00,Arrived
4699,5146,2025-07-14 18:28:00,2025-07-15 08:00:00,Arrived
4700,5149,2025-07-14 20:13:00,2025-07-18 12:30:00,Arrived
4701,3751,2025-07-14 20:14:00,2025-07-15 11:00:00,Arrived
4702,4713,2025-07-15 06:06:00,2025-07-15 08:00:00,Arrived
4703,4687,2025-07-15 06:21:00,2025-07-15 10:00:00,Arrived
4704,5152,2025-07-15 06:34:00,2025-07-15 09:00:00,Arrived
4705,5160,2025-07-15 07:22:00,2025-07-15 09:30:00,Arrived
4706,5164,2025-07-15 12:25:00,2025-07-31 12:00:00,Arrived
4707,5165,2025-07-15 16:02:00,2025-08-01 08:00:00,Cancelled
4708,4722,2025-07-15 19:49:00,2025-07-16 15:30:00,Arrived
4709,1390,2025-07-15 19:56:00,2025-07-19 08:00:00,Arrived
4710,5162,2025-07-15 20:52:00,2025-07-28 13:30:00,Arrived
4711,3555,2025-07-16 06:02:00,2025-07-16 07:30:00,Cancelled
4712,5171,2025-07-16 07:25:00,2025-07-16 08:00:00,Arrived
4713,2686,2025-07-16 09:15:00,2025-07-23 09:30:00,Arrived
4714,5175,2025-07-16 09:24:00,2025-07-17 10:30:00,Arrived
4715,5188,2025-07-16 10:23:00,2025-08-11 09:00:00,Arrived
4716,5180,2025-07-16 10:45:00,2025-07-18 13:30:00,Arrived
4717,5183,2025-07-16 11:04:00,2025-07-22 12:30:00,Arrived
4718,2951,2025-07-16 12:03:00,2025-07-21 14:00:00,Arrived
4719,5187,2025-07-16 13:26:00,2025-08-07 08:00:00,Arrived
4720,5186,2025-07-16 15:04:00,2025-08-04 07:30:00,Arrived
4721,5178,2025-07-16 15:43:00,2025-07-18 10:00:00,Arrived
4722,5179,2025-07-16 18:42:00,2025-07-18 09:30:00,Arrived
4723,5176,2025-07-16 19:56:00,2025-07-17 07:30:00,Cancelled
4724,3555,2025-07-16 20:05:00,2025-07-29 13:30:00,Arrived
4725,2663,2025-07-16 20:11:00,2025-07-22 10:00:00,No-Show
4726,86,2025-07-17 07:44:00,2025-07-17 13:00:00,Arrived
4727,4660,2025-07-17 09:44:00,2025-07-23 11:30:00,Arrived
4728,3927,2025-07-17 10:58:00,2025-07-30 11:30:00,Arrived
4729,4713,2025-07-17 12:11:00,2025-07-19 11:30:00,Arrived
4730,3945,2025-07-17 12:33:00,2025-07-23 08:30:00,Arrived
4731,5205,2025-07-17 13:27:00,2025-07-23 10:00:00,Arrived
4732,4716,2025-07-17 15:15:00,2025-07-22 12:00:00,Arrived
4733,5201,2025-07-17 15:21:00,2025-07-18 07:30:00,Arrived
4734,5129,2025-07-17 17:06:00,2025-07-18 10:00:00,Arrived
4735,4418,2025-07-17 17:08:00,2025-07-19 08:30:00,Arrived
4736,5202,2025-07-17 17:24:00,2025-07-18 11:00:00,Arrived
4737,5204,2025-07-17 19:51:00,2025-07-21 07:30:00,Arrived
4738,2904,2025-07-18 06:02:00,2025-07-18 10:30:00,Arrived
4739,4517,2025-07-18 06:30:00,2025-07-18 14:30:00,Arrived
4740,5211,2025-07-18 06:38:00,2025-07-18 07:30:00,Arrived
4741,2464,2025-07-18 08:21:00,2025-07-23 09:30:00,Arrived
4742,4524,2025-07-18 08:54:00,2025-07-25 12:30:00,Arrived
4743,1142,2025-07-18 11:44:00,2025-07-23 14:30:00,Arrived
4744,4001,2025-07-18 12:26:00,2025-08-08 08:00:00,Arrived
4745,5213,2025-07-18 19:34:00,2025-07-31 08:30:00,Arrived
4746,4593,2025-07-19 11:37:00,2025-07-25 14:30:00,Arrived
4747,5215,2025-07-19 13:32:00,2025-07-24 07:30:00,Arrived
4748,4820,2025-07-19 13:49:00,2025-07-21 11:00:00,Arrived
4749,4741,2025-07-19 16:36:00,2025-07-21 08:00:00,Arrived
4750,5217,2025-07-19 18:41:00,2025-07-26 09:30:00,Arrived
4751,3935,2025-07-20 08:17:00,2025-08-15 08:30:00,No-Show
4752,5218,2025-07-20 10:14:00,2025-07-22 11:30:00,Arrived
4753,108,2025-07-20 10:39:00,2025-07-25 08:30:00,Arrived
4754,4379,2025-07-20 10:46:00,2025-07-21 09:00:00,Arrived
4755,3906,2025-07-20 15:07:00,2025-07-23 10:30:00,Arrived
4756,4779,2025-07-20 15:39:00,2025-07-24 14:00:00,No-Show
4757,830,2025-07-20 18:00:00,2025-07-30 11:00:00,Arrived
4758,4695,2025-07-20 19:23:00,2025-08-01 12:30:00,Arrived
4759,4316,2025-07-20 19:27:00,2025-07-24 10:00:00,Arrived
4760,4258,2025-07-20 20:39:00,2025-07-21 14:00:00,Arrived
4761,1749,2025-07-21 06:43:00,2025-07-21 08:00:00,Arrived
4762,5229,2025-07-21 07:10:00,2025-07-26 10:30:00,Cancelled
4763,2869,2025-07-21 07:18:00,2025-07-25 11:00:00,Arrived
4764,4012,2025-07-21 08:20:00,2025-07-21 09:00:00,Arrived
4765,3267,2025-07-21 08:33:00,2025-08-11 08:00:00,Arrived
4766,2198,2025-07-21 08:47:00,2025-07-25 11:30:00,Arrived
4767,1512,2025-07-21 09:27:00,2025-07-21 15:30:00,Arrived
4768,5224,2025-07-21 10:19:00,2025-07-22 07:30:00,Arrived
4769,5223,2025-07-21 10:34:00,2025-07-22 08:00:00,Arrived
4770,4796,2025-07-21 13:06:00,2025-07-21 14:00:00,Arrived
4771,5230,2025-07-21 14:44:00,2025-07-31 08:30:00,Arrived
4772,5228,2025-07-21 15:03:00,2025-07-24 13:30:00,Arrived
4773,3697,2025-07-21 15:26:00,2025-07-28 14:00:00,Arrived
4774,4425,2025-07-21 16:34:00,2025-07-31 09:00:00,Arrived
4775,4343,2025-07-21 17:17:00,2025-07-22 09:00:00,Arrived
4776,5220,2025-07-21 19:12:00,2025-07-22 11:00:00,No-Show
4777,5226,2025-07-21 19:16:00,2025-07-22 11:30:00,No-Show
4778,4621,2025-07-22 06:21:00,2025-07-22 09:30:00,Arrived
4779,5243,2025-07-22 07:49:00,2025-07-24 10:00:00,No-Show
4780,2314,2025-07-22 09:53:00,2025-07-22 14:30:00,Arrived
4781,5247,2025-07-22 10:15:00,2025-07-29 08:00:00,Arrived
4782,3465,2025-07-22 13:11:00,2025-08-21 10:30:00,Arrived
4783,2945,2025-07-22 13:55:00,2025-07-24 11:30:00,Arrived
4784,5252,2025-07-22 17:53:00,2025-07-31 08:00:00,Arrived
4785,5192,2025-07-22 20:23:00,2025-07-24 08:00:00,Arrived
4786,4359,2025-07-22 21:00:00,2025-07-23 11:30:00,Arrived
4787,5258,2025-07-23 07:23:00,2025-07-30 09:30:00,Arrived
4788,5263,2025-07-23 07:51:00,2025-08-15 13:30:00,Arrived
4789,2268,2025-07-23 09:15:00,2025-07-25 08:30:00,Arrived
4790,3485,2025-07-23 10:58:00,2025-07-23 11:30:00,Arrived
4791,778,2025-07-23 13:10:00,2025-08-22 10:00:00,No-Show
4792,809,2025-07-23 13:41:00,2025-07-25 10:00:00,Arrived
4793,5262,2025-07-23 16:04:00,2025-08-12 11:30:00,Arrived
4794,4070,2025-07-23 17:44:00,2025-07-25 10:00:00,Arrived
4795,5254,2025-07-23 18:02:00,2025-07-28 09:30:00,Arrived
4796,194,2025-07-23 18:13:00,2025-07-25 08:30:00,Arrived
4797,4303,2025-07-23 18:56:00,2025-08-14 07:30:00,Arrived
4798,5123,2025-07-23 19:20:00,2025-07-26 09:00:00,Arrived
4799,276,2025-07-23 19:53:00,2025-07-29 13:00:00,Arrived
4800,5269,2025-07-24 06:02:00,2025-07-24 07:30:00,Arrived
4801,5265,2025-07-24 06:32:00,2025-07-24 07:30:00,Arrived
4802,3857,2025-07-24 08:24:00,2025-07-25 07:30:00,Arrived
4803,5271,2025-07-24 08:57:00,2025-07-31 15:00:00,Arrived
4804,2619,2025-07-24 10:57:00,2025-08-01 08:30:00,Arrived
4805,5272,2025-07-24 14:19:00,2025-07-31 11:30:00,Arrived
4806,5270,2025-07-24 19:29:00,2025-07-31 08:00:00,Arrived
4807,4421,2025-07-24 19:41:00,2025-08-02 11:30:00,No-Show
4808,4137,2025-07-24 20:35:00,2025-07-25 08:30:00,Arrived
4809,4833,2025-07-25 06:37:00,2025-07-25 08:00:00,Arrived
4810,5274,2025-07-25 07:11:00,2025-07-31 14:30:00,Arrived
4811,4246,2025-07-25 17:08:00,2025-07-28 08:00:00,Arrived
4812,545,2025-07-25 17:19:00,2025-08-01 10:00:00,Arrived
4813,4443,2025-07-25 17:36:00,2025-07-30 08:30:00,Arrived
4814,4611,2025-07-25 18:06:00,2025-08-08 08:00:00,Arrived
4815,5276,2025-07-25 19:43:00,2025-08-04 08:00:00,Cancelled
4816,4510,2025-07-26 07:49:00,2025-07-28 09:30:00,Arrived
4817,4370,2025-07-26 10:24:00,2025-07-28 07:30:00,Arrived
4818,4567,2025-07-26 11:52:00,2025-07-31 11:30:00,Arrived
4819,5282,2025-07-27 09:57:00,2025-08-04 09:30:00,Arrived
4820,4901,2025-07-27 10:54:00,2025-07-28 11:00:00,Arrived
4821,4051,2025-07-27 13:55:00,2025-07-28 09:00:00,Arrived
4822,4831,2025-07-27 16:00:00,2025-07-28 10:00:00,Arrived
4823,5279,2025-07-27 16:47:00,2025-08-01 09:30:00,Arrived
4824,3263,2025-07-27 17:30:00,2025-08-08 09:00:00,Arrived
4825,5280,2025-07-27 19:03:00,2025-08-04 07:30:00,Arrived
4826,5284,2025-07-27 19:51:00,2025-08-05 14:00:00,Arrived
4827,5081,2025-07-28 06:01:00,2025-07-28 07:30:00,Arrived
4828,4241,2025-07-28 06:03:00,2025-07-28 10:30:00,Arrived
4829,5286,2025-07-28 07:35:00,2025-07-28 10:00:00,Arrived
4830,4779,2025-07-28 07:56:00,2025-07-28 12:30:00,No-Show
4831,5126,2025-07-28 09:38:00,2025-07-30 13:30:00,Arrived
4832,2734,2025-07-28 10:57:00,2025-08-04 12:30:00,Arrived
4833,5287,2025-07-28 11:47:00,2025-07-30 10:30:00,Arrived
4834,5288,2025-07-28 14:07:00,2025-08-27 10:00:00,Cancelled
4835,4158,2025-07-28 17:27:00,2025-08-04 08:30:00,Arrived
4836,3946,2025-07-28 18:59:00,2025-07-30 07:30:00,Arrived
4837,5292,2025-07-29 07:30:00,2025-07-29 08:00:00,Arrived
4838,5305,2025-07-29 09:17:00,2025-08-07 08:30:00,Arrived
4839,2694,2025-07-29 10:30:00,2025-07-29 15:00:00,Arrived
4840,5299,2025-07-29 13:08:00,2025-08-04 09:00:00,Arrived
4841,4802,2025-07-29 13:11:00,2025-08-01 09:00:00,Arrived
4842,5297,2025-07-29 15:47:00,2025-07-30 14:00:00,Arrived
4843,5306,2025-07-29 17:57:00,2025-08-13 07:30:00,No-Show
4844,4600,2025-07-30 07:27:00,2025-07-30 08:00:00,Arrived
4845,5307,2025-07-30 07:34:00,2025-07-30 08:00:00,Arrived
4846,4086,2025-07-30 09:21:00,2025-07-31 09:30:00,Arrived
4847,5310,2025-07-30 10:58:00,2025-07-31 08:00:00,Cancelled
4848,5314,2025-07-30 11:11:00,2025-08-13 08:30:00,Arrived
4849,5313,2025-07-30 11:19:00,2025-08-05 07:30:00,Arrived
4850,4161,2025-07-30 11:43:00,2025-08-02 09:30:00,Arrived
4851,5315,2025-07-30 14:20:00,2025-08-18 13:30:00,Arrived
4852,2583,2025-07-30 15:46:00,2025-08-06 10:30:00,Arrived
4853,3307,2025-07-30 18:50:00,2025-08-04 07:30:00,Arrived
4854,5312,2025-07-30 19:58:00,2025-07-31 12:30:00,Arrived
4855,4987,2025-07-31 06:52:00,2025-07-31 08:30:00,Arrived
4856,5322,2025-07-31 07:01:00,2025-08-07 15:30:00,Arrived
4857,4584,2025-07-31 07:15:00,2025-07-31 08:00:00,Arrived
4858,4088,2025-07-31 09:26:00,2025-07-31 10:30:00,Arrived
4859,987,2025-07-31 11:44:00,2025-08-25 11:00:00,No-Show
4860,3995,2025-07-31 12:21:00,2025-08-04 08:00:00,Arrived
4861,5321,2025-07-31 12:48:00,2025-08-07 08:00:00,Arrived
4862,5323,2025-07-31 12:48:00,2025-08-13 12:30:00,Arrived
4863,450,2025-07-31 13:34:00,2025-08-06 14:00:00,Arrived
4864,5320,2025-07-31 13:53:00,2025-08-06 09:30:00,Arrived
4865,4273,2025-07-31 15:31:00,2025-08-07 13:30:00,Arrived
4866,322,2025-07-31 15:48:00,2025-08-01 09:30:00,Arrived
4867,4704,2025-07-31 19:58:00,2025-08-02 08:30:00,Arrived
4868,694,2025-07-31 20:50:00,2025-08-07 08:00:00,Arrived
4869,810,2025-08-01 06:49:00,2025-08-01 08:30:00,Arrived
4870,4802,2025-08-01 10:40:00,2025-08-08 13:30:00,Arrived
4871,5175,2025-08-01 13:43:00,2025-08-02 08:00:00,Arrived
4872,2693,2025-08-01 14:08:00,2025-08-02 08:30:00,Arrived
4873,5325,2025-08-01 16:16:00,2025-08-08 07:30:00,Arrived
4874,5003,2025-08-01 17:09:00,2025-08-06 08:00:00,No-Show
4875,5326,2025-08-01 17:36:00,2025-08-27 08:00:00,No-Show
4876,3429,2025-08-02 07:44:00,2025-08-02 09:00:00,Arrived
4877,4434,2025-08-02 08:55:00,2025-08-04 13:30:00,Arrived
4878,4229,2025-08-02 18:14:00,2025-08-28 08:00:00,Arrived
4879,5327,2025-08-02 20:23:00,2025-08-27 08:00:00,Arrived
4880,5334,2025-08-03 08:21:00,2025-08-06 11:00:00,No-Show
4881,5343,2025-08-03 09:35:00,2025-08-13 10:00:00,No-Show
4882,3971,2025-08-03 09:50:00,2025-08-04 08:30:00,Arrived
4883,4333,2025-08-03 10:39:00,2025-08-12 08:00:00,Arrived
4884,5329,2025-08-03 12:45:00,2025-08-05 10:00:00,Arrived
4885,5344,2025-08-03 13:12:00,2025-08-15 08:30:00,Arrived
4886,5328,2025-08-03 14:41:00,2025-08-05 08:30:00,Arrived
4887,4742,2025-08-03 14:51:00,2025-08-07 11:30:00,Arrived
4888,4733,2025-08-03 17:36:00,2025-08-04 08:30:00,Cancelled
4889,419,2025-08-03 18:51:00,2025-08-22 11:00:00,No-Show
4890,4345,2025-08-03 19:19:00,2025-08-05 07:30:00,Arrived
4891,5338,2025-08-03 20:27:00,2025-08-07 07:30:00,Arrived
4892,4606,2025-08-04 07:07:00,2025-08-11 08:30:00,Arrived
4893,5356,2025-08-04 07:53:00,2025-08-05 09:30:00,Cancelled
4894,4634,2025-08-04 08:49:00,2025-08-07 11:00:00,Arrived
4895,5349,2025-08-04 11:41:00,2025-08-04 14:00:00,Arrived
4896,5358,2025-08-04 12:05:00,2025-08-06 08:00:00,Arrived
4897,5354,2025-08-04 12:55:00,2025-08-05 08:00:00,Arrived
4898,3835,2025-08-04 13:34:00,2025-08-09 08:00:00,Cancelled
4899,4042,2025-08-04 15:04:00,2025-08-14 07:30:00,Arrived
4900,4644,2025-08-04 15:10:00,2025-08-18 09:00:00,Arrived
4901,229,2025-08-04 19:30:00,2025-08-09 10:30:00,Arrived
4902,2385,2025-08-05 12:08:00,2025-08-09 11:00:00,Arrived
4903,4817,2025-08-05 14:15:00,2025-08-07 10:30:00,Arrived
4904,5366,2025-08-05 15:41:00,2025-08-07 14:00:00,Arrived
4905,525,2025-08-05 16:18:00,2025-08-18 07:30:00,No-Show
4906,5365,2025-08-05 16:22:00,2025-08-07 08:30:00,Arrived
4907,5363,2025-08-05 17:50:00,2025-08-06 10:00:00,Arrived
4908,4406,2025-08-05 20:32:00,2025-08-06 07:30:00,Arrived
4909,5367,2025-08-05 20:49:00,2025-08-08 10:00:00,Arrived
4910,2692,2025-08-06 07:30:00,2025-08-06 08:00:00,Arrived
4911,4622,2025-08-06 08:41:00,2025-08-11 12:30:00,Arrived
4912,5375,2025-08-06 13:04:00,2025-08-12 09:00:00,Arrived
4913,5377,2025-08-06 14:13:00,2025-08-13 07:30:00,No-Show
4914,5379,2025-08-06 17:03:00,2025-08-13 08:00:00,Arrived
4915,5013,2025-08-06 17:06:00,2025-08-09 08:30:00,Arrived
4916,4148,2025-08-06 18:08:00,2025-08-11 10:30:00,Arrived
4917,4413,2025-08-06 18:38:00,2025-08-11 12:30:00,Arrived
4918,4767,2025-08-06 18:48:00,2025-08-07 08:30:00,Arrived
4919,5373,2025-08-06 20:24:00,2025-08-08 11:30:00,Arrived
4920,541,2025-08-07 07:31:00,2025-08-07 08:30:00,No-Show
4921,5383,2025-08-07 08:54:00,2025-08-30 12:00:00,Arrived
4922,5381,2025-08-07 12:10:00,2025-08-08 08:00:00,Arrived
4923,5018,2025-08-07 16:12:00,2025-08-08 11:30:00,Arrived
4924,4544,2025-08-07 16:37:00,2025-08-11 10:30:00,Arrived
4925,3712,2025-08-07 17:20:00,2025-08-09 09:00:00,Arrived
4926,1450,2025-08-08 06:07:00,2025-08-08 11:00:00,Cancelled
4927,4966,2025-08-08 09:45:00,2025-08-09 09:00:00,Cancelled
4928,5395,2025-08-08 10:16:00,2025-08-12 09:30:00,Arrived
4929,4992,2025-08-08 11:19:00,2025-08-08 12:00:00,No-Show
4930,5390,2025-08-08 15:45:00,2025-08-12 09:00:00,Arrived
4931,2686,2025-08-08 15:51:00,2025-08-09 10:30:00,Arrived
4932,2516,2025-08-08 19:03:00,2025-08-21 09:00:00,Arrived
4933,4363,2025-08-08 20:34:00,2025-08-11 10:30:00,Arrived
4934,3985,2025-08-09 08:58:00,2025-08-15 09:00:00,Arrived
4935,3544,2025-08-09 11:51:00,2025-08-11 13:00:00,No-Show
4936,1266,2025-08-09 12:45:00,2025-08-11 11:30:00,Arrived
4937,5396,2025-08-09 12:46:00,2025-08-13 08:30:00,Arrived
4938,2382,2025-08-09 14:01:00,2025-08-11 08:30:00,Arrived
4939,3014,2025-08-09 14:18:00,2025-08-12 08:30:00,Arrived
4940,5397,2025-08-10 09:18:00,2025-08-12 07:30:00,Arrived
4941,1751,2025-08-10 12:07:00,2025-08-11 14:30:00,Arrived
4942,3889,2025-08-10 12:42:00,2025-08-16 11:00:00,Arrived
4943,5398,2025-08-10 13:58:00,2025-08-12 07:30:00,Arrived
4944,4512,2025-08-10 15:30:00,2025-08-12 10:00:00,Arrived
4945,4639,2025-08-10 15:35:00,2025-08-13 09:00:00,Arrived
4946,5400,2025-08-11 07:55:00,2025-08-13 15:30:00,Arrived
4947,5404,2025-08-11 09:57:00,2025-08-14 11:00:00,Arrived
4948,225,2025-08-11 11:55:00,2025-08-23 09:00:00,Cancelled
4949,5407,2025-08-11 13:36:00,2025-08-16 11:30:00,Arrived
4950,5408,2025-08-11 17:13:00,2025-08-18 10:30:00,Arrived
4951,4697,2025-08-11 17:42:00,2025-08-12 08:00:00,Arrived
4952,5399,2025-08-11 18:38:00,2025-08-12 13:30:00,Arrived
4953,5235,2025-08-11 20:58:00,2025-08-18 12:00:00,Arrived
4954,5411,2025-08-12 09:26:00,2025-08-12 11:00:00,Arrived
4955,5413,2025-08-12 09:32:00,2025-08-16 09:30:00,Arrived
4956,2254,2025-08-12 11:44:00,2025-08-15 11:00:00,Arrived
4957,5412,2025-08-12 15:02:00,2025-08-12 15:30:00,Arrived
4958,3719,2025-08-12 16:52:00,2025-08-16 09:30:00,No-Show
4959,4721,2025-08-13 08:45:00,2025-08-20 08:00:00,Arrived
4960,4115,2025-08-13 08:59:00,2025-08-14 08:00:00,Arrived
4961,5423,2025-08-13 09:53:00,2025-08-15 10:00:00,Arrived
4962,5313,2025-08-13 13:27:00,2025-08-26 08:00:00,Arrived
4963,5424,2025-08-13 17:56:00,2025-08-19 09:30:00,Arrived
4964,4325,2025-08-13 18:58:00,2025-08-14 08:30:00,Arrived
4965,4879,2025-08-13 18:59:00,2025-08-19 07:30:00,Arrived
4966,4927,2025-08-14 08:34:00,2025-08-28 08:30:00,Arrived
4967,680,2025-08-14 08:42:00,2025-08-14 11:00:00,Arrived
4968,4786,2025-08-14 10:08:00,2025-08-20 11:30:00,Arrived
4969,5194,2025-08-14 10:36:00,2025-08-16 09:00:00,Cancelled
4970,5165,2025-08-14 13:19:00,2025-08-14 14:30:00,Arrived
4971,5435,2025-08-14 14:04:00,2025-08-21 08:00:00,Arrived
4972,5428,2025-08-14 15:03:00,2025-08-15 10:30:00,Arrived
4973,5434,2025-08-14 20:08:00,2025-08-19 07:30:00,Arrived
4974,5445,2025-08-15 06:00:00,2025-08-15 08:00:00,Arrived
4975,5439,2025-08-15 07:21:00,2025-08-15 08:00:00,Arrived
4976,5447,2025-08-15 09:39:00,2025-08-16 08:00:00,Arrived
4977,5451,2025-08-15 10:02:00,2025-08-19 08:00:00,Arrived
4978,1176,2025-08-15 10:58:00,2025-08-29 15:30:00,Arrived
4979,2415,2025-08-15 12:13:00,2025-08-29 12:00:00,Arrived
4980,5452,2025-08-15 15:21:00,2025-08-22 10:30:00,Cancelled
4981,4564,2025-08-15 16:39:00,2025-08-20 14:00:00,Arrived
4982,5181,2025-08-15 16:44:00,2025-08-19 08:00:00,Arrived
4983,4279,2025-08-16 09:01:00,2025-08-19 11:30:00,Arrived
4984,5150,2025-08-16 09:04:00,2025-08-23 08:30:00,Cancelled
4985,3856,2025-08-16 11:32:00,2025-08-18 12:30:00,Arrived
4986,4858,2025-08-16 14:45:00,2025-08-18 10:00:00,Arrived
4987,194,2025-08-16 15:34:00,2025-08-21 12:30:00,Arrived
4988,5456,2025-08-16 15:50:00,2025-08-22 10:30:00,Arrived
4989,4422,2025-08-16 19:18:00,2025-08-23 08:00:00,Arrived
4990,5146,2025-08-17 07:39:00,2025-08-18 08:00:00,Arrived
4991,2459,2025-08-17 11:26:00,2025-08-21 15:00:00,Arrived
4992,3901,2025-08-17 13:52:00,2025-08-18 09:00:00,Arrived
4993,5457,2025-08-17 14:51:00,2025-08-19 08:00:00,Arrived
4994,4654,2025-08-17 15:35:00,2025-08-19 15:30:00,Arrived
4995,1474,2025-08-17 16:13:00,2025-08-18 12:00:00,Arrived
4996,3719,2025-08-17 16:35:00,2025-08-19 15:00:00,Arrived
4997,3829,2025-08-17 18:48:00,2025-08-19 09:00:00,Arrived
4998,5458,2025-08-17 19:28:00,2025-08-19 10:00:00,Arrived
4999,4320,2025-08-17 20:13:00,2025-08-29 09:30:00,Arrived
5000,2553,2025-08-17 20:50:00,2025-08-22 11:00:00,Arrived
5001,1746,2025-08-18 06:29:00,2025-08-18 09:00:00,Arrived
5002,5174,2025-08-18 08:26:00,2025-08-19 14:30:00,Arrived
5003,2835,2025-08-18 10:00:00,2025-08-30 09:30:00,Arrived
5004,3614,2025-08-18 15:41:00,2025-08-23 09:00:00,Arrived
5005,3961,2025-08-18 19:09:00,2025-08-20 08:00:00,Arrived
5006,5463,2025-08-18 20:15:00,2025-08-20 14:30:00,Arrived
5007,5466,2025-08-19 07:58:00,2025-08-21 10:00:00,Arrived
5008,3101,2025-08-19 14:08:00,2025-08-26 07:30:00,Arrived
5009,4314,2025-08-19 16:04:00,2025-08-20 07:30:00,Arrived
5010,5314,2025-08-19 17:28:00,2025-08-27 10:30:00,Cancelled
5011,4358,2025-08-19 20:09:00,2025-09-06 08:30:00,Arrived
5012,4354,2025-08-20 06:48:00,2025-08-20 10:00:00,Arrived
5013,5470,2025-08-20 07:00:00,2025-08-25 09:30:00,Arrived
5014,4577,2025-08-20 07:06:00,2025-08-20 07:30:00,Arrived
5015,5471,2025-08-20 07:16:00,2025-08-26 10:30:00,Arrived
5016,1008,2025-08-20 07:21:00,2025-08-20 09:00:00,Arrived
5017,4630,2025-08-20 07:49:00,2025-09-02 11:30:00,No-Show
5018,5356,2025-08-20 09:28:00,2025-08-22 11:00:00,Arrived
5019,5223,2025-08-20 12:10:00,2025-08-20 13:00:00,Arrived
5020,2195,2025-08-20 14:32:00,2025-08-25 07:30:00,Arrived
5021,4930,2025-08-20 15:25:00,2025-08-25 08:00:00,Arrived
5022,5467,2025-08-20 15:45:00,2025-08-21 10:00:00,Arrived
5023,5468,2025-08-20 16:06:00,2025-08-22 09:00:00,Arrived
5024,5062,2025-08-20 17:11:00,2025-08-25 07:30:00,Arrived
5025,1266,2025-08-20 18:25:00,2025-08-22 12:30:00,Arrived
5026,4793,2025-08-20 20:00:00,2025-08-26 11:30:00,Arrived
5027,5469,2025-08-20 20:44:00,2025-08-22 10:30:00,Arrived
5028,5473,2025-08-21 06:02:00,2025-08-21 11:00:00,Arrived
5029,3959,2025-08-21 09:08:00,2025-08-25 09:30:00,Arrived
5030,830,2025-08-21 09:33:00,2025-08-22 13:00:00,Arrived
5031,5472,2025-08-21 11:11:00,2025-08-21 14:00:00,Arrived
5032,5475,2025-08-21 13:57:00,2025-08-27 10:30:00,No-Show
5033,2142,2025-08-21 14:00:00,2025-08-21 15:30:00,Arrived
5034,1868,2025-08-21 14:08:00,2025-09-16 08:30:00,Arrived
5035,5474,2025-08-21 14:20:00,2025-08-22 07:30:00,Arrived
5036,3167,2025-08-21 14:36:00,2025-08-25 08:30:00,Arrived
5037,3577,2025-08-21 15:03:00,2025-08-22 07:30:00,Arrived
5038,4955,2025-08-21 15:15:00,2025-08-23 10:00:00,Arrived
5039,5477,2025-08-21 17:28:00,2025-09-12 09:30:00,Arrived
5040,5476,2025-08-21 17:43:00,2025-08-28 09:00:00,Arrived
5041,3416,2025-08-21 17:51:00,2025-08-25 09:00:00,Arrived
5042,5133,2025-08-21 18:31:00,2025-08-25 10:30:00,Arrived
5043,2976,2025-08-21 20:19:00,2025-08-25 11:30:00,Arrived
5044,3998,2025-08-22 06:27:00,2025-08-22 07:30:00,Arrived
5045,4029,2025-08-22 08:25:00,2025-08-27 09:00:00,Arrived
5046,3748,2025-08-22 09:05:00,2025-08-22 15:30:00,Arrived
5047,419,2025-08-22 11:01:00,2025-08-25 09:30:00,Arrived
5048,5046,2025-08-22 13:22:00,2025-09-02 09:30:00,Arrived
5049,3865,2025-08-22 13:37:00,2025-08-26 07:30:00,No-Show
5050,778,2025-08-22 14:02:00,2025-08-25 10:00:00,Arrived
5051,5479,2025-08-22 15:57:00,2025-08-29 10:30:00,Arrived
5052,4610,2025-08-22 16:16:00,2025-09-03 08:00:00,Arrived
5053,979,2025-08-22 18:21:00,2025-08-23 09:00:00,Arrived
5054,5484,2025-08-22 19:29:00,2025-09-02 08:00:00,Arrived
5055,4036,2025-08-23 06:08:00,2025-08-23 10:30:00,Arrived
5056,196,2025-08-23 07:03:00,2025-08-23 10:00:00,Arrived
5057,3771,2025-08-23 09:08:00,2025-08-23 10:30:00,Arrived
5058,5001,2025-08-23 15:41:00,2025-08-25 13:30:00,Arrived
5059,3300,2025-08-23 16:31:00,2025-08-30 12:00:00,Arrived
5060,5487,2025-08-23 16:37:00,2025-09-10 10:30:00,No-Show
5061,2948,2025-08-23 17:09:00,2025-08-25 07:30:00,Cancelled
5062,3229,2025-08-23 17:14:00,2025-09-02 14:00:00,Arrived
5063,5486,2025-08-23 18:16:00,2025-08-26 11:00:00,Arrived
5064,3995,2025-08-23 19:16:00,2025-08-25 13:30:00,No-Show
5065,3692,2025-08-23 19:35:00,2025-09-08 08:00:00,Arrived
5066,5499,2025-08-24 07:09:00,2025-09-04 14:00:00,Arrived
5067,5489,2025-08-24 07:54:00,2025-08-27 10:00:00,Arrived
5068,5488,2025-08-24 08:04:00,2025-08-27 09:30:00,Cancelled
5069,5491,2025-08-24 11:41:00,2025-08-29 15:00:00,Arrived
5070,3870,2025-08-24 13:28:00,2025-08-25 13:00:00,Arrived
5071,4164,2025-08-24 14:59:00,2025-08-25 14:30:00,Arrived
5072,5498,2025-08-24 15:01:00,2025-09-03 09:00:00,Arrived
5073,4771,2025-08-24 15:53:00,2025-08-29 15:00:00,Arrived
5074,4992,2025-08-24 16:40:00,2025-08-25 07:30:00,Arrived
5075,5494,2025-08-24 16:50:00,2025-08-30 11:00:00,Arrived
5076,4103,2025-08-24 20:28:00,2025-08-25 10:30:00,Arrived
5077,4482,2025-08-25 07:17:00,2025-08-25 10:00:00,Arrived
5078,4857,2025-08-25 08:54:00,2025-09-20 08:00:00,Arrived
5079,4335,2025-08-25 09:44:00,2025-08-28 14:00:00,Arrived
5080,5503,2025-08-25 10:16:00,2025-08-27 11:30:00,Cancelled
5081,5505,2025-08-25 11:41:00,2025-08-29 10:30:00,No-Show
5082,4800,2025-08-25 13:08:00,2025-08-26 14:00:00,Arrived
5083,5239,2025-08-25 15:25:00,2025-08-26 07:30:00,Arrived
5084,4985,2025-08-25 16:24:00,2025-08-26 09:00:00,Arrived
5085,4679,2025-08-25 18:03:00,2025-08-26 09:00:00,Arrived
5086,5504,2025-08-25 18:38:00,2025-08-27 11:30:00,Arrived
5087,5506,2025-08-25 19:48:00,2025-09-03 07:30:00,Arrived
5088,5509,2025-08-26 07:37:00,2025-08-26 08:00:00,Arrived
5089,4604,2025-08-26 08:36:00,2025-09-11 11:30:00,Arrived
5090,1749,2025-08-26 08:57:00,2025-08-30 10:00:00,Arrived
5091,5511,2025-08-26 09:12:00,2025-08-27 11:30:00,Arrived
5092,5516,2025-08-26 10:22:00,2025-09-17 08:30:00,Arrived
5093,5515,2025-08-26 11:05:00,2025-08-28 12:30:00,Arrived
5094,4946,2025-08-26 12:00:00,2025-08-28 14:30:00,Arrived
5095,5514,2025-08-26 13:53:00,2025-08-28 15:30:00,Arrived
5096,2397,2025-08-26 14:23:00,2025-09-02 09:30:00,Arrived
5097,4665,2025-08-26 15:07:00,2025-09-25 07:30:00,Arrived
5098,4201,2025-08-26 15:14:00,2025-08-28 07:30:00,Arrived
5099,5068,2025-08-26 16:25:00,2025-09-02 08:00:00,Arrived
5100,5513,2025-08-26 17:45:00,2025-08-27 10:00:00,Arrived
5101,2890,2025-08-27 07:24:00,2025-08-27 10:30:00,Arrived
5102,4052,2025-08-27 07:30:00,2025-08-27 08:30:00,Arrived
5103,322,2025-08-27 09:04:00,2025-08-30 08:00:00,Arrived
5104,4847,2025-08-27 12:45:00,2025-09-03 10:30:00,Arrived
5105,5526,2025-08-27 12:54:00,2025-09-09 11:30:00,Arrived
5106,5522,2025-08-27 13:00:00,2025-08-27 13:30:00,Arrived
5107,5528,2025-08-27 13:05:00,2025-09-09 15:30:00,Arrived
5108,3939,2025-08-27 15:19:00,2025-08-29 08:00:00,Arrived
5109,1160,2025-08-27 15:25:00,2025-08-29 09:00:00,Arrived
5110,5314,2025-08-27 16:17:00,2025-08-30 11:30:00,Arrived
5111,1030,2025-08-27 20:42:00,2025-08-29 09:00:00,Arrived
5112,3637,2025-08-28 09:35:00,2025-08-28 15:00:00,Arrived
5113,5532,2025-08-28 09:53:00,2025-09-12 08:00:00,Arrived
5114,4675,2025-08-28 11:13:00,2025-08-28 13:00:00,Arrived
5115,4461,2025-08-28 14:38:00,2025-08-29 12:00:00,Arrived
5116,5533,2025-08-28 14:56:00,2025-09-25 14:00:00,Arrived
5117,5297,2025-08-28 14:59:00,2025-09-02 10:00:00,Arrived
5118,2511,2025-08-28 15:45:00,2025-09-02 13:00:00,Arrived
5119,5531,2025-08-28 15:54:00,2025-09-03 09:30:00,Cancelled
5120,5537,2025-08-29 06:19:00,2025-08-29 08:00:00,Arrived
5121,4756,2025-08-29 06:53:00,2025-08-29 07:30:00,Arrived
5122,3904,2025-08-29 12:39:00,2025-09-02 08:00:00,Arrived
5123,3073,2025-08-29 14:04:00,2025-09-02 08:30:00,Cancelled
5124,1572,2025-08-29 14:33:00,2025-09-02 09:00:00,Arrived
5125,5538,2025-08-29 14:39:00,2025-09-04 08:30:00,Arrived
5126,5149,2025-08-29 18:46:00,2025-09-06 09:30:00,Cancelled
5127,4469,2025-08-30 06:13:00,2025-08-30 10:30:00,Arrived
5128,3972,2025-08-30 07:58:00,2025-09-02 10:30:00,Arrived
5129,5540,2025-08-30 10:20:00,2025-09-19 13:00:00,Arrived
5130,3431,2025-08-30 13:09:00,2025-09-08 10:30:00,Arrived
5131,225,2025-08-30 18:19:00,2025-09-02 07:30:00,Arrived
5132,5543,2025-08-31 08:32:00,2025-09-12 14:30:00,Arrived
5133,4203,2025-08-31 11:30:00,2025-09-06 08:00:00,Arrived
5134,5541,2025-08-31 13:45:00,2025-09-10 08:30:00,Arrived
5135,4741,2025-08-31 13:59:00,2025-09-05 08:00:00,Arrived
5136,5542,2025-08-31 15:12:00,2025-09-11 07:30:00,Arrived
5137,1174,2025-08-31 15:35:00,2025-09-05 13:30:00,Arrived
5138,3620,2025-08-31 16:30:00,2025-09-05 08:30:00,Arrived
5139,4006,2025-08-31 18:49:00,2025-09-03 08:00:00,Arrived
5140,4117,2025-09-01 07:46:00,2025-09-05 07:30:00,Cancelled
5141,4623,2025-09-01 09:52:00,2025-09-02 09:30:00,Arrived
5142,5549,2025-09-01 10:57:00,2025-09-03 08:30:00,Arrived
5143,5094,2025-09-01 11:02:00,2025-09-02 12:30:00,Arrived
5144,5551,2025-09-01 14:58:00,2025-09-03 07:30:00,Arrived
5145,2255,2025-09-01 15:02:00,2025-09-05 08:00:00,Arrived
5146,432,2025-09-01 15:51:00,2025-09-04 12:30:00,Arrived
5147,5552,2025-09-02 07:20:00,2025-09-02 08:00:00,Arrived
5148,5399,2025-09-02 09:25:00,2025-09-02 11:00:00,Arrived
5149,4093,2025-09-02 10:52:00,2025-09-09 09:00:00,Arrived
5150,5558,2025-09-02 12:14:00,2025-09-03 08:00:00,Arrived
5151,5557,2025-09-02 13:24:00,2025-09-03 12:30:00,Arrived
5152,3640,2025-09-02 13:59:00,2025-09-04 08:00:00,Arrived
5153,4638,2025-09-02 15:21:00,2025-09-04 08:00:00,Arrived
5154,5272,2025-09-02 16:01:00,2025-09-13 08:00:00,Arrived
5155,5562,2025-09-02 16:10:00,2025-09-09 14:30:00,Arrived
5156,5508,2025-09-02 19:43:00,2025-09-15 14:00:00,Arrived
5157,5560,2025-09-02 20:45:00,2025-09-04 09:30:00,Arrived
5158,5563,2025-09-03 06:01:00,2025-09-03 07:30:00,Arrived
5159,5326,2025-09-03 07:25:00,2025-09-05 09:00:00,Arrived
5160,5565,2025-09-03 07:47:00,2025-09-03 11:00:00,Arrived
5161,2941,2025-09-03 08:14:00,2025-09-08 11:00:00,Arrived
5162,3852,2025-09-03 09:38:00,2025-10-02 11:00:00,Arrived
5163,3865,2025-09-03 10:55:00,2025-09-08 13:00:00,Arrived
5164,3810,2025-09-03 11:53:00,2025-09-10 12:00:00,Arrived
5165,5567,2025-09-03 18:04:00,2025-09-12 15:00:00,Arrived
5166,4809,2025-09-03 19:48:00,2025-09-08 09:00:00,Arrived
5167,5570,2025-09-04 07:12:00,2025-09-04 09:30:00,No-Show
5168,5208,2025-09-04 07:29:00,2025-09-06 09:00:00,Arrived
5169,5578,2025-09-04 08:17:00,2025-09-11 14:30:00,Arrived
5170,5572,2025-09-04 15:14:00,2025-09-09 12:00:00,Arrived
5171,2558,2025-09-04 17:03:00,2025-09-09 13:00:00,Arrived
5172,5583,2025-09-04 18:31:00,2025-09-12 08:00:00,No-Show
5173,5573,2025-09-04 20:32:00,2025-09-10 09:00:00,Arrived
5174,545,2025-09-04 20:36:00,2025-09-08 08:00:00,Arrived
5175,5571,2025-09-04 20:38:00,2025-09-06 10:30:00,No-Show
5176,5587,2025-09-05 07:15:00,2025-09-05 15:00:00,Arrived
5177,4059,2025-09-05 07:19:00,2025-09-05 12:00:00,Arrived
5178,4178,2025-09-05 07:25:00,2025-09-05 08:00:00,Arrived
5179,5453,2025-09-05 07:47:00,2025-09-09 07:30:00,Arrived
5180,5588,2025-09-05 09:01:00,2025-09-05 12:30:00,Arrived
5181,5584,2025-09-05 09:08:00,2025-09-05 10:00:00,Arrived
5182,5596,2025-09-05 09:26:00,2025-09-11 07:30:00,Arrived
5183,1982,2025-09-05 10:32:00,2025-09-08 10:00:00,Arrived
5184,2195,2025-09-05 11:31:00,2025-09-08 09:00:00,Arrived
5185,5589,2025-09-05 12:12:00,2025-09-09 11:30:00,Arrived
5186,4776,2025-09-05 18:02:00,2025-09-08 14:00:00,Arrived
5187,2948,2025-09-06 07:14:00,2025-09-12 15:00:00,Arrived
5188,4478,2025-09-06 08:21:00,2025-09-08 07:30:00,Arrived
5189,3698,2025-09-06 08:30:00,2025-09-10 08:00:00,Arrived
5190,5074,2025-09-06 10:12:00,2025-09-08 08:00:00,Arrived
5191,2199,2025-09-06 10:35:00,2025-09-11 09:00:00,Arrived
5192,4659,2025-09-06 10:39:00,2025-09-08 14:30:00,No-Show
5193,5299,2025-09-06 13:04:00,2025-09-08 10:30:00,Arrived
5194,5597,2025-09-06 15:30:00,2025-09-09 07:30:00,Arrived
5195,4185,2025-09-07 12:29:00,2025-09-19 15:30:00,No-Show
5196,2900,2025-09-07 16:51:00,2025-09-08 10:30:00,Arrived
5197,4755,2025-09-07 18:12:00,2025-09-18 09:30:00,Arrived
5198,3269,2025-09-07 18:50:00,2025-09-22 08:00:00,Arrived
5199,5325,2025-09-07 19:22:00,2025-09-08 08:30:00,Arrived
5200,3837,2025-09-08 06:58:00,2025-09-08 09:30:00,Arrived
5201,2198,2025-09-08 07:15:00,2025-09-10 11:30:00,Arrived
5202,4603,2025-09-08 08:30:00,2025-09-15 07:30:00,No-Show
5203,5053,2025-09-08 10:23:00,2025-09-08 12:30:00,Cancelled
5204,4113,2025-09-08 10:37:00,2025-09-13 08:30:00,Arrived
5205,5599,2025-09-08 10:44:00,2025-09-10 14:00:00,Arrived
5206,5600,2025-09-08 11:00:00,2025-10-08 14:00:00,No-Show
5207,5598,2025-09-08 12:38:00,2025-09-09 14:30:00,Arrived
5208,4165,2025-09-08 14:21:00,2025-09-13 08:00:00,Arrived
5209,5150,2025-09-08 15:30:00,2025-09-09 07:30:00,Arrived
5210,3771,2025-09-08 16:19:00,2025-09-11 11:00:00,Arrived
5211,2739,2025-09-08 17:40:00,2025-09-11 10:30:00,Arrived
5212,5200,2025-09-08 19:05:00,2025-09-13 09:30:00,No-Show
5213,4081,2025-09-09 07:03:00,2025-10-07 14:00:00,Arrived
5214,5393,2025-09-09 08:35:00,2025-09-10 10:30:00,Arrived
5215,5109,2025-09-09 09:36:00,2025-09-11 09:00:00,Arrived
5216,4961,2025-09-09 10:27:00,2025-09-15 14:30:00,Arrived
5217,5603,2025-09-09 10:51:00,2025-09-10 07:30:00,Cancelled
5218,5604,2025-09-09 10:51:00,2025-09-11 10:30:00,Arrived
5219,5053,2025-09-09 11:01:00,2025-09-20 09:00:00,Arrived
5220,5609,2025-09-09 11:26:00,2025-09-19 12:30:00,Arrived
5221,681,2025-09-09 14:14:00,2025-09-29 09:30:00,Arrived
5222,5606,2025-09-09 16:09:00,2025-09-11 08:00:00,Arrived
5223,5608,2025-09-09 16:27:00,2025-09-15 14:30:00,Arrived
5224,5602,2025-09-09 17:02:00,2025-09-10 08:30:00,Arrived
5225,5360,2025-09-09 20:02:00,2025-09-15 08:00:00,Arrived
5226,2161,2025-09-10 07:17:00,2025-09-18 14:00:00,Arrived
5227,2355,2025-09-10 07:21:00,2025-09-18 14:00:00,Cancelled
5228,5603,2025-09-10 07:23:00,2025-09-19 09:00:00,Arrived
5229,5614,2025-09-10 07:27:00,2025-09-10 13:30:00,Arrived
5230,5619,2025-09-10 07:53:00,2025-09-12 13:00:00,Arrived
5231,5010,2025-09-10 08:29:00,2025-09-15 09:00:00,Arrived
5232,4594,2025-09-10 09:44:00,2025-09-22 11:00:00,Arrived
5233,4782,2025-09-10 09:52:00,2025-09-12 09:00:00,No-Show
5234,2320,2025-09-10 13:40:00,2025-09-11 13:30:00,Arrived
5235,5620,2025-09-10 15:02:00,2025-09-16 07:30:00,Arrived
5236,5587,2025-09-10 15:28:00,2025-09-11 12:30:00,Arrived
5237,1395,2025-09-10 18:18:00,2025-09-12 12:00:00,Cancelled
5238,3955,2025-09-10 18:36:00,2025-09-13 09:00:00,Arrived
5239,5060,2025-09-10 19:01:00,2025-09-11 08:00:00,Arrived
5240,5621,2025-09-10 20:45:00,2025-09-17 08:00:00,Arrived
5241,5459,2025-09-11 06:11:00,2025-09-11 07:30:00,Arrived
5242,5622,2025-09-11 09:06:00,2025-09-11 10:30:00,Arrived
5243,5164,2025-09-11 09:57:00,2025-09-17 09:00:00,No-Show
5244,4395,2025-09-11 11:36:00,2025-09-15 14:00:00,Arrived
5245,5627,2025-09-11 12:28:00,2025-09-17 12:00:00,Arrived
5246,5172,2025-09-11 15:44:00,2025-09-24 09:00:00,No-Show
5247,5628,2025-09-11 17:09:00,2025-10-08 09:30:00,Arrived
5248,2560,2025-09-12 06:22:00,2025-09-12 08:00:00,Arrived
5249,5633,2025-09-12 06:25:00,2025-09-12 08:00:00,Arrived
5250,5630,2025-09-12 06:29:00,2025-09-12 08:30:00,Arrived
5251,323,2025-09-12 07:07:00,2025-09-18 09:00:00,Arrived
5252,5636,2025-09-12 08:35:00,2025-09-15 08:00:00,Arrived
5253,4117,2025-09-12 13:20:00,2025-09-13 10:00:00,Arrived
5254,5640,2025-09-12 14:05:00,2025-09-18 15:00:00,Arrived
5255,4782,2025-09-12 15:29:00,2025-09-19 10:00:00,Arrived
5256,5638,2025-09-12 17:16:00,2025-09-17 14:30:00,Arrived
5257,4248,2025-09-13 07:51:00,2025-09-13 09:00:00,Arrived
5258,5642,2025-09-13 08:06:00,2025-09-13 11:00:00,Arrived
5259,5648,2025-09-13 14:33:00,2025-09-30 11:30:00,Arrived
5260,5644,2025-09-13 18:39:00,2025-09-16 08:00:00,Arrived
5261,5200,2025-09-13 19:45:00,2025-09-19 15:00:00,Arrived
5262,5258,2025-09-13 20:37:00,2025-09-15 13:30:00,Arrived
5263,4500,2025-09-14 08:30:00,2025-10-04 10:30:00,Arrived
5264,5652,2025-09-14 08:35:00,2025-09-25 08:30:00,Arrived
5265,5062,2025-09-14 14:17:00,2025-09-20 11:00:00,Arrived
5266,5651,2025-09-14 17:52:00,2025-09-16 10:00:00,Arrived
5267,5650,2025-09-14 19:27:00,2025-09-15 08:00:00,Cancelled
5268,3358,2025-09-15 06:40:00,2025-09-15 07:30:00,Arrived
5269,5190,2025-09-15 08:36:00,2025-09-15 09:30:00,Arrived
5270,4948,2025-09-15 09:55:00,2025-09-29 07:30:00,Arrived
5271,5657,2025-09-15 10:17:00,2025-09-17 09:00:00,Arrived
5272,5656,2025-09-15 13:50:00,2025-09-16 11:30:00,Arrived
5273,5033,2025-09-15 14:27:00,2025-09-15 15:30:00,Arrived
5274,4643,2025-09-15 15:08:00,2025-09-26 11:00:00,Arrived
5275,5207,2025-09-15 15:11:00,2025-09-23 10:30:00,Cancelled
5276,5081,2025-09-15 19:36:00,2025-09-17 10:30:00,Arrived
5277,5669,2025-09-16 07:51:00,2025-09-24 11:00:00,Arrived
5278,4714,2025-09-16 10:02:00,2025-09-16 13:00:00,Arrived
5279,465,2025-09-16 11:40:00,2025-09-16 13:30:00,Arrived
5280,5664,2025-09-16 13:26:00,2025-09-17 15:00:00,No-Show
5281,5663,2025-09-16 13:51:00,2025-09-17 09:30:00,Arrived
5282,4941,2025-09-16 13:58:00,2025-09-26 07:30:00,Arrived
5283,4603,2025-09-16 18:16:00,2025-09-30 08:30:00,No-Show
5284,5668,2025-09-16 19:42:00,2025-09-19 10:00:00,No-Show
5285,5666,2025-09-16 20:15:00,2025-09-18 07:30:00,Arrived
5286,5571,2025-09-17 07:52:00,2025-09-24 14:00:00,Arrived
5287,4682,2025-09-17 08:18:00,2025-09-19 08:00:00,Arrived
5288,4717,2025-09-17 10:39:00,2025-09-18 12:00:00,Arrived
5289,77,2025-09-17 13:08:00,2025-09-24 14:30:00,Arrived
5290,5164,2025-09-17 14:49:00,2025-09-26 11:00:00,Arrived
5291,4537,2025-09-17 15:58:00,2025-09-18 08:00:00,Arrived
5292,5115,2025-09-17 17:33:00,2025-09-23 08:00:00,Arrived
5293,5453,2025-09-17 17:51:00,2025-10-11 08:00:00,Arrived
5294,4777,2025-09-17 19:05:00,2025-09-19 15:00:00,Cancelled
5295,5678,2025-09-17 19:40:00,2025-09-18 08:00:00,Arrived
5296,4680,2025-09-17 19:55:00,2025-09-19 12:30:00,Arrived
5297,5685,2025-09-18 10:19:00,2025-10-01 09:00:00,Arrived
5298,4136,2025-09-18 13:45:00,2025-09-20 10:00:00,Arrived
5299,5686,2025-09-18 13:45:00,2025-10-07 08:00:00,Cancelled
5300,4112,2025-09-18 14:25:00,2025-09-23 08:30:00,Arrived
5301,4277,2025-09-18 15:05:00,2025-09-19 08:30:00,Arrived
5302,1993,2025-09-18 15:59:00,2025-09-22 08:30:00,Arrived
5303,4346,2025-09-18 16:49:00,2025-09-22 08:00:00,Arrived
5304,5563,2025-09-18 17:55:00,2025-09-24 13:30:00,Arrived
5305,5446,2025-09-18 20:51:00,2025-09-20 10:00:00,Arrived
5306,4377,2025-09-19 06:46:00,2025-09-19 08:30:00,Arrived
5307,4431,2025-09-19 09:07:00,2025-09-22 12:00:00,Arrived
5308,4610,2025-09-19 11:13:00,2025-10-15 07:30:00,Arrived
5309,2939,2025-09-19 12:13:00,2025-09-29 07:30:00,Arrived
5310,2567,2025-09-19 16:29:00,2025-09-24 12:30:00,Arrived
5311,3946,2025-09-19 18:07:00,2025-09-26 09:30:00,Arrived
5312,5692,2025-09-19 19:24:00,2025-09-20 08:00:00,Arrived
5313,4905,2025-09-19 20:02:00,2025-09-22 10:00:00,Arrived
5314,243,2025-09-20 10:42:00,2025-09-29 14:00:00,No-Show
5315,5100,2025-09-20 10:50:00,2025-10-15 11:00:00,Arrived
5316,4248,2025-09-20 16:59:00,2025-09-23 08:30:00,Arrived
5317,5695,2025-09-20 17:38:00,2025-09-23 11:30:00,Arrived
5318,5401,2025-09-20 18:41:00,2025-09-25 09:30:00,Arrived
5319,5688,2025-09-20 19:50:00,2025-10-03 10:00:00,Arrived
5320,2929,2025-09-20 20:27:00,2025-09-24 08:00:00,Arrived
5321,4079,2025-09-20 20:57:00,2025-09-25 10:00:00,Arrived
5322,3827,2025-09-21 07:58:00,2025-09-22 08:00:00,Arrived
5323,5698,2025-09-21 10:32:00,2025-09-26 12:30:00,Arrived
5324,3765,2025-09-21 10:52:00,2025-09-22 10:00:00,Cancelled
5325,5583,2025-09-21 12:04:00,2025-09-29 10:30:00,Arrived
5326,5699,2025-09-21 13:05:00,2025-10-21 07:30:00,No-Show
5327,1572,2025-09-21 13:30:00,2025-09-22 15:00:00,Arrived
5328,5697,2025-09-21 15:39:00,2025-09-23 08:30:00,Arrived
5329,5270,2025-09-21 15:50:00,2025-09-23 10:30:00,Arrived
5330,5249,2025-09-21 17:07:00,2025-09-23 09:30:00,Arrived
5331,4589,2025-09-21 17:48:00,2025-09-22 08:30:00,Arrived
5332,1174,2025-09-21 18:03:00,2025-10-21 08:30:00,Arrived
5333,3146,2025-09-21 19:04:00,2025-09-22 07:30:00,Arrived
5334,5123,2025-09-22 07:06:00,2025-09-22 09:00:00,Arrived
5335,5704,2025-09-22 08:35:00,2025-09-23 09:00:00,Cancelled
5336,4919,2025-09-22 08:59:00,2025-09-29 11:30:00,Arrived
5337,4314,2025-09-22 11:06:00,2025-09-27 10:30:00,Arrived
5338,4667,2025-09-22 12:38:00,2025-09-23 10:00:00,Arrived
5339,5705,2025-09-22 15:35:00,2025-09-24 07:30:00,Arrived
5340,5707,2025-09-23 06:41:00,2025-09-23 09:00:00,Arrived
5341,5360,2025-09-23 07:06:00,2025-09-30 08:00:00,Arrived
5342,4778,2025-09-23 07:38:00,2025-09-23 08:30:00,Arrived
5343,3796,2025-09-23 11:01:00,2025-09-25 08:00:00,Arrived
5344,3464,2025-09-23 14:20:00,2025-09-24 08:00:00,Arrived
5345,4375,2025-09-23 16:05:00,2025-09-25 15:00:00,Arrived
5346,3076,2025-09-23 17:31:00,2025-09-29 08:00:00,No-Show
5347,2521,2025-09-23 17:56:00,2025-10-02 07:30:00,Arrived
5348,4656,2025-09-23 18:36:00,2025-09-29 11:00:00,Arrived
5349,5708,2025-09-23 20:15:00,2025-10-07 11:00:00,No-Show
5350,5709,2025-09-24 07:30:00,2025-09-24 08:00:00,Arrived
5351,1172,2025-09-24 08:09:00,2025-09-27 08:00:00,No-Show
5352,3112,2025-09-24 08:46:00,2025-10-01 08:00:00,Arrived
5353,5126,2025-09-24 09:03:00,2025-09-26 08:30:00,Arrived
5354,4560,2025-09-24 09:18:00,2025-10-06 12:00:00,Arrived
5355,5713,2025-09-24 11:15:00,2025-09-30 12:00:00,Arrived
5356,5542,2025-09-24 13:25:00,2025-09-25 07:30:00,Arrived
5357,3403,2025-09-24 13:49:00,2025-10-06 07:30:00,Arrived
5358,1952,2025-09-24 19:22:00,2025-09-26 08:00:00,Arrived
5359,902,2025-09-24 20:31:00,2025-09-25 09:00:00,Arrived
5360,2355,2025-09-25 06:07:00,2025-09-25 08:00:00,Arrived
5361,5725,2025-09-25 07:07:00,2025-09-26 08:30:00,Arrived
5362,5724,2025-09-25 09:53:00,2025-09-26 12:00:00,Arrived
5363,4950,2025-09-25 13:15:00,2025-09-26 07:30:00,Arrived
5364,5617,2025-09-25 16:34:00,2025-09-27 08:30:00,Arrived
5365,5730,2025-09-25 16:34:00,2025-09-30 10:00:00,Arrived
5366,4246,2025-09-25 17:18:00,2025-10-06 14:30:00,Arrived
5367,689,2025-09-25 19:51:00,2025-09-26 10:00:00,Arrived
5368,5103,2025-09-26 07:26:00,2025-09-26 08:00:00,Arrived
5369,544,2025-09-26 08:53:00,2025-10-03 08:00:00,Arrived
5370,5734,2025-09-26 10:35:00,2025-09-30 09:00:00,Arrived
5371,2686,2025-09-26 12:32:00,2025-10-20 10:00:00,Arrived
5372,1587,2025-09-26 14:56:00,2025-10-04 08:30:00,Arrived
5373,5735,2025-09-26 16:10:00,2025-10-09 09:30:00,Arrived
5374,3898,2025-09-27 06:07:00,2025-09-27 09:00:00,Arrived
5375,4947,2025-09-27 19:26:00,2025-10-03 09:00:00,Arrived
5376,5704,2025-09-27 19:32:00,2025-09-29 10:30:00,Arrived
5377,4635,2025-09-28 09:47:00,2025-10-01 08:00:00,Arrived
5378,5737,2025-09-28 10:31:00,2025-09-30 15:00:00,Arrived
5379,1584,2025-09-28 16:27:00,2025-09-29 08:00:00,Arrived
5380,3901,2025-09-28 17:35:00,2025-10-16 10:30:00,Cancelled
5381,5473,2025-09-28 17:53:00,2025-09-30 09:30:00,Arrived
5382,5344,2025-09-28 18:03:00,2025-10-01 12:00:00,Arrived
5383,5738,2025-09-28 18:11:00,2025-10-23 10:00:00,Arrived
5384,2140,2025-09-28 19:17:00,2025-09-29 07:30:00,No-Show
5385,5739,2025-09-29 11:56:00,2025-10-01 09:30:00,Arrived
5386,1150,2025-09-29 12:07:00,2025-09-30 08:00:00,Arrived
5387,2194,2025-09-29 12:21:00,2025-10-06 08:00:00,Arrived
5388,3577,2025-09-29 16:31:00,2025-10-27 08:00:00,No-Show
5389,2512,2025-09-29 17:18:00,2025-10-01 09:00:00,Arrived
5390,5391,2025-09-29 17:28:00,2025-10-06 07:30:00,Arrived
5391,5078,2025-09-29 17:43:00,2025-10-09 08:30:00,Arrived
5392,5743,2025-09-29 20:22:00,2025-10-06 14:00:00,Arrived
5393,4923,2025-09-29 20:41:00,2025-10-03 13:00:00,Arrived
5394,4345,2025-09-29 20:44:00,2025-10-06 15:00:00,Arrived
5395,2253,2025-09-29 20:47:00,2025-10-03 10:30:00,Arrived
5396,5752,2025-09-30 07:33:00,2025-09-30 08:00:00,Arrived
5397,5757,2025-09-30 08:17:00,2025-10-01 09:00:00,Arrived
5398,4019,2025-09-30 08:59:00,2025-10-04 08:30:00,No-Show
5399,4492,2025-09-30 15:03:00,2025-10-01 14:00:00,Arrived
5400,5277,2025-09-30 20:21:00,2025-10-02 13:30:00,Arrived
5401,4680,2025-09-30 20:47:00,2025-10-03 15:00:00,Arrived
5402,5535,2025-10-01 06:38:00,2025-10-01 09:00:00,Arrived
5403,5768,2025-10-01 07:23:00,2025-10-03 09:30:00,Arrived
5404,3709,2025-10-01 07:54:00,2025-10-06 11:30:00,Arrived
5405,5767,2025-10-01 08:04:00,2025-10-02 11:30:00,Arrived
5406,5770,2025-10-01 09:47:00,2025-10-08 09:30:00,No-Show
5407,3904,2025-10-01 10:38:00,2025-10-06 10:00:00,Arrived
5408,5042,2025-10-01 14:08:00,2025-10-02 13:00:00,Arrived
5409,5386,2025-10-01 15:07:00,2025-10-03 14:00:00,Arrived
5410,4845,2025-10-01 15:41:00,2025-10-02 10:30:00,Arrived
5411,3918,2025-10-01 15:58:00,2025-10-03 09:00:00,Arrived
5412,5526,2025-10-01 17:43:00,2025-10-04 08:30:00,Arrived
5413,172,2025-10-01 18:36:00,2025-10-07 13:30:00,Arrived
5414,5769,2025-10-01 19:34:00,2025-10-07 12:00:00,Arrived
5415,4050,2025-10-02 06:25:00,2025-10-02 11:00:00,Arrived
5416,2864,2025-10-02 08:37:00,2025-10-02 09:30:00,Arrived
5417,5337,2025-10-02 10:01:00,2025-10-07 10:30:00,Arrived
5418,5186,2025-10-02 11:11:00,2025-10-04 08:00:00,Arrived
5419,5673,2025-10-02 13:45:00,2025-10-07 07:30:00,Arrived
5420,5775,2025-10-02 13:59:00,2025-10-08 09:00:00,No-Show
5421,5668,2025-10-02 14:42:00,2025-10-03 14:30:00,Arrived
5422,4673,2025-10-02 18:37:00,2025-10-10 09:00:00,No-Show
5423,2179,2025-10-03 07:34:00,2025-10-03 11:00:00,Arrived
5424,4792,2025-10-03 08:20:00,2025-10-06 13:00:00,Arrived
5425,5786,2025-10-03 10:09:00,2025-10-15 09:30:00,Arrived
5426,5776,2025-10-03 10:14:00,2025-10-07 08:00:00,Arrived
5427,467,2025-10-03 12:17:00,2025-10-04 10:30:00,Arrived
5428,5477,2025-10-03 12:31:00,2025-10-09 11:00:00,Arrived
5429,5784,2025-10-03 12:53:00,2025-10-09 13:30:00,Arrived
5430,5789,2025-10-03 16:57:00,2025-10-15 11:00:00,Arrived
5431,5780,2025-10-03 20:18:00,2025-10-09 12:30:00,Arrived
5432,5791,2025-10-04 07:00:00,2025-10-09 08:00:00,Arrived
5433,344,2025-10-04 07:09:00,2025-10-04 08:30:00,No-Show
5434,4944,2025-10-04 10:47:00,2025-10-11 08:00:00,Arrived
5435,4449,2025-10-04 11:24:00,2025-10-06 15:00:00,Arrived
5436,5200,2025-10-04 12:12:00,2025-10-07 13:30:00,Arrived
5437,273,2025-10-04 12:26:00,2025-10-06 10:30:00,Arrived
5438,5793,2025-10-04 15:51:00,2025-10-30 09:00:00,Arrived
5439,2558,2025-10-04 18:05:00,2025-10-06 07:30:00,Arrived
5440,4242,2025-10-04 18:12:00,2025-10-14 09:30:00,Arrived
5441,5790,2025-10-04 20:43:00,2025-10-08 13:30:00,Arrived
5442,4271,2025-10-05 11:44:00,2025-10-07 08:00:00,Arrived
5443,3806,2025-10-05 13:05:00,2025-10-06 09:00:00,Arrived
5444,5166,2025-10-05 14:32:00,2025-10-06 14:30:00,Arrived
5445,1480,2025-10-05 16:45:00,2025-10-06 09:30:00,Arrived
5446,5264,2025-10-05 20:53:00,2025-10-06 10:00:00,Arrived
5447,5794,2025-10-06 06:21:00,2025-10-06 10:00:00,Arrived
5448,5624,2025-10-06 06:55:00,2025-10-06 08:00:00,Arrived
5449,4905,2025-10-06 07:47:00,2025-10-09 10:30:00,Arrived
5450,3517,2025-10-06 08:02:00,2025-10-10 07:30:00,Arrived
5451,5795,2025-10-06 09:14:00,2025-10-10 13:30:00,Arrived
5452,1572,2025-10-06 10:52:00,2025-10-11 10:30:00,Arrived
5453,5732,2025-10-06 11:31:00,2025-10-13 08:00:00,No-Show
5454,5083,2025-10-06 13:42:00,2025-10-18 10:00:00,Arrived
5455,4789,2025-10-06 14:18:00,2025-10-07 07:30:00,Arrived
5456,5803,2025-10-07 07:39:00,2025-10-08 15:00:00,Arrived
5457,5801,2025-10-07 08:30:00,2025-10-07 10:30:00,Arrived
5458,5802,2025-10-07 09:35:00,2025-10-08 11:00:00,Arrived
5459,5796,2025-10-07 10:02:00,2025-10-07 11:00:00,Arrived
5460,5354,2025-10-07 10:25:00,2025-10-09 08:00:00,Arrived
5461,4702,2025-10-07 11:07:00,2025-11-03 12:00:00,Arrived
5462,5805,2025-10-07 15:24:00,2025-10-14 09:30:00,Arrived
5463,5804,2025-10-07 16:07:00,2025-10-14 11:00:00,Arrived
5464,2108,2025-10-07 16:28:00,2025-10-14 13:00:00,Arrived
5465,4110,2025-10-07 17:40:00,2025-10-14 10:30:00,Arrived
5466,2514,2025-10-07 18:30:00,2025-10-09 09:30:00,Arrived
5467,5813,2025-10-08 07:11:00,2025-10-15 07:30:00,Arrived
5468,5739,2025-10-08 07:28:00,2025-10-11 10:00:00,Arrived
5469,5806,2025-10-08 09:27:00,2025-10-08 15:00:00,Arrived
5470,2841,2025-10-08 09:45:00,2025-10-13 08:30:00,Arrived
5471,5199,2025-10-08 11:02:00,2025-10-10 15:00:00,Arrived
5472,5172,2025-10-08 12:48:00,2025-10-09 08:00:00,Cancelled
5473,5469,2025-10-08 12:50:00,2025-10-13 09:00:00,No-Show
5474,5812,2025-10-08 13:25:00,2025-10-10 10:30:00,Arrived
5475,4947,2025-10-08 14:54:00,2025-10-10 08:30:00,Arrived
5476,5814,2025-10-08 17:17:00,2025-11-07 07:30:00,Arrived
5477,5295,2025-10-09 07:11:00,2025-10-09 10:00:00,Arrived
5478,5749,2025-10-09 10:27:00,2025-10-16 13:00:00,Arrived
5479,4316,2025-10-09 10:58:00,2025-10-14 11:30:00,Arrived
5480,3784,2025-10-09 11:11:00,2025-10-11 11:30:00,Arrived
5481,4097,2025-10-09 17:24:00,2025-10-16 14:00:00,Arrived
5482,5232,2025-10-09 20:37:00,2025-10-13 08:30:00,Arrived
5483,5513,2025-10-10 07:21:00,2025-10-14 07:30:00,Arrived
5484,5322,2025-10-10 08:21:00,2025-11-04 07:30:00,Arrived
5485,5821,2025-10-10 11:00:00,2025-10-16 09:00:00,Arrived
5486,4480,2025-10-10 11:17:00,2025-10-11 11:00:00,Arrived
5487,5822,2025-10-10 12:55:00,2025-10-18 10:00:00,No-Show
5488,545,2025-10-10 14:10:00,2025-10-13 08:30:00,Arrived
5489,5823,2025-10-10 15:35:00,2025-10-30 11:00:00,Arrived
5490,1479,2025-10-10 18:35:00,2025-10-15 12:00:00,Arrived
5491,2631,2025-10-10 19:11:00,2025-10-13 09:00:00,Arrived
5492,3810,2025-10-10 20:06:00,2025-10-15 11:00:00,Arrived
5493,3893,2025-10-11 10:50:00,2025-10-13 10:30:00,Arrived
5494,5826,2025-10-11 14:58:00,2025-10-23 13:30:00,Arrived
5495,4376,2025-10-11 16:30:00,2025-10-14 09:00:00,Arrived
5496,5824,2025-10-11 17:32:00,2025-10-13 10:00:00,Cancelled
5497,5828,2025-10-11 17:40:00,2025-10-23 13:00:00,Arrived
5498,4308,2025-10-12 07:09:00,2025-10-14 13:30:00,Arrived
5499,5634,2025-10-12 09:54:00,2025-10-15 09:30:00,No-Show
5500,5079,2025-10-12 10:29:00,2025-10-16 13:00:00,Arrived
5501,4809,2025-10-12 13:51:00,2025-10-13 08:00:00,Arrived
5502,5292,2025-10-12 15:32:00,2025-10-14 13:00:00,Arrived
5503,5316,2025-10-12 18:08:00,2025-10-13 15:00:00,Arrived
5504,1150,2025-10-12 19:31:00,2025-10-14 08:00:00,Arrived
5505,4944,2025-10-12 19:51:00,2025-10-13 11:00:00,Arrived
5506,5775,2025-10-13 06:35:00,2025-10-13 10:00:00,Arrived
5507,3014,2025-10-13 07:54:00,2025-10-23 08:00:00,Arrived
5508,5834,2025-10-13 09:50:00,2025-10-17 12:00:00,Arrived
5509,3972,2025-10-13 12:14:00,2025-10-15 10:00:00,Arrived
5510,5835,2025-10-13 14:41:00,2025-10-18 08:00:00,Arrived
5511,5469,2025-10-13 15:44:00,2025-10-22 15:00:00,Arrived
5512,4493,2025-10-13 19:40:00,2025-10-20 10:30:00,Arrived
5513,5836,2025-10-14 06:19:00,2025-10-14 08:00:00,Arrived
5514,4741,2025-10-14 08:06:00,2025-10-20 10:30:00,Arrived
5515,5840,2025-10-14 09:26:00,2025-10-18 11:00:00,Arrived
5516,3387,2025-10-14 10:57:00,2025-10-20 10:30:00,Arrived
5517,5841,2025-10-14 12:16:00,2025-10-21 07:30:00,No-Show
5518,4373,2025-10-14 12:44:00,2025-10-15 09:00:00,Arrived
5519,4603,2025-10-14 14:42:00,2025-10-16 08:00:00,Arrived
5520,2536,2025-10-14 15:10:00,2025-10-21 08:30:00,Arrived
5521,2458,2025-10-14 17:54:00,2025-10-20 09:00:00,Arrived
5522,4661,2025-10-14 18:28:00,2025-10-17 07:30:00,Arrived
5523,5724,2025-10-14 19:06:00,2025-10-20 10:00:00,Arrived
5524,5201,2025-10-15 07:09:00,2025-10-15 12:30:00,Arrived
5525,3923,2025-10-15 09:24:00,2025-10-17 08:00:00,Arrived
5526,277,2025-10-15 09:33:00,2025-10-20 14:30:00,Arrived
5527,4750,2025-10-15 10:40:00,2025-10-16 08:30:00,Arrived
5528,5844,2025-10-15 11:19:00,2025-10-16 09:30:00,Arrived
5529,3112,2025-10-15 12:25:00,2025-10-16 09:00:00,Arrived
5530,5272,2025-10-15 12:26:00,2025-10-28 14:30:00,Arrived
5531,3927,2025-10-15 15:38:00,2025-10-17 09:00:00,Arrived
5532,5850,2025-10-15 19:32:00,2025-10-21 09:00:00,Arrived
5533,2524,2025-10-15 20:40:00,2025-10-16 08:00:00,Cancelled
5534,5854,2025-10-16 07:40:00,2025-11-14 08:30:00,Arrived
5535,5852,2025-10-16 11:19:00,2025-10-17 13:30:00,Arrived
5536,3631,2025-10-16 12:21:00,2025-10-17 12:00:00,Arrived
5537,4422,2025-10-16 13:29:00,2025-11-07 13:30:00,No-Show
5538,5853,2025-10-16 16:55:00,2025-10-18 10:30:00,Arrived
5539,321,2025-10-16 19:42:00,2025-10-20 08:30:00,Arrived
5540,4608,2025-10-17 07:41:00,2025-10-17 09:30:00,Arrived
5541,5858,2025-10-17 07:52:00,2025-10-18 10:00:00,Arrived
5542,4110,2025-10-17 09:34:00,2025-10-24 15:30:00,Arrived
5543,5860,2025-10-17 12:18:00,2025-10-30 10:00:00,No-Show
5544,5859,2025-10-17 15:16:00,2025-10-20 08:30:00,Arrived
5545,4347,2025-10-17 15:43:00,2025-10-24 13:00:00,Arrived
5546,4923,2025-10-17 16:07:00,2025-10-18 10:00:00,Arrived
5547,4080,2025-10-17 18:04:00,2025-10-20 13:00:00,Arrived
5548,2726,2025-10-18 07:09:00,2025-10-18 09:30:00,Arrived
5549,5303,2025-10-18 07:11:00,2025-10-23 08:00:00,Arrived
5550,4374,2025-10-18 09:16:00,2025-10-24 08:00:00,Arrived
5551,5863,2025-10-18 10:19:00,2025-10-27 10:00:00,Arrived
5552,467,2025-10-18 16:46:00,2025-10-20 15:30:00,Arrived
5553,430,2025-10-18 18:58:00,2025-10-25 08:30:00,Arrived
5554,5864,2025-10-18 19:30:00,2025-10-31 14:00:00,Arrived
5555,4902,2025-10-19 07:21:00,2025-10-21 10:00:00,Arrived
5556,2691,2025-10-19 09:18:00,2025-10-20 12:00:00,Arrived
5557,5874,2025-10-19 09:43:00,2025-11-18 09:30:00,Cancelled
5558,5745,2025-10-19 11:32:00,2025-10-24 07:30:00,Arrived
5559,2026,2025-10-19 12:45:00,2025-10-21 12:00:00,Arrived
5560,5866,2025-10-19 14:32:00,2025-10-22 10:30:00,No-Show
5561,5739,2025-10-19 15:55:00,2025-10-22 10:00:00,Arrived
5562,5873,2025-10-19 17:43:00,2025-10-25 08:00:00,Arrived
5563,5218,2025-10-19 18:34:00,2025-10-24 10:00:00,Arrived
5564,5872,2025-10-19 20:08:00,2025-10-23 10:00:00,Arrived
5565,2521,2025-10-20 08:41:00,2025-11-17 10:00:00,Arrived
5566,5671,2025-10-20 14:09:00,2025-10-27 07:30:00,Arrived
5567,5878,2025-10-20 14:10:00,2025-10-24 07:30:00,Arrived
5568,4652,2025-10-20 14:20:00,2025-10-28 11:30:00,Arrived
5569,5883,2025-10-20 14:51:00,2025-10-25 08:30:00,Arrived
5570,3853,2025-10-20 16:45:00,2025-10-21 07:30:00,Arrived
5571,5458,2025-10-20 17:53:00,2025-10-27 10:30:00,Arrived
5572,5880,2025-10-20 18:45:00,2025-10-25 10:00:00,Arrived
5573,3973,2025-10-20 19:20:00,2025-10-22 11:00:00,Arrived
5574,3132,2025-10-21 06:14:00,2025-10-21 07:30:00,Arrived
5575,5888,2025-10-21 06:30:00,2025-10-21 09:00:00,Arrived
5576,5894,2025-10-21 09:52:00,2025-10-25 11:30:00,Arrived
5577,5893,2025-10-21 10:39:00,2025-10-25 08:00:00,Arrived
5578,4772,2025-10-21 11:27:00,2025-10-28 09:00:00,Arrived
5579,4699,2025-10-21 12:09:00,2025-10-22 08:30:00,Arrived
5580,5892,2025-10-21 12:53:00,2025-10-22 08:30:00,Arrived
5581,5200,2025-10-21 17:06:00,2025-11-20 08:00:00,Arrived
5582,5276,2025-10-21 19:08:00,2025-11-10 09:00:00,Arrived
5583,5902,2025-10-22 08:24:00,2025-11-21 08:00:00,Arrived
5584,2538,2025-10-22 10:18:00,2025-10-27 10:00:00,Arrived
5585,5901,2025-10-22 14:14:00,2025-10-23 15:00:00,Arrived
5586,15,2025-10-22 14:53:00,2025-10-24 08:00:00,Arrived
5587,4532,2025-10-22 15:06:00,2025-10-31 13:30:00,Arrived
5588,5275,2025-10-22 15:56:00,2025-10-27 10:30:00,Arrived
5589,2560,2025-10-22 18:36:00,2025-10-31 13:30:00,Arrived
5590,5906,2025-10-23 06:02:00,2025-10-23 08:00:00,Arrived
5591,3105,2025-10-23 07:57:00,2025-10-23 15:00:00,Arrived
5592,1992,2025-10-23 10:41:00,2025-10-24 12:00:00,Arrived
5593,5914,2025-10-23 15:48:00,2025-10-24 11:30:00,Arrived
5594,4135,2025-10-23 17:41:00,2025-10-24 13:00:00,Arrived
5595,5913,2025-10-23 17:47:00,2025-10-24 11:00:00,Arrived
5596,5917,2025-10-23 20:09:00,2025-10-25 08:00:00,Arrived
5597,5440,2025-10-24 07:57:00,2025-10-24 12:00:00,Arrived
5598,5920,2025-10-24 09:04:00,2025-10-25 11:00:00,Arrived
5599,214,2025-10-24 10:11:00,2025-11-04 08:00:00,No-Show
5600,5926,2025-10-24 13:04:00,2025-11-05 15:00:00,Arrived
5601,4910,2025-10-25 06:29:00,2025-10-25 10:00:00,Arrived
5602,5930,2025-10-25 06:56:00,2025-10-25 09:00:00,Arrived
5603,5734,2025-10-25 07:05:00,2025-10-30 11:00:00,Arrived
5604,4514,2025-10-25 07:38:00,2025-10-27 12:00:00,Arrived
5605,5181,2025-10-25 07:42:00,2025-10-29 09:30:00,Arrived
5606,5932,2025-10-25 08:02:00,2025-10-27 07:30:00,Arrived
5607,1933,2025-10-25 12:26:00,2025-11-21 10:00:00,Arrived
5608,2112,2025-10-25 13:49:00,2025-10-31 09:00:00,Arrived
5609,1138,2025-10-25 16:47:00,2025-10-28 09:00:00,Arrived
5610,5012,2025-10-25 19:51:00,2025-11-01 10:30:00,Arrived
5611,4976,2025-10-25 19:57:00,2025-10-27 12:30:00,Arrived
5612,3692,2025-10-25 19:59:00,2025-10-29 08:00:00,Arrived
5613,5941,2025-10-26 07:58:00,2025-10-31 12:00:00,Arrived
5614,5942,2025-10-26 08:00:00,2025-10-31 10:30:00,Arrived
5615,4205,2025-10-26 09:24:00,2025-10-29 14:00:00,Arrived
5616,3098,2025-10-26 11:20:00,2025-10-31 11:30:00,Arrived
5617,3766,2025-10-26 11:40:00,2025-10-31 09:30:00,Arrived
5618,5033,2025-10-26 11:48:00,2025-11-07 07:30:00,Arrived
5619,5935,2025-10-26 12:09:00,2025-10-29 11:00:00,Arrived
5620,442,2025-10-26 15:55:00,2025-10-30 07:30:00,Arrived
5621,4176,2025-10-26 16:29:00,2025-10-28 07:30:00,Arrived
5622,5939,2025-10-26 17:09:00,2025-10-31 10:30:00,Arrived
5623,5581,2025-10-26 19:24:00,2025-10-27 08:00:00,Arrived
5624,5246,2025-10-26 20:07:00,2025-11-01 09:30:00,Arrived
5625,5699,2025-10-26 20:26:00,2025-11-05 08:30:00,Arrived
5626,2552,2025-10-27 10:01:00,2025-11-08 09:00:00,Arrived
5627,5115,2025-10-27 12:39:00,2025-11-04 11:00:00,No-Show
5628,3617,2025-10-27 18:28:00,2025-11-01 11:00:00,Arrived
5629,5946,2025-10-27 20:15:00,2025-10-28 14:30:00,Cancelled
5630,5955,2025-10-28 06:54:00,2025-10-28 07:30:00,Arrived
5631,5958,2025-10-28 07:03:00,2025-11-19 07:30:00,Arrived
5632,5034,2025-10-28 07:49:00,2025-11-11 07:30:00,Cancelled
5633,5948,2025-10-28 11:00:00,2025-10-28 12:30:00,Arrived
5634,5957,2025-10-28 13:49:00,2025-10-30 10:00:00,Arrived
5635,4633,2025-10-28 14:35:00,2025-11-04 11:00:00,Arrived
5636,4867,2025-10-28 14:59:00,2025-10-29 13:30:00,Arrived
5637,4933,2025-10-28 17:04:00,2025-10-30 13:30:00,Arrived
5638,5784,2025-10-29 07:38:00,2025-11-03 07:30:00,Arrived
5639,5963,2025-10-29 09:29:00,2025-10-30 10:00:00,Arrived
5640,5965,2025-10-29 10:06:00,2025-11-04 14:00:00,Arrived
5641,5972,2025-10-29 12:13:00,2025-11-05 11:30:00,Arrived
5642,4962,2025-10-29 12:54:00,2025-11-18 08:00:00,Arrived
5643,5964,2025-10-29 16:33:00,2025-10-30 08:30:00,Arrived
5644,5973,2025-10-29 17:45:00,2025-11-10 14:30:00,Arrived
5645,5266,2025-10-29 19:43:00,2025-11-04 14:00:00,Arrived
5646,5984,2025-10-30 07:19:00,2025-10-30 08:00:00,Arrived
5647,4509,2025-10-30 10:30:00,2025-10-30 12:30:00,Arrived
5648,5987,2025-10-30 14:41:00,2025-10-31 09:00:00,Arrived
5649,3285,2025-10-30 15:00:00,2025-11-11 13:30:00,Arrived
5650,5982,2025-10-30 15:56:00,2025-11-01 10:00:00,Arrived
5651,5989,2025-10-30 17:11:00,2025-11-06 15:00:00,Arrived
5652,5992,2025-10-31 07:06:00,2025-10-31 07:30:00,Arrived
5653,4809,2025-10-31 07:10:00,2025-11-06 15:30:00,Arrived
5654,5993,2025-10-31 07:33:00,2025-10-31 10:00:00,Arrived
5655,543,2025-10-31 10:00:00,2025-11-01 11:00:00,Arrived
5656,2741,2025-10-31 13:00:00,2025-11-05 12:30:00,Cancelled
5657,5125,2025-10-31 14:35:00,2025-11-08 11:00:00,Arrived
5658,5234,2025-10-31 16:43:00,2025-11-03 10:30:00,Arrived
5659,5466,2025-11-01 08:11:00,2025-11-05 07:30:00,Arrived
5660,6005,2025-11-01 09:35:00,2025-11-28 08:30:00,Arrived
5661,108,2025-11-01 09:47:00,2025-11-12 08:30:00,Arrived
5662,904,2025-11-01 11:33:00,2025-11-07 11:00:00,Arrived
5663,4370,2025-11-01 14:19:00,2025-11-04 14:00:00,No-Show
5664,3869,2025-11-02 07:13:00,2025-11-03 09:00:00,Arrived
5665,2734,2025-11-02 07:35:00,2025-11-10 09:30:00,Arrived
5666,6007,2025-11-02 11:02:00,2025-11-05 08:00:00,Arrived
5667,5647,2025-11-02 12:16:00,2025-11-04 13:00:00,Arrived
5668,3300,2025-11-02 13:57:00,2025-11-03 09:00:00,Arrived
5669,4041,2025-11-02 20:12:00,2025-11-04 10:30:00,Arrived
5670,6011,2025-11-03 10:31:00,2025-11-05 08:00:00,Arrived
5671,6012,2025-11-03 11:00:00,2025-11-14 15:00:00,Arrived
5672,5719,2025-11-03 12:37:00,2025-11-10 07:30:00,Arrived
5673,3881,2025-11-03 12:40:00,2025-11-03 13:30:00,Arrived
5674,338,2025-11-03 13:31:00,2025-11-26 14:00:00,Arrived
5675,5104,2025-11-03 15:48:00,2025-11-10 13:00:00,Arrived
5676,3724,2025-11-03 17:12:00,2025-11-08 08:00:00,Cancelled
5677,6017,2025-11-04 07:27:00,2025-11-11 09:00:00,Arrived
5678,6014,2025-11-04 14:01:00,2025-11-05 12:00:00,Arrived
5679,5416,2025-11-04 17:15:00,2025-11-11 08:00:00,Arrived
5680,4897,2025-11-04 18:01:00,2025-11-17 07:30:00,Arrived
5681,2480,2025-11-04 18:07:00,2025-11-10 07:30:00,Arrived
5682,3098,2025-11-04 18:54:00,2025-11-14 08:00:00,No-Show
5683,3853,2025-11-04 20:52:00,2025-11-06 08:00:00,Arrived
5684,4069,2025-11-05 06:52:00,2025-11-05 10:00:00,Arrived
5685,4826,2025-11-05 07:08:00,2025-11-11 12:00:00,Arrived
5686,5688,2025-11-05 07:24:00,2025-11-05 08:00:00,Arrived
5687,6021,2025-11-05 08:45:00,2025-11-06 12:00:00,Arrived
5688,6025,2025-11-05 09:06:00,2025-11-10 09:30:00,Arrived
5689,2976,2025-11-05 09:35:00,2025-11-06 12:30:00,Arrived
5690,5548,2025-11-05 11:38:00,2025-11-10 08:30:00,Arrived
5691,4803,2025-11-05 12:25:00,2025-11-08 11:00:00,Arrived
5692,6022,2025-11-05 13:40:00,2025-11-07 09:00:00,No-Show
5693,437,2025-11-05 16:09:00,2025-11-07 07:30:00,Arrived
5694,4907,2025-11-06 08:52:00,2025-11-08 08:00:00,Arrived
5695,4791,2025-11-06 10:30:00,2025-11-12 08:00:00,Arrived
5696,6036,2025-11-06 10:33:00,2025-11-13 13:30:00,Arrived
5697,3541,2025-11-06 11:51:00,2025-11-17 15:30:00,Arrived
5698,6033,2025-11-06 12:34:00,2025-11-10 07:30:00,Arrived
5699,6030,2025-11-06 13:39:00,2025-11-06 14:00:00,Arrived
5700,2841,2025-11-06 16:03:00,2025-11-17 10:30:00,No-Show
5701,3697,2025-11-06 16:10:00,2025-11-10 11:00:00,Cancelled
5702,6000,2025-11-06 16:23:00,2025-11-13 14:00:00,Arrived
5703,6032,2025-11-06 17:12:00,2025-11-07 14:00:00,Arrived
5704,5517,2025-11-06 18:25:00,2025-11-18 12:30:00,Arrived
5705,6042,2025-11-06 18:31:00,2025-11-24 11:30:00,No-Show
5706,5362,2025-11-06 20:34:00,2025-12-05 09:00:00,Arrived
5707,6041,2025-11-06 20:45:00,2025-11-13 15:30:00,No-Show
5708,4628,2025-11-07 07:41:00,2025-11-13 14:30:00,Arrived
5709,5749,2025-11-07 08:38:00,2025-11-12 07:30:00,Arrived
5710,3782,2025-11-07 10:07:00,2025-11-08 10:30:00,Cancelled
5711,4942,2025-11-07 12:09:00,2025-11-07 13:30:00,Arrived
5712,4098,2025-11-07 17:50:00,2025-11-13 07:30:00,Arrived
5713,6046,2025-11-07 18:01:00,2025-11-13 15:00:00,Arrived
5714,2926,2025-11-07 18:47:00,2025-11-14 07:30:00,Arrived
5715,5985,2025-11-07 19:59:00,2025-11-11 10:30:00,Arrived
5716,3958,2025-11-08 08:44:00,2025-11-14 10:00:00,Arrived
5717,4370,2025-11-08 12:40:00,2025-11-12 09:30:00,Arrived
5718,643,2025-11-08 13:12:00,2025-11-15 08:00:00,Arrived
5719,4963,2025-11-08 13:20:00,2025-11-10 15:30:00,Arrived
5720,3041,2025-11-08 15:21:00,2025-11-21 10:00:00,Arrived
5721,6047,2025-11-08 15:55:00,2025-11-10 08:00:00,Arrived
5722,4137,2025-11-08 16:03:00,2025-11-13 09:30:00,Arrived
5723,3782,2025-11-08 16:35:00,2025-11-29 09:30:00,Arrived
5724,3570,2025-11-08 17:38:00,2025-12-06 08:00:00,Arrived
5725,6053,2025-11-08 18:15:00,2025-11-12 12:30:00,Arrived
5726,6048,2025-11-08 18:16:00,2025-11-11 12:30:00,Arrived
5727,4697,2025-11-08 18:43:00,2025-11-10 11:30:00,Arrived
5728,4930,2025-11-08 19:34:00,2025-11-13 11:00:00,Arrived
5729,5058,2025-11-08 20:50:00,2025-11-11 14:00:00,Arrived
5730,6064,2025-11-09 08:13:00,2025-11-11 08:30:00,Arrived
5731,5877,2025-11-09 11:14:00,2025-11-10 10:00:00,Arrived
5732,6056,2025-11-09 14:20:00,2025-11-11 10:30:00,Cancelled
5733,1880,2025-11-09 15:27:00,2025-11-12 09:00:00,Arrived
5734,6054,2025-11-09 17:10:00,2025-11-10 09:30:00,Arrived
5735,5271,2025-11-09 17:44:00,2025-11-14 07:30:00,Arrived
5736,5645,2025-11-10 07:02:00,2025-11-17 11:00:00,Arrived
5737,4276,2025-11-10 07:18:00,2025-11-17 09:30:00,Arrived
5738,6066,2025-11-10 09:52:00,2025-11-12 08:00:00,Arrived
5739,5154,2025-11-10 10:33:00,2025-11-17 13:30:00,Arrived
5740,6067,2025-11-10 11:38:00,2025-11-29 11:30:00,Arrived
5741,4806,2025-11-10 12:00:00,2025-11-12 09:00:00,Arrived
5742,5459,2025-11-10 19:04:00,2025-11-15 11:00:00,No-Show
5743,5784,2025-11-10 19:14:00,2025-11-17 07:30:00,Arrived
5744,5444,2025-11-11 07:06:00,2025-11-20 08:30:00,Arrived
5745,5050,2025-11-11 12:58:00,2025-11-24 08:00:00,No-Show
5746,4251,2025-11-11 13:06:00,2025-11-14 11:00:00,Arrived
5747,6070,2025-11-11 13:56:00,2025-11-13 12:00:00,Arrived
5748,6071,2025-11-11 15:02:00,2025-11-17 13:30:00,No-Show
5749,4830,2025-11-11 15:44:00,2025-11-21 11:30:00,Arrived
5750,6072,2025-11-11 16:13:00,2025-11-17 08:30:00,Arrived
5751,5405,2025-11-11 16:14:00,2025-11-12 14:30:00,Arrived
5752,5767,2025-11-11 17:06:00,2025-11-13 09:30:00,Arrived
5753,4813,2025-11-11 18:11:00,2025-11-15 09:00:00,Arrived
5754,5717,2025-11-11 19:16:00,2025-11-17 10:00:00,Arrived
5755,6074,2025-11-12 06:59:00,2025-11-12 07:30:00,Arrived
5756,6092,2025-11-12 08:39:00,2025-11-13 08:00:00,Arrived
5757,6093,2025-11-12 08:46:00,2025-11-14 08:30:00,No-Show
5758,4116,2025-11-12 11:58:00,2025-11-19 13:30:00,Arrived
5759,6085,2025-11-12 12:24:00,2025-11-13 07:30:00,Arrived
5760,5218,2025-11-12 13:13:00,2025-11-13 09:00:00,Arrived
5761,4927,2025-11-12 13:19:00,2025-11-17 09:00:00,Arrived
5762,5325,2025-11-12 13:31:00,2025-11-17 09:30:00,Arrived
5763,6096,2025-11-12 14:41:00,2025-11-19 14:00:00,Arrived
5764,5279,2025-11-12 15:52:00,2025-11-18 11:30:00,Arrived
5765,3114,2025-11-12 17:24:00,2025-11-17 10:00:00,Cancelled
5766,5636,2025-11-12 19:30:00,2025-11-19 11:00:00,Arrived
5767,6095,2025-11-12 19:47:00,2025-11-17 10:00:00,Arrived
5768,4680,2025-11-13 10:57:00,2025-11-17 10:00:00,Arrived
5769,5801,2025-11-13 13:27:00,2025-11-15 08:30:00,Arrived
5770,6098,2025-11-13 13:46:00,2025-11-22 08:00:00,Arrived
5771,4945,2025-11-13 14:04:00,2025-11-13 15:00:00,Arrived
5772,4977,2025-11-13 15:37:00,2025-11-17 13:30:00,No-Show
5773,4812,2025-11-13 17:13:00,2025-12-02 13:30:00,Arrived
5774,6100,2025-11-14 06:43:00,2025-11-14 11:00:00,Arrived
5775,3861,2025-11-14 07:46:00,2025-11-17 07:30:00,Arrived
5776,6102,2025-11-14 08:54:00,2025-11-14 14:30:00,Arrived
5777,3581,2025-11-14 12:46:00,2025-11-20 14:30:00,No-Show
5778,5860,2025-11-14 13:49:00,2025-11-20 09:30:00,Arrived
5779,6044,2025-11-14 16:28:00,2025-11-17 13:00:00,Arrived
5780,3831,2025-11-15 06:44:00,2025-11-15 08:00:00,Arrived
5781,6108,2025-11-15 10:08:00,2025-11-19 13:00:00,Arrived
5782,152,2025-11-15 10:32:00,2025-11-20 08:30:00,Arrived
5783,4229,2025-11-15 11:06:00,2025-11-17 14:30:00,Arrived
5784,4509,2025-11-15 12:28:00,2025-11-17 11:00:00,Arrived
5785,6111,2025-11-15 14:48:00,2025-11-28 07:30:00,Arrived
5786,4652,2025-11-15 15:06:00,2025-11-17 10:30:00,Arrived
5787,4051,2025-11-15 15:32:00,2025-11-17 08:00:00,Arrived
5788,6112,2025-11-15 15:46:00,2025-11-29 08:00:00,Arrived
5789,4943,2025-11-15 20:14:00,2025-12-15 13:30:00,No-Show
5790,3881,2025-11-16 11:55:00,2025-11-28 09:00:00,Arrived
5791,6113,2025-11-16 14:52:00,2025-11-17 15:00:00,Arrived
5792,4469,2025-11-16 18:17:00,2025-11-18 15:00:00,Cancelled
5793,4437,2025-11-17 06:50:00,2025-11-17 08:00:00,Arrived
5794,6115,2025-11-17 07:13:00,2025-11-21 08:00:00,Arrived
5795,4504,2025-11-17 07:59:00,2025-11-17 13:30:00,Arrived
5796,3856,2025-11-17 10:42:00,2025-11-22 12:00:00,Arrived
5797,3656,2025-11-17 11:48:00,2025-11-24 09:00:00,Arrived
5798,2841,2025-11-17 12:40:00,2025-12-01 08:30:00,Arrived
5799,3861,2025-11-17 13:58:00,2025-11-19 13:00:00,Arrived
5800,6114,2025-11-17 18:13:00,2025-11-19 08:00:00,Arrived
5801,1390,2025-11-18 07:30:00,2025-11-18 12:30:00,Arrived
5802,5074,2025-11-18 07:45:00,2025-11-18 08:30:00,Arrived
5803,1929,2025-11-18 11:30:00,2025-11-22 08:00:00,Arrived
5804,6123,2025-11-18 14:32:00,2025-11-25 07:30:00,Arrived
5805,443,2025-11-18 14:51:00,2025-11-20 09:30:00,Arrived
5806,6121,2025-11-18 15:37:00,2025-11-20 09:00:00,Arrived
5807,4444,2025-11-18 16:16:00,2025-11-22 09:00:00,Arrived
5808,4392,2025-11-18 16:23:00,2025-11-25 07:30:00,Arrived
5809,5034,2025-11-18 18:49:00,2025-11-21 12:30:00,No-Show
5810,6122,2025-11-18 19:27:00,2025-11-21 10:00:00,Arrived
5811,6119,2025-11-18 20:36:00,2025-11-19 13:30:00,Arrived
5812,6124,2025-11-18 20:53:00,2025-11-25 10:00:00,Arrived
5813,5594,2025-11-19 11:02:00,2025-11-24 09:00:00,Arrived
5814,6127,2025-11-19 11:36:00,2025-11-19 12:30:00,Cancelled
5815,6130,2025-11-19 11:40:00,2025-11-21 14:00:00,Arrived
5816,3013,2025-11-19 11:48:00,2025-11-21 10:30:00,Arrived
5817,5436,2025-11-19 13:04:00,2025-12-01 09:00:00,Arrived
5818,2727,2025-11-19 16:18:00,2025-11-25 15:30:00,Arrived
5819,6129,2025-11-19 16:50:00,2025-11-20 09:30:00,Arrived
5820,4794,2025-11-19 18:37:00,2025-11-26 14:00:00,Arrived
5821,6132,2025-11-20 07:26:00,2025-11-20 09:30:00,Arrived
5822,2536,2025-11-20 08:17:00,2025-11-22 09:00:00,Arrived
5823,5242,2025-11-20 08:26:00,2025-12-01 11:00:00,Arrived
5824,5388,2025-11-20 09:33:00,2025-11-21 10:00:00,Arrived
5825,4219,2025-11-20 11:30:00,2025-11-21 08:00:00,Arrived
5826,5984,2025-11-20 11:43:00,2025-11-26 07:30:00,Cancelled
5827,1480,2025-11-20 12:38:00,2025-11-25 09:30:00,Arrived
5828,5885,2025-11-20 13:58:00,2025-11-26 08:00:00,Arrived
5829,195,2025-11-20 15:04:00,2025-11-22 08:30:00,Arrived
5830,5588,2025-11-20 15:13:00,2025-12-13 09:30:00,Arrived
5831,5349,2025-11-20 16:18:00,2025-11-21 14:00:00,Arrived
5832,6134,2025-11-20 16:40:00,2025-11-25 12:30:00,Arrived
5833,441,2025-11-21 07:09:00,2025-11-28 08:00:00,Arrived
5834,6145,2025-11-21 08:36:00,2025-12-05 12:30:00,Arrived
5835,3215,2025-11-21 10:00:00,2025-11-22 10:00:00,Arrived
5836,5302,2025-11-21 12:38:00,2025-11-24 07:30:00,Arrived
5837,6144,2025-11-21 12:55:00,2025-12-05 07:30:00,Cancelled
5838,6140,2025-11-21 14:52:00,2025-11-25 08:30:00,Arrived
5839,5463,2025-11-21 15:11:00,2025-11-22 08:30:00,Arrived
5840,5917,2025-11-21 16:21:00,2025-11-22 08:00:00,Cancelled
5841,4577,2025-11-21 17:58:00,2025-12-13 10:30:00,Arrived
5842,5550,2025-11-21 19:35:00,2025-11-24 10:00:00,Arrived
5843,6143,2025-11-21 20:58:00,2025-12-05 10:00:00,No-Show
5844,3413,2025-11-22 10:18:00,2025-12-03 13:00:00,Arrived
5845,6147,2025-11-22 10:25:00,2025-12-12 10:30:00,Arrived
5846,3955,2025-11-22 14:07:00,2025-11-26 07:30:00,Arrived
5847,5530,2025-11-22 14:35:00,2025-11-26 11:00:00,Arrived
5848,305,2025-11-22 17:02:00,2025-11-24 11:30:00,Cancelled
5849,6146,2025-11-22 17:27:00,2025-12-02 10:00:00,Arrived
5850,3732,2025-11-23 07:03:00,2025-12-16 14:00:00,Arrived
5851,5740,2025-11-23 08:21:00,2025-11-26 15:00:00,Arrived
5852,4979,2025-11-23 09:27:00,2025-12-17 07:30:00,Arrived
5853,3101,2025-11-23 10:16:00,2025-11-29 11:00:00,Arrived
5854,3717,2025-11-23 15:28:00,2025-11-24 14:30:00,Cancelled
5855,5717,2025-11-23 18:42:00,2025-11-26 10:30:00,Arrived
5856,4128,2025-11-23 18:56:00,2025-11-29 08:00:00,Arrived
5857,5232,2025-11-23 19:39:00,2025-11-25 13:00:00,Arrived
5858,6148,2025-11-23 19:48:00,2025-11-25 09:30:00,Arrived
5859,5419,2025-11-23 20:16:00,2025-11-24 09:00:00,Arrived
5860,6150,2025-11-24 06:04:00,2025-11-24 07:30:00,Arrived
5861,4358,2025-11-24 11:17:00,2025-11-28 07:30:00,Arrived
5862,5008,2025-11-24 20:12:00,2025-11-28 10:00:00,Arrived
5863,706,2025-11-25 07:07:00,2025-12-09 08:30:00,Arrived
5864,6153,2025-11-25 08:24:00,2025-12-09 08:00:00,Arrived
5865,5010,2025-11-25 09:05:00,2025-11-28 11:00:00,Arrived
5866,4681,2025-11-25 09:10:00,2025-12-05 08:30:00,Arrived
5867,6152,2025-11-25 13:08:00,2025-11-25 14:00:00,Arrived
5868,2987,2025-11-25 14:13:00,2025-12-10 08:00:00,Arrived
5869,6161,2025-11-25 16:05:00,2025-11-28 09:30:00,Arrived
5870,3269,2025-11-25 18:56:00,2025-12-08 08:30:00,Arrived
5871,5225,2025-11-26 06:46:00,2025-11-26 07:30:00,Arrived
5872,4379,2025-11-26 07:07:00,2025-11-26 10:00:00,Arrived
5873,6083,2025-11-26 07:51:00,2025-11-29 08:00:00,Arrived
5874,5874,2025-11-26 08:41:00,2025-12-01 14:30:00,Arrived
5875,3655,2025-11-26 15:55:00,2025-11-29 08:00:00,Arrived
5876,6124,2025-11-26 16:11:00,2025-12-02 12:00:00,Arrived
5877,6166,2025-11-26 19:29:00,2025-12-20 10:00:00,Arrived
5878,6164,2025-11-26 20:03:00,2025-12-03 10:00:00,Arrived
5879,4844,2025-11-27 07:13:00,2025-12-10 09:30:00,Arrived
5880,4642,2025-11-27 07:30:00,2025-12-03 08:00:00,Arrived
5881,3697,2025-11-27 07:51:00,2025-12-01 15:30:00,Arrived
5882,4450,2025-11-27 08:15:00,2025-11-28 08:00:00,Arrived
5883,5971,2025-11-27 10:34:00,2025-12-02 08:30:00,Arrived
5884,6022,2025-11-27 11:09:00,2025-11-28 09:00:00,Arrived
5885,3671,2025-11-27 11:58:00,2025-12-10 07:30:00,Arrived
5886,5457,2025-11-27 12:15:00,2025-12-02 09:00:00,Arrived
5887,3806,2025-11-27 16:26:00,2025-12-09 13:00:00,Arrived
5888,6167,2025-11-27 20:29:00,2025-12-10 14:00:00,Arrived
5889,2618,2025-11-28 07:23:00,2025-11-28 08:00:00,Arrived
5890,5712,2025-11-28 07:39:00,2025-12-04 15:00:00,Arrived
5891,4314,2025-11-28 08:07:00,2025-12-03 10:30:00,Arrived
5892,6170,2025-11-28 08:48:00,2025-12-06 08:30:00,Arrived
5893,4393,2025-11-28 10:12:00,2025-12-03 15:00:00,Arrived
5894,5051,2025-11-28 11:11:00,2025-12-03 07:30:00,Arrived
5895,6001,2025-11-28 11:29:00,2025-12-09 11:00:00,Arrived
5896,5201,2025-11-28 11:36:00,2025-12-05 07:30:00,Arrived
5897,5963,2025-11-28 12:29:00,2025-12-02 10:00:00,Arrived
5898,6171,2025-11-28 13:24:00,2025-12-08 10:30:00,Arrived
5899,5835,2025-11-28 13:32:00,2025-11-29 08:00:00,Arrived
5900,4500,2025-11-28 14:31:00,2025-12-01 09:00:00,Arrived
5901,3791,2025-11-28 16:26:00,2025-12-03 14:00:00,Arrived
5902,2944,2025-11-28 20:16:00,2025-11-29 09:00:00,Arrived
5903,6176,2025-11-29 07:17:00,2025-12-02 08:00:00,Arrived
5904,5719,2025-11-29 07:19:00,2025-12-01 08:00:00,Arrived
5905,5473,2025-11-29 07:28:00,2025-12-01 09:00:00,Arrived
5906,5391,2025-11-29 12:07:00,2025-12-02 09:00:00,Arrived
5907,4276,2025-11-29 14:35:00,2025-12-01 09:30:00,Arrived
5908,1121,2025-11-29 14:49:00,2025-12-01 14:00:00,Arrived
5909,5617,2025-11-29 18:02:00,2025-12-10 14:00:00,Arrived
5910,5639,2025-11-29 19:01:00,2025-12-01 11:00:00,Arrived
5911,5119,2025-11-30 09:31:00,2025-12-01 14:30:00,Arrived
5912,6180,2025-11-30 11:40:00,2025-12-12 11:00:00,Cancelled
5913,6019,2025-11-30 12:00:00,2025-12-04 10:00:00,Arrived
5914,5414,2025-11-30 12:40:00,2025-12-01 09:30:00,Cancelled
5915,5579,2025-11-30 14:15:00,2025-12-06 08:00:00,No-Show
5916,4444,2025-11-30 15:55:00,2025-12-26 08:30:00,Arrived
5917,6178,2025-11-30 16:47:00,2025-12-01 10:30:00,Cancelled
5918,6179,2025-11-30 17:23:00,2025-12-02 11:00:00,Arrived
5919,4631,2025-12-01 06:01:00,2025-12-01 08:00:00,Arrived
5920,6009,2025-12-01 07:29:00,2025-12-03 10:00:00,Arrived
5921,5145,2025-12-01 09:18:00,2025-12-03 13:30:00,Arrived
5922,4423,2025-12-01 09:40:00,2025-12-01 15:30:00,Arrived
5923,689,2025-12-01 09:59:00,2025-12-22 14:30:00,Arrived
5924,6181,2025-12-01 10:26:00,2025-12-03 11:00:00,Arrived
5925,5398,2025-12-01 10:42:00,2025-12-02 08:00:00,Arrived
5926,5833,2025-12-01 11:00:00,2025-12-03 11:00:00,Arrived
5927,5496,2025-12-01 12:27:00,2025-12-02 10:30:00,Arrived
5928,229,2025-12-01 14:29:00,2025-12-18 12:00:00,No-Show
5929,6183,2025-12-01 15:13:00,2025-12-03 13:30:00,Arrived
5930,5111,2025-12-01 17:27:00,2025-12-08 08:00:00,Arrived
5931,6184,2025-12-02 06:04:00,2025-12-02 13:30:00,Arrived
5932,2179,2025-12-02 08:09:00,2025-12-06 10:00:00,Arrived
5933,4634,2025-12-02 08:51:00,2025-12-03 08:30:00,Arrived
5934,6191,2025-12-02 11:44:00,2025-12-05 07:30:00,Arrived
5935,5719,2025-12-02 12:22:00,2025-12-08 13:00:00,Arrived
5936,6194,2025-12-02 12:26:00,2025-12-09 12:30:00,Arrived
5937,4307,2025-12-02 13:24:00,2025-12-11 09:30:00,No-Show
5938,431,2025-12-02 16:46:00,2025-12-03 08:00:00,Arrived
5939,6195,2025-12-02 18:03:00,2025-12-16 10:30:00,Arrived
5940,5337,2025-12-02 20:20:00,2025-12-09 09:00:00,Arrived
5941,6197,2025-12-03 09:18:00,2025-12-11 07:30:00,Cancelled
5942,6199,2025-12-03 11:00:00,2025-12-16 10:30:00,Arrived
5943,4517,2025-12-03 12:19:00,2025-12-05 08:30:00,Arrived
5944,6198,2025-12-03 13:12:00,2025-12-16 12:00:00,Arrived
5945,5290,2025-12-03 16:18:00,2025-12-08 11:00:00,Arrived
5946,3588,2025-12-03 16:39:00,2025-12-13 11:30:00,No-Show
5947,3515,2025-12-04 06:26:00,2025-12-04 08:00:00,Arrived
5948,6205,2025-12-04 06:32:00,2025-12-04 10:30:00,Arrived
5949,6204,2025-12-04 06:32:00,2025-12-04 15:30:00,Arrived
5950,6203,2025-12-04 06:52:00,2025-12-04 12:30:00,Arrived
5951,4911,2025-12-04 07:15:00,2025-12-06 08:30:00,Arrived
5952,5676,2025-12-04 07:17:00,2025-12-06 08:30:00,Arrived
5953,5485,2025-12-04 08:15:00,2025-12-04 10:00:00,Arrived
5954,3581,2025-12-04 08:57:00,2025-12-04 10:30:00,Arrived
5955,2256,2025-12-04 09:10:00,2025-12-09 10:00:00,Arrived
5956,6208,2025-12-04 09:15:00,2025-12-11 09:30:00,Arrived
5957,5596,2025-12-04 09:21:00,2025-12-08 07:30:00,Arrived
5958,5245,2025-12-04 09:43:00,2025-12-10 07:30:00,Arrived
5959,305,2025-12-04 09:49:00,2025-12-15 07:30:00,Arrived
5960,5507,2025-12-04 14:29:00,2025-12-08 13:00:00,Arrived
5961,4081,2025-12-04 15:29:00,2025-12-31 09:30:00,Arrived
5962,6207,2025-12-04 15:50:00,2025-12-05 09:30:00,Cancelled
5963,6206,2025-12-04 16:00:00,2025-12-05 08:00:00,Arrived
5964,6209,2025-12-04 19:00:00,2025-12-11 09:30:00,Arrived
5965,4450,2025-12-05 07:37:00,2025-12-09 11:00:00,Arrived
5966,5307,2025-12-05 08:28:00,2025-12-05 10:00:00,No-Show
5967,5999,2025-12-05 10:50:00,2025-12-06 10:00:00,Arrived
5968,6215,2025-12-05 11:36:00,2025-12-05 14:00:00,Arrived
5969,3972,2025-12-05 12:55:00,2025-12-09 10:30:00,Arrived
5970,6211,2025-12-05 13:38:00,2025-12-05 15:00:00,Arrived
5971,4919,2025-12-06 06:55:00,2025-12-06 08:00:00,Arrived
5972,2944,2025-12-06 07:11:00,2025-12-12 15:00:00,Arrived
5973,4498,2025-12-06 08:07:00,2025-12-08 10:00:00,Arrived
5974,4503,2025-12-06 08:18:00,2025-12-06 12:00:00,Arrived
5975,6144,2025-12-06 08:21:00,2025-12-12 07:30:00,Arrived
5976,6232,2025-12-06 09:38:00,2025-12-17 11:00:00,No-Show
5977,5414,2025-12-06 09:50:00,2025-12-08 11:30:00,Arrived
5978,5635,2025-12-06 13:25:00,2026-01-03 08:00:00,Scheduled
5979,5699,2025-12-06 13:29:00,2025-12-11 13:30:00,Arrived
5980,2858,2025-12-06 15:29:00,2025-12-13 08:00:00,Arrived
5981,6223,2025-12-06 15:58:00,2025-12-11 11:00:00,Arrived
5982,902,2025-12-06 17:24:00,2025-12-15 08:00:00,Arrived
5983,3465,2025-12-06 18:29:00,2025-12-26 12:00:00,Arrived
5984,3485,2025-12-06 18:45:00,2025-12-08 13:00:00,Arrived
5985,3775,2025-12-06 19:43:00,2025-12-08 08:30:00,Arrived
5986,6230,2025-12-06 20:25:00,2025-12-12 08:30:00,Arrived
5987,6235,2025-12-07 10:34:00,2025-12-19 14:00:00,Arrived
5988,6236,2025-12-07 11:03:00,2025-12-20 10:30:00,Arrived
5989,6234,2025-12-07 11:26:00,2025-12-11 12:00:00,Arrived
5990,3300,2025-12-07 14:22:00,2025-12-13 10:00:00,Arrived
5991,6237,2025-12-07 14:32:00,2025-12-23 07:30:00,No-Show
5992,5532,2025-12-07 16:13:00,2025-12-18 13:30:00,Cancelled
5993,5853,2025-12-07 18:18:00,2026-01-03 08:30:00,Scheduled
5994,5861,2025-12-07 20:18:00,2025-12-20 10:30:00,Arrived
5995,4960,2025-12-08 09:24:00,2025-12-08 10:00:00,Arrived
5996,4539,2025-12-08 15:52:00,2025-12-20 08:30:00,Cancelled
5997,5579,2025-12-08 16:55:00,2025-12-15 12:30:00,Arrived
5998,5321,2025-12-08 17:51:00,2025-12-19 09:00:00,Arrived
5999,6242,2025-12-08 18:53:00,2025-12-11 07:30:00,Arrived
6000,3513,2025-12-08 19:19:00,2025-12-12 14:00:00,Arrived
6001,6062,2025-12-08 19:54:00,2025-12-12 09:00:00,Arrived
6002,6249,2025-12-08 20:16:00,2025-12-12 14:30:00,Arrived
6003,6143,2025-12-08 21:00:00,2025-12-15 09:30:00,No-Show
6004,6250,2025-12-09 08:25:00,2025-12-09 09:00:00,Arrived
6005,4514,2025-12-09 08:38:00,2025-12-09 15:00:00,Arrived
6006,4747,2025-12-09 10:11:00,2025-12-15 13:30:00,Arrived
6007,1039,2025-12-09 12:37:00,2025-12-15 08:30:00,Arrived
6008,4761,2025-12-09 12:40:00,2025-12-22 08:00:00,Arrived
6009,5442,2025-12-09 13:00:00,2025-12-11 15:00:00,Arrived
6010,6254,2025-12-09 13:52:00,2025-12-13 08:30:00,Arrived
6011,5140,2025-12-09 15:55:00,2025-12-10 09:00:00,Arrived
6012,4756,2025-12-09 18:25:00,2025-12-11 08:00:00,Arrived
6013,6251,2025-12-09 19:45:00,2025-12-11 07:30:00,Arrived
6014,6257,2025-12-10 07:29:00,2025-12-10 12:30:00,Arrived
6015,5201,2025-12-10 09:28:00,2025-12-10 13:30:00,Arrived
6016,5313,2025-12-10 10:06:00,2025-12-10 13:00:00,Arrived
6017,6258,2025-12-10 12:00:00,2025-12-11 15:00:00,Arrived
6018,5457,2025-12-10 12:44:00,2025-12-16 11:00:00,Arrived
6019,6260,2025-12-10 16:57:00,2025-12-24 11:00:00,Arrived
6020,5125,2025-12-10 17:04:00,2025-12-11 10:30:00,Arrived
6021,6261,2025-12-10 17:12:00,2026-01-09 08:00:00,Scheduled
6022,4042,2025-12-10 19:06:00,2025-12-15 07:30:00,Arrived
6023,4108,2025-12-11 07:09:00,2025-12-11 08:00:00,Arrived
6024,3575,2025-12-11 07:55:00,2025-12-13 08:00:00,Arrived
6025,5328,2025-12-11 10:09:00,2025-12-24 11:00:00,Arrived
6026,6264,2025-12-11 10:14:00,2025-12-11 12:30:00,Cancelled
6027,5358,2025-12-11 10:49:00,2026-01-07 11:00:00,Scheduled
6028,5291,2025-12-11 12:14:00,2025-12-12 07:30:00,Arrived
6029,6197,2025-12-11 13:21:00,2025-12-15 07:30:00,Arrived
6030,513,2025-12-11 14:18:00,2025-12-12 11:00:00,Arrived
6031,273,2025-12-11 14:58:00,2025-12-16 11:30:00,Arrived
6032,6268,2025-12-11 20:17:00,2025-12-16 08:00:00,Arrived
6033,4778,2025-12-11 20:18:00,2025-12-13 10:00:00,Arrived
6034,6274,2025-12-12 08:03:00,2025-12-19 11:30:00,Arrived
6035,6272,2025-12-12 10:12:00,2025-12-16 09:00:00,Cancelled
6036,6271,2025-12-12 11:33:00,2025-12-15 14:00:00,Arrived
6037,6000,2025-12-12 14:18:00,2025-12-16 07:30:00,Arrived
6038,6279,2025-12-12 14:21:00,2025-12-19 09:30:00,Arrived
6039,4205,2025-12-12 17:07:00,2025-12-15 07:30:00,Arrived
6040,5094,2025-12-13 07:18:00,2025-12-20 08:30:00,Arrived
6041,5627,2025-12-13 07:27:00,2025-12-31 08:30:00,Arrived
6042,6096,2025-12-13 08:07:00,2025-12-17 10:00:00,Cancelled
6043,5388,2025-12-13 11:25:00,2025-12-18 08:00:00,Arrived
6044,4611,2025-12-13 14:01:00,2025-12-24 13:00:00,No-Show
6045,5821,2025-12-13 14:49:00,2025-12-17 08:30:00,Arrived
6046,3588,2025-12-13 15:56:00,2025-12-17 15:00:00,No-Show
6047,6282,2025-12-13 16:43:00,2025-12-15 08:00:00,Arrived
6048,4885,2025-12-13 19:19:00,2025-12-26 08:00:00,Arrived
6049,6281,2025-12-13 20:27:00,2025-12-15 07:30:00,Arrived
6050,4499,2025-12-13 20:58:00,2025-12-22 10:30:00,Cancelled
6051,5978,2025-12-14 09:46:00,2025-12-20 10:30:00,Arrived
6052,5781,2025-12-14 10:43:00,2025-12-16 11:00:00,Arrived
6053,6284,2025-12-14 12:13:00,2025-12-19 13:00:00,Arrived
6054,6283,2025-12-14 13:47:00,2025-12-15 10:30:00,Cancelled
6055,3734,2025-12-14 18:55:00,2025-12-15 09:00:00,Arrived
6056,5407,2025-12-14 19:46:00,2025-12-26 09:30:00,Arrived
6057,441,2025-12-14 20:08:00,2025-12-15 08:00:00,Arrived
6058,6288,2025-12-15 07:24:00,2025-12-19 11:00:00,Arrived
6059,6286,2025-12-15 10:05:00,2025-12-16 07:30:00,Arrived
6060,6192,2025-12-15 10:29:00,2025-12-22 11:00:00,Arrived
6061,5800,2025-12-15 14:55:00,2025-12-16 08:00:00,Arrived
6062,4371,2025-12-15 15:01:00,2025-12-17 10:30:00,Arrived
6063,3343,2025-12-15 16:43:00,2025-12-22 11:00:00,Arrived
6064,3613,2025-12-15 17:35:00,2025-12-16 08:30:00,Arrived
6065,6008,2025-12-16 09:50:00,2025-12-22 09:30:00,Arrived
6066,6295,2025-12-16 10:35:00,2025-12-17 14:00:00,Arrived
6067,5533,2025-12-16 11:52:00,2025-12-18 07:30:00,Arrived
6068,6032,2025-12-16 11:52:00,2025-12-22 09:00:00,Arrived
6069,6290,2025-12-16 12:12:00,2025-12-17 08:30:00,Arrived
6070,4533,2025-12-16 12:46:00,2025-12-22 10:00:00,Arrived
6071,6207,2025-12-16 17:12:00,2025-12-17 13:00:00,Arrived
6072,5346,2025-12-16 17:24:00,2025-12-27 10:30:00,Arrived
6073,3775,2025-12-16 17:45:00,2025-12-23 12:00:00,Arrived
6074,3387,2025-12-16 19:48:00,2025-12-29 08:30:00,Arrived
6075,6301,2025-12-17 07:06:00,2025-12-17 08:00:00,Arrived
6076,6305,2025-12-17 08:23:00,2025-12-19 09:30:00,Arrived
6077,5064,2025-12-17 09:04:00,2025-12-22 08:00:00,Cancelled
6078,2939,2025-12-17 09:17:00,2026-01-16 14:30:00,Scheduled
6079,2864,2025-12-17 10:16:00,2025-12-22 09:00:00,Arrived
6080,5705,2025-12-17 10:38:00,2025-12-19 12:30:00,Cancelled
6081,4583,2025-12-17 10:55:00,2025-12-24 07:30:00,Arrived
6082,6303,2025-12-17 12:49:00,2025-12-19 08:00:00,Arrived
6083,6304,2025-12-17 18:33:00,2025-12-19 13:00:00,Arrived
6084,5446,2025-12-17 18:33:00,2025-12-20 08:30:00,Arrived
6085,5868,2025-12-17 19:42:00,2025-12-20 08:00:00,Arrived
6086,4577,2025-12-18 07:03:00,2025-12-18 08:00:00,Arrived
6087,4166,2025-12-18 17:22:00,2025-12-22 15:00:00,Arrived
6088,5178,2025-12-18 19:30:00,2025-12-19 09:30:00,Arrived
6089,6310,2025-12-19 06:42:00,2025-12-19 07:30:00,No-Show
6090,6312,2025-12-19 09:11:00,2025-12-24 14:30:00,Arrived
6091,5011,2025-12-19 09:43:00,2025-12-22 09:30:00,Arrived
6092,2211,2025-12-19 10:13:00,2025-12-30 10:00:00,Arrived
6093,3263,2025-12-19 19:08:00,2025-12-29 09:00:00,Cancelled
6094,5796,2025-12-20 07:30:00,2025-12-20 10:30:00,Arrived
6095,6315,2025-12-20 09:11:00,2025-12-30 10:00:00,Arrived
6096,6316,2025-12-20 10:53:00,2026-01-05 13:00:00,Scheduled
6097,6317,2025-12-20 12:55:00,2026-01-16 15:00:00,Scheduled
6098,4812,2025-12-20 15:45:00,2025-12-31 14:00:00,Scheduled
6099,4193,2025-12-20 15:52:00,2025-12-22 13:30:00,Arrived
6100,6117,2025-12-20 16:28:00,2025-12-30 14:30:00,Arrived
6101,5638,2025-12-20 19:35:00,2025-12-27 08:30:00,Arrived
6102,5202,2025-12-21 10:25:00,2025-12-22 08:00:00,Arrived
6103,5839,2025-12-21 14:04:00,2025-12-30 07:30:00,Arrived
6104,6255,2025-12-21 19:52:00,2025-12-23 15:30:00,Arrived
6105,5819,2025-12-22 06:32:00,2025-12-22 07:30:00,Arrived
6106,545,2025-12-22 07:16:00,2025-12-29 09:30:00,Arrived
6107,5751,2025-12-22 07:17:00,2025-12-22 13:00:00,Arrived
6108,2808,2025-12-22 08:26:00,2025-12-22 11:00:00,Arrived
6109,5235,2025-12-22 16:11:00,2025-12-29 08:00:00,Arrived
6110,4788,2025-12-22 16:52:00,2025-12-24 13:00:00,Arrived
6111,6096,2025-12-22 17:48:00,2025-12-27 10:30:00,Arrived
6112,5810,2025-12-22 20:24:00,2025-12-23 14:00:00,Arrived
6113,6323,2025-12-23 07:04:00,2025-12-23 08:00:00,Arrived
6114,5648,2025-12-23 07:17:00,2025-12-23 11:00:00,Arrived
6115,5818,2025-12-23 07:27:00,2026-01-02 08:00:00,Scheduled
6116,5796,2025-12-23 08:41:00,2026-01-05 14:30:00,Scheduled
6117,4051,2025-12-23 09:00:00,2025-12-23 10:00:00,Arrived
6118,6267,2025-12-23 13:46:00,2025-12-27 08:30:00,Arrived
6119,6293,2025-12-23 20:05:00,2025-12-26 09:00:00,Arrived
6120,1479,2025-12-23 20:45:00,2025-12-30 13:00:00,Cancelled
6121,5187,2025-12-24 07:50:00,2025-12-24 09:00:00,Cancelled
6122,2726,2025-12-24 08:11:00,2025-12-29 10:00:00,Arrived
6123,4711,2025-12-24 10:39:00,2025-12-24 13:00:00,Arrived
6124,6325,2025-12-24 12:29:00,2025-12-24 13:30:00,Arrived
6125,277,2025-12-24 14:01:00,2025-12-30 08:00:00,Arrived
6126,6327,2025-12-24 17:50:00,2025-12-31 07:30:00,Cancelled
6127,6004,2025-12-24 19:15:00,2025-12-26 08:30:00,Arrived
6128,4539,2025-12-24 20:11:00,2025-12-26 08:00:00,Arrived
6129,4307,2025-12-25 09:16:00,2025-12-29 11:00:00,Arrived
6130,2463,2025-12-25 09:28:00,2025-12-27 08:30:00,Arrived
6131,1868,2025-12-25 12:18:00,2025-12-26 07:30:00,Arrived
6132,2316,2025-12-25 13:30:00,2025-12-26 08:30:00,Arrived
6133,3719,2025-12-25 13:42:00,2025-12-30 09:30:00,Arrived
6134,4240,2025-12-25 14:21:00,2025-12-26 08:30:00,No-Show
6135,5174,2025-12-25 15:40:00,2025-12-27 11:30:00,Arrived
6136,4128,2025-12-25 15:42:00,2025-12-26 08:00:00,Arrived
6137,6331,2025-12-25 16:49:00,2026-01-16 07:30:00,Scheduled
6138,5256,2025-12-25 18:21:00,2025-12-30 08:00:00,Arrived
6139,4240,2025-12-26 08:44:00,2026-01-08 08:00:00,Scheduled
6140,2858,2025-12-26 09:42:00,2025-12-26 13:30:00,Arrived
6141,6125,2025-12-26 11:57:00,2025-12-30 09:30:00,Arrived
6142,3215,2025-12-26 13:07:00,2025-12-26 14:00:00,Arrived
6143,4667,2025-12-26 18:55:00,2026-01-16 07:30:00,Scheduled
6144,4713,2025-12-27 07:20:00,2025-12-27 08:00:00,Arrived
6145,4227,2025-12-27 08:14:00,2025-12-27 09:30:00,Arrived
6146,3655,2025-12-27 08:25:00,2025-12-27 09:30:00,Arrived
6147,2463,2025-12-27 11:07:00,2025-12-29 12:30:00,Arrived
6148,5289,2025-12-27 11:52:00,2025-12-29 12:00:00,Arrived
6149,3137,2025-12-27 13:22:00,2025-12-29 11:00:00,No-Show
6150,4361,2025-12-27 15:04:00,2025-12-29 08:30:00,Arrived
6151,6013,2025-12-27 15:57:00,2026-01-02 08:00:00,Scheduled
6152,6338,2025-12-27 17:27:00,2026-01-03 09:00:00,Scheduled
6153,6335,2025-12-27 18:10:00,2025-12-29 11:00:00,Arrived
6154,6345,2025-12-27 19:16:00,2026-01-05 10:00:00,Scheduled
6155,3965,2025-12-28 07:08:00,2026-01-10 09:30:00,Scheduled
6156,5371,2025-12-28 09:43:00,2025-12-29 07:30:00,Arrived
6157,4278,2025-12-28 10:47:00,2025-12-31 08:00:00,Arrived
6158,6346,2025-12-28 14:55:00,2026-01-03 08:30:00,Scheduled
6159,2717,2025-12-28 19:19:00,2025-12-29 08:30:00,Arrived
6160,4993,2025-12-28 20:08:00,2026-01-09 08:00:00,Scheduled
6161,5476,2025-12-29 06:44:00,2025-12-29 08:00:00,Arrived
6162,3082,2025-12-29 09:29:00,2026-01-05 07:30:00,Scheduled
6163,3588,2025-12-29 11:57:00,2025-12-31 14:00:00,Scheduled
6164,5593,2025-12-29 13:12:00,2026-01-02 10:30:00,Scheduled
6165,6148,2025-12-29 13:49:00,2026-01-09 10:30:00,Scheduled
6166,3014,2025-12-29 16:25:00,2025-12-31 09:30:00,Arrived
6167,4027,2025-12-29 16:36:00,2025-12-31 09:30:00,Arrived
6168,5579,2025-12-29 17:09:00,2026-01-02 09:00:00,Scheduled
6169,5326,2025-12-30 17:30:00,2026-01-16 08:00:00,Scheduled
6170,6359,2025-12-30 18:15:00,2026-01-06 10:00:00,Scheduled
6171,6357,2025-12-30 18:18:00,2025-12-31 15:30:00,Scheduled
6172,3519,2025-12-30 18:41:00,2026-01-10 10:30:00,Scheduled
6173,5110,2025-12-30 19:10:00,2025-12-31 12:00:00,Scheduled
6174,5798,2025-12-30 19:41:00,2026-01-06 10:30:00,Scheduled
6175,5551,2025-12-30 19:57:00,2026-01-12 09:30:00,Scheduled
6176,6312,2025-12-30 20:12:00,2025-12-31 13:30:00,Scheduled
6177,6203,2025-12-31 06:37:00,2025-12-31 10:00:00,Arrived
6178,5516,2025-12-31 07:30:00,2025-12-31 10:30:00,Arrived
