feedback_id,work_order_id,submitted_at,rating,comment
1,6,2024-01-03 12:08:00,5,
2,8,2024-01-03 21:35:00,4,
3,3,2024-01-04 01:36:00,4,
4,7,2024-01-04 03:32:00,4,"Good work, a little pricey."
5,22,2024-01-04 05:39:00,4,Happy with the repair.
6,26,2024-01-04 13:13:00,4,"Friendly staff, quick turnaround."
7,28,2024-01-06 04:35:00,5,
8,35,2024-01-06 05:34:00,5,
9,19,2024-01-06 06:04:00,5,
10,14,2024-01-06 06:56:00,5,
11,33,2024-01-06 15:15:00,4,
12,16,2024-01-06 16:31:00,4,"Good work, a little pricey."
13,44,2024-01-06 18:58:00,4,
14,52,2024-01-07 08:24:00,5,
15,45,2024-01-07 10:33:00,4,
16,39,2024-01-07 12:41:00,3,
17,56,2024-01-07 18:03:00,4,
18,34,2024-01-07 21:07:00,4,
19,50,2024-01-07 23:47:00,4,
20,29,2024-01-08 05:45:00,4,Solid service overall.
21,54,2024-01-08 14:41:00,4,"Friendly staff, quick turnaround."
22,42,2024-01-09 08:07:00,4,
23,43,2024-01-09 09:42:00,5,Great service and a fair price.
24,81,2024-01-09 23:19:00,5,
25,83,2024-01-10 10:39:00,4,Happy with the repair.
26,61,2024-01-10 10:39:00,4,
27,71,2024-01-10 23:55:00,4,Solid service overall.
28,58,2024-01-11 03:53:00,4,Happy with the repair.
29,64,2024-01-11 08:08:00,3,
30,103,2024-01-11 19:15:00,4,
31,79,2024-01-12 02:58:00,4,
32,102,2024-01-12 08:30:00,3,
33,110,2024-01-12 13:55:00,5,
34,80,2024-01-12 14:15:00,4,
35,101,2024-01-12 22:07:00,4,Happy with the repair.
36,86,2024-01-12 23:14:00,4,
37,96,2024-01-13 05:51:00,4,
38,90,2024-01-13 06:20:00,4,
39,111,2024-01-13 13:36:00,5,
40,114,2024-01-13 19:26:00,5,
41,97,2024-01-13 21:01:00,5,Great service and a fair price.
42,105,2024-01-13 23:25:00,3,
43,100,2024-01-14 03:49:00,4,Happy with the repair.
44,82,2024-01-14 13:26:00,5,Car was ready early - will be back.
45,121,2024-01-14 23:23:00,5,"Fast, friendly, and explained everything."
46,113,2024-01-15 03:54:00,5,
47,115,2024-01-15 07:01:00,5,
48,123,2024-01-15 18:21:00,5,
49,143,2024-01-16 19:11:00,3,
50,129,2024-01-17 01:03:00,5,Great service and a fair price.
51,141,2024-01-17 04:45:00,4,
52,135,2024-01-17 06:19:00,5,
53,136,2024-01-17 12:30:00,4,Happy with the repair.
54,152,2024-01-18 06:34:00,4,
55,134,2024-01-18 09:18:00,2,Car was not ready when promised.
56,160,2024-01-18 14:50:00,5,
57,156,2024-01-18 17:23:00,5,Best shop I've used in Vegas.
58,138,2024-01-18 20:14:00,4,
59,161,2024-01-18 20:48:00,5,Car was ready early - will be back.
60,142,2024-01-19 00:57:00,4,Solid service overall.
61,155,2024-01-19 00:59:00,5,Honest shop. Didn't try to upsell me.
62,167,2024-01-19 03:59:00,5,
63,169,2024-01-19 07:53:00,3,
64,153,2024-01-19 11:39:00,3,Had to bring it back - it wasn't fixed right the first time.
65,165,2024-01-19 20:12:00,4,Solid service overall.
66,187,2024-01-20 10:26:00,3,Repair was fine but the wait was long.
67,159,2024-01-20 15:55:00,5,
68,166,2024-01-20 15:59:00,5,
69,172,2024-01-20 18:07:00,3,Repair was fine but the wait was long.
70,196,2024-01-21 07:42:00,4,
71,175,2024-01-22 08:25:00,5,
72,180,2024-01-22 18:57:00,4,
73,191,2024-01-22 19:18:00,3,
74,203,2024-01-22 20:05:00,5,"Fast, friendly, and explained everything."
75,186,2024-01-22 21:32:00,4,
76,198,2024-01-23 03:45:00,5,
77,200,2024-01-23 12:17:00,5,
78,227,2024-01-23 20:49:00,5,Best shop I've used in Vegas.
79,212,2024-01-23 21:17:00,2,Same problem came back a week later.
80,226,2024-01-23 21:19:00,5,
81,234,2024-01-24 02:17:00,5,
82,195,2024-01-24 08:32:00,4,
83,208,2024-01-24 11:17:00,5,
84,228,2024-01-24 21:00:00,4,
85,245,2024-01-25 00:34:00,5,"Fast, friendly, and explained everything."
86,214,2024-01-25 03:20:00,5,
87,233,2024-01-25 06:59:00,5,"Fast, friendly, and explained everything."
88,206,2024-01-25 10:50:00,4,
89,248,2024-01-25 20:11:00,4,
90,241,2024-01-25 22:31:00,4,
91,219,2024-01-26 03:33:00,5,
92,150,2024-01-26 11:42:00,3,
93,254,2024-01-26 22:51:00,5,
94,242,2024-01-27 08:01:00,4,
95,270,2024-01-28 00:02:00,5,
96,275,2024-01-28 01:35:00,4,"Good work, a little pricey."
97,279,2024-01-28 19:15:00,5,"Fast, friendly, and explained everything."
98,251,2024-01-28 19:34:00,4,
99,271,2024-01-29 05:42:00,4,
100,267,2024-01-29 05:50:00,4,
101,265,2024-01-30 05:33:00,4,"Good work, a little pricey."
102,276,2024-01-30 21:31:00,5,Best shop I've used in Vegas.
103,288,2024-01-31 00:03:00,5,"Fast, friendly, and explained everything."
104,298,2024-01-31 00:45:00,4,
105,282,2024-01-31 07:15:00,4,"Good work, a little pricey."
106,284,2024-01-31 08:26:00,4,
107,261,2024-01-31 10:29:00,4,"Good work, a little pricey."
108,297,2024-01-31 22:19:00,5,Honest shop. Didn't try to upsell me.
109,290,2024-02-01 02:35:00,5,Honest shop. Didn't try to upsell me.
110,281,2024-02-01 05:07:00,5,"Fast, friendly, and explained everything."
111,293,2024-02-01 05:18:00,4,
112,291,2024-02-01 12:49:00,4,Happy with the repair.
113,272,2024-02-01 16:02:00,5,Car was ready early - will be back.
114,323,2024-02-01 21:00:00,4,
115,327,2024-02-01 21:37:00,4,
116,283,2024-02-02 00:42:00,4,"Friendly staff, quick turnaround."
117,325,2024-02-02 08:55:00,5,Great service and a fair price.
118,302,2024-02-02 13:52:00,4,"Friendly staff, quick turnaround."
119,305,2024-02-02 16:53:00,4,Happy with the repair.
120,309,2024-02-03 05:06:00,4,
121,313,2024-02-03 15:39:00,4,
122,318,2024-02-03 22:07:00,4,
123,357,2024-02-04 03:55:00,4,
124,307,2024-02-04 05:46:00,4,
125,314,2024-02-04 06:35:00,4,Happy with the repair.
126,328,2024-02-04 08:33:00,5,
127,310,2024-02-04 09:02:00,3,Took longer than promised.
128,347,2024-02-05 13:02:00,4,"Good work, a little pricey."
129,361,2024-02-05 21:12:00,4,Happy with the repair.
130,355,2024-02-06 02:37:00,5,Honest shop. Didn't try to upsell me.
131,369,2024-02-06 03:28:00,4,Solid service overall.
132,372,2024-02-06 06:53:00,4,Happy with the repair.
133,286,2024-02-06 10:22:00,2,They had to order the part - took forever.
134,381,2024-02-06 23:38:00,3,
135,360,2024-02-07 19:20:00,4,"Friendly staff, quick turnaround."
136,354,2024-02-08 01:53:00,3,Took longer than promised.
137,370,2024-02-08 02:18:00,4,
138,351,2024-02-08 03:19:00,4,
139,389,2024-02-08 13:57:00,5,
140,364,2024-02-08 16:11:00,5,
141,376,2024-02-08 21:58:00,5,Best shop I've used in Vegas.
142,400,2024-02-09 00:00:00,4,
143,388,2024-02-09 03:12:00,5,
144,391,2024-02-09 04:01:00,5,Great service and a fair price.
145,358,2024-02-09 19:15:00,5,
146,398,2024-02-09 23:55:00,5,Car was ready early - will be back.
147,373,2024-02-09 23:55:00,3,
148,382,2024-02-10 03:20:00,4,"Friendly staff, quick turnaround."
149,386,2024-02-10 05:37:00,4,"Friendly staff, quick turnaround."
150,412,2024-02-10 15:43:00,5,Best shop I've used in Vegas.
151,404,2024-02-10 18:10:00,3,
152,396,2024-02-11 03:49:00,5,Car was ready early - will be back.
153,414,2024-02-11 09:04:00,4,
154,403,2024-02-11 10:56:00,3,Took longer than promised.
155,419,2024-02-11 14:45:00,5,Car was ready early - will be back.
156,421,2024-02-12 05:14:00,5,
157,399,2024-02-12 06:17:00,4,
158,422,2024-02-12 10:05:00,5,
159,413,2024-02-12 15:33:00,4,"Friendly staff, quick turnaround."
160,425,2024-02-12 23:09:00,5,Honest shop. Didn't try to upsell me.
161,343,2024-02-13 00:42:00,3,
162,418,2024-02-13 04:57:00,5,Honest shop. Didn't try to upsell me.
163,415,2024-02-13 07:51:00,4,Solid service overall.
164,363,2024-02-13 10:39:00,3,Waited days for a part to come in.
165,441,2024-02-13 23:01:00,5,
166,442,2024-02-14 00:55:00,4,Solid service overall.
167,427,2024-02-14 02:22:00,5,"Fast, friendly, and explained everything."
168,433,2024-02-14 09:41:00,5,Car was ready early - will be back.
169,431,2024-02-15 11:48:00,4,
170,438,2024-02-15 12:06:00,4,
171,424,2024-02-15 13:42:00,5,
172,443,2024-02-15 14:01:00,5,"Fast, friendly, and explained everything."
173,420,2024-02-16 00:34:00,5,"Fast, friendly, and explained everything."
174,407,2024-02-16 09:39:00,3,They had to order the part - took forever.
175,461,2024-02-17 14:18:00,4,
176,489,2024-02-18 00:00:00,4,"Friendly staff, quick turnaround."
177,446,2024-02-18 04:59:00,1,
178,472,2024-02-18 17:01:00,4,"Friendly staff, quick turnaround."
179,460,2024-02-18 21:32:00,5,
180,482,2024-02-18 22:32:00,5,
181,467,2024-02-19 05:22:00,5,
182,476,2024-02-19 06:30:00,4,Solid service overall.
183,483,2024-02-19 12:06:00,4,Happy with the repair.
184,490,2024-02-20 00:57:00,4,"Friendly staff, quick turnaround."
185,459,2024-02-20 03:25:00,5,Honest shop. Didn't try to upsell me.
186,473,2024-02-20 08:43:00,5,
187,484,2024-02-20 20:23:00,3,Repair was fine but the wait was long.
188,507,2024-02-21 01:45:00,5,Great service and a fair price.
189,505,2024-02-22 02:45:00,4,
190,501,2024-02-22 03:36:00,5,
191,512,2024-02-22 13:36:00,4,
192,548,2024-02-22 23:33:00,5,
193,539,2024-02-23 00:11:00,5,
194,497,2024-02-23 01:11:00,5,Great service and a fair price.
195,531,2024-02-23 02:57:00,3,Repair was fine but the wait was long.
196,495,2024-02-23 05:10:00,5,
197,515,2024-02-23 14:37:00,4,"Friendly staff, quick turnaround."
198,513,2024-02-23 14:54:00,5,"Fast, friendly, and explained everything."
199,535,2024-02-23 15:44:00,5,
200,557,2024-02-24 00:41:00,4,
201,532,2024-02-24 06:38:00,4,"Good work, a little pricey."
202,511,2024-02-24 10:30:00,3,
203,526,2024-02-24 11:27:00,4,
204,524,2024-02-24 12:54:00,4,
205,552,2024-02-24 17:18:00,5,
206,544,2024-02-24 20:52:00,3,Repair was fine but the wait was long.
207,528,2024-02-25 00:34:00,4,
208,562,2024-02-25 01:48:00,5,
209,551,2024-02-25 06:18:00,4,Happy with the repair.
210,519,2024-02-25 09:29:00,2,Parts delay turned a one-day job into a week.
211,560,2024-02-25 22:57:00,3,
212,563,2024-02-25 23:57:00,3,Repair was fine but the wait was long.
213,559,2024-02-26 00:14:00,3,
214,573,2024-02-27 03:35:00,4,
215,553,2024-02-27 09:54:00,5,Honest shop. Didn't try to upsell me.
216,566,2024-02-27 10:05:00,5,Honest shop. Didn't try to upsell me.
217,581,2024-02-27 18:18:00,5,Great service and a fair price.
218,578,2024-02-28 00:40:00,3,Repair was fine but the wait was long.
219,600,2024-02-28 05:19:00,5,
220,571,2024-02-28 07:05:00,4,Solid service overall.
221,572,2024-02-28 08:40:00,5,Car was ready early - will be back.
222,597,2024-02-28 08:42:00,4,
223,574,2024-02-28 11:38:00,5,Car was ready early - will be back.
224,583,2024-02-28 20:17:00,5,Best shop I've used in Vegas.
225,593,2024-02-28 23:23:00,4,
226,607,2024-02-29 04:16:00,5,Car was ready early - will be back.
227,592,2024-02-29 11:45:00,4,
228,605,2024-02-29 16:34:00,4,
229,582,2024-02-29 17:19:00,4,"Friendly staff, quick turnaround."
230,633,2024-03-01 00:14:00,5,
231,585,2024-03-01 00:46:00,5,
232,579,2024-03-01 02:46:00,5,
233,616,2024-03-01 04:52:00,4,
234,619,2024-03-01 10:27:00,4,"Friendly staff, quick turnaround."
235,599,2024-03-01 15:41:00,4,
236,620,2024-03-01 17:07:00,5,
237,636,2024-03-02 03:00:00,5,Best shop I've used in Vegas.
238,603,2024-03-02 10:09:00,4,
239,621,2024-03-02 19:53:00,5,
240,625,2024-03-03 00:53:00,4,"Good work, a little pricey."
241,640,2024-03-03 06:27:00,4,
242,614,2024-03-03 06:34:00,3,
243,628,2024-03-03 09:37:00,4,
244,631,2024-03-04 00:52:00,5,
245,623,2024-03-04 10:44:00,5,
246,639,2024-03-04 15:50:00,5,
247,656,2024-03-04 17:32:00,5,
248,643,2024-03-05 02:11:00,3,
249,648,2024-03-05 15:21:00,4,
250,650,2024-03-06 02:30:00,5,
251,647,2024-03-06 07:09:00,4,
252,667,2024-03-06 09:06:00,5,"Fast, friendly, and explained everything."
253,649,2024-03-06 11:48:00,5,Best shop I've used in Vegas.
254,665,2024-03-06 18:18:00,4,
255,661,2024-03-07 14:29:00,5,
256,658,2024-03-07 18:06:00,5,
257,678,2024-03-08 02:31:00,5,
258,681,2024-03-08 11:53:00,4,Solid service overall.
259,669,2024-03-08 13:39:00,5,Great service and a fair price.
260,692,2024-03-08 15:52:00,4,
261,685,2024-03-08 16:58:00,5,
262,651,2024-03-08 21:58:00,3,
263,680,2024-03-09 00:27:00,5,
264,671,2024-03-09 07:15:00,4,
265,702,2024-03-09 12:25:00,5,Best shop I've used in Vegas.
266,712,2024-03-09 15:42:00,3,Took longer than promised.
267,699,2024-03-10 00:36:00,3,Repair was fine but the wait was long.
268,679,2024-03-10 07:00:00,4,
269,673,2024-03-10 08:50:00,3,Took longer than promised.
270,703,2024-03-11 02:17:00,4,
271,694,2024-03-11 06:18:00,4,
272,705,2024-03-11 14:28:00,2,Same problem came back a week later.
273,720,2024-03-11 19:31:00,3,
274,706,2024-03-11 20:23:00,3,Took longer than promised.
275,714,2024-03-12 03:14:00,3,
276,733,2024-03-12 03:17:00,4,
277,735,2024-03-12 06:36:00,5,
278,732,2024-03-13 17:51:00,3,
279,751,2024-03-13 23:56:00,5,
280,729,2024-03-14 05:34:00,3,Repair was fine but the wait was long.
281,737,2024-03-14 16:32:00,3,"Okay experience, updates could be better."
282,739,2024-03-14 19:57:00,4,Solid service overall.
283,772,2024-03-15 02:17:00,5,
284,704,2024-03-15 03:10:00,2,
285,768,2024-03-15 09:36:00,5,
286,726,2024-03-15 10:04:00,2,
287,775,2024-03-15 12:30:00,4,
288,747,2024-03-15 14:47:00,5,
289,748,2024-03-15 15:54:00,4,
290,759,2024-03-15 17:28:00,5,
291,755,2024-03-16 09:07:00,3,
292,791,2024-03-16 12:54:00,4,
293,762,2024-03-16 20:37:00,4,
294,786,2024-03-17 01:53:00,5,
295,795,2024-03-17 03:17:00,4,"Friendly staff, quick turnaround."
296,763,2024-03-17 10:22:00,5,
297,780,2024-03-17 19:57:00,5,
298,790,2024-03-18 05:04:00,5,
299,776,2024-03-18 09:55:00,5,
300,779,2024-03-18 21:03:00,5,
301,794,2024-03-19 11:15:00,4,
302,803,2024-03-19 12:24:00,3,
303,796,2024-03-19 15:36:00,5,Best shop I've used in Vegas.
304,814,2024-03-19 16:39:00,3,
305,830,2024-03-19 18:23:00,5,Great service and a fair price.
306,826,2024-03-20 03:20:00,3,
307,805,2024-03-20 08:59:00,2,Had to bring it back - it wasn't fixed right the first time.
308,829,2024-03-20 10:43:00,4,"Good work, a little pricey."
309,813,2024-03-20 12:51:00,5,
310,809,2024-03-20 22:03:00,5,"Fast, friendly, and explained everything."
311,846,2024-03-21 02:09:00,5,
312,831,2024-03-21 18:26:00,4,
313,833,2024-03-21 22:59:00,5,Honest shop. Didn't try to upsell me.
314,843,2024-03-21 23:58:00,4,"Good work, a little pricey."
315,783,2024-03-22 00:06:00,5,
316,820,2024-03-22 01:49:00,4,"Good work, a little pricey."
317,824,2024-03-22 03:18:00,4,
318,819,2024-03-22 04:57:00,4,
319,848,2024-03-22 13:12:00,4,
320,850,2024-03-22 15:46:00,5,
321,841,2024-03-23 11:01:00,4,
322,832,2024-03-23 11:19:00,4,Happy with the repair.
323,860,2024-03-23 22:55:00,4,
324,864,2024-03-24 05:25:00,5,
325,840,2024-03-24 16:23:00,4,Solid service overall.
326,857,2024-03-24 20:01:00,5,
327,871,2024-03-25 04:36:00,5,Honest shop. Didn't try to upsell me.
328,852,2024-03-25 08:18:00,5,
329,858,2024-03-25 14:02:00,4,
330,872,2024-03-25 17:30:00,5,
331,897,2024-03-26 14:53:00,4,"Friendly staff, quick turnaround."
332,878,2024-03-26 20:39:00,5,
333,900,2024-03-26 21:32:00,5,Great service and a fair price.
334,893,2024-03-27 05:12:00,3,
335,906,2024-03-27 06:36:00,5,"Fast, friendly, and explained everything."
336,909,2024-03-27 09:18:00,4,
337,910,2024-03-27 14:05:00,4,Happy with the repair.
338,908,2024-03-28 01:03:00,5,
339,892,2024-03-28 09:54:00,5,Best shop I've used in Vegas.
340,885,2024-03-28 17:08:00,5,
341,895,2024-03-28 17:21:00,5,
342,889,2024-03-28 20:02:00,5,Great service and a fair price.
343,899,2024-03-29 06:25:00,5,Best shop I've used in Vegas.
344,905,2024-03-29 08:16:00,5,"Fast, friendly, and explained everything."
345,922,2024-03-29 10:04:00,4,
346,902,2024-03-29 15:46:00,4,"Friendly staff, quick turnaround."
347,901,2024-03-29 19:55:00,4,
348,934,2024-03-30 08:34:00,4,"Friendly staff, quick turnaround."
349,920,2024-03-30 13:08:00,5,Car was ready early - will be back.
350,942,2024-03-31 04:33:00,5,
351,919,2024-03-31 15:46:00,3,
352,935,2024-03-31 17:02:00,5,Best shop I've used in Vegas.
353,933,2024-03-31 22:36:00,3,"Okay experience, updates could be better."
354,921,2024-04-01 05:27:00,3,Repair was fine but the wait was long.
355,948,2024-04-01 15:00:00,5,
356,972,2024-04-02 12:30:00,5,Great service and a fair price.
357,956,2024-04-02 18:56:00,5,Great service and a fair price.
358,975,2024-04-02 21:52:00,4,
359,968,2024-04-03 03:35:00,4,
360,949,2024-04-03 06:58:00,4,
361,940,2024-04-03 11:10:00,3,
362,992,2024-04-03 22:33:00,4,
363,974,2024-04-04 08:48:00,4,
364,987,2024-04-04 10:31:00,5,Car was ready early - will be back.
365,981,2024-04-04 16:07:00,5,Car was ready early - will be back.
366,965,2024-04-04 16:55:00,5,Best shop I've used in Vegas.
367,1000,2024-04-04 21:50:00,5,
368,977,2024-04-04 23:08:00,4,Solid service overall.
369,1016,2024-04-05 07:04:00,4,Solid service overall.
370,995,2024-04-05 07:44:00,3,Repair was fine but the wait was long.
371,955,2024-04-05 07:44:00,4,Happy with the repair.
372,978,2024-04-05 19:02:00,5,Honest shop. Didn't try to upsell me.
373,1008,2024-04-05 20:35:00,3,
374,1003,2024-04-06 01:06:00,5,Great service and a fair price.
375,999,2024-04-06 08:35:00,5,"Fast, friendly, and explained everything."
376,1018,2024-04-07 08:54:00,4,
377,998,2024-04-07 10:41:00,4,"Good work, a little pricey."
378,1031,2024-04-07 10:47:00,4,Solid service overall.
379,1011,2024-04-07 19:24:00,3,Took longer than promised.
380,1017,2024-04-07 20:09:00,4,"Friendly staff, quick turnaround."
381,1012,2024-04-08 03:38:00,3,
382,1015,2024-04-08 05:07:00,2,Same problem came back a week later.
383,1030,2024-04-08 11:11:00,5,
384,1026,2024-04-08 14:31:00,3,
385,1020,2024-04-08 16:01:00,4,
386,1042,2024-04-08 20:02:00,4,Solid service overall.
387,1023,2024-04-08 20:17:00,4,Happy with the repair.
388,1028,2024-04-09 14:30:00,4,
389,1057,2024-04-09 15:35:00,5,
390,1032,2024-04-09 22:23:00,5,
391,1055,2024-04-10 00:35:00,5,
392,1035,2024-04-10 02:21:00,2,
393,1059,2024-04-10 12:45:00,5,Honest shop. Didn't try to upsell me.
394,1043,2024-04-10 14:58:00,4,
395,1070,2024-04-10 17:41:00,5,
396,1040,2024-04-10 19:05:00,5,Honest shop. Didn't try to upsell me.
397,1049,2024-04-10 19:26:00,4,Solid service overall.
398,1045,2024-04-10 20:26:00,3,Took longer than promised.
399,1051,2024-04-10 23:45:00,4,Happy with the repair.
400,1078,2024-04-11 09:50:00,4,Happy with the repair.
401,1067,2024-04-11 11:43:00,4,
402,1081,2024-04-11 20:41:00,5,Best shop I've used in Vegas.
403,1088,2024-04-12 11:37:00,5,Car was ready early - will be back.
404,1090,2024-04-12 23:54:00,5,
405,1086,2024-04-13 00:02:00,5,Best shop I've used in Vegas.
406,1095,2024-04-13 01:24:00,4,Happy with the repair.
407,1061,2024-04-13 04:35:00,5,Great service and a fair price.
408,1063,2024-04-13 08:10:00,4,
409,1071,2024-04-13 10:21:00,3,
410,1047,2024-04-13 17:23:00,3,
411,1097,2024-04-14 01:17:00,5,Honest shop. Didn't try to upsell me.
412,1083,2024-04-14 02:47:00,5,
413,1099,2024-04-14 03:47:00,5,
414,1101,2024-04-14 07:02:00,5,"Fast, friendly, and explained everything."
415,1109,2024-04-15 05:07:00,3,
416,1079,2024-04-15 20:57:00,2,Parts delay turned a one-day job into a week.
417,1123,2024-04-16 08:56:00,4,
418,1130,2024-04-16 13:13:00,5,Great service and a fair price.
419,1091,2024-04-17 00:24:00,3,
420,1135,2024-04-17 09:58:00,5,"Fast, friendly, and explained everything."
421,1142,2024-04-17 16:30:00,3,
422,1116,2024-04-17 19:35:00,5,
423,1151,2024-04-18 11:42:00,3,
424,1154,2024-04-18 11:54:00,5,Car was ready early - will be back.
425,1150,2024-04-18 13:53:00,5,
426,1161,2024-04-18 22:26:00,4,
427,1138,2024-04-19 06:48:00,3,Repair was fine but the wait was long.
428,1172,2024-04-19 15:56:00,5,
429,1183,2024-04-19 20:13:00,3,Same problem came back a week later.
430,1144,2024-04-19 21:53:00,2,
431,1177,2024-04-20 11:11:00,5,
432,1158,2024-04-20 13:21:00,5,Great service and a fair price.
433,1166,2024-04-20 17:39:00,4,
434,1187,2024-04-20 18:19:00,3,Took longer than promised.
435,1173,2024-04-21 03:54:00,5,
436,1192,2024-04-21 05:08:00,4,Solid service overall.
437,1164,2024-04-21 12:52:00,3,
438,1188,2024-04-21 16:04:00,3,Repair was fine but the wait was long.
439,1176,2024-04-22 10:31:00,3,
440,1180,2024-04-23 00:10:00,5,Honest shop. Didn't try to upsell me.
441,1179,2024-04-23 03:45:00,5,
442,1207,2024-04-23 09:20:00,4,Solid service overall.
443,1213,2024-04-24 05:58:00,3,
444,1219,2024-04-24 15:42:00,5,
445,1195,2024-04-25 13:36:00,5,
446,1215,2024-04-26 05:05:00,5,"Fast, friendly, and explained everything."
447,1209,2024-04-26 09:31:00,5,
448,1227,2024-04-26 14:19:00,5,
449,1210,2024-04-26 19:55:00,4,
450,1238,2024-04-26 22:51:00,4,
451,1246,2024-04-27 00:57:00,4,Happy with the repair.
452,1264,2024-04-28 01:08:00,4,
453,1256,2024-04-28 03:15:00,4,
454,1241,2024-04-28 10:14:00,5,
455,1240,2024-04-28 19:28:00,2,
456,1244,2024-04-28 19:49:00,5,
457,1237,2024-04-29 01:15:00,5,"Fast, friendly, and explained everything."
458,1259,2024-04-29 19:35:00,2,
459,1267,2024-04-30 03:54:00,5,
460,1287,2024-04-30 14:43:00,5,
461,1266,2024-04-30 19:29:00,3,Repair was fine but the wait was long.
462,1289,2024-05-01 02:25:00,1,Same problem came back a week later.
463,1278,2024-05-01 12:11:00,5,
464,1279,2024-05-01 14:20:00,5,
465,1276,2024-05-01 19:10:00,5,Car was ready early - will be back.
466,1265,2024-05-02 01:31:00,4,
467,1295,2024-05-02 03:42:00,5,Car was ready early - will be back.
468,1275,2024-05-03 00:42:00,5,
469,1284,2024-05-03 05:01:00,4,
470,1281,2024-05-03 09:06:00,3,"Okay experience, updates could be better."
471,1316,2024-05-03 09:39:00,4,"Friendly staff, quick turnaround."
472,1326,2024-05-03 17:59:00,4,
473,1325,2024-05-03 20:58:00,3,Had to bring it back - it wasn't fixed right the first time.
474,1288,2024-05-03 23:37:00,5,
475,1285,2024-05-04 01:54:00,4,
476,1307,2024-05-04 08:31:00,4,Solid service overall.
477,1312,2024-05-04 13:31:00,5,Best shop I've used in Vegas.
478,1315,2024-05-04 16:16:00,4,"Friendly staff, quick turnaround."
479,1317,2024-05-04 18:17:00,4,
480,1299,2024-05-04 19:13:00,4,"Friendly staff, quick turnaround."
481,1311,2024-05-05 14:55:00,4,"Good work, a little pricey."
482,1304,2024-05-05 19:41:00,4,
483,1319,2024-05-05 22:28:00,4,
484,1262,2024-05-06 01:07:00,2,They had to order the part - took forever.
485,1296,2024-05-06 01:20:00,5,Great service and a fair price.
486,1314,2024-05-06 03:16:00,4,"Good work, a little pricey."
487,1324,2024-05-06 08:52:00,3,
488,1345,2024-05-06 15:12:00,5,"Fast, friendly, and explained everything."
489,1320,2024-05-06 19:26:00,3,Same problem came back a week later.
490,1331,2024-05-06 22:24:00,4,
491,1339,2024-05-07 05:58:00,2,
492,1330,2024-05-07 12:55:00,5,Great service and a fair price.
493,1333,2024-05-08 05:20:00,4,
494,1360,2024-05-08 06:21:00,2,Took way too long and nobody called me.
495,1335,2024-05-08 14:46:00,4,
496,1358,2024-05-08 23:36:00,5,
497,1351,2024-05-09 02:24:00,3,Repair was fine but the wait was long.
498,1362,2024-05-09 05:12:00,2,
499,1366,2024-05-09 05:55:00,4,
500,1350,2024-05-09 08:16:00,4,
501,1372,2024-05-09 09:55:00,4,
502,1357,2024-05-09 17:14:00,5,
503,1401,2024-05-09 22:56:00,5,Best shop I've used in Vegas.
504,1392,2024-05-09 23:26:00,4,
505,1396,2024-05-10 18:15:00,4,
506,1371,2024-05-10 21:50:00,5,
507,1361,2024-05-11 00:44:00,5,Great service and a fair price.
508,1397,2024-05-11 00:49:00,4,"Friendly staff, quick turnaround."
509,1374,2024-05-11 01:48:00,5,
510,1376,2024-05-11 04:44:00,4,
511,1369,2024-05-11 05:07:00,5,Car was ready early - will be back.
512,1368,2024-05-11 12:00:00,5,
513,1375,2024-05-11 16:14:00,4,"Friendly staff, quick turnaround."
514,1411,2024-05-11 19:40:00,4,
515,1395,2024-05-11 20:03:00,4,"Good work, a little pricey."
516,1416,2024-05-11 22:11:00,5,
517,1378,2024-05-12 00:35:00,5,
518,1384,2024-05-12 03:01:00,4,
519,1393,2024-05-12 08:59:00,3,"Okay experience, updates could be better."
520,1380,2024-05-12 10:21:00,5,
521,1407,2024-05-12 12:24:00,4,
522,1412,2024-05-12 13:20:00,5,
523,1413,2024-05-13 15:02:00,3,Repair was fine but the wait was long.
524,1408,2024-05-13 22:25:00,4,Solid service overall.
525,1449,2024-05-14 02:04:00,5,
526,1433,2024-05-14 02:39:00,5,
527,1445,2024-05-14 08:38:00,5,Car was ready early - will be back.
528,1423,2024-05-14 20:58:00,5,Car was ready early - will be back.
529,1422,2024-05-15 01:29:00,3,Parts delay turned a one-day job into a week.
530,1434,2024-05-16 11:57:00,4,
531,1455,2024-05-16 17:16:00,3,
532,1474,2024-05-16 23:24:00,5,
533,1470,2024-05-17 01:12:00,4,Happy with the repair.
534,1456,2024-05-17 01:13:00,5,Great service and a fair price.
535,1453,2024-05-17 01:38:00,5,
536,1477,2024-05-17 04:08:00,5,Car was ready early - will be back.
537,1459,2024-05-17 06:31:00,4,Happy with the repair.
538,1457,2024-05-17 09:58:00,4,Solid service overall.
539,1452,2024-05-17 10:17:00,4,"Good work, a little pricey."
540,1463,2024-05-17 21:59:00,5,
541,1467,2024-05-18 02:30:00,5,
542,1461,2024-05-18 09:47:00,4,Solid service overall.
543,1482,2024-05-18 14:09:00,5,
544,1481,2024-05-19 00:26:00,5,Honest shop. Didn't try to upsell me.
545,1426,2024-05-19 00:31:00,3,They had to order the part - took forever.
546,1466,2024-05-19 06:18:00,3,
547,1471,2024-05-19 10:26:00,5,
548,1400,2024-05-19 14:28:00,2,
549,1491,2024-05-19 16:26:00,5,
550,1503,2024-05-19 22:26:00,5,
551,1496,2024-05-20 00:50:00,5,
552,1485,2024-05-20 01:30:00,4,"Good work, a little pricey."
553,1499,2024-05-20 08:04:00,4,
554,1494,2024-05-20 17:46:00,2,
555,1502,2024-05-21 00:55:00,4,Happy with the repair.
556,1513,2024-05-21 10:43:00,5,
557,1508,2024-05-22 04:48:00,4,
558,1512,2024-05-22 10:14:00,5,Great service and a fair price.
559,1530,2024-05-22 15:27:00,5,
560,1517,2024-05-22 18:34:00,5,"Fast, friendly, and explained everything."
561,1510,2024-05-22 19:21:00,4,
562,1521,2024-05-22 22:46:00,5,Car was ready early - will be back.
563,1523,2024-05-23 00:58:00,4,
564,1522,2024-05-23 02:26:00,4,"Friendly staff, quick turnaround."
565,1516,2024-05-23 07:19:00,5,
566,1524,2024-05-23 12:12:00,5,
567,1495,2024-05-23 19:09:00,1,Had to bring it back - it wasn't fixed right the first time.
568,1546,2024-05-23 22:17:00,5,
569,1549,2024-05-24 03:31:00,5,Best shop I've used in Vegas.
570,1532,2024-05-24 06:10:00,4,
571,1531,2024-05-24 14:27:00,3,
572,1537,2024-05-25 08:46:00,4,
573,1561,2024-05-25 15:45:00,5,
574,1550,2024-05-25 20:50:00,5,
575,1552,2024-05-25 21:46:00,4,Happy with the repair.
576,1559,2024-05-26 01:23:00,4,Happy with the repair.
577,1548,2024-05-26 07:34:00,4,"Friendly staff, quick turnaround."
578,1526,2024-05-26 09:18:00,4,
579,1572,2024-05-26 15:45:00,4,Happy with the repair.
580,1553,2024-05-26 23:07:00,4,"Friendly staff, quick turnaround."
581,1563,2024-05-27 00:18:00,3,
582,1569,2024-05-29 10:29:00,5,Great service and a fair price.
583,1580,2024-05-29 11:15:00,4,Solid service overall.
584,1600,2024-05-29 22:18:00,4,"Good work, a little pricey."
585,1574,2024-05-30 03:53:00,4,Solid service overall.
586,1618,2024-05-30 14:52:00,4,
587,1573,2024-05-30 15:46:00,4,"Friendly staff, quick turnaround."
588,1597,2024-05-30 17:14:00,5,
589,1586,2024-05-31 01:46:00,4,
590,1582,2024-05-31 11:32:00,4,
591,1579,2024-05-31 12:07:00,3,
592,1591,2024-05-31 18:51:00,4,Solid service overall.
593,1627,2024-05-31 20:55:00,4,Happy with the repair.
594,1604,2024-06-01 00:14:00,4,Solid service overall.
595,1605,2024-06-01 00:55:00,3,
596,1601,2024-06-01 02:01:00,5,
597,1583,2024-06-01 03:43:00,4,
598,1621,2024-06-01 14:03:00,4,
599,1632,2024-06-01 15:26:00,4,"Good work, a little pricey."
600,1581,2024-06-01 18:50:00,5,
601,1592,2024-06-01 20:48:00,3,Repair was fine but the wait was long.
602,1637,2024-06-02 02:11:00,5,
603,1602,2024-06-02 06:19:00,4,"Friendly staff, quick turnaround."
604,1628,2024-06-02 09:40:00,3,
605,1623,2024-06-02 17:54:00,5,Honest shop. Didn't try to upsell me.
606,1622,2024-06-02 23:25:00,5,
607,1625,2024-06-03 00:09:00,5,
608,1611,2024-06-03 08:34:00,5,Honest shop. Didn't try to upsell me.
609,1633,2024-06-03 17:10:00,4,
610,1650,2024-06-03 21:19:00,5,
611,1630,2024-06-04 04:20:00,5,Best shop I've used in Vegas.
612,1626,2024-06-04 08:13:00,5,
613,1636,2024-06-05 02:15:00,4,
614,1673,2024-06-06 04:34:00,5,
615,1691,2024-06-06 04:53:00,4,Happy with the repair.
616,1661,2024-06-06 10:16:00,4,
617,1679,2024-06-06 23:56:00,5,"Fast, friendly, and explained everything."
618,1675,2024-06-07 02:04:00,4,
619,1649,2024-06-07 06:24:00,5,Car was ready early - will be back.
620,1695,2024-06-07 07:32:00,4,"Friendly staff, quick turnaround."
621,1671,2024-06-07 14:08:00,5,"Fast, friendly, and explained everything."
622,1680,2024-06-07 15:32:00,4,
623,1689,2024-06-07 15:43:00,4,Happy with the repair.
624,1693,2024-06-07 16:05:00,3,
625,1708,2024-06-07 19:00:00,4,
626,1682,2024-06-08 14:31:00,4,
627,1686,2024-06-09 00:32:00,5,"Fast, friendly, and explained everything."
628,1710,2024-06-10 01:09:00,5,Great service and a fair price.
629,1729,2024-06-10 21:59:00,4,
630,1738,2024-06-11 00:45:00,5,
631,1717,2024-06-11 10:37:00,5,Great service and a fair price.
632,1750,2024-06-12 02:26:00,4,"Good work, a little pricey."
633,1745,2024-06-12 14:57:00,4,
634,1756,2024-06-13 08:47:00,3,Took longer than promised.
635,1734,2024-06-13 11:51:00,4,"Good work, a little pricey."
636,1758,2024-06-13 14:55:00,3,
637,1748,2024-06-13 17:22:00,5,
638,1752,2024-06-13 17:34:00,3,Same problem came back a week later.
639,1760,2024-06-13 20:38:00,3,
640,1780,2024-06-13 22:42:00,4,"Good work, a little pricey."
641,1766,2024-06-13 23:12:00,4,
642,1769,2024-06-14 00:19:00,5,
643,1776,2024-06-14 06:25:00,4,"Friendly staff, quick turnaround."
644,1764,2024-06-14 12:22:00,5,
645,1785,2024-06-14 12:52:00,2,
646,1765,2024-06-14 13:03:00,3,
647,1793,2024-06-14 17:26:00,5,
648,1749,2024-06-14 20:50:00,4,"Friendly staff, quick turnaround."
649,1789,2024-06-15 00:36:00,2,
650,1744,2024-06-15 03:36:00,3,
651,1747,2024-06-15 09:19:00,5,Best shop I've used in Vegas.
652,1770,2024-06-15 09:27:00,4,
653,1784,2024-06-15 20:28:00,4,"Friendly staff, quick turnaround."
654,1762,2024-06-15 23:06:00,2,They had to order the part - took forever.
655,1792,2024-06-16 04:07:00,4,Solid service overall.
656,1795,2024-06-16 11:15:00,4,
657,1751,2024-06-16 15:44:00,3,
658,1800,2024-06-16 21:21:00,3,
659,1783,2024-06-17 05:54:00,4,Happy with the repair.
660,1779,2024-06-17 09:23:00,3,
661,1786,2024-06-17 15:34:00,5,Best shop I've used in Vegas.
662,1809,2024-06-17 18:24:00,5,Great service and a fair price.
663,1811,2024-06-18 04:04:00,4,
664,1817,2024-06-18 23:09:00,3,
665,1837,2024-06-19 14:51:00,5,Honest shop. Didn't try to upsell me.
666,1819,2024-06-20 01:14:00,4,
667,1832,2024-06-20 04:06:00,5,Great service and a fair price.
668,1826,2024-06-20 05:30:00,4,
669,1814,2024-06-20 13:18:00,3,
670,1812,2024-06-20 21:39:00,3,Repair was fine but the wait was long.
671,1802,2024-06-21 05:08:00,4,
672,1816,2024-06-21 06:18:00,5,Great service and a fair price.
673,1830,2024-06-21 07:43:00,5,
674,1834,2024-06-21 10:42:00,3,
675,1813,2024-06-21 13:09:00,4,"Friendly staff, quick turnaround."
676,1836,2024-06-21 17:51:00,5,
677,1825,2024-06-22 00:49:00,3,Repair was fine but the wait was long.
678,1788,2024-06-22 02:46:00,3,
679,1842,2024-06-22 08:21:00,4,Solid service overall.
680,1845,2024-06-22 20:34:00,4,
681,1855,2024-06-22 21:03:00,5,
682,1877,2024-06-23 00:56:00,4,Happy with the repair.
683,1848,2024-06-23 04:09:00,5,
684,1854,2024-06-23 10:37:00,4,
685,1862,2024-06-23 12:04:00,5,
686,1860,2024-06-23 17:16:00,3,
687,1859,2024-06-23 20:57:00,5,
688,1861,2024-06-24 05:31:00,5,
689,1864,2024-06-24 15:26:00,5,
690,1871,2024-06-24 15:59:00,5,
691,1876,2024-06-24 16:21:00,5,
692,1863,2024-06-25 00:36:00,4,
693,1868,2024-06-25 02:07:00,4,
694,1908,2024-06-26 06:45:00,5,Honest shop. Didn't try to upsell me.
695,1891,2024-06-26 07:45:00,4,"Friendly staff, quick turnaround."
696,1905,2024-06-26 14:31:00,4,"Good work, a little pricey."
697,1911,2024-06-26 22:05:00,4,"Friendly staff, quick turnaround."
698,1881,2024-06-27 02:13:00,5,
699,1883,2024-06-27 06:16:00,4,
700,1884,2024-06-27 12:03:00,5,"Fast, friendly, and explained everything."
701,1921,2024-06-27 17:49:00,4,"Friendly staff, quick turnaround."
702,1914,2024-06-27 19:37:00,3,
703,1933,2024-06-28 06:09:00,4,
704,1920,2024-06-28 18:19:00,4,
705,1936,2024-06-28 19:39:00,5,
706,1906,2024-06-28 20:21:00,4,
707,1940,2024-06-29 00:31:00,5,"Fast, friendly, and explained everything."
708,1902,2024-06-29 03:37:00,5,
709,1923,2024-06-29 04:11:00,5,
710,1912,2024-06-29 05:54:00,5,Honest shop. Didn't try to upsell me.
711,1899,2024-06-29 09:16:00,4,Happy with the repair.
712,1948,2024-06-29 15:20:00,4,"Friendly staff, quick turnaround."
713,1919,2024-06-30 01:05:00,4,
714,1959,2024-06-30 05:25:00,4,"Good work, a little pricey."
715,1955,2024-06-30 18:34:00,3,
716,1910,2024-06-30 18:41:00,4,Solid service overall.
717,1929,2024-06-30 23:28:00,4,
718,1939,2024-07-01 06:13:00,3,
719,1950,2024-07-01 10:18:00,4,
720,1934,2024-07-01 11:46:00,4,
721,1964,2024-07-02 03:01:00,4,
722,2000,2024-07-02 23:24:00,3,
723,1974,2024-07-03 15:16:00,4,Solid service overall.
724,1973,2024-07-03 17:57:00,2,They had to order the part - took forever.
725,2011,2024-07-03 20:10:00,4,
726,1928,2024-07-04 05:57:00,3,
727,2002,2024-07-04 08:31:00,4,Solid service overall.
728,1975,2024-07-04 09:25:00,3,
729,1976,2024-07-04 21:08:00,4,
730,1991,2024-07-04 21:14:00,4,
731,1994,2024-07-05 09:50:00,4,"Friendly staff, quick turnaround."
732,1998,2024-07-05 12:18:00,5,
733,1992,2024-07-05 21:11:00,4,
734,2017,2024-07-05 21:32:00,4,Happy with the repair.
735,1996,2024-07-06 03:32:00,4,
736,1988,2024-07-06 08:49:00,4,
737,2014,2024-07-06 13:38:00,4,
738,2026,2024-07-06 23:17:00,5,Best shop I've used in Vegas.
739,2030,2024-07-07 00:15:00,1,Same problem came back a week later.
740,2003,2024-07-07 04:27:00,3,Had to bring it back - it wasn't fixed right the first time.
741,2001,2024-07-07 10:34:00,4,
742,2036,2024-07-08 12:21:00,4,
743,2034,2024-07-08 23:40:00,4,Happy with the repair.
744,2018,2024-07-08 23:43:00,1,
745,2044,2024-07-09 00:07:00,4,"Friendly staff, quick turnaround."
746,2045,2024-07-09 01:44:00,5,"Fast, friendly, and explained everything."
747,1982,2024-07-09 08:52:00,3,Waited days for a part to come in.
748,2041,2024-07-09 15:37:00,5,
749,2069,2024-07-09 21:25:00,5,
750,1971,2024-07-10 05:32:00,2,
751,2019,2024-07-10 05:56:00,2,
752,2027,2024-07-10 12:57:00,3,
753,2057,2024-07-10 13:19:00,4,
754,2078,2024-07-10 22:20:00,5,
755,2056,2024-07-11 00:36:00,5,
756,2067,2024-07-11 04:22:00,5,
757,2055,2024-07-11 05:08:00,4,
758,2046,2024-07-11 08:14:00,4,"Good work, a little pricey."
759,2049,2024-07-11 10:36:00,3,
760,2074,2024-07-11 17:55:00,5,Best shop I've used in Vegas.
761,2040,2024-07-12 04:31:00,4,Solid service overall.
762,2023,2024-07-12 05:11:00,3,
763,2063,2024-07-12 06:45:00,4,Happy with the repair.
764,2065,2024-07-12 06:51:00,4,Happy with the repair.
765,2073,2024-07-12 10:21:00,4,
766,2093,2024-07-12 16:59:00,5,
767,2091,2024-07-12 18:12:00,5,
768,2090,2024-07-12 21:35:00,5,
769,2077,2024-07-13 00:52:00,5,
770,2032,2024-07-13 08:20:00,3,
771,2079,2024-07-13 09:30:00,4,
772,2029,2024-07-13 10:35:00,3,
773,2101,2024-07-13 15:48:00,4,Solid service overall.
774,2099,2024-07-13 15:57:00,5,
775,2070,2024-07-13 16:54:00,5,
776,2096,2024-07-13 17:59:00,5,
777,2103,2024-07-14 04:39:00,5,Great service and a fair price.
778,2081,2024-07-14 19:15:00,4,"Good work, a little pricey."
779,2098,2024-07-15 02:38:00,4,
780,2112,2024-07-15 08:22:00,5,
781,2094,2024-07-15 13:55:00,3,
782,2123,2024-07-15 15:20:00,5,Honest shop. Didn't try to upsell me.
783,2106,2024-07-15 16:49:00,3,
784,2126,2024-07-15 22:04:00,3,
785,2121,2024-07-16 08:50:00,4,Happy with the repair.
786,2127,2024-07-16 14:20:00,5,
787,2141,2024-07-16 18:26:00,4,"Friendly staff, quick turnaround."
788,2114,2024-07-16 23:25:00,5,Best shop I've used in Vegas.
789,2107,2024-07-17 01:26:00,4,"Friendly staff, quick turnaround."
790,2140,2024-07-17 06:59:00,5,Best shop I've used in Vegas.
791,2145,2024-07-17 13:23:00,3,
792,2148,2024-07-17 17:30:00,4,Solid service overall.
793,2155,2024-07-17 18:32:00,4,
794,2151,2024-07-18 06:19:00,4,"Friendly staff, quick turnaround."
795,2153,2024-07-18 08:08:00,5,
796,2142,2024-07-18 22:24:00,5,Car was ready early - will be back.
797,2139,2024-07-19 01:55:00,2,Took way too long and nobody called me.
798,2150,2024-07-19 04:35:00,5,
799,2166,2024-07-19 06:43:00,4,Happy with the repair.
800,2161,2024-07-19 15:42:00,5,
801,2173,2024-07-19 18:25:00,5,Best shop I've used in Vegas.
802,2175,2024-07-20 00:34:00,4,Solid service overall.
803,2147,2024-07-20 02:17:00,2,Same problem came back a week later.
804,2143,2024-07-20 03:37:00,4,
805,2136,2024-07-20 03:39:00,3,
806,2152,2024-07-20 16:00:00,5,Best shop I've used in Vegas.
807,2169,2024-07-20 18:58:00,4,
808,2168,2024-07-21 04:48:00,5,
809,2198,2024-07-21 13:53:00,4,
810,2190,2024-07-21 14:33:00,4,Solid service overall.
811,2160,2024-07-21 15:25:00,4,"Friendly staff, quick turnaround."
812,2191,2024-07-21 23:22:00,5,"Fast, friendly, and explained everything."
813,2187,2024-07-22 01:20:00,5,
814,2164,2024-07-22 04:30:00,4,
815,2174,2024-07-22 05:30:00,5,
816,2179,2024-07-22 11:20:00,4,Solid service overall.
817,2185,2024-07-22 14:06:00,4,
818,2202,2024-07-22 20:17:00,5,Honest shop. Didn't try to upsell me.
819,2204,2024-07-23 02:27:00,4,Solid service overall.
820,2208,2024-07-23 06:37:00,4,
821,2220,2024-07-23 19:30:00,4,"Good work, a little pricey."
822,2197,2024-07-24 05:05:00,4,
823,2207,2024-07-24 05:19:00,3,"Okay experience, updates could be better."
824,2218,2024-07-24 12:47:00,5,
825,2234,2024-07-25 07:35:00,4,
826,2233,2024-07-25 17:42:00,4,
827,2212,2024-07-26 06:11:00,4,"Good work, a little pricey."
828,2200,2024-07-26 12:09:00,4,"Good work, a little pricey."
829,2217,2024-07-26 14:08:00,5,Great service and a fair price.
830,2255,2024-07-27 14:25:00,3,
831,2228,2024-07-27 21:56:00,3,"Okay experience, updates could be better."
832,2229,2024-07-28 02:08:00,4,
833,2246,2024-07-28 11:33:00,5,Car was ready early - will be back.
834,2265,2024-07-28 13:27:00,5,
835,2241,2024-07-28 18:01:00,3,
836,2245,2024-07-28 21:42:00,5,Honest shop. Didn't try to upsell me.
837,2274,2024-07-29 07:14:00,4,
838,2293,2024-07-30 12:35:00,4,
839,2266,2024-07-30 15:40:00,4,Solid service overall.
840,2301,2024-07-30 19:58:00,5,
841,2279,2024-07-30 21:28:00,4,"Friendly staff, quick turnaround."
842,2286,2024-07-31 06:27:00,5,
843,2278,2024-07-31 10:56:00,5,
844,2297,2024-07-31 18:30:00,5,Best shop I've used in Vegas.
845,2295,2024-08-01 11:47:00,4,
846,2317,2024-08-01 20:48:00,5,
847,2299,2024-08-01 21:19:00,5,
848,2327,2024-08-01 22:32:00,5,
849,2290,2024-08-02 07:43:00,4,
850,2326,2024-08-02 10:08:00,5,Best shop I've used in Vegas.
851,2341,2024-08-02 16:25:00,4,"Friendly staff, quick turnaround."
852,2329,2024-08-03 03:54:00,5,Best shop I've used in Vegas.
853,2314,2024-08-03 10:02:00,4,
854,2308,2024-08-03 10:05:00,3,Took longer than promised.
855,2276,2024-08-03 12:34:00,4,
856,2318,2024-08-03 19:19:00,4,
857,2271,2024-08-04 02:01:00,1,
858,2322,2024-08-04 06:29:00,4,
859,2320,2024-08-04 11:03:00,5,Best shop I've used in Vegas.
860,2351,2024-08-04 15:57:00,4,Happy with the repair.
861,2349,2024-08-04 20:50:00,4,Solid service overall.
862,2361,2024-08-04 21:37:00,4,Solid service overall.
863,2356,2024-08-05 08:54:00,5,
864,2371,2024-08-06 22:31:00,2,Same problem came back a week later.
865,2392,2024-08-06 22:34:00,4,
866,2362,2024-08-07 03:35:00,5,Honest shop. Didn't try to upsell me.
867,2359,2024-08-07 08:44:00,4,"Good work, a little pricey."
868,2380,2024-08-07 13:10:00,5,Best shop I've used in Vegas.
869,2348,2024-08-07 20:54:00,5,Car was ready early - will be back.
870,2399,2024-08-07 23:17:00,4,
871,2379,2024-08-08 05:43:00,4,"Friendly staff, quick turnaround."
872,2388,2024-08-08 06:20:00,5,
873,2382,2024-08-08 13:12:00,3,
874,2374,2024-08-08 17:40:00,2,
875,2401,2024-08-08 17:49:00,5,
876,2366,2024-08-08 19:57:00,4,"Friendly staff, quick turnaround."
877,2383,2024-08-09 00:50:00,5,
878,2375,2024-08-10 01:34:00,5,Great service and a fair price.
879,2432,2024-08-10 02:51:00,5,
880,2428,2024-08-10 14:14:00,5,
881,2404,2024-08-11 11:11:00,3,
882,2384,2024-08-11 11:38:00,3,They had to order the part - took forever.
883,2405,2024-08-11 23:33:00,3,
884,2441,2024-08-12 06:28:00,4,
885,2358,2024-08-12 09:49:00,1,Same problem came back a week later.
886,2433,2024-08-12 17:24:00,5,Car was ready early - will be back.
887,2443,2024-08-12 17:54:00,4,"Friendly staff, quick turnaround."
888,2454,2024-08-12 21:40:00,2,
889,2445,2024-08-13 02:14:00,5,
890,2376,2024-08-13 11:06:00,2,Parts delay turned a one-day job into a week.
891,2475,2024-08-14 12:10:00,5,Car was ready early - will be back.
892,2446,2024-08-14 19:39:00,5,
893,2474,2024-08-15 06:21:00,5,Honest shop. Didn't try to upsell me.
894,2470,2024-08-15 07:21:00,4,
895,2466,2024-08-15 11:47:00,5,Great service and a fair price.
896,2458,2024-08-15 17:06:00,3,
897,2455,2024-08-16 05:15:00,3,Repair was fine but the wait was long.
898,2442,2024-08-16 09:51:00,5,
899,2465,2024-08-16 12:45:00,3,
900,2488,2024-08-16 17:50:00,3,
901,2512,2024-08-16 17:53:00,5,
902,2492,2024-08-16 22:18:00,2,Same problem came back a week later.
903,2481,2024-08-17 00:43:00,5,
904,2464,2024-08-17 00:50:00,4,
905,2462,2024-08-17 01:40:00,4,
906,2471,2024-08-17 02:22:00,4,
907,2502,2024-08-17 10:18:00,4,"Friendly staff, quick turnaround."
908,2508,2024-08-17 18:37:00,5,Great service and a fair price.
909,2514,2024-08-18 00:30:00,4,
910,2494,2024-08-18 15:47:00,5,Great service and a fair price.
911,2509,2024-08-18 21:10:00,4,Happy with the repair.
912,2491,2024-08-19 06:10:00,5,Great service and a fair price.
913,2515,2024-08-19 11:27:00,4,
914,2518,2024-08-19 11:34:00,4,Happy with the repair.
915,2500,2024-08-19 12:05:00,5,
916,2528,2024-08-19 13:50:00,4,
917,2469,2024-08-19 22:17:00,2,Waited days for a part to come in.
918,2542,2024-08-19 23:00:00,3,"Okay experience, updates could be better."
919,2544,2024-08-20 02:50:00,5,Honest shop. Didn't try to upsell me.
920,2525,2024-08-20 07:23:00,5,
921,2537,2024-08-20 11:42:00,4,Solid service overall.
922,2526,2024-08-20 11:57:00,5,
923,2551,2024-08-20 16:59:00,3,Had to bring it back - it wasn't fixed right the first time.
924,2552,2024-08-21 01:43:00,4,"Good work, a little pricey."
925,2534,2024-08-21 10:14:00,4,"Friendly staff, quick turnaround."
926,2530,2024-08-21 20:18:00,4,Solid service overall.
927,2560,2024-08-21 20:33:00,4,
928,2527,2024-08-22 08:36:00,5,
929,2557,2024-08-22 21:02:00,4,Happy with the repair.
930,2548,2024-08-22 23:09:00,4,Happy with the repair.
931,2573,2024-08-23 04:38:00,4,
932,2564,2024-08-23 07:28:00,5,
933,2562,2024-08-23 11:27:00,4,Solid service overall.
934,2540,2024-08-24 03:30:00,5,
935,2558,2024-08-24 08:32:00,5,Honest shop. Didn't try to upsell me.
936,2589,2024-08-24 09:22:00,4,"Good work, a little pricey."
937,2585,2024-08-25 03:49:00,4,
938,2586,2024-08-25 21:24:00,5,Honest shop. Didn't try to upsell me.
939,2601,2024-08-26 09:53:00,4,Happy with the repair.
940,2604,2024-08-26 17:46:00,4,"Friendly staff, quick turnaround."
941,2618,2024-08-27 05:54:00,3,Same problem came back a week later.
942,2628,2024-08-27 13:55:00,4,
943,2630,2024-08-27 16:42:00,4,Happy with the repair.
944,2602,2024-08-27 23:09:00,5,
945,2624,2024-08-28 02:51:00,4,Solid service overall.
946,2608,2024-08-28 03:24:00,4,
947,2609,2024-08-28 05:17:00,4,
948,2605,2024-08-28 12:18:00,5,
949,2631,2024-08-28 17:55:00,5,
950,2615,2024-08-29 08:32:00,5,
951,2639,2024-08-29 17:10:00,4,"Friendly staff, quick turnaround."
952,2613,2024-08-29 21:51:00,5,
953,2656,2024-08-29 23:35:00,3,Repair was fine but the wait was long.
954,2648,2024-08-30 00:14:00,5,
955,2657,2024-08-30 03:02:00,5,
956,2646,2024-08-30 09:44:00,5,Car was ready early - will be back.
957,2635,2024-08-30 11:39:00,4,
958,2659,2024-08-30 13:42:00,5,
959,2649,2024-08-30 23:57:00,5,Great service and a fair price.
960,2676,2024-08-31 04:11:00,5,
961,2685,2024-08-31 05:00:00,4,Happy with the repair.
962,2669,2024-08-31 22:59:00,3,
963,2644,2024-09-01 00:54:00,3,Repair was fine but the wait was long.
964,2652,2024-09-01 03:05:00,5,
965,2661,2024-09-01 06:52:00,4,
966,2651,2024-09-01 15:02:00,5,
967,2665,2024-09-01 16:59:00,4,
968,2603,2024-09-01 23:22:00,2,
969,2666,2024-09-02 08:05:00,5,
970,2680,2024-09-03 04:59:00,5,
971,2675,2024-09-03 06:07:00,5,
972,2695,2024-09-03 17:13:00,5,Honest shop. Didn't try to upsell me.
973,2719,2024-09-04 02:02:00,5,Best shop I've used in Vegas.
974,2710,2024-09-04 03:40:00,5,Honest shop. Didn't try to upsell me.
975,2703,2024-09-04 07:39:00,5,Honest shop. Didn't try to upsell me.
976,2715,2024-09-04 18:28:00,4,"Friendly staff, quick turnaround."
977,2702,2024-09-04 22:34:00,4,Solid service overall.
978,2701,2024-09-05 00:11:00,4,
979,2725,2024-09-05 03:10:00,4,
980,2692,2024-09-05 10:06:00,5,
981,2713,2024-09-05 17:05:00,3,
982,2699,2024-09-05 19:53:00,3,
983,2732,2024-09-06 00:51:00,4,
984,2706,2024-09-06 09:57:00,5,
985,2743,2024-09-06 21:24:00,4,"Good work, a little pricey."
986,2722,2024-09-07 03:18:00,4,Happy with the repair.
987,2717,2024-09-07 06:49:00,5,
988,2759,2024-09-07 09:09:00,5,
989,2755,2024-09-08 04:44:00,5,"Fast, friendly, and explained everything."
990,2766,2024-09-08 11:20:00,5,
991,2756,2024-09-08 13:36:00,4,"Friendly staff, quick turnaround."
992,2742,2024-09-08 14:54:00,5,
993,2738,2024-09-08 22:53:00,4,
994,2747,2024-09-08 23:03:00,4,Happy with the repair.
995,2744,2024-09-09 07:20:00,4,
996,2762,2024-09-09 10:10:00,4,
997,2757,2024-09-09 13:49:00,5,
998,2763,2024-09-10 14:45:00,5,
999,2779,2024-09-11 00:01:00,3,
1000,2767,2024-09-11 03:23:00,4,
1001,2778,2024-09-11 04:16:00,4,Happy with the repair.
1002,2787,2024-09-11 17:17:00,5,
1003,2790,2024-09-11 18:21:00,4,
1004,2765,2024-09-11 20:48:00,3,
1005,2775,2024-09-12 09:31:00,5,
1006,2782,2024-09-13 02:39:00,5,
1007,2816,2024-09-13 03:28:00,4,Happy with the repair.
1008,2805,2024-09-13 04:28:00,5,
1009,2791,2024-09-13 10:07:00,5,"Fast, friendly, and explained everything."
1010,2796,2024-09-13 23:01:00,5,
1011,2808,2024-09-14 05:18:00,5,
1012,2811,2024-09-15 03:57:00,4,
1013,2830,2024-09-15 08:15:00,5,"Fast, friendly, and explained everything."
1014,2827,2024-09-16 02:17:00,4,Happy with the repair.
1015,2822,2024-09-16 02:45:00,4,
1016,2809,2024-09-16 05:09:00,3,
1017,2839,2024-09-16 23:27:00,4,"Good work, a little pricey."
1018,2843,2024-09-17 06:10:00,4,Happy with the repair.
1019,2834,2024-09-17 12:00:00,5,
1020,2854,2024-09-18 00:04:00,4,
1021,2859,2024-09-18 02:21:00,4,
1022,2862,2024-09-18 02:45:00,5,
1023,2850,2024-09-18 06:07:00,4,Happy with the repair.
1024,2864,2024-09-18 15:51:00,3,
1025,2849,2024-09-18 15:56:00,5,
1026,2838,2024-09-18 16:21:00,5,
1027,2868,2024-09-18 18:34:00,4,
1028,2888,2024-09-19 21:29:00,2,
1029,2837,2024-09-20 07:23:00,5,Honest shop. Didn't try to upsell me.
1030,2889,2024-09-20 21:08:00,4,
1031,2882,2024-09-21 09:53:00,5,Great service and a fair price.
1032,2869,2024-09-21 15:56:00,4,
1033,2897,2024-09-21 18:17:00,5,Honest shop. Didn't try to upsell me.
1034,2861,2024-09-22 04:09:00,4,
1035,2894,2024-09-22 08:06:00,5,Honest shop. Didn't try to upsell me.
1036,2832,2024-09-23 04:32:00,2,Parts delay turned a one-day job into a week.
1037,2891,2024-09-23 09:21:00,3,
1038,2912,2024-09-23 20:55:00,5,Car was ready early - will be back.
1039,2907,2024-09-24 04:20:00,4,
1040,2924,2024-09-25 03:33:00,3,Took longer than promised.
1041,2933,2024-09-25 08:07:00,5,
1042,2911,2024-09-25 19:27:00,5,"Fast, friendly, and explained everything."
1043,2909,2024-09-26 10:45:00,5,Car was ready early - will be back.
1044,2910,2024-09-26 10:56:00,5,
1045,2905,2024-09-26 15:14:00,4,Solid service overall.
1046,2935,2024-09-26 15:55:00,4,"Friendly staff, quick turnaround."
1047,2928,2024-09-27 05:14:00,5,Car was ready early - will be back.
1048,2944,2024-09-27 05:20:00,5,
1049,2892,2024-09-27 09:52:00,2,Parts delay turned a one-day job into a week.
1050,2925,2024-09-27 16:39:00,4,"Good work, a little pricey."
1051,2972,2024-09-27 17:42:00,5,
1052,2953,2024-09-27 21:06:00,5,
1053,2936,2024-09-28 01:12:00,5,Great service and a fair price.
1054,2939,2024-09-28 04:22:00,3,
1055,2940,2024-09-28 09:29:00,5,Best shop I've used in Vegas.
1056,2943,2024-09-28 17:27:00,4,
1057,2945,2024-09-28 20:02:00,4,"Good work, a little pricey."
1058,2898,2024-09-29 13:12:00,3,
1059,2978,2024-09-29 23:41:00,5,Best shop I've used in Vegas.
1060,2973,2024-09-30 03:57:00,4,"Good work, a little pricey."
1061,2987,2024-09-30 19:05:00,4,
1062,2992,2024-09-30 19:55:00,4,
1063,2986,2024-09-30 20:16:00,4,
1064,2984,2024-10-01 19:17:00,5,
1065,2980,2024-10-02 01:23:00,5,"Fast, friendly, and explained everything."
1066,2995,2024-10-02 05:23:00,4,Happy with the repair.
1067,2990,2024-10-02 23:31:00,5,Honest shop. Didn't try to upsell me.
1068,3002,2024-10-03 01:45:00,4,
1069,2985,2024-10-03 07:34:00,4,
1070,2981,2024-10-03 13:20:00,4,
1071,2988,2024-10-03 22:23:00,3,
1072,3014,2024-10-03 23:55:00,5,Honest shop. Didn't try to upsell me.
1073,3018,2024-10-04 00:24:00,4,
1074,3008,2024-10-04 02:22:00,4,
1075,3021,2024-10-04 03:28:00,5,"Fast, friendly, and explained everything."
1076,2998,2024-10-04 09:39:00,5,
1077,3027,2024-10-04 16:31:00,5,Car was ready early - will be back.
1078,3005,2024-10-04 23:51:00,4,
1079,2999,2024-10-05 06:07:00,3,Took longer than promised.
1080,3035,2024-10-05 15:54:00,5,
1081,3017,2024-10-05 19:27:00,3,Repair was fine but the wait was long.
1082,3020,2024-10-05 21:58:00,3,"Okay experience, updates could be better."
1083,3013,2024-10-06 12:40:00,3,
1084,3019,2024-10-06 16:02:00,4,Solid service overall.
1085,3030,2024-10-06 19:25:00,5,"Fast, friendly, and explained everything."
1086,3029,2024-10-07 03:29:00,5,
1087,3010,2024-10-07 07:57:00,3,
1088,3058,2024-10-07 23:49:00,5,
1089,3041,2024-10-08 16:05:00,5,
1090,3037,2024-10-08 16:42:00,5,
1091,3064,2024-10-08 19:15:00,4,
1092,3055,2024-10-09 06:37:00,4,Solid service overall.
1093,3062,2024-10-09 21:58:00,5,
1094,3056,2024-10-09 22:34:00,5,
1095,3091,2024-10-10 00:31:00,4,Solid service overall.
1096,3047,2024-10-10 01:29:00,4,
1097,3080,2024-10-10 04:30:00,5,Honest shop. Didn't try to upsell me.
1098,3084,2024-10-10 06:21:00,5,
1099,3051,2024-10-10 12:54:00,5,
1100,3049,2024-10-10 13:27:00,5,
1101,3057,2024-10-11 06:02:00,5,Best shop I've used in Vegas.
1102,3105,2024-10-12 11:11:00,4,
1103,3070,2024-10-12 11:43:00,5,Great service and a fair price.
1104,3078,2024-10-12 16:19:00,5,
1105,3088,2024-10-12 19:56:00,4,
1106,3031,2024-10-12 21:40:00,3,
1107,3090,2024-10-13 01:56:00,4,Happy with the repair.
1108,3097,2024-10-13 02:59:00,3,
1109,3076,2024-10-13 03:58:00,5,Great service and a fair price.
1110,3117,2024-10-13 04:46:00,4,
1111,3083,2024-10-13 07:18:00,4,
1112,3074,2024-10-13 11:41:00,3,Waited days for a part to come in.
1113,3121,2024-10-14 01:28:00,4,"Friendly staff, quick turnaround."
1114,3094,2024-10-14 03:06:00,5,Great service and a fair price.
1115,3111,2024-10-14 18:47:00,3,
1116,3122,2024-10-14 20:38:00,4,
1117,3096,2024-10-14 23:31:00,4,
1118,3103,2024-10-15 02:26:00,5,
1119,3126,2024-10-15 02:34:00,3,
1120,3108,2024-10-15 04:57:00,4,
1121,3129,2024-10-15 09:32:00,5,
1122,3133,2024-10-15 19:44:00,4,
1123,3127,2024-10-16 21:16:00,5,
1124,3155,2024-10-17 04:57:00,5,Best shop I've used in Vegas.
1125,3158,2024-10-18 00:35:00,4,
1126,3163,2024-10-18 04:51:00,3,"Okay experience, updates could be better."
1127,3143,2024-10-18 08:05:00,5,Car was ready early - will be back.
1128,3153,2024-10-18 21:44:00,5,
1129,3191,2024-10-18 22:09:00,5,"Fast, friendly, and explained everything."
1130,3156,2024-10-19 04:32:00,5,Best shop I've used in Vegas.
1131,3168,2024-10-19 10:43:00,3,Took longer than promised.
1132,3175,2024-10-19 11:21:00,4,Solid service overall.
1133,3203,2024-10-20 20:38:00,4,Solid service overall.
1134,3194,2024-10-20 22:01:00,3,
1135,3199,2024-10-21 03:03:00,5,Honest shop. Didn't try to upsell me.
1136,3186,2024-10-21 03:49:00,3,
1137,3188,2024-10-21 16:42:00,4,"Friendly staff, quick turnaround."
1138,3209,2024-10-21 17:00:00,5,Car was ready early - will be back.
1139,3212,2024-10-22 18:25:00,4,"Friendly staff, quick turnaround."
1140,3215,2024-10-22 20:44:00,4,
1141,3234,2024-10-23 01:31:00,5,Great service and a fair price.
1142,3201,2024-10-23 02:34:00,5,Car was ready early - will be back.
1143,3223,2024-10-23 20:18:00,5,Best shop I've used in Vegas.
1144,3242,2024-10-23 20:35:00,5,
1145,3227,2024-10-24 00:30:00,3,
1146,3222,2024-10-24 02:46:00,4,Solid service overall.
1147,3221,2024-10-24 06:00:00,5,
1148,3241,2024-10-24 08:23:00,5,"Fast, friendly, and explained everything."
1149,3249,2024-10-25 02:15:00,4,
1150,3262,2024-10-25 04:03:00,5,Great service and a fair price.
1151,3257,2024-10-25 08:33:00,4,
1152,3261,2024-10-25 10:18:00,4,
1153,3231,2024-10-25 23:50:00,4,"Friendly staff, quick turnaround."
1154,3240,2024-10-26 06:09:00,5,
1155,3260,2024-10-27 08:16:00,5,Car was ready early - will be back.
1156,3245,2024-10-27 08:51:00,5,
1157,3267,2024-10-27 20:51:00,5,"Fast, friendly, and explained everything."
1158,3289,2024-10-27 23:51:00,5,
1159,3259,2024-10-28 04:21:00,5,Best shop I've used in Vegas.
1160,3236,2024-10-28 08:47:00,2,
1161,3285,2024-10-28 13:00:00,5,
1162,3275,2024-10-28 21:34:00,4,
1163,3276,2024-10-29 04:55:00,3,Repair was fine but the wait was long.
1164,3244,2024-10-29 07:37:00,3,
1165,3235,2024-10-29 08:52:00,3,
1166,3281,2024-10-29 16:15:00,4,"Friendly staff, quick turnaround."
1167,3307,2024-10-30 03:43:00,5,
1168,3300,2024-10-30 13:15:00,4,"Friendly staff, quick turnaround."
1169,3325,2024-10-30 15:50:00,5,
1170,3305,2024-10-30 16:07:00,4,"Good work, a little pricey."
1171,3297,2024-10-30 22:57:00,5,Best shop I've used in Vegas.
1172,3304,2024-10-31 05:19:00,4,
1173,3294,2024-10-31 06:58:00,4,"Friendly staff, quick turnaround."
1174,3328,2024-10-31 12:32:00,4,Happy with the repair.
1175,3314,2024-10-31 12:57:00,4,"Friendly staff, quick turnaround."
1176,3327,2024-10-31 13:02:00,5,Best shop I've used in Vegas.
1177,3309,2024-10-31 18:41:00,4,Solid service overall.
1178,3322,2024-11-01 04:55:00,5,Best shop I've used in Vegas.
1179,3332,2024-11-01 07:54:00,5,
1180,3333,2024-11-01 21:57:00,4,
1181,3337,2024-11-01 22:19:00,5,
1182,3340,2024-11-01 22:29:00,5,
1183,3312,2024-11-01 23:41:00,3,Repair was fine but the wait was long.
1184,3319,2024-11-02 03:23:00,3,
1185,3313,2024-11-02 05:59:00,4,
1186,3329,2024-11-02 21:18:00,4,"Friendly staff, quick turnaround."
1187,3320,2024-11-03 02:59:00,4,"Good work, a little pricey."
1188,3365,2024-11-03 18:25:00,5,
1189,3363,2024-11-03 20:16:00,5,Great service and a fair price.
1190,3358,2024-11-04 12:46:00,5,
1191,3356,2024-11-04 13:54:00,5,
1192,3349,2024-11-04 16:43:00,4,Solid service overall.
1193,3357,2024-11-05 00:30:00,4,"Good work, a little pricey."
1194,3369,2024-11-05 01:24:00,5,
1195,3359,2024-11-05 01:26:00,5,Best shop I've used in Vegas.
1196,3364,2024-11-05 15:11:00,5,
1197,3367,2024-11-06 07:01:00,3,Took longer than promised.
1198,3374,2024-11-06 09:56:00,4,
1199,3351,2024-11-06 17:33:00,5,
1200,3373,2024-11-07 00:52:00,4,Solid service overall.
1201,3378,2024-11-08 06:54:00,3,"Okay experience, updates could be better."
1202,3381,2024-11-08 12:58:00,5,
1203,3399,2024-11-08 14:32:00,3,
1204,3383,2024-11-08 18:32:00,4,
1205,3389,2024-11-08 21:33:00,4,"Good work, a little pricey."
1206,3416,2024-11-09 00:04:00,4,
1207,3390,2024-11-09 19:24:00,4,
1208,3413,2024-11-10 00:04:00,5,
1209,3409,2024-11-10 12:05:00,5,
1210,3412,2024-11-10 14:31:00,5,"Fast, friendly, and explained everything."
1211,3429,2024-11-10 15:01:00,3,Took longer than promised.
1212,3403,2024-11-10 16:20:00,5,Best shop I've used in Vegas.
1213,3422,2024-11-10 18:55:00,4,"Good work, a little pricey."
1214,3398,2024-11-10 20:11:00,4,
1215,3426,2024-11-11 15:29:00,2,Had to follow up several times for an update.
1216,3427,2024-11-11 16:07:00,5,"Fast, friendly, and explained everything."
1217,3433,2024-11-11 16:31:00,4,"Good work, a little pricey."
1218,3435,2024-11-11 17:54:00,5,
1219,3411,2024-11-11 18:14:00,4,
1220,3428,2024-11-11 19:18:00,5,
1221,3424,2024-11-12 16:58:00,5,Best shop I've used in Vegas.
1222,3447,2024-11-12 19:12:00,4,Happy with the repair.
1223,3452,2024-11-12 20:14:00,5,
1224,3419,2024-11-13 07:04:00,5,Honest shop. Didn't try to upsell me.
1225,3431,2024-11-13 09:42:00,5,Great service and a fair price.
1226,3449,2024-11-13 18:55:00,5,Great service and a fair price.
1227,3448,2024-11-13 21:56:00,5,Great service and a fair price.
1228,3463,2024-11-14 15:56:00,5,Best shop I've used in Vegas.
1229,3479,2024-11-14 16:03:00,4,
1230,3467,2024-11-14 19:11:00,3,
1231,3488,2024-11-15 17:53:00,5,Best shop I've used in Vegas.
1232,3470,2024-11-15 21:39:00,4,
1233,3475,2024-11-16 05:50:00,4,Solid service overall.
1234,3456,2024-11-16 12:13:00,3,Repair was fine but the wait was long.
1235,3503,2024-11-17 11:24:00,3,
1236,3484,2024-11-18 03:15:00,5,Car was ready early - will be back.
1237,3493,2024-11-18 09:52:00,4,Happy with the repair.
1238,3500,2024-11-18 12:13:00,4,
1239,3505,2024-11-19 00:14:00,4,
1240,3482,2024-11-19 03:13:00,3,"Okay experience, updates could be better."
1241,3490,2024-11-19 04:23:00,5,Best shop I've used in Vegas.
1242,3506,2024-11-19 09:53:00,5,
1243,3523,2024-11-19 17:43:00,5,
1244,3499,2024-11-19 20:58:00,5,"Fast, friendly, and explained everything."
1245,3510,2024-11-19 21:51:00,5,Great service and a fair price.
1246,3513,2024-11-20 00:05:00,5,
1247,3532,2024-11-20 13:05:00,4,
1248,3524,2024-11-21 08:45:00,4,
1249,3502,2024-11-21 10:35:00,3,Parts delay turned a one-day job into a week.
1250,3504,2024-11-21 17:38:00,5,
1251,3547,2024-11-22 00:58:00,3,Took longer than promised.
1252,3543,2024-11-22 07:21:00,5,Great service and a fair price.
1253,3494,2024-11-22 12:31:00,2,
1254,3557,2024-11-22 17:13:00,3,
1255,3519,2024-11-23 03:49:00,3,
1256,3526,2024-11-23 10:09:00,5,
1257,3540,2024-11-23 16:08:00,5,"Fast, friendly, and explained everything."
1258,3549,2024-11-24 09:38:00,4,Happy with the repair.
1259,3571,2024-11-25 02:28:00,4,Solid service overall.
1260,3545,2024-11-25 04:24:00,5,Best shop I've used in Vegas.
1261,3548,2024-11-26 10:32:00,4,
1262,3570,2024-11-26 14:34:00,5,
1263,3598,2024-11-26 18:38:00,4,Solid service overall.
1264,3580,2024-11-27 06:46:00,2,Had to bring it back - it wasn't fixed right the first time.
1265,3579,2024-11-27 13:37:00,4,Happy with the repair.
1266,3601,2024-11-28 00:45:00,3,
1267,3613,2024-11-28 01:51:00,5,
1268,3569,2024-11-28 09:38:00,4,Solid service overall.
1269,3600,2024-11-28 15:10:00,5,
1270,3607,2024-11-28 22:08:00,5,Great service and a fair price.
1271,3592,2024-11-28 22:18:00,4,Solid service overall.
1272,3581,2024-11-28 22:31:00,5,Honest shop. Didn't try to upsell me.
1273,3599,2024-11-29 02:45:00,5,Great service and a fair price.
1274,3582,2024-11-29 08:53:00,5,
1275,3610,2024-11-29 11:47:00,4,
1276,3606,2024-11-29 17:07:00,4,"Good work, a little pricey."
1277,3605,2024-11-29 18:37:00,4,
1278,3609,2024-11-30 00:47:00,5,
1279,3590,2024-11-30 09:03:00,3,
1280,3621,2024-11-30 12:03:00,3,
1281,3614,2024-11-30 18:12:00,4,
1282,3618,2024-12-01 09:45:00,5,Best shop I've used in Vegas.
1283,3622,2024-12-01 14:20:00,5,
1284,3633,2024-12-01 19:10:00,5,Car was ready early - will be back.
1285,3616,2024-12-01 20:16:00,1,
1286,3624,2024-12-02 11:52:00,4,
1287,3628,2024-12-02 18:50:00,4,
1288,3623,2024-12-02 20:20:00,1,Had to bring it back - it wasn't fixed right the first time.
1289,3619,2024-12-03 03:02:00,5,
1290,3647,2024-12-03 07:06:00,3,
1291,3596,2024-12-03 12:26:00,4,Solid service overall.
1292,3642,2024-12-03 14:01:00,5,
1293,3611,2024-12-04 00:11:00,3,Parts delay turned a one-day job into a week.
1294,3650,2024-12-04 10:06:00,5,Best shop I've used in Vegas.
1295,3669,2024-12-05 07:34:00,4,"Friendly staff, quick turnaround."
1296,3670,2024-12-05 11:53:00,4,"Good work, a little pricey."
1297,3655,2024-12-05 23:56:00,4,"Friendly staff, quick turnaround."
1298,3678,2024-12-06 05:25:00,4,
1299,3664,2024-12-06 08:10:00,5,Honest shop. Didn't try to upsell me.
1300,3690,2024-12-06 10:26:00,4,"Good work, a little pricey."
1301,3665,2024-12-06 13:07:00,5,Best shop I've used in Vegas.
1302,3654,2024-12-07 02:16:00,4,
1303,3695,2024-12-07 13:30:00,5,Car was ready early - will be back.
1304,3661,2024-12-07 20:00:00,2,
1305,3694,2024-12-08 00:40:00,4,Solid service overall.
1306,3645,2024-12-08 00:40:00,5,Honest shop. Didn't try to upsell me.
1307,3686,2024-12-08 03:41:00,5,
1308,3692,2024-12-08 09:57:00,3,
1309,3701,2024-12-09 07:23:00,4,Happy with the repair.
1310,3683,2024-12-09 08:51:00,4,Happy with the repair.
1311,3691,2024-12-09 17:58:00,5,
1312,3704,2024-12-09 21:33:00,5,
1313,3717,2024-12-09 23:13:00,3,
1314,3703,2024-12-10 02:03:00,4,"Friendly staff, quick turnaround."
1315,3714,2024-12-10 07:39:00,5,Car was ready early - will be back.
1316,3719,2024-12-10 15:29:00,3,
1317,3715,2024-12-10 21:19:00,3,"Okay experience, updates could be better."
1318,3723,2024-12-11 03:18:00,5,
1319,3736,2024-12-11 17:33:00,4,"Friendly staff, quick turnaround."
1320,3722,2024-12-11 23:37:00,4,
1321,3751,2024-12-12 00:11:00,4,"Good work, a little pricey."
1322,3732,2024-12-12 00:58:00,5,
1323,3720,2024-12-12 03:09:00,5,
1324,3739,2024-12-12 04:09:00,5,
1325,3725,2024-12-12 22:34:00,3,
1326,3758,2024-12-13 02:12:00,4,
1327,3753,2024-12-13 02:13:00,5,
1328,3731,2024-12-13 04:04:00,5,
1329,3748,2024-12-13 08:22:00,4,
1330,3730,2024-12-13 16:01:00,3,
1331,3724,2024-12-13 23:14:00,3,Took longer than promised.
1332,3776,2024-12-14 01:47:00,4,
1333,3750,2024-12-14 02:00:00,5,Great service and a fair price.
1334,3778,2024-12-14 02:52:00,4,
1335,3743,2024-12-14 08:58:00,3,Had to bring it back - it wasn't fixed right the first time.
1336,3773,2024-12-14 11:40:00,4,Happy with the repair.
1337,3761,2024-12-14 15:37:00,4,Solid service overall.
1338,3760,2024-12-15 05:20:00,5,Great service and a fair price.
1339,3752,2024-12-15 09:00:00,4,Solid service overall.
1340,3762,2024-12-15 20:49:00,5,Honest shop. Didn't try to upsell me.
1341,3763,2024-12-15 20:49:00,4,
1342,3770,2024-12-16 04:04:00,4,Happy with the repair.
1343,3771,2024-12-16 13:20:00,5,Great service and a fair price.
1344,3782,2024-12-16 19:41:00,5,
1345,3775,2024-12-16 22:00:00,4,
1346,3785,2024-12-17 01:38:00,5,"Fast, friendly, and explained everything."
1347,3794,2024-12-17 12:30:00,5,Great service and a fair price.
1348,3797,2024-12-18 09:34:00,5,"Fast, friendly, and explained everything."
1349,3801,2024-12-18 16:51:00,3,"Okay experience, updates could be better."
1350,3806,2024-12-19 07:31:00,5,Honest shop. Didn't try to upsell me.
1351,3814,2024-12-19 12:02:00,4,
1352,3799,2024-12-19 12:18:00,4,"Friendly staff, quick turnaround."
1353,3811,2024-12-19 21:04:00,5,Car was ready early - will be back.
1354,3798,2024-12-20 03:01:00,5,
1355,3788,2024-12-20 03:07:00,4,
1356,3835,2024-12-20 23:10:00,4,
1357,3827,2024-12-21 04:08:00,4,Solid service overall.
1358,3831,2024-12-21 04:35:00,5,
1359,3832,2024-12-21 08:28:00,5,
1360,3821,2024-12-21 17:18:00,4,Solid service overall.
1361,3846,2024-12-21 17:25:00,4,"Good work, a little pricey."
1362,3828,2024-12-22 04:47:00,3,
1363,3829,2024-12-22 05:29:00,5,Car was ready early - will be back.
1364,3838,2024-12-23 05:56:00,4,"Friendly staff, quick turnaround."
1365,3834,2024-12-23 10:08:00,4,"Good work, a little pricey."
1366,3862,2024-12-23 23:27:00,4,"Good work, a little pricey."
1367,3866,2024-12-24 15:29:00,4,Solid service overall.
1368,3852,2024-12-24 21:20:00,5,
1369,3849,2024-12-24 21:36:00,4,"Good work, a little pricey."
1370,3867,2024-12-24 21:57:00,5,Car was ready early - will be back.
1371,3865,2024-12-25 03:09:00,3,
1372,3863,2024-12-25 09:09:00,4,
1373,3860,2024-12-26 06:34:00,5,Honest shop. Didn't try to upsell me.
1374,3891,2024-12-27 00:39:00,4,
1375,3873,2024-12-28 00:27:00,4,
1376,3892,2024-12-28 23:08:00,4,
1377,3901,2024-12-29 06:48:00,5,
1378,3885,2024-12-29 12:40:00,5,Great service and a fair price.
1379,3869,2024-12-29 20:12:00,4,
1380,3883,2024-12-29 20:20:00,3,
1381,3879,2024-12-29 20:59:00,5,Great service and a fair price.
1382,3902,2024-12-30 03:39:00,4,"Good work, a little pricey."
1383,3895,2024-12-30 06:00:00,5,
1384,3916,2024-12-30 14:35:00,4,"Good work, a little pricey."
1385,3914,2024-12-31 04:49:00,5,Car was ready early - will be back.
1386,3889,2024-12-31 12:17:00,4,
1387,3917,2024-12-31 20:32:00,5,
1388,3921,2025-01-01 10:24:00,5,
1389,3927,2025-01-02 01:43:00,4,
1390,3924,2025-01-02 12:28:00,5,
1391,3953,2025-01-03 22:29:00,5,
1392,3931,2025-01-04 04:32:00,4,Happy with the repair.
1393,3956,2025-01-04 16:07:00,5,Great service and a fair price.
1394,3942,2025-01-04 19:03:00,5,Best shop I've used in Vegas.
1395,3964,2025-01-04 19:31:00,5,Honest shop. Didn't try to upsell me.
1396,3951,2025-01-04 22:12:00,5,
1397,3947,2025-01-04 22:18:00,4,Solid service overall.
1398,3959,2025-01-05 23:16:00,5,
1399,3954,2025-01-06 03:28:00,5,Honest shop. Didn't try to upsell me.
1400,3966,2025-01-06 04:35:00,4,Solid service overall.
1401,3949,2025-01-06 12:31:00,4,Happy with the repair.
1402,3957,2025-01-06 15:54:00,4,Solid service overall.
1403,3974,2025-01-07 11:43:00,5,"Fast, friendly, and explained everything."
1404,3975,2025-01-08 02:22:00,5,Great service and a fair price.
1405,3995,2025-01-08 23:18:00,5,"Fast, friendly, and explained everything."
1406,4004,2025-01-09 18:36:00,5,Best shop I've used in Vegas.
1407,4000,2025-01-09 23:21:00,5,Honest shop. Didn't try to upsell me.
1408,3961,2025-01-09 23:25:00,1,
1409,3992,2025-01-10 00:10:00,4,"Good work, a little pricey."
1410,3979,2025-01-10 04:18:00,4,
1411,4017,2025-01-10 20:22:00,3,
1412,4016,2025-01-10 21:30:00,4,"Friendly staff, quick turnaround."
1413,3996,2025-01-11 16:19:00,2,
1414,4005,2025-01-11 18:14:00,4,
1415,4029,2025-01-11 23:48:00,5,Great service and a fair price.
1416,4027,2025-01-12 22:33:00,3,Repair was fine but the wait was long.
1417,4033,2025-01-12 23:22:00,4,
1418,4024,2025-01-13 10:07:00,5,
1419,4032,2025-01-14 01:56:00,4,"Good work, a little pricey."
1420,4051,2025-01-14 07:08:00,4,
1421,3973,2025-01-14 12:38:00,3,
1422,4053,2025-01-14 13:07:00,4,
1423,4062,2025-01-14 21:11:00,5,Honest shop. Didn't try to upsell me.
1424,4034,2025-01-15 02:18:00,3,
1425,4055,2025-01-15 10:16:00,4,
1426,4043,2025-01-15 13:41:00,5,
1427,4044,2025-01-15 13:59:00,5,Honest shop. Didn't try to upsell me.
1428,4073,2025-01-16 00:35:00,5,
1429,4048,2025-01-16 04:25:00,5,Car was ready early - will be back.
1430,4046,2025-01-16 11:06:00,4,
1431,4077,2025-01-16 17:37:00,4,"Friendly staff, quick turnaround."
1432,4067,2025-01-16 20:24:00,5,
1433,4064,2025-01-16 20:44:00,5,
1434,4038,2025-01-17 05:21:00,4,
1435,4054,2025-01-17 09:12:00,3,Took longer than promised.
1436,4081,2025-01-17 12:16:00,5,Honest shop. Didn't try to upsell me.
1437,4104,2025-01-18 01:40:00,4,"Good work, a little pricey."
1438,4071,2025-01-18 04:13:00,5,
1439,4083,2025-01-18 12:46:00,3,Same problem came back a week later.
1440,4076,2025-01-18 15:17:00,5,
1441,4084,2025-01-18 18:30:00,4,
1442,4108,2025-01-19 11:54:00,5,Honest shop. Didn't try to upsell me.
1443,4099,2025-01-19 20:02:00,5,
1444,4103,2025-01-19 21:20:00,3,
1445,4093,2025-01-20 09:30:00,5,Best shop I've used in Vegas.
1446,4097,2025-01-20 12:17:00,3,Took longer than promised.
1447,4120,2025-01-22 05:03:00,5,Honest shop. Didn't try to upsell me.
1448,4129,2025-01-22 10:48:00,3,Repair was fine but the wait was long.
1449,4065,2025-01-22 16:45:00,2,Parts delay turned a one-day job into a week.
1450,4143,2025-01-22 17:30:00,4,
1451,4121,2025-01-23 08:06:00,4,
1452,4139,2025-01-24 06:24:00,4,"Friendly staff, quick turnaround."
1453,4156,2025-01-24 11:06:00,5,
1454,4127,2025-01-24 11:35:00,5,
1455,4126,2025-01-24 11:38:00,4,Happy with the repair.
1456,4135,2025-01-24 13:23:00,4,"Good work, a little pricey."
1457,4148,2025-01-24 16:18:00,5,Great service and a fair price.
1458,4138,2025-01-25 05:00:00,3,"Okay experience, updates could be better."
1459,4130,2025-01-25 05:29:00,5,
1460,4155,2025-01-25 06:02:00,5,Honest shop. Didn't try to upsell me.
1461,4158,2025-01-25 06:21:00,2,
1462,4176,2025-01-26 01:22:00,4,
1463,4169,2025-01-26 04:03:00,4,"Friendly staff, quick turnaround."
1464,4162,2025-01-26 09:29:00,4,Solid service overall.
1465,4165,2025-01-26 22:03:00,2,
1466,4177,2025-01-27 00:05:00,5,Car was ready early - will be back.
1467,4166,2025-01-27 06:01:00,4,
1468,4161,2025-01-27 09:01:00,5,"Fast, friendly, and explained everything."
1469,4163,2025-01-27 13:53:00,5,
1470,4185,2025-01-28 02:14:00,4,
1471,4190,2025-01-28 14:20:00,3,Repair was fine but the wait was long.
1472,4187,2025-01-28 14:45:00,5,
1473,4123,2025-01-29 13:28:00,2,
1474,4186,2025-01-29 19:03:00,3,
1475,4218,2025-01-30 04:56:00,5,
1476,4197,2025-01-30 17:20:00,3,
1477,4200,2025-01-30 23:09:00,5,
1478,4205,2025-01-31 00:22:00,2,
1479,4199,2025-01-31 01:17:00,5,
1480,4196,2025-01-31 02:56:00,4,"Good work, a little pricey."
1481,4191,2025-01-31 10:21:00,2,Took way too long and nobody called me.
1482,4208,2025-01-31 13:25:00,5,Best shop I've used in Vegas.
1483,4220,2025-02-01 03:49:00,5,"Fast, friendly, and explained everything."
1484,4231,2025-02-01 05:43:00,4,
1485,4201,2025-02-01 06:42:00,5,
1486,4217,2025-02-01 08:24:00,4,
1487,4234,2025-02-02 00:55:00,5,
1488,4215,2025-02-02 12:22:00,2,Parts delay turned a one-day job into a week.
1489,4219,2025-02-02 16:40:00,4,"Friendly staff, quick turnaround."
1490,4250,2025-02-02 19:03:00,3,Took longer than promised.
1491,4229,2025-02-03 10:05:00,5,
1492,4236,2025-02-03 14:09:00,2,Had to bring it back - it wasn't fixed right the first time.
1493,4270,2025-02-03 23:08:00,5,"Fast, friendly, and explained everything."
1494,4257,2025-02-04 01:29:00,4,"Friendly staff, quick turnaround."
1495,4237,2025-02-04 09:46:00,3,"Okay experience, updates could be better."
1496,4259,2025-02-04 17:42:00,3,
1497,4254,2025-02-05 03:07:00,4,Happy with the repair.
1498,4281,2025-02-05 06:39:00,4,
1499,4287,2025-02-05 19:12:00,4,
1500,4265,2025-02-06 02:48:00,4,Happy with the repair.
1501,4266,2025-02-06 19:51:00,4,
1502,4283,2025-02-06 21:09:00,3,"Okay experience, updates could be better."
1503,4300,2025-02-07 03:34:00,5,
1504,4263,2025-02-07 09:05:00,5,Honest shop. Didn't try to upsell me.
1505,4286,2025-02-07 13:06:00,4,Solid service overall.
1506,4295,2025-02-08 05:52:00,5,
1507,4312,2025-02-08 13:59:00,4,"Friendly staff, quick turnaround."
1508,4307,2025-02-08 15:58:00,4,"Good work, a little pricey."
1509,4323,2025-02-09 15:55:00,5,Car was ready early - will be back.
1510,4304,2025-02-09 21:27:00,3,Took longer than promised.
1511,4299,2025-02-09 21:48:00,5,Best shop I've used in Vegas.
1512,4317,2025-02-10 00:12:00,5,Great service and a fair price.
1513,4255,2025-02-10 04:41:00,3,Parts delay turned a one-day job into a week.
1514,4302,2025-02-10 14:21:00,5,Best shop I've used in Vegas.
1515,4338,2025-02-10 22:23:00,5,Great service and a fair price.
1516,4337,2025-02-11 14:52:00,4,
1517,4336,2025-02-11 20:48:00,5,Honest shop. Didn't try to upsell me.
1518,4340,2025-02-12 08:15:00,5,
1519,4366,2025-02-13 20:22:00,5,
1520,4335,2025-02-14 00:43:00,4,
1521,4348,2025-02-14 02:01:00,4,"Friendly staff, quick turnaround."
1522,4370,2025-02-14 13:24:00,4,
1523,4355,2025-02-14 14:10:00,4,
1524,4368,2025-02-15 00:52:00,4,
1525,4345,2025-02-15 02:31:00,4,"Friendly staff, quick turnaround."
1526,4372,2025-02-15 02:52:00,4,Solid service overall.
1527,4352,2025-02-15 10:54:00,4,"Good work, a little pricey."
1528,4361,2025-02-15 23:48:00,5,
1529,4353,2025-02-16 04:40:00,5,Honest shop. Didn't try to upsell me.
1530,4383,2025-02-16 13:03:00,4,
1531,4378,2025-02-17 07:39:00,5,
1532,4379,2025-02-17 17:33:00,5,
1533,4389,2025-02-17 20:05:00,3,Repair was fine but the wait was long.
1534,4392,2025-02-17 22:23:00,4,
1535,4380,2025-02-18 02:20:00,4,Solid service overall.
1536,4398,2025-02-18 02:50:00,4,
1537,4386,2025-02-18 06:08:00,4,
1538,4376,2025-02-18 08:55:00,4,
1539,4415,2025-02-19 21:30:00,4,
1540,4412,2025-02-19 23:21:00,4,Happy with the repair.
1541,4430,2025-02-20 04:26:00,5,
1542,4421,2025-02-20 10:53:00,5,Honest shop. Didn't try to upsell me.
1543,4419,2025-02-20 23:20:00,4,"Friendly staff, quick turnaround."
1544,4405,2025-02-20 23:38:00,4,
1545,4413,2025-02-21 03:22:00,5,
1546,4428,2025-02-21 21:21:00,5,
1547,4446,2025-02-21 23:43:00,5,Best shop I've used in Vegas.
1548,4445,2025-02-22 04:03:00,5,Best shop I've used in Vegas.
1549,4431,2025-02-22 06:00:00,3,Repair was fine but the wait was long.
1550,4444,2025-02-23 03:56:00,4,
1551,4429,2025-02-23 05:52:00,5,"Fast, friendly, and explained everything."
1552,4455,2025-02-23 08:20:00,5,Best shop I've used in Vegas.
1553,4456,2025-02-23 14:33:00,4,"Good work, a little pricey."
1554,4427,2025-02-23 16:22:00,5,"Fast, friendly, and explained everything."
1555,4440,2025-02-23 16:45:00,4,"Good work, a little pricey."
1556,4448,2025-02-23 22:38:00,4,
1557,4436,2025-02-23 22:41:00,3,
1558,4435,2025-02-25 07:22:00,2,
1559,4459,2025-02-25 10:10:00,3,
1560,4472,2025-02-25 10:21:00,4,
1561,4463,2025-02-25 17:44:00,3,
1562,4481,2025-02-25 20:03:00,4,
1563,4478,2025-02-26 01:36:00,4,Solid service overall.
1564,4482,2025-02-26 22:22:00,4,
1565,4469,2025-02-27 08:14:00,3,
1566,4471,2025-02-27 11:14:00,5,Best shop I've used in Vegas.
1567,4498,2025-02-27 14:05:00,3,
1568,4473,2025-02-27 14:37:00,5,Honest shop. Didn't try to upsell me.
1569,4489,2025-02-28 13:27:00,4,"Friendly staff, quick turnaround."
1570,4494,2025-02-28 18:27:00,4,
1571,4476,2025-02-28 19:01:00,5,
1572,4480,2025-03-01 09:58:00,4,
1573,4505,2025-03-01 12:21:00,3,"Okay experience, updates could be better."
1574,4479,2025-03-01 21:38:00,5,Best shop I've used in Vegas.
1575,4521,2025-03-01 23:13:00,4,Happy with the repair.
1576,4510,2025-03-01 23:50:00,5,
1577,4466,2025-03-02 01:31:00,5,Honest shop. Didn't try to upsell me.
1578,4509,2025-03-02 12:04:00,4,
1579,4508,2025-03-02 19:34:00,5,
1580,4512,2025-03-03 20:24:00,4,
1581,4525,2025-03-04 08:50:00,4,"Friendly staff, quick turnaround."
1582,4523,2025-03-04 20:36:00,3,
1583,4537,2025-03-05 14:05:00,4,
1584,4546,2025-03-05 14:58:00,5,Honest shop. Didn't try to upsell me.
1585,4545,2025-03-05 17:57:00,5,Honest shop. Didn't try to upsell me.
1586,4538,2025-03-06 00:45:00,4,
1587,4541,2025-03-06 03:31:00,4,
1588,4529,2025-03-06 08:22:00,5,
1589,4544,2025-03-06 18:57:00,5,
1590,4530,2025-03-06 22:15:00,5,
1591,4532,2025-03-07 02:15:00,3,
1592,4547,2025-03-07 03:29:00,5,
1593,4566,2025-03-07 12:11:00,4,
1594,4562,2025-03-07 13:42:00,5,Great service and a fair price.
1595,4542,2025-03-07 16:10:00,4,
1596,4550,2025-03-07 16:40:00,5,
1597,4540,2025-03-07 22:41:00,4,Solid service overall.
1598,4576,2025-03-07 23:27:00,3,Repair was fine but the wait was long.
1599,4582,2025-03-08 01:12:00,3,
1600,4580,2025-03-08 13:28:00,3,Repair was fine but the wait was long.
1601,4555,2025-03-08 20:55:00,2,
1602,4552,2025-03-09 03:27:00,5,
1603,4551,2025-03-09 04:34:00,4,
1604,4589,2025-03-09 06:53:00,3,
1605,4588,2025-03-09 08:00:00,4,"Good work, a little pricey."
1606,4553,2025-03-09 11:58:00,3,
1607,4574,2025-03-10 12:36:00,4,"Friendly staff, quick turnaround."
1608,4559,2025-03-10 14:36:00,4,Solid service overall.
1609,4594,2025-03-11 10:03:00,5,Great service and a fair price.
1610,4575,2025-03-11 12:37:00,4,"Friendly staff, quick turnaround."
1611,4613,2025-03-11 22:37:00,5,
1612,4569,2025-03-12 10:35:00,1,Parts delay turned a one-day job into a week.
1613,4611,2025-03-13 00:29:00,5,Best shop I've used in Vegas.
1614,4619,2025-03-13 09:42:00,5,
1615,4621,2025-03-13 10:22:00,4,"Good work, a little pricey."
1616,4617,2025-03-13 14:57:00,3,
1617,4598,2025-03-13 15:10:00,4,
1618,4630,2025-03-14 03:06:00,5,
1619,4596,2025-03-14 11:21:00,4,
1620,4601,2025-03-14 20:16:00,5,
1621,4634,2025-03-14 22:41:00,3,
1622,4629,2025-03-15 22:45:00,5,
1623,4656,2025-03-16 07:56:00,4,"Good work, a little pricey."
1624,4655,2025-03-16 09:54:00,4,"Friendly staff, quick turnaround."
1625,4652,2025-03-16 10:16:00,4,
1626,4643,2025-03-16 19:03:00,5,Honest shop. Didn't try to upsell me.
1627,4641,2025-03-16 20:36:00,4,
1628,4631,2025-03-16 21:32:00,5,
1629,4648,2025-03-17 14:44:00,5,
1630,4644,2025-03-18 09:27:00,4,
1631,4678,2025-03-18 22:36:00,4,Solid service overall.
1632,4657,2025-03-19 06:49:00,1,
1633,4692,2025-03-20 04:50:00,5,
1634,4670,2025-03-20 09:27:00,4,"Good work, a little pricey."
1635,4679,2025-03-20 17:16:00,3,
1636,4688,2025-03-20 19:09:00,5,Best shop I've used in Vegas.
1637,4699,2025-03-21 03:33:00,5,
1638,4668,2025-03-21 04:57:00,3,Took longer than promised.
1639,4667,2025-03-21 07:34:00,2,
1640,4707,2025-03-21 09:50:00,4,"Friendly staff, quick turnaround."
1641,4675,2025-03-21 13:04:00,3,
1642,4694,2025-03-21 20:37:00,5,
1643,4695,2025-03-22 00:24:00,5,Great service and a fair price.
1644,4683,2025-03-22 07:08:00,4,
1645,4696,2025-03-22 08:09:00,5,
1646,4712,2025-03-22 09:14:00,4,
1647,4697,2025-03-22 13:30:00,5,
1648,4706,2025-03-22 17:11:00,4,
1649,4727,2025-03-22 17:19:00,5,"Fast, friendly, and explained everything."
1650,4686,2025-03-23 08:56:00,4,
1651,4717,2025-03-24 02:16:00,4,
1652,4725,2025-03-24 06:35:00,5,
1653,4703,2025-03-24 08:27:00,4,"Good work, a little pricey."
1654,4713,2025-03-24 13:20:00,5,Best shop I've used in Vegas.
1655,4726,2025-03-24 21:05:00,4,Solid service overall.
1656,4723,2025-03-24 23:57:00,4,
1657,4730,2025-03-25 05:35:00,3,Repair was fine but the wait was long.
1658,4661,2025-03-25 06:26:00,3,Waited days for a part to come in.
1659,4714,2025-03-25 10:50:00,5,
1660,4736,2025-03-25 14:54:00,4,
1661,4731,2025-03-26 05:41:00,4,"Friendly staff, quick turnaround."
1662,4701,2025-03-26 06:07:00,4,
1663,4752,2025-03-26 07:40:00,4,
1664,4741,2025-03-26 09:41:00,3,
1665,4751,2025-03-26 18:03:00,5,
1666,4776,2025-03-27 01:05:00,5,"Fast, friendly, and explained everything."
1667,4753,2025-03-27 01:19:00,5,Great service and a fair price.
1668,4748,2025-03-27 20:03:00,5,
1669,4781,2025-03-27 20:31:00,4,
1670,4742,2025-03-27 21:23:00,5,Best shop I've used in Vegas.
1671,4762,2025-03-27 23:54:00,4,
1672,4715,2025-03-28 01:26:00,2,Waited days for a part to come in.
1673,4784,2025-03-28 03:25:00,3,
1674,4754,2025-03-28 03:49:00,3,
1675,4782,2025-03-28 05:46:00,4,"Friendly staff, quick turnaround."
1676,4794,2025-03-28 09:22:00,5,
1677,4773,2025-03-28 10:54:00,5,Honest shop. Didn't try to upsell me.
1678,4791,2025-03-28 12:43:00,5,Honest shop. Didn't try to upsell me.
1679,4788,2025-03-29 02:53:00,4,
1680,4800,2025-03-29 05:13:00,4,"Friendly staff, quick turnaround."
1681,4792,2025-03-29 09:31:00,5,
1682,4807,2025-03-29 16:26:00,3,
1683,4769,2025-03-29 17:47:00,4,Happy with the repair.
1684,4802,2025-03-29 19:52:00,5,Car was ready early - will be back.
1685,4783,2025-03-30 01:28:00,5,
1686,4786,2025-03-30 04:03:00,4,
1687,4801,2025-03-30 06:48:00,5,Honest shop. Didn't try to upsell me.
1688,4799,2025-03-30 19:34:00,5,
1689,4797,2025-03-30 22:59:00,5,
1690,4780,2025-03-31 07:23:00,5,"Fast, friendly, and explained everything."
1691,4811,2025-03-31 23:08:00,5,"Fast, friendly, and explained everything."
1692,4805,2025-04-01 10:15:00,5,Honest shop. Didn't try to upsell me.
1693,4820,2025-04-01 18:53:00,5,Best shop I've used in Vegas.
1694,4793,2025-04-02 03:15:00,2,They had to order the part - took forever.
1695,4810,2025-04-02 09:11:00,4,"Friendly staff, quick turnaround."
1696,4838,2025-04-02 11:44:00,4,Solid service overall.
1697,4824,2025-04-02 12:35:00,3,
1698,4831,2025-04-02 14:36:00,4,
1699,4830,2025-04-02 21:53:00,3,
1700,4860,2025-04-03 06:50:00,4,
1701,4823,2025-04-03 09:13:00,5,Honest shop. Didn't try to upsell me.
1702,4819,2025-04-03 19:52:00,4,
1703,4872,2025-04-04 05:20:00,5,Honest shop. Didn't try to upsell me.
1704,4850,2025-04-04 09:08:00,5,"Fast, friendly, and explained everything."
1705,4849,2025-04-04 18:06:00,4,
1706,4846,2025-04-04 19:48:00,4,Solid service overall.
1707,4828,2025-04-04 21:57:00,4,"Good work, a little pricey."
1708,4866,2025-04-04 23:16:00,4,
1709,4857,2025-04-05 01:53:00,5,Honest shop. Didn't try to upsell me.
1710,4854,2025-04-05 03:27:00,5,
1711,4837,2025-04-05 04:48:00,5,Great service and a fair price.
1712,4829,2025-04-05 06:44:00,3,
1713,4843,2025-04-05 09:54:00,5,
1714,4889,2025-04-05 17:05:00,4,"Good work, a little pricey."
1715,4847,2025-04-05 19:06:00,4,
1716,4879,2025-04-05 20:14:00,5,
1717,4895,2025-04-05 21:46:00,4,
1718,4858,2025-04-06 03:25:00,5,
1719,4897,2025-04-06 05:33:00,5,
1720,4813,2025-04-06 06:54:00,3,They had to order the part - took forever.
1721,4884,2025-04-06 15:00:00,5,Best shop I've used in Vegas.
1722,4893,2025-04-06 15:17:00,4,Solid service overall.
1723,4871,2025-04-06 16:04:00,5,
1724,4865,2025-04-07 12:11:00,5,Honest shop. Didn't try to upsell me.
1725,4870,2025-04-07 12:48:00,4,
1726,4888,2025-04-07 13:11:00,5,
1727,4859,2025-04-07 18:02:00,2,
1728,4896,2025-04-08 02:26:00,4,
1729,4892,2025-04-08 09:27:00,5,
1730,4890,2025-04-08 12:29:00,4,
1731,4861,2025-04-08 14:58:00,2,
1732,4915,2025-04-08 16:21:00,5,
1733,4908,2025-04-08 23:05:00,4,"Good work, a little pricey."
1734,4891,2025-04-09 07:09:00,4,Solid service overall.
1735,4901,2025-04-09 10:17:00,4,
1736,4919,2025-04-09 23:04:00,5,
1737,4926,2025-04-09 23:59:00,3,Took longer than promised.
1738,4903,2025-04-10 07:56:00,5,
1739,4942,2025-04-10 21:06:00,5,
1740,4938,2025-04-11 03:05:00,4,
1741,4904,2025-04-11 09:04:00,4,
1742,4940,2025-04-11 09:36:00,5,Car was ready early - will be back.
1743,4912,2025-04-11 15:48:00,4,
1744,4937,2025-04-11 19:17:00,5,Car was ready early - will be back.
1745,4913,2025-04-12 02:12:00,4,
1746,4929,2025-04-12 04:07:00,5,Best shop I've used in Vegas.
1747,4922,2025-04-12 07:11:00,5,
1748,4944,2025-04-12 09:44:00,5,Best shop I've used in Vegas.
1749,4957,2025-04-12 12:48:00,5,Car was ready early - will be back.
1750,4918,2025-04-12 12:50:00,5,Best shop I've used in Vegas.
1751,4945,2025-04-13 11:31:00,5,Best shop I've used in Vegas.
1752,4950,2025-04-14 01:13:00,4,Happy with the repair.
1753,4962,2025-04-14 11:38:00,4,
1754,4960,2025-04-14 13:51:00,4,"Good work, a little pricey."
1755,4966,2025-04-15 08:22:00,5,Car was ready early - will be back.
1756,4958,2025-04-15 11:42:00,5,Honest shop. Didn't try to upsell me.
1757,4971,2025-04-15 14:19:00,5,"Fast, friendly, and explained everything."
1758,4979,2025-04-16 09:54:00,5,Great service and a fair price.
1759,5000,2025-04-17 03:31:00,5,Car was ready early - will be back.
1760,4983,2025-04-17 14:01:00,3,Repair was fine but the wait was long.
1761,4951,2025-04-17 14:51:00,5,
1762,5004,2025-04-17 15:35:00,5,
1763,4976,2025-04-17 18:29:00,4,"Friendly staff, quick turnaround."
1764,4989,2025-04-17 20:13:00,3,"Okay experience, updates could be better."
1765,4968,2025-04-18 00:07:00,5,Best shop I've used in Vegas.
1766,5006,2025-04-18 00:22:00,4,
1767,4977,2025-04-18 02:59:00,3,Took longer than promised.
1768,4997,2025-04-18 05:11:00,5,
1769,4982,2025-04-18 13:24:00,5,
1770,5009,2025-04-19 18:03:00,4,"Friendly staff, quick turnaround."
1771,5022,2025-04-19 20:04:00,5,Car was ready early - will be back.
1772,5024,2025-04-20 02:32:00,4,
1773,5023,2025-04-20 20:46:00,5,"Fast, friendly, and explained everything."
1774,5032,2025-04-21 12:23:00,5,Great service and a fair price.
1775,5030,2025-04-21 12:59:00,5,Great service and a fair price.
1776,5027,2025-04-21 15:43:00,4,"Good work, a little pricey."
1777,5025,2025-04-21 16:43:00,4,
1778,5042,2025-04-21 19:30:00,4,
1779,5020,2025-04-22 23:56:00,4,
1780,5043,2025-04-23 07:17:00,4,"Friendly staff, quick turnaround."
1781,5048,2025-04-23 14:53:00,4,Happy with the repair.
1782,5070,2025-04-23 22:51:00,4,Solid service overall.
1783,5051,2025-04-23 23:30:00,4,
1784,5037,2025-04-24 02:42:00,5,Honest shop. Didn't try to upsell me.
1785,5056,2025-04-24 03:05:00,3,
1786,5040,2025-04-24 05:20:00,4,
1787,5066,2025-04-24 06:41:00,4,
1788,5052,2025-04-24 09:37:00,5,Honest shop. Didn't try to upsell me.
1789,5061,2025-04-24 13:00:00,5,"Fast, friendly, and explained everything."
1790,5060,2025-04-24 14:38:00,4,"Good work, a little pricey."
1791,5029,2025-04-24 18:05:00,3,
1792,5075,2025-04-25 01:40:00,5,Best shop I've used in Vegas.
1793,5035,2025-04-25 06:40:00,4,"Good work, a little pricey."
1794,5041,2025-04-25 09:59:00,5,Car was ready early - will be back.
1795,5062,2025-04-25 12:37:00,4,Solid service overall.
1796,5049,2025-04-25 19:29:00,2,
1797,5077,2025-04-25 21:47:00,4,Solid service overall.
1798,5057,2025-04-26 00:22:00,4,"Friendly staff, quick turnaround."
1799,5092,2025-04-26 02:13:00,3,
1800,5094,2025-04-26 05:58:00,4,
1801,5071,2025-04-26 16:14:00,4,
1802,5021,2025-04-27 06:45:00,2,
1803,5080,2025-04-27 08:39:00,4,"Good work, a little pricey."
1804,5084,2025-04-27 11:19:00,5,
1805,5101,2025-04-27 13:21:00,4,"Good work, a little pricey."
1806,5072,2025-04-27 14:11:00,4,
1807,5081,2025-04-28 00:18:00,4,
1808,5095,2025-04-28 08:54:00,5,Car was ready early - will be back.
1809,5091,2025-04-28 18:18:00,4,
1810,5088,2025-04-29 00:57:00,5,Honest shop. Didn't try to upsell me.
1811,5118,2025-04-29 02:38:00,4,"Friendly staff, quick turnaround."
1812,5133,2025-04-30 01:11:00,5,
1813,5109,2025-04-30 07:46:00,4,"Good work, a little pricey."
1814,5112,2025-04-30 09:37:00,4,
1815,5110,2025-04-30 11:41:00,5,Great service and a fair price.
1816,5123,2025-04-30 14:58:00,5,Great service and a fair price.
1817,5124,2025-04-30 19:36:00,4,"Good work, a little pricey."
1818,5143,2025-05-01 17:45:00,4,Happy with the repair.
1819,5115,2025-05-02 03:39:00,4,
1820,5117,2025-05-02 07:42:00,4,Solid service overall.
1821,5160,2025-05-02 08:28:00,5,"Fast, friendly, and explained everything."
1822,5132,2025-05-02 18:22:00,5,Honest shop. Didn't try to upsell me.
1823,5166,2025-05-02 22:37:00,5,
1824,5154,2025-05-03 01:28:00,3,
1825,5162,2025-05-03 02:16:00,4,
1826,5139,2025-05-03 15:58:00,5,
1827,5179,2025-05-03 21:35:00,4,"Good work, a little pricey."
1828,5164,2025-05-04 02:16:00,5,
1829,5152,2025-05-04 03:29:00,4,"Good work, a little pricey."
1830,5147,2025-05-04 08:19:00,4,"Good work, a little pricey."
1831,5148,2025-05-04 09:56:00,2,
1832,5142,2025-05-04 10:28:00,5,
1833,5149,2025-05-05 04:04:00,5,
1834,5177,2025-05-05 17:28:00,5,Great service and a fair price.
1835,5188,2025-05-05 19:08:00,5,Best shop I've used in Vegas.
1836,5137,2025-05-06 01:00:00,3,Took longer than promised.
1837,5161,2025-05-06 03:23:00,3,
1838,5190,2025-05-06 10:34:00,5,
1839,5196,2025-05-06 11:02:00,5,Great service and a fair price.
1840,5189,2025-05-06 14:19:00,3,
1841,5187,2025-05-06 15:44:00,4,
1842,5184,2025-05-07 00:57:00,4,
1843,5153,2025-05-07 01:09:00,4,Solid service overall.
1844,5191,2025-05-07 08:12:00,5,Honest shop. Didn't try to upsell me.
1845,5209,2025-05-07 08:12:00,4,Happy with the repair.
1846,5200,2025-05-08 09:23:00,3,Repair was fine but the wait was long.
1847,5211,2025-05-08 15:25:00,4,"Good work, a little pricey."
1848,5178,2025-05-09 02:16:00,3,"Okay experience, updates could be better."
1849,5201,2025-05-09 04:09:00,4,Solid service overall.
1850,5183,2025-05-09 04:21:00,4,Solid service overall.
1851,5204,2025-05-09 14:59:00,5,"Fast, friendly, and explained everything."
1852,5229,2025-05-10 02:38:00,4,"Friendly staff, quick turnaround."
1853,5236,2025-05-10 06:13:00,4,"Good work, a little pricey."
1854,5210,2025-05-10 09:51:00,5,Car was ready early - will be back.
1855,5208,2025-05-10 11:17:00,5,Best shop I've used in Vegas.
1856,5215,2025-05-11 08:41:00,4,
1857,5239,2025-05-11 16:54:00,5,
1858,5250,2025-05-12 00:44:00,5,
1859,5226,2025-05-12 03:31:00,3,
1860,5241,2025-05-12 19:40:00,3,
1861,5237,2025-05-12 20:57:00,4,
1862,5258,2025-05-13 00:03:00,5,Best shop I've used in Vegas.
1863,5263,2025-05-13 04:05:00,4,Solid service overall.
1864,5262,2025-05-13 08:16:00,5,
1865,5257,2025-05-13 11:04:00,5,"Fast, friendly, and explained everything."
1866,5276,2025-05-13 17:09:00,4,
1867,5249,2025-05-13 21:26:00,3,Took longer than promised.
1868,5255,2025-05-14 00:49:00,5,
1869,5246,2025-05-14 05:18:00,5,
1870,5272,2025-05-14 16:56:00,5,Great service and a fair price.
1871,5261,2025-05-15 02:53:00,3,"Okay experience, updates could be better."
1872,5268,2025-05-15 21:23:00,4,"Friendly staff, quick turnaround."
1873,5285,2025-05-15 22:25:00,4,Solid service overall.
1874,5282,2025-05-16 00:20:00,5,
1875,5304,2025-05-16 05:46:00,4,
1876,5265,2025-05-16 09:16:00,5,
1877,5271,2025-05-16 12:25:00,5,"Fast, friendly, and explained everything."
1878,5323,2025-05-16 19:28:00,4,"Friendly staff, quick turnaround."
1879,5313,2025-05-16 21:56:00,5,Best shop I've used in Vegas.
1880,5322,2025-05-16 23:39:00,5,
1881,5324,2025-05-17 19:46:00,4,"Friendly staff, quick turnaround."
1882,5302,2025-05-18 00:59:00,4,"Good work, a little pricey."
1883,5316,2025-05-18 05:55:00,5,Honest shop. Didn't try to upsell me.
1884,5296,2025-05-18 09:31:00,5,
1885,5328,2025-05-18 12:26:00,4,Happy with the repair.
1886,5325,2025-05-19 07:17:00,5,Great service and a fair price.
1887,5317,2025-05-19 22:02:00,4,
1888,5321,2025-05-20 03:55:00,3,Had to bring it back - it wasn't fixed right the first time.
1889,5340,2025-05-20 18:04:00,5,Great service and a fair price.
1890,5334,2025-05-21 02:20:00,4,Happy with the repair.
1891,5369,2025-05-21 13:15:00,4,Happy with the repair.
1892,5364,2025-05-21 16:09:00,3,Took longer than promised.
1893,5338,2025-05-21 19:48:00,5,Car was ready early - will be back.
1894,5353,2025-05-21 20:05:00,4,
1895,5337,2025-05-21 21:20:00,5,
1896,5361,2025-05-21 21:39:00,4,
1897,5360,2025-05-22 02:10:00,5,Best shop I've used in Vegas.
1898,5383,2025-05-22 05:32:00,5,
1899,5372,2025-05-22 05:48:00,3,
1900,5374,2025-05-22 08:28:00,5,Honest shop. Didn't try to upsell me.
1901,5387,2025-05-22 12:37:00,5,Great service and a fair price.
1902,5380,2025-05-23 02:28:00,5,
1903,5398,2025-05-23 05:02:00,5,Car was ready early - will be back.
1904,5373,2025-05-23 05:45:00,5,
1905,5381,2025-05-23 11:15:00,4,
1906,5359,2025-05-23 12:01:00,4,
1907,5363,2025-05-23 13:35:00,4,
1908,5368,2025-05-23 18:45:00,4,
1909,5405,2025-05-23 21:04:00,5,
1910,5371,2025-05-24 00:58:00,3,Took longer than promised.
1911,5403,2025-05-24 20:01:00,3,
1912,5408,2025-05-24 21:10:00,4,Solid service overall.
1913,5402,2025-05-25 02:58:00,4,"Good work, a little pricey."
1914,5382,2025-05-25 03:47:00,4,Solid service overall.
1915,5401,2025-05-25 16:47:00,5,Honest shop. Didn't try to upsell me.
1916,5392,2025-05-25 21:59:00,4,
1917,5415,2025-05-26 04:13:00,4,
1918,5394,2025-05-26 14:21:00,5,
1919,5400,2025-05-26 23:32:00,4,
1920,5433,2025-05-27 23:06:00,3,Repair was fine but the wait was long.
1921,5396,2025-05-28 06:56:00,4,"Good work, a little pricey."
1922,5435,2025-05-28 14:05:00,4,Solid service overall.
1923,5426,2025-05-28 16:58:00,3,
1924,5428,2025-05-29 01:26:00,5,
1925,5456,2025-05-29 15:41:00,5,Car was ready early - will be back.
1926,5462,2025-05-29 20:30:00,3,
1927,5422,2025-05-29 23:45:00,5,Honest shop. Didn't try to upsell me.
1928,5461,2025-05-30 04:13:00,5,
1929,5420,2025-05-30 05:03:00,5,
1930,5410,2025-05-30 17:48:00,2,Parts delay turned a one-day job into a week.
1931,5432,2025-05-30 18:29:00,2,Same problem came back a week later.
1932,5473,2025-05-30 23:36:00,4,Happy with the repair.
1933,5458,2025-05-31 01:53:00,5,
1934,5466,2025-05-31 03:03:00,4,
1935,5477,2025-05-31 05:03:00,4,
1936,5386,2025-05-31 09:24:00,2,Parts delay turned a one-day job into a week.
1937,5437,2025-05-31 13:39:00,5,Best shop I've used in Vegas.
1938,5459,2025-05-31 13:55:00,3,"Okay experience, updates could be better."
1939,5439,2025-05-31 14:21:00,5,
1940,5481,2025-05-31 18:24:00,5,
1941,5438,2025-05-31 19:36:00,4,
1942,5445,2025-06-01 09:57:00,5,
1943,5472,2025-06-01 10:29:00,4,"Friendly staff, quick turnaround."
1944,5457,2025-06-01 15:06:00,5,Car was ready early - will be back.
1945,5480,2025-06-02 04:11:00,5,"Fast, friendly, and explained everything."
1946,5450,2025-06-02 04:45:00,3,
1947,5483,2025-06-02 13:12:00,3,
1948,5482,2025-06-02 18:45:00,5,Great service and a fair price.
1949,5508,2025-06-02 20:33:00,5,
1950,5493,2025-06-03 02:29:00,4,
1951,5475,2025-06-03 04:21:00,5,"Fast, friendly, and explained everything."
1952,5484,2025-06-03 05:29:00,4,
1953,5513,2025-06-03 19:39:00,3,Same problem came back a week later.
1954,5502,2025-06-03 23:18:00,5,
1955,5506,2025-06-04 04:59:00,5,
1956,5500,2025-06-04 08:53:00,4,"Good work, a little pricey."
1957,5535,2025-06-04 19:47:00,5,
1958,5518,2025-06-05 00:59:00,5,Honest shop. Didn't try to upsell me.
1959,5524,2025-06-05 04:12:00,5,"Fast, friendly, and explained everything."
1960,5517,2025-06-05 04:23:00,5,
1961,5532,2025-06-05 18:04:00,3,Repair was fine but the wait was long.
1962,5523,2025-06-06 02:07:00,5,Great service and a fair price.
1963,5552,2025-06-06 02:23:00,5,Car was ready early - will be back.
1964,5497,2025-06-06 06:04:00,5,Car was ready early - will be back.
1965,5544,2025-06-06 11:25:00,2,Took way too long and nobody called me.
1966,5507,2025-06-06 14:15:00,5,Best shop I've used in Vegas.
1967,5534,2025-06-06 19:21:00,5,
1968,5531,2025-06-06 20:51:00,4,
1969,5558,2025-06-06 21:38:00,4,
1970,5525,2025-06-07 00:49:00,3,Repair was fine but the wait was long.
1971,5526,2025-06-07 00:52:00,5,Car was ready early - will be back.
1972,5545,2025-06-07 05:08:00,3,
1973,5541,2025-06-07 18:19:00,4,
1974,5528,2025-06-08 00:41:00,3,
1975,5550,2025-06-08 08:08:00,4,
1976,5540,2025-06-08 11:49:00,4,
1977,5547,2025-06-08 14:04:00,5,
1978,5561,2025-06-08 23:20:00,5,Car was ready early - will be back.
1979,5553,2025-06-09 04:52:00,4,
1980,5546,2025-06-09 06:54:00,5,
1981,5554,2025-06-09 16:30:00,4,
1982,5571,2025-06-10 01:02:00,4,Happy with the repair.
1983,5584,2025-06-10 09:55:00,5,
1984,5581,2025-06-10 18:08:00,3,
1985,5583,2025-06-10 22:44:00,5,Great service and a fair price.
1986,5598,2025-06-11 14:29:00,4,Solid service overall.
1987,5608,2025-06-11 19:05:00,5,
1988,5576,2025-06-11 19:26:00,3,
1989,5590,2025-06-11 21:27:00,4,
1990,5574,2025-06-11 23:59:00,3,
1991,5597,2025-06-12 10:53:00,2,Same problem came back a week later.
1992,5595,2025-06-12 16:01:00,5,Best shop I've used in Vegas.
1993,5570,2025-06-12 16:34:00,5,Great service and a fair price.
1994,5572,2025-06-12 18:01:00,3,
1995,5599,2025-06-12 22:02:00,5,Car was ready early - will be back.
1996,5592,2025-06-12 22:02:00,5,Great service and a fair price.
1997,5575,2025-06-13 03:52:00,4,
1998,5591,2025-06-13 16:27:00,4,
1999,5637,2025-06-14 02:09:00,5,
2000,5642,2025-06-14 15:00:00,4,"Good work, a little pricey."
2001,5611,2025-06-14 17:13:00,4,
2002,5648,2025-06-15 03:53:00,5,
2003,5635,2025-06-15 04:11:00,4,
2004,5616,2025-06-15 04:30:00,5,Car was ready early - will be back.
2005,5639,2025-06-15 06:32:00,5,
2006,5618,2025-06-15 07:25:00,4,
2007,5646,2025-06-15 14:28:00,4,
2008,5651,2025-06-16 05:36:00,4,
2009,5654,2025-06-16 10:42:00,4,"Friendly staff, quick turnaround."
2010,5631,2025-06-16 19:03:00,4,
2011,5668,2025-06-17 03:34:00,4,Solid service overall.
2012,5613,2025-06-17 15:26:00,4,
2013,5661,2025-06-18 01:18:00,4,"Friendly staff, quick turnaround."
2014,5660,2025-06-18 02:49:00,4,
2015,5677,2025-06-18 07:46:00,5,Car was ready early - will be back.
2016,5653,2025-06-18 23:34:00,5,
2017,5656,2025-06-19 12:54:00,4,"Good work, a little pricey."
2018,5665,2025-06-19 14:45:00,5,
2019,5662,2025-06-19 16:09:00,4,
2020,5703,2025-06-19 19:56:00,3,
2021,5670,2025-06-19 20:20:00,5,
2022,5652,2025-06-20 02:36:00,4,"Good work, a little pricey."
2023,5681,2025-06-20 07:27:00,5,Great service and a fair price.
2024,5713,2025-06-20 08:56:00,2,Car was not ready when promised.
2025,5699,2025-06-20 15:55:00,3,
2026,5695,2025-06-20 16:58:00,5,
2027,5708,2025-06-21 06:45:00,4,
2028,5647,2025-06-21 06:58:00,4,"Good work, a little pricey."
2029,5714,2025-06-21 08:20:00,5,
2030,5696,2025-06-21 09:43:00,5,
2031,5731,2025-06-21 21:21:00,3,Repair was fine but the wait was long.
2032,5715,2025-06-21 23:14:00,4,"Good work, a little pricey."
2033,5697,2025-06-22 02:28:00,5,
2034,5729,2025-06-22 23:07:00,4,"Friendly staff, quick turnaround."
2035,5733,2025-06-23 00:13:00,5,
2036,5717,2025-06-23 08:03:00,4,
2037,5737,2025-06-23 16:24:00,5,
2038,5674,2025-06-24 13:46:00,4,
2039,5741,2025-06-24 15:15:00,5,
2040,5771,2025-06-25 08:40:00,4,
2041,5753,2025-06-25 12:19:00,4,Solid service overall.
2042,5750,2025-06-25 14:00:00,3,
2043,5756,2025-06-26 00:29:00,3,
2044,5789,2025-06-26 01:46:00,4,
2045,5781,2025-06-26 19:05:00,5,
2046,5760,2025-06-26 21:26:00,4,
2047,5779,2025-06-26 23:28:00,4,
2048,5767,2025-06-27 01:13:00,4,"Good work, a little pricey."
2049,5754,2025-06-27 05:31:00,2,Had to follow up several times for an update.
2050,5803,2025-06-27 06:58:00,5,
2051,5806,2025-06-27 07:04:00,5,
2052,5747,2025-06-27 08:13:00,5,
2053,5735,2025-06-27 10:03:00,3,
2054,5770,2025-06-28 02:37:00,4,"Good work, a little pricey."
2055,5805,2025-06-28 03:20:00,4,"Good work, a little pricey."
2056,5707,2025-06-28 08:43:00,3,They had to order the part - took forever.
2057,5724,2025-06-28 22:14:00,3,Parts delay turned a one-day job into a week.
2058,5709,2025-06-28 22:26:00,3,
2059,5823,2025-06-29 01:18:00,5,Best shop I've used in Vegas.
2060,5828,2025-06-29 03:41:00,3,Same problem came back a week later.
2061,5773,2025-06-29 03:50:00,4,
2062,5783,2025-06-29 11:30:00,4,
2063,5830,2025-06-30 01:23:00,3,
2064,5785,2025-06-30 02:53:00,4,Happy with the repair.
2065,5758,2025-06-30 06:17:00,4,
2066,5739,2025-06-30 06:45:00,3,
2067,5822,2025-06-30 09:04:00,5,
2068,5817,2025-06-30 09:58:00,5,
2069,5821,2025-06-30 18:14:00,5,Honest shop. Didn't try to upsell me.
2070,5757,2025-06-30 20:36:00,2,They had to order the part - took forever.
2071,5831,2025-07-01 14:13:00,4,Solid service overall.
2072,5854,2025-07-01 19:33:00,4,Happy with the repair.
2073,5872,2025-07-01 20:36:00,2,Car was not ready when promised.
2074,5843,2025-07-01 21:05:00,3,Repair was fine but the wait was long.
2075,5865,2025-07-01 22:16:00,3,
2076,5867,2025-07-02 02:52:00,4,"Friendly staff, quick turnaround."
2077,5826,2025-07-02 05:53:00,4,
2078,5836,2025-07-02 09:43:00,4,
2079,5868,2025-07-02 18:35:00,5,
2080,5886,2025-07-02 20:02:00,4,Solid service overall.
2081,5845,2025-07-02 23:15:00,5,Best shop I've used in Vegas.
2082,5885,2025-07-03 00:39:00,4,
2083,5766,2025-07-03 02:02:00,2,Waited days for a part to come in.
2084,5847,2025-07-03 13:15:00,5,Car was ready early - will be back.
2085,5839,2025-07-04 00:41:00,4,"Good work, a little pricey."
2086,5849,2025-07-04 09:58:00,5,
2087,5765,2025-07-04 12:24:00,4,"Good work, a little pricey."
2088,5878,2025-07-04 14:08:00,5,
2089,5884,2025-07-04 20:45:00,4,
2090,5863,2025-07-04 23:15:00,5,
2091,5870,2025-07-05 06:48:00,5,"Fast, friendly, and explained everything."
2092,5905,2025-07-05 12:23:00,4,
2093,5901,2025-07-05 22:13:00,4,
2094,5894,2025-07-06 08:01:00,4,
2095,5883,2025-07-06 09:29:00,4,
2096,5911,2025-07-06 09:51:00,4,
2097,5898,2025-07-06 12:09:00,5,
2098,5904,2025-07-06 19:54:00,4,"Good work, a little pricey."
2099,5913,2025-07-07 01:21:00,4,
2100,5922,2025-07-07 17:01:00,4,Solid service overall.
2101,5939,2025-07-09 08:58:00,4,
2102,5933,2025-07-09 13:05:00,5,
2103,5920,2025-07-09 13:10:00,5,Best shop I've used in Vegas.
2104,5921,2025-07-09 19:50:00,4,
2105,5962,2025-07-10 02:23:00,4,Happy with the repair.
2106,5942,2025-07-10 02:58:00,5,
2107,5954,2025-07-10 05:01:00,5,
2108,5850,2025-07-10 06:34:00,1,
2109,5914,2025-07-10 06:57:00,3,
2110,5928,2025-07-10 08:31:00,4,
2111,5951,2025-07-10 10:24:00,4,Happy with the repair.
2112,5940,2025-07-10 13:34:00,3,
2113,5957,2025-07-10 18:37:00,5,Great service and a fair price.
2114,5945,2025-07-10 18:52:00,3,
2115,5946,2025-07-11 00:18:00,5,
2116,5944,2025-07-11 00:33:00,3,
2117,5929,2025-07-11 05:20:00,5,
2118,5955,2025-07-11 06:14:00,5,
2119,5935,2025-07-11 06:30:00,5,Honest shop. Didn't try to upsell me.
2120,5963,2025-07-11 09:02:00,4,
2121,5859,2025-07-11 12:18:00,2,
2122,5937,2025-07-11 14:28:00,4,
2123,5981,2025-07-11 15:29:00,4,
2124,5973,2025-07-11 18:32:00,4,
2125,5972,2025-07-11 19:04:00,5,Great service and a fair price.
2126,5993,2025-07-11 22:35:00,3,"Okay experience, updates could be better."
2127,5992,2025-07-12 02:44:00,4,"Good work, a little pricey."
2128,5978,2025-07-12 04:43:00,4,"Good work, a little pricey."
2129,5915,2025-07-12 13:19:00,3,
2130,6006,2025-07-12 20:44:00,5,
2131,5986,2025-07-13 00:16:00,4,Happy with the repair.
2132,5999,2025-07-13 00:30:00,4,
2133,5996,2025-07-13 08:01:00,4,Happy with the repair.
2134,5985,2025-07-13 10:26:00,4,
2135,5997,2025-07-13 14:13:00,3,
2136,5995,2025-07-13 18:09:00,4,
2137,6007,2025-07-13 18:17:00,5,Best shop I've used in Vegas.
2138,5980,2025-07-13 18:17:00,4,
2139,5975,2025-07-13 22:14:00,5,
2140,5994,2025-07-15 05:34:00,4,
2141,6017,2025-07-15 06:30:00,3,"Okay experience, updates could be better."
2142,6009,2025-07-15 17:42:00,3,
2143,6023,2025-07-15 22:14:00,5,
2144,6021,2025-07-16 08:48:00,5,
2145,6011,2025-07-16 15:28:00,3,
2146,6050,2025-07-16 19:55:00,5,
2147,6027,2025-07-17 06:15:00,4,
2148,6055,2025-07-17 08:50:00,3,Took longer than promised.
2149,6063,2025-07-17 15:23:00,5,
2150,6013,2025-07-17 16:18:00,3,
2151,6064,2025-07-17 19:16:00,5,Car was ready early - will be back.
2152,6031,2025-07-18 02:36:00,3,"Okay experience, updates could be better."
2153,6047,2025-07-18 04:19:00,5,
2154,6077,2025-07-18 04:19:00,3,
2155,6012,2025-07-18 05:32:00,4,Solid service overall.
2156,5998,2025-07-18 07:14:00,4,
2157,5958,2025-07-18 07:45:00,2,
2158,6074,2025-07-18 12:03:00,2,
2159,6083,2025-07-18 14:34:00,4,
2160,6049,2025-07-18 17:08:00,3,Repair was fine but the wait was long.
2161,6076,2025-07-18 18:33:00,4,
2162,6099,2025-07-18 21:41:00,4,Solid service overall.
2163,6029,2025-07-18 21:54:00,4,
2164,6034,2025-07-18 22:20:00,4,
2165,6091,2025-07-19 00:17:00,5,"Fast, friendly, and explained everything."
2166,6081,2025-07-19 01:52:00,5,
2167,6028,2025-07-19 06:17:00,4,Happy with the repair.
2168,6038,2025-07-19 07:06:00,5,
2169,6080,2025-07-19 07:51:00,5,
2170,6068,2025-07-19 19:45:00,5,
2171,6057,2025-07-19 23:21:00,4,
2172,6056,2025-07-20 06:26:00,5,Best shop I've used in Vegas.
2173,6108,2025-07-20 14:44:00,3,"Okay experience, updates could be better."
2174,6092,2025-07-20 15:39:00,4,Happy with the repair.
2175,6093,2025-07-21 06:01:00,4,Solid service overall.
2176,6082,2025-07-21 09:12:00,5,Honest shop. Didn't try to upsell me.
2177,6066,2025-07-21 10:27:00,5,
2178,6079,2025-07-21 12:40:00,4,Happy with the repair.
2179,6106,2025-07-22 05:15:00,5,
2180,6116,2025-07-22 21:50:00,4,
2181,6114,2025-07-22 22:33:00,4,
2182,6131,2025-07-23 04:56:00,4,Solid service overall.
2183,6105,2025-07-23 08:11:00,5,
2184,6139,2025-07-23 13:50:00,3,"Okay experience, updates could be better."
2185,6142,2025-07-23 16:52:00,5,
2186,6111,2025-07-23 18:42:00,4,"Friendly staff, quick turnaround."
2187,6123,2025-07-24 20:59:00,3,Took longer than promised.
2188,6134,2025-07-24 22:24:00,5,"Fast, friendly, and explained everything."
2189,6156,2025-07-24 23:59:00,4,
2190,6146,2025-07-25 01:14:00,4,"Good work, a little pricey."
2191,6132,2025-07-25 02:41:00,3,Took longer than promised.
2192,6155,2025-07-25 04:46:00,4,"Friendly staff, quick turnaround."
2193,6145,2025-07-25 05:25:00,5,Best shop I've used in Vegas.
2194,6124,2025-07-25 14:05:00,3,"Okay experience, updates could be better."
2195,6162,2025-07-25 14:49:00,4,
2196,6152,2025-07-25 17:43:00,3,Same problem came back a week later.
2197,6133,2025-07-25 20:42:00,4,
2198,6143,2025-07-25 22:29:00,5,Honest shop. Didn't try to upsell me.
2199,6149,2025-07-26 03:21:00,5,
2200,6161,2025-07-27 08:33:00,5,
2201,6169,2025-07-27 17:01:00,4,Solid service overall.
2202,6166,2025-07-27 17:11:00,5,"Fast, friendly, and explained everything."
2203,6168,2025-07-28 03:33:00,5,Car was ready early - will be back.
2204,6170,2025-07-28 14:06:00,5,Honest shop. Didn't try to upsell me.
2205,6207,2025-07-28 18:42:00,4,
2206,6192,2025-07-29 04:59:00,3,Repair was fine but the wait was long.
2207,6195,2025-07-29 05:20:00,4,
2208,6202,2025-07-29 15:12:00,5,Best shop I've used in Vegas.
2209,6198,2025-07-29 19:09:00,4,
2210,6220,2025-07-30 11:10:00,4,Happy with the repair.
2211,6231,2025-07-30 16:11:00,5,Best shop I've used in Vegas.
2212,6225,2025-07-30 19:50:00,5,
2213,6188,2025-07-30 22:50:00,5,
2214,6230,2025-07-31 01:43:00,4,
2215,6183,2025-07-31 06:57:00,1,Had to bring it back - it wasn't fixed right the first time.
2216,6222,2025-07-31 08:34:00,3,
2217,6213,2025-07-31 13:55:00,5,Car was ready early - will be back.
2218,6210,2025-07-31 14:17:00,5,Honest shop. Didn't try to upsell me.
2219,6245,2025-07-31 18:16:00,5,
2220,6194,2025-07-31 23:37:00,4,"Friendly staff, quick turnaround."
2221,6203,2025-08-01 01:31:00,3,
2222,6200,2025-08-01 09:39:00,5,Honest shop. Didn't try to upsell me.
2223,6235,2025-08-01 09:55:00,4,
2224,6232,2025-08-02 06:33:00,4,
2225,6242,2025-08-02 08:25:00,4,"Good work, a little pricey."
2226,6185,2025-08-02 18:22:00,2,Parts delay turned a one-day job into a week.
2227,6255,2025-08-02 19:32:00,4,
2228,6243,2025-08-02 21:57:00,4,
2229,6218,2025-08-03 07:18:00,4,
2230,6224,2025-08-03 08:39:00,5,Car was ready early - will be back.
2231,6236,2025-08-03 09:22:00,5,
2232,6266,2025-08-03 17:10:00,4,Solid service overall.
2233,6252,2025-08-03 23:34:00,5,Great service and a fair price.
2234,6263,2025-08-04 07:04:00,4,"Good work, a little pricey."
2235,6272,2025-08-04 10:10:00,5,Great service and a fair price.
2236,6248,2025-08-04 12:06:00,5,
2237,6260,2025-08-04 14:29:00,5,
2238,6289,2025-08-05 15:33:00,4,
2239,6298,2025-08-06 07:17:00,5,Car was ready early - will be back.
2240,6271,2025-08-06 08:32:00,5,
2241,6291,2025-08-06 14:18:00,5,
2242,6305,2025-08-06 20:40:00,4,
2243,6208,2025-08-06 21:45:00,1,Had to bring it back - it wasn't fixed right the first time.
2244,6285,2025-08-07 00:54:00,5,Best shop I've used in Vegas.
2245,6299,2025-08-07 07:19:00,5,Best shop I've used in Vegas.
2246,6304,2025-08-07 11:07:00,5,
2247,6307,2025-08-07 18:15:00,5,
2248,6297,2025-08-07 19:22:00,4,
2249,6283,2025-08-07 21:15:00,5,Best shop I've used in Vegas.
2250,6287,2025-08-07 22:17:00,5,"Fast, friendly, and explained everything."
2251,6319,2025-08-07 22:48:00,4,Happy with the repair.
2252,6275,2025-08-08 01:12:00,4,
2253,6317,2025-08-08 02:54:00,5,Honest shop. Didn't try to upsell me.
2254,6302,2025-08-08 04:43:00,5,Honest shop. Didn't try to upsell me.
2255,6316,2025-08-08 12:27:00,5,Car was ready early - will be back.
2256,6303,2025-08-08 16:08:00,4,Solid service overall.
2257,6345,2025-08-09 23:04:00,3,
2258,6333,2025-08-10 00:53:00,5,
2259,6322,2025-08-10 10:10:00,4,"Friendly staff, quick turnaround."
2260,6331,2025-08-11 02:47:00,4,
2261,6325,2025-08-11 05:25:00,4,Happy with the repair.
2262,6337,2025-08-11 13:02:00,4,"Friendly staff, quick turnaround."
2263,6339,2025-08-11 17:31:00,5,"Fast, friendly, and explained everything."
2264,6361,2025-08-11 21:37:00,3,
2265,6341,2025-08-12 01:16:00,5,
2266,6368,2025-08-13 20:06:00,4,
2267,6352,2025-08-14 06:49:00,5,Best shop I've used in Vegas.
2268,6379,2025-08-14 11:17:00,4,Happy with the repair.
2269,6358,2025-08-14 14:07:00,2,Car was not ready when promised.
2270,6399,2025-08-14 18:17:00,5,Best shop I've used in Vegas.
2271,6334,2025-08-15 08:05:00,4,
2272,6267,2025-08-15 08:46:00,3,
2273,6404,2025-08-15 10:56:00,4,
2274,6391,2025-08-15 11:32:00,4,
2275,6357,2025-08-15 11:35:00,4,"Friendly staff, quick turnaround."
2276,6400,2025-08-15 12:24:00,4,
2277,6382,2025-08-15 14:04:00,4,
2278,6385,2025-08-15 17:19:00,2,Same problem came back a week later.
2279,6397,2025-08-15 21:23:00,4,Solid service overall.
2280,6398,2025-08-16 12:40:00,5,Best shop I've used in Vegas.
2281,6430,2025-08-16 14:37:00,4,Happy with the repair.
2282,6365,2025-08-16 16:51:00,3,
2283,6403,2025-08-16 21:00:00,3,Repair was fine but the wait was long.
2284,6387,2025-08-17 00:13:00,5,
2285,6433,2025-08-17 17:28:00,4,Solid service overall.
2286,6417,2025-08-18 00:56:00,5,Best shop I've used in Vegas.
2287,6428,2025-08-18 09:05:00,4,
2288,6414,2025-08-18 12:11:00,4,Solid service overall.
2289,6423,2025-08-18 22:44:00,4,
2290,6427,2025-08-18 23:49:00,4,
2291,6439,2025-08-19 01:45:00,4,"Good work, a little pricey."
2292,6418,2025-08-19 02:27:00,3,"Okay experience, updates could be better."
2293,6413,2025-08-19 02:39:00,5,Car was ready early - will be back.
2294,6445,2025-08-19 22:14:00,5,
2295,6450,2025-08-19 22:35:00,4,"Good work, a little pricey."
2296,6454,2025-08-20 01:53:00,4,Happy with the repair.
2297,6440,2025-08-20 08:20:00,4,"Good work, a little pricey."
2298,6481,2025-08-20 23:47:00,5,
2299,6473,2025-08-21 01:22:00,4,
2300,6455,2025-08-21 09:43:00,4,Solid service overall.
2301,6438,2025-08-21 16:42:00,5,"Fast, friendly, and explained everything."
2302,6467,2025-08-22 11:34:00,3,
2303,6469,2025-08-22 16:35:00,3,
2304,6485,2025-08-23 08:12:00,3,
2305,6482,2025-08-23 09:28:00,5,
2306,6497,2025-08-23 15:21:00,3,
2307,6493,2025-08-23 23:44:00,3,
2308,6479,2025-08-24 07:46:00,4,
2309,6483,2025-08-24 14:17:00,3,
2310,6509,2025-08-24 21:07:00,5,
2311,6490,2025-08-25 03:45:00,4,"Good work, a little pricey."
2312,6504,2025-08-25 06:06:00,4,Happy with the repair.
2313,6484,2025-08-25 09:21:00,5,
2314,6495,2025-08-26 01:37:00,3,Took longer than promised.
2315,6514,2025-08-26 03:49:00,4,
2316,6513,2025-08-26 10:19:00,4,"Friendly staff, quick turnaround."
2317,6447,2025-08-26 18:08:00,2,Parts delay turned a one-day job into a week.
2318,6511,2025-08-26 19:31:00,4,
2319,6550,2025-08-27 19:57:00,5,
2320,6549,2025-08-28 12:29:00,4,
2321,6530,2025-08-28 14:59:00,5,Great service and a fair price.
2322,6568,2025-08-29 10:22:00,5,Great service and a fair price.
2323,6520,2025-08-29 10:29:00,5,
2324,6540,2025-08-29 11:37:00,5,
2325,6518,2025-08-29 14:05:00,3,
2326,6546,2025-08-29 16:40:00,5,
2327,6545,2025-08-29 18:47:00,3,Repair was fine but the wait was long.
2328,6578,2025-08-29 19:43:00,4,
2329,6556,2025-08-29 22:27:00,3,
2330,6551,2025-08-30 12:19:00,5,"Fast, friendly, and explained everything."
2331,6557,2025-08-30 12:50:00,5,Car was ready early - will be back.
2332,6564,2025-08-30 16:01:00,3,
2333,6577,2025-08-30 20:06:00,5,Car was ready early - will be back.
2334,6567,2025-08-30 23:10:00,4,Solid service overall.
2335,6565,2025-08-31 02:45:00,5,
2336,6579,2025-08-31 19:59:00,4,"Friendly staff, quick turnaround."
2337,6562,2025-08-31 22:20:00,5,Car was ready early - will be back.
2338,6580,2025-09-02 11:37:00,4,"Friendly staff, quick turnaround."
2339,6610,2025-09-02 20:22:00,4,"Friendly staff, quick turnaround."
2340,6554,2025-09-03 08:44:00,3,Same problem came back a week later.
2341,6615,2025-09-03 09:12:00,4,
2342,6599,2025-09-03 14:13:00,2,Had to bring it back - it wasn't fixed right the first time.
2343,6596,2025-09-04 00:17:00,5,
2344,6613,2025-09-04 01:05:00,5,"Fast, friendly, and explained everything."
2345,6627,2025-09-04 07:18:00,4,
2346,6597,2025-09-04 13:38:00,4,
2347,6636,2025-09-05 00:18:00,4,Solid service overall.
2348,6609,2025-09-05 05:09:00,3,
2349,6602,2025-09-05 12:48:00,3,
2350,6612,2025-09-05 17:31:00,5,
2351,6644,2025-09-05 21:45:00,4,"Good work, a little pricey."
2352,6634,2025-09-05 21:58:00,5,
2353,6614,2025-09-06 06:27:00,4,
2354,6642,2025-09-06 07:04:00,5,Car was ready early - will be back.
2355,6631,2025-09-06 07:40:00,5,
2356,6632,2025-09-06 11:18:00,5,Best shop I've used in Vegas.
2357,6591,2025-09-06 12:48:00,4,Solid service overall.
2358,6650,2025-09-06 15:33:00,5,Great service and a fair price.
2359,6640,2025-09-07 00:31:00,5,"Fast, friendly, and explained everything."
2360,6625,2025-09-07 02:26:00,2,Took way too long and nobody called me.
2361,6651,2025-09-07 18:57:00,4,
2362,6641,2025-09-07 21:20:00,5,
2363,6655,2025-09-08 00:43:00,4,"Friendly staff, quick turnaround."
2364,6653,2025-09-08 12:33:00,4,
2365,6654,2025-09-08 19:13:00,4,
2366,6663,2025-09-10 05:00:00,4,
2367,6692,2025-09-10 16:24:00,5,
2368,6689,2025-09-10 20:42:00,3,
2369,6680,2025-09-11 09:26:00,3,Repair was fine but the wait was long.
2370,6678,2025-09-11 21:20:00,4,
2371,6690,2025-09-12 02:43:00,3,
2372,6720,2025-09-12 08:29:00,4,
2373,6681,2025-09-12 13:46:00,4,
2374,6725,2025-09-12 14:02:00,5,Great service and a fair price.
2375,6686,2025-09-12 20:43:00,4,
2376,6719,2025-09-13 01:13:00,4,"Good work, a little pricey."
2377,6701,2025-09-13 01:27:00,4,"Friendly staff, quick turnaround."
2378,6711,2025-09-13 02:21:00,5,
2379,6723,2025-09-13 04:47:00,5,"Fast, friendly, and explained everything."
2380,6735,2025-09-13 05:45:00,5,"Fast, friendly, and explained everything."
2381,6702,2025-09-13 12:13:00,3,Repair was fine but the wait was long.
2382,6715,2025-09-13 20:41:00,5,Car was ready early - will be back.
2383,6696,2025-09-14 00:34:00,5,Honest shop. Didn't try to upsell me.
2384,6740,2025-09-14 07:19:00,3,Repair was fine but the wait was long.
2385,6745,2025-09-14 08:47:00,4,Happy with the repair.
2386,6704,2025-09-14 13:25:00,4,
2387,6712,2025-09-14 16:16:00,5,Great service and a fair price.
2388,6731,2025-09-14 17:07:00,5,Car was ready early - will be back.
2389,6733,2025-09-14 22:07:00,4,
2390,6738,2025-09-15 00:05:00,5,
2391,6754,2025-09-15 03:34:00,4,"Good work, a little pricey."
2392,6757,2025-09-16 00:43:00,5,
2393,6732,2025-09-16 01:15:00,5,
2394,6761,2025-09-16 20:10:00,3,
2395,6766,2025-09-16 20:44:00,5,Best shop I've used in Vegas.
2396,6744,2025-09-16 21:10:00,5,
2397,6768,2025-09-17 08:47:00,5,
2398,6785,2025-09-17 09:04:00,5,
2399,6769,2025-09-17 10:13:00,5,
2400,6759,2025-09-18 00:48:00,4,
2401,6790,2025-09-18 05:45:00,4,Happy with the repair.
2402,6771,2025-09-18 07:20:00,4,
2403,6782,2025-09-18 22:50:00,4,"Friendly staff, quick turnaround."
2404,6788,2025-09-19 03:56:00,5,"Fast, friendly, and explained everything."
2405,6780,2025-09-19 05:53:00,4,
2406,6775,2025-09-19 12:23:00,4,"Good work, a little pricey."
2407,6770,2025-09-19 15:01:00,4,
2408,6774,2025-09-19 19:11:00,3,
2409,6813,2025-09-19 21:35:00,5,Great service and a fair price.
2410,6796,2025-09-19 22:05:00,4,
2411,6830,2025-09-21 03:46:00,4,
2412,6798,2025-09-21 13:48:00,5,
2413,6803,2025-09-21 14:57:00,5,
2414,6821,2025-09-22 20:24:00,2,Same problem came back a week later.
2415,6817,2025-09-22 22:45:00,5,
2416,6818,2025-09-23 05:37:00,4,"Friendly staff, quick turnaround."
2417,6836,2025-09-23 07:51:00,4,Solid service overall.
2418,6814,2025-09-23 11:45:00,3,
2419,6820,2025-09-23 14:06:00,5,Car was ready early - will be back.
2420,6860,2025-09-24 06:52:00,4,
2421,6847,2025-09-24 22:04:00,4,
2422,6849,2025-09-25 00:59:00,3,"Okay experience, updates could be better."
2423,6835,2025-09-25 03:02:00,4,Solid service overall.
2424,6842,2025-09-25 08:46:00,5,Honest shop. Didn't try to upsell me.
2425,6843,2025-09-25 13:36:00,5,
2426,6862,2025-09-25 20:11:00,5,Best shop I've used in Vegas.
2427,6866,2025-09-26 03:11:00,4,"Good work, a little pricey."
2428,6881,2025-09-26 11:13:00,1,
2429,6784,2025-09-26 13:17:00,4,"Friendly staff, quick turnaround."
2430,6864,2025-09-26 14:03:00,4,
2431,6891,2025-09-27 00:41:00,5,Great service and a fair price.
2432,6846,2025-09-27 01:08:00,2,They had to order the part - took forever.
2433,6896,2025-09-27 09:12:00,5,
2434,6901,2025-09-27 10:05:00,5,
2435,6859,2025-09-28 00:02:00,3,
2436,6908,2025-09-28 09:19:00,4,Happy with the repair.
2437,6875,2025-09-28 12:16:00,4,
2438,6882,2025-09-28 18:04:00,5,Car was ready early - will be back.
2439,6906,2025-09-29 01:42:00,4,
2440,6898,2025-09-29 18:47:00,5,
2441,6913,2025-09-30 03:41:00,3,"Okay experience, updates could be better."
2442,6890,2025-09-30 06:14:00,5,
2443,6912,2025-10-02 00:37:00,4,
2444,6941,2025-10-02 03:27:00,4,
2445,6917,2025-10-02 04:59:00,5,
2446,6954,2025-10-02 15:48:00,4,
2447,6963,2025-10-02 19:19:00,4,
2448,6948,2025-10-04 00:04:00,4,"Friendly staff, quick turnaround."
2449,6928,2025-10-04 07:15:00,4,"Friendly staff, quick turnaround."
2450,6974,2025-10-04 07:17:00,4,
2451,6958,2025-10-04 09:42:00,1,Same problem came back a week later.
2452,6985,2025-10-05 11:46:00,5,
2453,6991,2025-10-06 14:57:00,4,
2454,6982,2025-10-06 20:48:00,4,Solid service overall.
2455,6972,2025-10-07 00:13:00,3,
2456,6966,2025-10-07 01:06:00,5,Great service and a fair price.
2457,6945,2025-10-07 06:38:00,2,They had to order the part - took forever.
2458,6926,2025-10-07 17:43:00,2,Parts delay turned a one-day job into a week.
2459,7005,2025-10-07 17:51:00,4,
2460,7010,2025-10-08 06:22:00,4,"Good work, a little pricey."
2461,6996,2025-10-08 06:32:00,4,Happy with the repair.
2462,6997,2025-10-08 07:51:00,3,
2463,7025,2025-10-08 08:28:00,5,
2464,7021,2025-10-08 09:46:00,5,Honest shop. Didn't try to upsell me.
2465,7024,2025-10-08 18:08:00,4,
2466,6992,2025-10-08 23:33:00,5,
2467,7012,2025-10-09 02:57:00,2,Car was not ready when promised.
2468,6995,2025-10-09 08:30:00,4,
2469,6990,2025-10-09 11:46:00,4,"Friendly staff, quick turnaround."
2470,6999,2025-10-09 19:27:00,4,"Friendly staff, quick turnaround."
2471,7008,2025-10-09 21:38:00,2,Took way too long and nobody called me.
2472,6998,2025-10-10 08:30:00,4,
2473,7037,2025-10-10 14:17:00,5,
2474,7047,2025-10-11 01:29:00,4,
2475,7052,2025-10-11 07:06:00,5,
2476,7015,2025-10-11 10:49:00,4,
2477,7009,2025-10-11 11:45:00,4,
2478,7029,2025-10-11 12:44:00,5,
2479,7048,2025-10-11 21:42:00,4,
2480,7036,2025-10-11 23:36:00,5,Best shop I've used in Vegas.
2481,7061,2025-10-12 16:31:00,4,
2482,7046,2025-10-13 03:53:00,5,Great service and a fair price.
2483,7051,2025-10-13 09:01:00,3,
2484,7076,2025-10-13 18:43:00,5,
2485,7079,2025-10-15 00:07:00,4,Solid service overall.
2486,7101,2025-10-15 01:26:00,4,Happy with the repair.
2487,7078,2025-10-15 12:01:00,3,
2488,7091,2025-10-15 17:25:00,3,Took longer than promised.
2489,7087,2025-10-16 08:15:00,5,Car was ready early - will be back.
2490,7103,2025-10-16 17:45:00,4,Solid service overall.
2491,7075,2025-10-16 22:31:00,4,
2492,7120,2025-10-17 14:46:00,3,
2493,7116,2025-10-17 20:09:00,5,
2494,7090,2025-10-17 20:22:00,3,
2495,7112,2025-10-18 00:23:00,4,
2496,7082,2025-10-18 03:14:00,3,Took longer than promised.
2497,7086,2025-10-18 05:47:00,4,
2498,7109,2025-10-18 06:28:00,3,
2499,7102,2025-10-18 08:00:00,3,"Okay experience, updates could be better."
2500,7144,2025-10-18 17:03:00,5,Great service and a fair price.
2501,7131,2025-10-18 20:12:00,3,Repair was fine but the wait was long.
2502,7053,2025-10-19 03:20:00,4,Solid service overall.
2503,7107,2025-10-19 04:03:00,5,
2504,7141,2025-10-19 06:21:00,5,
2505,7108,2025-10-19 06:44:00,5,"Fast, friendly, and explained everything."
2506,7110,2025-10-19 12:30:00,4,
2507,7145,2025-10-19 19:57:00,4,Happy with the repair.
2508,7119,2025-10-19 23:28:00,4,Solid service overall.
2509,7146,2025-10-20 22:24:00,5,
2510,7133,2025-10-20 23:21:00,5,Great service and a fair price.
2511,7148,2025-10-21 01:16:00,5,
2512,7149,2025-10-21 03:14:00,5,
2513,7150,2025-10-21 04:10:00,5,
2514,7137,2025-10-21 10:33:00,5,Car was ready early - will be back.
2515,7179,2025-10-22 02:26:00,4,"Good work, a little pricey."
2516,7152,2025-10-22 14:12:00,4,Solid service overall.
2517,7156,2025-10-22 19:15:00,4,
2518,7185,2025-10-23 20:08:00,5,Great service and a fair price.
2519,7166,2025-10-24 00:42:00,4,
2520,7191,2025-10-24 02:09:00,4,
2521,7181,2025-10-24 02:09:00,4,"Friendly staff, quick turnaround."
2522,7177,2025-10-24 07:07:00,4,
2523,7174,2025-10-24 09:31:00,4,
2524,7212,2025-10-24 11:23:00,5,
2525,7178,2025-10-24 13:09:00,4,Happy with the repair.
2526,7194,2025-10-24 16:03:00,4,Solid service overall.
2527,7210,2025-10-24 19:06:00,4,Happy with the repair.
2528,7214,2025-10-25 06:19:00,5,
2529,7221,2025-10-25 08:36:00,4,"Friendly staff, quick turnaround."
2530,7186,2025-10-25 16:12:00,5,
2531,7197,2025-10-25 20:16:00,5,
2532,7190,2025-10-25 20:31:00,5,
2533,7228,2025-10-25 22:23:00,5,"Fast, friendly, and explained everything."
2534,7227,2025-10-25 23:04:00,5,
2535,7208,2025-10-26 00:31:00,4,
2536,7202,2025-10-26 08:43:00,3,
2537,7204,2025-10-26 13:22:00,4,"Good work, a little pricey."
2538,7195,2025-10-26 15:31:00,5,"Fast, friendly, and explained everything."
2539,7223,2025-10-26 19:18:00,5,
2540,7237,2025-10-27 04:35:00,5,Honest shop. Didn't try to upsell me.
2541,7248,2025-10-28 06:23:00,4,Happy with the repair.
2542,7236,2025-10-28 07:12:00,5,
2543,7218,2025-10-28 07:35:00,5,
2544,7229,2025-10-28 11:06:00,2,
2545,7240,2025-10-28 18:30:00,2,Had to bring it back - it wasn't fixed right the first time.
2546,7258,2025-10-28 20:04:00,4,Solid service overall.
2547,7232,2025-10-28 20:13:00,4,"Friendly staff, quick turnaround."
2548,7255,2025-10-29 14:30:00,4,
2549,7253,2025-10-29 18:06:00,4,
2550,7270,2025-10-29 21:34:00,5,
2551,7222,2025-10-30 04:11:00,5,Great service and a fair price.
2552,7259,2025-10-30 08:23:00,5,
2553,7249,2025-10-30 13:55:00,5,
2554,7256,2025-10-30 15:53:00,5,
2555,7264,2025-10-31 00:40:00,5,Best shop I've used in Vegas.
2556,7261,2025-10-31 14:29:00,2,
2557,7294,2025-10-31 18:07:00,5,
2558,7268,2025-10-31 19:00:00,5,Best shop I've used in Vegas.
2559,7278,2025-10-31 19:35:00,5,Honest shop. Didn't try to upsell me.
2560,7267,2025-10-31 22:38:00,5,"Fast, friendly, and explained everything."
2561,7277,2025-11-01 01:07:00,4,"Good work, a little pricey."
2562,7308,2025-11-01 02:12:00,3,
2563,7296,2025-11-01 10:15:00,5,
2564,7272,2025-11-01 11:17:00,5,Great service and a fair price.
2565,7285,2025-11-01 13:09:00,4,Solid service overall.
2566,7291,2025-11-01 13:42:00,4,
2567,7288,2025-11-02 05:55:00,5,
2568,7302,2025-11-02 11:26:00,5,
2569,7281,2025-11-03 00:23:00,4,Solid service overall.
2570,7304,2025-11-03 03:38:00,5,Honest shop. Didn't try to upsell me.
2571,7276,2025-11-03 07:48:00,3,
2572,7330,2025-11-04 05:40:00,5,
2573,7301,2025-11-04 10:47:00,3,
2574,7338,2025-11-05 01:01:00,4,
2575,7315,2025-11-05 02:51:00,5,
2576,7326,2025-11-05 05:03:00,5,
2577,7324,2025-11-05 10:45:00,4,
2578,7328,2025-11-05 17:45:00,5,
2579,7344,2025-11-05 22:46:00,4,
2580,7348,2025-11-06 06:56:00,3,Took longer than promised.
2581,7323,2025-11-06 09:57:00,4,Happy with the repair.
2582,7337,2025-11-07 03:02:00,5,
2583,7341,2025-11-07 05:58:00,5,
2584,7332,2025-11-07 14:20:00,4,
2585,7339,2025-11-08 04:10:00,5,
2586,7349,2025-11-08 16:45:00,2,
2587,7363,2025-11-09 12:55:00,5,
2588,7353,2025-11-09 18:25:00,5,
2589,7375,2025-11-10 01:28:00,5,
2590,7357,2025-11-10 05:45:00,4,
2591,7396,2025-11-10 19:10:00,4,
2592,7372,2025-11-10 20:38:00,5,Best shop I've used in Vegas.
2593,7386,2025-11-11 12:41:00,4,
2594,7393,2025-11-11 18:56:00,5,
2595,7401,2025-11-11 22:23:00,4,
2596,7380,2025-11-11 22:37:00,4,
2597,7398,2025-11-12 03:06:00,4,"Friendly staff, quick turnaround."
2598,7391,2025-11-12 14:05:00,4,
2599,7397,2025-11-12 20:50:00,5,Honest shop. Didn't try to upsell me.
2600,7409,2025-11-13 02:52:00,4,
2601,7406,2025-11-13 07:53:00,5,
2602,7399,2025-11-13 11:35:00,4,Happy with the repair.
2603,7385,2025-11-13 23:15:00,5,
2604,7381,2025-11-14 01:42:00,4,
2605,7361,2025-11-14 04:13:00,2,Waited days for a part to come in.
2606,7439,2025-11-14 08:25:00,5,
2607,7403,2025-11-14 12:43:00,5,Car was ready early - will be back.
2608,7437,2025-11-14 18:09:00,4,
2609,7447,2025-11-14 21:13:00,4,
2610,7407,2025-11-15 03:21:00,5,
2611,7421,2025-11-15 06:17:00,4,Happy with the repair.
2612,7445,2025-11-15 16:01:00,5,"Fast, friendly, and explained everything."
2613,7414,2025-11-16 07:07:00,5,
2614,7426,2025-11-16 07:20:00,4,Solid service overall.
2615,7452,2025-11-16 08:06:00,5,
2616,7425,2025-11-16 20:59:00,4,
2617,7431,2025-11-17 04:51:00,4,
2618,7440,2025-11-17 07:39:00,3,"Okay experience, updates could be better."
2619,7377,2025-11-18 02:31:00,2,Parts delay turned a one-day job into a week.
2620,7470,2025-11-18 04:53:00,3,
2621,7450,2025-11-18 06:47:00,5,
2622,7438,2025-11-18 11:20:00,5,"Fast, friendly, and explained everything."
2623,7455,2025-11-18 18:08:00,4,"Friendly staff, quick turnaround."
2624,7453,2025-11-18 21:12:00,5,
2625,7473,2025-11-19 04:38:00,3,
2626,7466,2025-11-19 12:28:00,5,
2627,7458,2025-11-19 12:55:00,4,
2628,7463,2025-11-19 14:50:00,3,Repair was fine but the wait was long.
2629,7474,2025-11-19 16:13:00,4,
2630,7492,2025-11-19 19:36:00,5,
2631,7490,2025-11-19 22:49:00,4,
2632,7471,2025-11-20 02:25:00,4,
2633,7495,2025-11-20 07:41:00,4,"Friendly staff, quick turnaround."
2634,7477,2025-11-20 17:00:00,4,Happy with the repair.
2635,7486,2025-11-21 00:02:00,5,Car was ready early - will be back.
2636,7461,2025-11-21 01:44:00,4,"Friendly staff, quick turnaround."
2637,7462,2025-11-21 02:29:00,3,
2638,7476,2025-11-21 04:57:00,5,
2639,7497,2025-11-21 11:38:00,5,"Fast, friendly, and explained everything."
2640,7484,2025-11-21 13:21:00,4,
2641,7513,2025-11-21 22:19:00,4,Solid service overall.
2642,7503,2025-11-22 04:45:00,4,
2643,7508,2025-11-22 09:01:00,4,"Good work, a little pricey."
2644,7451,2025-11-22 10:37:00,5,
2645,7518,2025-11-22 15:22:00,5,Car was ready early - will be back.
2646,7494,2025-11-23 05:36:00,4,
2647,7523,2025-11-23 21:34:00,4,
2648,7506,2025-11-23 23:05:00,5,Honest shop. Didn't try to upsell me.
2649,7522,2025-11-24 08:21:00,5,Car was ready early - will be back.
2650,7519,2025-11-24 11:07:00,5,Great service and a fair price.
2651,7520,2025-11-25 09:39:00,5,
2652,7537,2025-11-25 12:35:00,4,"Good work, a little pricey."
2653,7531,2025-11-25 20:07:00,5,Honest shop. Didn't try to upsell me.
2654,7554,2025-11-26 17:41:00,4,Happy with the repair.
2655,7550,2025-11-26 23:16:00,4,
2656,7534,2025-11-27 16:07:00,5,
2657,7557,2025-11-27 16:22:00,5,
2658,7542,2025-11-27 17:50:00,5,
2659,7538,2025-11-27 20:20:00,4,Solid service overall.
2660,7546,2025-11-28 08:55:00,4,
2661,7570,2025-11-29 07:25:00,5,Great service and a fair price.
2662,7565,2025-11-29 11:29:00,4,"Good work, a little pricey."
2663,7567,2025-11-29 21:54:00,1,
2664,7585,2025-11-30 03:40:00,5,Car was ready early - will be back.
2665,7576,2025-11-30 06:32:00,5,Great service and a fair price.
2666,7597,2025-12-01 03:44:00,5,Best shop I've used in Vegas.
2667,7577,2025-12-01 06:15:00,3,Repair was fine but the wait was long.
2668,7595,2025-12-01 07:49:00,4,"Friendly staff, quick turnaround."
2669,7588,2025-12-01 15:56:00,4,
2670,7602,2025-12-01 18:07:00,5,
2671,7578,2025-12-02 03:47:00,4,
2672,7603,2025-12-02 09:57:00,5,
2673,7594,2025-12-02 15:33:00,5,
2674,7591,2025-12-02 15:42:00,3,
2675,7620,2025-12-02 19:02:00,5,Honest shop. Didn't try to upsell me.
2676,7613,2025-12-02 21:16:00,3,
2677,7619,2025-12-02 21:31:00,5,
2678,7593,2025-12-03 05:32:00,3,
2679,7599,2025-12-03 08:41:00,4,
2680,7586,2025-12-03 09:42:00,4,Happy with the repair.
2681,7626,2025-12-03 13:02:00,5,Car was ready early - will be back.
2682,7640,2025-12-04 00:40:00,5,Best shop I've used in Vegas.
2683,7600,2025-12-04 03:16:00,4,
2684,7618,2025-12-04 05:36:00,5,
2685,7601,2025-12-04 17:58:00,5,Best shop I've used in Vegas.
2686,7612,2025-12-04 21:32:00,4,
2687,7649,2025-12-05 00:36:00,3,
2688,7617,2025-12-05 03:50:00,5,
2689,7616,2025-12-05 07:05:00,5,Car was ready early - will be back.
2690,7643,2025-12-05 17:11:00,4,Happy with the repair.
2691,7670,2025-12-05 21:00:00,5,"Fast, friendly, and explained everything."
2692,7665,2025-12-06 05:22:00,3,
2693,7666,2025-12-06 07:58:00,5,"Fast, friendly, and explained everything."
2694,7629,2025-12-06 09:06:00,4,Happy with the repair.
2695,7633,2025-12-06 09:17:00,4,"Good work, a little pricey."
2696,7650,2025-12-06 16:08:00,4,
2697,7662,2025-12-06 22:54:00,4,
2698,7641,2025-12-06 23:02:00,3,
2699,7669,2025-12-07 10:32:00,4,
2700,7680,2025-12-08 01:51:00,5,
2701,7660,2025-12-08 10:48:00,3,Same problem came back a week later.
2702,7686,2025-12-08 16:01:00,5,Honest shop. Didn't try to upsell me.
2703,7675,2025-12-08 17:54:00,4,
2704,7692,2025-12-08 22:59:00,3,
2705,7684,2025-12-09 15:11:00,4,"Friendly staff, quick turnaround."
2706,7701,2025-12-09 16:08:00,5,
2707,7676,2025-12-10 01:36:00,5,Honest shop. Didn't try to upsell me.
2708,7682,2025-12-10 01:47:00,5,
2709,7685,2025-12-10 02:06:00,5,
2710,7693,2025-12-10 09:11:00,3,Took longer than promised.
2711,7712,2025-12-10 13:23:00,5,
2712,7709,2025-12-10 15:11:00,3,
2713,7691,2025-12-10 15:50:00,5,
2714,7713,2025-12-11 02:59:00,4,Happy with the repair.
2715,7687,2025-12-11 17:58:00,4,"Good work, a little pricey."
2716,7699,2025-12-12 02:11:00,5,
2717,7731,2025-12-12 09:08:00,4,"Friendly staff, quick turnaround."
2718,7723,2025-12-12 20:08:00,3,
2719,7722,2025-12-13 06:33:00,3,
2720,7737,2025-12-13 09:08:00,2,Had to follow up several times for an update.
2721,7741,2025-12-13 11:21:00,4,
2722,7725,2025-12-13 17:03:00,4,
2723,7739,2025-12-14 00:56:00,4,Solid service overall.
2724,7752,2025-12-14 03:43:00,4,"Good work, a little pricey."
2725,7719,2025-12-14 09:24:00,3,
2726,7746,2025-12-14 11:37:00,5,
2727,7757,2025-12-14 12:04:00,4,
2728,7724,2025-12-14 16:06:00,5,Best shop I've used in Vegas.
2729,7743,2025-12-14 22:04:00,5,
2730,7726,2025-12-15 01:10:00,4,
2731,7745,2025-12-15 02:45:00,5,
2732,7753,2025-12-15 04:51:00,3,
2733,7764,2025-12-15 14:00:00,3,Same problem came back a week later.
2734,7772,2025-12-15 15:47:00,4,
2735,7762,2025-12-15 18:59:00,5,
2736,7770,2025-12-16 15:58:00,2,Took way too long and nobody called me.
2737,7744,2025-12-17 00:27:00,5,Honest shop. Didn't try to upsell me.
2738,7767,2025-12-17 03:31:00,4,"Friendly staff, quick turnaround."
2739,7760,2025-12-17 06:23:00,5,
2740,7799,2025-12-18 01:23:00,5,"Fast, friendly, and explained everything."
2741,7790,2025-12-18 10:00:00,5,Honest shop. Didn't try to upsell me.
2742,7798,2025-12-18 21:27:00,4,
2743,7802,2025-12-19 00:03:00,5,"Fast, friendly, and explained everything."
2744,7778,2025-12-19 05:20:00,4,
2745,7781,2025-12-19 06:58:00,4,"Good work, a little pricey."
2746,7793,2025-12-19 15:53:00,4,Happy with the repair.
2747,7779,2025-12-19 17:18:00,5,Car was ready early - will be back.
2748,7786,2025-12-19 20:19:00,3,
2749,7801,2025-12-19 20:32:00,5,
2750,7780,2025-12-20 01:46:00,5,
2751,7814,2025-12-20 02:58:00,5,Great service and a fair price.
2752,7792,2025-12-20 05:20:00,4,"Friendly staff, quick turnaround."
2753,7795,2025-12-20 06:36:00,5,"Fast, friendly, and explained everything."
2754,7800,2025-12-20 12:34:00,5,
2755,7820,2025-12-21 13:24:00,5,
2756,7847,2025-12-22 20:53:00,3,
2757,7839,2025-12-22 23:23:00,4,
2758,7811,2025-12-22 23:25:00,4,
2759,7827,2025-12-23 02:37:00,4,"Good work, a little pricey."
2760,7843,2025-12-23 03:15:00,4,Happy with the repair.
2761,7813,2025-12-23 15:08:00,4,"Good work, a little pricey."
2762,7835,2025-12-23 15:17:00,5,Car was ready early - will be back.
2763,7838,2025-12-23 19:59:00,5,
2764,7860,2025-12-24 01:03:00,4,
2765,7853,2025-12-24 03:24:00,4,
2766,7831,2025-12-24 07:26:00,3,
2767,7825,2025-12-24 09:21:00,4,Solid service overall.
2768,7862,2025-12-25 06:17:00,4,Solid service overall.
2769,7840,2025-12-25 17:25:00,3,
2770,7868,2025-12-26 11:07:00,4,
2771,7845,2025-12-26 14:04:00,5,Car was ready early - will be back.
2772,7857,2025-12-26 15:15:00,4,Happy with the repair.
2773,7885,2025-12-26 20:45:00,4,Happy with the repair.
2774,7881,2025-12-27 20:10:00,5,Best shop I've used in Vegas.
2775,7895,2025-12-29 06:55:00,4,"Friendly staff, quick turnaround."
2776,7900,2025-12-29 10:58:00,4,"Good work, a little pricey."
2777,7896,2025-12-29 22:01:00,4,Happy with the repair.
2778,7867,2025-12-29 22:14:00,4,
2779,7898,2025-12-30 01:51:00,4,Happy with the repair.
2780,7915,2025-12-30 18:59:00,4,
2781,7920,2025-12-31 02:15:00,5,
