customer_id,first_name,last_name,company_name,phone,email,zip_code,acquisition_channel,customer_since
1,Joyce,Matthews,,(702) 555-4969,,89014,Yelp,2018-01-04
2,Sofia,Cox,,,sofia.cox@example.com,89113,Referral,2018-01-05
3,Kimberly,Davis,,(702) 555-6967,kimberly.davis@example.com,89179,Referral,2018-01-06
4,Megan,Armstrong,,(702) 555-7550,,89139,Google Search,2018-01-06
5,Tiffany,Moore,,(725) 555-5959,tiffany.moore@example.com,89166,Referral,2018-01-09
6,Jennifer,Ochoa,,(725) 555-5560,jennifer.ochoa@example.com,89120,Google Search,2018-01-11
7,Jonathan,Boyd,Boyd Electric LLC,(702) 555-4661,jonathan.boyd@example.net,89113,Fleet Account,2018-01-12
8,Dorothy,Chandler,,(702) 555-3903,dorothy.chandler@example.com,89120,Yelp,2018-01-21
9,Priya,Graham,,(702) 555-5300,priya.graham@example.com,89128,Walk-in,2018-01-21
10,Ethan,Ruiz,,(702) 555-7102,ethan.ruiz@example.com,89113,Social Media,2018-01-25
11,Alan,Jordan,,(702) 555-2563,alan.jordan@example.com,89117,Walk-in,2018-01-29
12,Sofia,Torres,Torres Plumbing LLC,(702) 555-7639,sofia.torres@example.net,89121,Fleet Account,2018-01-31
13,Raymond,Hampton,,(702) 555-2736,,89183,Google Search,2018-02-01
14,Melissa,Marshall,,(702) 555-4864,melissa.marshall@example.com,89148,Google Search,2018-02-02
15,James,Jones,,(702) 555-5621,james.jones@example.com,89148,Google Search,2018-02-05
16,Diana,Thornton,Thornton Property Management LLC,(702) 555-9065,diana.thornton@example.net,89178,Fleet Account,2018-02-05
17,Jeremy,Webb,,(702) 555-2176,jeremy.webb@example.com,89148,Walk-in,2018-02-07
18,Christian,Wong,Wong Electric LLC,(702) 555-9980,christian.wong@example.net,89102,Fleet Account,2018-02-08
19,Ruth,Hail,,(702) 555-7148,,89183,Google Search,2018-02-22
20,Matthew,Wise,,(702) 555-1276,matthew.wise@example.com,89117,Social Media,2018-02-23
21,Rosa,West,,(725) 555-1167,rosa.west@example.com,89148,Yelp,2018-02-24
22,Jennifer,Ibarra,,(702) 555-5494,jennifer.ibarra@example.com,89139,Google Search,2018-02-25
23,Isabella,Santiago,Santiago Plumbing LLC,(702) 555-1369,isabella.santiago@example.net,89128,Fleet Account,2018-02-25
24,Timothy,Hoffman,,(702) 555-7069,timothy.hoffman@example.com,89118,Walk-in,2018-03-08
25,Paul,Hardy,,(702) 555-2002,,89123,Google Search,2018-03-10
26,Ana,Flores,,(702) 555-3854,ana.flores@example.com,89117,Yelp,2018-03-11
27,Linh,Thomas,,(702) 555-4936,linh.thomas@example.com,89145,Walk-in,2018-03-11
28,Larry,King,,(702) 555-6683,larry.king@example.com,89149,Social Media,2018-03-11
29,Carolyn,Lawrence,,(702) 555-4281,carolyn.lawrence@example.com,89148,Referral,2018-03-14
30,Maria,Wheeler,,(725) 555-2006,maria.wheeler@example.com,89183,Referral,2018-03-14
31,Natalie,Bishop,,(725) 555-1975,natalie.bishop@example.com,89110,Referral,2018-03-17
32,Roy,Henry,,(702) 555-4398,roy.henry@example.com,89118,Referral,2018-03-17
33,Cynthia,Wheeler,,(702) 555-1810,cynthia.wheeler@example.com,89149,Walk-in,2018-03-20
34,Caleb,Padilla,,(702) 555-2744,caleb.padilla@example.com,89119,Google Search,2018-03-24
35,Harold,Barber,,(725) 555-2023,harold.barber@example.com,89166,Google Search,2018-03-25
36,Kayla,Hines,,(702) 555-9699,kayla.hines@example.com,89118,Google Search,2018-03-31
37,Jordan,Johnston,,(725) 555-9788,jordan.johnston@example.com,89178,Referral,2018-04-02
38,Marilyn,Franklin,,(702) 555-7052,marilyn.franklin@example.com,89147,Walk-in,2018-04-05
39,Pamela,Ortiz,,(702) 555-4412,pamela.ortiz@example.com,89128,Referral,2018-04-06
40,Jose,Khan,,(702) 555-5786,jose.khan@example.com,89123,Yelp,2018-04-08
41,Rachel,Byrd,,(702) 555-8525,,89141,Google Search,2018-04-13
42,Kelly,Barker,,(702) 555-3419,kelly.barker@example.com,89113,Google Search,2018-04-13
43,Tariq,Blair,,(702) 555-9783,tariq.blair@example.com,89148,Referral,2018-04-21
44,Carlos,Black,,(702) 555-0763,carlos.black@example.com,89120,Walk-in,2018-04-23
45,Hiroshi,Yang,,(725) 555-2233,hiroshi.yang@example.com,89148,Social Media,2018-04-26
46,Anthony,Adkins,,(702) 555-6153,anthony.adkins@example.com,89086,Yelp,2018-04-29
47,Carol,Schwartz,,(702) 555-7869,carol.schwartz@example.com,89121,Yelp,2018-04-29
48,Debra,Schneider,,(702) 555-2398,,89142,Google Search,2018-05-01
49,Susan,Wood,,(725) 555-8170,,89146,Referral,2018-05-03
50,Diane,Lyons,,(702) 555-6207,diane.lyons@example.com,89139,Social Media,2018-05-05
51,Linh,Espinoza,,(725) 555-5544,linh.espinoza@example.com,89074,Yelp,2018-05-06
52,Bryan,Hawkins,,(725) 555-2822,bryan.hawkins@example.com,89110,Yelp,2018-05-07
53,Matthew,Anderson,,(702) 555-6462,matthew.anderson@example.com,89144,Google Search,2018-05-09
54,Hannah,Sims,,(702) 555-5290,hannah.sims@example.com,89128,Yelp,2018-05-11
55,Alice,Weaver,,(702) 555-8343,,89115,Social Media,2018-05-14
56,Darnell,Cole,,(702) 555-3974,darnell.cole@example.com,89130,Walk-in,2018-05-15
57,Donald,Tran,,(725) 555-3428,,89179,Yelp,2018-05-16
58,Katherine,Caldwell,,(702) 555-5836,,89052,Referral,2018-05-17
59,Steven,Camacho,,(702) 555-9788,steven.camacho@example.com,89031,Walk-in,2018-05-18
60,Ethan,Reeves,,(702) 555-3973,ethan.reeves@example.com,89123,Referral,2018-05-25
61,Camila,Hines,Hines Courier Services LLC,(702) 555-5966,camila.hines@example.net,89147,Fleet Account,2018-05-27
62,Matthew,Rodriguez,,(725) 555-6045,matthew.rodriguez@example.com,89139,Referral,2018-05-28
63,Carol,Foster,,(725) 555-4650,carol.foster@example.com,89104,Referral,2018-06-06
64,Rebecca,Johnston,,(702) 555-2056,rebecca.johnston@example.com,89002,Referral,2018-06-06
65,Luis,Meyer,,(702) 555-3862,luis.meyer@example.com,89146,Referral,2018-06-08
66,Christian,Garza,,(702) 555-7457,christian.garza@example.com,89015,Walk-in,2018-06-11
67,Jacob,Daniels,,(702) 555-9095,jacob.daniels@example.com,89146,Walk-in,2018-06-12
68,Imani,Conner,Conner Pest Control LLC,(702) 555-2751,imani.conner@example.net,89117,Fleet Account,2018-06-12
69,Jessica,Warner,,(725) 555-7962,jessica.warner@example.com,89086,Referral,2018-06-14
70,Jasmine,Tucker,,(725) 555-0074,jasmine.tucker@example.com,89108,Walk-in,2018-06-18
71,George,Douglas,Douglas Electric LLC,(702) 555-1560,george.douglas@example.net,89139,Fleet Account,2018-06-19
72,Christina,Barrett,,(702) 555-8849,,89147,Referral,2018-06-24
73,Randy,Barnes,,(725) 555-4411,,89117,Google Search,2018-06-26
74,Katherine,Avila,,(725) 555-9940,katherine.avila@example.com,89179,Social Media,2018-06-28
75,Sofia,Pearson,,(702) 555-6436,,89103,Google Search,2018-07-05
76,Sean,Simpson,,(702) 555-2508,sean.simpson@example.com,89120,Walk-in,2018-07-06
77,Linh,Benson,,(725) 555-4857,linh.benson@example.com,89139,Referral,2018-07-08
78,Cynthia,Gill,,(702) 555-7340,cynthia.gill@example.com,89117,Google Search,2018-07-14
79,Debra,Leonard,,(702) 555-2970,debra.leonard@example.com,89138,Walk-in,2018-07-15
80,Jesse,Castaneda,,(702) 555-6795,jesse.castaneda@example.com,89147,Yelp,2018-07-17
81,Janice,Paul,,(702) 555-0807,,89109,Google Search,2018-07-22
82,Bobby,Waters,,(702) 555-4017,bobby.waters@example.com,89103,Google Search,2018-07-23
83,Jacqueline,Stone,,(702) 555-2847,jacqueline.stone@example.com,89102,Google Search,2018-07-25
84,Samuel,Espinoza,,(725) 555-6783,samuel.espinoza@example.com,89123,Social Media,2018-07-25
85,Bruce,Parsons,Parsons Plumbing LLC,(702) 555-8969,bruce.parsons@example.net,89103,Fleet Account,2018-07-26
86,Rebecca,Cox,,(702) 555-1154,rebecca.cox@example.com,89183,Referral,2018-07-28
87,Catherine,Jensen,,(725) 555-2650,catherine.jensen@example.com,89178,Yelp,2018-07-29
88,Maria,Richards,,(702) 555-3860,maria.richards@example.com,89139,Referral,2018-07-30
89,Janet,Gordon,,(702) 555-6725,janet.gordon@example.com,89145,Google Search,2018-07-30
90,Keisha,Sanchez,,(702) 555-2478,keisha.sanchez@example.com,89117,Google Search,2018-08-03
91,Gary,Dixon,,(702) 555-7630,gary.dixon@example.com,89014,Google Search,2018-08-03
92,Elizabeth,Turner,,(725) 555-8945,elizabeth.turner@example.com,89121,Referral,2018-08-03
93,Andres,Fischer,,,andres.fischer@example.com,89117,Referral,2018-08-09
94,Henry,Chan,,(702) 555-8815,,89139,Yelp,2018-08-16
95,Leila,Palmer,,(702) 555-6230,leila.palmer@example.com,89139,Referral,2018-08-20
96,Samantha,Gray,Gray Plumbing LLC,(725) 555-9562,samantha.gray@example.net,89123,Fleet Account,2018-08-23
97,Jesse,Farmer,,(702) 555-4898,jesse.farmer@example.com,89113,Google Search,2018-08-24
98,Hiroshi,Erickson,,(702) 555-9151,hiroshi.erickson@example.com,89117,Social Media,2018-08-24
99,Teresa,Long,,(702) 555-1873,teresa.long@example.com,89178,Google Search,2018-08-28
100,Ryan,Johnston,,(702) 555-2470,,89183,Social Media,2018-08-28
101,Laura,Mendoza,,(702) 555-7518,laura.mendoza@example.com,89178,Referral,2018-09-01
102,Camila,Grant,,(702) 555-2167,camila.grant@example.com,89139,Google Search,2018-09-01
103,Amber,Mitchell,Mitchell Pool Service LLC,(702) 555-7801,amber.mitchell@example.net,89102,Fleet Account,2018-09-03
104,Grace,Blair,,(702) 555-0797,grace.blair@example.com,89144,Social Media,2018-09-08
105,Ethan,Matthews,,(702) 555-7463,ethan.matthews@example.com,89103,Social Media,2018-09-11
106,Vincent,Barker,,(725) 555-6275,vincent.barker@example.com,89103,Referral,2018-09-12
107,Jasmine,Goodwin,,(702) 555-7859,jasmine.goodwin@example.com,89183,Walk-in,2018-09-14
108,Frank,Rosales,,(702) 555-8019,frank.rosales@example.com,89129,Walk-in,2018-09-14
109,Helen,Sims,,(702) 555-7408,helen.sims@example.com,89081,Google Search,2018-09-14
110,Patricia,Pham,,(702) 555-7400,patricia.pham@example.com,89015,Referral,2018-09-14
111,Hannah,Thornton,,(725) 555-5424,hannah.thornton@example.com,89113,Yelp,2018-09-24
112,Anna,Myers,Myers Property Management LLC,(702) 555-5090,anna.myers@example.net,89086,Fleet Account,2018-09-26
113,Albert,Peters,,(702) 555-9535,albert.peters@example.com,89074,Social Media,2018-09-30
114,Douglas,Schmidt,Schmidt Mobile Detailing LLC,(702) 555-1274,douglas.schmidt@example.net,89113,Fleet Account,2018-10-01
115,Janet,Norman,,(702) 555-5828,janet.norman@example.com,89139,Referral,2018-10-01
116,Juan,Pearson,,(702) 555-3608,juan.pearson@example.com,89139,Google Search,2018-10-02
117,Sophia,Peters,,(702) 555-0758,sophia.peters@example.com,89117,Social Media,2018-10-02
118,Elijah,Francis,,(702) 555-6338,elijah.francis@example.com,89144,Yelp,2018-10-02
119,Harold,Horton,,(702) 555-0536,harold.horton@example.com,89118,Google Search,2018-10-03
120,Robert,Oconnor,,(702) 555-5878,robert.oconnor@example.com,89118,Google Search,2018-10-04
121,Bobby,Banks,,(702) 555-3089,,89119,Google Search,2018-10-07
122,Nathan,Lloyd,,(702) 555-3635,nathan.lloyd@example.com,89102,Google Search,2018-10-10
123,Victoria,Henry,,(725) 555-2292,victoria.henry@example.com,89120,Yelp,2018-10-15
124,Diane,Santiago,,(702) 555-1758,diane.santiago@example.com,89178,Yelp,2018-10-16
125,Elena,Lawrence,,(702) 555-3056,elena.lawrence@example.com,89178,Social Media,2018-10-16
126,Teresa,Berry,,(702) 555-1821,teresa.berry@example.com,89141,Social Media,2018-10-18
127,Jessica,Miles,,(702) 555-3482,jessica.miles@example.com,89113,Referral,2018-10-20
128,Valeria,Contreras,,(702) 555-6834,,89120,Google Search,2018-10-24
129,Larry,Morris,,(702) 555-5869,larry.morris@example.com,89118,Walk-in,2018-10-25
130,Katherine,Daniel,,(702) 555-8496,katherine.daniel@example.com,89119,Google Search,2018-10-25
131,Stephanie,Strickland,,(702) 555-9992,stephanie.strickland@example.com,89156,Google Search,2018-10-26
132,Natalie,Gibson,,(725) 555-4227,natalie.gibson@example.com,89121,Google Search,2018-10-28
133,Rosa,Reed,,(702) 555-6448,,89106,Walk-in,2018-11-09
134,Timothy,Frazier,,(702) 555-9073,timothy.frazier@example.com,89012,Walk-in,2018-11-09
135,Victoria,Delacruz,,(702) 555-7290,victoria.delacruz@example.com,89106,Google Search,2018-11-12
136,Mark,Rodgers,,(702) 555-0307,mark.rodgers@example.com,89142,Google Search,2018-11-12
137,Madison,Curry,,(702) 555-5243,,89135,Google Search,2018-11-13
138,Rachel,Freeman,,(702) 555-3846,rachel.freeman@example.com,89148,Referral,2018-11-13
139,Lisa,Ortiz,,(702) 555-3549,lisa.ortiz@example.com,89108,Referral,2018-11-18
140,Robert,Ayala,,(702) 555-5570,robert.ayala@example.com,89123,Referral,2018-11-19
141,Jasmine,Patterson,,(702) 555-1902,jasmine.patterson@example.com,89139,Referral,2018-12-02
142,Samuel,Fletcher,,(725) 555-9897,samuel.fletcher@example.com,89147,Walk-in,2018-12-08
143,Beverly,Watts,,(702) 555-4333,beverly.watts@example.com,89183,Referral,2018-12-10
144,Bobby,Patel,,(702) 555-9271,bobby.patel@example.com,89103,Yelp,2018-12-12
145,Kathleen,Baldwin,,(702) 555-2505,kathleen.baldwin@example.com,89146,Walk-in,2018-12-17
146,Jasmine,Fitzgerald,,(702) 555-2206,jasmine.fitzgerald@example.com,89145,Social Media,2018-12-17
147,Jerry,Strickland,,(702) 555-6891,jerry.strickland@example.com,89108,Walk-in,2018-12-18
148,Dylan,Sanders,,(702) 555-4771,dylan.sanders@example.com,89146,Google Search,2018-12-18
149,Sara,Le,,(725) 555-6838,sara.le@example.com,89123,Referral,2018-12-24
150,Carl,Osborne,,(702) 555-0700,,89139,Social Media,2018-12-26
151,Dorothy,Rodriguez,,(702) 555-6712,dorothy.rodriguez@example.com,89103,Referral,2018-12-26
152,Christine,Dennis,,(725) 555-8862,christine.dennis@example.com,89183,Walk-in,2018-12-27
153,Ronald,Medina,,(702) 555-6875,ronald.medina@example.com,89074,Google Search,2019-01-01
154,Christine,Roberts,,(725) 555-7712,christine.roberts@example.com,89052,Google Search,2019-01-03
155,Priya,Lee,,(702) 555-0894,priya.lee@example.com,89118,Yelp,2019-01-04
156,Melissa,Khan,,(702) 555-6941,melissa.khan@example.com,89108,Referral,2019-01-04
157,Catherine,Chen,,(702) 555-1357,catherine.chen@example.com,89113,Referral,2019-01-06
158,Noah,Buchanan,,(702) 555-7801,noah.buchanan@example.com,89117,Referral,2019-01-07
159,Natalie,McDaniel,,(725) 555-1101,,89102,Referral,2019-01-10
160,Andre,Anderson,,(725) 555-4763,andre.anderson@example.com,89123,Walk-in,2019-01-14
161,Rosa,Torres,,(702) 555-0559,rosa.torres@example.com,89102,Referral,2019-01-15
162,Mohammed,Rios,,(702) 555-5472,mohammed.rios@example.com,89141,Referral,2019-01-18
163,Peter,Tran,,(702) 555-4869,peter.tran@example.com,89139,Social Media,2019-01-20
164,Priya,Sherman,,(702) 555-2434,priya.sherman@example.com,89121,Walk-in,2019-01-21
165,Christopher,Hunt,,(702) 555-4904,christopher.hunt@example.com,89183,Walk-in,2019-01-21
166,Jordan,Franklin,,(702) 555-7544,jordan.franklin@example.com,89103,Google Search,2019-01-24
167,Ruth,Graves,,,ruth.graves@example.com,89117,Referral,2019-01-25
168,Amara,Elliott,,(702) 555-7535,amara.elliott@example.com,89135,Referral,2019-01-26
169,Mohammed,Todd,,(725) 555-2993,mohammed.todd@example.com,89139,Social Media,2019-01-30
170,Megan,Cardenas,,(702) 555-5742,megan.cardenas@example.com,89103,Yelp,2019-02-01
171,Caleb,Gibbs,Gibbs Property Management LLC,(702) 555-0147,caleb.gibbs@example.net,89183,Fleet Account,2019-02-07
172,Alexis,Lambert,,(702) 555-5516,alexis.lambert@example.com,89148,Yelp,2019-02-08
173,Amy,Sanchez,,(702) 555-7937,amy.sanchez@example.com,89074,Social Media,2019-02-09
174,Mary,Floyd,,(702) 555-3115,mary.floyd@example.com,89183,Google Search,2019-02-11
175,Kathleen,Gill,,(702) 555-2386,kathleen.gill@example.com,89178,Referral,2019-02-12
176,Sean,Rojas,,(725) 555-9088,sean.rojas@example.com,89119,Walk-in,2019-02-23
177,Jerry,Olson,,(702) 555-0902,jerry.olson@example.com,89139,Google Search,2019-02-23
178,Fatima,Howard,,(702) 555-4140,fatima.howard@example.com,89148,Yelp,2019-02-28
179,Beverly,Frank,,,beverly.frank@example.com,89117,Google Search,2019-03-01
180,Andrew,Harris,,(702) 555-1934,andrew.harris@example.com,89103,Social Media,2019-03-02
181,Brenda,Christensen,,(702) 555-8313,brenda.christensen@example.com,89118,Social Media,2019-03-03
182,Vincent,Davidson,,(702) 555-4023,vincent.davidson@example.com,89141,Yelp,2019-03-03
183,Anjali,Gallagher,,(702) 555-7840,anjali.gallagher@example.com,89081,Google Search,2019-03-03
184,Mark,Butler,,(725) 555-1990,mark.butler@example.com,89183,Yelp,2019-03-04
185,Virginia,Schwartz,,(702) 555-2473,virginia.schwartz@example.com,89109,Google Search,2019-03-05
186,Joseph,Morrison,,(702) 555-5927,joseph.morrison@example.com,89139,Google Search,2019-03-09
187,Bryan,Fisher,,(702) 555-0505,bryan.fisher@example.com,89123,Walk-in,2019-03-10
188,Linh,Dennis,,(702) 555-1783,linh.dennis@example.com,89147,Walk-in,2019-03-12
189,Anjali,Carlson,,(702) 555-6226,anjali.carlson@example.com,89148,Yelp,2019-03-13
190,Lucas,Fleming,,(702) 555-2725,lucas.fleming@example.com,89135,Yelp,2019-03-15
191,Patrick,Wu,,(702) 555-7105,patrick.wu@example.com,89146,Referral,2019-03-18
192,Olivia,Luna,,(725) 555-9487,olivia.luna@example.com,89103,Walk-in,2019-03-19
193,Zachary,Franklin,,(702) 555-7094,zachary.franklin@example.com,89147,Google Search,2019-03-21
194,Alice,Sutton,,(702) 555-0785,alice.sutton@example.com,89121,Google Search,2019-03-24
195,Marcus,Walton,Walton Property Management LLC,(725) 555-1411,marcus.walton@example.net,89147,Fleet Account,2019-03-29
196,Brandon,Hail,,(725) 555-8068,brandon.hail@example.com,89084,Walk-in,2019-03-29
197,Caleb,Hanson,Hanson Property Management LLC,(702) 555-8030,caleb.hanson@example.net,89012,Fleet Account,2019-04-01
198,Joe,Walsh,Walsh Mobile Detailing LLC,(725) 555-3602,joe.walsh@example.net,89113,Fleet Account,2019-04-01
199,Carolyn,Kramer,,(702) 555-4324,,89113,Google Search,2019-04-01
200,Tariq,Wagner,,(702) 555-3914,tariq.wagner@example.com,89014,Referral,2019-04-02
201,Minh,Lloyd,,(725) 555-7038,minh.lloyd@example.com,89135,Google Search,2019-04-03
202,Olivia,Fischer,,(702) 555-0899,olivia.fischer@example.com,89148,Google Search,2019-04-06
203,Tariq,Jennings,,(702) 555-7524,tariq.jennings@example.com,89147,Yelp,2019-04-08
204,Laura,Horton,,(725) 555-6973,laura.horton@example.com,89115,Referral,2019-04-08
205,Omar,Romero,,(702) 555-4177,omar.romero@example.com,89178,Social Media,2019-04-08
206,Russell,Miles,Miles Property Management LLC,(702) 555-8258,russell.miles@example.net,89107,Fleet Account,2019-04-09
207,Carol,Campbell,,(702) 555-7641,carol.campbell@example.com,89135,Google Search,2019-04-09
208,Pamela,Gonzalez,,(702) 555-7009,pamela.gonzalez@example.com,89110,Google Search,2019-04-10
209,Stephen,Gonzalez,,(702) 555-5039,stephen.gonzalez@example.com,89134,Walk-in,2019-04-15
210,Ana,Powell,,(725) 555-3676,ana.powell@example.com,89107,Yelp,2019-04-16
211,Ana,Ramirez,,(702) 555-8409,ana.ramirez@example.com,89146,Walk-in,2019-04-16
212,Richard,Myers,,(702) 555-7449,richard.myers@example.com,89147,Google Search,2019-04-18
213,Jeremy,Patterson,,(702) 555-1016,jeremy.patterson@example.com,89146,Referral,2019-04-20
214,Ashley,Peters,,(702) 555-2058,ashley.peters@example.com,89012,Google Search,2019-04-21
215,Mohammed,Fletcher,,(702) 555-9403,mohammed.fletcher@example.com,89123,Google Search,2019-04-23
216,Kenneth,Singh,Singh Plumbing LLC,(702) 555-8295,kenneth.singh@example.net,89147,Fleet Account,2019-04-23
217,Melissa,Davis,,(725) 555-0117,melissa.davis@example.com,89052,Google Search,2019-04-26
218,Benjamin,Lynch,,(725) 555-7259,benjamin.lynch@example.com,89147,Referral,2019-04-26
219,Victoria,Ibarra,,(702) 555-4157,victoria.ibarra@example.com,89118,Referral,2019-04-26
220,Michelle,Delacruz,,(702) 555-4549,michelle.delacruz@example.com,89103,Google Search,2019-04-27
221,Diane,Moss,,(702) 555-4147,diane.moss@example.com,89178,Walk-in,2019-04-30
222,Catherine,Carrillo,,(725) 555-7265,catherine.carrillo@example.com,89119,Google Search,2019-05-02
223,Nathan,Ball,,(725) 555-1004,nathan.ball@example.com,89118,Google Search,2019-05-04
224,Lauren,Garrett,,(702) 555-7518,lauren.garrett@example.com,89052,Google Search,2019-05-07
225,Stephanie,Fowler,,(702) 555-1509,stephanie.fowler@example.com,89109,Walk-in,2019-05-13
226,Frances,Payne,,(702) 555-6827,frances.payne@example.com,89139,Walk-in,2019-05-13
227,Ann,Bowen,,(702) 555-6326,ann.bowen@example.com,89148,Walk-in,2019-05-15
228,Valeria,Olson,,(702) 555-1131,valeria.olson@example.com,89148,Google Search,2019-05-16
229,Theresa,Nunez,,(725) 555-2565,theresa.nunez@example.com,89113,Referral,2019-05-17
230,Leila,Payne,,(702) 555-5836,leila.payne@example.com,89123,Google Search,2019-05-21
231,Hannah,Martin,,(702) 555-8852,hannah.martin@example.com,89142,Social Media,2019-05-22
232,Judy,Evans,,(725) 555-6369,judy.evans@example.com,89103,Referral,2019-05-23
233,Kwame,Li,,(702) 555-7645,kwame.li@example.com,89086,Referral,2019-05-26
234,Samantha,Cummings,,(702) 555-6920,samantha.cummings@example.com,89128,Google Search,2019-05-26
235,Victoria,Davidson,,(725) 555-1651,,89118,Referral,2019-05-28
236,Roy,Howard,,(702) 555-9306,roy.howard@example.com,89103,Google Search,2019-05-28
237,Doris,Bowers,,(702) 555-1944,doris.bowers@example.com,89123,Google Search,2019-06-03
238,Barbara,Mann,,(702) 555-2415,barbara.mann@example.com,89113,Referral,2019-06-05
239,Ronald,Sherman,,(725) 555-1843,ronald.sherman@example.com,89103,Social Media,2019-06-05
240,Alexander,Morris,,(702) 555-0298,alexander.morris@example.com,89081,Google Search,2019-06-05
241,Caleb,Allen,,(702) 555-4935,caleb.allen@example.com,89118,Google Search,2019-06-09
242,Olivia,Hunt,,(702) 555-9250,,89118,Google Search,2019-06-11
243,Jean,Beck,,(702) 555-8127,jean.beck@example.com,89052,Walk-in,2019-06-17
244,Christian,Tate,,(702) 555-9671,christian.tate@example.com,89012,Social Media,2019-06-18
245,Samuel,Mendez,,(725) 555-9285,samuel.mendez@example.com,89141,Referral,2019-06-26
246,Kimberly,Hawkins,,(702) 555-6521,,89166,Google Search,2019-06-26
247,Kayla,Martin,,(702) 555-7273,,89135,Walk-in,2019-06-29
248,Randy,Rowe,,(702) 555-4210,,89149,Walk-in,2019-06-30
249,Patricia,Ramos,,(702) 555-4694,patricia.ramos@example.com,89107,Social Media,2019-07-01
250,Julia,Stanley,,(725) 555-4524,julia.stanley@example.com,89115,Referral,2019-07-03
251,Linda,Guzman,,(725) 555-5095,linda.guzman@example.com,89148,Walk-in,2019-07-05
252,Mohammed,Blair,,(702) 555-9445,mohammed.blair@example.com,89117,Walk-in,2019-07-08
253,Brian,McGee,,(725) 555-4967,brian.mcgee@example.com,89110,Google Search,2019-07-09
254,Abigail,Lyons,,(702) 555-8845,abigail.lyons@example.com,89138,Walk-in,2019-07-12
255,Megan,Zhang,,(702) 555-2721,megan.zhang@example.com,89115,Referral,2019-07-19
256,Alan,Kim,,(702) 555-5072,alan.kim@example.com,89011,Google Search,2019-07-19
257,Marcus,Estrada,,,marcus.estrada@example.com,89148,Google Search,2019-07-20
258,Tamika,Hunt,,(702) 555-3251,tamika.hunt@example.com,89109,Walk-in,2019-07-23
259,Jessica,Howard,,(702) 555-3204,jessica.howard@example.com,89101,Google Search,2019-07-23
260,Roy,Washington,,(702) 555-2332,roy.washington@example.com,89117,Google Search,2019-07-23
261,Aisha,Munoz,,,aisha.munoz@example.com,89156,Referral,2019-07-24
262,Ethan,Rojas,,(702) 555-1054,ethan.rojas@example.com,89101,Walk-in,2019-07-27
263,Mateo,Moran,,(702) 555-0245,mateo.moran@example.com,89147,Google Search,2019-07-29
264,Rebecca,Harrington,,(725) 555-9971,rebecca.harrington@example.com,89118,Referral,2019-07-30
265,Carol,Malone,,(702) 555-2760,carol.malone@example.com,89113,Referral,2019-07-31
266,Paul,Ferguson,,(702) 555-5467,,89118,Walk-in,2019-08-02
267,Jordan,Parker,,(702) 555-7134,jordan.parker@example.com,89142,Referral,2019-08-05
268,Andre,Haynes,,(702) 555-1677,andre.haynes@example.com,89147,Google Search,2019-08-07
269,Luis,Murphy,,(702) 555-2457,luis.murphy@example.com,89148,Referral,2019-08-11
270,Terry,Morales,,(725) 555-4167,terry.morales@example.com,89123,Referral,2019-08-12
271,Alexis,Horton,,(725) 555-8623,alexis.horton@example.com,89139,Referral,2019-08-13
272,Gloria,Simon,,(702) 555-0582,gloria.simon@example.com,89147,Referral,2019-08-16
273,Linda,Weber,,(725) 555-6899,linda.weber@example.com,89183,Referral,2019-08-17
274,Roger,Thornton,,(702) 555-8854,roger.thornton@example.com,89146,Yelp,2019-08-24
275,Barbara,Henderson,,(702) 555-5804,barbara.henderson@example.com,89121,Google Search,2019-08-29
276,Randy,Hanson,Hanson Courier Services LLC,(702) 555-0989,randy.hanson@example.net,89179,Fleet Account,2019-08-29
277,Deborah,Norris,,(725) 555-4939,deborah.norris@example.com,89118,Google Search,2019-09-05
278,Sarah,Lopez,,(702) 555-9332,,89129,Yelp,2019-09-07
279,Joshua,Munoz,,(702) 555-3604,joshua.munoz@example.com,89118,Referral,2019-09-17
280,Joseph,Trujillo,,(702) 555-4606,joseph.trujillo@example.com,89148,Social Media,2019-09-19
281,Miguel,Gallegos,,(702) 555-3675,miguel.gallegos@example.com,89139,Referral,2019-09-19
282,Carl,Walker,,(702) 555-8355,carl.walker@example.com,89103,Yelp,2019-09-21
283,Priya,Mills,Mills Electric LLC,(725) 555-1703,priya.mills@example.net,89178,Fleet Account,2019-09-23
284,Grace,Nunez,,(702) 555-1823,grace.nunez@example.com,89108,Google Search,2019-09-28
285,Ethan,Phillips,,(725) 555-6617,,89117,Google Search,2019-09-30
286,Katherine,Welch,,(702) 555-5124,katherine.welch@example.com,89148,Walk-in,2019-09-30
287,Susan,Zimmerman,,(725) 555-9880,susan.zimmerman@example.com,89120,Google Search,2019-10-03
288,Bradley,Molina,,(702) 555-6293,bradley.molina@example.com,89113,Yelp,2019-10-09
289,Elizabeth,Lopez,,(702) 555-8994,elizabeth.lopez@example.com,89052,Google Search,2019-10-18
290,Kathleen,Curtis,,(725) 555-9966,kathleen.curtis@example.com,89149,Yelp,2019-10-21
291,Sean,Rowe,,(725) 555-5450,sean.rowe@example.com,89148,Google Search,2019-10-21
292,Alexander,Fitzgerald,Fitzgerald Electric LLC,(702) 555-2615,alexander.fitzgerald@example.net,89148,Fleet Account,2019-10-25
293,Adam,Price,,(702) 555-8245,adam.price@example.com,89120,Walk-in,2019-10-25
294,Austin,Weaver,,(702) 555-3391,,89119,Walk-in,2019-10-27
295,Debra,Moore,,(725) 555-4889,debra.moore@example.com,89052,Walk-in,2019-10-28
296,Brittany,Cohen,,(702) 555-8622,,89113,Google Search,2019-10-30
297,Jessica,Black,,(702) 555-0725,jessica.black@example.com,89147,Walk-in,2019-11-03
298,Jack,Mann,,(702) 555-0437,,89107,Referral,2019-11-06
299,Albert,Knight,,(702) 555-9160,albert.knight@example.com,89052,Google Search,2019-11-08
300,Martha,Ayala,,(702) 555-8291,martha.ayala@example.com,89119,Social Media,2019-11-08
301,Ricardo,Palmer,,(702) 555-8265,ricardo.palmer@example.com,89106,Google Search,2019-11-08
302,Laura,Camacho,,(702) 555-3068,laura.camacho@example.com,89183,Referral,2019-11-10
303,Ethan,Smith,,(725) 555-7749,ethan.smith@example.com,89074,Google Search,2019-11-11
304,Karen,Carroll,,(702) 555-6628,,89104,Referral,2019-11-12
305,Elena,Singh,,(702) 555-1865,elena.singh@example.com,89115,Google Search,2019-11-17
306,Kimberly,Austin,,(725) 555-2529,kimberly.austin@example.com,89178,Yelp,2019-11-17
307,Donald,Waters,,(702) 555-5748,,89144,Google Search,2019-11-18
308,Julie,Garcia,,(725) 555-1985,,89052,Referral,2019-11-19
309,Kayla,Gibson,,(702) 555-7067,kayla.gibson@example.com,89144,Referral,2019-11-23
310,Donna,Cummings,,(702) 555-9464,donna.cummings@example.com,89052,Google Search,2019-11-26
311,Mark,King,,(702) 555-4603,mark.king@example.com,89118,Google Search,2019-11-27
312,Sean,Holmes,,(702) 555-7015,sean.holmes@example.com,89118,Referral,2019-11-29
313,Billy,Mitchell,,(725) 555-9501,billy.mitchell@example.com,89074,Walk-in,2019-11-30
314,Jacqueline,Weber,,(702) 555-1037,jacqueline.weber@example.com,89145,Google Search,2019-11-30
315,Kimberly,Harvey,,(702) 555-4589,kimberly.harvey@example.com,89120,Google Search,2019-12-01
316,Jordan,Goodwin,,(702) 555-5929,jordan.goodwin@example.com,89121,Google Search,2019-12-03
317,Frank,Carpenter,,(702) 555-1246,frank.carpenter@example.com,89102,Walk-in,2019-12-05
318,Julie,Sharp,,(725) 555-6129,julie.sharp@example.com,89117,Walk-in,2019-12-10
319,Jason,Suarez,,(702) 555-2506,jason.suarez@example.com,89179,Google Search,2019-12-15
320,Minh,Allen,,(725) 555-3222,minh.allen@example.com,89139,Referral,2019-12-21
321,Amanda,Frank,,(702) 555-9659,amanda.frank@example.com,89129,Yelp,2019-12-21
322,Gerald,Paul,,(725) 555-1388,gerald.paul@example.com,89148,Yelp,2019-12-25
323,Rebecca,Hawkins,,(725) 555-9682,rebecca.hawkins@example.com,89166,Yelp,2019-12-30
324,Anjali,Salinas,,(725) 555-4764,anjali.salinas@example.com,89130,Google Search,2020-01-05
325,Joan,Ball,,(702) 555-7030,joan.ball@example.com,89139,Social Media,2020-01-06
326,Pamela,Rhodes,,(702) 555-1129,pamela.rhodes@example.com,89135,Yelp,2020-01-09
327,Mei,Chapman,,(702) 555-8224,mei.chapman@example.com,89113,Google Search,2020-01-15
328,Ethan,Pacheco,,(725) 555-6813,ethan.pacheco@example.com,89146,Referral,2020-01-17
329,Alexis,Dean,,(702) 555-6520,alexis.dean@example.com,89108,Referral,2020-01-19
330,Jacob,Powell,,(702) 555-3947,,89130,Walk-in,2020-01-20
331,Patrick,Thomas,,(702) 555-1249,patrick.thomas@example.com,89148,Yelp,2020-01-22
332,Stephen,Robinson,,,stephen.robinson@example.com,89103,Referral,2020-01-24
333,Imani,Franco,,(702) 555-0134,imani.franco@example.com,89183,Google Search,2020-01-27
334,Edward,Mason,,(702) 555-7424,edward.mason@example.com,89147,Walk-in,2020-01-29
335,Tariq,Curry,,(725) 555-1431,tariq.curry@example.com,89115,Social Media,2020-02-01
336,Patrick,Greene,,(702) 555-4552,patrick.greene@example.com,89123,Yelp,2020-02-02
337,Alexander,Nichols,,(702) 555-6057,alexander.nichols@example.com,89123,Yelp,2020-02-06
338,Charlotte,Huang,,(725) 555-0920,charlotte.huang@example.com,89123,Yelp,2020-02-06
339,Kwame,Fowler,,(702) 555-9376,kwame.fowler@example.com,89123,Walk-in,2020-02-07
340,Jorge,Neal,,(725) 555-0888,jorge.neal@example.com,89074,Referral,2020-02-07
341,Christian,Robertson,Robertson Plumbing LLC,(702) 555-8628,christian.robertson@example.net,89146,Fleet Account,2020-02-11
342,Mohammed,Vaughn,,,mohammed.vaughn@example.com,89113,Google Search,2020-02-11
343,Joan,Duncan,,(702) 555-6260,joan.duncan@example.com,89148,Google Search,2020-02-12
344,Jacob,Gill,,(702) 555-8500,jacob.gill@example.com,89148,Social Media,2020-02-13
345,Mei,Garza,,(725) 555-6542,mei.garza@example.com,89179,Walk-in,2020-02-19
346,Daniel,Klein,,,daniel.klein@example.com,89134,Google Search,2020-02-23
347,Heather,Kramer,,(702) 555-1164,heather.kramer@example.com,89178,Referral,2020-02-24
348,Helen,Hunt,,(702) 555-3632,helen.hunt@example.com,89139,Referral,2020-02-28
349,Larry,Oconnor,,(702) 555-1636,larry.oconnor@example.com,89141,Google Search,2020-03-08
350,Janet,McGee,McGee Property Management LLC,(702) 555-0733,janet.mcgee@example.net,89102,Fleet Account,2020-03-10
351,Sandra,Hawkins,,(702) 555-2181,,89113,Walk-in,2020-03-12
352,Malik,Shelton,,(702) 555-6870,malik.shelton@example.com,89109,Google Search,2020-03-16
353,Camila,Norris,,(702) 555-6120,camila.norris@example.com,89118,Walk-in,2020-03-18
354,Lucas,Garrett,Garrett Plumbing LLC,(702) 555-8680,lucas.garrett@example.net,89166,Fleet Account,2020-03-20
355,Alan,Barnes,,(725) 555-8927,alan.barnes@example.com,89032,Referral,2020-03-21
356,Doris,Medina,,(725) 555-3504,doris.medina@example.com,89107,Walk-in,2020-03-21
357,Yuki,Ramirez,,(725) 555-5030,yuki.ramirez@example.com,89113,Google Search,2020-03-24
358,Victoria,Castillo,,(702) 555-8535,victoria.castillo@example.com,89031,Referral,2020-03-25
359,Dorothy,Hodges,,(702) 555-7898,,89107,Referral,2020-03-29
360,Arjun,Neal,,(702) 555-0965,arjun.neal@example.com,89074,Referral,2020-03-30
361,Sharon,Frazier,,(702) 555-8932,sharon.frazier@example.com,89117,Google Search,2020-04-01
362,Jose,James,,(702) 555-4709,jose.james@example.com,89123,Walk-in,2020-04-07
363,Michael,Kelley,,(702) 555-4709,,89147,Referral,2020-04-07
364,Roy,Wagner,,(702) 555-1343,roy.wagner@example.com,89086,Google Search,2020-04-09
365,Rebecca,Wu,,(702) 555-3795,rebecca.wu@example.com,89179,Google Search,2020-04-09
366,Billy,Wright,Wright Pest Control LLC,(702) 555-4577,billy.wright@example.net,89179,Fleet Account,2020-04-12
367,Laura,Wade,,(702) 555-7591,laura.wade@example.com,89138,Walk-in,2020-04-12
368,Grace,Wang,,(702) 555-7025,,89118,Google Search,2020-04-13
369,Katherine,Wheeler,,(725) 555-6600,katherine.wheeler@example.com,89113,Walk-in,2020-04-15
370,Leila,Schultz,,(725) 555-0454,leila.schultz@example.com,89032,Social Media,2020-04-17
371,Dennis,McCoy,,(702) 555-4722,dennis.mccoy@example.com,89148,Google Search,2020-04-20
372,Rosa,Wheeler,,(702) 555-6446,rosa.wheeler@example.com,89141,Walk-in,2020-04-21
373,Kenneth,Escobar,,(702) 555-2736,kenneth.escobar@example.com,89119,Yelp,2020-04-21
374,Susan,Dean,,(702) 555-8694,susan.dean@example.com,89103,Social Media,2020-04-23
375,Bruce,Arnold,,(702) 555-8357,,89118,Google Search,2020-04-24
376,Raymond,Coleman,,(702) 555-6716,raymond.coleman@example.com,89102,Referral,2020-04-29
377,Laura,Young,,(702) 555-0840,laura.young@example.com,89183,Yelp,2020-05-02
378,Jacob,Simon,,(702) 555-3970,jacob.simon@example.com,89139,Google Search,2020-05-08
379,Kelly,Joseph,,(702) 555-8175,,89113,Google Search,2020-05-11
380,Angela,Porter,,(702) 555-0203,angela.porter@example.com,89118,Google Search,2020-05-13
381,Diego,Stephens,,(702) 555-8652,,89145,Yelp,2020-05-14
382,Dylan,Barber,,(725) 555-3460,dylan.barber@example.com,89110,Yelp,2020-05-16
383,Jack,Edwards,,(702) 555-4470,jack.edwards@example.com,89139,Social Media,2020-05-18
384,Steven,Diaz,,(702) 555-2228,steven.diaz@example.com,89148,Walk-in,2020-05-19
385,Andrea,Greene,,(725) 555-5444,,89074,Walk-in,2020-05-22
386,Judy,Chavez,,(702) 555-7478,judy.chavez@example.com,89103,Walk-in,2020-05-24
387,Marcus,Willis,,(702) 555-8445,marcus.willis@example.com,89074,Social Media,2020-05-25
388,Emily,Walsh,,(725) 555-2439,emily.walsh@example.com,89117,Social Media,2020-05-27
389,Jason,Vazquez,,(702) 555-6506,,89108,Google Search,2020-05-29
390,Judy,Riley,,,judy.riley@example.com,89123,Google Search,2020-06-01
391,Michael,Pierce,,(702) 555-2421,michael.pierce@example.com,89148,Walk-in,2020-06-02
392,Natalie,Watson,Watson Construction LLC,(702) 555-5652,natalie.watson@example.net,89139,Fleet Account,2020-06-05
393,Sarah,Roman,,(725) 555-1301,sarah.roman@example.com,89117,Google Search,2020-06-07
394,Lori,Jackson,Jackson Landscaping LLC,(702) 555-8922,lori.jackson@example.net,89103,Fleet Account,2020-06-07
395,Wayne,Bowen,,(702) 555-6478,wayne.bowen@example.com,89012,Walk-in,2020-06-10
396,Daniel,Ball,,(702) 555-7808,,89052,Social Media,2020-06-15
397,Lucia,Logan,,(702) 555-9343,lucia.logan@example.com,89183,Social Media,2020-06-18
398,Noah,Allen,,(725) 555-7555,,89110,Walk-in,2020-06-20
399,Eric,Peters,,(702) 555-9498,eric.peters@example.com,89102,Referral,2020-06-23
400,Christopher,Norman,,(702) 555-3275,,89138,Google Search,2020-06-24
401,Mason,Moss,,(725) 555-9319,mason.moss@example.com,89147,Google Search,2020-06-27
402,Jasmine,Austin,,(702) 555-4483,,89119,Referral,2020-06-30
403,Amanda,Hardy,,(702) 555-4561,amanda.hardy@example.com,89178,Google Search,2020-07-02
404,Arthur,Olson,,(702) 555-3477,arthur.olson@example.com,89147,Referral,2020-07-03
405,Frances,Lara,,(725) 555-8515,frances.lara@example.com,89113,Referral,2020-07-03
406,Imani,Patton,,(702) 555-3099,imani.patton@example.com,89074,Referral,2020-07-04
407,Manuel,Jackson,,(725) 555-3141,manuel.jackson@example.com,89104,Google Search,2020-07-04
408,Gerald,Santos,,(702) 555-7676,gerald.santos@example.com,89141,Walk-in,2020-07-06
409,Priya,Osborne,,(702) 555-2450,priya.osborne@example.com,89118,Referral,2020-07-07
410,Theresa,Tate,,(702) 555-3446,theresa.tate@example.com,89123,Referral,2020-07-09
411,Rebecca,Sims,,(702) 555-8811,rebecca.sims@example.com,89113,Google Search,2020-07-10
412,Kyle,Patel,,(702) 555-8835,kyle.patel@example.com,89178,Referral,2020-07-11
413,Scott,McCarthy,,(702) 555-6970,scott.mccarthy@example.com,89118,Walk-in,2020-07-23
414,William,Bennett,,(702) 555-0117,william.bennett@example.com,89129,Referral,2020-07-24
415,Jean,Frank,,(702) 555-8323,jean.frank@example.com,89014,Referral,2020-07-24
416,Larry,Evans,,(702) 555-4409,larry.evans@example.com,89118,Social Media,2020-07-29
417,Michael,Lawson,,(702) 555-6220,michael.lawson@example.com,89123,Google Search,2020-07-29
418,Karen,Sanchez,,(702) 555-5182,,89102,Referral,2020-08-01
419,Austin,Sandoval,Sandoval Landscaping LLC,(725) 555-7531,austin.sandoval@example.net,89052,Fleet Account,2020-08-03
420,Joyce,Holmes,,(725) 555-7668,joyce.holmes@example.com,89135,Walk-in,2020-08-09
421,Diego,Hansen,,(702) 555-5381,,89129,Google Search,2020-08-10
422,Gary,Duncan,,(725) 555-7472,gary.duncan@example.com,89128,Walk-in,2020-08-14
423,Sandra,Stevenson,,(702) 555-9635,,89134,Referral,2020-08-15
424,Sofia,Trujillo,,(702) 555-0498,sofia.trujillo@example.com,89123,Referral,2020-08-19
425,Danielle,Carpenter,,(725) 555-3728,danielle.carpenter@example.com,89122,Yelp,2020-08-21
426,Martha,Mills,Mills Courier Services LLC,(702) 555-2364,martha.mills@example.net,89135,Fleet Account,2020-08-22
427,Dorothy,Brooks,,(702) 555-4277,,89128,Google Search,2020-08-23
428,Amara,Hart,,(702) 555-2782,amara.hart@example.com,89120,Google Search,2020-08-24
429,Sara,Romero,,(725) 555-3725,sara.romero@example.com,89119,Social Media,2020-08-29
430,Amanda,French,,(702) 555-3854,amanda.french@example.com,89183,Social Media,2020-09-01
431,Olivia,Duran,,(702) 555-5471,olivia.duran@example.com,89139,Google Search,2020-09-01
432,Brenda,Lopez,,(702) 555-6490,brenda.lopez@example.com,89148,Yelp,2020-09-02
433,Dylan,Alexander,,(702) 555-1945,dylan.alexander@example.com,89117,Referral,2020-09-03
434,Russell,Murphy,,(702) 555-9919,russell.murphy@example.com,89118,Yelp,2020-09-04
435,Brandon,Logan,,(725) 555-8387,brandon.logan@example.com,89086,Social Media,2020-09-05
436,Keith,Lawson,,(702) 555-3032,keith.lawson@example.com,89183,Yelp,2020-09-10
437,Cynthia,Love,,(702) 555-3398,,89118,Referral,2020-09-19
438,Natalie,Orozco,,(702) 555-9941,,89012,Yelp,2020-09-20
439,Tariq,Garrett,,(702) 555-1146,tariq.garrett@example.com,89118,Yelp,2020-09-21
440,Andrea,Johnson,,(702) 555-7546,andrea.johnson@example.com,89106,Google Search,2020-09-23
441,Beverly,Sutton,,(725) 555-2489,beverly.sutton@example.com,89144,Yelp,2020-09-26
442,Kimberly,Gordon,,(702) 555-1203,kimberly.gordon@example.com,89139,Google Search,2020-09-26
443,Lisa,Rios,,(725) 555-5164,lisa.rios@example.com,89118,Walk-in,2020-09-26
444,Melissa,Burke,,,melissa.burke@example.com,89106,Social Media,2020-09-30
445,Lori,Owens,,(702) 555-0170,lori.owens@example.com,89146,Referral,2020-10-01
446,Albert,Owens,,(702) 555-7284,albert.owens@example.com,89118,Walk-in,2020-10-01
447,Gregory,Avila,,(702) 555-8186,gregory.avila@example.com,89148,Google Search,2020-10-01
448,Benjamin,McCoy,,,benjamin.mccoy@example.com,89149,Walk-in,2020-10-02
449,Carolyn,Fisher,,(702) 555-9709,carolyn.fisher@example.com,89113,Referral,2020-10-03
450,Arjun,Larson,,(725) 555-7754,arjun.larson@example.com,89130,Google Search,2020-10-06
451,Deborah,Quinn,,(725) 555-6029,deborah.quinn@example.com,89118,Yelp,2020-10-08
452,Madison,Steele,,(725) 555-2425,,89014,Referral,2020-10-11
453,Noah,Le,Le Property Management LLC,(702) 555-9399,noah.le@example.net,89113,Fleet Account,2020-10-23
454,Tiffany,Wood,,(702) 555-2029,tiffany.wood@example.com,89147,Referral,2020-10-24
455,Rahul,Francis,,(702) 555-7517,rahul.francis@example.com,89113,Google Search,2020-10-25
456,Patricia,Garza,,(725) 555-7153,patricia.garza@example.com,89139,Google Search,2020-10-26
457,Jennifer,Cohen,,(702) 555-7625,jennifer.cohen@example.com,89113,Yelp,2020-10-26
458,Olivia,Craig,,(702) 555-1170,olivia.craig@example.com,89166,Referral,2020-10-27
459,Hannah,Miranda,,(725) 555-3927,,89118,Social Media,2020-10-28
460,Isabella,Watkins,,(702) 555-9455,isabella.watkins@example.com,89144,Google Search,2020-11-01
461,William,Miranda,,(702) 555-0343,,89135,Referral,2020-11-01
462,Kenneth,Carroll,,(702) 555-4454,kenneth.carroll@example.com,89147,Google Search,2020-11-07
463,Lucas,White,,(702) 555-9071,lucas.white@example.com,89119,Referral,2020-11-09
464,Valeria,Berry,,(702) 555-3139,valeria.berry@example.com,89178,Google Search,2020-11-09
465,Emma,McKinney,,(702) 555-2949,emma.mckinney@example.com,89103,Yelp,2020-11-13
466,Helen,Carter,,(702) 555-1369,helen.carter@example.com,89139,Google Search,2020-11-14
467,Barbara,Burgess,,(702) 555-7297,barbara.burgess@example.com,89117,Social Media,2020-11-14
468,Catherine,Herrera,,(702) 555-2301,catherine.herrera@example.com,89148,Google Search,2020-11-15
469,Sofia,Ford,,(725) 555-8086,sofia.ford@example.com,89148,Walk-in,2020-11-18
470,Logan,Ortega,,(725) 555-5976,logan.ortega@example.com,89113,Yelp,2020-11-22
471,George,Velasquez,,(702) 555-0158,george.velasquez@example.com,89146,Walk-in,2020-11-24
472,Ethan,Ruiz,,(702) 555-2855,ethan.ruiz2@example.com,89179,Yelp,2020-11-24
473,Elijah,Ball,,(702) 555-7256,elijah.ball@example.com,89129,Google Search,2020-11-28
474,Dennis,Wright,,(725) 555-9109,dennis.wright@example.com,89118,Referral,2020-11-28
475,Mei,Todd,,(702) 555-8010,mei.todd@example.com,89139,Social Media,2020-11-30
476,Brandon,Hail,,,brandon.hail2@example.com,89148,Google Search,2020-12-02
477,Joe,Salinas,,(702) 555-0550,joe.salinas@example.com,89052,Google Search,2020-12-04
478,Nancy,Rowe,,(702) 555-2498,nancy.rowe@example.com,89135,Google Search,2020-12-07
479,Sharon,Cunningham,,(702) 555-6898,sharon.cunningham@example.com,89139,Google Search,2020-12-10
480,Diego,Craig,,(702) 555-1590,diego.craig@example.com,89183,Yelp,2020-12-10
481,Sandra,Greene,,(702) 555-6617,sandra.greene@example.com,89139,Social Media,2020-12-10
482,Mohammed,Hunt,,(702) 555-5278,mohammed.hunt@example.com,89012,Walk-in,2020-12-10
483,Diane,Daniel,,(702) 555-2344,,89103,Walk-in,2020-12-20
484,Jorge,Sullivan,,(702) 555-0591,jorge.sullivan@example.com,89139,Walk-in,2020-12-21
485,Karen,Knight,,(725) 555-0192,karen.knight@example.com,89179,Google Search,2020-12-21
486,Charlotte,Fischer,,(725) 555-8087,charlotte.fischer@example.com,89178,Google Search,2020-12-22
487,Anthony,Banks,,(725) 555-7809,anthony.banks@example.com,89130,Walk-in,2020-12-23
488,Vincent,Bauer,Bauer Pest Control LLC,(725) 555-8553,vincent.bauer@example.net,89148,Fleet Account,2020-12-23
489,Joyce,Manning,,(725) 555-8348,joyce.manning@example.com,89178,Referral,2020-12-25
490,Arthur,Phillips,,(725) 555-9190,arthur.phillips@example.com,89141,Yelp,2020-12-27
491,Tariq,Butler,,(702) 555-3087,tariq.butler@example.com,89118,Social Media,2020-12-31
492,Gabriel,Warner,,(702) 555-3345,gabriel.warner@example.com,89113,Walk-in,2021-01-02
493,Marcus,Escobar,,(725) 555-0707,marcus.escobar@example.com,89139,Google Search,2021-01-03
494,Elizabeth,Richards,,(725) 555-5134,elizabeth.richards@example.com,89183,Google Search,2021-01-05
495,Jasmine,Washington,,(702) 555-7277,jasmine.washington@example.com,89119,Referral,2021-01-05
496,Melissa,Curtis,,(702) 555-1860,melissa.curtis@example.com,89129,Referral,2021-01-06
497,Isabella,Kramer,,(702) 555-7882,,89183,Google Search,2021-01-09
498,Peter,Robbins,,(725) 555-0927,peter.robbins@example.com,89147,Social Media,2021-01-12
499,Diana,Carrillo,,(702) 555-7795,diana.carrillo@example.com,89103,Walk-in,2021-01-13
500,Janet,Cross,,(725) 555-5971,janet.cross@example.com,89131,Walk-in,2021-01-15
501,Diana,Chandler,,(725) 555-8055,diana.chandler@example.com,89118,Google Search,2021-01-16
502,Rachel,Guerra,,(702) 555-0230,rachel.guerra@example.com,89146,Referral,2021-01-21
503,Robert,Schroeder,,(702) 555-3964,robert.schroeder@example.com,89139,Walk-in,2021-01-22
504,James,Ryan,,(702) 555-5469,james.ryan@example.com,89178,Referral,2021-01-25
505,Kimberly,Stevenson,,(725) 555-7303,kimberly.stevenson@example.com,89146,Walk-in,2021-01-29
506,Samantha,Mitchell,,(702) 555-8388,samantha.mitchell@example.com,89178,Referral,2021-01-30
507,Joshua,Casey,,(702) 555-8442,joshua.casey@example.com,89139,Google Search,2021-02-03
508,Tiffany,Young,,(725) 555-2697,tiffany.young@example.com,89103,Referral,2021-02-05
509,Adam,Leonard,,,adam.leonard@example.com,89135,Social Media,2021-02-06
510,Lori,Liu,,(702) 555-2282,,89052,Yelp,2021-02-07
511,Kayla,Hoffman,,(702) 555-9842,kayla.hoffman@example.com,89101,Walk-in,2021-02-09
512,Jack,Pham,,(702) 555-1852,jack.pham@example.com,89178,Google Search,2021-02-12
513,Gregory,Wheeler,,(702) 555-9786,gregory.wheeler@example.com,89122,Google Search,2021-02-13
514,Bruce,Stephens,,(702) 555-7604,bruce.stephens@example.com,89145,Google Search,2021-02-15
515,Danielle,Stevenson,,(702) 555-0528,danielle.stevenson@example.com,89103,Yelp,2021-02-16
516,Eric,Bowers,,(702) 555-9967,,89052,Referral,2021-02-19
517,Logan,Francis,,(702) 555-9967,logan.francis@example.com,89148,Google Search,2021-02-20
518,Tariq,Gardner,,(702) 555-9099,tariq.gardner@example.com,89084,Google Search,2021-02-22
519,Bobby,Banks,,(725) 555-1453,bobby.banks@example.com,89144,Referral,2021-02-22
520,Alice,Craig,,(702) 555-9758,alice.craig@example.com,89052,Google Search,2021-02-24
521,Jessica,Griffin,,(725) 555-1738,jessica.griffin@example.com,89119,Referral,2021-02-24
522,Gerald,Lynch,,(725) 555-3706,gerald.lynch@example.com,89148,Referral,2021-02-25
523,Malik,Newman,,(702) 555-5631,malik.newman@example.com,89146,Google Search,2021-02-28
524,Tiffany,Fox,Fox Construction LLC,(702) 555-7713,tiffany.fox@example.net,89148,Fleet Account,2021-03-07
525,Arjun,Bryant,,(702) 555-8238,arjun.bryant@example.com,89139,Walk-in,2021-03-07
526,Tyler,Cooper,,(702) 555-4650,tyler.cooper@example.com,89139,Walk-in,2021-03-12
527,Judy,Norman,,(702) 555-8774,judy.norman@example.com,89179,Google Search,2021-03-15
528,Theresa,Duncan,Duncan Pest Control LLC,(725) 555-2888,theresa.duncan@example.net,89123,Fleet Account,2021-03-15
529,Billy,Valencia,,(702) 555-8941,billy.valencia@example.com,89014,Yelp,2021-03-17
530,Samuel,Lowe,,(702) 555-5832,samuel.lowe@example.com,89052,Google Search,2021-03-19
531,Laura,Marshall,,(702) 555-6620,laura.marshall@example.com,89147,Referral,2021-03-19
532,Juan,Mejia,,(725) 555-6280,juan.mejia@example.com,89117,Google Search,2021-03-25
533,Madison,Wise,,(702) 555-9830,madison.wise@example.com,89002,Yelp,2021-03-30
534,Maria,Cook,,(702) 555-7873,,89128,Walk-in,2021-04-06
535,Beverly,Ferguson,,,beverly.ferguson@example.com,89103,Google Search,2021-04-08
536,Luis,Davis,,(725) 555-9773,luis.davis@example.com,89118,Referral,2021-04-10
537,Deborah,Hayes,,(702) 555-2812,deborah.hayes@example.com,89113,Walk-in,2021-04-10
538,Amanda,Moran,,(702) 555-9300,amanda.moran@example.com,89113,Referral,2021-04-14
539,Brian,Powers,,(702) 555-7147,brian.powers@example.com,89118,Google Search,2021-04-16
540,Samuel,Henry,,(702) 555-0037,samuel.henry@example.com,89118,Referral,2021-04-19
541,Douglas,Jensen,,(725) 555-8259,douglas.jensen@example.com,89138,Google Search,2021-04-21
542,James,Ortega,,(702) 555-8144,james.ortega@example.com,89117,Google Search,2021-04-21
543,Marilyn,Le,,(702) 555-1454,marilyn.le@example.com,89146,Google Search,2021-04-26
544,Bobby,Fleming,,(725) 555-9385,bobby.fleming@example.com,89014,Yelp,2021-04-28
545,Sean,Fox,,(702) 555-0425,sean.fox@example.com,89123,Google Search,2021-04-28
546,Linh,Kelley,,(702) 555-8808,linh.kelley@example.com,89179,Walk-in,2021-05-02
547,Shirley,Parker,,(702) 555-1935,shirley.parker@example.com,89138,Google Search,2021-05-04
548,Steven,Snyder,,(725) 555-5800,steven.snyder@example.com,89118,Google Search,2021-05-04
549,Ethan,Curtis,,(702) 555-8768,ethan.curtis@example.com,89147,Yelp,2021-05-08
550,Jonathan,Potter,,(702) 555-4271,,89147,Referral,2021-05-12
551,Imani,Cunningham,,(702) 555-6664,imani.cunningham@example.com,89145,Walk-in,2021-05-14
552,Sofia,Hampton,,(725) 555-6662,sofia.hampton@example.com,89074,Referral,2021-05-16
553,Donna,Cooper,,(702) 555-6769,donna.cooper@example.com,89032,Google Search,2021-05-16
554,Arjun,Velasquez,,(725) 555-7781,arjun.velasquez@example.com,89146,Google Search,2021-05-22
555,Gabriela,Terry,,(725) 555-5471,gabriela.terry@example.com,89179,Walk-in,2021-05-23
556,Sarah,Khan,,(725) 555-0252,sarah.khan@example.com,89052,Referral,2021-05-24
557,Joshua,Martinez,Martinez Landscaping LLC,(702) 555-1626,joshua.martinez@example.net,89121,Fleet Account,2021-05-29
558,Theresa,Goodwin,,(702) 555-8659,theresa.goodwin@example.com,89146,Google Search,2021-05-31
559,Bryan,Cole,,(702) 555-5619,bryan.cole@example.com,89103,Referral,2021-05-31
560,Jorge,Gibson,,(725) 555-6398,jorge.gibson@example.com,89106,Walk-in,2021-06-02
561,Amber,Stevenson,,(725) 555-0965,amber.stevenson@example.com,89146,Walk-in,2021-06-06
562,Rosa,Leon,,(702) 555-4519,rosa.leon@example.com,89118,Social Media,2021-06-08
563,Barbara,Newman,,,,89183,Referral,2021-06-09
564,Kyle,Chapman,,(702) 555-0472,kyle.chapman@example.com,89135,Walk-in,2021-06-09
565,Jacob,Owens,,(725) 555-0484,,89178,Google Search,2021-06-12
566,Mary,Bishop,,(702) 555-2566,mary.bishop@example.com,89147,Social Media,2021-06-13
567,Nathan,Mitchell,,(702) 555-6136,nathan.mitchell@example.com,89012,Referral,2021-06-13
568,Stephanie,Blair,,(725) 555-5509,stephanie.blair@example.com,89148,Google Search,2021-06-14
569,Lauren,Hall,,(702) 555-8878,lauren.hall@example.com,89118,Walk-in,2021-06-16
570,Liam,Lambert,,(702) 555-9974,liam.lambert@example.com,89113,Referral,2021-06-16
571,Anna,Horton,,(702) 555-9090,anna.horton@example.com,89117,Walk-in,2021-06-16
572,Anna,McDaniel,,(702) 555-8575,anna.mcdaniel@example.com,89141,Google Search,2021-06-17
573,Henry,French,,(725) 555-6667,henry.french@example.com,89108,Google Search,2021-06-23
574,Kevin,Little,,(725) 555-7151,kevin.little@example.com,89178,Yelp,2021-06-24
575,Julia,Baker,,(702) 555-1764,julia.baker@example.com,89139,Social Media,2021-06-30
576,Andres,Stewart,,(702) 555-3635,andres.stewart@example.com,89118,Referral,2021-06-30
577,Bryan,Davidson,,(725) 555-8582,bryan.davidson@example.com,89102,Social Media,2021-07-03
578,Sarah,Jordan,Jordan Landscaping LLC,(702) 555-0453,sarah.jordan@example.net,89148,Fleet Account,2021-07-05
579,Anjali,Bowers,,(702) 555-6557,anjali.bowers@example.com,89123,Walk-in,2021-07-08
580,Lawrence,Joseph,,(702) 555-9868,lawrence.joseph@example.com,89147,Google Search,2021-07-09
581,Denise,Fleming,,(702) 555-0864,denise.fleming@example.com,89113,Google Search,2021-07-12
582,Camila,Cross,,(702) 555-2072,camila.cross@example.com,89086,Walk-in,2021-07-14
583,Roger,Peters,,(702) 555-2733,roger.peters@example.com,89103,Google Search,2021-07-14
584,Laura,Valencia,Valencia HVAC Services LLC,(725) 555-3581,laura.valencia@example.net,89141,Fleet Account,2021-07-19
585,Amber,McCarthy,,(725) 555-0470,amber.mccarthy@example.com,89117,Google Search,2021-07-22
586,Ana,Marshall,,(725) 555-9897,ana.marshall@example.com,89183,Referral,2021-07-22
587,David,Oconnor,,(702) 555-0218,david.oconnor@example.com,89103,Google Search,2021-07-25
588,Abigail,Cardenas,,(702) 555-6389,abigail.cardenas@example.com,89183,Google Search,2021-07-29
589,Marcus,Richards,,(702) 555-0646,,89129,Walk-in,2021-08-01
590,Gerald,Cox,,(725) 555-1684,gerald.cox@example.com,89179,Walk-in,2021-08-01
591,Janet,Moss,,(702) 555-8617,janet.moss@example.com,89147,Social Media,2021-08-02
592,George,Parsons,,(702) 555-2766,george.parsons@example.com,89139,Referral,2021-08-03
593,Grace,Kelly,,(702) 555-7832,grace.kelly@example.com,89118,Referral,2021-08-06
594,Abigail,Norris,,(702) 555-4874,abigail.norris@example.com,89113,Google Search,2021-08-06
595,Stephen,Lara,,(702) 555-3656,stephen.lara@example.com,89052,Social Media,2021-08-07
596,Rosa,Diaz,,(702) 555-2433,rosa.diaz@example.com,89178,Social Media,2021-08-07
597,Sofia,Wolfe,,(725) 555-7953,sofia.wolfe@example.com,89139,Google Search,2021-08-09
598,Jonathan,Thompson,,(702) 555-5020,jonathan.thompson@example.com,89139,Referral,2021-08-10
599,Ryan,Figueroa,,(702) 555-9437,ryan.figueroa@example.com,89178,Walk-in,2021-08-16
600,Gloria,Bauer,,(725) 555-5317,gloria.bauer@example.com,89130,Walk-in,2021-08-17
601,Katherine,Banks,,(702) 555-7359,,89113,Google Search,2021-08-19
602,Gabriel,Kelley,,(702) 555-0681,gabriel.kelley@example.com,89139,Google Search,2021-08-24
603,Nicole,Gordon,,(702) 555-3793,nicole.gordon@example.com,89109,Social Media,2021-08-26
604,Paul,Schneider,,(702) 555-4182,paul.schneider@example.com,89147,Social Media,2021-08-29
605,Brittany,Rojas,,(702) 555-5148,,89183,Referral,2021-09-03
606,Jeffrey,Walton,,(725) 555-3541,jeffrey.walton@example.com,89102,Walk-in,2021-09-04
607,Gabriela,Moody,Moody Construction LLC,(702) 555-8746,gabriela.moody@example.net,89117,Fleet Account,2021-09-04
608,Andrew,Bishop,,(725) 555-8744,andrew.bishop@example.com,89139,Yelp,2021-09-07
609,Carolyn,Pearson,Pearson Landscaping LLC,(702) 555-8909,carolyn.pearson@example.net,89135,Fleet Account,2021-09-07
610,Arjun,McGuire,,(725) 555-9855,arjun.mcguire@example.com,89147,Google Search,2021-09-08
611,Jason,Terry,,(702) 555-4813,jason.terry@example.com,89012,Walk-in,2021-09-12
612,Tiffany,Chang,,(702) 555-3808,tiffany.chang@example.com,89103,Google Search,2021-09-12
613,Diane,Vasquez,,(702) 555-2580,diane.vasquez@example.com,89147,Yelp,2021-09-13
614,Evelyn,Byrd,,(702) 555-5323,evelyn.byrd@example.com,89183,Social Media,2021-09-15
615,Donna,Castaneda,,(702) 555-4615,donna.castaneda@example.com,89117,Referral,2021-09-17
616,Alexander,Little,,(702) 555-0197,alexander.little@example.com,89113,Social Media,2021-09-18
617,Frank,Erickson,,(702) 555-1008,frank.erickson@example.com,89012,Referral,2021-09-22
618,Harold,Sanchez,,(702) 555-9407,harold.sanchez@example.com,89178,Google Search,2021-09-22
619,Adam,Mendez,,(702) 555-7004,,89122,Walk-in,2021-09-26
620,Jeremy,Ingram,,(702) 555-7038,jeremy.ingram@example.com,89134,Walk-in,2021-09-26
621,Bryan,Jensen,,(702) 555-0264,bryan.jensen@example.com,89123,Google Search,2021-09-28
622,Ethan,Warren,,(702) 555-4126,ethan.warren@example.com,89118,Walk-in,2021-10-02
623,Barbara,Arnold,,(702) 555-1267,barbara.arnold@example.com,89118,Yelp,2021-10-07
624,Bryan,Castillo,,(725) 555-0449,bryan.castillo@example.com,89014,Google Search,2021-10-08
625,Brian,Buchanan,Buchanan Property Management LLC,(702) 555-6926,brian.buchanan@example.net,89118,Fleet Account,2021-10-15
626,Brenda,Zhang,,(702) 555-3035,brenda.zhang@example.com,89109,Walk-in,2021-10-15
627,Jeremy,Swanson,,(702) 555-6322,jeremy.swanson@example.com,89113,Referral,2021-10-19
628,Brittany,Ryan,,(725) 555-9657,brittany.ryan@example.com,89145,Google Search,2021-10-23
629,Kayla,Williams,,(702) 555-4029,,89118,Google Search,2021-10-25
630,Brian,Person,,(702) 555-5476,brian.person@example.com,89117,Google Search,2021-10-29
631,Donald,Byrd,,(702) 555-7942,donald.byrd@example.com,89113,Google Search,2021-11-04
632,Kathleen,Gray,,(725) 555-9461,kathleen.gray@example.com,89118,Google Search,2021-11-10
633,Joyce,Davidson,,(702) 555-5508,joyce.davidson@example.com,89120,Social Media,2021-11-13
634,Fatima,Person,,(702) 555-7595,fatima.person@example.com,89117,Referral,2021-11-13
635,Theresa,Snyder,,(725) 555-0643,theresa.snyder@example.com,89138,Social Media,2021-11-17
636,Jack,Bennett,,(702) 555-9139,jack.bennett@example.com,89135,Google Search,2021-11-21
637,Jack,Larson,,(725) 555-1140,jack.larson@example.com,89147,Walk-in,2021-11-22
638,Adam,Romero,Romero Landscaping LLC,(702) 555-9471,adam.romero@example.net,89031,Fleet Account,2021-11-23
639,Susan,Malone,,(702) 555-0306,susan.malone@example.com,89145,Walk-in,2021-11-27
640,Harold,Gregory,,(702) 555-1349,,89113,Referral,2021-11-27
641,Miguel,Griffith,,(702) 555-7479,miguel.griffith@example.com,89123,Referral,2021-12-06
642,Kimberly,Chan,,(702) 555-6971,kimberly.chan@example.com,89118,Walk-in,2021-12-11
643,Marcus,Clarke,,(702) 555-4684,marcus.clarke@example.com,89178,Google Search,2021-12-13
644,Alan,Powell,,(702) 555-7048,alan.powell@example.com,89084,Referral,2021-12-16
645,Caleb,Quinn,,(702) 555-3348,caleb.quinn@example.com,89015,Google Search,2021-12-18
646,Michael,Chapman,,(725) 555-4311,,89178,Yelp,2021-12-18
647,Daniel,Schwartz,,(702) 555-7583,daniel.schwartz@example.com,89086,Walk-in,2021-12-19
648,Gregory,Kennedy,,(702) 555-3137,gregory.kennedy@example.com,89141,Yelp,2021-12-20
649,Amber,Schwartz,Schwartz Plumbing LLC,(702) 555-4966,amber.schwartz@example.net,89118,Fleet Account,2021-12-21
650,Grace,Douglas,,(702) 555-7564,,89118,Referral,2021-12-24
651,Tyler,Bradley,,(702) 555-3674,,89148,Referral,2021-12-25
652,Jason,Schmidt,,(702) 555-3734,,89179,Google Search,2021-12-26
653,Rosa,Cunningham,,(702) 555-8537,,89134,Referral,2021-12-27
654,Sean,Young,,(702) 555-3747,sean.young@example.com,89131,Social Media,2021-12-29
655,Michelle,Strickland,,(702) 555-0529,,89166,Walk-in,2021-12-31
656,Willie,Chambers,,(725) 555-2940,willie.chambers@example.com,89147,Referral,2022-01-01
657,Sofia,Dunn,,(702) 555-4082,sofia.dunn@example.com,89113,Google Search,2022-01-07
658,Ryan,Tate,,(702) 555-1487,ryan.tate@example.com,89113,Google Search,2022-01-07
659,Jorge,Nelson,,(702) 555-0792,jorge.nelson@example.com,89178,Referral,2022-01-10
660,Jordan,Bennett,,,jordan.bennett@example.com,89113,Yelp,2022-01-10
661,Bruce,Torres,,(702) 555-0754,bruce.torres@example.com,89146,Yelp,2022-01-12
662,Kathryn,Sanders,,(725) 555-1750,kathryn.sanders@example.com,89141,Google Search,2022-01-13
663,Julia,Rivera,,(702) 555-8485,julia.rivera@example.com,89131,Google Search,2022-01-14
664,Roger,Schultz,,(702) 555-7042,,89139,Referral,2022-01-15
665,Ryan,Avila,,(702) 555-6400,ryan.avila@example.com,89113,Referral,2022-01-19
666,Samuel,Crawford,,(702) 555-2180,samuel.crawford@example.com,89014,Yelp,2022-01-22
667,Brandon,Morrison,Morrison Plumbing LLC,(702) 555-7981,brandon.morrison@example.net,89134,Fleet Account,2022-01-27
668,Alexander,Kramer,,(702) 555-3141,alexander.kramer@example.com,89166,Social Media,2022-01-31
669,Gabriela,Mack,,(725) 555-2040,gabriela.mack@example.com,89141,Google Search,2022-01-31
670,Diane,Howard,,(725) 555-5735,diane.howard@example.com,89102,Google Search,2022-02-05
671,Janet,Logan,,(702) 555-3307,janet.logan@example.com,89103,Google Search,2022-02-08
672,Fatima,Graves,,(702) 555-1391,,89113,Walk-in,2022-02-12
673,Catherine,Aguilar,,(702) 555-0569,catherine.aguilar@example.com,89074,Referral,2022-02-14
674,Manuel,Holland,,(702) 555-8501,manuel.holland@example.com,89178,Social Media,2022-02-16
675,Brenda,Miller,,(702) 555-6677,brenda.miller@example.com,89106,Walk-in,2022-02-17
676,Jorge,Perry,,(702) 555-5197,jorge.perry@example.com,89103,Social Media,2022-02-18
677,Matthew,Murray,,(702) 555-0386,matthew.murray@example.com,89074,Referral,2022-02-23
678,Jack,James,,(702) 555-1620,jack.james@example.com,89178,Google Search,2022-02-23
679,Judith,Elliott,,(702) 555-9579,,89103,Google Search,2022-02-23
680,Madison,Patton,,(725) 555-5408,madison.patton@example.com,89118,Google Search,2022-02-25
681,Gerald,Washington,,(702) 555-0565,gerald.washington@example.com,89149,Google Search,2022-03-01
682,Kwame,Ford,,(702) 555-5008,kwame.ford@example.com,89148,Referral,2022-03-01
683,Debra,Frazier,,(702) 555-1023,,89148,Referral,2022-03-03
684,Manuel,Chavez,,(702) 555-8849,,89113,Walk-in,2022-03-04
685,Patrick,Dennis,,(702) 555-3594,patrick.dennis@example.com,89139,Referral,2022-03-05
686,Elijah,Foster,,(725) 555-1603,elijah.foster@example.com,89134,Google Search,2022-03-06
687,Sean,McGee,,(702) 555-6572,sean.mcgee@example.com,89108,Referral,2022-03-07
688,Charlotte,Hammond,,(702) 555-6587,charlotte.hammond@example.com,89119,Walk-in,2022-03-07
689,Judy,Fleming,,(702) 555-5702,judy.fleming@example.com,89131,Yelp,2022-03-08
690,Miguel,Kennedy,,(725) 555-3102,miguel.kennedy@example.com,89178,Google Search,2022-03-11
691,Janet,Campbell,,(702) 555-6527,janet.campbell@example.com,89117,Walk-in,2022-03-15
692,Denise,Franklin,Franklin Mobile Detailing LLC,(702) 555-7329,denise.franklin@example.net,89115,Fleet Account,2022-03-16
693,Martha,Hunter,,,martha.hunter@example.com,89129,Google Search,2022-03-19
694,Rebecca,Pena,,(702) 555-7864,rebecca.pena@example.com,89110,Walk-in,2022-03-21
695,Carl,Harrison,Harrison Property Management LLC,(702) 555-3244,carl.harrison@example.net,89084,Fleet Account,2022-03-24
696,Diane,Powell,,,diane.powell@example.com,89117,Yelp,2022-03-25
697,Anna,Washington,,(702) 555-1982,anna.washington@example.com,89002,Google Search,2022-03-28
698,Joe,Watkins,,(725) 555-1057,joe.watkins@example.com,89081,Social Media,2022-04-01
699,Amanda,Collins,,(702) 555-2803,amanda.collins@example.com,89131,Google Search,2022-04-11
700,Logan,Lyons,,,logan.lyons@example.com,89147,Google Search,2022-04-12
701,Samuel,Jimenez,Jimenez Mobile Detailing LLC,(702) 555-2880,samuel.jimenez@example.net,89123,Fleet Account,2022-04-13
702,Kayla,Fischer,,(725) 555-2702,kayla.fischer@example.com,89117,Social Media,2022-04-14
703,Samuel,Soto,,(702) 555-8743,samuel.soto@example.com,89118,Walk-in,2022-04-14
704,Elijah,Cervantes,,(702) 555-6415,elijah.cervantes@example.com,89102,Google Search,2022-04-15
705,Andre,Yang,,(702) 555-4256,andre.yang@example.com,89146,Google Search,2022-04-15
706,Albert,Griffin,,(702) 555-3528,albert.griffin@example.com,89178,Yelp,2022-04-18
707,Dorothy,Norman,,(702) 555-8189,dorothy.norman@example.com,89147,Referral,2022-04-22
708,Alexis,Liu,,(702) 555-9175,alexis.liu@example.com,89118,Referral,2022-04-27
709,Timothy,Wheeler,,(725) 555-9524,timothy.wheeler@example.com,89141,Social Media,2022-04-28
710,Christine,Santos,,(725) 555-2726,christine.santos@example.com,89119,Walk-in,2022-04-28
711,Mark,McDonald,,(702) 555-1158,mark.mcdonald@example.com,89101,Referral,2022-04-29
712,Mary,Jenkins,,(702) 555-4334,mary.jenkins@example.com,89052,Walk-in,2022-04-30
713,Jean,Phillips,,(702) 555-6223,jean.phillips@example.com,89141,Google Search,2022-05-01
714,Beverly,Reese,,(702) 555-3239,beverly.reese@example.com,89123,Yelp,2022-05-04
715,Elijah,Hall,,(702) 555-6514,elijah.hall@example.com,89135,Referral,2022-05-11
716,Austin,Perkins,Perkins Property Management LLC,(702) 555-8689,austin.perkins@example.net,89120,Fleet Account,2022-05-13
717,Raymond,Dawson,,,raymond.dawson@example.com,89052,Referral,2022-05-14
718,Patrick,Shaw,,(725) 555-6747,patrick.shaw@example.com,89074,Yelp,2022-05-19
719,Hannah,Zimmerman,,(702) 555-6989,hannah.zimmerman@example.com,89103,Referral,2022-05-20
720,Frances,Watkins,,(702) 555-4289,frances.watkins@example.com,89141,Google Search,2022-05-23
721,Robert,Gross,,(702) 555-2369,robert.gross@example.com,89147,Walk-in,2022-05-29
722,Kevin,Bishop,,(702) 555-0133,kevin.bishop@example.com,89139,Referral,2022-05-29
723,Kenneth,Holmes,,(702) 555-9599,kenneth.holmes@example.com,89102,Referral,2022-05-30
724,Ethan,Sanders,,(702) 555-5610,ethan.sanders@example.com,89052,Google Search,2022-05-31
725,Frank,Liu,,(702) 555-5838,frank.liu@example.com,89166,Google Search,2022-06-02
726,Arjun,Hodges,,(702) 555-3588,arjun.hodges@example.com,89113,Yelp,2022-06-05
727,Austin,Perry,,(702) 555-2737,austin.perry@example.com,89146,Google Search,2022-06-06
728,Caleb,Figueroa,,(725) 555-4174,,89118,Referral,2022-06-08
729,Daniel,Gray,,(702) 555-3248,daniel.gray@example.com,89146,Walk-in,2022-06-10
730,Carl,Hicks,,(702) 555-3904,carl.hicks@example.com,89179,Google Search,2022-06-11
731,Nicole,Cook,,(702) 555-7363,nicole.cook@example.com,89074,Referral,2022-06-12
732,Jennifer,Schroeder,,(702) 555-9278,jennifer.schroeder@example.com,89141,Google Search,2022-06-14
733,Jonathan,Hernandez,,(702) 555-8458,jonathan.hernandez@example.com,89139,Walk-in,2022-06-15
734,Jordan,Wheeler,,,jordan.wheeler@example.com,89113,Walk-in,2022-06-15
735,Betty,Green,,(725) 555-8996,betty.green@example.com,89183,Google Search,2022-06-16
736,Adam,Oconnor,,(725) 555-3897,adam.oconnor@example.com,89123,Social Media,2022-06-21
737,Jonathan,Reed,,(702) 555-1366,jonathan.reed@example.com,89178,Google Search,2022-06-22
738,Samantha,Zhang,,(702) 555-9119,,89179,Social Media,2022-06-22
739,Andres,Robinson,,(725) 555-1380,andres.robinson@example.com,89118,Google Search,2022-07-01
740,Jessica,Cook,,(702) 555-0656,jessica.cook@example.com,89113,Referral,2022-07-05
741,Christian,Saunders,,(725) 555-7466,christian.saunders@example.com,89123,Google Search,2022-07-07
742,Tiffany,Meyer,,(702) 555-8807,tiffany.meyer@example.com,89119,Yelp,2022-07-10
743,Judy,Doyle,,(702) 555-4335,judy.doyle@example.com,89148,Walk-in,2022-07-11
744,Brandon,Lynch,,(702) 555-6189,brandon.lynch@example.com,89109,Walk-in,2022-07-12
745,Gregory,Goodwin,,(702) 555-3872,gregory.goodwin@example.com,89144,Walk-in,2022-07-16
746,Alice,Maldonado,Maldonado Landscaping LLC,(725) 555-7982,alice.maldonado@example.net,89103,Fleet Account,2022-07-18
747,Sofia,Rivas,,,sofia.rivas@example.com,89148,Walk-in,2022-07-20
748,Mohammed,Hammond,,(702) 555-2856,mohammed.hammond@example.com,89147,Referral,2022-07-21
749,Jesse,Jacobs,,(702) 555-5097,,89103,Walk-in,2022-07-23
750,Olivia,Moody,,(725) 555-3783,olivia.moody@example.com,89156,Google Search,2022-07-28
751,Kwame,Cole,,(725) 555-2171,kwame.cole@example.com,89141,Yelp,2022-07-28
752,Charlotte,Frazier,,(702) 555-6644,charlotte.frazier@example.com,89144,Google Search,2022-08-07
753,Jasmine,Fowler,Fowler Landscaping LLC,(702) 555-6845,jasmine.fowler@example.net,89144,Fleet Account,2022-08-16
754,Charlotte,Walton,,(702) 555-4458,,89149,Google Search,2022-08-18
755,Ashley,Richardson,,(725) 555-3381,ashley.richardson@example.com,89147,Walk-in,2022-08-25
756,Sandra,Young,,(725) 555-3740,sandra.young@example.com,89183,Referral,2022-08-25
757,Darnell,Morrison,,(702) 555-3057,darnell.morrison@example.com,89074,Referral,2022-08-26
758,Mei,Gordon,,(702) 555-0369,mei.gordon@example.com,89118,Referral,2022-08-29
759,Theresa,Curtis,,(702) 555-3852,,89113,Walk-in,2022-08-31
760,Darnell,Delacruz,Delacruz Landscaping LLC,(702) 555-6307,darnell.delacruz@example.net,89135,Fleet Account,2022-09-02
761,Donna,Fuentes,,(702) 555-4815,donna.fuentes@example.com,89129,Yelp,2022-09-06
762,Emily,Hawkins,,(702) 555-0938,emily.hawkins@example.com,89123,Google Search,2022-09-06
763,Lucas,Marquez,,(702) 555-8988,,89118,Yelp,2022-09-08
764,Sandra,Aguirre,,(702) 555-0098,sandra.aguirre@example.com,89135,Social Media,2022-09-09
765,Randy,Wagner,,(702) 555-0012,randy.wagner@example.com,89102,Yelp,2022-09-12
766,Gabriel,Lane,,(702) 555-2663,gabriel.lane@example.com,89148,Walk-in,2022-09-17
767,Matthew,Shelton,,(702) 555-9192,matthew.shelton@example.com,89113,Walk-in,2022-09-19
768,Sandra,Howell,,(702) 555-9010,,89179,Yelp,2022-09-21
769,Rosa,Brady,,(702) 555-5882,rosa.brady@example.com,89139,Social Media,2022-09-21
770,Rosa,Brooks,,(702) 555-2630,rosa.brooks@example.com,89074,Google Search,2022-09-21
771,Jennifer,Carlson,Carlson Pool Service LLC,(702) 555-5692,jennifer.carlson@example.net,89147,Fleet Account,2022-09-25
772,Joyce,Sharp,,(725) 555-8762,joyce.sharp@example.com,89103,Walk-in,2022-09-25
773,Andres,Lane,,(702) 555-6130,andres.lane@example.com,89183,Google Search,2022-09-25
774,Adam,Reese,,(725) 555-4701,adam.reese@example.com,89109,Walk-in,2022-09-27
775,Alexis,Baker,,(702) 555-9122,alexis.baker@example.com,89146,Referral,2022-09-28
776,Grace,Greene,,(702) 555-0112,grace.greene@example.com,89121,Google Search,2022-09-29
777,Rebecca,Figueroa,,(702) 555-8117,rebecca.figueroa@example.com,89011,Walk-in,2022-09-30
778,Darnell,Warren,,(702) 555-0151,darnell.warren@example.com,89121,Yelp,2022-10-06
779,Carl,Morgan,,(702) 555-7094,carl.morgan@example.com,89146,Google Search,2022-10-06
780,Anna,Rivera,,(702) 555-1977,anna.rivera@example.com,89147,Walk-in,2022-10-09
781,Jorge,Harvey,,(702) 555-8761,,89103,Walk-in,2022-10-12
782,Rosa,Crawford,,(702) 555-4542,rosa.crawford@example.com,89139,Yelp,2022-10-13
783,Amara,Oconnor,,(702) 555-7026,,89148,Google Search,2022-10-15
784,Catherine,Lara,,(725) 555-7151,catherine.lara@example.com,89148,Google Search,2022-10-19
785,Marcus,Cummings,,(702) 555-0740,marcus.cummings@example.com,89113,Google Search,2022-10-21
786,Janet,James,,(725) 555-4081,janet.james@example.com,89122,Social Media,2022-10-21
787,Stephen,Frank,Frank Pest Control LLC,(702) 555-0080,stephen.frank@example.net,89141,Fleet Account,2022-10-22
788,Peter,Turner,,(702) 555-8083,peter.turner@example.com,89108,Google Search,2022-10-25
789,Shirley,Montgomery,,(702) 555-0090,shirley.montgomery@example.com,89002,Walk-in,2022-10-29
790,Tamika,Alvarado,,(702) 555-8316,tamika.alvarado@example.com,89183,Social Media,2022-11-05
791,Natalie,Rowe,Rowe Mobile Detailing LLC,(702) 555-8894,natalie.rowe@example.net,89012,Fleet Account,2022-11-06
792,Susan,Suarez,,(702) 555-1400,susan.suarez@example.com,89118,Yelp,2022-11-08
793,Judy,Lopez,,(725) 555-2577,judy.lopez@example.com,89183,Social Media,2022-11-09
794,Dylan,Logan,,(702) 555-5269,dylan.logan@example.com,89014,Referral,2022-11-10
795,Joseph,Cortez,,(725) 555-3376,joseph.cortez@example.com,89052,Referral,2022-11-14
796,Brenda,Soto,,(702) 555-8038,brenda.soto@example.com,89183,Referral,2022-11-19
797,Logan,Lucas,,(702) 555-8687,logan.lucas@example.com,89113,Referral,2022-11-19
798,Raymond,West,,(702) 555-6161,raymond.west@example.com,89148,Google Search,2022-11-25
799,Gabriel,Graves,,(702) 555-7639,gabriel.graves@example.com,89103,Referral,2022-11-26
800,Betty,Lee,,(702) 555-4337,betty.lee@example.com,89178,Yelp,2022-11-26
801,Nicole,Manning,,(725) 555-8175,nicole.manning@example.com,89141,Google Search,2022-11-29
802,Jonathan,Frazier,,(702) 555-0970,jonathan.frazier@example.com,89113,Yelp,2022-11-29
803,Gary,Ruiz,,(702) 555-0036,gary.ruiz@example.com,89135,Google Search,2022-12-02
804,Gloria,Day,,(725) 555-6388,,89123,Social Media,2022-12-06
805,Bryan,Alvarado,,(702) 555-0826,,89179,Google Search,2022-12-07
806,Kevin,Cox,,(725) 555-9086,kevin.cox@example.com,89141,Google Search,2022-12-11
807,Sophia,Payne,,(702) 555-5207,sophia.payne@example.com,89141,Walk-in,2022-12-11
808,Arthur,Velasquez,,(702) 555-6803,,89156,Referral,2022-12-16
809,Lucas,Kim,,(702) 555-2034,lucas.kim@example.com,89113,Google Search,2022-12-22
810,Arthur,Stanley,,(702) 555-9439,arthur.stanley@example.com,89149,Referral,2022-12-23
811,Jesse,Byrd,,(702) 555-8939,jesse.byrd@example.com,89141,Google Search,2022-12-30
812,Angela,Wolfe,,(725) 555-4393,angela.wolfe@example.com,89103,Referral,2023-01-05
813,Harold,Keller,,(702) 555-0789,harold.keller@example.com,89183,Google Search,2023-01-05
814,Shirley,Peters,,(702) 555-3650,shirley.peters@example.com,89119,Referral,2023-01-06
815,Victoria,Newton,,(725) 555-3110,victoria.newton@example.com,89130,Google Search,2023-01-07
816,Carl,Gomez,,(725) 555-1091,carl.gomez@example.com,89122,Walk-in,2023-01-08
817,Christine,Gibson,,(702) 555-6924,christine.gibson@example.com,89108,Referral,2023-01-15
818,Catherine,Woods,,(725) 555-1398,catherine.woods@example.com,89084,Walk-in,2023-01-16
819,Lori,Martin,,(725) 555-2245,lori.martin@example.com,89179,Referral,2023-01-18
820,Kevin,Wolf,,(725) 555-6722,kevin.wolf@example.com,89147,Social Media,2023-01-20
821,Kathryn,Simon,,(725) 555-0128,,89139,Social Media,2023-01-27
822,Leila,Schultz,,(702) 555-2861,,89118,Walk-in,2023-02-06
823,Brandon,Thomas,,(702) 555-8133,,89119,Social Media,2023-02-07
824,Denise,Larson,,(702) 555-0701,denise.larson@example.com,89145,Referral,2023-02-10
825,Sofia,Richardson,,(725) 555-9845,sofia.richardson@example.com,89121,Yelp,2023-02-11
826,Jasmine,Williamson,,(725) 555-0152,jasmine.williamson@example.com,89107,Google Search,2023-02-12
827,Kenneth,Salas,,(702) 555-3519,kenneth.salas@example.com,89178,Social Media,2023-02-13
828,Jerry,Palmer,,(702) 555-3485,jerry.palmer@example.com,89103,Google Search,2023-02-13
829,Sean,Nunez,,(702) 555-0043,sean.nunez@example.com,89178,Google Search,2023-02-13
830,Jeffrey,Chen,,(702) 555-0960,jeffrey.chen@example.com,89139,Google Search,2023-02-15
831,Stephen,Mann,,(725) 555-7778,,89146,Google Search,2023-02-17
832,Heather,Gutierrez,,(725) 555-1559,heather.gutierrez@example.com,89109,Google Search,2023-02-19
833,Andres,Berry,Berry Landscaping LLC,(702) 555-6284,andres.berry@example.net,89148,Fleet Account,2023-02-21
834,Amber,Serrano,,(702) 555-3399,amber.serrano@example.com,89117,Google Search,2023-02-23
835,Eric,Tran,,(725) 555-0482,eric.tran@example.com,89117,Social Media,2023-02-23
836,Grace,Hunter,,(702) 555-7831,grace.hunter@example.com,89139,Google Search,2023-02-26
837,Stephanie,Mueller,,(702) 555-9947,stephanie.mueller@example.com,89139,Social Media,2023-02-27
838,Caleb,Floyd,,(725) 555-5724,caleb.floyd@example.com,89102,Walk-in,2023-03-05
839,Roy,Castillo,,(702) 555-4968,,89148,Yelp,2023-03-07
840,Amber,Rodgers,,(702) 555-3091,amber.rodgers@example.com,89117,Referral,2023-03-10
841,Henry,Becker,,(702) 555-3666,henry.becker@example.com,89183,Google Search,2023-03-13
842,Scott,Dominguez,,(702) 555-9359,,89119,Google Search,2023-03-14
843,Alan,Rowe,Rowe HVAC Services LLC,(702) 555-8675,alan.rowe@example.net,89138,Fleet Account,2023-03-18
844,Walter,Blair,,(725) 555-0547,walter.blair@example.com,89145,Walk-in,2023-03-24
845,Imani,Simpson,,(702) 555-3469,,89121,Google Search,2023-03-25
846,Miguel,Holland,,(702) 555-8371,miguel.holland@example.com,89139,Yelp,2023-03-26
847,Donna,Hodges,,(725) 555-8803,donna.hodges@example.com,89113,Referral,2023-03-28
848,Catherine,Aguirre,,(702) 555-5885,catherine.aguirre@example.com,89146,Google Search,2023-03-30
849,Thomas,Norris,,(702) 555-2210,thomas.norris@example.com,89121,Walk-in,2023-03-30
850,Jacqueline,Diaz,,(702) 555-8812,jacqueline.diaz@example.com,89144,Google Search,2023-03-30
851,Jerry,Stone,,(702) 555-0043,jerry.stone@example.com,89134,Yelp,2023-04-03
852,Kevin,Roman,,(725) 555-7794,kevin.roman@example.com,89123,Google Search,2023-04-03
853,Emily,Trujillo,,(702) 555-4176,emily.trujillo@example.com,89145,Walk-in,2023-04-05
854,Christine,Wright,,(725) 555-0112,christine.wright@example.com,89117,Yelp,2023-04-08
855,Shirley,Hill,,(725) 555-1924,shirley.hill@example.com,89119,Yelp,2023-04-11
856,Lisa,Clark,,(725) 555-2049,lisa.clark@example.com,89148,Google Search,2023-04-12
857,Paul,Perkins,,(725) 555-8489,paul.perkins@example.com,89113,Google Search,2023-04-12
858,William,Ward,,(702) 555-5897,william.ward@example.com,89103,Walk-in,2023-04-14
859,Caleb,Rios,,(702) 555-9847,caleb.rios@example.com,89139,Referral,2023-04-14
860,William,Zhang,,(702) 555-1906,william.zhang@example.com,89147,Referral,2023-04-18
861,Alice,Bell,,(702) 555-7652,alice.bell@example.com,89147,Referral,2023-04-18
862,Kenneth,Little,,(702) 555-5519,kenneth.little@example.com,89117,Google Search,2023-04-19
863,Brittany,Lyons,,(702) 555-8665,brittany.lyons@example.com,89141,Google Search,2023-04-20
864,Andre,Goodman,,(702) 555-4573,andre.goodman@example.com,89139,Google Search,2023-04-21
865,Judith,Pierce,,(702) 555-4935,judith.pierce@example.com,89149,Yelp,2023-04-25
866,Lawrence,Perez,,,lawrence.perez@example.com,89147,Yelp,2023-04-30
867,Roger,Hail,,(702) 555-2463,roger.hail@example.com,89110,Referral,2023-05-01
868,Natalie,Davis,,,natalie.davis@example.com,89102,Yelp,2023-05-01
869,Jesse,Wu,,,,89115,Google Search,2023-05-01
870,Linh,Riley,,(725) 555-6806,linh.riley@example.com,89103,Walk-in,2023-05-05
871,Martha,Colon,,(702) 555-0669,martha.colon@example.com,89178,Yelp,2023-05-05
872,Nathan,Silva,,(702) 555-0650,nathan.silva@example.com,89141,Referral,2023-05-08
873,Kwame,Burgess,,(702) 555-2832,kwame.burgess@example.com,89109,Google Search,2023-05-12
874,Frances,Ellis,,(702) 555-8307,frances.ellis@example.com,89139,Google Search,2023-05-16
875,Kayla,Patton,,(702) 555-4648,kayla.patton@example.com,89118,Walk-in,2023-05-18
876,Emma,Robbins,,(702) 555-0598,,89139,Social Media,2023-05-18
877,Aisha,Schmidt,,(702) 555-2171,,89179,Referral,2023-05-20
878,Alan,Patterson,,(702) 555-6072,alan.patterson@example.com,89052,Google Search,2023-05-24
879,Hiroshi,Francis,,(725) 555-3724,hiroshi.francis@example.com,89074,Google Search,2023-05-26
880,Tyler,Mueller,,(702) 555-6468,tyler.mueller@example.com,89145,Yelp,2023-05-28
881,Ashley,Serrano,,(702) 555-5873,ashley.serrano@example.com,89118,Google Search,2023-05-30
882,Judy,Chandler,,(702) 555-7271,,89103,Referral,2023-06-09
883,Mark,Simon,,(725) 555-7445,mark.simon@example.com,89178,Referral,2023-06-15
884,Carolyn,Morales,,(702) 555-4932,carolyn.morales@example.com,89113,Walk-in,2023-06-18
885,Luis,Flores,,(702) 555-8192,luis.flores@example.com,89141,Google Search,2023-06-20
886,Megan,Miller,,(702) 555-7645,megan.miller@example.com,89139,Google Search,2023-06-21
887,Raymond,Walker,,(702) 555-3261,raymond.walker@example.com,89147,Google Search,2023-06-26
888,Roy,Butler,,(725) 555-9502,roy.butler@example.com,89052,Google Search,2023-06-28
889,Jonathan,Morales,,(702) 555-5955,jonathan.morales@example.com,89101,Referral,2023-07-01
890,Arthur,Cardenas,Cardenas Courier Services LLC,(702) 555-8951,arthur.cardenas@example.net,89178,Fleet Account,2023-07-01
891,Andre,McGee,,(702) 555-3329,andre.mcgee@example.com,89144,Yelp,2023-07-03
892,George,Pena,,(725) 555-5607,george.pena@example.com,89104,Yelp,2023-07-05
893,Frank,Moran,,(702) 555-8936,frank.moran@example.com,89119,Google Search,2023-07-06
894,Jennifer,Sutton,,(725) 555-3565,jennifer.sutton@example.com,89146,Referral,2023-07-07
895,Heather,Aguilar,,(702) 555-3722,heather.aguilar@example.com,89117,Google Search,2023-07-08
896,Madison,Ferguson,,(725) 555-2677,madison.ferguson@example.com,89148,Google Search,2023-07-09
897,Diana,Williams,,(702) 555-6935,diana.williams@example.com,89107,Yelp,2023-07-11
898,Larry,Warner,,(702) 555-8790,larry.warner@example.com,89113,Walk-in,2023-07-11
899,Amara,Arnold,,(702) 555-0842,,89130,Yelp,2023-07-12
900,Maria,Chambers,,(725) 555-6982,,89141,Google Search,2023-07-13
901,George,Baker,,(702) 555-6034,george.baker@example.com,89118,Referral,2023-07-14
902,Jose,Guerra,,(725) 555-0228,jose.guerra@example.com,89141,Google Search,2023-07-20
903,Sarah,Salas,,(702) 555-7450,,89118,Google Search,2023-07-23
904,Jorge,Cross,,(702) 555-6319,,89103,Google Search,2023-07-28
905,Rosa,Marquez,,(725) 555-8011,rosa.marquez@example.com,89119,Google Search,2023-08-01
906,Marcus,Farmer,,(702) 555-6939,marcus.farmer@example.com,89139,Google Search,2023-08-04
907,Patrick,Tyler,,(702) 555-3274,patrick.tyler@example.com,89052,Referral,2023-08-08
908,Mary,Singh,,(725) 555-6136,,89130,Google Search,2023-08-10
909,Scott,Newman,,(702) 555-0582,scott.newman@example.com,89146,Walk-in,2023-08-11
910,Alice,Chapman,,(702) 555-2342,alice.chapman@example.com,89103,Walk-in,2023-08-12
911,Janice,Hale,,(702) 555-2255,janice.hale@example.com,89117,Referral,2023-08-15
912,Roy,Dominguez,,(702) 555-6120,roy.dominguez@example.com,89119,Google Search,2023-08-15
913,Kenneth,Sandoval,Sandoval HVAC Services LLC,(725) 555-7159,kenneth.sandoval@example.net,89139,Fleet Account,2023-08-26
914,Patrick,Ellis,,(725) 555-2357,patrick.ellis@example.com,89113,Google Search,2023-08-26
915,Vincent,Fuentes,,(702) 555-3691,vincent.fuentes@example.com,89103,Google Search,2023-08-30
916,Keith,McDaniel,,(702) 555-2750,keith.mcdaniel@example.com,89183,Google Search,2023-09-03
917,Bobby,Walsh,,(702) 555-1970,bobby.walsh@example.com,89118,Social Media,2023-09-09
918,Hiroshi,Tran,,(702) 555-0626,hiroshi.tran@example.com,89139,Referral,2023-09-12
919,Donald,Gibbs,,(702) 555-8505,donald.gibbs@example.com,89183,Walk-in,2023-09-16
920,Denise,Graham,,(702) 555-9276,,89117,Referral,2023-09-20
921,Mason,Terry,,(702) 555-2260,mason.terry@example.com,89166,Google Search,2023-09-23
922,Jasmine,Jensen,Jensen Courier Services LLC,(702) 555-9330,jasmine.jensen@example.net,89102,Fleet Account,2023-09-24
923,Kyle,Hubbard,,(702) 555-0904,,89119,Google Search,2023-10-02
924,Teresa,Pearson,,(702) 555-8960,teresa.pearson@example.com,89113,Social Media,2023-10-02
925,Joe,Chang,,(702) 555-2075,joe.chang@example.com,89011,Walk-in,2023-10-04
926,Jonathan,Bennett,,(702) 555-7130,jonathan.bennett@example.com,89134,Google Search,2023-10-07
927,Gabriela,Logan,,(702) 555-4585,gabriela.logan@example.com,89108,Walk-in,2023-10-12
928,Lucas,Garcia,,(702) 555-5887,lucas.garcia@example.com,89113,Google Search,2023-10-12
929,Russell,Cooper,Cooper Pest Control LLC,(725) 555-2256,russell.cooper@example.net,89139,Fleet Account,2023-10-15
930,Minh,Jenkins,Jenkins Construction LLC,(702) 555-4806,minh.jenkins@example.net,89014,Fleet Account,2023-10-16
931,Ashley,McDaniel,,(702) 555-8769,ashley.mcdaniel@example.com,89120,Referral,2023-10-25
932,Jorge,Weber,,(702) 555-4661,jorge.weber@example.com,89148,Google Search,2023-10-31
933,Carl,Reed,,(725) 555-6900,carl.reed@example.com,89123,Referral,2023-11-01
934,Debra,Mann,,(702) 555-5216,,89142,Yelp,2023-11-07
935,Janice,Rose,Rose Pest Control LLC,(702) 555-3883,janice.rose@example.net,89179,Fleet Account,2023-11-19
936,Gerald,Stephens,,(702) 555-3910,,89106,Walk-in,2023-11-20
937,Jason,Dean,Dean Pest Control LLC,(725) 555-3060,jason.dean@example.net,89115,Fleet Account,2023-11-21
938,Shirley,Brady,Brady Plumbing LLC,(702) 555-1216,shirley.brady@example.net,89118,Fleet Account,2023-11-22
939,Sharon,Frank,,(702) 555-1654,sharon.frank@example.com,89141,Referral,2023-11-25
940,Hannah,Castaneda,,(702) 555-5752,hannah.castaneda@example.com,89129,Social Media,2023-11-30
941,Rachel,Torres,,(702) 555-3180,rachel.torres@example.com,89123,Social Media,2023-12-01
942,Laura,Soto,,(725) 555-9857,laura.soto@example.com,89115,Google Search,2023-12-05
943,Kevin,Wallace,,(702) 555-1729,kevin.wallace@example.com,89166,Walk-in,2023-12-05
944,Carlos,Gray,,(725) 555-1881,carlos.gray@example.com,89146,Referral,2023-12-07
945,Logan,Castro,,(702) 555-2951,logan.castro@example.com,89117,Referral,2023-12-08
946,Madison,Peters,,(702) 555-0057,madison.peters@example.com,89012,Referral,2023-12-09
947,Larry,Salas,,,larry.salas@example.com,89012,Google Search,2023-12-09
948,Debra,Barnett,,(702) 555-5777,debra.barnett@example.com,89179,Walk-in,2023-12-10
949,Rahul,Norris,,(702) 555-9682,rahul.norris@example.com,89139,Google Search,2023-12-10
950,Jesse,Fernandez,Fernandez Property Management LLC,(702) 555-8652,jesse.fernandez@example.net,89031,Fleet Account,2023-12-15
951,David,Trujillo,,(725) 555-3550,david.trujillo@example.com,89148,Referral,2023-12-17
952,Caleb,Moore,,(725) 555-5880,caleb.moore@example.com,89123,Referral,2023-12-18
953,Brian,Freeman,,(702) 555-3481,brian.freeman@example.com,89142,Yelp,2023-12-23
954,Marcus,Liu,,,marcus.liu@example.com,89104,Referral,2023-12-25
955,Rosa,Reid,,(702) 555-7584,rosa.reid@example.com,89123,Social Media,2023-12-27
956,Jose,Mason,,(702) 555-6790,,89141,Referral,2023-12-28
957,Samuel,Howard,,(725) 555-5194,samuel.howard@example.com,89148,Google Search,2023-12-28
958,Wayne,Robles,Robles Courier Services LLC,(702) 555-8578,wayne.robles@example.net,89122,Fleet Account,2023-12-29
959,Gerald,Pacheco,,(702) 555-2041,gerald.pacheco@example.com,89178,Yelp,2023-12-29
960,Melissa,Lopez,,(702) 555-3882,melissa.lopez@example.com,89147,Referral,2024-01-01
961,Edward,Miranda,,(702) 555-7134,,89148,Walk-in,2024-01-01
962,Janet,Fuentes,,,,89138,Referral,2024-01-01
963,Keisha,Suarez,,(702) 555-9742,keisha.suarez@example.com,89147,Yelp,2024-01-02
964,Tiffany,Ortega,,(702) 555-6020,tiffany.ortega@example.com,89113,Walk-in,2024-01-02
965,Gabriela,Delacruz,,(702) 555-7126,gabriela.delacruz@example.com,89102,Google Search,2024-01-03
966,Diane,Gregory,,(702) 555-7678,diane.gregory@example.com,89115,Referral,2024-01-03
967,Gary,Ferguson,,(702) 555-2325,gary.ferguson@example.com,89148,Google Search,2024-01-03
968,Caleb,Fisher,,(702) 555-9814,caleb.fisher@example.com,89147,Walk-in,2024-01-04
969,Walter,Harris,Harris Landscaping LLC,(725) 555-3558,walter.harris@example.net,89103,Fleet Account,2024-01-04
970,Paul,Howard,,(725) 555-4135,paul.howard@example.com,89110,Walk-in,2024-01-05
971,Kenneth,King,,(702) 555-5183,kenneth.king@example.com,89014,Google Search,2024-01-05
972,Mason,Blake,,(725) 555-2044,mason.blake@example.com,89113,Walk-in,2024-01-05
973,Charlotte,Fisher,,(702) 555-8813,,89144,Walk-in,2024-01-05
974,Russell,Vega,,(702) 555-1055,russell.vega@example.com,89101,Yelp,2024-01-05
975,Mark,Harmon,,(702) 555-4557,mark.harmon@example.com,89102,Google Search,2024-01-06
976,Hannah,Salazar,,(725) 555-1913,,89131,Google Search,2024-01-06
977,Heather,Black,,(725) 555-3183,,89139,Referral,2024-01-07
978,Linh,Parks,,(702) 555-7741,linh.parks@example.com,89147,Referral,2024-01-07
979,Kevin,Francis,,(702) 555-4864,kevin.francis@example.com,89139,Referral,2024-01-07
980,Lori,Terry,,(702) 555-7960,lori.terry@example.com,89118,Social Media,2024-01-07
981,Linh,Hartman,,(702) 555-3472,linh.hartman@example.com,89102,Referral,2024-01-08
982,Rahul,Swanson,,(702) 555-2264,rahul.swanson@example.com,89120,Google Search,2024-01-08
983,Marilyn,Carrillo,,(702) 555-7788,marilyn.carrillo@example.com,89113,Yelp,2024-01-09
984,David,Robinson,,(702) 555-5084,david.robinson@example.com,89183,Referral,2024-01-09
985,Andre,Alvarez,,(725) 555-3714,andre.alvarez@example.com,89145,Referral,2024-01-09
986,Jose,Carpenter,,(702) 555-2036,jose.carpenter@example.com,89012,Referral,2024-01-09
987,Mason,Jensen,,(725) 555-8153,mason.jensen@example.com,89128,Social Media,2024-01-10
988,Dylan,Rose,,(702) 555-4490,dylan.rose@example.com,89074,Google Search,2024-01-10
989,Natalie,Goodman,Goodman Courier Services LLC,(725) 555-7262,natalie.goodman@example.net,89117,Fleet Account,2024-01-10
990,Lucas,Hopkins,,(725) 555-4423,lucas.hopkins@example.com,89002,Yelp,2024-01-11
991,Dorothy,Serrano,,(702) 555-5638,dorothy.serrano@example.com,89148,Walk-in,2024-01-11
992,Leila,Huang,,(725) 555-7866,leila.huang@example.com,89134,Google Search,2024-01-11
993,Amara,Barnett,,(702) 555-6240,,89103,Walk-in,2024-01-11
994,Hannah,Gill,,(725) 555-7757,hannah.gill@example.com,89179,Walk-in,2024-01-11
995,Dylan,Arnold,,(702) 555-0674,dylan.arnold@example.com,89178,Yelp,2024-01-12
996,Laura,Cervantes,,(725) 555-8237,,89121,Referral,2024-01-12
997,Darnell,Weber,,(725) 555-7994,,89147,Referral,2024-01-12
998,Rebecca,Gallagher,,(702) 555-9377,rebecca.gallagher@example.com,89138,Yelp,2024-01-14
999,Marilyn,Francis,,(725) 555-4704,,89130,Yelp,2024-01-14
1000,Danielle,Davis,Davis Construction LLC,(725) 555-7252,danielle.davis@example.net,89178,Fleet Account,2024-01-15
1001,George,Cobb,,(702) 555-6263,george.cobb@example.com,89012,Walk-in,2024-01-16
1002,Linh,Collins,,(725) 555-3151,linh.collins@example.com,89117,Walk-in,2024-01-16
1003,Brian,Ruiz,Ruiz Electric LLC,(702) 555-5048,brian.ruiz@example.net,89139,Fleet Account,2024-01-16
1004,Christine,Le,,(702) 555-4172,christine.le@example.com,89148,Google Search,2024-01-17
1005,Imani,Harper,,,imani.harper@example.com,89148,Google Search,2024-01-17
1006,Rahul,Cannon,Cannon Electric LLC,(702) 555-7031,rahul.cannon@example.net,89148,Fleet Account,2024-01-17
1007,Olivia,Fowler,Fowler HVAC Services LLC,(702) 555-3052,olivia.fowler@example.net,89156,Fleet Account,2024-01-17
1008,Mateo,McGee,,(702) 555-5179,,89113,Google Search,2024-01-17
1009,Liam,Bauer,,(702) 555-0831,liam.bauer@example.com,89113,Google Search,2024-01-17
1010,Leila,Tucker,,(702) 555-4416,leila.tucker@example.com,89131,Google Search,2024-01-18
1011,Miguel,Duran,,(702) 555-2397,miguel.duran@example.com,89117,Google Search,2024-01-18
1012,Tyler,Roman,,(702) 555-3551,tyler.roman@example.com,89103,Google Search,2024-01-18
1013,Amanda,Casey,,(702) 555-6793,amanda.casey@example.com,89113,Yelp,2024-01-18
1014,Evelyn,Serrano,,(702) 555-7490,evelyn.serrano@example.com,89145,Google Search,2024-01-19
1015,Susan,Dennis,,(702) 555-9816,susan.dennis@example.com,89147,Social Media,2024-01-19
1016,Elena,Vasquez,,(702) 555-6979,elena.vasquez@example.com,89052,Google Search,2024-01-19
1017,Diane,Hopkins,,(702) 555-8148,diane.hopkins@example.com,89128,Yelp,2024-01-19
1018,Roger,Elliott,Elliott Pest Control LLC,(702) 555-2453,roger.elliott@example.net,89032,Fleet Account,2024-01-19
1019,Kathleen,Escobar,,(725) 555-7964,kathleen.escobar@example.com,89148,Google Search,2024-01-20
1020,Paul,Zhang,Zhang Electric LLC,(702) 555-9124,paul.zhang@example.net,89074,Fleet Account,2024-01-20
1021,Billy,Cortez,,(702) 555-9298,billy.cortez@example.com,89122,Walk-in,2024-01-21
1022,Benjamin,Price,,(702) 555-8003,benjamin.price@example.com,89002,Social Media,2024-01-21
1023,Gabriela,Paul,,(725) 555-0399,gabriela.paul@example.com,89123,Social Media,2024-01-21
1024,Judith,Chan,,(725) 555-2901,judith.chan@example.com,89139,Social Media,2024-01-22
1025,Ashley,Riley,,(702) 555-7277,ashley.riley@example.com,89103,Referral,2024-01-22
1026,Mark,Riley,,(725) 555-9774,mark.riley@example.com,89102,Walk-in,2024-01-23
1027,Joseph,Wilson,,(702) 555-6137,joseph.wilson@example.com,89113,Google Search,2024-01-23
1028,Kyle,Mejia,,(702) 555-5412,kyle.mejia@example.com,89113,Referral,2024-01-23
1029,Valeria,Walton,,(702) 555-2466,,89178,Google Search,2024-01-23
1030,Maria,Johnson,,(702) 555-1123,maria.johnson@example.com,89115,Referral,2024-01-23
1031,Katherine,Manning,,(702) 555-5764,katherine.manning@example.com,89118,Yelp,2024-01-24
1032,Anna,Hodges,,(702) 555-9227,,89147,Google Search,2024-01-24
1033,Lisa,Hunt,,(702) 555-5560,lisa.hunt@example.com,89141,Walk-in,2024-01-24
1034,Donna,Fitzgerald,,(702) 555-5667,donna.fitzgerald@example.com,89145,Referral,2024-01-25
1035,Kevin,Moody,Moody Plumbing LLC,(702) 555-5410,kevin.moody@example.net,89110,Fleet Account,2024-01-25
1036,Hannah,Griffin,,(702) 555-6813,hannah.griffin@example.com,89052,Walk-in,2024-01-26
1037,Jasmine,Simmons,,(702) 555-2815,,89113,Social Media,2024-01-26
1038,Joseph,Rojas,Rojas Plumbing LLC,(702) 555-4758,joseph.rojas@example.net,89120,Fleet Account,2024-01-26
1039,Willie,Lewis,,(702) 555-3359,willie.lewis@example.com,89139,Yelp,2024-01-26
1040,Ryan,Delacruz,,(702) 555-5160,ryan.delacruz@example.com,89103,Google Search,2024-01-27
1041,Isabella,Bishop,,(702) 555-0745,isabella.bishop@example.com,89139,Walk-in,2024-01-28
1042,Jose,Malone,,(702) 555-8808,jose.malone@example.com,89117,Google Search,2024-01-29
1043,Tyler,Love,,(702) 555-0784,,89084,Google Search,2024-01-29
1044,Julie,Morris,,(725) 555-2318,,89118,Walk-in,2024-01-29
1045,Bryan,Nguyen,,(702) 555-5585,bryan.nguyen@example.com,89183,Walk-in,2024-01-30
1046,Charlotte,Jones,,(702) 555-9223,charlotte.jones@example.com,89183,Yelp,2024-01-30
1047,Linh,Watson,,(702) 555-5707,linh.watson@example.com,89139,Social Media,2024-01-30
1048,Linh,George,,,linh.george@example.com,89118,Walk-in,2024-01-30
1049,Zachary,Wells,,(702) 555-7251,zachary.wells@example.com,89183,Google Search,2024-01-30
1050,Jacob,Montoya,,(702) 555-5012,jacob.montoya@example.com,89113,Walk-in,2024-01-30
1051,Tariq,Burns,,(702) 555-2229,tariq.burns@example.com,89118,Social Media,2024-01-31
1052,Sean,Boyd,,(702) 555-1480,sean.boyd@example.com,89147,Google Search,2024-01-31
1053,Elena,Warren,,(702) 555-8708,elena.warren@example.com,89139,Walk-in,2024-01-31
1054,Austin,Lin,,(702) 555-7917,austin.lin@example.com,89144,Google Search,2024-01-31
1055,Kevin,Palmer,Palmer Construction LLC,(725) 555-0537,kevin.palmer@example.net,89108,Fleet Account,2024-01-31
1056,Amara,Walsh,,(702) 555-0187,amara.walsh@example.com,89120,Google Search,2024-01-31
1057,Virginia,Potter,,(702) 555-8245,virginia.potter@example.com,89120,Walk-in,2024-02-01
1058,Emily,Bennett,,(725) 555-6515,emily.bennett@example.com,89113,Social Media,2024-02-01
1059,Fatima,Molina,,(725) 555-7091,fatima.molina@example.com,89147,Referral,2024-02-01
1060,Diana,Perez,,(702) 555-3919,diana.perez@example.com,89149,Walk-in,2024-02-01
1061,Samantha,Mullins,,(702) 555-0197,samantha.mullins@example.com,89102,Referral,2024-02-02
1062,Scott,Carroll,,(702) 555-6952,scott.carroll@example.com,89135,Social Media,2024-02-02
1063,Gary,Perkins,,(702) 555-7951,gary.perkins@example.com,89179,Google Search,2024-02-02
1064,Sean,Lewis,Lewis Property Management LLC,(702) 555-0596,sean.lewis@example.net,89107,Fleet Account,2024-02-04
1065,Jesse,Fuller,,(702) 555-6070,jesse.fuller@example.com,89135,Walk-in,2024-02-04
1066,Noah,Berry,,(702) 555-5354,noah.berry@example.com,89144,Google Search,2024-02-06
1067,Melissa,Terry,,(702) 555-0168,melissa.terry@example.com,89107,Walk-in,2024-02-07
1068,Jonathan,Stevens,,(702) 555-5625,,89146,Yelp,2024-02-07
1069,Luis,Townsend,,(725) 555-3434,luis.townsend@example.com,89135,Walk-in,2024-02-08
1070,Donald,Contreras,Contreras Courier Services LLC,(702) 555-7507,donald.contreras@example.net,89148,Fleet Account,2024-02-08
1071,Minh,Fox,Fox Plumbing LLC,(702) 555-5357,minh.fox@example.net,89014,Fleet Account,2024-02-09
1072,Manuel,Chandler,,(702) 555-7079,manuel.chandler@example.com,89014,Google Search,2024-02-09
1073,Ricardo,White,,(725) 555-3546,ricardo.white@example.com,89146,Google Search,2024-02-10
1074,Omar,Austin,,(702) 555-4936,omar.austin@example.com,89118,Google Search,2024-02-11
1075,Alice,Porter,,(702) 555-7268,alice.porter@example.com,89146,Referral,2024-02-11
1076,Anjali,Harrison,,(702) 555-0158,anjali.harrison@example.com,89031,Referral,2024-02-11
1077,Keisha,Newton,,(725) 555-9702,keisha.newton@example.com,89148,Walk-in,2024-02-13
1078,Gary,Wang,,(725) 555-0854,,89142,Referral,2024-02-13
1079,Tariq,Ray,,(702) 555-7842,tariq.ray@example.com,89139,Yelp,2024-02-13
1080,Lori,Guzman,,(702) 555-3009,lori.guzman@example.com,89103,Referral,2024-02-13
1081,Wei,Young,,(702) 555-7547,wei.young@example.com,89139,Walk-in,2024-02-14
1082,Nicole,Baldwin,Baldwin Construction LLC,(702) 555-8813,nicole.baldwin@example.net,89011,Fleet Account,2024-02-14
1083,Cheryl,Curry,,(702) 555-5598,cheryl.curry@example.com,89139,Google Search,2024-02-16
1084,Deborah,Butler,,(702) 555-3559,deborah.butler@example.com,89123,Referral,2024-02-16
1085,Christine,Rios,,(702) 555-1219,,89139,Social Media,2024-02-17
1086,Barbara,Juarez,,(725) 555-0374,barbara.juarez@example.com,89117,Google Search,2024-02-17
1087,Jonathan,Daniel,,(725) 555-1358,jonathan.daniel@example.com,89146,Google Search,2024-02-18
1088,Bruce,Baker,,(702) 555-2854,bruce.baker@example.com,89118,Referral,2024-02-19
1089,Natalie,Powell,,(702) 555-4927,natalie.powell@example.com,89148,Google Search,2024-02-19
1090,Mark,Ford,,(702) 555-6687,mark.ford@example.com,89103,Referral,2024-02-20
1091,Anna,Ramirez,,(702) 555-8928,anna.ramirez@example.com,89119,Walk-in,2024-02-20
1092,Darnell,Fletcher,,(725) 555-1060,darnell.fletcher@example.com,89148,Yelp,2024-02-20
1093,Sophia,Ellis,,(702) 555-2269,sophia.ellis@example.com,89074,Referral,2024-02-20
1094,Helen,Gonzalez,,(702) 555-8063,helen.gonzalez@example.com,89104,Social Media,2024-02-21
1095,Brittany,Montoya,,(702) 555-3243,brittany.montoya@example.com,89119,Google Search,2024-02-21
1096,Mateo,Bishop,,(702) 555-2162,mateo.bishop@example.com,89118,Referral,2024-02-21
1097,Dylan,Silva,,(702) 555-0402,dylan.silva@example.com,89130,Yelp,2024-02-21
1098,Patricia,Olson,Olson Courier Services LLC,(702) 555-7806,patricia.olson@example.net,89147,Fleet Account,2024-02-21
1099,Wei,Wolf,,(702) 555-0608,wei.wolf@example.com,89103,Walk-in,2024-02-22
1100,Andres,Ryan,,(702) 555-5930,andres.ryan@example.com,89122,Google Search,2024-02-22
1101,Priya,Wheeler,Wheeler Electric LLC,(725) 555-6955,priya.wheeler@example.net,89117,Fleet Account,2024-02-22
1102,Miguel,Curry,,(725) 555-3194,miguel.curry@example.com,89146,Google Search,2024-02-23
1103,Yuki,Camacho,,(702) 555-9110,yuki.camacho@example.com,89147,Referral,2024-02-23
1104,Kwame,Hudson,,(702) 555-7992,kwame.hudson@example.com,89148,Referral,2024-02-23
1105,Elena,Bowman,Bowman HVAC Services LLC,(725) 555-8787,elena.bowman@example.net,89147,Fleet Account,2024-02-23
1106,Linh,Mason,,(725) 555-6371,linh.mason@example.com,89118,Walk-in,2024-02-25
1107,Thomas,Fuentes,,(702) 555-8959,,89074,Walk-in,2024-02-25
1108,Willie,Washington,,(702) 555-2867,willie.washington@example.com,89113,Google Search,2024-02-25
1109,James,Love,,,,89145,Referral,2024-02-26
1110,Catherine,Welch,,(702) 555-5822,catherine.welch@example.com,89148,Google Search,2024-02-26
1111,Kelly,Foster,Foster Property Management LLC,(702) 555-8079,kelly.foster@example.net,89166,Fleet Account,2024-02-26
1112,Valeria,Delgado,,(702) 555-9189,,89113,Google Search,2024-02-26
1113,Patricia,Mullins,,(702) 555-1019,patricia.mullins@example.com,89139,Social Media,2024-02-28
1114,Camila,Santos,,(702) 555-8318,camila.santos@example.com,89113,Walk-in,2024-02-29
1115,Austin,Chen,,(725) 555-2562,austin.chen@example.com,89146,Google Search,2024-02-29
1116,Gabriela,Deleon,,(702) 555-6171,gabriela.deleon@example.com,89113,Referral,2024-03-01
1117,Hiroshi,Newman,,(702) 555-9307,hiroshi.newman@example.com,89141,Google Search,2024-03-01
1118,Melissa,Mendez,Mendez Courier Services LLC,(702) 555-8811,melissa.mendez@example.net,89141,Fleet Account,2024-03-01
1119,Ricardo,Shelton,,(702) 555-1658,ricardo.shelton@example.com,89118,Social Media,2024-03-02
1120,Peter,Henderson,,(702) 555-3262,peter.henderson@example.com,89117,Yelp,2024-03-02
1121,Timothy,Cardenas,,(725) 555-7370,timothy.cardenas@example.com,89118,Walk-in,2024-03-02
1122,Charlotte,Rhodes,,(702) 555-7827,charlotte.rhodes@example.com,89148,Google Search,2024-03-02
1123,Catherine,Hines,,(725) 555-0979,catherine.hines@example.com,89102,Referral,2024-03-03
1124,Lisa,Hubbard,,(702) 555-8844,lisa.hubbard@example.com,89178,Google Search,2024-03-04
1125,Yuki,Day,,(702) 555-9935,,89121,Yelp,2024-03-04
1126,Rachel,Moss,,(702) 555-7766,rachel.moss@example.com,89183,Yelp,2024-03-04
1127,Rachel,Ward,,(702) 555-8344,rachel.ward@example.com,89146,Yelp,2024-03-04
1128,Rebecca,Vaughn,,(702) 555-1030,,89166,Google Search,2024-03-04
1129,Bradley,Clark,,(702) 555-0420,bradley.clark@example.com,89120,Yelp,2024-03-05
1130,Karen,Castro,,(725) 555-6996,,89147,Referral,2024-03-05
1131,Malik,Webb,,(702) 555-6354,malik.webb@example.com,89118,Google Search,2024-03-05
1132,Heather,Perkins,,(702) 555-4074,heather.perkins@example.com,89147,Walk-in,2024-03-06
1133,Deborah,Cox,,(725) 555-0004,deborah.cox@example.com,89179,Yelp,2024-03-06
1134,Arthur,Hudson,,(702) 555-4347,arthur.hudson@example.com,89118,Google Search,2024-03-06
1135,Nicole,Mendez,,(702) 555-3810,nicole.mendez@example.com,89128,Walk-in,2024-03-06
1136,Theresa,Baker,,(702) 555-1488,theresa.baker@example.com,89081,Social Media,2024-03-07
1137,Julia,Andrews,,(702) 555-1133,julia.andrews@example.com,89121,Referral,2024-03-07
1138,Ricardo,Moore,Moore HVAC Services LLC,(702) 555-1686,ricardo.moore@example.net,89117,Fleet Account,2024-03-07
1139,Fatima,Horton,,(702) 555-0691,fatima.horton@example.com,89113,Referral,2024-03-07
1140,Bryan,Hopkins,,(725) 555-9219,bryan.hopkins@example.com,89117,Yelp,2024-03-08
1141,Jean,Hail,,(702) 555-7422,jean.hail@example.com,89138,Walk-in,2024-03-09
1142,Liam,Simmons,,(702) 555-9706,liam.simmons@example.com,89147,Google Search,2024-03-11
1143,Juan,James,,(702) 555-2624,juan.james@example.com,89129,Walk-in,2024-03-11
1144,Julia,Moore,,(725) 555-7259,julia.moore@example.com,89131,Google Search,2024-03-11
1145,John,Cohen,,(702) 555-6860,john.cohen@example.com,89139,Google Search,2024-03-11
1146,Sharon,Butler,,(702) 555-7196,sharon.butler@example.com,89052,Social Media,2024-03-12
1147,Helen,Ramsey,Ramsey HVAC Services LLC,(702) 555-6143,helen.ramsey@example.net,89139,Fleet Account,2024-03-12
1148,Mateo,Mills,,(702) 555-4641,mateo.mills@example.com,89120,Referral,2024-03-12
1149,Bryan,Cross,,(702) 555-1022,,89178,Referral,2024-03-12
1150,Elijah,Joseph,,(702) 555-9421,elijah.joseph@example.com,89102,Google Search,2024-03-13
1151,Jasmine,Evans,,(702) 555-7782,jasmine.evans@example.com,89109,Google Search,2024-03-13
1152,Joyce,Love,,(702) 555-8023,joyce.love@example.com,89102,Social Media,2024-03-13
1153,Mason,Thornton,,(702) 555-9487,mason.thornton@example.com,89119,Referral,2024-03-13
1154,Kimberly,Crawford,Crawford HVAC Services LLC,(702) 555-4375,kimberly.crawford@example.net,89103,Fleet Account,2024-03-13
1155,Jacqueline,Fletcher,Fletcher HVAC Services LLC,(702) 555-4065,jacqueline.fletcher@example.net,89121,Fleet Account,2024-03-13
1156,Jason,Daniel,,(702) 555-3354,jason.daniel@example.com,89141,Yelp,2024-03-13
1157,Teresa,Cannon,,(702) 555-5827,teresa.cannon@example.com,89107,Google Search,2024-03-13
1158,Jacob,Schneider,,(702) 555-0405,,89119,Google Search,2024-03-14
1159,Thomas,Figueroa,,(725) 555-4084,thomas.figueroa@example.com,89011,Social Media,2024-03-14
1160,Wei,Reeves,Reeves HVAC Services LLC,(702) 555-5700,wei.reeves@example.net,89101,Fleet Account,2024-03-14
1161,Janet,Patterson,,(725) 555-0766,janet.patterson@example.com,89012,Walk-in,2024-03-15
1162,Imani,Arnold,,(725) 555-7519,imani.arnold@example.com,89118,Referral,2024-03-15
1163,Samuel,Wise,,(702) 555-2544,samuel.wise@example.com,89120,Walk-in,2024-03-15
1164,Jessica,Burton,,(702) 555-0917,jessica.burton@example.com,89148,Referral,2024-03-15
1165,Linh,Glover,,(702) 555-4902,linh.glover@example.com,89113,Google Search,2024-03-16
1166,Elena,Padilla,,(702) 555-5678,elena.padilla@example.com,89103,Referral,2024-03-17
1167,Teresa,Jensen,,(702) 555-4526,teresa.jensen@example.com,89142,Walk-in,2024-03-18
1168,Stephen,Rosales,Rosales Courier Services LLC,(702) 555-0428,stephen.rosales@example.net,89131,Fleet Account,2024-03-18
1169,Judy,Hopkins,,(702) 555-5472,judy.hopkins@example.com,89147,Referral,2024-03-18
1170,Sara,Horton,,(702) 555-0147,sara.horton@example.com,89146,Google Search,2024-03-18
1171,Jeremy,Mitchell,,(725) 555-9457,jeremy.mitchell@example.com,89146,Google Search,2024-03-19
1172,Adam,McKinney,,(702) 555-8547,adam.mckinney@example.com,89128,Google Search,2024-03-19
1173,Kelly,Bishop,,(702) 555-3206,kelly.bishop@example.com,89178,Referral,2024-03-19
1174,Julia,Grant,,(702) 555-3030,julia.grant@example.com,89113,Google Search,2024-03-20
1175,William,Thomas,Thomas Landscaping LLC,(702) 555-1624,william.thomas@example.net,89117,Fleet Account,2024-03-20
1176,Christian,McBride,,,,89178,Google Search,2024-03-21
1177,John,Oconnor,,(725) 555-0079,,89118,Walk-in,2024-03-21
1178,Valeria,Keller,,(702) 555-0412,valeria.keller@example.com,89113,Google Search,2024-03-21
1179,Keisha,May,,(702) 555-2234,keisha.may@example.com,89130,Social Media,2024-03-21
1180,Carolyn,McKinney,,(702) 555-0165,carolyn.mckinney@example.com,89128,Google Search,2024-03-21
1181,Alexis,Gill,,(702) 555-5442,alexis.gill@example.com,89121,Social Media,2024-03-21
1182,Christina,Dennis,,,christina.dennis@example.com,89139,Yelp,2024-03-22
1183,Christian,Wolfe,,(702) 555-8763,christian.wolfe@example.com,89107,Google Search,2024-03-22
1184,Jonathan,Tucker,,(702) 555-6891,jonathan.tucker@example.com,89135,Yelp,2024-03-22
1185,Lawrence,Gordon,,,lawrence.gordon@example.com,89146,Walk-in,2024-03-23
1186,Manuel,Becker,,(702) 555-5391,,89012,Walk-in,2024-03-25
1187,Valeria,West,,(702) 555-3197,valeria.west@example.com,89144,Google Search,2024-03-25
1188,Anna,West,,(702) 555-2036,anna.west@example.com,89117,Social Media,2024-03-25
1189,Natalie,Allen,,(725) 555-1138,natalie.allen@example.com,89118,Walk-in,2024-03-26
1190,Elizabeth,Romero,,(702) 555-7141,elizabeth.romero@example.com,89117,Referral,2024-03-26
1191,Gabriel,Solis,,(702) 555-5342,,89146,Yelp,2024-03-26
1192,Harold,Fields,,(725) 555-8527,,89147,Referral,2024-03-26
1193,Pamela,Weber,,(725) 555-8579,pamela.weber@example.com,89123,Referral,2024-03-26
1194,Michael,Townsend,,(702) 555-1022,michael.townsend@example.com,89113,Referral,2024-03-26
1195,Olivia,Parks,,(702) 555-6249,olivia.parks@example.com,89104,Walk-in,2024-03-26
1196,Jeremy,Jones,,(702) 555-7405,jeremy.jones@example.com,89104,Social Media,2024-03-27
1197,Karen,Coleman,,(725) 555-5614,karen.coleman@example.com,89104,Walk-in,2024-03-27
1198,Bobby,Wang,,(702) 555-3637,bobby.wang@example.com,89101,Yelp,2024-03-27
1199,Nicole,Bowen,,(702) 555-0491,,89113,Walk-in,2024-03-27
1200,Edward,Martin,,(702) 555-5182,edward.martin@example.com,89138,Social Media,2024-03-27
1201,Albert,Miles,,(725) 555-5879,albert.miles@example.com,89107,Social Media,2024-03-28
1202,Danielle,Gross,,(725) 555-9523,danielle.gross@example.com,89183,Walk-in,2024-03-29
1203,Randy,Spencer,,(702) 555-8899,randy.spencer@example.com,89052,Yelp,2024-03-30
1204,Matthew,Lewis,Lewis Property Management LLC,(702) 555-9193,matthew.lewis@example.net,89052,Fleet Account,2024-03-30
1205,Ronald,Ingram,,(725) 555-2135,ronald.ingram@example.com,89074,Referral,2024-03-30
1206,Theresa,Santiago,,(702) 555-0270,theresa.santiago@example.com,89117,Referral,2024-03-30
1207,Luis,Griffith,,(702) 555-1469,luis.griffith@example.com,89141,Walk-in,2024-03-30
1208,Joan,Steele,,(702) 555-9683,joan.steele@example.com,89147,Yelp,2024-03-31
1209,Diane,Hanson,,(702) 555-5153,diane.hanson@example.com,89108,Google Search,2024-03-31
1210,Kevin,Washington,Washington Courier Services LLC,(702) 555-7335,kevin.washington@example.net,89139,Fleet Account,2024-03-31
1211,Stephen,James,,(702) 555-7018,stephen.james@example.com,89145,Google Search,2024-03-31
1212,Doris,Valdez,,(702) 555-1344,doris.valdez@example.com,89113,Google Search,2024-04-01
1213,Sofia,Tate,,(702) 555-5104,sofia.tate@example.com,89119,Yelp,2024-04-02
1214,Gabriela,Welch,,(702) 555-8839,gabriela.welch@example.com,89118,Walk-in,2024-04-02
1215,Carol,Rose,,(725) 555-7109,carol.rose@example.com,89179,Social Media,2024-04-02
1216,Kelly,Fernandez,,(702) 555-6852,kelly.fernandez@example.com,89183,Referral,2024-04-02
1217,Barbara,Walker,Walker Property Management LLC,(702) 555-3040,barbara.walker@example.net,89142,Fleet Account,2024-04-02
1218,Jorge,Cohen,,(702) 555-2352,jorge.cohen@example.com,89139,Walk-in,2024-04-02
1219,Patricia,Padilla,Padilla Plumbing LLC,(725) 555-3129,patricia.padilla@example.net,89118,Fleet Account,2024-04-03
1220,Bobby,Brooks,,(702) 555-9034,bobby.brooks@example.com,89128,Google Search,2024-04-03
1221,Kevin,Wolfe,,(702) 555-7044,kevin.wolfe@example.com,89144,Referral,2024-04-03
1222,Martha,Butler,,(702) 555-2124,martha.butler@example.com,89141,Referral,2024-04-03
1223,Christian,Gordon,,(702) 555-9541,christian.gordon@example.com,89122,Google Search,2024-04-03
1224,Robert,Le,,(702) 555-9739,robert.le@example.com,89118,Walk-in,2024-04-04
1225,Megan,Hines,,(702) 555-5055,megan.hines@example.com,89148,Social Media,2024-04-04
1226,Jorge,Reid,,(725) 555-9343,jorge.reid@example.com,89139,Social Media,2024-04-04
1227,Anthony,Erickson,,(725) 555-6684,anthony.erickson@example.com,89123,Walk-in,2024-04-04
1228,Noah,McLaughlin,,(702) 555-4948,noah.mclaughlin@example.com,89139,Google Search,2024-04-04
1229,Carlos,Hail,Hail Landscaping LLC,(702) 555-8226,carlos.hail@example.net,89120,Fleet Account,2024-04-04
1230,Alexander,Hale,,(702) 555-9694,alexander.hale@example.com,89139,Walk-in,2024-04-04
1231,Jason,Hampton,,(725) 555-8896,jason.hampton@example.com,89103,Walk-in,2024-04-04
1232,Hiroshi,Gilbert,,(725) 555-6748,hiroshi.gilbert@example.com,89139,Social Media,2024-04-05
1233,Zachary,Strickland,,(702) 555-4761,zachary.strickland@example.com,89129,Walk-in,2024-04-05
1234,Zachary,Christensen,,(702) 555-8856,zachary.christensen@example.com,89148,Referral,2024-04-05
1235,Kathleen,Hansen,,(702) 555-0625,kathleen.hansen@example.com,89118,Referral,2024-04-05
1236,Paul,Peterson,,(702) 555-8536,paul.peterson@example.com,89139,Walk-in,2024-04-05
1237,Eric,Patton,,(725) 555-8233,eric.patton@example.com,89101,Google Search,2024-04-06
1238,Christine,Cruz,,(702) 555-4150,christine.cruz@example.com,89052,Walk-in,2024-04-06
1239,Ann,Solis,,(702) 555-5168,ann.solis@example.com,89179,Walk-in,2024-04-06
1240,Kimberly,Richards,,(702) 555-8595,kimberly.richards@example.com,89144,Social Media,2024-04-07
1241,Susan,Bryant,,(702) 555-4856,susan.bryant@example.com,89134,Referral,2024-04-08
1242,Joseph,Barrett,,(702) 555-0052,,89179,Referral,2024-04-08
1243,Robert,Barton,Barton Landscaping LLC,(725) 555-2970,robert.barton@example.net,89178,Fleet Account,2024-04-08
1244,Emily,Thompson,,(702) 555-6354,,89106,Social Media,2024-04-08
1245,Tamika,Bradley,,(725) 555-7504,tamika.bradley@example.com,89130,Google Search,2024-04-09
1246,Caleb,Medina,Medina Landscaping LLC,(725) 555-2954,caleb.medina@example.net,89113,Fleet Account,2024-04-09
1247,Amanda,Young,,(702) 555-5555,amanda.young@example.com,89084,Google Search,2024-04-09
1248,Kayla,Thompson,,(702) 555-2931,kayla.thompson@example.com,89015,Google Search,2024-04-09
1249,Grace,Rodriguez,,(702) 555-3542,grace.rodriguez@example.com,89131,Google Search,2024-04-10
1250,Martha,Goodwin,,(702) 555-4597,,89130,Yelp,2024-04-10
1251,Ethan,Elliott,,(702) 555-9947,ethan.elliott@example.com,89156,Google Search,2024-04-11
1252,Carl,Martinez,,(702) 555-7889,carl.martinez@example.com,89179,Google Search,2024-04-11
1253,Wayne,Hines,,(725) 555-6794,wayne.hines@example.com,89113,Google Search,2024-04-12
1254,Jean,Goodman,Goodman Landscaping LLC,(702) 555-2333,jean.goodman@example.net,89139,Fleet Account,2024-04-13
1255,Stephen,Delacruz,,(702) 555-3509,stephen.delacruz@example.com,89135,Google Search,2024-04-14
1256,Lawrence,Solis,,(725) 555-5179,lawrence.solis@example.com,89113,Yelp,2024-04-14
1257,Timothy,Conner,,(725) 555-6499,timothy.conner@example.com,89102,Yelp,2024-04-14
1258,Gabriela,Wallace,,(725) 555-0273,,89113,Social Media,2024-04-15
1259,Brian,Valdez,,(725) 555-2081,,89102,Yelp,2024-04-15
1260,Abigail,Lawson,,(725) 555-5535,,89081,Social Media,2024-04-15
1261,Joyce,Thornton,,(702) 555-1308,joyce.thornton@example.com,89146,Google Search,2024-04-16
1262,Frances,Dixon,,(702) 555-0862,frances.dixon@example.com,89113,Google Search,2024-04-16
1263,Deborah,Herrera,,(702) 555-9255,deborah.herrera@example.com,89129,Google Search,2024-04-17
1264,Kenneth,Henderson,,(702) 555-3712,kenneth.henderson@example.com,89139,Walk-in,2024-04-17
1265,Tariq,Li,,(702) 555-4203,tariq.li@example.com,89146,Referral,2024-04-17
1266,Raymond,Mitchell,,(702) 555-7867,raymond.mitchell@example.com,89123,Yelp,2024-04-17
1267,Mary,James,James Mobile Detailing LLC,(702) 555-3704,mary.james@example.net,89141,Fleet Account,2024-04-17
1268,Debra,Graham,,(702) 555-2976,debra.graham@example.com,89146,Google Search,2024-04-18
1269,Maria,Ellis,,(725) 555-9494,maria.ellis@example.com,89113,Yelp,2024-04-18
1270,Doris,Morris,,(702) 555-6959,doris.morris@example.com,89183,Google Search,2024-04-18
1271,Danielle,Stewart,,(702) 555-0265,danielle.stewart@example.com,89147,Walk-in,2024-04-18
1272,Ricardo,Walton,,(702) 555-5052,ricardo.walton@example.com,89147,Walk-in,2024-04-18
1273,Jessica,Warner,,(725) 555-5925,jessica.warner2@example.com,89011,Google Search,2024-04-18
1274,Anna,Allen,,,anna.allen@example.com,89139,Google Search,2024-04-18
1275,Debra,Rhodes,,(725) 555-7613,debra.rhodes@example.com,89108,Yelp,2024-04-18
1276,Carol,Mendez,,(702) 555-4448,carol.mendez@example.com,89002,Social Media,2024-04-18
1277,Carlos,Grant,,(702) 555-4068,carlos.grant@example.com,89120,Referral,2024-04-18
1278,Ronald,Ingram,,(702) 555-5547,ronald.ingram2@example.com,89074,Social Media,2024-04-19
1279,Katherine,Rivas,,(702) 555-6370,katherine.rivas@example.com,89147,Referral,2024-04-19
1280,Marcus,Burton,,(702) 555-8073,,89117,Google Search,2024-04-19
1281,Robert,Christensen,,(725) 555-1243,robert.christensen@example.com,89002,Walk-in,2024-04-19
1282,Frances,Greene,,(725) 555-9907,frances.greene@example.com,89123,Walk-in,2024-04-19
1283,Victoria,Ibarra,,(725) 555-3200,victoria.ibarra2@example.com,89139,Google Search,2024-04-20
1284,Betty,Fitzgerald,,(725) 555-1621,betty.fitzgerald@example.com,89118,Google Search,2024-04-20
1285,Ronald,Ross,,(702) 555-5280,ronald.ross@example.com,89129,Yelp,2024-04-20
1286,Paul,Byrd,,(702) 555-1616,paul.byrd@example.com,89130,Google Search,2024-04-20
1287,Arthur,Maxwell,,(702) 555-8300,arthur.maxwell@example.com,89118,Referral,2024-04-21
1288,Sara,Townsend,,(702) 555-0071,sara.townsend@example.com,89117,Google Search,2024-04-21
1289,Raymond,Luna,,(702) 555-4645,raymond.luna@example.com,89147,Social Media,2024-04-21
1290,Christian,Glover,,(725) 555-2468,christian.glover@example.com,89103,Yelp,2024-04-22
1291,Donald,Powers,,(702) 555-6070,donald.powers@example.com,89129,Walk-in,2024-04-22
1292,Tariq,Waters,,(702) 555-9356,tariq.waters@example.com,89123,Referral,2024-04-22
1293,Mei,Newton,,(725) 555-6262,mei.newton@example.com,89012,Referral,2024-04-22
1294,Cheryl,Burgess,,(702) 555-9288,cheryl.burgess@example.com,89113,Google Search,2024-04-22
1295,Ruth,Vaughn,,(702) 555-0137,ruth.vaughn@example.com,89113,Google Search,2024-04-23
1296,Tamika,Santos,,(702) 555-2376,tamika.santos@example.com,89113,Social Media,2024-04-23
1297,Austin,Butler,,(702) 555-9121,austin.butler@example.com,89147,Social Media,2024-04-23
1298,Valeria,Gross,,(725) 555-8040,valeria.gross@example.com,89118,Google Search,2024-04-23
1299,Bruce,Hernandez,,(725) 555-9044,bruce.hernandez@example.com,89179,Google Search,2024-04-23
1300,Martha,Matthews,,(702) 555-9145,martha.matthews@example.com,89141,Google Search,2024-04-23
1301,Christina,Collins,Collins Mobile Detailing LLC,(702) 555-6997,christina.collins@example.net,89002,Fleet Account,2024-04-24
1302,Ruth,Cortez,,(702) 555-2552,,89148,Social Media,2024-04-25
1303,Harold,Wilson,,(702) 555-2866,harold.wilson@example.com,89141,Google Search,2024-04-25
1304,Malik,Carlson,,(725) 555-3983,malik.carlson@example.com,89084,Google Search,2024-04-26
1305,Barbara,Patel,,(702) 555-6740,barbara.patel@example.com,89144,Yelp,2024-04-26
1306,Jordan,Sandoval,,(702) 555-2917,jordan.sandoval@example.com,89179,Yelp,2024-04-26
1307,Andrea,Ochoa,,(702) 555-0953,andrea.ochoa@example.com,89139,Referral,2024-04-27
1308,Joan,Contreras,,(725) 555-3804,joan.contreras@example.com,89129,Google Search,2024-04-27
1309,Christian,Nunez,,(702) 555-3826,christian.nunez@example.com,89119,Google Search,2024-04-28
1310,Robert,Cortez,,(702) 555-0316,robert.cortez@example.com,89146,Walk-in,2024-04-28
1311,Mark,Pearson,,(702) 555-7883,mark.pearson@example.com,89120,Social Media,2024-04-29
1312,Amara,Ford,,(702) 555-8368,amara.ford@example.com,89118,Google Search,2024-04-29
1313,Amy,Woods,,(702) 555-1038,amy.woods@example.com,89139,Walk-in,2024-04-29
1314,Maria,Schmidt,,(702) 555-6119,maria.schmidt@example.com,89103,Walk-in,2024-04-29
1315,Beverly,Marquez,,(725) 555-3824,beverly.marquez@example.com,89113,Google Search,2024-04-30
1316,Logan,Cohen,,(702) 555-2687,logan.cohen@example.com,89121,Yelp,2024-04-30
1317,Betty,Alexander,,(702) 555-6065,betty.alexander@example.com,89179,Referral,2024-04-30
1318,Noah,Knight,,(702) 555-2268,noah.knight@example.com,89113,Google Search,2024-04-30
1319,Jeremy,Black,Black HVAC Services LLC,(725) 555-9481,jeremy.black@example.net,89118,Fleet Account,2024-05-01
1320,Karen,Graves,,(702) 555-2673,karen.graves@example.com,89113,Yelp,2024-05-01
1321,Jack,Hanson,,(702) 555-3553,jack.hanson@example.com,89179,Social Media,2024-05-01
1322,Evelyn,Parks,,(702) 555-3215,evelyn.parks@example.com,89147,Yelp,2024-05-02
1323,Madison,Becker,,(702) 555-4408,madison.becker@example.com,89141,Walk-in,2024-05-02
1324,Amy,McGee,,,amy.mcgee@example.com,89118,Walk-in,2024-05-02
1325,Nathan,Soto,,(702) 555-7578,,89148,Walk-in,2024-05-02
1326,Jose,Smith,,(702) 555-4574,jose.smith@example.com,89179,Yelp,2024-05-02
1327,Danielle,Weaver,,(702) 555-9632,danielle.weaver@example.com,89178,Google Search,2024-05-03
1328,Julie,Vargas,,(725) 555-4668,julie.vargas@example.com,89131,Social Media,2024-05-03
1329,Rosa,McGuire,,(702) 555-0930,rosa.mcguire@example.com,89148,Yelp,2024-05-03
1330,Donna,Santiago,,(725) 555-4913,donna.santiago@example.com,89138,Referral,2024-05-03
1331,Lauren,Becker,,(702) 555-5148,lauren.becker@example.com,89131,Referral,2024-05-04
1332,Tyler,Green,,(702) 555-2790,tyler.green@example.com,89118,Walk-in,2024-05-04
1333,Jean,Acosta,,(702) 555-2579,jean.acosta@example.com,89149,Walk-in,2024-05-05
1334,Jeffrey,Cobb,,(725) 555-2270,,89074,Google Search,2024-05-05
1335,Heather,Swanson,,(702) 555-7170,,89147,Google Search,2024-05-05
1336,Ruth,Montoya,,(702) 555-7426,ruth.montoya@example.com,89145,Google Search,2024-05-05
1337,Gerald,Guerra,,(702) 555-4047,gerald.guerra@example.com,89134,Walk-in,2024-05-06
1338,Madison,Murray,,(725) 555-2507,madison.murray@example.com,89014,Referral,2024-05-06
1339,Nicole,Ingram,,(702) 555-0912,nicole.ingram@example.com,89086,Referral,2024-05-06
1340,Justin,Manning,,(725) 555-7021,justin.manning@example.com,89141,Yelp,2024-05-06
1341,Rachel,Franklin,,(702) 555-6175,rachel.franklin@example.com,89123,Referral,2024-05-06
1342,Jasmine,Jackson,,(702) 555-3985,jasmine.jackson@example.com,89142,Google Search,2024-05-06
1343,Thomas,May,,(702) 555-3658,,89113,Google Search,2024-05-07
1344,Nicholas,Dominguez,Dominguez Mobile Detailing LLC,(702) 555-6872,nicholas.dominguez@example.net,89139,Fleet Account,2024-05-07
1345,Joseph,Cruz,,(702) 555-8113,joseph.cruz@example.com,89141,Google Search,2024-05-07
1346,Mei,Jensen,,(702) 555-1480,,89134,Google Search,2024-05-08
1347,Mary,Hines,,(702) 555-0215,mary.hines@example.com,89074,Walk-in,2024-05-08
1348,Andre,Frank,,(702) 555-7959,andre.frank@example.com,89102,Google Search,2024-05-08
1349,Patricia,Gilbert,,(725) 555-7794,patricia.gilbert@example.com,89147,Yelp,2024-05-08
1350,Rahul,Maldonado,,(702) 555-1050,rahul.maldonado@example.com,89183,Social Media,2024-05-08
1351,Linh,Day,,(725) 555-3348,linh.day@example.com,89183,Yelp,2024-05-08
1352,Alexander,Powell,,(702) 555-3387,alexander.powell@example.com,89148,Social Media,2024-05-08
1353,Samantha,Robinson,,(702) 555-5716,samantha.robinson@example.com,89118,Referral,2024-05-08
1354,Michelle,Saunders,,,michelle.saunders@example.com,89117,Social Media,2024-05-08
1355,Michael,Berry,,(702) 555-7139,,89123,Yelp,2024-05-08
1356,Emma,Williams,,(702) 555-0614,emma.williams@example.com,89146,Google Search,2024-05-08
1357,Bruce,Barber,,(702) 555-7474,bruce.barber@example.com,89118,Yelp,2024-05-08
1358,Jason,Delgado,,(702) 555-7014,jason.delgado@example.com,89128,Social Media,2024-05-08
1359,Robert,Morales,,(725) 555-2732,robert.morales@example.com,89144,Social Media,2024-05-09
1360,Liam,Morales,,(702) 555-8116,liam.morales@example.com,89119,Referral,2024-05-09
1361,Karen,Swanson,,(725) 555-3287,karen.swanson@example.com,89107,Referral,2024-05-09
1362,Andrew,Calderon,,(702) 555-7216,andrew.calderon@example.com,89002,Yelp,2024-05-09
1363,Beverly,Campbell,,(702) 555-6091,,89141,Walk-in,2024-05-09
1364,Jennifer,Hughes,,,jennifer.hughes@example.com,89179,Walk-in,2024-05-09
1365,Donald,Hall,,(702) 555-8343,,89104,Social Media,2024-05-09
1366,Emily,Swanson,,(702) 555-6964,emily.swanson@example.com,89123,Google Search,2024-05-09
1367,Judith,Park,,(702) 555-8382,judith.park@example.com,89031,Google Search,2024-05-09
1368,Mark,Byrd,,(702) 555-2807,mark.byrd@example.com,89145,Walk-in,2024-05-09
1369,Andrea,Freeman,,(702) 555-1672,andrea.freeman@example.com,89178,Social Media,2024-05-09
1370,Michael,Taylor,,(702) 555-5190,michael.taylor@example.com,89118,Referral,2024-05-09
1371,Steven,Morris,Morris Pest Control LLC,(702) 555-0190,steven.morris@example.net,89117,Fleet Account,2024-05-09
1372,Jesse,Ruiz,,(702) 555-4185,jesse.ruiz@example.com,89147,Referral,2024-05-09
1373,Judith,Nelson,,(702) 555-0352,judith.nelson@example.com,89139,Yelp,2024-05-10
1374,Kimberly,Moran,,(702) 555-4091,kimberly.moran@example.com,89147,Google Search,2024-05-10
1375,Mason,Oconnor,,(702) 555-8116,mason.oconnor@example.com,89131,Walk-in,2024-05-10
1376,Tamika,Lowe,,(725) 555-5551,tamika.lowe@example.com,89102,Referral,2024-05-10
1377,Ana,Mack,,(725) 555-6990,ana.mack@example.com,89117,Walk-in,2024-05-10
1378,Tamika,Paul,,(725) 555-0252,,89148,Referral,2024-05-10
1379,Michelle,Hudson,,(702) 555-4922,michelle.hudson@example.com,89123,Social Media,2024-05-11
1380,Catherine,Hawkins,,(702) 555-7898,,89117,Google Search,2024-05-11
1381,Joseph,Salazar,,(725) 555-4036,joseph.salazar@example.com,89129,Walk-in,2024-05-12
1382,Nathan,Adams,,(702) 555-7563,nathan.adams@example.com,89107,Google Search,2024-05-12
1383,Joe,Garrett,,(702) 555-8444,joe.garrett@example.com,89179,Walk-in,2024-05-12
1384,Tamika,McDonald,,(702) 555-6409,,89178,Google Search,2024-05-12
1385,Steven,Gill,,(702) 555-1690,steven.gill@example.com,89113,Google Search,2024-05-12
1386,Mason,Bennett,,(702) 555-3694,,89178,Referral,2024-05-13
1387,Lawrence,Martinez,,(725) 555-4008,lawrence.martinez@example.com,89131,Referral,2024-05-13
1388,Walter,Ramsey,,(725) 555-2967,walter.ramsey@example.com,89118,Google Search,2024-05-13
1389,Sophia,King,,(725) 555-8887,sophia.king@example.com,89103,Walk-in,2024-05-13
1390,Brian,Hampton,,(702) 555-3886,brian.hampton@example.com,89031,Referral,2024-05-13
1391,Henry,Rogers,,(702) 555-4321,henry.rogers@example.com,89113,Google Search,2024-05-13
1392,Carol,Harris,,(702) 555-4543,carol.harris@example.com,89183,Walk-in,2024-05-13
1393,Ronald,May,,(725) 555-0750,,89149,Walk-in,2024-05-14
1394,Valeria,Harrington,,(702) 555-4966,valeria.harrington@example.com,89113,Google Search,2024-05-14
1395,Jack,Wolfe,,(725) 555-7552,jack.wolfe@example.com,89074,Google Search,2024-05-14
1396,Kimberly,Cook,,(702) 555-6272,,89074,Social Media,2024-05-14
1397,Brandon,Wilson,Wilson Pool Service LLC,(702) 555-4577,brandon.wilson@example.net,89178,Fleet Account,2024-05-14
1398,Keisha,Wang,,(702) 555-7777,keisha.wang@example.com,89146,Yelp,2024-05-15
1399,Amara,Douglas,,(725) 555-4420,amara.douglas@example.com,89122,Google Search,2024-05-15
1400,Valeria,Dunn,,(702) 555-8166,valeria.dunn@example.com,89147,Walk-in,2024-05-15
1401,Benjamin,Carlson,,(702) 555-5920,benjamin.carlson@example.com,89117,Social Media,2024-05-16
1402,Steven,Ingram,,(702) 555-6537,steven.ingram@example.com,89113,Referral,2024-05-16
1403,Jasmine,Bryant,,(725) 555-1723,jasmine.bryant@example.com,89156,Yelp,2024-05-16
1404,George,Pham,,(725) 555-3711,george.pham@example.com,89118,Walk-in,2024-05-16
1405,Raymond,Pierce,,(702) 555-7609,raymond.pierce@example.com,89183,Referral,2024-05-16
1406,Jack,Morgan,,(702) 555-7652,jack.morgan@example.com,89002,Yelp,2024-05-16
1407,Jeremy,Daniels,,(725) 555-0081,jeremy.daniels@example.com,89123,Social Media,2024-05-16
1408,Alexander,Page,,(702) 555-7429,alexander.page@example.com,89103,Google Search,2024-05-17
1409,Kathryn,Robbins,,(702) 555-2871,kathryn.robbins@example.com,89147,Referral,2024-05-17
1410,Emma,Gutierrez,,(725) 555-4770,emma.gutierrez@example.com,89183,Walk-in,2024-05-17
1411,Anna,Sanders,,(725) 555-2048,anna.sanders@example.com,89103,Yelp,2024-05-17
1412,Matthew,Burton,Burton Construction LLC,(725) 555-7566,matthew.burton@example.net,89141,Fleet Account,2024-05-18
1413,Minh,Sanders,,(725) 555-5578,minh.sanders@example.com,89123,Referral,2024-05-18
1414,Benjamin,Brewer,,(725) 555-3056,benjamin.brewer@example.com,89148,Google Search,2024-05-18
1415,Bradley,Newton,,(702) 555-9791,bradley.newton@example.com,89183,Walk-in,2024-05-19
1416,Darnell,Sullivan,,(725) 555-9865,darnell.sullivan@example.com,89139,Google Search,2024-05-19
1417,Mohammed,Liu,,(702) 555-1757,mohammed.liu@example.com,89147,Google Search,2024-05-20
1418,Elizabeth,Steele,,(725) 555-7049,elizabeth.steele@example.com,89135,Google Search,2024-05-20
1419,Edward,Dawson,,(702) 555-5891,,89139,Google Search,2024-05-20
1420,Evelyn,Patton,,(702) 555-6300,evelyn.patton@example.com,89123,Walk-in,2024-05-20
1421,Abigail,Gardner,,(702) 555-2623,abigail.gardner@example.com,89102,Referral,2024-05-20
1422,Adam,Ochoa,,(725) 555-4735,adam.ochoa@example.com,89119,Google Search,2024-05-20
1423,David,Christensen,,(725) 555-7844,david.christensen@example.com,89113,Google Search,2024-05-21
1424,Wayne,Aguilar,,(702) 555-6893,wayne.aguilar@example.com,89118,Google Search,2024-05-21
1425,Liam,Daniel,,(702) 555-4568,liam.daniel@example.com,89148,Google Search,2024-05-22
1426,Bobby,Valencia,,(702) 555-1524,bobby.valencia@example.com,89108,Yelp,2024-05-22
1427,Teresa,Leon,,(702) 555-3154,teresa.leon@example.com,89123,Walk-in,2024-05-22
1428,Lucas,Pierce,,(702) 555-1036,lucas.pierce@example.com,89144,Google Search,2024-05-23
1429,Kayla,Wilson,,(702) 555-2116,kayla.wilson@example.com,89128,Google Search,2024-05-23
1430,Ann,Alvarez,,(702) 555-1084,ann.alvarez@example.com,89101,Referral,2024-05-23
1431,Victoria,Dean,,(702) 555-9956,victoria.dean@example.com,89134,Google Search,2024-05-23
1432,Diego,Robles,,(702) 555-5784,,89139,Referral,2024-05-23
1433,Mary,Porter,,(725) 555-6207,,89139,Google Search,2024-05-23
1434,Evelyn,Scott,,(702) 555-9882,evelyn.scott@example.com,89014,Google Search,2024-05-24
1435,Gabriela,Davis,,(725) 555-5657,gabriela.davis@example.com,89139,Google Search,2024-05-24
1436,Christian,Cunningham,,(725) 555-8732,christian.cunningham@example.com,89107,Referral,2024-05-24
1437,Juan,Leonard,,(702) 555-5424,juan.leonard@example.com,89123,Referral,2024-05-25
1438,Diane,Oconnor,,(702) 555-6489,diane.oconnor@example.com,89012,Yelp,2024-05-25
1439,Terry,Lyons,Lyons Pool Service LLC,(702) 555-7869,terry.lyons@example.net,89149,Fleet Account,2024-05-25
1440,Yuki,Rojas,,(702) 555-8537,yuki.rojas@example.com,89148,Walk-in,2024-05-25
1441,Henry,Patton,Patton Property Management LLC,(702) 555-5849,henry.patton@example.net,89135,Fleet Account,2024-05-25
1442,Malik,Wallace,,(725) 555-7907,malik.wallace@example.com,89128,Referral,2024-05-25
1443,Amanda,Olson,,(702) 555-5981,amanda.olson@example.com,89179,Referral,2024-05-26
1444,Frank,Hart,,(702) 555-2659,frank.hart@example.com,89139,Yelp,2024-05-27
1445,Dennis,Ramos,,(702) 555-2363,dennis.ramos@example.com,89178,Social Media,2024-05-27
1446,Alexis,Logan,,(702) 555-3835,,89144,Yelp,2024-05-28
1447,Mary,Hunter,,(702) 555-7923,mary.hunter@example.com,89118,Walk-in,2024-05-28
1448,Kyle,Harris,,(702) 555-2618,,89104,Google Search,2024-05-28
1449,Jason,Fuentes,,(702) 555-9328,jason.fuentes@example.com,89113,Referral,2024-05-29
1450,Katherine,Escobar,,(725) 555-2725,katherine.escobar@example.com,89084,Referral,2024-05-29
1451,James,Flores,Flores Property Management LLC,(702) 555-2407,james.flores@example.net,89139,Fleet Account,2024-05-29
1452,Stephanie,Wong,,(702) 555-5140,stephanie.wong@example.com,89113,Referral,2024-05-29
1453,Jordan,Watson,Watson HVAC Services LLC,(702) 555-7149,jordan.watson@example.net,89148,Fleet Account,2024-05-29
1454,Kathleen,Person,,(702) 555-0397,kathleen.person@example.com,89113,Yelp,2024-05-29
1455,Gabriela,Lucas,,(702) 555-3115,gabriela.lucas@example.com,89149,Referral,2024-05-29
1456,Gerald,Dawson,,,gerald.dawson@example.com,89032,Social Media,2024-05-29
1457,Jennifer,Terry,,(702) 555-0710,jennifer.terry@example.com,89146,Referral,2024-05-29
1458,Christian,Bates,,(702) 555-0291,,89052,Social Media,2024-05-30
1459,Timothy,Clarke,,(702) 555-0279,timothy.clarke@example.com,89011,Walk-in,2024-05-30
1460,Amber,Burns,,(725) 555-9684,amber.burns@example.com,89148,Google Search,2024-05-30
1461,Nathan,Norman,,(702) 555-9801,nathan.norman@example.com,89128,Yelp,2024-05-30
1462,Kwame,Wolfe,,(702) 555-2901,kwame.wolfe@example.com,89084,Yelp,2024-05-30
1463,Fatima,McDaniel,McDaniel Plumbing LLC,(702) 555-1757,fatima.mcdaniel@example.net,89118,Fleet Account,2024-05-31
1464,Juan,Cunningham,,(702) 555-2400,juan.cunningham@example.com,89145,Referral,2024-05-31
1465,Joe,Andrews,,(725) 555-3413,joe.andrews@example.com,89149,Referral,2024-05-31
1466,Darnell,Reid,,(702) 555-0481,,89144,Google Search,2024-05-31
1467,Lawrence,Simon,,(702) 555-3305,lawrence.simon@example.com,89183,Referral,2024-05-31
1468,Nancy,Wolfe,,(702) 555-2423,,89117,Walk-in,2024-06-01
1469,Frank,Rivera,,(725) 555-4392,frank.rivera@example.com,89146,Referral,2024-06-01
1470,Grace,Ray,,(725) 555-8047,grace.ray@example.com,89134,Referral,2024-06-01
1471,Angela,Lynch,,(702) 555-5650,angela.lynch@example.com,89141,Google Search,2024-06-01
1472,Frances,Stevens,,(702) 555-4067,frances.stevens@example.com,89107,Walk-in,2024-06-01
1473,Willie,Torres,,(725) 555-7535,willie.torres@example.com,89118,Social Media,2024-06-02
1474,William,Le,,(702) 555-3765,william.le@example.com,89146,Walk-in,2024-06-02
1475,Edward,Holt,,(702) 555-0820,edward.holt@example.com,89118,Google Search,2024-06-02
1476,Shirley,Adams,,(702) 555-5874,shirley.adams@example.com,89118,Walk-in,2024-06-03
1477,Wayne,Swanson,,(725) 555-9119,wayne.swanson@example.com,89146,Walk-in,2024-06-03
1478,Samuel,Armstrong,,(725) 555-6832,samuel.armstrong@example.com,89117,Google Search,2024-06-03
1479,Ana,Ayala,,(702) 555-4778,ana.ayala@example.com,89138,Referral,2024-06-03
1480,Christopher,Nunez,,(702) 555-1353,christopher.nunez@example.com,89178,Google Search,2024-06-03
1481,Joan,Barnett,,(702) 555-0112,joan.barnett@example.com,89130,Referral,2024-06-04
1482,Catherine,Ortiz,,(702) 555-1083,catherine.ortiz@example.com,89139,Walk-in,2024-06-04
1483,Keith,Kennedy,,(725) 555-6777,keith.kennedy@example.com,89103,Walk-in,2024-06-04
1484,Keisha,Rodgers,,(702) 555-9492,keisha.rodgers@example.com,89123,Referral,2024-06-04
1485,Tamika,Green,,(702) 555-3510,tamika.green@example.com,89166,Referral,2024-06-04
1486,Douglas,Fleming,,(725) 555-4606,,89052,Google Search,2024-06-04
1487,Billy,Miles,,(725) 555-0237,,89148,Yelp,2024-06-04
1488,Katherine,Rose,,(702) 555-7740,,89113,Walk-in,2024-06-04
1489,Amanda,Gibson,,(702) 555-1511,amanda.gibson@example.com,89113,Referral,2024-06-04
1490,Yuki,Figueroa,,(702) 555-1490,yuki.figueroa@example.com,89113,Referral,2024-06-04
1491,Joshua,Sullivan,,(725) 555-5524,joshua.sullivan@example.com,89147,Google Search,2024-06-04
1492,Kyle,Waters,,(702) 555-5028,,89117,Google Search,2024-06-04
1493,Gabriel,Griffin,,(702) 555-4249,gabriel.griffin@example.com,89147,Walk-in,2024-06-05
1494,Fatima,Perkins,,(702) 555-0993,,89113,Google Search,2024-06-05
1495,Logan,Young,Young Property Management LLC,(702) 555-4111,logan.young@example.net,89139,Fleet Account,2024-06-05
1496,Dennis,Brewer,,(725) 555-5149,dennis.brewer@example.com,89135,Social Media,2024-06-05
1497,Valeria,Sharp,Sharp Pest Control LLC,(702) 555-2757,valeria.sharp@example.net,89081,Fleet Account,2024-06-05
1498,Mark,Pena,,(725) 555-9530,mark.pena@example.com,89134,Google Search,2024-06-06
1499,Brandon,Goodman,,(725) 555-2496,,89145,Google Search,2024-06-06
1500,Daniel,Powell,,(702) 555-5187,daniel.powell@example.com,89146,Walk-in,2024-06-06
1501,Jonathan,Pearson,,(702) 555-0468,jonathan.pearson@example.com,89120,Walk-in,2024-06-06
1502,Roy,Myers,,(702) 555-2607,roy.myers@example.com,89148,Yelp,2024-06-06
1503,Frank,Gonzalez,,(702) 555-0460,frank.gonzalez@example.com,89139,Referral,2024-06-06
1504,Diane,Williams,,(702) 555-4750,diane.williams@example.com,89134,Google Search,2024-06-06
1505,Elena,Robbins,,(725) 555-1766,,89121,Referral,2024-06-06
1506,Gabriela,Owens,,(702) 555-5750,gabriela.owens@example.com,89052,Google Search,2024-06-06
1507,Yuki,Nguyen,,(702) 555-5831,yuki.nguyen@example.com,89102,Walk-in,2024-06-06
1508,Larry,Pacheco,,(702) 555-7604,larry.pacheco@example.com,89139,Google Search,2024-06-06
1509,Gabriela,Zimmerman,,(702) 555-1583,gabriela.zimmerman@example.com,89102,Yelp,2024-06-06
1510,Jeffrey,Adams,,(702) 555-0874,jeffrey.adams@example.com,89178,Walk-in,2024-06-06
1511,Kelly,Hubbard,,(702) 555-5217,kelly.hubbard@example.com,89135,Referral,2024-06-06
1512,Lucia,Bush,,(702) 555-0230,,89113,Social Media,2024-06-07
1513,Gloria,Meyer,,(702) 555-2610,gloria.meyer@example.com,89110,Referral,2024-06-07
1514,Jacob,Powell,,(702) 555-0987,jacob.powell@example.com,89139,Walk-in,2024-06-07
1515,Linda,Phillips,Phillips Plumbing LLC,(702) 555-3719,linda.phillips@example.net,89147,Fleet Account,2024-06-07
1516,Kyle,Reed,,(702) 555-9034,kyle.reed@example.com,89123,Walk-in,2024-06-07
1517,Kayla,Watkins,,(702) 555-5619,kayla.watkins@example.com,89147,Yelp,2024-06-07
1518,Melissa,Hansen,,(702) 555-7013,melissa.hansen@example.com,89148,Social Media,2024-06-07
1519,Kayla,Myers,,(702) 555-2357,kayla.myers@example.com,89129,Referral,2024-06-08
1520,Harold,Osborne,,(725) 555-4575,harold.osborne@example.com,89129,Walk-in,2024-06-08
1521,Sean,Stevenson,,(702) 555-3308,sean.stevenson@example.com,89141,Yelp,2024-06-09
1522,Evelyn,Lopez,,(702) 555-7154,,89107,Social Media,2024-06-09
1523,Evelyn,Gregory,,(702) 555-5379,evelyn.gregory@example.com,89113,Google Search,2024-06-10
1524,Teresa,Hart,,(702) 555-1170,teresa.hart@example.com,89103,Referral,2024-06-10
1525,Patricia,Sullivan,Sullivan Pool Service LLC,(702) 555-0723,patricia.sullivan@example.net,89183,Fleet Account,2024-06-10
1526,Steven,Hart,Hart HVAC Services LLC,(725) 555-5812,steven.hart@example.net,89166,Fleet Account,2024-06-10
1527,Judith,Reeves,,(702) 555-8957,judith.reeves@example.com,89074,Google Search,2024-06-10
1528,Matthew,Fernandez,,(702) 555-9294,matthew.fernandez@example.com,89052,Google Search,2024-06-11
1529,Russell,Hughes,,(702) 555-8719,russell.hughes@example.com,89129,Google Search,2024-06-11
1530,Julia,Carrillo,,(702) 555-0883,julia.carrillo@example.com,89178,Google Search,2024-06-11
1531,Sophia,Newton,,(725) 555-9406,sophia.newton@example.com,89156,Google Search,2024-06-11
1532,Ana,Wise,,(702) 555-2462,ana.wise@example.com,89031,Google Search,2024-06-11
1533,Kyle,Allen,,(702) 555-4223,kyle.allen@example.com,89118,Walk-in,2024-06-11
1534,Laura,Carpenter,,(702) 555-5605,laura.carpenter@example.com,89135,Google Search,2024-06-11
1535,Luis,Mills,,(702) 555-5017,luis.mills@example.com,89146,Google Search,2024-06-12
1536,Kyle,Baker,,(702) 555-8159,kyle.baker@example.com,89113,Social Media,2024-06-12
1537,Deborah,Larson,,(702) 555-2806,deborah.larson@example.com,89119,Social Media,2024-06-12
1538,Jeremy,Buchanan,,(725) 555-0148,jeremy.buchanan@example.com,89002,Social Media,2024-06-12
1539,Sofia,Conner,,(702) 555-3114,sofia.conner@example.com,89139,Google Search,2024-06-12
1540,Matthew,Murphy,,(725) 555-1193,matthew.murphy@example.com,89103,Google Search,2024-06-12
1541,Teresa,Woods,,(702) 555-2709,,89141,Walk-in,2024-06-12
1542,Noah,Le,,(702) 555-7894,,89139,Google Search,2024-06-13
1543,Charlotte,Crawford,,(725) 555-9145,charlotte.crawford@example.com,89146,Yelp,2024-06-13
1544,Kimberly,Patterson,,(702) 555-2199,kimberly.patterson@example.com,89149,Walk-in,2024-06-13
1545,Billy,Ingram,Ingram Property Management LLC,(702) 555-7203,billy.ingram@example.net,89052,Fleet Account,2024-06-13
1546,Frances,Rivas,,(725) 555-6460,,89074,Google Search,2024-06-13
1547,Valeria,Morgan,,(702) 555-8759,valeria.morgan@example.com,89128,Google Search,2024-06-14
1548,Elena,Barton,,(702) 555-8284,elena.barton@example.com,89123,Referral,2024-06-14
1549,Sandra,James,,(702) 555-0677,sandra.james@example.com,89113,Google Search,2024-06-14
1550,Benjamin,McCarthy,,(702) 555-8043,benjamin.mccarthy@example.com,89113,Walk-in,2024-06-14
1551,Lori,Rodriguez,,(702) 555-2568,lori.rodriguez@example.com,89141,Yelp,2024-06-15
1552,Deborah,Campos,,(702) 555-2403,deborah.campos@example.com,89102,Walk-in,2024-06-15
1553,Sofia,McGuire,,(702) 555-9912,sofia.mcguire@example.com,89148,Google Search,2024-06-15
1554,Walter,Walters,,(702) 555-1247,walter.walters@example.com,89102,Social Media,2024-06-16
1555,Laura,Woods,,(702) 555-5210,laura.woods@example.com,89134,Walk-in,2024-06-16
1556,Helen,Rojas,,(702) 555-9339,helen.rojas@example.com,89102,Google Search,2024-06-17
1557,Fatima,Stephens,,(702) 555-5244,fatima.stephens@example.com,89179,Google Search,2024-06-17
1558,Albert,Bates,,(702) 555-6399,,89129,Walk-in,2024-06-17
1559,Elijah,Carrillo,,(702) 555-2741,elijah.carrillo@example.com,89118,Yelp,2024-06-17
1560,Angela,Rivas,,(702) 555-0931,angela.rivas@example.com,89141,Referral,2024-06-17
1561,Evelyn,Bauer,,(702) 555-1202,evelyn.bauer@example.com,89123,Yelp,2024-06-18
1562,Kathryn,Jenkins,,(725) 555-7940,kathryn.jenkins@example.com,89113,Walk-in,2024-06-18
1563,Brian,Torres,,(725) 555-1625,,89148,Social Media,2024-06-18
1564,Lucia,Chavez,,(702) 555-3343,lucia.chavez@example.com,89102,Social Media,2024-06-18
1565,Kevin,Powers,,(702) 555-7346,kevin.powers@example.com,89113,Google Search,2024-06-18
1566,Joyce,Suarez,,(702) 555-4797,joyce.suarez@example.com,89141,Google Search,2024-06-19
1567,Mary,Clark,,(702) 555-3483,,89147,Yelp,2024-06-19
1568,Adam,Orozco,,(702) 555-9623,adam.orozco@example.com,89109,Walk-in,2024-06-19
1569,Deborah,Greene,Greene Plumbing LLC,(702) 555-6834,deborah.greene@example.net,89147,Fleet Account,2024-06-19
1570,Nicole,Spencer,,(702) 555-6942,nicole.spencer@example.com,89141,Google Search,2024-06-19
1571,Dylan,Ramirez,,(702) 555-5867,dylan.ramirez@example.com,89118,Social Media,2024-06-20
1572,Omar,Reeves,,(702) 555-8745,omar.reeves@example.com,89183,Social Media,2024-06-20
1573,Rebecca,Sandoval,,(702) 555-8447,rebecca.sandoval@example.com,89118,Social Media,2024-06-20
1574,Victoria,Chandler,,(702) 555-9471,victoria.chandler@example.com,89102,Walk-in,2024-06-20
1575,Nicholas,Hampton,Hampton HVAC Services LLC,(702) 555-5487,nicholas.hampton@example.net,89148,Fleet Account,2024-06-20
1576,Jorge,Salazar,Salazar Pest Control LLC,(725) 555-7020,jorge.salazar@example.net,89148,Fleet Account,2024-06-20
1577,Patricia,Salinas,,(702) 555-4255,patricia.salinas@example.com,89148,Social Media,2024-06-20
1578,Henry,McCoy,,(702) 555-6864,henry.mccoy@example.com,89147,Google Search,2024-06-21
1579,Amanda,Contreras,,(702) 555-6324,amanda.contreras@example.com,89109,Referral,2024-06-21
1580,Denise,Serrano,,(725) 555-4211,denise.serrano@example.com,89120,Google Search,2024-06-21
1581,Bradley,Farmer,,(702) 555-4220,,89139,Google Search,2024-06-21
1582,Lisa,Armstrong,,(702) 555-0255,lisa.armstrong@example.com,89113,Google Search,2024-06-21
1583,Mason,Patton,,(702) 555-7731,mason.patton@example.com,89015,Google Search,2024-06-21
1584,Edward,Ortiz,,(702) 555-7031,edward.ortiz@example.com,89148,Google Search,2024-06-21
1585,Donna,Obrien,,(702) 555-5076,donna.obrien@example.com,89141,Google Search,2024-06-21
1586,Danielle,Logan,,(702) 555-1369,danielle.logan@example.com,89032,Walk-in,2024-06-21
1587,Melissa,Rice,,(725) 555-4030,melissa.rice@example.com,89074,Google Search,2024-06-22
1588,Amara,Robertson,,(725) 555-0712,amara.robertson@example.com,89135,Google Search,2024-06-22
1589,Gloria,Le,,(702) 555-8735,gloria.le@example.com,89135,Google Search,2024-06-22
1590,Camila,Weber,,(702) 555-4265,camila.weber@example.com,89141,Walk-in,2024-06-22
1591,Lauren,Goodwin,,(702) 555-9737,,89109,Google Search,2024-06-24
1592,Charlotte,Vasquez,,(702) 555-9115,charlotte.vasquez@example.com,89014,Yelp,2024-06-24
1593,Marcus,Long,,(702) 555-0140,marcus.long@example.com,89148,Yelp,2024-06-25
1594,Dylan,Morgan,,(702) 555-1644,dylan.morgan@example.com,89113,Social Media,2024-06-25
1595,Kayla,Webb,,(725) 555-7972,kayla.webb@example.com,89139,Yelp,2024-06-25
1596,Gabriel,Deleon,,(702) 555-2368,gabriel.deleon@example.com,89148,Google Search,2024-06-25
1597,Edward,Harrington,,(702) 555-5739,,89052,Yelp,2024-06-26
1598,Stephen,Wallace,,(725) 555-4957,stephen.wallace@example.com,89179,Walk-in,2024-06-26
1599,Teresa,Porter,,(702) 555-4219,teresa.porter@example.com,89113,Referral,2024-06-27
1600,Noah,Chen,,(702) 555-1157,noah.chen@example.com,89179,Referral,2024-06-27
1601,Keisha,Rhodes,,(702) 555-6542,keisha.rhodes@example.com,89103,Referral,2024-06-27
1602,Amy,Robertson,Robertson Landscaping LLC,(702) 555-0206,amy.robertson@example.net,89014,Fleet Account,2024-06-27
1603,Virginia,Austin,,(702) 555-6583,virginia.austin@example.com,89121,Walk-in,2024-06-27
1604,Hannah,Elliott,,(702) 555-8890,,89128,Google Search,2024-06-28
1605,Brenda,Floyd,,(702) 555-4519,brenda.floyd@example.com,89147,Walk-in,2024-06-28
1606,Douglas,Salas,,(702) 555-4862,douglas.salas@example.com,89107,Yelp,2024-06-28
1607,Catherine,Contreras,,(725) 555-4738,catherine.contreras@example.com,89147,Yelp,2024-06-29
1608,Richard,Santiago,,(702) 555-6430,richard.santiago@example.com,89156,Referral,2024-06-30
1609,Stephanie,Griffin,,(725) 555-3896,stephanie.griffin@example.com,89147,Walk-in,2024-06-30
1610,Aisha,Phillips,Phillips Mobile Detailing LLC,(702) 555-8865,aisha.phillips@example.net,89118,Fleet Account,2024-06-30
1611,Edward,Hardy,,(702) 555-0691,edward.hardy@example.com,89128,Walk-in,2024-06-30
1612,Alexis,Alexander,,(702) 555-6220,,89119,Referral,2024-06-30
1613,Kenneth,Pham,,(702) 555-2407,kenneth.pham@example.com,89074,Yelp,2024-07-01
1614,Anthony,Reyes,,(725) 555-0512,anthony.reyes@example.com,89102,Referral,2024-07-01
1615,Andre,George,,(725) 555-7751,andre.george@example.com,89113,Referral,2024-07-01
1616,Carl,Salas,,(702) 555-2107,carl.salas@example.com,89148,Referral,2024-07-01
1617,Megan,Kelley,,(702) 555-3552,megan.kelley@example.com,89147,Walk-in,2024-07-02
1618,Larry,Reed,,(725) 555-7401,larry.reed@example.com,89117,Google Search,2024-07-02
1619,Ana,Sanders,,(702) 555-7190,,89142,Referral,2024-07-02
1620,Henry,Fuller,,(702) 555-0257,henry.fuller@example.com,89074,Social Media,2024-07-02
1621,Juan,Cross,,(702) 555-3518,juan.cross@example.com,89117,Walk-in,2024-07-02
1622,Rahul,Stephens,,(725) 555-1281,rahul.stephens@example.com,89103,Walk-in,2024-07-03
1623,Stephen,Bell,,(702) 555-0782,stephen.bell@example.com,89117,Referral,2024-07-03
1624,Ann,Henry,,(725) 555-1995,ann.henry@example.com,89123,Social Media,2024-07-03
1625,Kenneth,Zimmerman,,(702) 555-2921,kenneth.zimmerman@example.com,89117,Walk-in,2024-07-03
1626,Scott,Burns,,(702) 555-9027,scott.burns@example.com,89118,Yelp,2024-07-03
1627,Thomas,James,,(702) 555-1078,,89148,Walk-in,2024-07-03
1628,Victoria,Fleming,,(702) 555-0060,victoria.fleming@example.com,89134,Yelp,2024-07-03
1629,Emily,Stephens,,,emily.stephens@example.com,89106,Yelp,2024-07-03
1630,Shirley,Brown,,(702) 555-2275,shirley.brown@example.com,89123,Referral,2024-07-04
1631,Dennis,Franco,,(725) 555-1233,dennis.franco@example.com,89139,Google Search,2024-07-04
1632,Kyle,Norris,,(702) 555-1828,kyle.norris@example.com,89148,Google Search,2024-07-04
1633,Frances,McBride,,(702) 555-6257,frances.mcbride@example.com,89146,Google Search,2024-07-04
1634,Abigail,Powell,,(702) 555-3354,abigail.powell@example.com,89183,Referral,2024-07-04
1635,Wayne,Bishop,,(702) 555-4921,wayne.bishop@example.com,89102,Referral,2024-07-04
1636,Diana,Gomez,,(702) 555-8201,diana.gomez@example.com,89115,Yelp,2024-07-04
1637,David,Washington,,(702) 555-3817,david.washington@example.com,89148,Referral,2024-07-05
1638,Julie,Henry,,(725) 555-0380,julie.henry@example.com,89149,Google Search,2024-07-05
1639,Olivia,Rivas,,(725) 555-6123,olivia.rivas@example.com,89109,Referral,2024-07-05
1640,Dorothy,Evans,,(702) 555-6634,dorothy.evans@example.com,89113,Referral,2024-07-05
1641,Nancy,Robertson,,(702) 555-9491,nancy.robertson@example.com,89139,Walk-in,2024-07-05
1642,Tyler,Hines,,(702) 555-0635,tyler.hines@example.com,89031,Google Search,2024-07-05
1643,Michelle,Reyes,,(725) 555-1170,michelle.reyes@example.com,89118,Referral,2024-07-06
1644,Andres,Maxwell,,(702) 555-9637,andres.maxwell@example.com,89121,Referral,2024-07-06
1645,Alexander,Weber,,(725) 555-9603,alexander.weber@example.com,89113,Social Media,2024-07-06
1646,Danielle,Olson,,(725) 555-6452,danielle.olson@example.com,89113,Google Search,2024-07-06
1647,Harold,Bennett,,(702) 555-1849,harold.bennett@example.com,89147,Yelp,2024-07-07
1648,Darnell,Beck,,(702) 555-2075,darnell.beck@example.com,89148,Google Search,2024-07-07
1649,John,Francis,,(702) 555-8820,john.francis@example.com,89123,Walk-in,2024-07-08
1650,Bradley,Hail,,(725) 555-7660,bradley.hail@example.com,89128,Walk-in,2024-07-08
1651,Tamika,Cervantes,,(702) 555-7440,tamika.cervantes@example.com,89148,Google Search,2024-07-08
1652,Yuki,Garner,,(725) 555-5960,yuki.garner@example.com,89144,Google Search,2024-07-09
1653,Jeremy,Gonzales,,(725) 555-7503,jeremy.gonzales@example.com,89121,Walk-in,2024-07-09
1654,Robert,Welch,,(702) 555-6706,,89149,Google Search,2024-07-09
1655,Sean,Fischer,,(725) 555-0371,sean.fischer@example.com,89074,Social Media,2024-07-09
1656,Sara,Black,,(725) 555-7980,sara.black@example.com,89131,Google Search,2024-07-09
1657,Andres,Wolf,,(702) 555-5821,andres.wolf@example.com,89183,Social Media,2024-07-10
1658,Christine,Brown,,(702) 555-3607,christine.brown@example.com,89109,Google Search,2024-07-10
1659,Katherine,Evans,,(702) 555-5537,,89139,Walk-in,2024-07-10
1660,Elijah,Figueroa,,(702) 555-4201,elijah.figueroa@example.com,89113,Walk-in,2024-07-11
1661,Darnell,Warren,,(725) 555-5643,darnell.warren2@example.com,89031,Google Search,2024-07-11
1662,Peter,Bennett,,(702) 555-0002,peter.bennett@example.com,89183,Referral,2024-07-11
1663,Frank,Hoffman,,(702) 555-7461,frank.hoffman@example.com,89138,Walk-in,2024-07-11
1664,Pamela,Caldwell,,(702) 555-8300,pamela.caldwell@example.com,89107,Social Media,2024-07-11
1665,Liam,Lawson,,(702) 555-7431,liam.lawson@example.com,89074,Google Search,2024-07-12
1666,Mei,Todd,,(702) 555-7152,mei.todd2@example.com,89178,Yelp,2024-07-12
1667,Samantha,Cruz,,(725) 555-8092,samantha.cruz@example.com,89149,Google Search,2024-07-12
1668,Robert,Suarez,,(725) 555-3903,robert.suarez@example.com,89052,Walk-in,2024-07-12
1669,Peter,Jackson,,(702) 555-9270,peter.jackson@example.com,89149,Google Search,2024-07-12
1670,Brandon,Silva,,(702) 555-6590,brandon.silva@example.com,89148,Yelp,2024-07-12
1671,Richard,Webster,,(702) 555-9669,richard.webster@example.com,89113,Social Media,2024-07-12
1672,Megan,Rowe,,(702) 555-8808,megan.rowe@example.com,89148,Referral,2024-07-12
1673,Nancy,Patton,,(702) 555-3648,nancy.patton@example.com,89115,Yelp,2024-07-12
1674,Yuki,Duncan,,(702) 555-1704,yuki.duncan@example.com,89146,Yelp,2024-07-12
1675,Keisha,Reynolds,,(702) 555-9921,keisha.reynolds@example.com,89113,Referral,2024-07-12
1676,Mei,Thomas,,(702) 555-5663,,89128,Referral,2024-07-12
1677,Yuki,Black,,(702) 555-9771,yuki.black@example.com,89012,Social Media,2024-07-12
1678,Jessica,Bush,,(702) 555-2666,,89113,Yelp,2024-07-13
1679,Andre,Sullivan,,(702) 555-7814,,89107,Google Search,2024-07-14
1680,Gregory,Farmer,,(702) 555-1032,gregory.farmer@example.com,89108,Google Search,2024-07-14
1681,Kwame,Escobar,,(702) 555-5050,kwame.escobar@example.com,89147,Social Media,2024-07-14
1682,John,Salas,,(725) 555-1990,john.salas@example.com,89139,Referral,2024-07-15
1683,Joseph,Lyons,,(702) 555-3976,,89103,Walk-in,2024-07-15
1684,Alan,Hall,,(702) 555-0868,alan.hall@example.com,89102,Walk-in,2024-07-15
1685,Nicole,Jimenez,,(702) 555-6217,nicole.jimenez@example.com,89148,Google Search,2024-07-15
1686,Arthur,Ibarra,,(702) 555-7581,,89183,Google Search,2024-07-16
1687,Emily,Malone,,(725) 555-4440,emily.malone@example.com,89146,Social Media,2024-07-16
1688,Gerald,Marshall,,(702) 555-6826,gerald.marshall@example.com,89149,Walk-in,2024-07-16
1689,Raymond,Henry,,(702) 555-5234,raymond.henry@example.com,89144,Google Search,2024-07-16
1690,Jacqueline,Goodman,,(702) 555-6123,jacqueline.goodman@example.com,89123,Google Search,2024-07-16
1691,Michael,Tran,,(702) 555-9414,michael.tran@example.com,89145,Google Search,2024-07-17
1692,Alan,Medina,,(702) 555-1726,alan.medina@example.com,89148,Referral,2024-07-17
1693,Brian,Schmidt,,(702) 555-1945,brian.schmidt@example.com,89115,Referral,2024-07-17
1694,Peter,Guerrero,,(702) 555-5591,peter.guerrero@example.com,89149,Referral,2024-07-17
1695,Andrew,Reed,,(702) 555-8193,andrew.reed@example.com,89141,Referral,2024-07-17
1696,Donna,Schneider,,(702) 555-6041,donna.schneider@example.com,89183,Referral,2024-07-18
1697,Andre,Mendez,,(702) 555-2079,andre.mendez@example.com,89123,Walk-in,2024-07-18
1698,Richard,Delgado,,(702) 555-1349,richard.delgado@example.com,89108,Google Search,2024-07-18
1699,Tyler,Salazar,,(702) 555-3444,tyler.salazar@example.com,89128,Referral,2024-07-18
1700,Omar,Hughes,,(702) 555-1414,,89128,Referral,2024-07-18
1701,Edward,Todd,,(702) 555-6261,edward.todd@example.com,89118,Walk-in,2024-07-18
1702,Henry,Mitchell,,(725) 555-5851,henry.mitchell@example.com,89148,Referral,2024-07-18
1703,Bruce,Hardy,,(702) 555-1372,bruce.hardy@example.com,89183,Google Search,2024-07-19
1704,Kayla,Pierce,,(702) 555-0975,,89139,Referral,2024-07-19
1705,Kevin,Gutierrez,Gutierrez Pool Service LLC,(702) 555-7517,kevin.gutierrez@example.net,89147,Fleet Account,2024-07-20
1706,Martha,Byrd,Byrd Courier Services LLC,(702) 555-3398,martha.byrd@example.net,89123,Fleet Account,2024-07-20
1707,Carol,Jensen,,(702) 555-4558,carol.jensen@example.com,89131,Walk-in,2024-07-20
1708,Logan,Wood,,(702) 555-8266,logan.wood@example.com,89146,Google Search,2024-07-20
1709,Marcus,Lloyd,,(702) 555-6719,marcus.lloyd@example.com,89146,Google Search,2024-07-20
1710,Arjun,Ingram,,(702) 555-8641,arjun.ingram@example.com,89144,Referral,2024-07-21
1711,Anjali,Ibarra,,(702) 555-7601,anjali.ibarra@example.com,89110,Referral,2024-07-21
1712,Katherine,Rosales,,(702) 555-7567,katherine.rosales@example.com,89113,Yelp,2024-07-22
1713,Rahul,Bowen,,(725) 555-3057,,89141,Walk-in,2024-07-23
1714,Jason,Lopez,,(702) 555-8812,jason.lopez@example.com,89148,Google Search,2024-07-23
1715,Paul,Blake,,(702) 555-8261,paul.blake@example.com,89118,Referral,2024-07-23
1716,Jordan,Marquez,,(702) 555-6847,jordan.marquez@example.com,89108,Google Search,2024-07-23
1717,Christina,Gonzales,,(702) 555-7462,christina.gonzales@example.com,89120,Social Media,2024-07-23
1718,Noah,Schultz,,(702) 555-0126,,89144,Social Media,2024-07-23
1719,Wei,Norris,,,wei.norris@example.com,89142,Yelp,2024-07-23
1720,Laura,Gutierrez,,(702) 555-9732,laura.gutierrez@example.com,89131,Google Search,2024-07-23
1721,Maria,Le,,(702) 555-6421,maria.le@example.com,89120,Google Search,2024-07-24
1722,Benjamin,Moody,,(702) 555-2743,benjamin.moody@example.com,89178,Walk-in,2024-07-24
1723,Carlos,Cook,,(702) 555-2269,carlos.cook@example.com,89121,Google Search,2024-07-24
1724,Michael,Mitchell,,(725) 555-5060,michael.mitchell@example.com,89123,Walk-in,2024-07-24
1725,Kyle,Castro,,(702) 555-9642,kyle.castro@example.com,89113,Walk-in,2024-07-24
1726,Kyle,Ryan,,(702) 555-1895,kyle.ryan@example.com,89118,Yelp,2024-07-24
1727,Carolyn,Deleon,,(725) 555-2302,carolyn.deleon@example.com,89113,Referral,2024-07-24
1728,Vincent,Williamson,,(702) 555-8919,vincent.williamson@example.com,89117,Referral,2024-07-24
1729,William,Lawson,,(702) 555-0298,,89104,Google Search,2024-07-25
1730,Kenneth,Gross,,(702) 555-4968,kenneth.gross@example.com,89120,Yelp,2024-07-25
1731,Ronald,Leonard,,(725) 555-7513,ronald.leonard@example.com,89119,Social Media,2024-07-25
1732,Darnell,Ferguson,,(702) 555-0714,darnell.ferguson@example.com,89146,Social Media,2024-07-25
1733,Megan,Casey,,(702) 555-1599,,89123,Walk-in,2024-07-25
1734,Elijah,Carlson,,(725) 555-7616,elijah.carlson@example.com,89178,Referral,2024-07-25
1735,Mark,Watts,,(725) 555-5956,mark.watts@example.com,89178,Google Search,2024-07-26
1736,Jordan,Myers,,(702) 555-8084,jordan.myers@example.com,89123,Social Media,2024-07-26
1737,Michael,Mitchell,,(702) 555-3110,michael.mitchell2@example.com,89147,Referral,2024-07-26
1738,Liam,Duran,,(702) 555-3861,liam.duran@example.com,89103,Google Search,2024-07-26
1739,Tamika,Nichols,,(702) 555-3010,,89119,Referral,2024-07-26
1740,Rebecca,Brewer,,(702) 555-1723,rebecca.brewer@example.com,89139,Referral,2024-07-26
1741,Patrick,Leon,,(725) 555-0567,patrick.leon@example.com,89117,Social Media,2024-07-26
1742,Anthony,Logan,,(702) 555-8672,anthony.logan@example.com,89103,Referral,2024-07-26
1743,Ronald,Schroeder,,(725) 555-6621,ronald.schroeder@example.com,89139,Google Search,2024-07-27
1744,Denise,Marquez,,(702) 555-5579,denise.marquez@example.com,89113,Referral,2024-07-27
1745,Rosa,Mason,,(702) 555-6517,rosa.mason@example.com,89121,Walk-in,2024-07-27
1746,Timothy,Palmer,,(702) 555-4281,,89118,Walk-in,2024-07-27
1747,Bradley,Thompson,,(702) 555-5470,bradley.thompson@example.com,89118,Referral,2024-07-27
1748,Brenda,Schwartz,,(702) 555-5362,brenda.schwartz@example.com,89052,Google Search,2024-07-27
1749,William,Velasquez,,(725) 555-7513,william.velasquez@example.com,89146,Google Search,2024-07-28
1750,Frank,Snyder,,(725) 555-6777,,89107,Referral,2024-07-28
1751,Elena,Barker,,(702) 555-2322,elena.barker@example.com,89086,Walk-in,2024-07-29
1752,Gerald,Valdez,,(725) 555-7574,gerald.valdez@example.com,89118,Social Media,2024-07-29
1753,Manuel,Russell,,(702) 555-5387,manuel.russell@example.com,89139,Referral,2024-07-29
1754,Carl,Goodwin,,(702) 555-9212,carl.goodwin@example.com,89139,Google Search,2024-07-29
1755,Kwame,Osborne,,(702) 555-4393,kwame.osborne@example.com,89178,Walk-in,2024-07-29
1756,Shirley,Saunders,,(702) 555-0964,shirley.saunders@example.com,89122,Google Search,2024-07-29
1757,Benjamin,McGee,,(725) 555-6226,benjamin.mcgee@example.com,89148,Google Search,2024-07-30
1758,Susan,Munoz,,(702) 555-8414,susan.munoz@example.com,89118,Google Search,2024-07-30
1759,Sandra,Escobar,,(702) 555-0843,,89178,Google Search,2024-07-30
1760,Timothy,Cummings,,(702) 555-0569,timothy.cummings@example.com,89052,Google Search,2024-07-30
1761,Miguel,Anderson,,(725) 555-9901,miguel.anderson@example.com,89110,Google Search,2024-07-30
1762,Shirley,Potter,,(702) 555-7462,,89139,Social Media,2024-07-31
1763,Alice,Greene,,(702) 555-8960,alice.greene@example.com,89166,Google Search,2024-07-31
1764,Bryan,Moran,,(702) 555-2713,bryan.moran@example.com,89148,Walk-in,2024-07-31
1765,Karen,Moreno,,(725) 555-5361,,89139,Walk-in,2024-07-31
1766,Liam,Miles,,(702) 555-5474,,89122,Referral,2024-07-31
1767,Mateo,Hodges,,(702) 555-8399,mateo.hodges@example.com,89146,Google Search,2024-07-31
1768,Beverly,Griffith,,(702) 555-2805,beverly.griffith@example.com,89139,Referral,2024-07-31
1769,Christian,Richardson,,(702) 555-0066,christian.richardson@example.com,89147,Walk-in,2024-07-31
1770,Andres,Calderon,,,andres.calderon@example.com,89014,Social Media,2024-07-31
1771,Alexander,Herrera,,(702) 555-3768,alexander.herrera@example.com,89118,Referral,2024-07-31
1772,Jeffrey,Arnold,,(702) 555-0898,jeffrey.arnold@example.com,89123,Google Search,2024-07-31
1773,Sandra,Chapman,,(702) 555-5897,sandra.chapman@example.com,89052,Yelp,2024-07-31
1774,Stephen,Zimmerman,Zimmerman Pool Service LLC,(702) 555-6674,stephen.zimmerman@example.net,89139,Fleet Account,2024-07-31
1775,Brittany,Butler,,(702) 555-5946,,89014,Referral,2024-07-31
1776,Rosa,Barber,,(702) 555-9575,rosa.barber@example.com,89139,Walk-in,2024-07-31
1777,Roy,Harrison,,(725) 555-4824,roy.harrison@example.com,89123,Google Search,2024-07-31
1778,Anjali,Olson,,(702) 555-2979,,89129,Social Media,2024-08-01
1779,Angela,Farmer,Farmer Construction LLC,(702) 555-4482,angela.farmer@example.net,89113,Fleet Account,2024-08-01
1780,Robert,Davis,,(702) 555-9696,robert.davis@example.com,89118,Referral,2024-08-01
1781,Terry,Collins,,(702) 555-7602,terry.collins@example.com,89108,Google Search,2024-08-02
1782,Kenneth,Ortega,,(725) 555-0448,kenneth.ortega@example.com,89103,Yelp,2024-08-02
1783,Michelle,Valdez,,(725) 555-7555,michelle.valdez@example.com,89119,Google Search,2024-08-02
1784,Jesse,Walker,,(702) 555-9031,jesse.walker@example.com,89103,Google Search,2024-08-02
1785,Wayne,Ryan,Ryan Construction LLC,(725) 555-9269,wayne.ryan@example.net,89146,Fleet Account,2024-08-02
1786,Jorge,Holland,,(702) 555-1039,jorge.holland@example.com,89129,Google Search,2024-08-02
1787,Roy,Frazier,,(702) 555-3958,,89117,Google Search,2024-08-02
1788,Linda,Stewart,,(725) 555-4867,linda.stewart@example.com,89118,Walk-in,2024-08-03
1789,Michelle,Boyd,,(702) 555-6485,,89108,Referral,2024-08-03
1790,Samuel,Rojas,,(725) 555-2890,samuel.rojas@example.com,89119,Google Search,2024-08-03
1791,David,Douglas,,(702) 555-5634,david.douglas@example.com,89121,Social Media,2024-08-04
1792,Abigail,Rose,,(702) 555-0186,abigail.rose@example.com,89179,Google Search,2024-08-04
1793,Rosa,Rose,,(702) 555-7613,rosa.rose@example.com,89121,Walk-in,2024-08-04
1794,Rosa,Christensen,,(702) 555-9079,,89113,Walk-in,2024-08-05
1795,Brenda,Ibarra,,(702) 555-2743,,89139,Referral,2024-08-05
1796,Maria,Perry,,(725) 555-0315,maria.perry@example.com,89139,Referral,2024-08-05
1797,Emma,Liu,,(702) 555-0045,emma.liu@example.com,89146,Yelp,2024-08-05
1798,Betty,Howell,,(702) 555-1208,betty.howell@example.com,89178,Referral,2024-08-05
1799,Angela,Sullivan,,(702) 555-6467,angela.sullivan@example.com,89074,Walk-in,2024-08-05
1800,Alan,Clark,,(702) 555-4963,alan.clark@example.com,89113,Yelp,2024-08-05
1801,Alice,Jimenez,,(725) 555-5787,,89139,Referral,2024-08-05
1802,Mary,Manning,,(702) 555-8351,mary.manning@example.com,89117,Google Search,2024-08-05
1803,Christine,Harper,,(725) 555-5688,christine.harper@example.com,89139,Yelp,2024-08-06
1804,Caleb,Torres,,(725) 555-3853,caleb.torres@example.com,89106,Yelp,2024-08-06
1805,Jesse,Parks,,(702) 555-2563,jesse.parks@example.com,89147,Social Media,2024-08-06
1806,Christine,Rodgers,,(725) 555-4289,christine.rodgers@example.com,89120,Walk-in,2024-08-06
1807,Raymond,Li,,(725) 555-0029,raymond.li@example.com,89139,Walk-in,2024-08-06
1808,Alan,Howard,,(725) 555-3869,alan.howard@example.com,89102,Google Search,2024-08-06
1809,Judy,Pham,,(725) 555-9881,judy.pham@example.com,89113,Walk-in,2024-08-06
1810,Wayne,Lloyd,Lloyd Electric LLC,(725) 555-1557,wayne.lloyd@example.net,89103,Fleet Account,2024-08-07
1811,Pamela,Waters,,(702) 555-8185,pamela.waters@example.com,89119,Social Media,2024-08-07
1812,Jack,West,,(702) 555-2713,jack.west@example.com,89135,Google Search,2024-08-07
1813,Mohammed,Tran,,(702) 555-6302,,89102,Walk-in,2024-08-07
1814,Christina,Guzman,,(702) 555-0718,christina.guzman@example.com,89178,Referral,2024-08-07
1815,Angela,Willis,,(702) 555-5359,,89123,Google Search,2024-08-07
1816,Carl,Gomez,,(702) 555-1705,carl.gomez2@example.com,89103,Google Search,2024-08-07
1817,Donna,Stevenson,,(702) 555-1627,,89178,Google Search,2024-08-07
1818,Willie,Garrett,,(725) 555-1544,willie.garrett@example.com,89123,Google Search,2024-08-08
1819,Bruce,Myers,,(702) 555-5164,bruce.myers@example.com,89118,Google Search,2024-08-08
1820,Frances,Turner,,(702) 555-8540,frances.turner@example.com,89139,Referral,2024-08-08
1821,Kayla,Meyer,,(702) 555-6451,,89139,Walk-in,2024-08-08
1822,Logan,Glover,,(702) 555-4422,logan.glover@example.com,89148,Yelp,2024-08-08
1823,Mei,Salinas,,(702) 555-8860,mei.salinas@example.com,89118,Walk-in,2024-08-08
1824,Andrea,Webb,,(702) 555-4198,,89122,Social Media,2024-08-08
1825,Carl,Fisher,,(702) 555-9786,carl.fisher@example.com,89178,Google Search,2024-08-08
1826,Bruce,Arnold,,(725) 555-3690,bruce.arnold@example.com,89147,Yelp,2024-08-09
1827,Betty,Greene,,(702) 555-9762,betty.greene@example.com,89141,Referral,2024-08-09
1828,Victoria,Castillo,Castillo Pest Control LLC,(725) 555-5490,victoria.castillo@example.net,89144,Fleet Account,2024-08-09
1829,Jerry,Salazar,,(702) 555-5645,jerry.salazar@example.com,89141,Walk-in,2024-08-10
1830,Lisa,Robles,,(702) 555-8962,lisa.robles@example.com,89108,Google Search,2024-08-10
1831,Mei,Wade,,(702) 555-0966,mei.wade@example.com,89117,Yelp,2024-08-10
1832,Natalie,Hunt,Hunt Electric LLC,(702) 555-0477,natalie.hunt@example.net,89147,Fleet Account,2024-08-11
1833,Walter,Webb,,(702) 555-9668,walter.webb@example.com,89118,Social Media,2024-08-11
1834,George,Clarke,Clarke Courier Services LLC,(702) 555-3774,george.clarke@example.net,89142,Fleet Account,2024-08-11
1835,Deborah,Brady,,(702) 555-9626,deborah.brady@example.com,89102,Referral,2024-08-11
1836,Harold,Barton,,(702) 555-7710,,89148,Walk-in,2024-08-12
1837,Diego,Johnston,,(702) 555-7345,diego.johnston@example.com,89146,Referral,2024-08-12
1838,Gloria,Aguilar,,(702) 555-4221,gloria.aguilar@example.com,89102,Yelp,2024-08-12
1839,Victoria,Lynch,,(702) 555-7900,victoria.lynch@example.com,89107,Walk-in,2024-08-12
1840,Danielle,Wells,,(725) 555-3000,danielle.wells@example.com,89107,Referral,2024-08-12
1841,Cheryl,Owens,,(725) 555-7232,cheryl.owens@example.com,89183,Yelp,2024-08-12
1842,William,Moran,,(702) 555-4672,william.moran@example.com,89139,Referral,2024-08-12
1843,Kimberly,Moreno,,(702) 555-3453,kimberly.moreno@example.com,89014,Referral,2024-08-13
1844,Yuki,Carroll,,(702) 555-7164,,89106,Google Search,2024-08-13
1845,Bruce,Fletcher,,(702) 555-2003,bruce.fletcher@example.com,89179,Google Search,2024-08-13
1846,Elijah,Chapman,,(702) 555-1496,elijah.chapman@example.com,89106,Yelp,2024-08-13
1847,Gregory,Goodman,,(702) 555-6126,gregory.goodman@example.com,89119,Walk-in,2024-08-13
1848,Gerald,Cardenas,Cardenas Property Management LLC,(702) 555-8436,gerald.cardenas@example.net,89118,Fleet Account,2024-08-13
1849,Ana,Ortega,,(702) 555-3163,,89118,Google Search,2024-08-13
1850,Patricia,Hines,,(702) 555-7695,patricia.hines@example.com,89134,Google Search,2024-08-13
1851,Samantha,Clarke,,(702) 555-7915,samantha.clarke@example.com,89012,Yelp,2024-08-14
1852,Jasmine,Ford,,(702) 555-5050,,89118,Walk-in,2024-08-14
1853,Jorge,Lane,,(725) 555-4456,jorge.lane@example.com,89156,Google Search,2024-08-14
1854,Carlos,Reeves,,(702) 555-0395,carlos.reeves@example.com,89131,Google Search,2024-08-14
1855,Gregory,Carter,,(725) 555-5623,gregory.carter@example.com,89119,Yelp,2024-08-14
1856,Ronald,Velasquez,,(702) 555-9975,ronald.velasquez@example.com,89123,Walk-in,2024-08-15
1857,Amara,Jenkins,,(702) 555-8008,amara.jenkins@example.com,89119,Google Search,2024-08-15
1858,Arjun,Fleming,Fleming HVAC Services LLC,(702) 555-7001,arjun.fleming@example.net,89117,Fleet Account,2024-08-15
1859,Lawrence,Valdez,,(702) 555-6758,lawrence.valdez@example.com,89131,Social Media,2024-08-15
1860,Doris,Escobar,,(702) 555-4136,doris.escobar@example.com,89147,Yelp,2024-08-15
1861,Leila,Fox,,(725) 555-2131,leila.fox@example.com,89103,Walk-in,2024-08-16
1862,Christine,Wagner,,(725) 555-4166,christine.wagner@example.com,89031,Google Search,2024-08-16
1863,Walter,Ward,,(702) 555-0688,walter.ward@example.com,89183,Walk-in,2024-08-16
1864,Andrew,Watts,,(702) 555-1647,andrew.watts@example.com,89118,Walk-in,2024-08-16
1865,Jose,Wheeler,,(702) 555-2448,jose.wheeler@example.com,89118,Yelp,2024-08-16
1866,Debra,McGee,,(702) 555-4239,debra.mcgee@example.com,89107,Social Media,2024-08-16
1867,Yuki,Barnett,,(702) 555-8189,yuki.barnett@example.com,89138,Walk-in,2024-08-16
1868,Laura,Gomez,Gomez Pest Control LLC,(702) 555-7951,laura.gomez@example.net,89113,Fleet Account,2024-08-16
1869,Bruce,Li,,(725) 555-5544,bruce.li@example.com,89148,Walk-in,2024-08-17
1870,Roy,Schultz,,(702) 555-7457,roy.schultz@example.com,89123,Social Media,2024-08-17
1871,Mei,Cole,,(702) 555-2172,,89139,Google Search,2024-08-17
1872,Stephanie,Russell,,(702) 555-1104,stephanie.russell@example.com,89012,Yelp,2024-08-17
1873,Lisa,Escobar,,(702) 555-3188,lisa.escobar@example.com,89109,Social Media,2024-08-17
1874,Julie,Hunter,,(725) 555-3421,julie.hunter@example.com,89147,Social Media,2024-08-17
1875,Michael,Robles,,(702) 555-2689,michael.robles@example.com,89015,Referral,2024-08-18
1876,Alan,Simon,,(702) 555-2429,alan.simon@example.com,89117,Google Search,2024-08-18
1877,Lori,Meyer,,(702) 555-4415,lori.meyer@example.com,89117,Walk-in,2024-08-19
1878,Darnell,Hines,,(702) 555-2642,darnell.hines@example.com,89147,Google Search,2024-08-19
1879,Amara,Wong,,(702) 555-9288,amara.wong@example.com,89145,Google Search,2024-08-20
1880,Emily,Richards,,(702) 555-7718,emily.richards@example.com,89145,Referral,2024-08-20
1881,Mateo,Henry,,(725) 555-9145,mateo.henry@example.com,89106,Referral,2024-08-20
1882,Ronald,Cummings,,(702) 555-4496,,89103,Walk-in,2024-08-20
1883,Jordan,Smith,,(702) 555-1141,jordan.smith@example.com,89139,Walk-in,2024-08-20
1884,Abigail,Black,,(725) 555-9342,abigail.black@example.com,89118,Social Media,2024-08-20
1885,Martha,Kim,,(702) 555-6885,martha.kim@example.com,89139,Social Media,2024-08-20
1886,Jacob,Gibson,,(702) 555-8364,jacob.gibson@example.com,89145,Walk-in,2024-08-20
1887,Linda,Lloyd,,(725) 555-8943,linda.lloyd@example.com,89113,Walk-in,2024-08-21
1888,Austin,Vega,Vega Property Management LLC,(702) 555-7011,austin.vega@example.net,89147,Fleet Account,2024-08-21
1889,Jean,Mendez,,(725) 555-4086,,89015,Yelp,2024-08-21
1890,Janet,Smith,,(702) 555-7828,,89123,Referral,2024-08-21
1891,Patricia,Goodman,,(702) 555-4360,patricia.goodman@example.com,89147,Referral,2024-08-21
1892,Kimberly,Ortiz,,(702) 555-3434,kimberly.ortiz@example.com,89139,Walk-in,2024-08-21
1893,Terry,Stewart,,(702) 555-3135,terry.stewart@example.com,89081,Google Search,2024-08-21
1894,Anna,Carrillo,,(702) 555-5839,anna.carrillo@example.com,89129,Google Search,2024-08-22
1895,Aaron,Cannon,,(702) 555-0219,aaron.cannon@example.com,89138,Google Search,2024-08-22
1896,Henry,Reeves,Reeves HVAC Services LLC,(702) 555-6344,henry.reeves@example.net,89129,Fleet Account,2024-08-22
1897,Priya,Huang,,(702) 555-6362,priya.huang@example.com,89148,Yelp,2024-08-22
1898,Jose,Le,,(702) 555-3505,jose.le@example.com,89141,Yelp,2024-08-23
1899,Sophia,Chan,,(725) 555-9121,sophia.chan@example.com,89002,Referral,2024-08-23
1900,Julie,Greene,,(702) 555-2530,julie.greene@example.com,89108,Referral,2024-08-23
1901,Justin,Kelley,,(702) 555-3982,justin.kelley@example.com,89121,Referral,2024-08-23
1902,Daniel,Fox,,(702) 555-0344,daniel.fox@example.com,89102,Walk-in,2024-08-23
1903,Billy,McKinney,McKinney HVAC Services LLC,(725) 555-3597,billy.mckinney@example.net,89113,Fleet Account,2024-08-23
1904,Sophia,Person,Person Landscaping LLC,(702) 555-6286,sophia.person@example.net,89012,Fleet Account,2024-08-24
1905,Bobby,Crawford,,(702) 555-7568,,89120,Google Search,2024-08-24
1906,Michael,Graves,,(702) 555-2456,,89129,Walk-in,2024-08-24
1907,Evelyn,Schneider,,(702) 555-3514,evelyn.schneider@example.com,89103,Google Search,2024-08-25
1908,Brian,Garner,Garner Property Management LLC,(702) 555-0348,brian.garner@example.net,89117,Fleet Account,2024-08-25
1909,Mei,Mendez,,(702) 555-3794,mei.mendez@example.com,89106,Referral,2024-08-25
1910,Julia,Schneider,,(702) 555-3328,julia.schneider@example.com,89109,Referral,2024-08-25
1911,Jean,Castaneda,,(702) 555-0265,jean.castaneda@example.com,89123,Google Search,2024-08-25
1912,Andrea,Dixon,Dixon Pest Control LLC,(702) 555-5431,andrea.dixon@example.net,89107,Fleet Account,2024-08-25
1913,Douglas,Carroll,,(725) 555-4985,douglas.carroll@example.com,89135,Referral,2024-08-25
1914,Camila,Dominguez,,(725) 555-9261,camila.dominguez@example.com,89110,Referral,2024-08-26
1915,Gabriela,Molina,,,gabriela.molina@example.com,89014,Google Search,2024-08-26
1916,Linh,Sims,,(702) 555-7793,,89146,Walk-in,2024-08-26
1917,Lucas,Palmer,,(702) 555-3621,lucas.palmer@example.com,89130,Google Search,2024-08-26
1918,Alan,Li,,(702) 555-3342,alan.li@example.com,89141,Walk-in,2024-08-27
1919,Vincent,Hines,,(702) 555-1779,vincent.hines@example.com,89117,Social Media,2024-08-27
1920,Rachel,Carrillo,,(725) 555-1484,rachel.carrillo@example.com,89113,Google Search,2024-08-27
1921,Joyce,Young,,(702) 555-5481,joyce.young@example.com,89012,Walk-in,2024-08-28
1922,Amber,Stephens,,(725) 555-6450,,89178,Social Media,2024-08-28
1923,Marilyn,Logan,,(725) 555-0075,marilyn.logan@example.com,89107,Walk-in,2024-08-28
1924,Virginia,Avila,,(702) 555-6102,virginia.avila@example.com,89183,Walk-in,2024-08-28
1925,Rebecca,Riley,,(702) 555-5381,rebecca.riley@example.com,89178,Walk-in,2024-08-28
1926,Frances,Bauer,,(702) 555-8931,frances.bauer@example.com,89123,Yelp,2024-08-29
1927,Betty,Griffin,,(702) 555-5765,betty.griffin@example.com,89074,Google Search,2024-08-29
1928,Victoria,Francis,,(702) 555-3991,,89113,Referral,2024-08-29
1929,Keith,Ball,,(702) 555-8861,keith.ball@example.com,89145,Walk-in,2024-08-29
1930,Jordan,Mann,,(702) 555-5694,jordan.mann@example.com,89178,Walk-in,2024-08-29
1931,Angela,Valencia,,,angela.valencia@example.com,89113,Google Search,2024-08-29
1932,Anjali,Camacho,Camacho Courier Services LLC,(702) 555-0295,anjali.camacho@example.net,89148,Fleet Account,2024-08-29
1933,Christian,Long,,(702) 555-5753,christian.long@example.com,89117,Yelp,2024-08-29
1934,Noah,Santiago,,(725) 555-2352,noah.santiago@example.com,89120,Referral,2024-08-29
1935,Adam,Richards,,(702) 555-3563,adam.richards@example.com,89130,Google Search,2024-08-30
1936,Michelle,Harrington,,(702) 555-7117,michelle.harrington@example.com,89183,Referral,2024-08-30
1937,Fatima,McCoy,,(725) 555-1667,fatima.mccoy@example.com,89141,Social Media,2024-08-30
1938,Rosa,Murphy,,(702) 555-4496,rosa.murphy@example.com,89183,Google Search,2024-08-30
1939,Elijah,Moran,,(702) 555-4347,elijah.moran@example.com,89121,Social Media,2024-08-30
1940,Ricardo,Stewart,,(702) 555-1665,ricardo.stewart@example.com,89147,Google Search,2024-08-30
1941,Anjali,Sims,,(702) 555-3189,anjali.sims@example.com,89142,Google Search,2024-08-30
1942,Virginia,Kelly,,(702) 555-8436,virginia.kelly@example.com,89147,Yelp,2024-08-30
1943,Samantha,Jenkins,,(702) 555-9411,samantha.jenkins@example.com,89147,Yelp,2024-08-31
1944,Ann,Allen,,(702) 555-1644,ann.allen@example.com,89117,Walk-in,2024-09-02
1945,Mark,Christensen,,(702) 555-2077,mark.christensen@example.com,89148,Yelp,2024-09-03
1946,Brenda,Bryant,,(725) 555-3154,brenda.bryant@example.com,89121,Social Media,2024-09-03
1947,Carlos,Diaz,,(702) 555-6433,carlos.diaz@example.com,89144,Walk-in,2024-09-03
1948,Timothy,Becker,,(702) 555-1152,,89103,Social Media,2024-09-03
1949,Karen,Thomas,,(702) 555-7238,karen.thomas@example.com,89121,Social Media,2024-09-03
1950,Daniel,Thomas,,(702) 555-5217,,89128,Yelp,2024-09-04
1951,Maria,Zimmerman,,(702) 555-1797,maria.zimmerman@example.com,89113,Referral,2024-09-04
1952,Stephen,Garner,,(702) 555-0289,stephen.garner@example.com,89014,Walk-in,2024-09-04
1953,Valeria,Hamilton,,(702) 555-9741,valeria.hamilton@example.com,89149,Yelp,2024-09-04
1954,Arthur,Silva,,(702) 555-4298,arthur.silva@example.com,89146,Social Media,2024-09-05
1955,Harold,Hamilton,,(702) 555-9462,harold.hamilton@example.com,89139,Social Media,2024-09-05
1956,Carolyn,Woods,,(725) 555-8517,carolyn.woods@example.com,89011,Referral,2024-09-05
1957,Timothy,Page,,(702) 555-0554,timothy.page@example.com,89141,Google Search,2024-09-05
1958,Danielle,Rogers,Rogers Pest Control LLC,(725) 555-3843,danielle.rogers@example.net,89115,Fleet Account,2024-09-05
1959,Linda,Hanson,,(702) 555-4117,linda.hanson@example.com,89113,Google Search,2024-09-05
1960,Roy,Waters,,(702) 555-2769,,89183,Google Search,2024-09-06
1961,Tiffany,Tucker,,(702) 555-8161,tiffany.tucker@example.com,89145,Google Search,2024-09-06
1962,Shirley,Holland,,(725) 555-8124,shirley.holland@example.com,89135,Google Search,2024-09-06
1963,Dennis,Phillips,,(702) 555-4523,,89130,Social Media,2024-09-06
1964,Carol,Reed,,(702) 555-7419,carol.reed@example.com,89148,Referral,2024-09-07
1965,Amara,Gray,,(725) 555-6066,amara.gray@example.com,89103,Referral,2024-09-07
1966,Keith,Walters,Walters Courier Services LLC,(702) 555-0221,keith.walters@example.net,89179,Fleet Account,2024-09-10
1967,Joyce,French,,(702) 555-3349,joyce.french@example.com,89113,Social Media,2024-09-10
1968,Helen,Bryant,,(725) 555-7310,,89146,Yelp,2024-09-10
1969,Ronald,Rodgers,,(702) 555-4632,ronald.rodgers@example.com,89148,Referral,2024-09-10
1970,Leila,Jordan,,(725) 555-5907,leila.jordan@example.com,89183,Walk-in,2024-09-11
1971,Frances,Baldwin,,(702) 555-9974,frances.baldwin@example.com,89146,Referral,2024-09-11
1972,Teresa,Walton,,(702) 555-5619,teresa.walton@example.com,89156,Google Search,2024-09-12
1973,Mateo,Huang,,(725) 555-5102,,89146,Yelp,2024-09-12
1974,Wei,Gilbert,,(702) 555-6273,wei.gilbert@example.com,89128,Social Media,2024-09-12
1975,Teresa,Kennedy,,(702) 555-7090,teresa.kennedy@example.com,89135,Google Search,2024-09-12
1976,Nicholas,Ramsey,,(702) 555-8467,nicholas.ramsey@example.com,89141,Yelp,2024-09-13
1977,Denise,Cummings,,(702) 555-6437,denise.cummings@example.com,89144,Referral,2024-09-13
1978,Priya,Hail,,(702) 555-2027,priya.hail@example.com,89130,Google Search,2024-09-13
1979,Judith,Barton,,(725) 555-1597,judith.barton@example.com,89139,Walk-in,2024-09-13
1980,Beverly,Hill,,(702) 555-4878,beverly.hill@example.com,89118,Walk-in,2024-09-13
1981,Gerald,Pham,,(702) 555-4294,gerald.pham@example.com,89141,Referral,2024-09-13
1982,Linda,Vazquez,Vazquez Courier Services LLC,(702) 555-6713,linda.vazquez@example.net,89120,Fleet Account,2024-09-14
1983,Ryan,Hayes,Hayes HVAC Services LLC,(702) 555-1108,ryan.hayes@example.net,89081,Fleet Account,2024-09-14
1984,Sarah,Chapman,,(702) 555-0253,,89178,Social Media,2024-09-14
1985,Jessica,Weber,,(702) 555-6035,jessica.weber@example.com,89032,Referral,2024-09-14
1986,Debra,Cobb,,(725) 555-0411,debra.cobb@example.com,89117,Google Search,2024-09-15
1987,Leila,Alvarez,,(702) 555-2889,,89123,Google Search,2024-09-15
1988,Sean,Edwards,,(702) 555-7088,sean.edwards@example.com,89128,Referral,2024-09-15
1989,Kenneth,Alexander,,(702) 555-0361,kenneth.alexander@example.com,89144,Walk-in,2024-09-16
1990,Kyle,Walsh,,(702) 555-8812,kyle.walsh@example.com,89102,Google Search,2024-09-16
1991,Sean,Andrade,,(725) 555-8477,sean.andrade@example.com,89106,Social Media,2024-09-16
1992,Justin,Harvey,,(702) 555-9088,justin.harvey@example.com,89129,Referral,2024-09-17
1993,Charlotte,Clark,,(702) 555-1112,,89146,Google Search,2024-09-17
1994,Kelly,Mullins,,(702) 555-5078,kelly.mullins@example.com,89118,Google Search,2024-09-17
1995,James,Cook,,(702) 555-0785,james.cook@example.com,89118,Referral,2024-09-17
1996,Thomas,Ingram,Ingram Courier Services LLC,(702) 555-9370,thomas.ingram@example.net,89138,Fleet Account,2024-09-17
1997,Manuel,Simpson,,(725) 555-1250,,89107,Yelp,2024-09-17
1998,Anthony,Guerra,,(702) 555-2979,anthony.guerra@example.com,89138,Referral,2024-09-17
1999,Kayla,Stephens,,(702) 555-1306,,89139,Walk-in,2024-09-18
2000,Brenda,Cross,,(702) 555-1578,brenda.cross@example.com,89109,Walk-in,2024-09-18
2001,Lori,Pacheco,,(702) 555-4990,,89148,Walk-in,2024-09-18
2002,Wayne,Colon,,(702) 555-0783,wayne.colon@example.com,89178,Referral,2024-09-18
2003,Andrew,Sullivan,,(725) 555-9429,andrew.sullivan@example.com,89139,Google Search,2024-09-19
2004,Jacqueline,Rose,,(702) 555-6367,jacqueline.rose@example.com,89146,Google Search,2024-09-19
2005,Dylan,Ruiz,,(725) 555-1972,dylan.ruiz@example.com,89183,Walk-in,2024-09-19
2006,Kevin,Fleming,,(702) 555-4128,kevin.fleming@example.com,89107,Walk-in,2024-09-19
2007,Jean,Webb,,(702) 555-3017,jean.webb@example.com,89148,Google Search,2024-09-19
2008,Bruce,Roman,,(702) 555-3843,bruce.roman@example.com,89118,Social Media,2024-09-19
2009,Joshua,Gibson,,(702) 555-7301,joshua.gibson@example.com,89118,Social Media,2024-09-19
2010,Adam,Townsend,,(702) 555-8042,adam.townsend@example.com,89110,Referral,2024-09-19
2011,Frances,Person,,(702) 555-1901,,89107,Google Search,2024-09-20
2012,Sharon,Gonzales,,(725) 555-2877,sharon.gonzales@example.com,89179,Google Search,2024-09-21
2013,Brian,Wells,,(702) 555-5714,brian.wells@example.com,89148,Google Search,2024-09-21
2014,Gabriel,Stevens,,(702) 555-2217,,89135,Walk-in,2024-09-21
2015,Priya,Bowman,,(702) 555-5151,priya.bowman@example.com,89144,Referral,2024-09-21
2016,Ethan,Stevens,,(725) 555-5323,ethan.stevens@example.com,89117,Google Search,2024-09-21
2017,Bobby,Gutierrez,,(702) 555-0291,bobby.gutierrez@example.com,89179,Google Search,2024-09-21
2018,Karen,Page,,(702) 555-5896,,89119,Yelp,2024-09-22
2019,Gerald,Klein,Klein Plumbing LLC,(725) 555-5352,gerald.klein@example.net,89117,Fleet Account,2024-09-22
2020,Jerry,Hunt,Hunt Electric LLC,(702) 555-9295,jerry.hunt@example.net,89102,Fleet Account,2024-09-22
2021,Leila,Velasquez,,(725) 555-4241,,89103,Yelp,2024-09-22
2022,Larry,Austin,,(702) 555-3576,larry.austin@example.com,89141,Walk-in,2024-09-22
2023,Nathan,Page,,(725) 555-3343,nathan.page@example.com,89178,Google Search,2024-09-22
2024,Jessica,King,,(702) 555-3039,jessica.king@example.com,89012,Social Media,2024-09-23
2025,Douglas,Lyons,,(702) 555-7570,douglas.lyons@example.com,89149,Google Search,2024-09-23
2026,Jonathan,Williamson,,(725) 555-3934,,89139,Yelp,2024-09-23
2027,Kathleen,Diaz,,(702) 555-3342,kathleen.diaz@example.com,89148,Walk-in,2024-09-23
2028,Janice,Burgess,,(702) 555-8038,janice.burgess@example.com,89138,Google Search,2024-09-23
2029,Joan,Robertson,,(702) 555-4305,joan.robertson@example.com,89149,Referral,2024-09-24
2030,Andres,Hamilton,,(702) 555-0205,andres.hamilton@example.com,89144,Google Search,2024-09-24
2031,Jerry,Solis,,(702) 555-6474,jerry.solis@example.com,89119,Google Search,2024-09-24
2032,Angela,Rose,,(702) 555-2124,angela.rose@example.com,89129,Social Media,2024-09-24
2033,Leila,Chapman,,(725) 555-7129,leila.chapman@example.com,89183,Walk-in,2024-09-24
2034,Kayla,Matthews,,(702) 555-8338,kayla.matthews@example.com,89014,Walk-in,2024-09-24
2035,Betty,Bowen,Bowen Pest Control LLC,(725) 555-7723,betty.bowen@example.net,89120,Fleet Account,2024-09-24
2036,Tyler,Allen,,(702) 555-6564,tyler.allen@example.com,89123,Walk-in,2024-09-25
2037,Brian,French,,(702) 555-0943,brian.french@example.com,89148,Google Search,2024-09-25
2038,Melissa,Trujillo,,(702) 555-6596,melissa.trujillo@example.com,89147,Referral,2024-09-25
2039,Adam,Ramsey,,(725) 555-7662,adam.ramsey@example.com,89117,Walk-in,2024-09-25
2040,Valeria,Hart,,(702) 555-4958,valeria.hart@example.com,89123,Referral,2024-09-25
2041,Douglas,Banks,,(702) 555-2996,douglas.banks@example.com,89146,Yelp,2024-09-25
2042,Kyle,Little,,(702) 555-2145,kyle.little@example.com,89144,Walk-in,2024-09-26
2043,Mei,Ray,,(702) 555-2626,mei.ray@example.com,89148,Walk-in,2024-09-26
2044,Maria,Harvey,,(702) 555-7014,maria.harvey@example.com,89117,Social Media,2024-09-26
2045,Debra,Gibbs,,(702) 555-4031,,89012,Social Media,2024-09-26
2046,Helen,Klein,,(702) 555-2494,helen.klein@example.com,89123,Google Search,2024-09-26
2047,David,Castillo,,(725) 555-3801,david.castillo@example.com,89102,Google Search,2024-09-26
2048,Angela,Bell,,(702) 555-9021,angela.bell@example.com,89139,Walk-in,2024-09-26
2049,Tamika,Rowe,,(702) 555-8594,tamika.rowe@example.com,89121,Walk-in,2024-09-27
2050,Kenneth,Morales,,(702) 555-3449,kenneth.morales@example.com,89106,Social Media,2024-09-27
2051,Frank,Arnold,,(702) 555-6149,frank.arnold@example.com,89146,Yelp,2024-09-27
2052,Sean,Long,,(702) 555-5380,sean.long@example.com,89147,Referral,2024-09-27
2053,Carolyn,Porter,,(702) 555-8009,carolyn.porter@example.com,89183,Google Search,2024-09-27
2054,Joshua,Schultz,,(702) 555-7743,joshua.schultz@example.com,89145,Google Search,2024-09-28
2055,Albert,Newton,,,albert.newton@example.com,89014,Social Media,2024-09-28
2056,Bruce,Hale,,(725) 555-6011,,89144,Yelp,2024-09-29
2057,Hiroshi,Nunez,,(725) 555-3701,hiroshi.nunez@example.com,89148,Walk-in,2024-09-29
2058,Sean,Gallagher,,(702) 555-2438,sean.gallagher@example.com,89123,Referral,2024-09-30
2059,Adam,Fox,,(702) 555-0632,adam.fox@example.com,89139,Yelp,2024-09-30
2060,Angela,Bradley,,(702) 555-1488,,89179,Referral,2024-09-30
2061,Tyler,Hartman,,(725) 555-6428,tyler.hartman@example.com,89183,Google Search,2024-09-30
2062,Catherine,Nguyen,,(702) 555-3436,,89148,Referral,2024-09-30
2063,Mateo,Boyd,,(702) 555-6184,mateo.boyd@example.com,89103,Social Media,2024-09-30
2064,Carlos,Banks,,(702) 555-9645,carlos.banks@example.com,89015,Google Search,2024-10-01
2065,Jeremy,Juarez,,(702) 555-4361,jeremy.juarez@example.com,89134,Walk-in,2024-10-01
2066,Dorothy,Cook,,(702) 555-1865,dorothy.cook@example.com,89178,Social Media,2024-10-01
2067,Catherine,Chavez,,(725) 555-1534,catherine.chavez@example.com,89178,Walk-in,2024-10-01
2068,Amara,Foster,,(725) 555-5459,amara.foster@example.com,89052,Yelp,2024-10-01
2069,Rebecca,Swanson,,(702) 555-1299,rebecca.swanson@example.com,89135,Google Search,2024-10-02
2070,Dennis,Simpson,,(725) 555-0126,dennis.simpson@example.com,89135,Referral,2024-10-02
2071,Ricardo,Lawson,,(725) 555-8969,ricardo.lawson@example.com,89117,Walk-in,2024-10-02
2072,Luis,Love,,(702) 555-0443,luis.love@example.com,89149,Google Search,2024-10-02
2073,Brenda,Gill,,(702) 555-0898,brenda.gill@example.com,89138,Google Search,2024-10-02
2074,Diego,Salas,,(725) 555-0667,diego.salas@example.com,89108,Google Search,2024-10-02
2075,Kathryn,Moran,,(702) 555-0583,,89131,Google Search,2024-10-03
2076,Anthony,Barber,,(725) 555-3361,anthony.barber@example.com,89103,Google Search,2024-10-03
2077,Barbara,Webster,,(702) 555-3981,barbara.webster@example.com,89183,Referral,2024-10-03
2078,Mohammed,Floyd,Floyd Mobile Detailing LLC,(725) 555-9610,mohammed.floyd@example.net,89147,Fleet Account,2024-10-03
2079,Hannah,Reynolds,,(702) 555-3610,hannah.reynolds@example.com,89118,Walk-in,2024-10-03
2080,Patricia,Paul,,(702) 555-7123,patricia.paul@example.com,89135,Yelp,2024-10-03
2081,Roy,Schultz,,(702) 555-7772,roy.schultz2@example.com,89128,Google Search,2024-10-03
2082,Evelyn,Hail,,(702) 555-6283,evelyn.hail@example.com,89179,Walk-in,2024-10-04
2083,Justin,Ford,Ford Pest Control LLC,(725) 555-6650,justin.ford@example.net,89121,Fleet Account,2024-10-04
2084,Dylan,Camacho,,(702) 555-9525,dylan.camacho@example.com,89113,Referral,2024-10-04
2085,Jessica,Elliott,,(702) 555-7213,,89107,Yelp,2024-10-04
2086,Kathleen,Person,,(702) 555-2134,,89123,Referral,2024-10-04
2087,Joyce,Serrano,Serrano Mobile Detailing LLC,(702) 555-8813,joyce.serrano@example.net,89052,Fleet Account,2024-10-04
2088,Jeremy,Barnett,,(702) 555-9104,jeremy.barnett@example.com,89118,Google Search,2024-10-04
2089,Alexis,Garrett,Garrett Mobile Detailing LLC,(725) 555-6618,alexis.garrett@example.net,89107,Fleet Account,2024-10-05
2090,Stephanie,Lambert,,,stephanie.lambert@example.com,89012,Referral,2024-10-05
2091,Rahul,Bowers,,(702) 555-1443,rahul.bowers@example.com,89149,Yelp,2024-10-06
2092,Jean,Price,,(702) 555-2965,jean.price@example.com,89139,Google Search,2024-10-06
2093,Austin,Barber,,(702) 555-1216,austin.barber@example.com,89135,Social Media,2024-10-07
2094,Sarah,Ward,,(725) 555-3122,,89113,Walk-in,2024-10-07
2095,Keisha,Aguirre,,(702) 555-0505,keisha.aguirre@example.com,89139,Referral,2024-10-07
2096,Sofia,Cummings,,(725) 555-7028,sofia.cummings@example.com,89123,Referral,2024-10-07
2097,Mateo,Griffin,,(702) 555-3050,mateo.griffin@example.com,89147,Yelp,2024-10-08
2098,Samantha,Wheeler,,(702) 555-1477,samantha.wheeler@example.com,89135,Referral,2024-10-08
2099,Elizabeth,Mendez,,(702) 555-6874,elizabeth.mendez@example.com,89135,Walk-in,2024-10-09
2100,Marilyn,Tran,,(702) 555-9571,marilyn.tran@example.com,89012,Walk-in,2024-10-09
2101,Ethan,Ray,Ray Property Management LLC,(725) 555-5269,ethan.ray@example.net,89134,Fleet Account,2024-10-09
2102,Linh,Gutierrez,,(702) 555-0284,linh.gutierrez@example.com,89118,Google Search,2024-10-09
2103,Gabriela,Coleman,,(702) 555-7857,gabriela.coleman@example.com,89148,Walk-in,2024-10-09
2104,Christian,Padilla,,(725) 555-0526,christian.padilla@example.com,89117,Google Search,2024-10-09
2105,Donna,Ray,,(725) 555-2328,donna.ray@example.com,89119,Walk-in,2024-10-10
2106,Christina,Newton,,(725) 555-1492,christina.newton@example.com,89148,Walk-in,2024-10-10
2107,Donald,Weber,,(702) 555-1884,donald.weber@example.com,89138,Referral,2024-10-10
2108,Jordan,Zimmerman,,(702) 555-6390,jordan.zimmerman@example.com,89135,Yelp,2024-10-10
2109,James,Davis,,,james.davis@example.com,89102,Yelp,2024-10-11
2110,Janice,Stevenson,,(702) 555-0473,janice.stevenson@example.com,89134,Social Media,2024-10-11
2111,Abigail,Barton,,(702) 555-0866,abigail.barton@example.com,89144,Google Search,2024-10-11
2112,Larry,Hicks,Hicks Plumbing LLC,(702) 555-8378,larry.hicks@example.net,89139,Fleet Account,2024-10-12
2113,Lori,Harper,Harper Landscaping LLC,(702) 555-0444,lori.harper@example.net,89178,Fleet Account,2024-10-12
2114,Austin,McLaughlin,,(702) 555-1650,austin.mclaughlin@example.com,89121,Walk-in,2024-10-12
2115,Linh,Mitchell,,(702) 555-5700,linh.mitchell@example.com,89052,Social Media,2024-10-14
2116,Emily,Guzman,,(725) 555-6776,emily.guzman@example.com,89141,Google Search,2024-10-14
2117,Marilyn,Richardson,,(702) 555-5868,marilyn.richardson@example.com,89119,Yelp,2024-10-14
2118,Joshua,Guzman,,,joshua.guzman@example.com,89011,Google Search,2024-10-15
2119,Jordan,Campos,,(702) 555-5678,jordan.campos@example.com,89120,Walk-in,2024-10-15
2120,Roger,Chandler,,(702) 555-7747,roger.chandler@example.com,89139,Walk-in,2024-10-15
2121,Tiffany,Hodges,,(702) 555-5067,tiffany.hodges@example.com,89052,Google Search,2024-10-15
2122,Natalie,Reese,,(725) 555-6213,natalie.reese@example.com,89147,Yelp,2024-10-15
2123,Kayla,Lin,Lin Property Management LLC,(702) 555-5004,kayla.lin@example.net,89131,Fleet Account,2024-10-15
2124,Sarah,Nichols,Nichols Plumbing LLC,(702) 555-8021,sarah.nichols@example.net,89129,Fleet Account,2024-10-15
2125,Peter,Solis,,(702) 555-1798,,89122,Social Media,2024-10-15
2126,Kimberly,Lynch,,(725) 555-7322,kimberly.lynch@example.com,89115,Walk-in,2024-10-16
2127,Rachel,Reyes,,(702) 555-5584,rachel.reyes@example.com,89141,Social Media,2024-10-16
2128,Anthony,Hill,,(702) 555-2616,anthony.hill@example.com,89103,Social Media,2024-10-16
2129,Valeria,Cortez,,,valeria.cortez@example.com,89147,Walk-in,2024-10-16
2130,Noah,Erickson,,(725) 555-7843,,89129,Walk-in,2024-10-17
2131,Richard,Warner,,(702) 555-9241,richard.warner@example.com,89118,Referral,2024-10-17
2132,Sara,Ochoa,,(725) 555-0634,sara.ochoa@example.com,89113,Walk-in,2024-10-17
2133,Andrea,Horton,,(702) 555-8369,andrea.horton@example.com,89107,Google Search,2024-10-17
2134,Virginia,Griffith,,(702) 555-2269,virginia.griffith@example.com,89141,Referral,2024-10-17
2135,Malik,Stevenson,,(702) 555-6215,malik.stevenson@example.com,89117,Social Media,2024-10-17
2136,Ronald,Flores,,(702) 555-0874,ronald.flores@example.com,89147,Google Search,2024-10-18
2137,Bryan,Andrews,,(702) 555-2018,bryan.andrews@example.com,89156,Google Search,2024-10-18
2138,Virginia,Hernandez,,(702) 555-2395,,89103,Walk-in,2024-10-18
2139,Benjamin,Waters,,(702) 555-0339,benjamin.waters@example.com,89102,Google Search,2024-10-18
2140,Dylan,Guerra,,(702) 555-2597,dylan.guerra@example.com,89139,Yelp,2024-10-18
2141,Jose,Murphy,,(725) 555-0836,jose.murphy@example.com,89139,Google Search,2024-10-19
2142,Jeremy,Person,,(725) 555-5590,jeremy.person@example.com,89148,Walk-in,2024-10-19
2143,Jean,Ramos,,(702) 555-5848,jean.ramos@example.com,89108,Walk-in,2024-10-20
2144,Patrick,Figueroa,,(702) 555-4191,patrick.figueroa@example.com,89113,Referral,2024-10-21
2145,Brenda,Evans,,(702) 555-9850,brenda.evans@example.com,89134,Google Search,2024-10-21
2146,Ricardo,Powers,,(702) 555-0043,ricardo.powers@example.com,89130,Google Search,2024-10-21
2147,Abigail,Alvarez,Alvarez Property Management LLC,(702) 555-6645,abigail.alvarez@example.net,89123,Fleet Account,2024-10-21
2148,Henry,Silva,,,henry.silva@example.com,89117,Referral,2024-10-21
2149,Aisha,Oliver,,(725) 555-7539,,89139,Referral,2024-10-21
2150,Randy,Velasquez,,(702) 555-7653,randy.velasquez@example.com,89148,Google Search,2024-10-21
2151,Susan,Mack,,(702) 555-8006,susan.mack@example.com,89128,Walk-in,2024-10-22
2152,Justin,Kelley,,(702) 555-0306,justin.kelley2@example.com,89123,Yelp,2024-10-22
2153,Priya,Bailey,,(702) 555-5143,priya.bailey@example.com,89138,Yelp,2024-10-22
2154,Tyler,Reese,,(702) 555-4160,tyler.reese@example.com,89015,Google Search,2024-10-22
2155,Willie,Jensen,,(702) 555-5740,,89131,Google Search,2024-10-22
2156,Brian,Griffith,Griffith Mobile Detailing LLC,(702) 555-2768,brian.griffith@example.net,89110,Fleet Account,2024-10-22
2157,Albert,Grant,,(702) 555-5459,,89002,Google Search,2024-10-22
2158,Jose,Fowler,,(702) 555-2520,jose.fowler@example.com,89147,Walk-in,2024-10-23
2159,Adam,Lara,,(702) 555-2136,adam.lara@example.com,89118,Google Search,2024-10-23
2160,Russell,Nguyen,,(702) 555-5769,russell.nguyen@example.com,89147,Google Search,2024-10-23
2161,Terry,Maldonado,,(702) 555-1318,terry.maldonado@example.com,89103,Walk-in,2024-10-23
2162,Sara,Bradley,Bradley Plumbing LLC,(702) 555-3068,sara.bradley@example.net,89113,Fleet Account,2024-10-23
2163,Frances,Cervantes,,(702) 555-1108,,89123,Walk-in,2024-10-23
2164,Amanda,Willis,,,amanda.willis@example.com,89141,Walk-in,2024-10-24
2165,Thomas,Day,,(702) 555-2365,thomas.day@example.com,89103,Google Search,2024-10-24
2166,Michael,Harris,,(725) 555-7401,michael.harris@example.com,89141,Walk-in,2024-10-24
2167,Roy,Hunter,,(725) 555-1515,,89147,Google Search,2024-10-24
2168,Noah,Valencia,,(725) 555-0374,noah.valencia@example.com,89141,Google Search,2024-10-25
2169,Andres,Patel,,(725) 555-2500,andres.patel@example.com,89103,Walk-in,2024-10-25
2170,Richard,Porter,,(702) 555-9096,richard.porter@example.com,89113,Yelp,2024-10-25
2171,Amanda,Alvarez,,(702) 555-4756,amanda.alvarez@example.com,89179,Walk-in,2024-10-25
2172,Judy,Wilson,,(702) 555-7586,judy.wilson@example.com,89123,Social Media,2024-10-25
2173,David,Bailey,,(702) 555-4160,david.bailey@example.com,89178,Walk-in,2024-10-25
2174,Kelly,Cunningham,,(725) 555-0024,kelly.cunningham@example.com,89147,Walk-in,2024-10-25
2175,Austin,Douglas,,(725) 555-8864,austin.douglas@example.com,89119,Social Media,2024-10-26
2176,Alan,Carroll,,(702) 555-6842,alan.carroll@example.com,89113,Google Search,2024-10-26
2177,Diane,Bush,,(702) 555-1019,diane.bush@example.com,89074,Walk-in,2024-10-26
2178,Raymond,Salazar,Salazar Landscaping LLC,(702) 555-6277,raymond.salazar@example.net,89120,Fleet Account,2024-10-27
2179,Joseph,Mendez,,(725) 555-1760,joseph.mendez@example.com,89123,Referral,2024-10-27
2180,Susan,Byrd,,(702) 555-8396,susan.byrd@example.com,89121,Referral,2024-10-27
2181,Luis,Mullins,,(702) 555-8480,luis.mullins@example.com,89147,Google Search,2024-10-27
2182,Zachary,Baldwin,,(702) 555-5459,zachary.baldwin@example.com,89129,Google Search,2024-10-28
2183,Noah,Gallagher,,(725) 555-0935,noah.gallagher@example.com,89178,Walk-in,2024-10-28
2184,Jonathan,Vasquez,Vasquez Pool Service LLC,(702) 555-5100,jonathan.vasquez@example.net,89113,Fleet Account,2024-10-28
2185,Raymond,Craig,,(725) 555-4887,raymond.craig@example.com,89103,Referral,2024-10-28
2186,Anthony,Patton,,(702) 555-2055,,89074,Google Search,2024-10-29
2187,Stephen,Brown,,(702) 555-7642,stephen.brown@example.com,89147,Walk-in,2024-10-29
2188,Jennifer,Gonzalez,,(702) 555-1576,jennifer.gonzalez@example.com,89147,Referral,2024-10-29
2189,Mohammed,Stevens,,(702) 555-7390,mohammed.stevens@example.com,89141,Yelp,2024-10-30
2190,Kathryn,Leonard,,(702) 555-6773,kathryn.leonard@example.com,89086,Walk-in,2024-10-30
2191,Wayne,Murray,,(725) 555-3069,wayne.murray@example.com,89139,Referral,2024-10-30
2192,Emily,Huang,,,emily.huang@example.com,89117,Referral,2024-10-30
2193,Angela,Parker,,(702) 555-9540,angela.parker@example.com,89139,Google Search,2024-10-30
2194,Brenda,Griffith,,(725) 555-0379,brenda.griffith@example.com,89117,Google Search,2024-10-30
2195,Priya,George,,(725) 555-7583,priya.george@example.com,89147,Referral,2024-10-30
2196,Noah,Bishop,,(702) 555-8018,noah.bishop@example.com,89118,Social Media,2024-10-31
2197,James,Morales,,(725) 555-0696,james.morales@example.com,89146,Google Search,2024-10-31
2198,Christina,Simon,,(702) 555-6485,christina.simon@example.com,89146,Referral,2024-10-31
2199,Sara,Hill,Hill Construction LLC,(702) 555-6030,sara.hill@example.net,89139,Fleet Account,2024-10-31
2200,Anna,Steele,,,anna.steele@example.com,89113,Google Search,2024-10-31
2201,Virginia,Juarez,,(702) 555-1271,virginia.juarez@example.com,89108,Social Media,2024-11-01
2202,Dylan,Love,,(725) 555-2474,dylan.love@example.com,89139,Google Search,2024-11-01
2203,Andres,Carrillo,,(702) 555-6705,andres.carrillo@example.com,89139,Google Search,2024-11-01
2204,Olivia,Daniel,,(702) 555-8389,olivia.daniel@example.com,89123,Yelp,2024-11-01
2205,Jacob,Chavez,,(725) 555-3073,jacob.chavez@example.com,89129,Referral,2024-11-01
2206,Paul,Bauer,,(702) 555-9722,paul.bauer@example.com,89015,Referral,2024-11-03
2207,Wei,Campbell,,(702) 555-8946,wei.campbell@example.com,89102,Google Search,2024-11-03
2208,Jorge,Webster,,(702) 555-5761,jorge.webster@example.com,89015,Google Search,2024-11-03
2209,Virginia,Reynolds,,,virginia.reynolds@example.com,89139,Google Search,2024-11-04
2210,Nathan,Harrison,,(702) 555-8927,nathan.harrison@example.com,89106,Walk-in,2024-11-05
2211,Lucia,Sandoval,,(725) 555-2154,lucia.sandoval@example.com,89113,Google Search,2024-11-05
2212,Andrew,Carter,,(702) 555-9633,andrew.carter@example.com,89103,Google Search,2024-11-05
2213,Jose,Payne,,(725) 555-9072,jose.payne@example.com,89148,Referral,2024-11-06
2214,Jessica,Mack,,(702) 555-9056,jessica.mack@example.com,89147,Referral,2024-11-06
2215,Brandon,Camacho,,(702) 555-2201,brandon.camacho@example.com,89118,Yelp,2024-11-06
2216,Tariq,Graves,,(702) 555-0891,tariq.graves@example.com,89129,Social Media,2024-11-06
2217,Randy,Zimmerman,,(725) 555-2103,randy.zimmerman@example.com,89139,Referral,2024-11-07
2218,Leila,Schneider,,(702) 555-7040,leila.schneider@example.com,89118,Referral,2024-11-07
2219,Kathryn,Schmidt,,(702) 555-2322,kathryn.schmidt@example.com,89113,Walk-in,2024-11-07
2220,Caleb,Ortiz,,(725) 555-2056,caleb.ortiz@example.com,89135,Social Media,2024-11-08
2221,Malik,Norris,,(702) 555-8684,malik.norris@example.com,89102,Social Media,2024-11-08
2222,Jacob,Molina,,(725) 555-7948,jacob.molina@example.com,89147,Referral,2024-11-08
2223,Isabella,Morgan,,(702) 555-1500,,89113,Referral,2024-11-08
2224,Gregory,Sandoval,,(702) 555-0220,gregory.sandoval@example.com,89122,Google Search,2024-11-09
2225,Anna,Francis,,(702) 555-1592,anna.francis@example.com,89148,Yelp,2024-11-09
2226,Aaron,Wang,,(702) 555-2600,aaron.wang@example.com,89148,Google Search,2024-11-09
2227,Laura,Moody,,(702) 555-7142,,89148,Social Media,2024-11-10
2228,Heather,Johnston,,(702) 555-1656,heather.johnston@example.com,89178,Referral,2024-11-11
2229,Rahul,Russell,,(702) 555-9713,rahul.russell@example.com,89139,Referral,2024-11-12
2230,Sara,Woods,,(702) 555-9617,,89014,Google Search,2024-11-12
2231,Andres,Watson,,(702) 555-8933,andres.watson@example.com,89147,Google Search,2024-11-12
2232,Andrea,Rodgers,,(725) 555-4117,andrea.rodgers@example.com,89118,Referral,2024-11-13
2233,Sharon,Patton,,(702) 555-6805,sharon.patton@example.com,89118,Walk-in,2024-11-13
2234,Nicole,Liu,,(702) 555-6076,nicole.liu@example.com,89109,Walk-in,2024-11-13
2235,Lauren,Willis,,(702) 555-4813,lauren.willis@example.com,89148,Google Search,2024-11-13
2236,Alice,Castro,,(702) 555-6495,alice.castro@example.com,89128,Social Media,2024-11-14
2237,Juan,Gutierrez,Gutierrez Landscaping LLC,(702) 555-2480,juan.gutierrez@example.net,89147,Fleet Account,2024-11-14
2238,Betty,Gregory,,(702) 555-7260,,89148,Social Media,2024-11-15
2239,Aaron,Martin,,(702) 555-1912,aaron.martin@example.com,89103,Google Search,2024-11-15
2240,Miguel,Quinn,,(702) 555-1020,miguel.quinn@example.com,89145,Referral,2024-11-15
2241,Jordan,Garrett,,(702) 555-1688,,89179,Referral,2024-11-16
2242,Elena,Carr,,(702) 555-6076,elena.carr@example.com,89146,Referral,2024-11-16
2243,Carolyn,Washington,,(702) 555-1585,carolyn.washington@example.com,89183,Google Search,2024-11-17
2244,Helen,Ball,,(702) 555-0413,,89123,Referral,2024-11-17
2245,Victoria,Adams,,(725) 555-6053,victoria.adams@example.com,89134,Google Search,2024-11-17
2246,Walter,Doyle,,(702) 555-4460,walter.doyle@example.com,89120,Google Search,2024-11-18
2247,Ana,Bowman,,(725) 555-3260,ana.bowman@example.com,89113,Google Search,2024-11-18
2248,Sharon,Walton,,,sharon.walton@example.com,89113,Google Search,2024-11-18
2249,Lawrence,Brewer,,(702) 555-7048,lawrence.brewer@example.com,89148,Google Search,2024-11-19
2250,Gary,Escobar,,(702) 555-6875,gary.escobar@example.com,89148,Referral,2024-11-19
2251,Aisha,Gomez,,(725) 555-4089,aisha.gomez@example.com,89135,Google Search,2024-11-19
2252,Andre,Khan,,(725) 555-5448,andre.khan@example.com,89138,Referral,2024-11-19
2253,Matthew,Cooper,,(702) 555-2323,matthew.cooper@example.com,89183,Referral,2024-11-20
2254,Tyler,Simon,,(702) 555-9798,,89113,Referral,2024-11-20
2255,Dennis,Fuentes,,(702) 555-7930,,89146,Google Search,2024-11-20
2256,Peter,McKinney,,(725) 555-6977,peter.mckinney@example.com,89118,Google Search,2024-11-20
2257,Hiroshi,Vasquez,,(702) 555-3451,hiroshi.vasquez@example.com,89178,Yelp,2024-11-20
2258,Omar,Bryant,,(702) 555-5008,omar.bryant@example.com,89118,Walk-in,2024-11-20
2259,Tariq,Cummings,,(725) 555-0104,tariq.cummings@example.com,89179,Referral,2024-11-20
2260,David,Simon,Simon HVAC Services LLC,(702) 555-2770,david.simon@example.net,89139,Fleet Account,2024-11-20
2261,Tyler,Osborne,,(725) 555-9549,tyler.osborne@example.com,89148,Social Media,2024-11-20
2262,Denise,Watts,,(702) 555-4060,denise.watts@example.com,89117,Walk-in,2024-11-21
2263,Sofia,Cox,,(702) 555-0907,sofia.cox2@example.com,89103,Referral,2024-11-21
2264,Tariq,Stone,,(702) 555-6100,tariq.stone@example.com,89113,Google Search,2024-11-21
2265,Randy,Hernandez,,(702) 555-5788,randy.hernandez@example.com,89123,Google Search,2024-11-21
2266,Marcus,Wright,,(702) 555-2385,,89178,Yelp,2024-11-21
2267,David,Jenkins,,(702) 555-4558,david.jenkins@example.com,89102,Google Search,2024-11-21
2268,Patrick,Murray,,(702) 555-5945,patrick.murray@example.com,89110,Walk-in,2024-11-21
2269,Denise,Estrada,,(725) 555-5599,denise.estrada@example.com,89142,Google Search,2024-11-21
2270,Andres,Maxwell,,(702) 555-9151,andres.maxwell2@example.com,89144,Referral,2024-11-22
2271,Ann,Olson,,(702) 555-1003,ann.olson@example.com,89147,Walk-in,2024-11-23
2272,Andres,Tate,,(725) 555-7777,andres.tate@example.com,89148,Google Search,2024-11-23
2273,Martha,Castillo,,(725) 555-2997,,89113,Yelp,2024-11-24
2274,Roger,Garcia,,(725) 555-8013,roger.garcia@example.com,89123,Walk-in,2024-11-24
2275,Lori,Joseph,,(702) 555-2741,lori.joseph@example.com,89123,Google Search,2024-11-24
2276,Carol,Arnold,,(702) 555-0673,carol.arnold@example.com,89113,Walk-in,2024-11-25
2277,Julie,Potter,,(725) 555-2058,julie.potter@example.com,89147,Social Media,2024-11-25
2278,Manuel,Rios,,(702) 555-7514,manuel.rios@example.com,89113,Referral,2024-11-26
2279,Laura,Alvarez,,(702) 555-1846,laura.alvarez@example.com,89052,Social Media,2024-11-26
2280,Lisa,Weaver,,(702) 555-0536,lisa.weaver@example.com,89139,Google Search,2024-11-26
2281,Lisa,Stevenson,,(725) 555-6108,lisa.stevenson@example.com,89148,Social Media,2024-11-26
2282,Jorge,Sullivan,,(702) 555-1258,jorge.sullivan2@example.com,89108,Referral,2024-11-26
2283,Timothy,Schultz,,(702) 555-1922,timothy.schultz@example.com,89179,Google Search,2024-11-26
2284,Lori,Erickson,,(702) 555-7595,lori.erickson@example.com,89032,Social Media,2024-11-26
2285,Christian,Rogers,,(702) 555-0179,christian.rogers@example.com,89147,Referral,2024-11-26
2286,Jordan,Wise,,(725) 555-4774,jordan.wise@example.com,89074,Walk-in,2024-11-26
2287,Gabriel,Estrada,,(702) 555-2339,gabriel.estrada@example.com,89139,Yelp,2024-11-27
2288,Madison,Harrison,,(702) 555-8685,madison.harrison@example.com,89148,Google Search,2024-11-27
2289,Deborah,Wright,,(702) 555-6959,deborah.wright@example.com,89139,Referral,2024-11-27
2290,Gloria,Cohen,,(725) 555-8340,gloria.cohen@example.com,89139,Google Search,2024-11-27
2291,Grace,Leonard,,(725) 555-2700,,89139,Google Search,2024-11-27
2292,Rahul,Figueroa,,(702) 555-1797,rahul.figueroa@example.com,89148,Google Search,2024-11-28
2293,Ryan,Franklin,,(702) 555-7745,ryan.franklin@example.com,89135,Referral,2024-11-28
2294,Sharon,Espinoza,,(702) 555-5894,sharon.espinoza@example.com,89134,Walk-in,2024-11-28
2295,Andres,Webb,,(725) 555-1699,andres.webb@example.com,89146,Referral,2024-11-29
2296,Kayla,McDaniel,,(702) 555-2468,kayla.mcdaniel@example.com,89123,Referral,2024-11-29
2297,Miguel,Norman,,(702) 555-6595,miguel.norman@example.com,89183,Google Search,2024-11-29
2298,Kathleen,Soto,,(702) 555-0518,kathleen.soto@example.com,89139,Google Search,2024-11-29
2299,Harold,Solis,,(702) 555-2697,harold.solis@example.com,89123,Referral,2024-11-30
2300,Mohammed,Burke,,(702) 555-6516,mohammed.burke@example.com,89147,Social Media,2024-11-30
2301,Russell,Ball,,(702) 555-6068,russell.ball@example.com,89118,Referral,2024-11-30
2302,Emily,Fox,,(702) 555-9439,emily.fox@example.com,89118,Google Search,2024-11-30
2303,Elijah,Nelson,,(702) 555-5310,elijah.nelson@example.com,89178,Google Search,2024-12-01
2304,Jose,Hammond,,(702) 555-3535,jose.hammond@example.com,89134,Google Search,2024-12-01
2305,Janice,Curry,,(702) 555-3319,janice.curry@example.com,89148,Walk-in,2024-12-01
2306,Stephen,Henderson,,(702) 555-3548,stephen.henderson@example.com,89183,Referral,2024-12-02
2307,Marilyn,Curtis,,(702) 555-5856,,89113,Google Search,2024-12-02
2308,Virginia,Higgins,,(702) 555-4780,virginia.higgins@example.com,89146,Walk-in,2024-12-02
2309,Marcus,Casey,,(725) 555-0241,marcus.casey@example.com,89138,Social Media,2024-12-02
2310,Lisa,Ball,,(702) 555-7588,lisa.ball@example.com,89113,Google Search,2024-12-02
2311,Samantha,Wolf,,(702) 555-7467,samantha.wolf@example.com,89118,Google Search,2024-12-02
2312,Russell,Stanley,,(702) 555-0286,russell.stanley@example.com,89130,Referral,2024-12-03
2313,Judith,Jordan,,(725) 555-6263,judith.jordan@example.com,89052,Google Search,2024-12-03
2314,Camila,Romero,,(725) 555-9380,camila.romero@example.com,89118,Google Search,2024-12-03
2315,Laura,Fitzgerald,,(702) 555-9393,laura.fitzgerald@example.com,89147,Yelp,2024-12-04
2316,Gloria,Avila,,(702) 555-3436,gloria.avila@example.com,89149,Walk-in,2024-12-04
2317,Mason,Allen,Allen Landscaping LLC,(725) 555-8625,mason.allen@example.net,89145,Fleet Account,2024-12-04
2318,Christian,Carter,,(702) 555-9417,christian.carter@example.com,89119,Yelp,2024-12-05
2319,Kimberly,Ramirez,,(702) 555-0363,kimberly.ramirez@example.com,89103,Yelp,2024-12-05
2320,Alan,Hamilton,,(702) 555-4968,alan.hamilton@example.com,89117,Google Search,2024-12-05
2321,Anna,Kramer,,(702) 555-7460,anna.kramer@example.com,89178,Walk-in,2024-12-05
2322,Heather,Cross,,(702) 555-9690,heather.cross@example.com,89118,Referral,2024-12-05
2323,Wei,Ibarra,,(702) 555-1275,wei.ibarra@example.com,89183,Google Search,2024-12-06
2324,Sofia,Person,,(702) 555-2159,sofia.person@example.com,89139,Social Media,2024-12-06
2325,Wayne,Rios,,(702) 555-7608,wayne.rios@example.com,89144,Referral,2024-12-06
2326,Olivia,Dunn,,(702) 555-6490,olivia.dunn@example.com,89179,Google Search,2024-12-06
2327,Christian,Blake,,(725) 555-1388,christian.blake@example.com,89139,Walk-in,2024-12-07
2328,Randy,Torres,,(702) 555-0900,,89107,Google Search,2024-12-09
2329,Robert,Weber,,(702) 555-3559,robert.weber@example.com,89141,Referral,2024-12-09
2330,Alexis,Lewis,,(702) 555-9869,alexis.lewis@example.com,89121,Referral,2024-12-09
2331,Doris,Wise,,(702) 555-5670,doris.wise@example.com,89123,Yelp,2024-12-09
2332,Dennis,Mills,,(702) 555-8204,,89074,Google Search,2024-12-09
2333,Kayla,Hubbard,,(725) 555-9890,kayla.hubbard@example.com,89118,Walk-in,2024-12-10
2334,Helen,Burgess,,(702) 555-0248,helen.burgess@example.com,89138,Google Search,2024-12-10
2335,Sandra,Cole,,(702) 555-4143,,89074,Google Search,2024-12-10
2336,Darnell,Gomez,,(702) 555-9213,darnell.gomez@example.com,89107,Google Search,2024-12-10
2337,Cynthia,Schroeder,,(725) 555-4246,cynthia.schroeder@example.com,89118,Walk-in,2024-12-11
2338,Kyle,Blair,,(702) 555-0102,kyle.blair@example.com,89101,Google Search,2024-12-12
2339,Gabriela,Neal,,(702) 555-8253,gabriela.neal@example.com,89183,Google Search,2024-12-12
2340,Bryan,Miranda,,(702) 555-7932,bryan.miranda@example.com,89139,Google Search,2024-12-12
2341,Manuel,Garrett,,(702) 555-5873,manuel.garrett@example.com,89129,Walk-in,2024-12-13
2342,Jacob,Chan,,(702) 555-8569,jacob.chan@example.com,89145,Google Search,2024-12-13
2343,Samuel,Contreras,,(725) 555-8027,samuel.contreras@example.com,89117,Referral,2024-12-13
2344,Judy,Wolfe,,(702) 555-7270,judy.wolfe@example.com,89118,Walk-in,2024-12-13
2345,Barbara,Liu,,(702) 555-2189,barbara.liu@example.com,89147,Social Media,2024-12-13
2346,Tiffany,Nguyen,,(702) 555-2178,,89141,Google Search,2024-12-13
2347,Anna,Holt,,(702) 555-5239,anna.holt@example.com,89148,Social Media,2024-12-14
2348,Alice,Serrano,,(702) 555-0397,,89107,Walk-in,2024-12-15
2349,Rahul,Joseph,Joseph Property Management LLC,(702) 555-9590,rahul.joseph@example.net,89015,Fleet Account,2024-12-15
2350,Bruce,Huang,,(725) 555-1558,bruce.huang@example.com,89148,Walk-in,2024-12-15
2351,Dylan,Chavez,,(702) 555-6354,dylan.chavez@example.com,89117,Referral,2024-12-16
2352,Emma,Francis,,(702) 555-5604,emma.francis@example.com,89123,Yelp,2024-12-16
2353,Beverly,Davidson,,(725) 555-2868,beverly.davidson@example.com,89119,Google Search,2024-12-17
2354,Shirley,Wolfe,,(702) 555-7832,shirley.wolfe@example.com,89134,Referral,2024-12-17
2355,Raymond,Rivera,,(702) 555-5723,raymond.rivera@example.com,89117,Google Search,2024-12-17
2356,Jesse,Haynes,,(702) 555-2562,jesse.haynes@example.com,89118,Walk-in,2024-12-17
2357,Matthew,Davidson,,(725) 555-1348,,89118,Referral,2024-12-17
2358,Elena,Floyd,Floyd Courier Services LLC,(725) 555-0391,elena.floyd@example.net,89108,Fleet Account,2024-12-17
2359,Minh,Little,,(702) 555-0963,minh.little@example.com,89014,Google Search,2024-12-18
2360,Donald,Carlson,,(725) 555-3479,donald.carlson@example.com,89120,Google Search,2024-12-18
2361,Joan,Lloyd,,(702) 555-0004,joan.lloyd@example.com,89144,Referral,2024-12-19
2362,Michael,Bauer,,(702) 555-9136,michael.bauer@example.com,89120,Google Search,2024-12-19
2363,James,Page,,(702) 555-2164,james.page@example.com,89113,Google Search,2024-12-19
2364,Carol,McKinney,,(702) 555-9450,carol.mckinney@example.com,89131,Social Media,2024-12-20
2365,Natalie,Sims,,(702) 555-3827,natalie.sims@example.com,89178,Google Search,2024-12-20
2366,Leila,Vargas,,(702) 555-9168,leila.vargas@example.com,89118,Referral,2024-12-20
2367,Anjali,Hill,,(702) 555-9813,anjali.hill@example.com,89032,Google Search,2024-12-20
2368,Jennifer,Armstrong,,(702) 555-5931,jennifer.armstrong@example.com,89121,Walk-in,2024-12-20
2369,Janice,Perez,,,janice.perez@example.com,89123,Social Media,2024-12-21
2370,Alexis,Tran,,(702) 555-9768,alexis.tran@example.com,89110,Yelp,2024-12-21
2371,Juan,Rojas,,(702) 555-9907,juan.rojas@example.com,89147,Google Search,2024-12-22
2372,Frank,Ortiz,,(702) 555-8084,frank.ortiz@example.com,89148,Yelp,2024-12-23
2373,Catherine,Cannon,,(702) 555-2241,catherine.cannon@example.com,89139,Referral,2024-12-23
2374,Jeremy,Lawson,,(702) 555-2957,jeremy.lawson@example.com,89149,Google Search,2024-12-23
2375,Debra,Gilbert,Gilbert Construction LLC,(702) 555-6021,debra.gilbert@example.net,89147,Fleet Account,2024-12-24
2376,Sofia,Bowen,,(702) 555-1483,sofia.bowen@example.com,89120,Google Search,2024-12-25
2377,Nathan,Schneider,,(702) 555-5117,,89148,Yelp,2024-12-26
2378,Elizabeth,Hunt,,(702) 555-6690,elizabeth.hunt@example.com,89135,Walk-in,2024-12-26
2379,Sandra,Douglas,,(702) 555-4726,,89113,Yelp,2024-12-26
2380,Mark,Burns,Burns Property Management LLC,(725) 555-8930,mark.burns@example.net,89148,Fleet Account,2024-12-26
2381,Victoria,Herrera,,(702) 555-4724,victoria.herrera@example.com,89118,Google Search,2024-12-26
2382,Gabriel,Salas,,(702) 555-7477,gabriel.salas@example.com,89106,Referral,2024-12-26
2383,Anthony,Carrillo,,(725) 555-5608,anthony.carrillo@example.com,89149,Yelp,2024-12-28
2384,Barbara,Quinn,,(702) 555-8820,barbara.quinn@example.com,89179,Walk-in,2024-12-28
2385,Darnell,Fuller,,(702) 555-1115,darnell.fuller@example.com,89146,Google Search,2024-12-29
2386,Roger,Wells,,(725) 555-9527,roger.wells@example.com,89118,Referral,2024-12-29
2387,Carlos,McDaniel,,(702) 555-5081,carlos.mcdaniel@example.com,89012,Google Search,2024-12-30
2388,Andres,Rios,Rios Construction LLC,(702) 555-1857,andres.rios@example.net,89081,Fleet Account,2025-01-01
2389,Alice,Franklin,,(702) 555-4466,,89148,Referral,2025-01-02
2390,Judith,Frazier,,(702) 555-9975,judith.frazier@example.com,89144,Walk-in,2025-01-02
2391,Emily,Hall,,,emily.hall@example.com,89052,Social Media,2025-01-02
2392,Melissa,Cruz,,(702) 555-0075,melissa.cruz@example.com,89148,Walk-in,2025-01-03
2393,Emily,Casey,,(725) 555-3378,emily.casey@example.com,89119,Google Search,2025-01-03
2394,Christine,Perry,,(702) 555-6489,christine.perry@example.com,89183,Google Search,2025-01-03
2395,Ashley,Calderon,,(702) 555-6541,ashley.calderon@example.com,89139,Referral,2025-01-03
2396,Carl,Hanson,,(702) 555-5565,,89135,Yelp,2025-01-03
2397,Benjamin,Brady,,(725) 555-6654,benjamin.brady@example.com,89117,Google Search,2025-01-03
2398,Jennifer,Hall,,(702) 555-4171,,89134,Yelp,2025-01-03
2399,Jorge,Vargas,,(702) 555-4631,jorge.vargas@example.com,89110,Walk-in,2025-01-05
2400,Ruth,Escobar,,(702) 555-5308,,89141,Google Search,2025-01-06
2401,Marcus,Garcia,,(725) 555-0405,marcus.garcia@example.com,89123,Walk-in,2025-01-06
2402,Richard,Sullivan,,(725) 555-8620,richard.sullivan@example.com,89002,Google Search,2025-01-06
2403,Ricardo,Dawson,,(725) 555-2395,ricardo.dawson@example.com,89139,Google Search,2025-01-06
2404,Stephen,Goodwin,,(725) 555-3857,,89102,Yelp,2025-01-06
2405,Camila,Strickland,,(702) 555-0779,camila.strickland@example.com,89118,Google Search,2025-01-07
2406,Adam,Lara,,(702) 555-4863,adam.lara2@example.com,89107,Google Search,2025-01-07
2407,Sofia,Suarez,,(702) 555-8202,sofia.suarez@example.com,89121,Yelp,2025-01-07
2408,Amanda,Cook,,(702) 555-1390,amanda.cook@example.com,89118,Walk-in,2025-01-07
2409,Willie,Day,,(702) 555-9340,willie.day@example.com,89139,Google Search,2025-01-07
2410,Kyle,French,,(702) 555-8023,kyle.french@example.com,89118,Walk-in,2025-01-07
2411,Nicholas,Gill,,(702) 555-4713,nicholas.gill@example.com,89145,Referral,2025-01-07
2412,Frank,Le,,(702) 555-9630,frank.le@example.com,89139,Google Search,2025-01-07
2413,Albert,Washington,,(702) 555-3439,,89139,Google Search,2025-01-07
2414,Andres,Ward,,(702) 555-6411,,89144,Yelp,2025-01-07
2415,Fatima,Logan,,(702) 555-4865,fatima.logan@example.com,89145,Referral,2025-01-07
2416,Arthur,Moss,,(702) 555-2690,arthur.moss@example.com,89139,Yelp,2025-01-07
2417,Emma,Hawkins,Hawkins Plumbing LLC,(702) 555-0856,emma.hawkins@example.net,89118,Fleet Account,2025-01-07
2418,Mary,Lara,,(702) 555-5269,,89135,Walk-in,2025-01-07
2419,Wei,McBride,,(702) 555-6689,wei.mcbride@example.com,89178,Yelp,2025-01-07
2420,Joshua,Douglas,,(702) 555-8929,joshua.douglas@example.com,89014,Referral,2025-01-08
2421,Rachel,Aguilar,,(725) 555-1620,rachel.aguilar@example.com,89117,Referral,2025-01-08
2422,Billy,Bowers,,(702) 555-7923,billy.bowers@example.com,89014,Social Media,2025-01-08
2423,Priya,Harrington,,(702) 555-3089,priya.harrington@example.com,89107,Google Search,2025-01-08
2424,Amber,Brown,,(725) 555-1378,amber.brown@example.com,89178,Walk-in,2025-01-08
2425,Brandon,Wagner,,(702) 555-6328,,89113,Walk-in,2025-01-08
2426,Roy,Hawkins,,(702) 555-7774,roy.hawkins@example.com,89118,Yelp,2025-01-09
2427,Madison,Glover,,(702) 555-9950,madison.glover@example.com,89107,Referral,2025-01-09
2428,Lauren,Holland,,(725) 555-0579,lauren.holland@example.com,89134,Walk-in,2025-01-09
2429,Donna,Scott,,(725) 555-8057,donna.scott@example.com,89147,Google Search,2025-01-09
2430,Sophia,Valencia,,(702) 555-9476,sophia.valencia@example.com,89141,Referral,2025-01-09
2431,Marilyn,Rowe,,(702) 555-3672,marilyn.rowe@example.com,89178,Yelp,2025-01-09
2432,Ashley,Medina,,(725) 555-1784,,89179,Google Search,2025-01-09
2433,Mateo,Stevens,Stevens Plumbing LLC,(702) 555-2239,mateo.stevens@example.net,89147,Fleet Account,2025-01-09
2434,Jordan,Ramirez,,(702) 555-4017,jordan.ramirez@example.com,89109,Walk-in,2025-01-09
2435,Charlotte,Harper,,(702) 555-4743,charlotte.harper@example.com,89081,Google Search,2025-01-09
2436,William,Griffith,,(702) 555-3385,,89147,Google Search,2025-01-10
2437,Elizabeth,Franco,,(725) 555-1831,elizabeth.franco@example.com,89183,Yelp,2025-01-10
2438,Sofia,McCoy,,(702) 555-1155,sofia.mccoy@example.com,89139,Referral,2025-01-10
2439,Jose,Jacobs,,(702) 555-9564,jose.jacobs@example.com,89119,Walk-in,2025-01-10
2440,Ronald,Hoffman,,(725) 555-4978,,89135,Referral,2025-01-10
2441,Laura,Duncan,,(702) 555-9225,,89011,Referral,2025-01-10
2442,Anjali,Gibbs,,(702) 555-1972,anjali.gibbs@example.com,89118,Social Media,2025-01-10
2443,Darnell,Fischer,,(702) 555-3542,darnell.fischer@example.com,89074,Referral,2025-01-11
2444,Bradley,Daniels,,(702) 555-9994,bradley.daniels@example.com,89146,Walk-in,2025-01-11
2445,Thomas,Knight,,(702) 555-9993,,89052,Referral,2025-01-11
2446,Jeremy,Harris,,(702) 555-7147,jeremy.harris@example.com,89139,Referral,2025-01-11
2447,Ann,Gibbs,,(725) 555-7023,ann.gibbs@example.com,89147,Referral,2025-01-11
2448,Amanda,Wilson,,(702) 555-9748,amanda.wilson@example.com,89102,Google Search,2025-01-11
2449,Jesse,Webster,,(725) 555-8724,,89128,Google Search,2025-01-12
2450,Miguel,Bradley,,(725) 555-9299,miguel.bradley@example.com,89147,Yelp,2025-01-12
2451,Amber,Barker,,(725) 555-5649,amber.barker@example.com,89138,Google Search,2025-01-12
2452,Catherine,Solis,Solis Electric LLC,(702) 555-4350,catherine.solis@example.net,89103,Fleet Account,2025-01-12
2453,Kenneth,Ramos,,(702) 555-5803,kenneth.ramos@example.com,89103,Google Search,2025-01-12
2454,Gary,Price,,(702) 555-2975,gary.price@example.com,89148,Walk-in,2025-01-13
2455,Jesse,Sharp,,(702) 555-5849,jesse.sharp@example.com,89178,Google Search,2025-01-14
2456,Vincent,Todd,Todd Pool Service LLC,(702) 555-5780,vincent.todd@example.net,89131,Fleet Account,2025-01-14
2457,Walter,Santos,,(725) 555-4768,walter.santos@example.com,89117,Walk-in,2025-01-14
2458,Sarah,Manning,,(702) 555-2737,sarah.manning@example.com,89084,Google Search,2025-01-14
2459,George,Armstrong,,(702) 555-1815,george.armstrong@example.com,89148,Referral,2025-01-15
2460,Tyler,Dennis,,(725) 555-4377,tyler.dennis@example.com,89130,Social Media,2025-01-15
2461,George,Rojas,Rojas Pool Service LLC,(702) 555-2013,george.rojas@example.net,89119,Fleet Account,2025-01-15
2462,Madison,Valdez,,(702) 555-0934,madison.valdez@example.com,89179,Social Media,2025-01-15
2463,Peter,Young,,(702) 555-6142,peter.young@example.com,89052,Google Search,2025-01-16
2464,Ricardo,Suarez,,(702) 555-9320,ricardo.suarez@example.com,89139,Yelp,2025-01-16
2465,Frances,Franklin,,(702) 555-6084,frances.franklin@example.com,89014,Referral,2025-01-16
2466,Joshua,Torres,,(702) 555-1247,joshua.torres@example.com,89178,Walk-in,2025-01-16
2467,Bradley,Torres,,(702) 555-3231,bradley.torres@example.com,89178,Google Search,2025-01-16
2468,Megan,McCarthy,,(725) 555-0454,megan.mccarthy@example.com,89144,Referral,2025-01-17
2469,Lori,Fuentes,,(725) 555-3186,,89123,Referral,2025-01-17
2470,Amber,Patterson,,(702) 555-2661,amber.patterson@example.com,89101,Walk-in,2025-01-17
2471,Charlotte,Jenkins,,(725) 555-5550,charlotte.jenkins@example.com,89135,Google Search,2025-01-18
2472,Betty,Cook,,(725) 555-7042,betty.cook@example.com,89103,Yelp,2025-01-18
2473,Shirley,Ramos,,(702) 555-8322,shirley.ramos@example.com,89104,Social Media,2025-01-18
2474,Logan,Lambert,Lambert Plumbing LLC,(702) 555-6380,logan.lambert@example.net,89128,Fleet Account,2025-01-19
2475,Paul,Rivera,,,paul.rivera@example.com,89113,Walk-in,2025-01-19
2476,Rosa,Roman,,(702) 555-6484,rosa.roman@example.com,89139,Yelp,2025-01-20
2477,Larry,Escobar,Escobar Property Management LLC,(702) 555-7565,larry.escobar@example.net,89119,Fleet Account,2025-01-20
2478,Judith,Salazar,,,judith.salazar@example.com,89142,Google Search,2025-01-20
2479,Jennifer,Bailey,,(702) 555-4439,jennifer.bailey@example.com,89086,Google Search,2025-01-20
2480,Darnell,Carrillo,,(702) 555-6037,darnell.carrillo@example.com,89102,Yelp,2025-01-21
2481,Matthew,Ibarra,,(702) 555-2222,matthew.ibarra@example.com,89103,Google Search,2025-01-21
2482,Martha,Stanley,,(702) 555-5456,martha.stanley@example.com,89118,Walk-in,2025-01-22
2483,Andres,Farmer,,(725) 555-7953,andres.farmer@example.com,89052,Google Search,2025-01-22
2484,Karen,Barrett,,(702) 555-5803,karen.barrett@example.com,89103,Walk-in,2025-01-22
2485,Deborah,Cruz,,(702) 555-4308,deborah.cruz@example.com,89104,Referral,2025-01-22
2486,Dennis,Ortiz,Ortiz Pest Control LLC,(702) 555-2949,dennis.ortiz@example.net,89141,Fleet Account,2025-01-22
2487,Charlotte,Caldwell,,(725) 555-7474,charlotte.caldwell@example.com,89141,Google Search,2025-01-23
2488,Diana,Cardenas,,(702) 555-2636,diana.cardenas@example.com,89120,Yelp,2025-01-23
2489,Jordan,Lopez,,(725) 555-9353,jordan.lopez@example.com,89139,Google Search,2025-01-23
2490,Dylan,Hill,,(725) 555-7442,dylan.hill@example.com,89148,Walk-in,2025-01-23
2491,Russell,Schmidt,,(702) 555-5025,russell.schmidt@example.com,89128,Google Search,2025-01-23
2492,Dorothy,Brewer,,(702) 555-5082,dorothy.brewer@example.com,89120,Google Search,2025-01-23
2493,Sandra,Becker,Becker HVAC Services LLC,(725) 555-2361,sandra.becker@example.net,89014,Fleet Account,2025-01-23
2494,Karen,Kramer,,(725) 555-7536,,89002,Google Search,2025-01-24
2495,Roy,Contreras,,(702) 555-2341,,89148,Google Search,2025-01-24
2496,Natalie,Barnes,,(702) 555-7665,,89052,Google Search,2025-01-24
2497,Joe,Swanson,,(702) 555-9104,joe.swanson@example.com,89138,Yelp,2025-01-26
2498,George,Gonzales,,(702) 555-6921,george.gonzales@example.com,89128,Referral,2025-01-26
2499,Lauren,Kelly,,(702) 555-6091,lauren.kelly@example.com,89118,Walk-in,2025-01-27
2500,William,Graham,,(702) 555-4570,william.graham@example.com,89014,Yelp,2025-01-27
2501,Joseph,Gross,,(725) 555-4204,joseph.gross@example.com,89147,Referral,2025-01-27
2502,Kimberly,Barber,,(702) 555-2827,kimberly.barber@example.com,89149,Yelp,2025-01-27
2503,Frank,Chandler,,(702) 555-9129,frank.chandler@example.com,89148,Google Search,2025-01-29
2504,Sarah,Wallace,,(702) 555-9912,sarah.wallace@example.com,89014,Google Search,2025-01-29
2505,Jack,Person,,(725) 555-9767,jack.person@example.com,89141,Google Search,2025-01-29
2506,Michael,Pierce,,,michael.pierce2@example.com,89134,Referral,2025-01-29
2507,Alan,Hall,,(725) 555-3066,alan.hall2@example.com,89107,Google Search,2025-01-29
2508,Manuel,Wise,,(702) 555-2765,,89118,Referral,2025-01-29
2509,Mason,Neal,,(702) 555-8472,mason.neal@example.com,89147,Google Search,2025-01-30
2510,Cheryl,Long,,(702) 555-9894,cheryl.long@example.com,89108,Yelp,2025-01-30
2511,Keisha,Moody,,(702) 555-9827,,89178,Google Search,2025-01-30
2512,Amara,Dixon,Dixon Mobile Detailing LLC,(702) 555-2830,amara.dixon@example.net,89107,Fleet Account,2025-01-30
2513,Diego,Higgins,,(702) 555-7687,diego.higgins@example.com,89103,Referral,2025-01-30
2514,Caleb,Morgan,,(702) 555-2508,caleb.morgan@example.com,89179,Google Search,2025-01-31
2515,Fatima,McCoy,,(702) 555-0676,fatima.mccoy2@example.com,89144,Walk-in,2025-01-31
2516,Madison,Campos,,(702) 555-5578,madison.campos@example.com,89104,Google Search,2025-01-31
2517,Angela,Conner,,(702) 555-8751,,89113,Google Search,2025-02-01
2518,Andrea,Mejia,,(702) 555-7640,andrea.mejia@example.com,89118,Walk-in,2025-02-01
2519,Tariq,Obrien,,(725) 555-9572,tariq.obrien@example.com,89178,Referral,2025-02-01
2520,Kelly,Fields,,(702) 555-4045,kelly.fields@example.com,89113,Social Media,2025-02-01
2521,Tyler,Anderson,,(702) 555-9130,tyler.anderson@example.com,89081,Referral,2025-02-02
2522,Marcus,Welch,,(702) 555-3818,,89141,Google Search,2025-02-03
2523,Henry,Bowman,,(702) 555-6658,henry.bowman@example.com,89178,Google Search,2025-02-03
2524,Teresa,Foster,,(725) 555-1087,teresa.foster@example.com,89002,Referral,2025-02-03
2525,Wayne,Espinoza,,,wayne.espinoza@example.com,89149,Social Media,2025-02-04
2526,Diane,Stevenson,,(702) 555-1550,,89101,Google Search,2025-02-04
2527,Patricia,Stephens,,(702) 555-7441,patricia.stephens@example.com,89011,Google Search,2025-02-05
2528,Jean,Curtis,,(702) 555-0824,,89108,Walk-in,2025-02-05
2529,Keith,Maxwell,,(702) 555-5388,keith.maxwell@example.com,89117,Referral,2025-02-06
2530,Eric,Warren,,(725) 555-8260,,89117,Referral,2025-02-06
2531,Douglas,Douglas,Douglas Pool Service LLC,(702) 555-9684,douglas.douglas@example.net,89117,Fleet Account,2025-02-06
2532,Jason,Rice,,(702) 555-4238,jason.rice@example.com,89107,Walk-in,2025-02-06
2533,Zachary,Young,,(702) 555-3494,,89113,Google Search,2025-02-07
2534,Bryan,Goodwin,,(702) 555-5941,bryan.goodwin@example.com,89118,Google Search,2025-02-07
2535,Linh,Harper,,(702) 555-4381,linh.harper@example.com,89148,Referral,2025-02-07
2536,Jorge,Page,,(702) 555-2582,jorge.page@example.com,89117,Google Search,2025-02-07
2537,Debra,Robles,,(702) 555-6983,,89086,Walk-in,2025-02-07
2538,Jonathan,Phillips,,(702) 555-1362,jonathan.phillips@example.com,89139,Yelp,2025-02-07
2539,Russell,Le,,(702) 555-5878,russell.le@example.com,89011,Google Search,2025-02-07
2540,Willie,Grant,,(702) 555-2672,willie.grant@example.com,89109,Google Search,2025-02-07
2541,Benjamin,Cook,Cook Electric LLC,(725) 555-8700,benjamin.cook@example.net,89141,Fleet Account,2025-02-08
2542,Manuel,Schultz,,,manuel.schultz@example.com,89139,Google Search,2025-02-08
2543,James,Vega,,(702) 555-0626,james.vega@example.com,89118,Google Search,2025-02-08
2544,Jacqueline,Edwards,,(725) 555-7962,jacqueline.edwards@example.com,89146,Walk-in,2025-02-10
2545,Rahul,Bates,Bates Pool Service LLC,(702) 555-8880,rahul.bates@example.net,89103,Fleet Account,2025-02-10
2546,Joan,Calderon,,(725) 555-9889,joan.calderon@example.com,89101,Google Search,2025-02-10
2547,Ashley,Richards,,(725) 555-3741,ashley.richards@example.com,89118,Referral,2025-02-10
2548,Malik,Wang,,(702) 555-7022,malik.wang@example.com,89144,Google Search,2025-02-10
2549,Anjali,Richardson,,(702) 555-9957,anjali.richardson@example.com,89052,Referral,2025-02-11
2550,Helen,Klein,,(702) 555-7646,helen.klein2@example.com,89052,Walk-in,2025-02-11
2551,Nicholas,May,,(702) 555-4984,nicholas.may@example.com,89183,Google Search,2025-02-11
2552,Andrew,Webb,,,andrew.webb@example.com,89102,Social Media,2025-02-11
2553,Joan,Rose,,(702) 555-3498,joan.rose@example.com,89147,Referral,2025-02-11
2554,Minh,Cross,Cross Property Management LLC,(702) 555-5237,minh.cross@example.net,89108,Fleet Account,2025-02-11
2555,Andre,Lucas,,(725) 555-8017,andre.lucas@example.com,89146,Social Media,2025-02-11
2556,Amber,Potter,,(702) 555-8259,amber.potter@example.com,89139,Walk-in,2025-02-11
2557,Jeffrey,Craig,,(702) 555-8985,jeffrey.craig@example.com,89109,Google Search,2025-02-11
2558,Marilyn,Graham,,(725) 555-1585,marilyn.graham@example.com,89032,Google Search,2025-02-12
2559,John,Hodges,,(702) 555-8749,john.hodges@example.com,89118,Yelp,2025-02-12
2560,Jessica,Delacruz,,(702) 555-8618,jessica.delacruz@example.com,89118,Google Search,2025-02-12
2561,Jason,Vasquez,,(702) 555-5998,jason.vasquez@example.com,89129,Walk-in,2025-02-12
2562,Jerry,Jennings,,(725) 555-2395,,89178,Google Search,2025-02-12
2563,Mohammed,Ingram,,(702) 555-5645,,89052,Yelp,2025-02-12
2564,Adam,Howard,,(702) 555-8069,adam.howard@example.com,89119,Referral,2025-02-13
2565,Emily,Howell,,(725) 555-4772,emily.howell@example.com,89179,Social Media,2025-02-13
2566,Terry,Wells,,(702) 555-9473,terry.wells@example.com,89129,Yelp,2025-02-13
2567,Dylan,Bowen,,(702) 555-0444,dylan.bowen@example.com,89146,Google Search,2025-02-13
2568,Barbara,Peters,,(702) 555-8066,,89156,Referral,2025-02-14
2569,James,Henry,,(702) 555-3284,james.henry@example.com,89183,Yelp,2025-02-14
2570,Brian,Brady,,(702) 555-3281,brian.brady@example.com,89178,Google Search,2025-02-15
2571,Gregory,Calderon,,(725) 555-1016,gregory.calderon@example.com,89123,Google Search,2025-02-15
2572,Judy,Hicks,,(725) 555-5144,judy.hicks@example.com,89123,Yelp,2025-02-16
2573,Tamika,Rodgers,,(702) 555-4376,tamika.rodgers@example.com,89115,Referral,2025-02-16
2574,Stephanie,Ross,,(702) 555-4234,stephanie.ross@example.com,89147,Google Search,2025-02-17
2575,Carlos,Ross,,(702) 555-7309,carlos.ross@example.com,89121,Social Media,2025-02-17
2576,Ruth,Brooks,,(702) 555-2945,ruth.brooks@example.com,89139,Google Search,2025-02-17
2577,Randy,Riley,,(702) 555-8493,randy.riley@example.com,89123,Google Search,2025-02-17
2578,Caleb,Dunn,,(702) 555-8847,caleb.dunn@example.com,89120,Yelp,2025-02-17
2579,Andres,Crawford,,(725) 555-4773,andres.crawford@example.com,89130,Walk-in,2025-02-18
2580,Linda,Cortez,,(702) 555-6550,linda.cortez@example.com,89178,Google Search,2025-02-18
2581,Michelle,Thomas,,(702) 555-6041,michelle.thomas@example.com,89104,Social Media,2025-02-18
2582,Grace,Huang,,(702) 555-6522,,89052,Yelp,2025-02-18
2583,Alice,Stevenson,,(702) 555-4784,alice.stevenson@example.com,89119,Walk-in,2025-02-19
2584,Camila,Blair,,(702) 555-3441,camila.blair@example.com,89179,Walk-in,2025-02-19
2585,Elizabeth,Hayes,,(725) 555-6832,,89147,Google Search,2025-02-19
2586,Hiroshi,Cohen,,(702) 555-6048,hiroshi.cohen@example.com,89148,Yelp,2025-02-19
2587,Russell,Deleon,,(725) 555-7354,russell.deleon@example.com,89135,Google Search,2025-02-19
2588,Rosa,Moss,,(725) 555-9312,,89139,Referral,2025-02-19
2589,Luis,Valencia,,(702) 555-9633,luis.valencia@example.com,89118,Referral,2025-02-20
2590,Daniel,Little,,(702) 555-9297,daniel.little@example.com,89144,Walk-in,2025-02-20
2591,Alice,Hoffman,,(702) 555-2919,alice.hoffman@example.com,89142,Google Search,2025-02-20
2592,Jennifer,Santiago,,(702) 555-9523,,89123,Social Media,2025-02-20
2593,Theresa,Harper,Harper Landscaping LLC,(702) 555-8551,theresa.harper@example.net,89014,Fleet Account,2025-02-20
2594,Ronald,McKinney,,(702) 555-9458,,89113,Google Search,2025-02-21
2595,Alan,Hunter,,(725) 555-8080,alan.hunter@example.com,89121,Walk-in,2025-02-21
2596,Aaron,Camacho,,(702) 555-7455,aaron.camacho@example.com,89103,Yelp,2025-02-21
2597,Tariq,Mullins,,(702) 555-2128,tariq.mullins@example.com,89179,Yelp,2025-02-21
2598,Sandra,Mason,,(702) 555-1065,sandra.mason@example.com,89052,Google Search,2025-02-23
2599,Amy,McLaughlin,,(702) 555-7303,,89135,Walk-in,2025-02-24
2600,Olivia,Camacho,,(725) 555-2418,olivia.camacho@example.com,89014,Google Search,2025-02-24
2601,Tamika,Patterson,,(702) 555-2510,tamika.patterson@example.com,89119,Social Media,2025-02-24
2602,Helen,Stewart,Stewart Property Management LLC,(725) 555-0007,helen.stewart@example.net,89145,Fleet Account,2025-02-24
2603,Michael,Peterson,,(725) 555-5924,michael.peterson@example.com,89147,Yelp,2025-02-24
2604,Wayne,Moore,,(702) 555-2065,wayne.moore@example.com,89118,Yelp,2025-02-24
2605,Jose,Munoz,,(725) 555-6339,jose.munoz@example.com,89139,Google Search,2025-02-25
2606,Jorge,Carlson,,(702) 555-9143,,89123,Referral,2025-02-25
2607,Victoria,Wagner,,(702) 555-3930,,89146,Yelp,2025-02-25
2608,Joan,Reyes,,(702) 555-0833,joan.reyes@example.com,89147,Referral,2025-02-25
2609,Karen,Chandler,,(702) 555-8282,karen.chandler@example.com,89135,Walk-in,2025-02-26
2610,Christopher,Cunningham,,(702) 555-1567,christopher.cunningham@example.com,89102,Referral,2025-02-26
2611,Natalie,Edwards,,(702) 555-6499,natalie.edwards@example.com,89118,Walk-in,2025-02-26
2612,Nathan,Avila,,(702) 555-7583,nathan.avila@example.com,89123,Google Search,2025-02-27
2613,Kelly,Klein,,(702) 555-4584,kelly.klein@example.com,89123,Yelp,2025-02-27
2614,Justin,Joseph,,(702) 555-6880,,89178,Social Media,2025-02-28
2615,Carolyn,Jimenez,,(702) 555-2961,carolyn.jimenez@example.com,89148,Walk-in,2025-02-28
2616,Tamika,Evans,,(702) 555-0956,,89147,Social Media,2025-02-28
2617,Dennis,Wilson,,(702) 555-4471,dennis.wilson@example.com,89147,Referral,2025-02-28
2618,Peter,Cannon,,(702) 555-1822,peter.cannon@example.com,89123,Yelp,2025-02-28
2619,Larry,Ellis,Ellis Electric LLC,(702) 555-3069,larry.ellis@example.net,89113,Fleet Account,2025-02-28
2620,Brandon,Lynch,,(725) 555-6307,brandon.lynch2@example.com,89141,Referral,2025-03-01
2621,Megan,Schroeder,,(702) 555-1122,megan.schroeder@example.com,89146,Social Media,2025-03-01
2622,Lawrence,Schmidt,,(702) 555-1969,lawrence.schmidt@example.com,89147,Walk-in,2025-03-01
2623,Matthew,Edwards,,(702) 555-8647,matthew.edwards@example.com,89103,Google Search,2025-03-01
2624,Christian,Le,,(702) 555-1651,,89052,Referral,2025-03-01
2625,Arjun,Lopez,,(702) 555-9715,,89183,Google Search,2025-03-01
2626,Keith,Ellis,,(725) 555-2043,keith.ellis@example.com,89141,Yelp,2025-03-03
2627,Thomas,Evans,,(702) 555-2818,thomas.evans@example.com,89012,Google Search,2025-03-03
2628,Harold,Campos,Campos Mobile Detailing LLC,(725) 555-7541,harold.campos@example.net,89107,Fleet Account,2025-03-03
2629,Ronald,Simmons,,(702) 555-1477,ronald.simmons@example.com,89123,Google Search,2025-03-03
2630,Catherine,Glover,,(702) 555-6723,catherine.glover@example.com,89147,Referral,2025-03-03
2631,Christopher,Turner,,(725) 555-4287,christopher.turner@example.com,89139,Google Search,2025-03-03
2632,Andre,Wong,,(702) 555-0420,andre.wong@example.com,89148,Google Search,2025-03-03
2633,Christine,Miller,,(702) 555-2123,christine.miller@example.com,89183,Referral,2025-03-03
2634,Heather,Patel,,(702) 555-6214,heather.patel@example.com,89139,Google Search,2025-03-04
2635,Ann,Leon,,(702) 555-9626,ann.leon@example.com,89145,Referral,2025-03-04
2636,Frank,Howell,,(702) 555-8851,frank.howell@example.com,89102,Google Search,2025-03-04
2637,Roy,Valdez,,(725) 555-1411,roy.valdez@example.com,89118,Referral,2025-03-04
2638,Jerry,Reyes,,(702) 555-8462,jerry.reyes@example.com,89147,Referral,2025-03-04
2639,Wayne,Oliver,Oliver Construction LLC,(702) 555-3590,wayne.oliver@example.net,89120,Fleet Account,2025-03-04
2640,Karen,Hart,,(702) 555-9380,karen.hart@example.com,89135,Google Search,2025-03-04
2641,Cynthia,Gray,,(702) 555-2050,cynthia.gray@example.com,89123,Google Search,2025-03-04
2642,Rosa,Stone,,(702) 555-5263,rosa.stone@example.com,89118,Yelp,2025-03-05
2643,Harold,Sanders,,(725) 555-4819,harold.sanders@example.com,89146,Google Search,2025-03-05
2644,Gerald,Brady,,(702) 555-1506,gerald.brady@example.com,89141,Yelp,2025-03-05
2645,Albert,Hunt,Hunt Mobile Detailing LLC,(702) 555-7481,albert.hunt@example.net,89113,Fleet Account,2025-03-05
2646,Bryan,Tran,,(725) 555-4236,bryan.tran@example.com,89032,Google Search,2025-03-05
2647,Grace,Chan,,(702) 555-4531,grace.chan@example.com,89179,Google Search,2025-03-05
2648,Hannah,Rogers,Rogers Landscaping LLC,(702) 555-2613,hannah.rogers@example.net,89147,Fleet Account,2025-03-05
2649,Richard,Wang,Wang Mobile Detailing LLC,(702) 555-6783,richard.wang@example.net,89139,Fleet Account,2025-03-05
2650,Rachel,Gutierrez,,(725) 555-2167,,89113,Yelp,2025-03-05
2651,Frances,Lane,,(702) 555-5723,frances.lane@example.com,89052,Walk-in,2025-03-06
2652,Lauren,Dixon,,(702) 555-6705,lauren.dixon@example.com,89031,Social Media,2025-03-06
2653,Nathan,Castaneda,,(725) 555-1688,,89012,Walk-in,2025-03-07
2654,Donald,Sandoval,,(702) 555-6789,donald.sandoval@example.com,89015,Referral,2025-03-07
2655,Justin,Campos,,,,89118,Google Search,2025-03-07
2656,Samantha,Nguyen,,(702) 555-0583,samantha.nguyen@example.com,89178,Google Search,2025-03-08
2657,Andres,Norman,,(702) 555-3698,andres.norman@example.com,89113,Referral,2025-03-08
2658,Ethan,Young,,(725) 555-3516,ethan.young@example.com,89138,Social Media,2025-03-08
2659,Laura,Alvarez,,(702) 555-0942,laura.alvarez2@example.com,89052,Referral,2025-03-09
2660,Emma,Ayala,,(702) 555-4668,emma.ayala@example.com,89113,Yelp,2025-03-09
2661,Eric,Schwartz,,(702) 555-6644,eric.schwartz@example.com,89147,Referral,2025-03-10
2662,Amy,Garrett,,(702) 555-4423,amy.garrett@example.com,89081,Referral,2025-03-10
2663,Thomas,Benson,,,thomas.benson@example.com,89144,Google Search,2025-03-10
2664,Albert,Peterson,,(702) 555-2253,albert.peterson@example.com,89118,Social Media,2025-03-11
2665,Amanda,Nichols,,(702) 555-2199,amanda.nichols@example.com,89113,Yelp,2025-03-11
2666,Daniel,Waters,,(702) 555-6437,,89183,Walk-in,2025-03-11
2667,Amber,Williamson,,(702) 555-2291,,89113,Social Media,2025-03-11
2668,Linda,Lawson,Lawson Construction LLC,(702) 555-3689,linda.lawson@example.net,89118,Fleet Account,2025-03-11
2669,Kwame,Walton,,(702) 555-9514,kwame.walton@example.com,89032,Google Search,2025-03-12
2670,Samantha,Chandler,,(702) 555-3612,samantha.chandler@example.com,89148,Google Search,2025-03-12
2671,Thomas,Guerra,,(702) 555-0861,thomas.guerra@example.com,89102,Walk-in,2025-03-12
2672,Roger,Burgess,,(725) 555-1013,,89014,Google Search,2025-03-12
2673,Justin,Sherman,,(702) 555-1585,justin.sherman@example.com,89108,Walk-in,2025-03-12
2674,Tiffany,Vasquez,Vasquez Courier Services LLC,(702) 555-8688,tiffany.vasquez@example.net,89103,Fleet Account,2025-03-12
2675,Emma,Gray,,(702) 555-1064,emma.gray@example.com,89139,Referral,2025-03-12
2676,Megan,Payne,,(702) 555-7611,,89123,Walk-in,2025-03-12
2677,Gary,Powers,,(702) 555-6198,,89108,Walk-in,2025-03-12
2678,Madison,Sutton,,(702) 555-6068,madison.sutton@example.com,89113,Referral,2025-03-12
2679,Larry,Dominguez,,(702) 555-9704,larry.dominguez@example.com,89147,Walk-in,2025-03-13
2680,Kwame,Coleman,,(725) 555-0770,kwame.coleman@example.com,89141,Google Search,2025-03-13
2681,Ricardo,Rosales,,(702) 555-9263,ricardo.rosales@example.com,89118,Yelp,2025-03-13
2682,Malik,Lambert,,(725) 555-1044,malik.lambert@example.com,89011,Referral,2025-03-13
2683,Nathan,Cohen,,(725) 555-9290,nathan.cohen@example.com,89179,Walk-in,2025-03-13
2684,Vincent,Benson,,(702) 555-5700,vincent.benson@example.com,89144,Google Search,2025-03-13
2685,Anjali,Wise,,(702) 555-4126,anjali.wise@example.com,89117,Yelp,2025-03-14
2686,Melissa,Morales,,(702) 555-1543,,89146,Yelp,2025-03-14
2687,Carl,Logan,,(702) 555-3705,carl.logan@example.com,89141,Yelp,2025-03-14
2688,Jeffrey,Fisher,,(702) 555-3543,jeffrey.fisher@example.com,89118,Google Search,2025-03-14
2689,Miguel,Caldwell,,(725) 555-9120,miguel.caldwell@example.com,89118,Referral,2025-03-14
2690,Christina,Lynch,,(725) 555-2631,,89113,Google Search,2025-03-15
2691,Carl,Phillips,,(702) 555-9016,carl.phillips@example.com,89113,Google Search,2025-03-15
2692,Kayla,Swanson,,(702) 555-9616,,89123,Google Search,2025-03-15
2693,Thomas,Mueller,Mueller Electric LLC,(725) 555-6113,thomas.mueller@example.net,89106,Fleet Account,2025-03-16
2694,Miguel,Black,,(725) 555-1748,miguel.black@example.com,89113,Social Media,2025-03-16
2695,Juan,Griffith,,(702) 555-9841,juan.griffith@example.com,89141,Referral,2025-03-17
2696,Danielle,Baker,Baker HVAC Services LLC,(702) 555-3567,danielle.baker@example.net,89148,Fleet Account,2025-03-18
2697,Alan,Barrett,,(702) 555-0072,,89123,Google Search,2025-03-18
2698,Lauren,Palmer,,,,89031,Google Search,2025-03-18
2699,Lauren,Chambers,,(725) 555-2638,,89031,Yelp,2025-03-18
2700,Raymond,Shelton,,(702) 555-3815,,89113,Yelp,2025-03-18
2701,Aaron,Kelly,,(702) 555-6410,aaron.kelly@example.com,89139,Google Search,2025-03-19
2702,Jonathan,Shelton,,(702) 555-0070,jonathan.shelton@example.com,89139,Referral,2025-03-19
2703,Eric,Wade,,(702) 555-3596,eric.wade@example.com,89128,Google Search,2025-03-19
2704,Patrick,Potter,,(702) 555-4823,patrick.potter@example.com,89110,Google Search,2025-03-19
2705,Gregory,Shelton,,(702) 555-5222,gregory.shelton@example.com,89113,Google Search,2025-03-19
2706,Justin,Holt,,(702) 555-8134,justin.holt@example.com,89142,Yelp,2025-03-19
2707,Ryan,Robinson,,(702) 555-1651,ryan.robinson@example.com,89113,Social Media,2025-03-19
2708,Dorothy,Hart,,(702) 555-2297,dorothy.hart@example.com,89113,Yelp,2025-03-19
2709,Richard,Harrington,,(702) 555-6686,richard.harrington@example.com,89148,Social Media,2025-03-19
2710,Jeffrey,Joseph,,(725) 555-2455,jeffrey.joseph@example.com,89149,Yelp,2025-03-19
2711,Rebecca,Payne,,(725) 555-7603,rebecca.payne@example.com,89123,Walk-in,2025-03-19
2712,Jeffrey,Shelton,,(702) 555-3457,,89108,Walk-in,2025-03-20
2713,Samantha,Harris,,(702) 555-2439,,89178,Walk-in,2025-03-20
2714,Marcus,Dawson,,(702) 555-1422,marcus.dawson@example.com,89108,Referral,2025-03-20
2715,Ronald,Valdez,,(702) 555-2029,ronald.valdez@example.com,89139,Referral,2025-03-20
2716,Mohammed,Rhodes,,(702) 555-8780,,89139,Google Search,2025-03-20
2717,Robert,Carpenter,,(702) 555-9283,robert.carpenter@example.com,89178,Social Media,2025-03-20
2718,Jennifer,Morris,,(702) 555-1614,jennifer.morris@example.com,89108,Walk-in,2025-03-21
2719,Nathan,Reynolds,,(725) 555-4203,,89183,Social Media,2025-03-21
2720,Kyle,Hampton,,(702) 555-0709,kyle.hampton@example.com,89074,Google Search,2025-03-21
2721,Shirley,Guerrero,,(702) 555-3346,shirley.guerrero@example.com,89002,Google Search,2025-03-21
2722,Peter,Lucas,,(725) 555-2263,peter.lucas@example.com,89183,Referral,2025-03-21
2723,Frances,Christensen,,(702) 555-3990,frances.christensen@example.com,89117,Referral,2025-03-21
2724,Amy,Miranda,,(702) 555-3883,amy.miranda@example.com,89117,Walk-in,2025-03-21
2725,Edward,Bradley,,(702) 555-0379,edward.bradley@example.com,89139,Yelp,2025-03-21
2726,Debra,Simon,,(702) 555-5903,debra.simon@example.com,89113,Social Media,2025-03-21
2727,Evelyn,Lambert,,(702) 555-7392,evelyn.lambert@example.com,89166,Google Search,2025-03-21
2728,Donald,Contreras,,(725) 555-6372,donald.contreras@example.com,89147,Yelp,2025-03-22
2729,Ann,Estrada,,(702) 555-9278,ann.estrada@example.com,89109,Referral,2025-03-22
2730,Dorothy,Rodriguez,,(725) 555-4681,dorothy.rodriguez2@example.com,89122,Google Search,2025-03-23
2731,Linh,Ferguson,,(725) 555-5733,linh.ferguson@example.com,89139,Referral,2025-03-23
2732,Emily,Cox,,,emily.cox@example.com,89141,Yelp,2025-03-24
2733,Carol,Hill,,(702) 555-4394,carol.hill@example.com,89103,Google Search,2025-03-24
2734,Jose,Gomez,,(702) 555-3890,jose.gomez@example.com,89117,Social Media,2025-03-24
2735,Harold,Griffith,,(725) 555-1029,harold.griffith@example.com,89012,Referral,2025-03-24
2736,Rosa,Martin,,(702) 555-0426,rosa.martin@example.com,89144,Google Search,2025-03-25
2737,Isabella,Gardner,,(702) 555-6765,isabella.gardner@example.com,89031,Walk-in,2025-03-25
2738,Kathryn,Khan,,(725) 555-6103,kathryn.khan@example.com,89144,Walk-in,2025-03-26
2739,Bradley,Avila,,(702) 555-7838,bradley.avila@example.com,89108,Yelp,2025-03-26
2740,Heather,Stone,,(702) 555-1270,heather.stone@example.com,89149,Referral,2025-03-26
2741,Leila,Turner,,(702) 555-3425,leila.turner@example.com,89104,Social Media,2025-03-26
2742,Mohammed,Hill,,(702) 555-7786,mohammed.hill@example.com,89178,Referral,2025-03-26
2743,George,Collins,,(725) 555-6966,george.collins@example.com,89135,Referral,2025-03-26
2744,William,Stanley,,(702) 555-6018,william.stanley@example.com,89148,Walk-in,2025-03-27
2745,Frances,Austin,,(702) 555-2389,frances.austin@example.com,89147,Social Media,2025-03-27
2746,David,Fisher,,(725) 555-9820,david.fisher@example.com,89139,Google Search,2025-03-27
2747,Jesse,Roman,,(702) 555-9298,jesse.roman@example.com,89118,Google Search,2025-03-27
2748,Diego,Rivas,,(702) 555-4995,,89183,Google Search,2025-03-27
2749,Evelyn,Horton,,(725) 555-5535,evelyn.horton@example.com,89134,Google Search,2025-03-27
2750,Russell,Robbins,,(702) 555-1646,russell.robbins@example.com,89147,Google Search,2025-03-27
2751,Diego,Hicks,Hicks Plumbing LLC,(725) 555-0058,diego.hicks@example.net,89179,Fleet Account,2025-03-27
2752,Heather,Collins,,(702) 555-6403,,89103,Yelp,2025-03-27
2753,Gloria,Salinas,,(725) 555-6710,gloria.salinas@example.com,89135,Social Media,2025-03-28
2754,Kayla,Cole,,(725) 555-8601,,89121,Referral,2025-03-28
2755,Zachary,Contreras,,(702) 555-9976,zachary.contreras@example.com,89117,Referral,2025-03-28
2756,Gregory,Taylor,,(702) 555-9680,,89109,Social Media,2025-03-28
2757,Denise,Wagner,Wagner HVAC Services LLC,(702) 555-0498,denise.wagner@example.net,89015,Fleet Account,2025-03-28
2758,Nicole,Watkins,,(702) 555-3003,nicole.watkins@example.com,89129,Social Media,2025-03-28
2759,Emily,Camacho,,(702) 555-5194,emily.camacho@example.com,89108,Referral,2025-03-29
2760,Ronald,Person,,(725) 555-1583,ronald.person@example.com,89147,Referral,2025-03-29
2761,Hiroshi,Scott,,(702) 555-5300,hiroshi.scott@example.com,89135,Google Search,2025-03-30
2762,Wayne,Wolfe,,,wayne.wolfe@example.com,89148,Google Search,2025-03-30
2763,Ana,Barber,,(702) 555-0397,ana.barber@example.com,89103,Google Search,2025-03-30
2764,Jason,Dean,,(725) 555-7880,jason.dean@example.com,89118,Referral,2025-03-31
2765,Angela,Miles,,(702) 555-7207,angela.miles@example.com,89014,Google Search,2025-03-31
2766,Emily,Cruz,,(702) 555-1756,emily.cruz@example.com,89108,Google Search,2025-03-31
2767,Gabriel,Vaughn,,(725) 555-8066,gabriel.vaughn@example.com,89113,Referral,2025-03-31
2768,Danielle,Alvarado,,(725) 555-5754,danielle.alvarado@example.com,89113,Google Search,2025-03-31
2769,Gregory,Brewer,,(702) 555-6259,gregory.brewer@example.com,89014,Google Search,2025-04-01
2770,Hiroshi,Gonzales,,(702) 555-3358,hiroshi.gonzales@example.com,89148,Walk-in,2025-04-01
2771,Lawrence,Leonard,,(702) 555-2357,lawrence.leonard@example.com,89147,Google Search,2025-04-01
2772,Emily,Jackson,,(702) 555-6411,emily.jackson@example.com,89117,Google Search,2025-04-01
2773,Miguel,Campbell,Campbell Courier Services LLC,(725) 555-6014,miguel.campbell@example.net,89139,Fleet Account,2025-04-01
2774,Jessica,Contreras,,(702) 555-6653,jessica.contreras@example.com,89118,Social Media,2025-04-01
2775,Keisha,Adkins,,(702) 555-4959,keisha.adkins@example.com,89103,Google Search,2025-04-01
2776,Kenneth,Estrada,,(725) 555-8229,kenneth.estrada@example.com,89147,Yelp,2025-04-02
2777,Stephanie,Austin,,(702) 555-1269,stephanie.austin@example.com,89120,Google Search,2025-04-02
2778,Keith,Mejia,,(725) 555-0830,keith.mejia@example.com,89121,Walk-in,2025-04-02
2779,George,Mullins,,(725) 555-1628,george.mullins@example.com,89148,Google Search,2025-04-03
2780,Nathan,Green,,(702) 555-6376,nathan.green@example.com,89115,Referral,2025-04-03
2781,Bobby,Howard,,(702) 555-7842,bobby.howard@example.com,89074,Google Search,2025-04-03
2782,Julia,Sharp,,(702) 555-0663,julia.sharp@example.com,89139,Referral,2025-04-03
2783,Thomas,Burke,,(702) 555-0246,thomas.burke@example.com,89183,Google Search,2025-04-04
2784,Denise,James,,(702) 555-1002,denise.james@example.com,89147,Google Search,2025-04-04
2785,Jerry,James,,(702) 555-1106,jerry.james@example.com,89117,Social Media,2025-04-04
2786,Danielle,Thornton,,(725) 555-6917,danielle.thornton@example.com,89102,Social Media,2025-04-05
2787,Douglas,Li,,(702) 555-3876,,89118,Referral,2025-04-06
2788,Ryan,Larson,,(702) 555-4746,ryan.larson@example.com,89148,Walk-in,2025-04-06
2789,Jesse,Cortez,,(725) 555-7035,jesse.cortez@example.com,89117,Google Search,2025-04-07
2790,Gerald,Ingram,,(702) 555-8509,gerald.ingram@example.com,89134,Referral,2025-04-08
2791,Stephen,Walsh,Walsh Construction LLC,(702) 555-3052,stephen.walsh@example.net,89113,Fleet Account,2025-04-08
2792,Valeria,Daniel,,(725) 555-8261,valeria.daniel@example.com,89032,Google Search,2025-04-08
2793,Jacob,Carlson,,(725) 555-9614,jacob.carlson@example.com,89113,Walk-in,2025-04-09
2794,Julia,Glover,,(702) 555-8440,julia.glover@example.com,89147,Yelp,2025-04-09
2795,Mason,Johnson,,(702) 555-1455,mason.johnson@example.com,89139,Referral,2025-04-09
2796,Rachel,Grant,,(702) 555-1493,rachel.grant@example.com,89178,Google Search,2025-04-09
2797,Nancy,Howell,,(702) 555-8719,nancy.howell@example.com,89139,Google Search,2025-04-09
2798,Andrew,Guerrero,,(702) 555-6753,andrew.guerrero@example.com,89146,Google Search,2025-04-09
2799,Gary,Burgess,,(702) 555-5356,gary.burgess@example.com,89117,Google Search,2025-04-09
2800,Michael,Franco,,(725) 555-3419,michael.franco@example.com,89119,Google Search,2025-04-09
2801,Lawrence,Holt,,(702) 555-9921,lawrence.holt@example.com,89113,Referral,2025-04-10
2802,Ronald,Baldwin,Baldwin Construction LLC,(702) 555-5424,ronald.baldwin@example.net,89166,Fleet Account,2025-04-10
2803,John,Cohen,,(702) 555-0672,john.cohen2@example.com,89141,Yelp,2025-04-10
2804,Wayne,Webb,,(702) 555-6018,wayne.webb@example.com,89109,Yelp,2025-04-10
2805,Denise,Fisher,Fisher Property Management LLC,(702) 555-2943,denise.fisher@example.net,89138,Fleet Account,2025-04-10
2806,Manuel,Reed,,(702) 555-3619,manuel.reed@example.com,89139,Yelp,2025-04-11
2807,Gloria,Hughes,,(702) 555-0985,gloria.hughes@example.com,89118,Walk-in,2025-04-11
2808,Danielle,Crawford,,(702) 555-9497,,89117,Walk-in,2025-04-11
2809,Omar,Cunningham,,(702) 555-3845,omar.cunningham@example.com,89121,Walk-in,2025-04-11
2810,Evelyn,Moran,,(725) 555-0937,evelyn.moran@example.com,89148,Walk-in,2025-04-11
2811,Anjali,Harris,,(702) 555-9423,anjali.harris@example.com,89178,Walk-in,2025-04-11
2812,Robert,Webb,,(702) 555-4412,robert.webb@example.com,89144,Yelp,2025-04-11
2813,Willie,Aguilar,Aguilar HVAC Services LLC,(702) 555-0310,willie.aguilar@example.net,89179,Fleet Account,2025-04-12
2814,Malik,Bowen,Bowen Construction LLC,(702) 555-9767,malik.bowen@example.net,89178,Fleet Account,2025-04-13
2815,Albert,May,,,albert.may@example.com,89149,Google Search,2025-04-13
2816,Ethan,Vargas,Vargas Pool Service LLC,(725) 555-8527,ethan.vargas@example.net,89108,Fleet Account,2025-04-13
2817,Jorge,Vega,,(702) 555-1526,jorge.vega@example.com,89102,Referral,2025-04-14
2818,Elena,Brady,,(725) 555-7612,elena.brady@example.com,89139,Walk-in,2025-04-14
2819,Valeria,Buchanan,,(702) 555-8195,valeria.buchanan@example.com,89178,Yelp,2025-04-14
2820,Mateo,Garcia,,(702) 555-0489,mateo.garcia@example.com,89178,Referral,2025-04-14
2821,Minh,Meyer,,(702) 555-5338,minh.meyer@example.com,89138,Google Search,2025-04-14
2822,Doris,Chapman,,(702) 555-5374,,89113,Social Media,2025-04-15
2823,Michelle,Brady,,(702) 555-8805,michelle.brady@example.com,89166,Google Search,2025-04-15
2824,Sharon,Ramsey,,(702) 555-3530,sharon.ramsey@example.com,89148,Walk-in,2025-04-15
2825,Brittany,Coleman,,(702) 555-8465,brittany.coleman@example.com,89123,Walk-in,2025-04-16
2826,Hiroshi,Warner,,(702) 555-9799,hiroshi.warner@example.com,89178,Social Media,2025-04-16
2827,Jeffrey,Hamilton,,(702) 555-1428,jeffrey.hamilton@example.com,89014,Yelp,2025-04-16
2828,Amy,Parks,,(725) 555-2372,amy.parks@example.com,89117,Walk-in,2025-04-16
2829,Dorothy,Aguirre,,(702) 555-9108,,89117,Walk-in,2025-04-16
2830,Christopher,Fox,,(702) 555-9317,christopher.fox@example.com,89123,Social Media,2025-04-16
2831,Bruce,McGee,,(702) 555-0629,bruce.mcgee@example.com,89118,Google Search,2025-04-16
2832,Melissa,McCoy,,(702) 555-8419,melissa.mccoy@example.com,89032,Google Search,2025-04-16
2833,Yuki,Christensen,,(702) 555-6285,yuki.christensen@example.com,89147,Google Search,2025-04-17
2834,Wayne,Mason,,(725) 555-1293,wayne.mason@example.com,89012,Walk-in,2025-04-17
2835,Lori,Khan,,(702) 555-7976,lori.khan@example.com,89147,Referral,2025-04-17
2836,Robert,Murray,,(702) 555-2833,robert.murray@example.com,89074,Referral,2025-04-17
2837,Natalie,Ryan,,(702) 555-7105,natalie.ryan@example.com,89134,Referral,2025-04-17
2838,Patricia,Little,,(702) 555-0687,patricia.little@example.com,89183,Google Search,2025-04-18
2839,Jason,Fuller,,(702) 555-5499,jason.fuller@example.com,89128,Yelp,2025-04-18
2840,Carl,Beck,,(702) 555-3156,carl.beck@example.com,89102,Yelp,2025-04-18
2841,Eric,Stephens,,(725) 555-2896,eric.stephens@example.com,89086,Google Search,2025-04-18
2842,Gloria,Perez,Perez Plumbing LLC,(725) 555-7260,gloria.perez@example.net,89118,Fleet Account,2025-04-18
2843,Brittany,Henderson,,(702) 555-7767,,89128,Walk-in,2025-04-19
2844,Jack,Armstrong,,(702) 555-4233,jack.armstrong@example.com,89148,Referral,2025-04-19
2845,Rachel,Powers,,(702) 555-3609,rachel.powers@example.com,89118,Google Search,2025-04-19
2846,Rosa,Murray,,(702) 555-7765,rosa.murray@example.com,89139,Referral,2025-04-19
2847,Amber,James,,(702) 555-3802,,89123,Google Search,2025-04-19
2848,Lisa,Gilbert,,(725) 555-9155,lisa.gilbert@example.com,89146,Referral,2025-04-19
2849,Peter,Adkins,,(702) 555-0469,peter.adkins@example.com,89108,Referral,2025-04-21
2850,Susan,Howard,,(702) 555-5076,susan.howard@example.com,89139,Google Search,2025-04-21
2851,Natalie,Ford,,(702) 555-4349,natalie.ford@example.com,89183,Google Search,2025-04-21
2852,Amber,Kelley,Kelley Construction LLC,(702) 555-2144,amber.kelley@example.net,89147,Fleet Account,2025-04-21
2853,Jerry,Gibbs,,(702) 555-5121,jerry.gibbs@example.com,89103,Yelp,2025-04-21
2854,Sandra,Liu,,(702) 555-5829,sandra.liu@example.com,89123,Google Search,2025-04-21
2855,Beverly,Quinn,,(702) 555-2763,beverly.quinn@example.com,89113,Google Search,2025-04-21
2856,Lisa,Carter,,(702) 555-4919,lisa.carter@example.com,89131,Walk-in,2025-04-22
2857,Terry,Cook,,(702) 555-4738,,89102,Google Search,2025-04-22
2858,Theresa,Williams,,(702) 555-7020,theresa.williams@example.com,89118,Google Search,2025-04-22
2859,Jacob,Marshall,,(702) 555-3610,,89104,Google Search,2025-04-22
2860,Ana,Navarro,,,ana.navarro@example.com,89144,Google Search,2025-04-22
2861,Jose,Cox,,(702) 555-2922,jose.cox@example.com,89012,Google Search,2025-04-22
2862,Julia,Barber,,(702) 555-1214,,89145,Social Media,2025-04-22
2863,Carlos,Orozco,,(702) 555-1781,carlos.orozco@example.com,89138,Walk-in,2025-04-22
2864,Christian,Gardner,,(725) 555-1580,christian.gardner@example.com,89102,Referral,2025-04-22
2865,Diane,Griffith,,(702) 555-5489,diane.griffith@example.com,89183,Referral,2025-04-23
2866,Noah,Ross,,(725) 555-8403,noah.ross@example.com,89130,Google Search,2025-04-23
2867,Kevin,Dominguez,,(725) 555-7498,kevin.dominguez@example.com,89148,Google Search,2025-04-23
2868,Dylan,Steele,,(702) 555-0417,dylan.steele@example.com,89183,Referral,2025-04-23
2869,Lauren,Patel,,(725) 555-7615,lauren.patel@example.com,89118,Social Media,2025-04-23
2870,Raymond,Stephens,,,raymond.stephens@example.com,89148,Google Search,2025-04-23
2871,Catherine,Ross,,(702) 555-9330,,89148,Referral,2025-04-23
2872,Austin,Stewart,,(725) 555-1779,austin.stewart@example.com,89146,Walk-in,2025-04-23
2873,Roger,Buchanan,,(725) 555-9972,roger.buchanan@example.com,89148,Google Search,2025-04-24
2874,Tyler,Flores,,(702) 555-6906,tyler.flores@example.com,89156,Referral,2025-04-24
2875,Gerald,Bauer,Bauer HVAC Services LLC,(725) 555-6490,gerald.bauer@example.net,89148,Fleet Account,2025-04-24
2876,Samuel,Caldwell,,(702) 555-9879,samuel.caldwell@example.com,89052,Google Search,2025-04-24
2877,Kayla,Wells,,,kayla.wells@example.com,89102,Referral,2025-04-24
2878,Brenda,Higgins,,(702) 555-5231,,89145,Walk-in,2025-04-25
2879,Roy,Colon,,(702) 555-3249,,89117,Yelp,2025-04-25
2880,Brian,Walsh,,(725) 555-3025,brian.walsh@example.com,89104,Google Search,2025-04-25
2881,Edward,Aguilar,,(702) 555-7796,edward.aguilar@example.com,89110,Referral,2025-04-25
2882,Emma,Martin,,(702) 555-0251,emma.martin@example.com,89147,Google Search,2025-04-25
2883,Nathan,Hernandez,,,nathan.hernandez@example.com,89014,Social Media,2025-04-27
2884,Rosa,Salazar,,(702) 555-3596,rosa.salazar@example.com,89123,Social Media,2025-04-27
2885,Martha,Figueroa,,(702) 555-6199,martha.figueroa@example.com,89145,Walk-in,2025-04-28
2886,Heather,Palmer,,(702) 555-9331,heather.palmer@example.com,89011,Walk-in,2025-04-28
2887,Mason,Hampton,,(702) 555-5164,mason.hampton@example.com,89146,Social Media,2025-04-28
2888,Jorge,Hunter,,(702) 555-5184,jorge.hunter@example.com,89139,Google Search,2025-04-28
2889,Joan,Gross,,(702) 555-0648,joan.gross@example.com,89123,Walk-in,2025-04-28
2890,Dorothy,Hammond,,(702) 555-0651,dorothy.hammond@example.com,89131,Walk-in,2025-04-29
2891,Jesse,Contreras,,(725) 555-7164,jesse.contreras@example.com,89178,Yelp,2025-04-29
2892,Betty,Fernandez,,(702) 555-4642,betty.fernandez@example.com,89141,Google Search,2025-04-30
2893,Brittany,Buchanan,,(702) 555-3336,brittany.buchanan@example.com,89138,Walk-in,2025-04-30
2894,Wayne,Watts,,(702) 555-0346,wayne.watts@example.com,89103,Walk-in,2025-04-30
2895,Kelly,Burton,,(702) 555-1147,kelly.burton@example.com,89131,Referral,2025-04-30
2896,Walter,Murphy,,(702) 555-4752,walter.murphy@example.com,89103,Google Search,2025-05-01
2897,Judith,Gomez,,(702) 555-0847,judith.gomez@example.com,89146,Walk-in,2025-05-01
2898,Patrick,Stone,,(702) 555-9635,patrick.stone@example.com,89134,Referral,2025-05-01
2899,Terry,Montoya,,(725) 555-5752,terry.montoya@example.com,89117,Walk-in,2025-05-01
2900,Beverly,Horton,,(702) 555-1776,beverly.horton@example.com,89148,Walk-in,2025-05-01
2901,Andrea,Le,,(702) 555-0764,andrea.le@example.com,89139,Google Search,2025-05-01
2902,Teresa,Wu,,(702) 555-3032,teresa.wu@example.com,89134,Google Search,2025-05-01
2903,Austin,McDaniel,McDaniel Construction LLC,(702) 555-2911,austin.mcdaniel@example.net,89106,Fleet Account,2025-05-01
2904,George,Carlson,,(702) 555-4266,george.carlson@example.com,89134,Yelp,2025-05-01
2905,Jean,Hardy,,(702) 555-2849,jean.hardy@example.com,89031,Google Search,2025-05-02
2906,Mei,Baldwin,,(725) 555-4517,mei.baldwin@example.com,89103,Walk-in,2025-05-02
2907,Hiroshi,Guerra,,(702) 555-2380,,89103,Walk-in,2025-05-02
2908,Maria,Fields,,(725) 555-9291,maria.fields@example.com,89123,Yelp,2025-05-02
2909,Betty,Rogers,,(702) 555-6419,,89148,Social Media,2025-05-02
2910,Justin,Matthews,,(702) 555-4572,justin.matthews@example.com,89104,Google Search,2025-05-02
2911,Wei,Holland,,(702) 555-4759,wei.holland@example.com,89135,Referral,2025-05-02
2912,Lauren,Lambert,,(702) 555-4579,,89139,Google Search,2025-05-03
2913,Thomas,Reid,,(725) 555-2050,thomas.reid@example.com,89118,Walk-in,2025-05-03
2914,Raymond,Perez,,(702) 555-9332,raymond.perez@example.com,89113,Yelp,2025-05-03
2915,Amy,Castro,,(702) 555-5706,amy.castro@example.com,89142,Yelp,2025-05-03
2916,Ann,Becker,,(725) 555-4211,ann.becker@example.com,89141,Google Search,2025-05-03
2917,Kyle,Lin,Lin HVAC Services LLC,(702) 555-1764,kyle.lin@example.net,89147,Fleet Account,2025-05-03
2918,Zachary,Dennis,,(702) 555-7590,zachary.dennis@example.com,89002,Referral,2025-05-03
2919,Bryan,Lambert,,(702) 555-4486,bryan.lambert@example.com,89134,Walk-in,2025-05-04
2920,Mateo,Padilla,,(702) 555-1685,mateo.padilla@example.com,89102,Referral,2025-05-04
2921,Lisa,Fisher,,(725) 555-3068,lisa.fisher@example.com,89149,Yelp,2025-05-04
2922,Judy,Fuller,,(725) 555-0027,judy.fuller@example.com,89117,Google Search,2025-05-05
2923,Jesse,Schneider,,(702) 555-5806,jesse.schneider@example.com,89123,Google Search,2025-05-05
2924,Heather,Wells,,(702) 555-6218,heather.wells@example.com,89108,Referral,2025-05-05
2925,James,Malone,,(725) 555-3828,james.malone@example.com,89139,Social Media,2025-05-05
2926,Judy,Perry,,(702) 555-2193,judy.perry@example.com,89118,Social Media,2025-05-06
2927,Richard,McGee,,(725) 555-5054,richard.mcgee@example.com,89183,Social Media,2025-05-06
2928,Jordan,Griffin,,(725) 555-1825,jordan.griffin@example.com,89102,Referral,2025-05-06
2929,Amber,Calderon,,(702) 555-2424,amber.calderon@example.com,89014,Social Media,2025-05-07
2930,Jasmine,Reid,Reid Pest Control LLC,(725) 555-6980,jasmine.reid@example.net,89113,Fleet Account,2025-05-07
2931,Arjun,Christensen,Christensen Electric LLC,(725) 555-4171,arjun.christensen@example.net,89121,Fleet Account,2025-05-07
2932,Miguel,Franco,,(702) 555-1710,,89166,Referral,2025-05-07
2933,Julie,Soto,,(702) 555-1720,julie.soto@example.com,89178,Yelp,2025-05-08
2934,Nicole,Sandoval,,(702) 555-0822,,89179,Google Search,2025-05-08
2935,Rachel,Lewis,,(702) 555-5176,rachel.lewis@example.com,89149,Yelp,2025-05-08
2936,Aisha,Chan,,(702) 555-3400,aisha.chan@example.com,89128,Yelp,2025-05-08
2937,Alice,Casey,,(702) 555-0792,alice.casey@example.com,89147,Yelp,2025-05-08
2938,Amanda,Soto,,(702) 555-2548,amanda.soto@example.com,89147,Yelp,2025-05-08
2939,Mary,Stevens,,(702) 555-5237,mary.stevens@example.com,89135,Yelp,2025-05-08
2940,Eric,Morrison,,(725) 555-0222,eric.morrison@example.com,89109,Google Search,2025-05-08
2941,Linda,Stewart,,(702) 555-0744,linda.stewart2@example.com,89106,Walk-in,2025-05-09
2942,Diane,Jackson,,(702) 555-9537,,89148,Yelp,2025-05-09
2943,Robert,Jennings,,(725) 555-2784,robert.jennings@example.com,89113,Yelp,2025-05-09
2944,Amara,McCoy,,(702) 555-7916,amara.mccoy@example.com,89118,Google Search,2025-05-10
2945,Zachary,Garcia,,(725) 555-2224,zachary.garcia@example.com,89118,Google Search,2025-05-10
2946,Debra,Lopez,,(702) 555-0131,,89148,Referral,2025-05-10
2947,Keith,Bauer,,(702) 555-6213,keith.bauer@example.com,89113,Google Search,2025-05-10
2948,Frances,McDaniel,,(725) 555-5021,frances.mcdaniel@example.com,89103,Referral,2025-05-10
2949,Gabriel,Frank,,(725) 555-5673,gabriel.frank@example.com,89139,Google Search,2025-05-11
2950,Amber,Wade,,(702) 555-6491,amber.wade@example.com,89119,Google Search,2025-05-11
2951,Mei,Maxwell,,(702) 555-2513,mei.maxwell@example.com,89121,Yelp,2025-05-11
2952,Amanda,Tyler,,(702) 555-0791,amanda.tyler@example.com,89117,Walk-in,2025-05-12
2953,Shirley,Gutierrez,,(725) 555-8090,shirley.gutierrez@example.com,89139,Referral,2025-05-12
2954,Frances,Miles,,(702) 555-6894,frances.miles@example.com,89113,Social Media,2025-05-12
2955,John,Chavez,,(702) 555-6603,,89103,Referral,2025-05-12
2956,Harold,Wu,,(702) 555-9901,harold.wu@example.com,89147,Walk-in,2025-05-12
2957,Ethan,Ramirez,,(702) 555-2404,ethan.ramirez@example.com,89123,Walk-in,2025-05-12
2958,Nicholas,Harvey,,(702) 555-6542,nicholas.harvey@example.com,89118,Referral,2025-05-12
2959,Tamika,Haynes,,(725) 555-5907,tamika.haynes@example.com,89123,Walk-in,2025-05-12
2960,Willie,Newton,,(702) 555-8137,willie.newton@example.com,89032,Walk-in,2025-05-12
2961,Samantha,Weaver,,(702) 555-7439,samantha.weaver@example.com,89110,Google Search,2025-05-13
2962,Jesse,Anderson,,(725) 555-1103,jesse.anderson@example.com,89012,Google Search,2025-05-13
2963,Liam,Frazier,,(702) 555-4224,liam.frazier@example.com,89120,Referral,2025-05-13
2964,Alice,Newton,,(725) 555-9487,,89119,Google Search,2025-05-13
2965,Camila,Terry,,(702) 555-1452,camila.terry@example.com,89015,Google Search,2025-05-13
2966,Lawrence,Sherman,,(702) 555-3190,lawrence.sherman@example.com,89012,Google Search,2025-05-13
2967,Edward,Robles,,(702) 555-1159,edward.robles@example.com,89113,Walk-in,2025-05-14
2968,Kathleen,Thornton,,(702) 555-5440,kathleen.thornton@example.com,89183,Referral,2025-05-14
2969,Madison,Cunningham,,(702) 555-1845,,89118,Walk-in,2025-05-14
2970,Michael,Cross,,(702) 555-7420,,89147,Referral,2025-05-14
2971,Priya,Herrera,,(702) 555-4002,priya.herrera@example.com,89129,Referral,2025-05-14
2972,Gregory,Tyler,,(702) 555-3537,,89113,Social Media,2025-05-14
2973,Nancy,Medina,,(702) 555-9540,nancy.medina@example.com,89135,Google Search,2025-05-14
2974,Rosa,French,,(702) 555-8767,,89141,Referral,2025-05-14
2975,Nathan,Adams,Adams Mobile Detailing LLC,(702) 555-0143,nathan.adams@example.net,89120,Fleet Account,2025-05-14
2976,Lisa,Owens,,(702) 555-7088,lisa.owens@example.com,89145,Google Search,2025-05-15
2977,Brittany,Ochoa,,(725) 555-9919,brittany.ochoa@example.com,89012,Yelp,2025-05-15
2978,Cheryl,Burke,,(702) 555-5466,cheryl.burke@example.com,89138,Walk-in,2025-05-15
2979,Larry,Holmes,,(702) 555-5868,larry.holmes@example.com,89141,Google Search,2025-05-15
2980,Stephanie,Oliver,,(702) 555-4142,stephanie.oliver@example.com,89074,Social Media,2025-05-15
2981,Ashley,Le,,(702) 555-1241,ashley.le@example.com,89014,Walk-in,2025-05-15
2982,Abigail,Salinas,,(702) 555-6314,abigail.salinas@example.com,89084,Google Search,2025-05-15
2983,Aaron,Woods,,(702) 555-4647,aaron.woods@example.com,89131,Google Search,2025-05-16
2984,Terry,Richards,,(702) 555-4839,terry.richards@example.com,89118,Social Media,2025-05-16
2985,Jessica,Bauer,,(702) 555-1105,jessica.bauer@example.com,89110,Yelp,2025-05-16
2986,Brian,Osborne,,(702) 555-1606,brian.osborne@example.com,89103,Referral,2025-05-16
2987,Jerry,Weber,,(702) 555-3309,,89103,Google Search,2025-05-17
2988,Christina,Porter,,(702) 555-3480,christina.porter@example.com,89149,Social Media,2025-05-17
2989,Sophia,Ford,,(702) 555-3842,sophia.ford@example.com,89145,Referral,2025-05-18
2990,Brenda,Reed,,(725) 555-6487,brenda.reed@example.com,89117,Google Search,2025-05-18
2991,Rahul,Wu,,(702) 555-7591,rahul.wu@example.com,89139,Google Search,2025-05-19
2992,Ryan,Williams,,(725) 555-1166,ryan.williams@example.com,89120,Social Media,2025-05-19
2993,Richard,Newman,,(725) 555-3988,richard.newman@example.com,89031,Referral,2025-05-19
2994,Grace,Campos,,(702) 555-0785,grace.campos@example.com,89120,Referral,2025-05-19
2995,Emma,Deleon,,(702) 555-2559,emma.deleon@example.com,89101,Google Search,2025-05-20
2996,Walter,Marquez,,(702) 555-9527,,89032,Google Search,2025-05-20
2997,Dorothy,Goodwin,Goodwin Pest Control LLC,(702) 555-0478,dorothy.goodwin@example.net,89129,Fleet Account,2025-05-20
2998,Brittany,Baldwin,,(702) 555-3981,brittany.baldwin@example.com,89012,Referral,2025-05-20
2999,Omar,Rivera,,(702) 555-1863,omar.rivera@example.com,89118,Walk-in,2025-05-20
3000,Ann,Paul,,(702) 555-1607,ann.paul@example.com,89113,Google Search,2025-05-21
3001,Natalie,Rosales,,(725) 555-3930,natalie.rosales@example.com,89141,Referral,2025-05-21
3002,Gregory,Delacruz,,,,89134,Social Media,2025-05-21
3003,Liam,Scott,,(725) 555-1163,liam.scott@example.com,89139,Social Media,2025-05-21
3004,Kenneth,Hill,,(702) 555-8123,kenneth.hill@example.com,89128,Walk-in,2025-05-21
3005,Gabriel,Rios,,(725) 555-6127,gabriel.rios@example.com,89142,Yelp,2025-05-21
3006,Jeffrey,Fowler,,(725) 555-8573,jeffrey.fowler@example.com,89113,Social Media,2025-05-22
3007,Carlos,Brady,,(702) 555-5379,carlos.brady@example.com,89108,Yelp,2025-05-22
3008,Barbara,Herrera,,(702) 555-3744,barbara.herrera@example.com,89147,Google Search,2025-05-22
3009,Walter,Williams,,,walter.williams@example.com,89134,Referral,2025-05-22
3010,Michael,Tate,,,,89147,Google Search,2025-05-23
3011,Sofia,Mills,,(702) 555-6349,sofia.mills@example.com,89148,Walk-in,2025-05-23
3012,Sandra,Graham,,(702) 555-1060,sandra.graham@example.com,89139,Google Search,2025-05-23
3013,Elena,Day,,(725) 555-9149,elena.day@example.com,89141,Google Search,2025-05-24
3014,Rahul,Powell,,(702) 555-9878,,89012,Referral,2025-05-24
3015,Miguel,Weber,,(702) 555-6605,,89123,Yelp,2025-05-24
3016,Adam,Hart,,(702) 555-7017,adam.hart@example.com,89148,Google Search,2025-05-24
3017,Brian,Lucas,,(725) 555-9596,brian.lucas@example.com,89110,Referral,2025-05-24
3018,Eric,McDonald,,(702) 555-8713,eric.mcdonald@example.com,89129,Walk-in,2025-05-25
3019,Debra,Juarez,,(702) 555-6225,debra.juarez@example.com,89120,Walk-in,2025-05-25
3020,Jennifer,Manning,,(725) 555-0629,jennifer.manning@example.com,89113,Referral,2025-05-25
3021,Peter,Montgomery,,(702) 555-1477,,89117,Google Search,2025-05-26
3022,Christina,Foster,,(702) 555-9499,christina.foster@example.com,89120,Google Search,2025-05-27
3023,Joshua,Hampton,,(702) 555-2503,joshua.hampton@example.com,89102,Referral,2025-05-27
3024,Cynthia,Sanchez,,(702) 555-3993,,89118,Walk-in,2025-05-27
3025,Kathleen,Johnson,,(702) 555-7120,kathleen.johnson@example.com,89118,Referral,2025-05-27
3026,Logan,Mendoza,Mendoza HVAC Services LLC,(702) 555-3087,logan.mendoza@example.net,89113,Fleet Account,2025-05-27
3027,Teresa,Gregory,,(725) 555-4758,teresa.gregory@example.com,89120,Google Search,2025-05-27
3028,Kwame,Kelley,,,kwame.kelley@example.com,89118,Yelp,2025-05-28
3029,Aisha,Haynes,,(725) 555-5753,aisha.haynes@example.com,89147,Referral,2025-05-28
3030,Elizabeth,Rowe,,(725) 555-0456,elizabeth.rowe@example.com,89012,Yelp,2025-05-29
3031,Keith,Miles,,(702) 555-5793,keith.miles@example.com,89144,Walk-in,2025-05-29
3032,Karen,Thomas,,(702) 555-0669,karen.thomas2@example.com,89148,Yelp,2025-05-30
3033,Tyler,Moss,,(702) 555-6754,tyler.moss@example.com,89139,Social Media,2025-05-30
3034,Roy,Kramer,,(702) 555-9926,roy.kramer@example.com,89129,Walk-in,2025-05-30
3035,Debra,Bennett,,(725) 555-3218,debra.bennett@example.com,89106,Yelp,2025-05-30
3036,Julie,Walters,,(702) 555-3950,julie.walters@example.com,89113,Referral,2025-05-30
3037,Ryan,Walters,,(702) 555-1092,ryan.walters@example.com,89179,Google Search,2025-05-31
3038,Wayne,Dennis,,(725) 555-1174,wayne.dennis@example.com,89183,Social Media,2025-05-31
3039,Hiroshi,Fisher,,(702) 555-6305,hiroshi.fisher@example.com,89121,Referral,2025-05-31
3040,Gloria,Hernandez,,(702) 555-8336,,89121,Walk-in,2025-05-31
3041,Amanda,Hale,,(702) 555-4475,amanda.hale@example.com,89117,Walk-in,2025-05-31
3042,Priya,Chan,,(702) 555-3368,,89141,Referral,2025-06-01
3043,Christopher,Spencer,,(702) 555-8204,,89146,Yelp,2025-06-01
3044,Adam,Henry,,(702) 555-2229,adam.henry@example.com,89179,Yelp,2025-06-02
3045,Theresa,Griffin,,(725) 555-8190,theresa.griffin@example.com,89141,Referral,2025-06-02
3046,Doris,Hawkins,,(702) 555-3230,doris.hawkins@example.com,89139,Google Search,2025-06-02
3047,Nicole,Page,,(702) 555-7770,nicole.page@example.com,89148,Google Search,2025-06-02
3048,Jean,Colon,Colon Courier Services LLC,(702) 555-5561,jean.colon@example.net,89014,Fleet Account,2025-06-02
3049,Donna,Colon,Colon Construction LLC,(702) 555-3879,donna.colon@example.net,89109,Fleet Account,2025-06-03
3050,Jose,Ferguson,,(702) 555-1804,jose.ferguson@example.com,89141,Walk-in,2025-06-03
3051,Hiroshi,White,,(702) 555-8047,hiroshi.white@example.com,89102,Walk-in,2025-06-03
3052,Teresa,Barnes,,(702) 555-9682,teresa.barnes@example.com,89148,Referral,2025-06-03
3053,Frank,Jordan,,(702) 555-5688,frank.jordan@example.com,89074,Referral,2025-06-03
3054,Abigail,Gardner,,(702) 555-3253,abigail.gardner2@example.com,89141,Google Search,2025-06-03
3055,Keith,Jimenez,,(702) 555-2556,keith.jimenez@example.com,89123,Walk-in,2025-06-03
3056,Larry,Moore,,(725) 555-9104,larry.moore@example.com,89123,Google Search,2025-06-03
3057,Edward,Curtis,,(702) 555-2468,edward.curtis@example.com,89106,Google Search,2025-06-03
3058,Nicole,Maxwell,,(702) 555-1272,nicole.maxwell@example.com,89113,Yelp,2025-06-03
3059,Alexander,Ferguson,,(702) 555-4366,alexander.ferguson@example.com,89109,Google Search,2025-06-03
3060,Miguel,Morales,,(702) 555-6663,miguel.morales@example.com,89123,Google Search,2025-06-03
3061,Anjali,Burton,,(702) 555-2899,anjali.burton@example.com,89106,Walk-in,2025-06-03
3062,Judy,Kelley,,(702) 555-6131,judy.kelley@example.com,89119,Referral,2025-06-03
3063,Gregory,Morgan,,(702) 555-1298,,89147,Referral,2025-06-03
3064,Gregory,Richardson,,(702) 555-2339,gregory.richardson@example.com,89110,Social Media,2025-06-04
3065,Sara,Figueroa,,(702) 555-1294,sara.figueroa@example.com,89148,Walk-in,2025-06-04
3066,Andrew,Rodriguez,,(702) 555-0811,andrew.rodriguez@example.com,89138,Walk-in,2025-06-04
3067,Cynthia,Castro,,(725) 555-6268,cynthia.castro@example.com,89149,Google Search,2025-06-04
3068,Manuel,Love,,(725) 555-4996,manuel.love@example.com,89148,Walk-in,2025-06-04
3069,Ruth,Bell,,(702) 555-3521,ruth.bell@example.com,89141,Google Search,2025-06-04
3070,Gabriel,Guzman,,(702) 555-5374,gabriel.guzman@example.com,89109,Google Search,2025-06-04
3071,Michelle,Webster,,(702) 555-6242,,89103,Walk-in,2025-06-05
3072,Luis,Malone,,(702) 555-9172,luis.malone@example.com,89120,Google Search,2025-06-05
3073,Helen,Hamilton,,(702) 555-0371,helen.hamilton@example.com,89144,Referral,2025-06-05
3074,Rahul,Townsend,Townsend Mobile Detailing LLC,(702) 555-3977,rahul.townsend@example.net,89014,Fleet Account,2025-06-05
3075,Alan,Molina,,(725) 555-8378,alan.molina@example.com,89081,Referral,2025-06-05
3076,Mateo,Bishop,,(702) 555-6462,mateo.bishop2@example.com,89141,Referral,2025-06-05
3077,Olivia,Griffin,,(725) 555-1666,olivia.griffin@example.com,89148,Referral,2025-06-05
3078,Fatima,Garcia,,(702) 555-6064,,89118,Google Search,2025-06-05
3079,Carl,Sutton,,(725) 555-1914,carl.sutton@example.com,89015,Referral,2025-06-06
3080,Christina,Gray,,(702) 555-6443,christina.gray@example.com,89147,Google Search,2025-06-06
3081,Kwame,Riley,Riley Property Management LLC,(702) 555-6098,kwame.riley@example.net,89103,Fleet Account,2025-06-06
3082,Mateo,Morris,Morris Landscaping LLC,(702) 555-4442,mateo.morris@example.net,89148,Fleet Account,2025-06-06
3083,Teresa,Bell,,(702) 555-7901,teresa.bell@example.com,89119,Google Search,2025-06-07
3084,Mei,Dominguez,Dominguez Courier Services LLC,(702) 555-2076,mei.dominguez@example.net,89147,Fleet Account,2025-06-07
3085,Benjamin,Mack,,(702) 555-6412,benjamin.mack@example.com,89148,Referral,2025-06-07
3086,Malik,Barnes,,(702) 555-8257,malik.barnes@example.com,89129,Google Search,2025-06-08
3087,Beverly,Rodriguez,,(702) 555-5489,,89131,Social Media,2025-06-08
3088,Amber,Floyd,Floyd Pest Control LLC,(702) 555-5661,amber.floyd@example.net,89139,Fleet Account,2025-06-08
3089,Denise,Banks,,(702) 555-5736,denise.banks@example.com,89183,Google Search,2025-06-08
3090,Melissa,Crawford,,(702) 555-8420,melissa.crawford@example.com,89118,Yelp,2025-06-08
3091,Jessica,Lane,,(702) 555-1543,jessica.lane@example.com,89178,Google Search,2025-06-08
3092,Andrea,Simon,,(702) 555-3941,,89012,Yelp,2025-06-08
3093,Christine,Knight,,(702) 555-1948,christine.knight@example.com,89118,Yelp,2025-06-09
3094,Amber,Wright,,(702) 555-4861,amber.wright@example.com,89113,Google Search,2025-06-09
3095,Judith,Sherman,,(702) 555-9979,judith.sherman@example.com,89148,Walk-in,2025-06-09
3096,Rachel,Cummings,,(725) 555-2750,rachel.cummings@example.com,89032,Social Media,2025-06-09
3097,Doris,Carpenter,,,doris.carpenter@example.com,89141,Google Search,2025-06-09
3098,Cynthia,Vargas,,(702) 555-8032,cynthia.vargas@example.com,89107,Referral,2025-06-09
3099,Nancy,Nguyen,,(702) 555-0582,nancy.nguyen@example.com,89141,Referral,2025-06-09
3100,Angela,Lewis,,(702) 555-1948,,89135,Google Search,2025-06-09
3101,Minh,Robles,,(702) 555-9162,minh.robles@example.com,89115,Yelp,2025-06-10
3102,Manuel,Alexander,,(702) 555-3664,manuel.alexander@example.com,89147,Referral,2025-06-10
3103,Aaron,Reynolds,,(702) 555-5696,aaron.reynolds@example.com,89117,Social Media,2025-06-10
3104,Tamika,Terry,,(702) 555-6402,,89144,Yelp,2025-06-10
3105,Lucas,Delacruz,,(702) 555-3221,,89014,Referral,2025-06-10
3106,Lucia,Fox,,(702) 555-7491,lucia.fox@example.com,89031,Google Search,2025-06-10
3107,Alice,Walters,,(702) 555-4329,alice.walters@example.com,89119,Social Media,2025-06-11
3108,Frank,Weber,,(702) 555-8746,frank.weber@example.com,89014,Google Search,2025-06-11
3109,Wei,Strickland,,(702) 555-2253,,89074,Referral,2025-06-11
3110,Pamela,Duran,,(702) 555-1209,pamela.duran@example.com,89147,Google Search,2025-06-11
3111,Elizabeth,Sharp,,,elizabeth.sharp@example.com,89123,Social Media,2025-06-11
3112,Roger,Marshall,,(702) 555-5885,roger.marshall@example.com,89015,Google Search,2025-06-12
3113,Jennifer,Bowen,,(702) 555-5395,jennifer.bowen@example.com,89117,Walk-in,2025-06-12
3114,Joseph,Kelly,,(725) 555-3203,joseph.kelly@example.com,89178,Referral,2025-06-12
3115,Jorge,Ayala,,(725) 555-2871,jorge.ayala@example.com,89107,Social Media,2025-06-12
3116,Madison,Harper,,(702) 555-9933,madison.harper@example.com,89139,Google Search,2025-06-12
3117,Joshua,Foster,,(702) 555-3675,,89002,Google Search,2025-06-12
3118,Valeria,Duran,Duran Pest Control LLC,(702) 555-5783,valeria.duran@example.net,89107,Fleet Account,2025-06-12
3119,Mary,Rios,Rios HVAC Services LLC,(702) 555-5277,mary.rios@example.net,89130,Fleet Account,2025-06-12
3120,Willie,Roberts,,(702) 555-6670,willie.roberts@example.com,89103,Referral,2025-06-12
3121,Ethan,Martin,,(702) 555-3075,ethan.martin@example.com,89139,Google Search,2025-06-12
3122,Shirley,Harrington,,(702) 555-5667,shirley.harrington@example.com,89108,Walk-in,2025-06-13
3123,Austin,Howard,,(702) 555-5356,austin.howard@example.com,89031,Google Search,2025-06-13
3124,Lori,Holt,,(702) 555-9483,lori.holt@example.com,89166,Yelp,2025-06-13
3125,Camila,Gutierrez,,(702) 555-7160,camila.gutierrez@example.com,89138,Referral,2025-06-13
3126,Valeria,Garcia,,(702) 555-8326,valeria.garcia@example.com,89113,Google Search,2025-06-13
3127,Eric,Cox,,(702) 555-8129,eric.cox@example.com,89142,Social Media,2025-06-13
3128,John,Fisher,,(702) 555-4400,john.fisher@example.com,89103,Google Search,2025-06-13
3129,Marilyn,Myers,,(702) 555-3210,,89128,Referral,2025-06-13
3130,Jose,Stewart,,(702) 555-5438,jose.stewart@example.com,89178,Referral,2025-06-13
3131,Hiroshi,Thornton,,(702) 555-8312,hiroshi.thornton@example.com,89119,Google Search,2025-06-14
3132,Grace,Walker,,(702) 555-9339,grace.walker@example.com,89128,Walk-in,2025-06-14
3133,Kwame,Blair,,(702) 555-5850,kwame.blair@example.com,89113,Google Search,2025-06-14
3134,Diana,Andrews,,(702) 555-8871,diana.andrews@example.com,89134,Referral,2025-06-14
3135,Patrick,Peterson,Peterson Plumbing LLC,(702) 555-0425,patrick.peterson@example.net,89102,Fleet Account,2025-06-14
3136,Jessica,Holt,Holt Courier Services LLC,(702) 555-3367,jessica.holt@example.net,89123,Fleet Account,2025-06-14
3137,Tiffany,Shaw,,(702) 555-2658,,89148,Referral,2025-06-14
3138,Virginia,Chen,,(702) 555-5849,virginia.chen@example.com,89052,Google Search,2025-06-15
3139,Patricia,Pearson,Pearson Electric LLC,(702) 555-7853,patricia.pearson@example.net,89052,Fleet Account,2025-06-15
3140,Mateo,Ortega,,(702) 555-6912,mateo.ortega@example.com,89129,Yelp,2025-06-15
3141,Justin,Miranda,,(702) 555-8606,justin.miranda@example.com,89183,Google Search,2025-06-16
3142,Thomas,Wolf,,(702) 555-9125,thomas.wolf@example.com,89141,Social Media,2025-06-16
3143,Bryan,Terry,,(702) 555-3274,bryan.terry@example.com,89148,Google Search,2025-06-16
3144,Cheryl,Schroeder,,(702) 555-2550,cheryl.schroeder@example.com,89148,Referral,2025-06-16
3145,Angela,Graves,,(702) 555-0707,angela.graves@example.com,89147,Social Media,2025-06-16
3146,Jean,Sanchez,,(725) 555-7846,jean.sanchez@example.com,89144,Google Search,2025-06-16
3147,Terry,Dean,,(702) 555-0389,terry.dean@example.com,89011,Walk-in,2025-06-17
3148,Noah,Ferguson,,(702) 555-0104,noah.ferguson@example.com,89131,Google Search,2025-06-17
3149,Alice,Cole,,(702) 555-4793,,89108,Walk-in,2025-06-17
3150,Hiroshi,Bailey,,(725) 555-1747,hiroshi.bailey@example.com,89146,Yelp,2025-06-17
3151,Tiffany,Daniel,,(702) 555-8854,tiffany.daniel@example.com,89146,Walk-in,2025-06-17
3152,Justin,Cummings,,(702) 555-3869,,89128,Yelp,2025-06-18
3153,Jesse,Harvey,,(725) 555-1570,jesse.harvey@example.com,89109,Google Search,2025-06-18
3154,Anthony,Jennings,,(725) 555-1971,anthony.jennings@example.com,89123,Google Search,2025-06-18
3155,Dylan,Becker,,(702) 555-1114,,89148,Walk-in,2025-06-18
3156,Gabriela,Burns,,(725) 555-4487,gabriela.burns@example.com,89118,Yelp,2025-06-19
3157,Marcus,Hernandez,,(702) 555-3217,marcus.hernandez@example.com,89113,Social Media,2025-06-19
3158,Bradley,Fitzgerald,,(702) 555-3125,bradley.fitzgerald@example.com,89108,Google Search,2025-06-19
3159,Hiroshi,Stevens,,(702) 555-1652,hiroshi.stevens@example.com,89146,Referral,2025-06-19
3160,Robert,Rhodes,,,robert.rhodes@example.com,89118,Referral,2025-06-19
3161,Julie,Williams,,(702) 555-9509,julie.williams@example.com,89052,Social Media,2025-06-19
3162,Caleb,Howard,,(702) 555-1042,caleb.howard@example.com,89103,Yelp,2025-06-19
3163,Jorge,Jensen,,(702) 555-0538,jorge.jensen@example.com,89122,Yelp,2025-06-19
3164,Samuel,Mack,,(702) 555-4471,samuel.mack@example.com,89123,Walk-in,2025-06-19
3165,Evelyn,Simpson,,(702) 555-8634,evelyn.simpson@example.com,89139,Social Media,2025-06-19
3166,Deborah,Osborne,,(702) 555-0758,deborah.osborne@example.com,89102,Google Search,2025-06-20
3167,Marilyn,Ortiz,,(702) 555-4327,marilyn.ortiz@example.com,89052,Walk-in,2025-06-20
3168,Paul,Watkins,,(702) 555-7917,paul.watkins@example.com,89147,Google Search,2025-06-20
3169,Heather,Rojas,Rojas Property Management LLC,(702) 555-9018,heather.rojas@example.net,89108,Fleet Account,2025-06-20
3170,Christian,McBride,,(725) 555-9309,,89149,Yelp,2025-06-20
3171,James,Morris,,(702) 555-3732,james.morris@example.com,89118,Social Media,2025-06-20
3172,Lauren,Boyd,,(702) 555-4515,lauren.boyd@example.com,89102,Referral,2025-06-21
3173,Juan,Quinn,,(725) 555-3478,juan.quinn@example.com,89117,Google Search,2025-06-22
3174,Jesse,Rose,,,jesse.rose@example.com,89120,Google Search,2025-06-22
3175,Jasmine,Garza,,(725) 555-1989,jasmine.garza@example.com,89178,Referral,2025-06-22
3176,Madison,Coleman,,(702) 555-1899,madison.coleman@example.com,89149,Referral,2025-06-22
3177,Noah,Stone,,(702) 555-0459,noah.stone@example.com,89183,Google Search,2025-06-22
3178,Miguel,Lopez,,(702) 555-7868,miguel.lopez@example.com,89120,Yelp,2025-06-22
3179,Kwame,Johnston,,(702) 555-0098,kwame.johnston@example.com,89117,Google Search,2025-06-22
3180,Robert,James,,(702) 555-2282,robert.james@example.com,89032,Walk-in,2025-06-23
3181,Julia,Ross,,(725) 555-8523,julia.ross@example.com,89103,Social Media,2025-06-23
3182,Nathan,Goodwin,,(702) 555-1688,,89113,Walk-in,2025-06-23
3183,Wei,Wise,,(702) 555-2101,wei.wise@example.com,89139,Referral,2025-06-23
3184,Abigail,Joseph,,(725) 555-6854,abigail.joseph@example.com,89178,Walk-in,2025-06-23
3185,Amber,McCarthy,McCarthy Plumbing LLC,(702) 555-1235,amber.mccarthy@example.net,89110,Fleet Account,2025-06-23
3186,Ronald,Leonard,,(702) 555-4263,ronald.leonard2@example.com,89139,Social Media,2025-06-23
3187,Madison,Smith,,(702) 555-9976,madison.smith@example.com,89145,Walk-in,2025-06-23
3188,Pamela,Wang,,(702) 555-3544,pamela.wang@example.com,89120,Referral,2025-06-23
3189,Richard,Taylor,,(702) 555-4591,richard.taylor@example.com,89139,Google Search,2025-06-24
3190,Christopher,Salas,,(725) 555-3700,christopher.salas@example.com,89113,Social Media,2025-06-24
3191,Martha,Wright,,,,89011,Google Search,2025-06-24
3192,Kyle,Grant,,(702) 555-4994,kyle.grant@example.com,89139,Social Media,2025-06-24
3193,Emily,McCoy,,(702) 555-4537,emily.mccoy@example.com,89148,Walk-in,2025-06-24
3194,Aisha,Hopkins,,(725) 555-5207,aisha.hopkins@example.com,89166,Referral,2025-06-24
3195,Jesse,Andrade,,(702) 555-5663,jesse.andrade@example.com,89118,Referral,2025-06-24
3196,George,Elliott,,(702) 555-3663,,89178,Google Search,2025-06-25
3197,Andrew,Daniels,,(702) 555-4818,andrew.daniels@example.com,89113,Yelp,2025-06-25
3198,Douglas,Jenkins,,(725) 555-1782,douglas.jenkins@example.com,89141,Google Search,2025-06-25
3199,Wei,Hines,,(702) 555-3688,wei.hines@example.com,89134,Walk-in,2025-06-25
3200,Steven,Gross,,(702) 555-8677,steven.gross@example.com,89117,Google Search,2025-06-25
3201,Scott,Powers,,(725) 555-1369,scott.powers@example.com,89122,Walk-in,2025-06-25
3202,Keith,Kim,Kim Pest Control LLC,(702) 555-2871,keith.kim@example.net,89123,Fleet Account,2025-06-25
3203,Danielle,Gallagher,,(702) 555-3812,danielle.gallagher@example.com,89148,Google Search,2025-06-25
3204,Anthony,Cooper,,(702) 555-9655,anthony.cooper@example.com,89179,Referral,2025-06-26
3205,Willie,White,,(702) 555-4837,willie.white@example.com,89141,Walk-in,2025-06-26
3206,Maria,Gallegos,,(702) 555-1051,maria.gallegos@example.com,89148,Google Search,2025-06-26
3207,Elizabeth,Meyer,,(702) 555-3057,elizabeth.meyer@example.com,89102,Referral,2025-06-26
3208,Elena,Rhodes,,(702) 555-7842,elena.rhodes@example.com,89117,Walk-in,2025-06-26
3209,Andres,Barrett,,(702) 555-3402,andres.barrett@example.com,89123,Social Media,2025-06-26
3210,Rachel,Rose,,(725) 555-5450,,89107,Referral,2025-06-26
3211,Darnell,Lyons,,(702) 555-0782,darnell.lyons@example.com,89178,Google Search,2025-06-26
3212,Henry,Wilson,,(702) 555-6734,henry.wilson@example.com,89142,Walk-in,2025-06-26
3213,Helen,Pearson,,(725) 555-7075,helen.pearson@example.com,89141,Walk-in,2025-06-27
3214,Jordan,Roberts,,(702) 555-2177,jordan.roberts@example.com,89134,Google Search,2025-06-27
3215,Jordan,French,,(702) 555-3889,jordan.french@example.com,89015,Walk-in,2025-06-27
3216,Gloria,Murray,,(702) 555-0002,,89102,Google Search,2025-06-27
3217,Danielle,Gallegos,,(702) 555-3039,danielle.gallegos@example.com,89178,Google Search,2025-06-27
3218,Madison,Carroll,,(702) 555-0298,madison.carroll@example.com,89128,Social Media,2025-06-27
3219,David,Reeves,,(702) 555-1624,david.reeves@example.com,89118,Google Search,2025-06-27
3220,Kathleen,Hines,,(702) 555-9809,kathleen.hines@example.com,89183,Google Search,2025-06-27
3221,Scott,Stevens,Stevens Property Management LLC,(725) 555-3719,scott.stevens@example.net,89178,Fleet Account,2025-06-28
3222,Kwame,Larson,Larson Courier Services LLC,(702) 555-6012,kwame.larson@example.net,89118,Fleet Account,2025-06-28
3223,Heather,Ellis,,(702) 555-4584,heather.ellis@example.com,89117,Google Search,2025-06-28
3224,Patrick,Lara,,(702) 555-6398,,89139,Yelp,2025-06-28
3225,Lauren,Clarke,,(702) 555-3830,lauren.clarke@example.com,89146,Walk-in,2025-06-28
3226,Rosa,Bailey,,(702) 555-2776,rosa.bailey@example.com,89139,Walk-in,2025-06-28
3227,Terry,Neal,,(702) 555-6055,terry.neal@example.com,89146,Yelp,2025-06-28
3228,Russell,Webster,,(725) 555-5668,russell.webster@example.com,89074,Yelp,2025-06-30
3229,Debra,Doyle,,(702) 555-7113,,89108,Google Search,2025-06-30
3230,Michelle,Suarez,,(702) 555-1458,michelle.suarez@example.com,89113,Referral,2025-06-30
3231,Kenneth,Oliver,,(702) 555-7375,,89141,Google Search,2025-06-30
3232,Paul,Dixon,,(702) 555-7924,paul.dixon@example.com,89183,Yelp,2025-06-30
3233,Samuel,Contreras,,(702) 555-9521,samuel.contreras2@example.com,89149,Walk-in,2025-07-01
3234,Matthew,Fields,,(702) 555-6477,matthew.fields@example.com,89084,Google Search,2025-07-01
3235,Diane,Ramos,,(702) 555-9517,diane.ramos@example.com,89134,Referral,2025-07-01
3236,Roy,Wise,,(702) 555-4408,,89139,Google Search,2025-07-01
3237,Janice,Luna,,(702) 555-6582,janice.luna@example.com,89113,Google Search,2025-07-01
3238,Jesse,Doyle,,(702) 555-5424,jesse.doyle@example.com,89123,Google Search,2025-07-01
3239,Tariq,Jacobs,,(702) 555-9970,tariq.jacobs@example.com,89183,Referral,2025-07-01
3240,Isabella,Munoz,,(725) 555-7750,isabella.munoz@example.com,89148,Referral,2025-07-02
3241,Jordan,Weber,,(702) 555-7672,jordan.weber@example.com,89156,Referral,2025-07-02
3242,Carol,Cortez,,(702) 555-5887,carol.cortez@example.com,89135,Referral,2025-07-02
3243,Joan,Lee,,(702) 555-7756,joan.lee@example.com,89129,Google Search,2025-07-02
3244,Benjamin,Wright,,(702) 555-6561,,89178,Google Search,2025-07-02
3245,Priya,Ford,,(702) 555-0314,priya.ford@example.com,89103,Yelp,2025-07-02
3246,Marilyn,Palmer,,(702) 555-7293,marilyn.palmer@example.com,89121,Walk-in,2025-07-02
3247,Wei,McGuire,,(702) 555-4246,wei.mcguire@example.com,89148,Referral,2025-07-03
3248,Amanda,Gomez,,,amanda.gomez@example.com,89118,Google Search,2025-07-03
3249,Thomas,Ortiz,,(725) 555-7733,thomas.ortiz@example.com,89107,Google Search,2025-07-04
3250,Judith,Patel,,(702) 555-2123,judith.patel@example.com,89118,Yelp,2025-07-04
3251,David,Bishop,,(702) 555-8138,david.bishop@example.com,89113,Walk-in,2025-07-04
3252,Martha,Quinn,,(725) 555-3977,martha.quinn@example.com,89102,Walk-in,2025-07-05
3253,Caleb,Leon,,(702) 555-3391,,89148,Walk-in,2025-07-05
3254,Mason,Lyons,,(702) 555-8011,,89141,Yelp,2025-07-05
3255,Leila,Baker,Baker Construction LLC,(702) 555-3803,leila.baker@example.net,89117,Fleet Account,2025-07-05
3256,Joe,Myers,Myers Electric LLC,(702) 555-7090,joe.myers@example.net,89113,Fleet Account,2025-07-05
3257,Hannah,Burgess,,(702) 555-5776,hannah.burgess@example.com,89102,Referral,2025-07-05
3258,Samuel,Deleon,,(725) 555-0241,,89084,Google Search,2025-07-06
3259,Gerald,Wright,,(702) 555-9955,gerald.wright@example.com,89131,Walk-in,2025-07-06
3260,Sophia,Bishop,,(702) 555-5195,sophia.bishop@example.com,89131,Walk-in,2025-07-06
3261,Amber,French,,(702) 555-4370,amber.french@example.com,89123,Google Search,2025-07-06
3262,Michael,Bishop,,(725) 555-8679,michael.bishop@example.com,89122,Google Search,2025-07-06
3263,Diana,Zhang,,,diana.zhang@example.com,89118,Google Search,2025-07-06
3264,Vincent,Ross,,(702) 555-2584,vincent.ross@example.com,89113,Referral,2025-07-06
3265,Lucas,Wu,,(702) 555-2414,lucas.wu@example.com,89178,Walk-in,2025-07-06
3266,Logan,Pena,,(702) 555-5790,logan.pena@example.com,89138,Walk-in,2025-07-07
3267,Thomas,Watson,,(702) 555-1042,thomas.watson@example.com,89122,Google Search,2025-07-07
3268,Brittany,Li,,(725) 555-9440,brittany.li@example.com,89118,Google Search,2025-07-07
3269,Peter,Hubbard,,(725) 555-1198,peter.hubbard@example.com,89074,Google Search,2025-07-07
3270,Gloria,Phillips,,(725) 555-5783,gloria.phillips@example.com,89117,Referral,2025-07-07
3271,Priya,Hartman,,(702) 555-9254,priya.hartman@example.com,89178,Google Search,2025-07-08
3272,Benjamin,Liu,,(702) 555-8619,benjamin.liu@example.com,89141,Walk-in,2025-07-08
3273,Leila,Ellis,,(702) 555-9084,leila.ellis@example.com,89102,Social Media,2025-07-08
3274,Benjamin,Pacheco,,(702) 555-2070,benjamin.pacheco@example.com,89141,Social Media,2025-07-08
3275,Justin,Harmon,,(702) 555-3861,justin.harmon@example.com,89131,Walk-in,2025-07-08
3276,Laura,Padilla,,(725) 555-5415,,89074,Walk-in,2025-07-08
3277,Roy,Gray,,(702) 555-8817,roy.gray@example.com,89120,Google Search,2025-07-08
3278,Lori,Reynolds,,(702) 555-1835,,89101,Referral,2025-07-08
3279,Manuel,Person,,(702) 555-6289,manuel.person@example.com,89052,Google Search,2025-07-08
3280,Danielle,King,,(702) 555-1944,danielle.king@example.com,89012,Walk-in,2025-07-08
3281,Matthew,Medina,,(702) 555-0822,matthew.medina@example.com,89141,Google Search,2025-07-08
3282,Jorge,Todd,,(702) 555-7003,jorge.todd@example.com,89118,Walk-in,2025-07-09
3283,Jorge,Hanson,,(702) 555-0358,jorge.hanson@example.com,89183,Walk-in,2025-07-09
3284,Logan,Bradley,,(702) 555-5348,logan.bradley@example.com,89129,Referral,2025-07-09
3285,Arjun,Benson,,,arjun.benson@example.com,89142,Referral,2025-07-09
3286,Kayla,Hardy,,(725) 555-1762,kayla.hardy@example.com,89103,Walk-in,2025-07-09
3287,Pamela,Walters,Walters HVAC Services LLC,(702) 555-8833,pamela.walters@example.net,89139,Fleet Account,2025-07-09
3288,Sean,Hughes,,(702) 555-1834,sean.hughes@example.com,89120,Google Search,2025-07-09
3289,Jeffrey,Gordon,,(702) 555-6927,jeffrey.gordon@example.com,89113,Yelp,2025-07-10
3290,Madison,Ward,,(702) 555-1323,madison.ward@example.com,89052,Referral,2025-07-10
3291,David,Figueroa,,(702) 555-8175,david.figueroa@example.com,89012,Yelp,2025-07-10
3292,Joseph,Mack,,(702) 555-0261,joseph.mack@example.com,89147,Referral,2025-07-10
3293,Wayne,Lyons,,(702) 555-0696,wayne.lyons@example.com,89002,Google Search,2025-07-10
3294,Thomas,Page,,(725) 555-0257,thomas.page@example.com,89118,Referral,2025-07-11
3295,Carolyn,Swanson,,(702) 555-0270,carolyn.swanson@example.com,89147,Social Media,2025-07-11
3296,Sandra,Snyder,,(725) 555-7290,sandra.snyder@example.com,89117,Walk-in,2025-07-11
3297,Heather,Juarez,,(702) 555-0852,heather.juarez@example.com,89141,Walk-in,2025-07-11
3298,Lori,May,,(702) 555-8251,,89178,Referral,2025-07-11
3299,Kayla,Swanson,,(702) 555-9932,kayla.swanson@example.com,89131,Referral,2025-07-11
3300,Alice,Gonzalez,,(702) 555-7740,alice.gonzalez@example.com,89134,Walk-in,2025-07-11
3301,Bradley,Bennett,,(702) 555-7030,bradley.bennett@example.com,89141,Referral,2025-07-11
3302,Theresa,Miller,Miller HVAC Services LLC,(702) 555-8330,theresa.miller@example.net,89156,Fleet Account,2025-07-11
3303,Marcus,Burns,,(702) 555-6694,marcus.burns@example.com,89148,Yelp,2025-07-11
3304,Carolyn,Gibbs,,(725) 555-4051,carolyn.gibbs@example.com,89117,Google Search,2025-07-12
3305,Dennis,Maxwell,,(702) 555-3884,dennis.maxwell@example.com,89146,Social Media,2025-07-12
3306,Christopher,Kelley,,(702) 555-1983,christopher.kelley@example.com,89141,Referral,2025-07-12
3307,Gregory,Colon,,(702) 555-7272,,89113,Social Media,2025-07-12
3308,Randy,Harper,,(702) 555-7958,randy.harper@example.com,89156,Google Search,2025-07-13
3309,Randy,Ford,,(702) 555-5573,randy.ford@example.com,89031,Referral,2025-07-14
3310,Joan,Lyons,,(725) 555-6301,joan.lyons@example.com,89148,Walk-in,2025-07-14
3311,Manuel,Hodges,,(702) 555-3559,manuel.hodges@example.com,89118,Social Media,2025-07-14
3312,Amber,Lambert,,(702) 555-1632,amber.lambert@example.com,89118,Referral,2025-07-14
3313,Adam,Powers,,(702) 555-7210,,89139,Social Media,2025-07-15
3314,Bruce,Patel,,(725) 555-6882,bruce.patel@example.com,89178,Referral,2025-07-15
3315,Roger,Ross,,(725) 555-1644,roger.ross@example.com,89121,Referral,2025-07-15
3316,Manuel,Harrison,,(702) 555-5192,manuel.harrison@example.com,89113,Yelp,2025-07-15
3317,Anjali,Payne,,(702) 555-3110,anjali.payne@example.com,89118,Google Search,2025-07-15
3318,Arthur,Soto,,(725) 555-3707,arthur.soto@example.com,89139,Yelp,2025-07-15
3319,Dorothy,Freeman,,(702) 555-0809,,89119,Yelp,2025-07-15
3320,Barbara,Robertson,,(702) 555-6220,barbara.robertson@example.com,89123,Google Search,2025-07-15
3321,Amy,Chavez,,(702) 555-5126,amy.chavez@example.com,89148,Google Search,2025-07-15
3322,Dennis,Nguyen,,(702) 555-1331,dennis.nguyen@example.com,89113,Google Search,2025-07-15
3323,Jonathan,Jenkins,,(725) 555-7926,,89121,Referral,2025-07-15
3324,Valeria,Bowman,,(702) 555-5169,valeria.bowman@example.com,89156,Google Search,2025-07-16
3325,Brian,Wong,,(702) 555-8002,,89139,Yelp,2025-07-16
3326,Mary,Mejia,,(702) 555-5276,mary.mejia@example.com,89183,Yelp,2025-07-16
3327,Jonathan,Cooper,,(702) 555-7739,jonathan.cooper@example.com,89074,Walk-in,2025-07-16
3328,Wayne,Rosales,,(702) 555-0777,wayne.rosales@example.com,89074,Walk-in,2025-07-16
3329,Ashley,Hunt,,(725) 555-3709,ashley.hunt@example.com,89141,Google Search,2025-07-16
3330,Theresa,Delgado,,(725) 555-9000,theresa.delgado@example.com,89148,Social Media,2025-07-16
3331,Jerry,Glover,,(725) 555-5326,jerry.glover@example.com,89183,Social Media,2025-07-16
3332,Sofia,Sullivan,,(702) 555-4425,sofia.sullivan@example.com,89139,Yelp,2025-07-16
3333,Debra,Pearson,,(702) 555-1210,debra.pearson@example.com,89109,Walk-in,2025-07-16
3334,Nathan,Turner,Turner Landscaping LLC,(725) 555-8745,nathan.turner@example.net,89134,Fleet Account,2025-07-16
3335,Susan,Potter,,(702) 555-3755,susan.potter@example.com,89102,Walk-in,2025-07-16
3336,Jeffrey,Malone,,(702) 555-7493,jeffrey.malone@example.com,89179,Google Search,2025-07-16
3337,Gabriela,Stephens,,(702) 555-6212,gabriela.stephens@example.com,89102,Google Search,2025-07-16
3338,Kimberly,George,,(702) 555-7656,kimberly.george@example.com,89144,Google Search,2025-07-17
3339,Lori,Hampton,,(702) 555-0936,lori.hampton@example.com,89118,Google Search,2025-07-17
3340,Gabriel,Barnes,Barnes Construction LLC,(702) 555-1698,gabriel.barnes@example.net,89031,Fleet Account,2025-07-17
3341,George,Delgado,,(702) 555-1621,george.delgado@example.com,89139,Google Search,2025-07-17
3342,Thomas,Gill,,(725) 555-4893,thomas.gill@example.com,89117,Google Search,2025-07-17
3343,Anna,Rivera,,(702) 555-9870,anna.rivera2@example.com,89139,Referral,2025-07-17
3344,Jordan,Carr,,(702) 555-3028,jordan.carr@example.com,89118,Google Search,2025-07-17
3345,Russell,Lowe,,(702) 555-8696,russell.lowe@example.com,89144,Walk-in,2025-07-17
3346,Caleb,Rogers,,(702) 555-2702,,89117,Referral,2025-07-17
3347,Mark,Liu,,(725) 555-8186,,89148,Google Search,2025-07-17
3348,Elizabeth,Wood,,(725) 555-3319,elizabeth.wood@example.com,89002,Referral,2025-07-18
3349,Christian,Barton,,(725) 555-4188,,89123,Social Media,2025-07-18
3350,Camila,Morales,,(702) 555-8423,camila.morales@example.com,89141,Google Search,2025-07-18
3351,Kyle,Thompson,,(725) 555-9506,kyle.thompson@example.com,89109,Walk-in,2025-07-18
3352,Evelyn,Ayala,,(725) 555-6151,evelyn.ayala@example.com,89113,Google Search,2025-07-18
3353,Doris,Reed,,(702) 555-5328,doris.reed@example.com,89178,Social Media,2025-07-18
3354,Aaron,Manning,,(702) 555-9985,aaron.manning@example.com,89119,Google Search,2025-07-18
3355,Sandra,Mann,,(702) 555-6417,sandra.mann@example.com,89103,Social Media,2025-07-19
3356,Maria,Watson,,(702) 555-3811,,89139,Referral,2025-07-19
3357,Cynthia,Wood,,(725) 555-2048,cynthia.wood@example.com,89147,Google Search,2025-07-19
3358,Kayla,King,,(702) 555-1286,kayla.king@example.com,89103,Referral,2025-07-20
3359,Leila,Fischer,,(702) 555-7529,leila.fischer@example.com,89147,Social Media,2025-07-21
3360,Rebecca,Shaw,,(702) 555-7900,rebecca.shaw@example.com,89015,Google Search,2025-07-21
3361,Debra,Sharp,,,,89118,Google Search,2025-07-21
3362,Omar,Robinson,,(725) 555-4471,,89178,Walk-in,2025-07-21
3363,Teresa,Bell,,(702) 555-0644,teresa.bell2@example.com,89129,Referral,2025-07-21
3364,Jennifer,Tyler,,(702) 555-4900,jennifer.tyler@example.com,89148,Referral,2025-07-21
3365,Christopher,Moore,,(702) 555-7422,christopher.moore@example.com,89144,Google Search,2025-07-21
3366,Nathan,Bennett,,(702) 555-4033,nathan.bennett@example.com,89113,Walk-in,2025-07-21
3367,Kathryn,Harrison,Harrison Courier Services LLC,(702) 555-3520,kathryn.harrison@example.net,89014,Fleet Account,2025-07-22
3368,Maria,Goodwin,,(725) 555-1331,maria.goodwin@example.com,89108,Google Search,2025-07-22
3369,Jason,Yang,,(702) 555-8039,jason.yang@example.com,89183,Google Search,2025-07-22
3370,Jason,Griffith,,(702) 555-2263,,89113,Yelp,2025-07-22
3371,Ronald,McCoy,,(725) 555-3918,ronald.mccoy@example.com,89012,Walk-in,2025-07-22
3372,Kathryn,Baldwin,,(702) 555-1087,,89012,Google Search,2025-07-22
3373,Brian,Sullivan,Sullivan Mobile Detailing LLC,(702) 555-8439,brian.sullivan@example.net,89118,Fleet Account,2025-07-22
3374,Isabella,Ruiz,,(702) 555-4280,isabella.ruiz@example.com,89014,Referral,2025-07-22
3375,Mei,Aguilar,,(702) 555-4734,mei.aguilar@example.com,89117,Referral,2025-07-23
3376,Laura,Luna,Luna Pest Control LLC,(702) 555-5207,laura.luna@example.net,89110,Fleet Account,2025-07-23
3377,Donna,Duran,,(702) 555-4054,,89147,Yelp,2025-07-23
3378,Jack,Howard,,(702) 555-9991,jack.howard@example.com,89183,Google Search,2025-07-23
3379,Judy,Craig,,(702) 555-2046,judy.craig@example.com,89123,Google Search,2025-07-24
3380,Ricardo,Obrien,,(702) 555-7508,ricardo.obrien@example.com,89117,Google Search,2025-07-24
3381,Raymond,Valdez,,(702) 555-3560,raymond.valdez@example.com,89103,Walk-in,2025-07-24
3382,Mohammed,Keller,,(702) 555-1789,mohammed.keller@example.com,89147,Google Search,2025-07-24
3383,Christopher,Wade,,(725) 555-3217,christopher.wade@example.com,89103,Google Search,2025-07-24
3384,Ricardo,Parsons,,(725) 555-7691,ricardo.parsons@example.com,89134,Walk-in,2025-07-24
3385,Mason,Terry,,(725) 555-1157,mason.terry2@example.com,89141,Referral,2025-07-25
3386,Andrew,Strickland,,(702) 555-3926,,89113,Social Media,2025-07-25
3387,Christopher,Thomas,,(702) 555-4649,christopher.thomas@example.com,89148,Google Search,2025-07-25
3388,Cynthia,Day,,(725) 555-0366,,89122,Google Search,2025-07-26
3389,Peter,Erickson,,(725) 555-7096,peter.erickson@example.com,89052,Referral,2025-07-27
3390,Abigail,Dennis,,(702) 555-9703,abigail.dennis@example.com,89123,Google Search,2025-07-27
3391,Ethan,Waters,,,ethan.waters@example.com,89141,Google Search,2025-07-27
3392,Mei,Aguirre,,(702) 555-4559,mei.aguirre@example.com,89117,Social Media,2025-07-27
3393,Linh,Hill,,(702) 555-1597,,89144,Google Search,2025-07-28
3394,Alice,Coleman,,(725) 555-8133,alice.coleman@example.com,89178,Referral,2025-07-28
3395,Marilyn,Walker,,(702) 555-6239,marilyn.walker@example.com,89113,Social Media,2025-07-28
3396,Jonathan,Brooks,,(702) 555-6601,jonathan.brooks@example.com,89134,Google Search,2025-07-28
3397,Larry,Montoya,,(702) 555-4155,larry.montoya@example.com,89147,Google Search,2025-07-29
3398,Matthew,Simmons,,(702) 555-6403,matthew.simmons@example.com,89178,Yelp,2025-07-29
3399,Megan,Park,,(702) 555-3944,megan.park@example.com,89147,Yelp,2025-07-29
3400,Gloria,Cruz,,(702) 555-6594,gloria.cruz@example.com,89103,Google Search,2025-07-29
3401,Caleb,Obrien,,(702) 555-0287,caleb.obrien@example.com,89146,Yelp,2025-07-29
3402,Daniel,Brooks,,(702) 555-0586,daniel.brooks@example.com,89120,Referral,2025-07-29
3403,Nathan,Gardner,,(702) 555-1484,nathan.gardner@example.com,89139,Yelp,2025-07-29
3404,Gerald,Powell,,(702) 555-2793,gerald.powell@example.com,89178,Google Search,2025-07-29
3405,Noah,Shaw,Shaw Electric LLC,(702) 555-5833,noah.shaw@example.net,89149,Fleet Account,2025-07-29
3406,Angela,Tyler,,(725) 555-9741,angela.tyler@example.com,89148,Referral,2025-07-29
3407,Hiroshi,Simon,,(702) 555-4332,,89014,Referral,2025-07-29
3408,William,Swanson,,(725) 555-0028,william.swanson@example.com,89115,Google Search,2025-07-30
3409,Andres,Gross,,(702) 555-3993,andres.gross@example.com,89148,Google Search,2025-07-30
3410,Denise,Carlson,,(702) 555-6333,denise.carlson@example.com,89118,Walk-in,2025-07-30
3411,Natalie,Duran,,(702) 555-9644,natalie.duran@example.com,89103,Social Media,2025-07-30
3412,Jessica,Keller,,(702) 555-9749,jessica.keller@example.com,89113,Walk-in,2025-07-30
3413,Mohammed,Garrett,,(725) 555-1028,mohammed.garrett@example.com,89121,Social Media,2025-07-30
3414,Richard,Price,,(702) 555-8953,richard.price@example.com,89117,Social Media,2025-07-30
3415,Julie,Wells,,(702) 555-4940,julie.wells@example.com,89113,Referral,2025-07-31
3416,Lucas,Long,,(702) 555-8209,lucas.long@example.com,89139,Social Media,2025-07-31
3417,Maria,Velasquez,,(702) 555-7655,maria.velasquez@example.com,89179,Social Media,2025-07-31
3418,Ana,Smith,,(702) 555-9344,ana.smith@example.com,89118,Google Search,2025-07-31
3419,Ashley,Blair,,(725) 555-3968,ashley.blair@example.com,89142,Yelp,2025-07-31
3420,Bobby,Gross,,,bobby.gross@example.com,89178,Referral,2025-07-31
3421,Tamika,Freeman,,(702) 555-5665,tamika.freeman@example.com,89031,Yelp,2025-07-31
3422,Karen,Maldonado,,(702) 555-3821,,89141,Referral,2025-08-01
3423,Victoria,Hernandez,,(702) 555-7184,victoria.hernandez@example.com,89139,Referral,2025-08-01
3424,Rahul,Brewer,,(702) 555-7990,rahul.brewer@example.com,89118,Social Media,2025-08-01
3425,Sophia,Leon,,(725) 555-6937,,89104,Google Search,2025-08-02
3426,Daniel,Woods,,(702) 555-5522,daniel.woods@example.com,89139,Google Search,2025-08-03
3427,Megan,Sanchez,,(702) 555-3287,,89145,Google Search,2025-08-03
3428,Bruce,Padilla,Padilla Electric LLC,(702) 555-7527,bruce.padilla@example.net,89147,Fleet Account,2025-08-03
3429,Christian,Bowen,Bowen Pest Control LLC,(702) 555-7808,christian.bowen@example.net,89148,Fleet Account,2025-08-03
3430,Melissa,Davis,,(725) 555-1401,melissa.davis2@example.com,89148,Google Search,2025-08-03
3431,Noah,Rodgers,,(702) 555-8513,,89123,Google Search,2025-08-03
3432,Luis,Bradley,,(702) 555-7310,luis.bradley@example.com,89123,Social Media,2025-08-04
3433,Laura,Zimmerman,,(702) 555-4091,laura.zimmerman@example.com,89138,Yelp,2025-08-04
3434,Donna,Jacobs,,(702) 555-5888,donna.jacobs@example.com,89103,Referral,2025-08-04
3435,Marilyn,Edwards,,(702) 555-0354,marilyn.edwards@example.com,89074,Referral,2025-08-04
3436,Ryan,Simmons,,(702) 555-6678,ryan.simmons@example.com,89147,Social Media,2025-08-04
3437,Michael,Lloyd,,(702) 555-5707,,89014,Google Search,2025-08-04
3438,Olivia,Gordon,,(702) 555-3693,olivia.gordon@example.com,89147,Google Search,2025-08-04
3439,Yuki,Alvarez,,(702) 555-5549,yuki.alvarez@example.com,89131,Social Media,2025-08-04
3440,Scott,Garrett,,(725) 555-5341,scott.garrett@example.com,89144,Walk-in,2025-08-04
3441,Billy,Salinas,,(725) 555-7843,,89103,Google Search,2025-08-05
3442,Gabriel,Serrano,,(702) 555-6698,gabriel.serrano@example.com,89117,Walk-in,2025-08-05
3443,Bobby,Holland,,(702) 555-4000,bobby.holland@example.com,89134,Social Media,2025-08-05
3444,Barbara,Thomas,,(702) 555-6206,barbara.thomas@example.com,89183,Yelp,2025-08-05
3445,Terry,George,,(702) 555-7378,terry.george@example.com,89103,Google Search,2025-08-05
3446,Roger,Ellis,,(702) 555-2125,roger.ellis@example.com,89148,Yelp,2025-08-05
3447,Carolyn,Pearson,,(702) 555-1273,carolyn.pearson@example.com,89074,Social Media,2025-08-05
3448,Evelyn,Colon,,(725) 555-4518,evelyn.colon@example.com,89148,Google Search,2025-08-05
3449,Anjali,Bauer,,(702) 555-2525,anjali.bauer@example.com,89141,Google Search,2025-08-06
3450,Melissa,Perry,,(702) 555-5969,melissa.perry@example.com,89052,Yelp,2025-08-06
3451,Douglas,Sutton,,(702) 555-5492,douglas.sutton@example.com,89178,Yelp,2025-08-06
3452,Alan,Webster,,(702) 555-5363,alan.webster@example.com,89148,Google Search,2025-08-06
3453,Logan,Day,,(702) 555-0572,logan.day@example.com,89052,Referral,2025-08-06
3454,Elena,Barnes,,(725) 555-3547,elena.barnes@example.com,89074,Yelp,2025-08-06
3455,Tiffany,Scott,,(702) 555-5839,tiffany.scott@example.com,89074,Referral,2025-08-06
3456,Gerald,Sanchez,,(725) 555-2052,gerald.sanchez@example.com,89144,Referral,2025-08-07
3457,Kelly,Collins,,(702) 555-8184,kelly.collins@example.com,89119,Google Search,2025-08-07
3458,Priya,Alvarado,,(725) 555-3222,priya.alvarado@example.com,89145,Referral,2025-08-07
3459,Tamika,Mills,,(725) 555-5964,tamika.mills@example.com,89012,Walk-in,2025-08-08
3460,Michelle,Robles,,(702) 555-4729,,89135,Referral,2025-08-08
3461,Stephanie,Stewart,Stewart Construction LLC,(702) 555-1530,stephanie.stewart@example.net,89139,Fleet Account,2025-08-08
3462,Lauren,Craig,,(702) 555-3778,lauren.craig@example.com,89135,Walk-in,2025-08-08
3463,Henry,Perkins,,(725) 555-2247,henry.perkins@example.com,89144,Google Search,2025-08-09
3464,Lucia,Ford,,(702) 555-8811,lucia.ford@example.com,89118,Google Search,2025-08-10
3465,Luis,Byrd,,(702) 555-8176,luis.byrd@example.com,89144,Walk-in,2025-08-10
3466,Sofia,Welch,,(702) 555-1327,sofia.welch@example.com,89103,Google Search,2025-08-11
3467,Frank,Goodman,,(725) 555-0078,frank.goodman@example.com,89134,Referral,2025-08-11
3468,Darnell,Bishop,Bishop Construction LLC,(725) 555-7413,darnell.bishop@example.net,89074,Fleet Account,2025-08-11
3469,Linda,Gordon,,(702) 555-9651,linda.gordon@example.com,89134,Walk-in,2025-08-11
3470,Randy,Black,,(702) 555-5114,randy.black@example.com,89147,Referral,2025-08-11
3471,Jack,Patel,,(702) 555-1815,jack.patel@example.com,89148,Social Media,2025-08-12
3472,Brian,Carter,,(702) 555-1336,brian.carter@example.com,89123,Google Search,2025-08-12
3473,Hannah,McCoy,,(702) 555-2892,hannah.mccoy@example.com,89108,Google Search,2025-08-12
3474,Lucia,Griffin,,(725) 555-7023,lucia.griffin@example.com,89109,Referral,2025-08-12
3475,Jennifer,Harmon,,(702) 555-1225,jennifer.harmon@example.com,89130,Google Search,2025-08-13
3476,Donna,Pena,,(702) 555-7395,donna.pena@example.com,89139,Google Search,2025-08-13
3477,Yuki,Cruz,,(702) 555-9589,yuki.cruz@example.com,89052,Social Media,2025-08-13
3478,Olivia,Castaneda,,(702) 555-3886,olivia.castaneda@example.com,89148,Referral,2025-08-13
3479,Lucas,Klein,,(702) 555-2108,,89146,Google Search,2025-08-13
3480,Elena,Mann,,(702) 555-6101,elena.mann@example.com,89142,Referral,2025-08-13
3481,Denise,Waters,,(725) 555-4238,denise.waters@example.com,89122,Yelp,2025-08-13
3482,Jason,Hopkins,,(702) 555-8524,jason.hopkins@example.com,89148,Walk-in,2025-08-14
3483,Dorothy,Burton,,(702) 555-4810,dorothy.burton@example.com,89148,Walk-in,2025-08-14
3484,Deborah,Erickson,Erickson Electric LLC,(702) 555-9688,deborah.erickson@example.net,89148,Fleet Account,2025-08-14
3485,Ronald,Trujillo,,(702) 555-8621,ronald.trujillo@example.com,89103,Google Search,2025-08-14
3486,Lori,Nunez,,(702) 555-6178,,89121,Google Search,2025-08-14
3487,Steven,Guerrero,,(702) 555-6379,steven.guerrero@example.com,89147,Google Search,2025-08-15
3488,Cynthia,Reynolds,,(725) 555-0335,cynthia.reynolds@example.com,89118,Social Media,2025-08-15
3489,Harold,Alvarez,,(702) 555-5169,harold.alvarez@example.com,89139,Walk-in,2025-08-15
3490,Elijah,Lara,,(702) 555-3238,elijah.lara@example.com,89074,Yelp,2025-08-15
3491,Catherine,Pierce,,(702) 555-0890,catherine.pierce@example.com,89113,Google Search,2025-08-15
3492,Lucas,Hines,,(702) 555-1687,,89113,Google Search,2025-08-15
3493,Heather,Fisher,,(702) 555-3928,heather.fisher@example.com,89122,Referral,2025-08-15
3494,Ethan,Dominguez,Dominguez Pool Service LLC,(702) 555-5107,ethan.dominguez@example.net,89031,Fleet Account,2025-08-15
3495,Sean,Barnes,,(702) 555-3493,sean.barnes@example.com,89118,Walk-in,2025-08-15
3496,Eric,Rose,,(702) 555-3322,eric.rose@example.com,89103,Walk-in,2025-08-15
3497,Justin,Williamson,,(702) 555-3924,justin.williamson@example.com,89107,Social Media,2025-08-16
3498,Roger,Pham,,(725) 555-2985,roger.pham@example.com,89002,Walk-in,2025-08-16
3499,Andrea,Montoya,,(702) 555-7925,andrea.montoya@example.com,89120,Walk-in,2025-08-16
3500,Imani,Schultz,,(702) 555-2922,imani.schultz@example.com,89146,Social Media,2025-08-16
3501,Ricardo,Moody,,(702) 555-1786,ricardo.moody@example.com,89141,Google Search,2025-08-17
3502,Susan,Blair,,(702) 555-5003,,89103,Google Search,2025-08-17
3503,Ryan,Scott,,(702) 555-0667,,89139,Google Search,2025-08-18
3504,Jose,Dixon,,(725) 555-2892,jose.dixon@example.com,89183,Google Search,2025-08-18
3505,Shirley,Powell,,(702) 555-5973,shirley.powell@example.com,89113,Social Media,2025-08-18
3506,Darnell,Love,,(702) 555-9471,darnell.love@example.com,89178,Referral,2025-08-18
3507,Heather,Lin,,(702) 555-0787,heather.lin@example.com,89147,Walk-in,2025-08-18
3508,Rosa,Molina,,(702) 555-6737,rosa.molina@example.com,89120,Referral,2025-08-19
3509,Jean,Andrade,,(725) 555-3337,jean.andrade@example.com,89183,Walk-in,2025-08-19
3510,Jose,Reese,,(725) 555-6678,jose.reese@example.com,89179,Yelp,2025-08-20
3511,Carol,Mann,,(725) 555-7624,carol.mann@example.com,89138,Walk-in,2025-08-20
3512,Russell,Flores,,(702) 555-2277,russell.flores@example.com,89178,Referral,2025-08-20
3513,Grace,Castro,,(702) 555-6361,grace.castro@example.com,89123,Referral,2025-08-20
3514,Aisha,Lyons,,(702) 555-6435,aisha.lyons@example.com,89121,Walk-in,2025-08-20
3515,Timothy,Bishop,,(702) 555-0596,timothy.bishop@example.com,89113,Walk-in,2025-08-21
3516,Elijah,Farmer,,(702) 555-8914,elijah.farmer@example.com,89113,Google Search,2025-08-21
3517,Larry,Bell,,(702) 555-2338,larry.bell@example.com,89148,Google Search,2025-08-21
3518,Darnell,Fletcher,,(702) 555-9894,darnell.fletcher2@example.com,89149,Google Search,2025-08-21
3519,Benjamin,Henry,,(702) 555-7884,benjamin.henry@example.com,89117,Walk-in,2025-08-21
3520,Valeria,Shelton,,(702) 555-2979,valeria.shelton@example.com,89107,Referral,2025-08-21
3521,Joshua,Marshall,Marshall Construction LLC,(702) 555-5165,joshua.marshall@example.net,89146,Fleet Account,2025-08-22
3522,Jorge,Vaughn,,(725) 555-5481,jorge.vaughn@example.com,89144,Google Search,2025-08-22
3523,Lucia,Franco,,(702) 555-0209,lucia.franco@example.com,89117,Google Search,2025-08-23
3524,Marcus,Wright,,(702) 555-9924,,89179,Yelp,2025-08-23
3525,Paul,Hicks,,(702) 555-2054,paul.hicks@example.com,89052,Walk-in,2025-08-23
3526,Mohammed,Moran,,(702) 555-5491,mohammed.moran@example.com,89123,Referral,2025-08-24
3527,Jonathan,Zhang,,(725) 555-4548,jonathan.zhang@example.com,89104,Walk-in,2025-08-24
3528,Jose,McKinney,,(702) 555-7361,jose.mckinney@example.com,89148,Yelp,2025-08-24
3529,Kathryn,Stanley,Stanley Pest Control LLC,(702) 555-0290,kathryn.stanley@example.net,89144,Fleet Account,2025-08-24
3530,Darnell,Luna,,(702) 555-6661,,89108,Referral,2025-08-24
3531,Anna,Serrano,,(702) 555-2685,anna.serrano@example.com,89131,Referral,2025-08-24
3532,Joan,Vaughn,,,joan.vaughn@example.com,89145,Yelp,2025-08-25
3533,Joyce,King,King HVAC Services LLC,(702) 555-5261,joyce.king@example.net,89141,Fleet Account,2025-08-25
3534,Eric,Alexander,,(702) 555-8393,eric.alexander@example.com,89118,Social Media,2025-08-25
3535,Diana,Rivera,,(725) 555-2028,diana.rivera@example.com,89118,Google Search,2025-08-25
3536,Raymond,Bowen,,(702) 555-6860,raymond.bowen@example.com,89139,Yelp,2025-08-25
3537,Shirley,Vazquez,,(702) 555-4310,shirley.vazquez@example.com,89103,Walk-in,2025-08-26
3538,Emma,Webb,,(702) 555-4823,emma.webb@example.com,89113,Walk-in,2025-08-26
3539,Miguel,Cook,,(702) 555-4839,miguel.cook@example.com,89178,Google Search,2025-08-26
3540,Terry,Cummings,,(725) 555-2923,terry.cummings@example.com,89113,Google Search,2025-08-26
3541,Mark,Gibson,,(702) 555-6528,mark.gibson@example.com,89145,Referral,2025-08-26
3542,Rosa,Stewart,,(702) 555-5027,,89107,Google Search,2025-08-26
3543,Marilyn,Jackson,,(702) 555-8651,marilyn.jackson@example.com,89109,Google Search,2025-08-26
3544,Christina,Elliott,,(725) 555-6530,christina.elliott@example.com,89147,Referral,2025-08-26
3545,Joyce,Dixon,,(725) 555-1242,joyce.dixon@example.com,89113,Google Search,2025-08-27
3546,Kenneth,Cardenas,,,,89135,Yelp,2025-08-27
3547,Jessica,Griffith,,(702) 555-7352,jessica.griffith@example.com,89118,Yelp,2025-08-27
3548,Joseph,Romero,,(725) 555-5178,joseph.romero@example.com,89139,Google Search,2025-08-27
3549,Rahul,Wang,,(702) 555-8336,,89118,Walk-in,2025-08-27
3550,Barbara,Matthews,,(702) 555-0629,barbara.matthews@example.com,89156,Referral,2025-08-27
3551,Mateo,Salas,,(702) 555-0265,mateo.salas@example.com,89149,Social Media,2025-08-28
3552,Jasmine,Terry,,(702) 555-6046,jasmine.terry@example.com,89103,Yelp,2025-08-28
3553,Camila,Trujillo,,(702) 555-1477,camila.trujillo@example.com,89107,Google Search,2025-08-28
3554,Jason,Huang,,(702) 555-2215,jason.huang@example.com,89109,Walk-in,2025-08-28
3555,Brittany,Wood,,(725) 555-8966,,89113,Google Search,2025-08-28
3556,Kimberly,Hansen,,(702) 555-9628,kimberly.hansen@example.com,89147,Google Search,2025-08-29
3557,Brandon,Mason,,(725) 555-1134,brandon.mason@example.com,89179,Google Search,2025-08-29
3558,Lucia,Kelly,,(725) 555-5219,,89118,Google Search,2025-08-29
3559,Willie,Warner,,(702) 555-1102,willie.warner@example.com,89183,Walk-in,2025-08-29
3560,Noah,Rodriguez,,(725) 555-3982,noah.rodriguez@example.com,89113,Social Media,2025-08-30
3561,Yuki,Russell,,(702) 555-0938,yuki.russell@example.com,89086,Yelp,2025-08-31
3562,Charlotte,Campbell,,(702) 555-8897,charlotte.campbell@example.com,89146,Yelp,2025-08-31
3563,Virginia,Obrien,,(702) 555-4830,virginia.obrien@example.com,89179,Walk-in,2025-08-31
3564,Grace,Love,Love Courier Services LLC,(702) 555-9518,grace.love@example.net,89141,Fleet Account,2025-09-01
3565,Douglas,Garner,,(725) 555-2934,douglas.garner@example.com,89123,Google Search,2025-09-01
3566,Patricia,Watkins,,(702) 555-1302,patricia.watkins@example.com,89148,Yelp,2025-09-02
3567,Sharon,Jackson,,(702) 555-5097,,89148,Google Search,2025-09-02
3568,Eric,Figueroa,,(702) 555-6470,eric.figueroa@example.com,89106,Google Search,2025-09-02
3569,Carol,Swanson,,(725) 555-8784,,89086,Walk-in,2025-09-02
3570,Cheryl,Lambert,,(702) 555-6883,,89183,Referral,2025-09-02
3571,Michelle,Wu,,(702) 555-0929,michelle.wu@example.com,89118,Walk-in,2025-09-02
3572,Kathleen,Gonzalez,,(702) 555-7268,kathleen.gonzalez@example.com,89103,Referral,2025-09-03
3573,Benjamin,Love,,(725) 555-7454,benjamin.love@example.com,89146,Referral,2025-09-03
3574,Jerry,Jacobs,,(702) 555-5322,jerry.jacobs@example.com,89129,Google Search,2025-09-03
3575,Ana,Acosta,,(725) 555-9401,ana.acosta@example.com,89139,Social Media,2025-09-03
3576,Diana,Rios,,(702) 555-0104,diana.rios@example.com,89119,Google Search,2025-09-03
3577,Nathan,Goodman,,(702) 555-3187,nathan.goodman@example.com,89148,Walk-in,2025-09-04
3578,Amber,Norman,,(702) 555-7441,amber.norman@example.com,89074,Yelp,2025-09-04
3579,Wayne,Velasquez,,(702) 555-6976,wayne.velasquez@example.com,89148,Walk-in,2025-09-04
3580,Thomas,Ruiz,,(702) 555-1359,thomas.ruiz@example.com,89134,Google Search,2025-09-04
3581,Dennis,Martin,,(702) 555-5565,dennis.martin@example.com,89183,Walk-in,2025-09-04
3582,Kelly,Thomas,,(702) 555-4225,kelly.thomas@example.com,89119,Referral,2025-09-04
3583,Karen,Munoz,Munoz Pest Control LLC,(702) 555-7979,karen.munoz@example.net,89146,Fleet Account,2025-09-04
3584,Keisha,Garcia,,(702) 555-9856,keisha.garcia@example.com,89138,Social Media,2025-09-04
3585,Scott,Schwartz,,(702) 555-6710,scott.schwartz@example.com,89144,Yelp,2025-09-05
3586,Jasmine,Alvarado,,(702) 555-9571,jasmine.alvarado@example.com,89145,Yelp,2025-09-05
3587,George,Hunter,,(702) 555-6563,george.hunter@example.com,89128,Referral,2025-09-05
3588,Randy,Chen,,(702) 555-4109,randy.chen@example.com,89147,Google Search,2025-09-05
3589,Debra,Horton,Horton Pool Service LLC,(702) 555-6738,debra.horton@example.net,89123,Fleet Account,2025-09-05
3590,Jordan,Newton,,(725) 555-5888,,89118,Google Search,2025-09-06
3591,Jack,Barton,,(702) 555-4391,jack.barton@example.com,89106,Google Search,2025-09-08
3592,Sharon,Park,,(725) 555-3645,sharon.park@example.com,89147,Social Media,2025-09-08
3593,Miguel,Caldwell,,(702) 555-8475,miguel.caldwell2@example.com,89141,Social Media,2025-09-08
3594,Jesse,Chan,,(702) 555-7153,jesse.chan@example.com,89108,Social Media,2025-09-09
3595,Eric,Singh,,(702) 555-9324,eric.singh@example.com,89108,Google Search,2025-09-09
3596,Pamela,McCoy,,(702) 555-5329,pamela.mccoy@example.com,89145,Google Search,2025-09-09
3597,Gary,Mitchell,,(702) 555-7987,gary.mitchell@example.com,89138,Walk-in,2025-09-09
3598,Kathleen,Woods,,(702) 555-3754,kathleen.woods@example.com,89113,Google Search,2025-09-09
3599,Jesse,Young,,(702) 555-1886,jesse.young@example.com,89178,Referral,2025-09-09
3600,Ana,Butler,,(702) 555-7621,ana.butler@example.com,89144,Social Media,2025-09-09
3601,Kayla,Rodgers,,(725) 555-2392,,89128,Social Media,2025-09-10
3602,Yuki,Murphy,,(702) 555-6862,yuki.murphy@example.com,89121,Google Search,2025-09-10
3603,Richard,Turner,,(702) 555-0452,richard.turner@example.com,89113,Referral,2025-09-10
3604,Sharon,Santiago,,(702) 555-4747,sharon.santiago@example.com,89086,Google Search,2025-09-10
3605,Grace,Hudson,,(725) 555-3562,,89139,Google Search,2025-09-10
3606,Brenda,Bradley,,(702) 555-7824,,89178,Yelp,2025-09-10
3607,Laura,Wagner,,(702) 555-3647,laura.wagner@example.com,89147,Social Media,2025-09-10
3608,Russell,Zimmerman,,(702) 555-4712,russell.zimmerman@example.com,89148,Walk-in,2025-09-10
3609,Larry,Bauer,,(702) 555-3719,larry.bauer@example.com,89110,Yelp,2025-09-10
3610,Tariq,Jackson,,(702) 555-0875,tariq.jackson@example.com,89166,Walk-in,2025-09-10
3611,Walter,Nunez,,(725) 555-3691,walter.nunez@example.com,89148,Referral,2025-09-10
3612,Raymond,Webb,,(702) 555-8866,,89052,Referral,2025-09-11
3613,Ronald,Hunt,,(702) 555-9409,ronald.hunt@example.com,89145,Google Search,2025-09-11
3614,Roy,Wells,,(702) 555-4813,,89113,Yelp,2025-09-11
3615,Joseph,Gregory,,(702) 555-6487,joseph.gregory@example.com,89119,Referral,2025-09-11
3616,Amanda,Mason,,(702) 555-9111,amanda.mason@example.com,89015,Social Media,2025-09-11
3617,Shirley,Cabrera,,(725) 555-7999,shirley.cabrera@example.com,89110,Walk-in,2025-09-11
3618,Judith,McKinney,,(702) 555-3495,judith.mckinney@example.com,89102,Google Search,2025-09-11
3619,Julia,Daniels,,(725) 555-8982,julia.daniels@example.com,89142,Walk-in,2025-09-12
3620,Michelle,Erickson,,(702) 555-3758,michelle.erickson@example.com,89148,Walk-in,2025-09-12
3621,Harold,Porter,,(702) 555-2142,harold.porter@example.com,89148,Social Media,2025-09-12
3622,Maria,Mendoza,,(725) 555-6388,maria.mendoza@example.com,89103,Social Media,2025-09-12
3623,Amanda,Fernandez,,(702) 555-2544,amanda.fernandez@example.com,89147,Google Search,2025-09-12
3624,James,George,,(702) 555-2301,james.george@example.com,89031,Yelp,2025-09-12
3625,Valeria,Curry,Curry Pest Control LLC,(702) 555-4310,valeria.curry@example.net,89103,Fleet Account,2025-09-12
3626,Omar,Ramsey,,(725) 555-2465,omar.ramsey@example.com,89011,Google Search,2025-09-12
3627,Kwame,Oconnor,,(725) 555-1920,kwame.oconnor@example.com,89139,Referral,2025-09-13
3628,Joyce,Payne,Payne Construction LLC,(725) 555-2147,joyce.payne@example.net,89107,Fleet Account,2025-09-13
3629,Linda,Townsend,,(702) 555-6782,linda.townsend@example.com,89146,Referral,2025-09-13
3630,James,Harris,,(725) 555-7071,james.harris@example.com,89118,Yelp,2025-09-14
3631,Camila,Bowen,,(702) 555-0983,camila.bowen@example.com,89109,Walk-in,2025-09-14
3632,Kyle,Castaneda,,(702) 555-3813,kyle.castaneda@example.com,89148,Referral,2025-09-14
3633,Samuel,Molina,,(702) 555-5313,samuel.molina@example.com,89117,Social Media,2025-09-15
3634,Gabriel,Padilla,,(725) 555-8442,gabriel.padilla@example.com,89074,Referral,2025-09-15
3635,Sandra,Simmons,,(702) 555-2748,sandra.simmons@example.com,89131,Google Search,2025-09-15
3636,Michael,Valdez,,(702) 555-1411,michael.valdez@example.com,89178,Social Media,2025-09-16
3637,Julie,Lin,,(702) 555-7763,julie.lin@example.com,89178,Social Media,2025-09-16
3638,Jose,Leon,,(702) 555-4739,jose.leon@example.com,89118,Google Search,2025-09-16
3639,Christian,Adams,,(702) 555-4898,christian.adams@example.com,89139,Yelp,2025-09-16
3640,Deborah,Hansen,,(702) 555-3276,deborah.hansen@example.com,89103,Social Media,2025-09-16
3641,Arjun,Clark,,(725) 555-1761,arjun.clark@example.com,89139,Google Search,2025-09-16
3642,Billy,Doyle,,(702) 555-7112,,89052,Social Media,2025-09-16
3643,Kenneth,Nichols,,(702) 555-9581,kenneth.nichols@example.com,89128,Yelp,2025-09-17
3644,Michael,Cross,Cross Property Management LLC,(702) 555-3930,michael.cross@example.net,89139,Fleet Account,2025-09-17
3645,Megan,Chapman,,(702) 555-5094,megan.chapman@example.com,89113,Walk-in,2025-09-17
3646,Shirley,Carpenter,,(702) 555-9803,shirley.carpenter@example.com,89145,Referral,2025-09-17
3647,Angela,Juarez,,(702) 555-7406,angela.juarez@example.com,89120,Walk-in,2025-09-17
3648,Christine,Perry,,(702) 555-7986,christine.perry2@example.com,89103,Yelp,2025-09-17
3649,Mark,Patterson,,(702) 555-2778,mark.patterson@example.com,89012,Social Media,2025-09-18
3650,Grace,George,,(702) 555-0515,,89148,Google Search,2025-09-18
3651,Ryan,Riley,,(702) 555-2880,ryan.riley@example.com,89148,Social Media,2025-09-18
3652,Lisa,Robles,,(725) 555-7215,lisa.robles2@example.com,89144,Yelp,2025-09-18
3653,Nicholas,Todd,,(702) 555-0542,nicholas.todd@example.com,89118,Referral,2025-09-18
3654,Patrick,Dennis,,(702) 555-1484,patrick.dennis2@example.com,89144,Google Search,2025-09-19
3655,Teresa,Mendez,,(725) 555-5555,teresa.mendez@example.com,89148,Referral,2025-09-19
3656,Katherine,Moreno,,(725) 555-6500,katherine.moreno@example.com,89130,Walk-in,2025-09-19
3657,Justin,Sutton,,(702) 555-9168,,89102,Social Media,2025-09-19
3658,Christian,Hudson,,(702) 555-3678,christian.hudson@example.com,89117,Referral,2025-09-19
3659,Zachary,Edwards,,(702) 555-2813,,89183,Social Media,2025-09-19
3660,Beverly,Perry,,(725) 555-9233,beverly.perry@example.com,89138,Google Search,2025-09-20
3661,Larry,Park,,(702) 555-5398,larry.park@example.com,89183,Google Search,2025-09-20
3662,Richard,Pacheco,,(702) 555-6363,richard.pacheco@example.com,89183,Yelp,2025-09-20
3663,Russell,Reese,,(702) 555-2509,russell.reese@example.com,89138,Google Search,2025-09-21
3664,Arthur,Dennis,,(702) 555-6609,arthur.dennis@example.com,89107,Walk-in,2025-09-21
3665,Stephen,Barton,,(725) 555-6759,stephen.barton@example.com,89107,Referral,2025-09-21
3666,Imani,Campos,,(702) 555-7066,imani.campos@example.com,89183,Google Search,2025-09-22
3667,Daniel,Mitchell,,(702) 555-6918,daniel.mitchell@example.com,89178,Social Media,2025-09-22
3668,Dorothy,Guzman,,(702) 555-1741,dorothy.guzman@example.com,89139,Yelp,2025-09-22
3669,Stephanie,Willis,,(702) 555-3283,stephanie.willis@example.com,89113,Walk-in,2025-09-22
3670,Danielle,Hopkins,,(702) 555-3658,danielle.hopkins@example.com,89108,Google Search,2025-09-22
3671,Diane,Herrera,,(702) 555-3781,,89146,Walk-in,2025-09-23
3672,Catherine,Singh,,(702) 555-4137,catherine.singh@example.com,89146,Social Media,2025-09-23
3673,John,Stone,,(702) 555-2857,,89148,Social Media,2025-09-23
3674,Ashley,Romero,,(725) 555-1228,ashley.romero@example.com,89118,Google Search,2025-09-24
3675,Amber,Schroeder,,(702) 555-5527,amber.schroeder@example.com,89113,Walk-in,2025-09-24
3676,Joshua,Ramsey,,(702) 555-1110,joshua.ramsey@example.com,89119,Google Search,2025-09-24
3677,Noah,Newman,,(702) 555-0666,noah.newman@example.com,89144,Google Search,2025-09-24
3678,Aisha,Ruiz,,(702) 555-2912,aisha.ruiz@example.com,89178,Google Search,2025-09-24
3679,Joe,Burns,,(725) 555-8066,,89108,Referral,2025-09-25
3680,Lisa,Hunt,,(702) 555-6256,lisa.hunt2@example.com,89108,Walk-in,2025-09-25
3681,Brian,Contreras,,(725) 555-1159,brian.contreras@example.com,89183,Walk-in,2025-09-25
3682,Katherine,Herrera,,(702) 555-9240,katherine.herrera@example.com,89123,Yelp,2025-09-25
3683,Bobby,Jenkins,Jenkins Plumbing LLC,(702) 555-1437,bobby.jenkins@example.net,89081,Fleet Account,2025-09-25
3684,Megan,Stephens,,(702) 555-2143,megan.stephens@example.com,89118,Referral,2025-09-25
3685,Angela,Elliott,Elliott Pool Service LLC,(702) 555-2516,angela.elliott@example.net,89148,Fleet Account,2025-09-25
3686,Aisha,Benson,,(725) 555-0023,aisha.benson@example.com,89183,Google Search,2025-09-26
3687,Paul,Contreras,,(702) 555-2005,paul.contreras@example.com,89183,Walk-in,2025-09-26
3688,Ethan,Griffith,,(702) 555-7553,ethan.griffith@example.com,89109,Google Search,2025-09-28
3689,Vincent,Price,,(702) 555-5303,vincent.price@example.com,89130,Referral,2025-09-28
3690,Leila,Mejia,Mejia Pool Service LLC,(702) 555-4423,leila.mejia@example.net,89156,Fleet Account,2025-09-29
3691,Matthew,Moran,,(725) 555-3397,matthew.moran@example.com,89147,Google Search,2025-09-29
3692,Ashley,Welch,Welch Construction LLC,(702) 555-9130,ashley.welch@example.net,89123,Fleet Account,2025-09-30
3693,Maria,Marquez,Marquez Electric LLC,(702) 555-3790,maria.marquez@example.net,89131,Fleet Account,2025-09-30
3694,Mary,Byrd,,(702) 555-7022,mary.byrd@example.com,89113,Google Search,2025-09-30
3695,Bradley,Hubbard,,(702) 555-1168,,89117,Yelp,2025-09-30
3696,Brandon,Montgomery,,(702) 555-8803,brandon.montgomery@example.com,89128,Yelp,2025-09-30
3697,Leila,Alexander,Alexander Property Management LLC,(702) 555-3159,leila.alexander@example.net,89178,Fleet Account,2025-09-30
3698,Gary,Bowen,,(702) 555-5390,gary.bowen@example.com,89012,Social Media,2025-10-01
3699,Thomas,Johnston,,(702) 555-2460,thomas.johnston@example.com,89014,Referral,2025-10-01
3700,Christopher,Evans,,(702) 555-3651,christopher.evans@example.com,89117,Yelp,2025-10-01
3701,Carolyn,Gray,,(725) 555-1319,carolyn.gray@example.com,89149,Walk-in,2025-10-01
3702,Brenda,Lopez,,(702) 555-6885,brenda.lopez2@example.com,89103,Walk-in,2025-10-01
3703,Anna,Gordon,,(702) 555-0492,anna.gordon@example.com,89103,Google Search,2025-10-01
3704,Marcus,Curtis,,(702) 555-5227,marcus.curtis@example.com,89113,Yelp,2025-10-01
3705,Nancy,Lane,,(702) 555-1782,nancy.lane@example.com,89148,Referral,2025-10-01
3706,Bradley,Hicks,,(702) 555-0092,bradley.hicks@example.com,89015,Google Search,2025-10-02
3707,Jason,Suarez,,(725) 555-0972,jason.suarez2@example.com,89113,Yelp,2025-10-02
3708,Robert,Molina,,(725) 555-3808,robert.molina@example.com,89139,Social Media,2025-10-02
3709,Elizabeth,Vargas,,(725) 555-1169,elizabeth.vargas@example.com,89118,Referral,2025-10-03
3710,Carl,Bowers,Bowers Electric LLC,(725) 555-0941,carl.bowers@example.net,89139,Fleet Account,2025-10-03
3711,Samuel,Norman,Norman Courier Services LLC,(702) 555-9349,samuel.norman@example.net,89113,Fleet Account,2025-10-03
3712,Jacqueline,Lopez,,(702) 555-1772,jacqueline.lopez@example.com,89148,Walk-in,2025-10-03
3713,Joseph,Davis,,(702) 555-7229,joseph.davis@example.com,89074,Walk-in,2025-10-03
3714,Ryan,Guzman,,(702) 555-5348,ryan.guzman@example.com,89128,Walk-in,2025-10-04
3715,Nancy,Rodgers,,(702) 555-7813,,89135,Walk-in,2025-10-04
3716,Albert,Todd,,(702) 555-3487,albert.todd@example.com,89012,Google Search,2025-10-04
3717,Karen,Mendoza,,(702) 555-6490,karen.mendoza@example.com,89113,Referral,2025-10-06
3718,Anthony,Zimmerman,,(702) 555-5736,anthony.zimmerman@example.com,89113,Social Media,2025-10-06
3719,Evelyn,Garcia,,(702) 555-7974,evelyn.garcia@example.com,89147,Google Search,2025-10-07
3720,Julie,Bailey,,(702) 555-3690,julie.bailey@example.com,89123,Referral,2025-10-07
3721,Carolyn,Owens,,(725) 555-7807,carolyn.owens@example.com,89118,Social Media,2025-10-07
3722,Omar,Molina,,(702) 555-4933,omar.molina@example.com,89178,Social Media,2025-10-07
3723,Hiroshi,Doyle,,(702) 555-6461,hiroshi.doyle@example.com,89123,Google Search,2025-10-07
3724,Denise,Henry,,(702) 555-5889,denise.henry@example.com,89117,Google Search,2025-10-07
3725,Anthony,Roberts,,(702) 555-6304,anthony.roberts@example.com,89113,Google Search,2025-10-07
3726,Willie,Benson,,(702) 555-7279,willie.benson@example.com,89119,Referral,2025-10-07
3727,Julia,Chen,,(725) 555-2216,julia.chen@example.com,89142,Google Search,2025-10-07
3728,Catherine,Hamilton,,(702) 555-1136,catherine.hamilton@example.com,89104,Social Media,2025-10-07
3729,Frank,Perez,,(702) 555-2502,frank.perez@example.com,89113,Referral,2025-10-08
3730,Ruth,Jones,,(725) 555-1813,ruth.jones@example.com,89117,Social Media,2025-10-08
3731,Tyler,Lee,,(702) 555-5936,tyler.lee@example.com,89118,Walk-in,2025-10-08
3732,Stephen,Boyd,,,stephen.boyd@example.com,89118,Yelp,2025-10-08
3733,Rachel,Weaver,,,rachel.weaver@example.com,89144,Walk-in,2025-10-08
3734,Gloria,Todd,,(725) 555-6253,gloria.todd@example.com,89139,Yelp,2025-10-08
3735,Mary,Fitzgerald,,(702) 555-8160,mary.fitzgerald@example.com,89119,Yelp,2025-10-09
3736,Heather,Bell,,(702) 555-3471,heather.bell@example.com,89139,Referral,2025-10-09
3737,Andrea,Allen,,(702) 555-7958,andrea.allen@example.com,89148,Referral,2025-10-09
3738,Joseph,Hartman,,(702) 555-0091,joseph.hartman@example.com,89074,Google Search,2025-10-09
3739,Imani,Parsons,,(702) 555-3340,,89120,Social Media,2025-10-09
3740,William,Wilson,,(702) 555-4050,,89052,Google Search,2025-10-10
3741,Jennifer,Smith,,(702) 555-4916,,89178,Referral,2025-10-10
3742,Victoria,Holmes,,(702) 555-3755,victoria.holmes@example.com,89135,Yelp,2025-10-10
3743,Abigail,Byrd,,(702) 555-2824,abigail.byrd@example.com,89139,Google Search,2025-10-11
3744,Lawrence,Bates,,(702) 555-2824,lawrence.bates@example.com,89146,Referral,2025-10-11
3745,Kyle,Logan,,(702) 555-8387,kyle.logan@example.com,89120,Yelp,2025-10-11
3746,Patrick,Love,,(725) 555-3615,,89146,Google Search,2025-10-13
3747,Amara,Owens,,(702) 555-0816,amara.owens@example.com,89148,Google Search,2025-10-13
3748,Grace,Day,,(702) 555-6062,grace.day@example.com,89178,Walk-in,2025-10-13
3749,Cynthia,Davidson,,(725) 555-5906,cynthia.davidson@example.com,89148,Google Search,2025-10-13
3750,Benjamin,Reid,,(702) 555-8548,benjamin.reid@example.com,89103,Google Search,2025-10-13
3751,Betty,Sims,,,betty.sims@example.com,89141,Social Media,2025-10-14
3752,Gloria,Ward,,(725) 555-8362,gloria.ward@example.com,89118,Google Search,2025-10-14
3753,Richard,White,,(702) 555-6218,richard.white@example.com,89135,Referral,2025-10-14
3754,Bruce,Carlson,,(702) 555-4018,bruce.carlson@example.com,89179,Walk-in,2025-10-14
3755,George,Moran,,(702) 555-3137,george.moran@example.com,89141,Yelp,2025-10-14
3756,Lawrence,Lyons,,(725) 555-9683,lawrence.lyons@example.com,89103,Walk-in,2025-10-15
3757,Linda,Deleon,Deleon Plumbing LLC,(702) 555-3628,linda.deleon@example.net,89130,Fleet Account,2025-10-15
3758,Juan,Roman,,(702) 555-1693,,89119,Google Search,2025-10-16
3759,Barbara,Hampton,,(702) 555-0897,barbara.hampton@example.com,89102,Referral,2025-10-16
3760,Benjamin,Manning,,(702) 555-5360,benjamin.manning@example.com,89103,Google Search,2025-10-16
3761,Michelle,Moody,,(702) 555-4265,michelle.moody@example.com,89118,Referral,2025-10-17
3762,Peter,Rivera,,(702) 555-3829,peter.rivera@example.com,89117,Referral,2025-10-17
3763,Melissa,Obrien,,(702) 555-1382,melissa.obrien@example.com,89074,Google Search,2025-10-17
3764,Patrick,Rose,,(702) 555-6099,patrick.rose@example.com,89138,Google Search,2025-10-17
3765,Priya,Davis,,(702) 555-6010,priya.davis@example.com,89148,Social Media,2025-10-18
3766,Noah,Anderson,,(702) 555-3613,noah.anderson@example.com,89148,Walk-in,2025-10-18
3767,Amy,Carlson,,(702) 555-9293,,89148,Social Media,2025-10-18
3768,Anna,Conner,,(725) 555-1683,anna.conner@example.com,89146,Social Media,2025-10-19
3769,Megan,Allen,Allen Construction LLC,(702) 555-5117,megan.allen@example.net,89106,Fleet Account,2025-10-19
3770,Evelyn,Hunt,,(725) 555-5989,evelyn.hunt@example.com,89183,Referral,2025-10-19
3771,Ethan,Parks,,(702) 555-2434,ethan.parks@example.com,89147,Referral,2025-10-19
3772,Frank,Malone,,(702) 555-9978,frank.malone@example.com,89135,Referral,2025-10-20
3773,Christian,Meyer,,(702) 555-4984,christian.meyer@example.com,89115,Referral,2025-10-20
3774,Amy,Trujillo,,(702) 555-2563,amy.trujillo@example.com,89102,Referral,2025-10-20
3775,Emma,Osborne,,(702) 555-4798,emma.osborne@example.com,89118,Google Search,2025-10-20
3776,Kevin,Snyder,,(702) 555-5234,,89123,Google Search,2025-10-20
3777,Tariq,Juarez,Juarez Landscaping LLC,(702) 555-2053,tariq.juarez@example.net,89103,Fleet Account,2025-10-20
3778,Randy,West,,(702) 555-5136,randy.west@example.com,89113,Referral,2025-10-21
3779,Rebecca,Day,,(702) 555-1540,rebecca.day@example.com,89108,Yelp,2025-10-21
3780,Judith,Weber,,(702) 555-2946,judith.weber@example.com,89108,Social Media,2025-10-21
3781,Pamela,Goodman,,(725) 555-4875,,89031,Referral,2025-10-21
3782,Betty,Holland,,(702) 555-9829,betty.holland@example.com,89015,Yelp,2025-10-21
3783,Linh,Williams,,(702) 555-7576,linh.williams@example.com,89109,Walk-in,2025-10-21
3784,Darnell,Norris,,(702) 555-4646,,89108,Google Search,2025-10-22
3785,Amy,Ward,,(702) 555-5047,amy.ward@example.com,89108,Social Media,2025-10-22
3786,Jeremy,Clarke,,(702) 555-0005,jeremy.clarke@example.com,89148,Social Media,2025-10-22
3787,Ryan,Brady,,(702) 555-4726,,89113,Referral,2025-10-22
3788,Edward,Rhodes,,(702) 555-4873,edward.rhodes@example.com,89139,Google Search,2025-10-22
3789,Richard,Valencia,,(702) 555-2173,richard.valencia@example.com,89139,Google Search,2025-10-22
3790,Lisa,Harper,,(702) 555-2737,lisa.harper@example.com,89113,Google Search,2025-10-22
3791,Larry,Wu,,(702) 555-3622,larry.wu@example.com,89102,Walk-in,2025-10-23
3792,Sarah,Howard,,(725) 555-2657,sarah.howard@example.com,89147,Referral,2025-10-23
3793,Lauren,Wade,,(702) 555-4438,lauren.wade@example.com,89113,Walk-in,2025-10-23
3794,Olivia,Carroll,,(702) 555-3063,olivia.carroll@example.com,89012,Yelp,2025-10-23
3795,Angela,Austin,,(702) 555-2491,angela.austin@example.com,89135,Google Search,2025-10-23
3796,Juan,Daniel,,(725) 555-5550,juan.daniel@example.com,89147,Walk-in,2025-10-23
3797,Gregory,Person,,(702) 555-1099,gregory.person@example.com,89178,Yelp,2025-10-23
3798,Abigail,Newman,,(725) 555-4200,abigail.newman@example.com,89113,Social Media,2025-10-23
3799,Joseph,Gill,,(725) 555-4666,joseph.gill@example.com,89103,Google Search,2025-10-23
3800,Brittany,Henry,,(702) 555-8415,brittany.henry@example.com,89141,Google Search,2025-10-23
3801,Patricia,Warner,Warner Mobile Detailing LLC,(725) 555-7136,patricia.warner@example.net,89146,Fleet Account,2025-10-23
3802,Tariq,French,French Property Management LLC,(702) 555-3859,tariq.french@example.net,89178,Fleet Account,2025-10-24
3803,Frances,White,,(702) 555-3269,frances.white@example.com,89113,Referral,2025-10-24
3804,Denise,Riley,,(702) 555-3246,denise.riley@example.com,89146,Google Search,2025-10-25
3805,Kayla,Rose,,(702) 555-9960,kayla.rose@example.com,89144,Yelp,2025-10-25
3806,Raymond,Castro,,(702) 555-4950,raymond.castro@example.com,89148,Google Search,2025-10-25
3807,Tamika,Craig,,(702) 555-6294,tamika.craig@example.com,89139,Referral,2025-10-25
3808,Elijah,Jenkins,,(725) 555-3510,elijah.jenkins@example.com,89139,Referral,2025-10-25
3809,Jacqueline,Frazier,,(725) 555-4386,jacqueline.frazier@example.com,89109,Yelp,2025-10-25
3810,Anthony,French,French Pool Service LLC,(702) 555-0692,anthony.french@example.net,89119,Fleet Account,2025-10-26
3811,William,Wright,,(702) 555-6163,,89148,Google Search,2025-10-26
3812,Beverly,Ortiz,,(702) 555-4502,,89113,Google Search,2025-10-26
3813,Kayla,Bauer,,(702) 555-0165,kayla.bauer@example.com,89121,Yelp,2025-10-26
3814,Caleb,Reynolds,,(702) 555-9008,caleb.reynolds@example.com,89129,Referral,2025-10-27
3815,Joe,Parker,,(725) 555-0184,joe.parker@example.com,89117,Referral,2025-10-27
3816,Frank,Thompson,,(702) 555-6627,frank.thompson@example.com,89109,Google Search,2025-10-27
3817,Mark,White,,(702) 555-5219,mark.white@example.com,89139,Referral,2025-10-28
3818,Sofia,George,,(702) 555-0530,sofia.george@example.com,89106,Social Media,2025-10-28
3819,Roy,Pierce,,(702) 555-3603,roy.pierce@example.com,89147,Walk-in,2025-10-28
3820,Gabriela,Moss,,(702) 555-1466,gabriela.moss@example.com,89012,Google Search,2025-10-28
3821,Ana,Stevens,,(702) 555-9622,ana.stevens@example.com,89117,Yelp,2025-10-28
3822,Mei,Hunter,,(702) 555-3456,mei.hunter@example.com,89139,Google Search,2025-10-28
3823,Ann,Andrade,,(725) 555-5205,ann.andrade@example.com,89148,Walk-in,2025-10-28
3824,Alice,Perez,,(702) 555-9616,alice.perez@example.com,89135,Walk-in,2025-10-28
3825,Pamela,Jimenez,,(725) 555-1551,pamela.jimenez@example.com,89108,Yelp,2025-10-29
3826,Andre,Sanchez,,(702) 555-1956,andre.sanchez@example.com,89117,Google Search,2025-10-29
3827,Adam,Greene,,(702) 555-9856,adam.greene@example.com,89031,Social Media,2025-10-29
3828,Kwame,Arnold,,(702) 555-7764,kwame.arnold@example.com,89110,Google Search,2025-10-29
3829,Rosa,Camacho,,(725) 555-8272,rosa.camacho@example.com,89118,Google Search,2025-10-29
3830,Austin,Kelley,,(725) 555-0314,austin.kelley@example.com,89110,Walk-in,2025-10-29
3831,David,Reeves,Reeves Electric LLC,(702) 555-4169,david.reeves@example.net,89147,Fleet Account,2025-10-29
3832,Terry,Dunn,,(702) 555-5996,,89113,Google Search,2025-10-29
3833,Arthur,Miller,,(725) 555-7823,arthur.miller@example.com,89147,Walk-in,2025-10-30
3834,Christopher,Perkins,Perkins Landscaping LLC,(702) 555-8208,christopher.perkins@example.net,89103,Fleet Account,2025-10-30
3835,Benjamin,Murphy,,(702) 555-2847,benjamin.murphy@example.com,89144,Google Search,2025-10-30
3836,Ruth,Carroll,,(702) 555-0602,ruth.carroll@example.com,89117,Google Search,2025-10-30
3837,Jacob,Moreno,,(702) 555-1497,jacob.moreno@example.com,89147,Google Search,2025-10-30
3838,Matthew,Morales,Morales Property Management LLC,(702) 555-3731,matthew.morales@example.net,89178,Fleet Account,2025-10-30
3839,Sofia,Lopez,,(702) 555-3977,sofia.lopez@example.com,89147,Social Media,2025-10-30
3840,Theresa,Barnett,,(725) 555-3784,theresa.barnett@example.com,89178,Yelp,2025-10-31
3841,Daniel,Christensen,,(702) 555-5388,daniel.christensen@example.com,89141,Yelp,2025-10-31
3842,Jacqueline,Wilson,,(702) 555-1888,jacqueline.wilson@example.com,89123,Referral,2025-10-31
3843,Victoria,French,,(725) 555-2629,victoria.french@example.com,89178,Google Search,2025-10-31
3844,Sophia,Mueller,Mueller Pool Service LLC,(702) 555-6268,sophia.mueller@example.net,89103,Fleet Account,2025-10-31
3845,Barbara,McKinney,,(702) 555-1518,barbara.mckinney@example.com,89144,Google Search,2025-10-31
3846,Marilyn,Garcia,,(702) 555-8795,marilyn.garcia@example.com,89103,Referral,2025-11-01
3847,Priya,Carpenter,,(702) 555-7607,priya.carpenter@example.com,89147,Google Search,2025-11-01
3848,Tyler,Wu,,(702) 555-1529,tyler.wu@example.com,89015,Google Search,2025-11-01
3849,Roger,Serrano,,,roger.serrano@example.com,89107,Google Search,2025-11-02
3850,Mary,Cervantes,,(702) 555-8996,mary.cervantes@example.com,89148,Referral,2025-11-03
3851,Mohammed,Camacho,,(702) 555-8480,mohammed.camacho@example.com,89179,Yelp,2025-11-03
3852,Fatima,Long,,(725) 555-2904,fatima.long@example.com,89014,Social Media,2025-11-03
3853,Randy,Taylor,,(702) 555-6983,randy.taylor@example.com,89113,Yelp,2025-11-03
3854,Donna,Webster,,(702) 555-2258,donna.webster@example.com,89139,Referral,2025-11-03
3855,Andres,Calderon,,(725) 555-7920,andres.calderon2@example.com,89139,Google Search,2025-11-04
3856,Fatima,Gallagher,,(702) 555-3923,fatima.gallagher@example.com,89178,Social Media,2025-11-04
3857,Alexander,Manning,,(702) 555-3089,alexander.manning@example.com,89118,Social Media,2025-11-04
3858,Nathan,Chan,,(725) 555-9665,nathan.chan@example.com,89113,Referral,2025-11-05
3859,Aaron,Santos,,(725) 555-2627,,89113,Referral,2025-11-05
3860,Keith,Wu,,(702) 555-2300,keith.wu@example.com,89117,Referral,2025-11-05
3861,Jeremy,Reynolds,,(702) 555-3040,jeremy.reynolds@example.com,89113,Referral,2025-11-05
3862,Sophia,Curtis,,(702) 555-1114,sophia.curtis@example.com,89178,Social Media,2025-11-05
3863,Anthony,Little,,(702) 555-0063,anthony.little@example.com,89118,Walk-in,2025-11-05
3864,Cheryl,Murphy,,(702) 555-1926,cheryl.murphy@example.com,89178,Google Search,2025-11-06
3865,Jonathan,Lyons,,(702) 555-1234,jonathan.lyons@example.com,89113,Yelp,2025-11-06
3866,Ethan,Juarez,,(702) 555-1400,ethan.juarez@example.com,89119,Referral,2025-11-06
3867,Daniel,Higgins,,(725) 555-2998,daniel.higgins@example.com,89146,Walk-in,2025-11-06
3868,Lucas,Rosales,,(702) 555-8196,lucas.rosales@example.com,89141,Google Search,2025-11-06
3869,Rosa,Santiago,,(702) 555-8052,rosa.santiago@example.com,89052,Google Search,2025-11-06
3870,Wayne,Parker,,(702) 555-1241,,89139,Walk-in,2025-11-06
3871,Eric,Hill,Hill Mobile Detailing LLC,(702) 555-0317,eric.hill@example.net,89102,Fleet Account,2025-11-06
3872,Eric,Thompson,,(702) 555-6944,eric.thompson@example.com,89129,Google Search,2025-11-06
3873,Martha,Cooper,,(702) 555-1554,,89146,Google Search,2025-11-06
3874,Melissa,Dennis,,(702) 555-9392,melissa.dennis@example.com,89106,Yelp,2025-11-07
3875,Peter,Hunt,,(702) 555-7338,peter.hunt@example.com,89178,Referral,2025-11-07
3876,Jorge,Chandler,,(702) 555-2060,jorge.chandler@example.com,89109,Google Search,2025-11-07
3877,Douglas,Baldwin,,(702) 555-3064,douglas.baldwin@example.com,89103,Social Media,2025-11-08
3878,Stephen,Johnston,Johnston HVAC Services LLC,(702) 555-4983,stephen.johnston@example.net,89178,Fleet Account,2025-11-08
3879,Alexis,Cannon,,(702) 555-3122,alexis.cannon@example.com,89117,Google Search,2025-11-08
3880,Gloria,Wagner,,(702) 555-3668,gloria.wagner@example.com,89102,Google Search,2025-11-09
3881,James,Jenkins,,(702) 555-9293,,89128,Referral,2025-11-09
3882,Natalie,Bailey,Bailey Pest Control LLC,(702) 555-9295,natalie.bailey@example.net,89109,Fleet Account,2025-11-09
3883,Martha,Montoya,,(702) 555-8574,martha.montoya@example.com,89135,Social Media,2025-11-10
3884,Gregory,Hunt,,(702) 555-7909,gregory.hunt@example.com,89148,Google Search,2025-11-10
3885,Peter,Ford,,(702) 555-0957,peter.ford@example.com,89128,Referral,2025-11-10
3886,Elijah,Swanson,,(725) 555-6493,,89130,Google Search,2025-11-11
3887,Christian,Watson,,(702) 555-3759,christian.watson@example.com,89119,Walk-in,2025-11-11
3888,Zachary,Morales,,(702) 555-0093,zachary.morales@example.com,89178,Yelp,2025-11-11
3889,Amber,Cardenas,,(702) 555-7317,amber.cardenas@example.com,89139,Google Search,2025-11-11
3890,Wayne,Mueller,,(702) 555-9493,,89118,Referral,2025-11-12
3891,Madison,Townsend,,(702) 555-2083,madison.townsend@example.com,89074,Walk-in,2025-11-12
3892,Gabriel,Espinoza,,(702) 555-4104,gabriel.espinoza@example.com,89145,Google Search,2025-11-12
3893,Debra,Curry,Curry Mobile Detailing LLC,(702) 555-3231,debra.curry@example.net,89146,Fleet Account,2025-11-12
3894,Karen,Sandoval,,(725) 555-2181,karen.sandoval@example.com,89102,Google Search,2025-11-12
3895,Gregory,Estrada,Estrada HVAC Services LLC,(702) 555-8595,gregory.estrada@example.net,89134,Fleet Account,2025-11-12
3896,Aaron,Dixon,,(702) 555-9957,,89128,Google Search,2025-11-12
3897,Melissa,Holland,,(702) 555-1218,melissa.holland@example.com,89179,Yelp,2025-11-12
3898,Andres,White,,(702) 555-6817,,89139,Referral,2025-11-12
3899,Bobby,Hartman,,(702) 555-9384,,89148,Yelp,2025-11-12
3900,Ronald,Freeman,,(702) 555-4895,ronald.freeman@example.com,89106,Walk-in,2025-11-13
3901,Jasmine,Doyle,,(702) 555-3713,jasmine.doyle@example.com,89118,Yelp,2025-11-14
3902,Yuki,Leonard,,(725) 555-6174,,89146,Yelp,2025-11-14
3903,Wei,Bennett,,(725) 555-5161,wei.bennett@example.com,89052,Referral,2025-11-14
3904,Ethan,Black,Black Pest Control LLC,(702) 555-3276,ethan.black@example.net,89147,Fleet Account,2025-11-15
3905,Alexis,Hail,,(702) 555-8238,,89130,Walk-in,2025-11-15
3906,Aaron,Baldwin,,(702) 555-3163,aaron.baldwin@example.com,89052,Referral,2025-11-15
3907,Jose,Carrillo,,(702) 555-0915,jose.carrillo@example.com,89109,Referral,2025-11-16
3908,Tariq,Fleming,,(702) 555-8415,tariq.fleming@example.com,89118,Google Search,2025-11-17
3909,Gabriela,Rosales,,(702) 555-9038,gabriela.rosales@example.com,89118,Google Search,2025-11-17
3910,Rosa,Casey,,(725) 555-4335,rosa.casey@example.com,89123,Referral,2025-11-18
3911,Mason,Garrett,,(702) 555-4543,mason.garrett@example.com,89129,Google Search,2025-11-18
3912,Arjun,Ryan,,(702) 555-1633,arjun.ryan@example.com,89118,Google Search,2025-11-18
3913,Kelly,Oliver,,(702) 555-6576,kelly.oliver@example.com,89052,Google Search,2025-11-18
3914,Nicole,Terry,,(725) 555-3540,nicole.terry@example.com,89139,Google Search,2025-11-18
3915,Gabriel,Harvey,,(702) 555-9758,gabriel.harvey@example.com,89144,Walk-in,2025-11-18
3916,Minh,Molina,,(702) 555-7745,minh.molina@example.com,89118,Social Media,2025-11-18
3917,Jacob,Sims,Sims Landscaping LLC,(702) 555-7476,jacob.sims@example.net,89103,Fleet Account,2025-11-18
3918,Carl,Campbell,,(702) 555-0018,carl.campbell@example.com,89101,Google Search,2025-11-19
3919,Valeria,Ford,,(725) 555-0182,valeria.ford@example.com,89139,Social Media,2025-11-19
3920,Keisha,Chambers,,(702) 555-8598,keisha.chambers@example.com,89148,Yelp,2025-11-19
3921,Sharon,Day,,(702) 555-8556,,89139,Referral,2025-11-19
3922,Ethan,Herrera,,(702) 555-1699,,89146,Google Search,2025-11-20
3923,Samantha,Dominguez,,(702) 555-7746,samantha.dominguez@example.com,89118,Walk-in,2025-11-20
3924,Matthew,Ruiz,,(702) 555-2643,matthew.ruiz@example.com,89139,Referral,2025-11-20
3925,Brenda,Barber,,(702) 555-1480,brenda.barber@example.com,89178,Yelp,2025-11-20
3926,Anthony,Saunders,Saunders Construction LLC,(702) 555-5005,anthony.saunders@example.net,89146,Fleet Account,2025-11-21
3927,Mary,Kelly,,(725) 555-2533,mary.kelly@example.com,89178,Social Media,2025-11-21
3928,Lawrence,Berry,,(702) 555-0314,lawrence.berry@example.com,89102,Google Search,2025-11-21
3929,Gary,Walters,,(702) 555-5404,gary.walters@example.com,89031,Walk-in,2025-11-21
3930,Andrea,Contreras,,(702) 555-5615,andrea.contreras@example.com,89117,Walk-in,2025-11-22
3931,Jean,Parsons,,(702) 555-4054,jean.parsons@example.com,89052,Yelp,2025-11-22
3932,Gabriel,Swanson,,(702) 555-3917,gabriel.swanson@example.com,89138,Google Search,2025-11-23
3933,Kevin,Baldwin,,(702) 555-1260,kevin.baldwin@example.com,89139,Referral,2025-11-24
3934,Nathan,Schroeder,,(725) 555-4533,nathan.schroeder@example.com,89120,Referral,2025-11-25
3935,Kevin,Turner,,(702) 555-6317,kevin.turner@example.com,89123,Social Media,2025-11-25
3936,Denise,Lawrence,,(702) 555-1210,denise.lawrence@example.com,89145,Google Search,2025-11-25
3937,Beverly,Mendoza,,(725) 555-4294,beverly.mendoza@example.com,89118,Google Search,2025-11-25
3938,Jacqueline,Harrington,,(702) 555-9904,jacqueline.harrington@example.com,89120,Google Search,2025-11-25
3939,Kayla,Wade,,(725) 555-1232,kayla.wade@example.com,89119,Walk-in,2025-11-25
3940,Roger,Hudson,,(725) 555-3308,roger.hudson@example.com,89107,Referral,2025-11-25
3941,Kenneth,Christensen,,(702) 555-6420,kenneth.christensen@example.com,89141,Yelp,2025-11-26
3942,Carl,Carr,,(725) 555-6826,,89102,Referral,2025-11-26
3943,Angela,Gonzalez,,(702) 555-8538,angela.gonzalez@example.com,89119,Google Search,2025-11-26
3944,Carolyn,Maxwell,,(702) 555-7749,carolyn.maxwell@example.com,89134,Google Search,2025-11-27
3945,Edward,Holt,,(702) 555-1686,edward.holt2@example.com,89142,Google Search,2025-11-28
3946,Richard,Walsh,,(702) 555-4178,richard.walsh@example.com,89148,Social Media,2025-11-28
3947,Eric,Hartman,,(702) 555-8407,eric.hartman@example.com,89139,Google Search,2025-11-29
3948,William,Quinn,Quinn Landscaping LLC,(702) 555-6707,william.quinn@example.net,89146,Fleet Account,2025-11-29
3949,Christian,Robles,,(725) 555-7342,christian.robles@example.com,89128,Referral,2025-11-30
3950,Keith,McKinney,,(702) 555-6277,keith.mckinney@example.com,89117,Social Media,2025-11-30
3951,Cynthia,Bell,,(725) 555-0949,cynthia.bell@example.com,89144,Walk-in,2025-11-30
3952,Frank,Paul,,(702) 555-2798,frank.paul@example.com,89148,Referral,2025-12-01
3953,Amber,Haynes,,(702) 555-8750,amber.haynes@example.com,89139,Google Search,2025-12-01
3954,Keith,Powers,,(725) 555-9727,keith.powers@example.com,89119,Google Search,2025-12-02
3955,Roger,Barber,Barber HVAC Services LLC,(702) 555-1967,roger.barber@example.net,89148,Fleet Account,2025-12-02
3956,Amara,Nunez,Nunez Courier Services LLC,(725) 555-5812,amara.nunez@example.net,89142,Fleet Account,2025-12-02
3957,Manuel,Li,,(702) 555-7672,manuel.li@example.com,89102,Walk-in,2025-12-02
3958,Lori,Leonard,,(702) 555-1097,lori.leonard@example.com,89139,Google Search,2025-12-02
3959,Thomas,Rogers,,(702) 555-9514,thomas.rogers@example.com,89074,Google Search,2025-12-03
3960,Adam,Barnes,,(702) 555-0758,adam.barnes@example.com,89113,Referral,2025-12-03
3961,Sandra,Harrington,,(702) 555-3159,sandra.harrington@example.com,89142,Walk-in,2025-12-03
3962,Elizabeth,Collins,,(702) 555-9928,elizabeth.collins@example.com,89139,Google Search,2025-12-03
3963,Maria,Kelley,,(702) 555-6738,maria.kelley@example.com,89052,Google Search,2025-12-04
3964,Mary,Patel,,(702) 555-4534,mary.patel@example.com,89147,Walk-in,2025-12-04
3965,Imani,Craig,,(725) 555-6112,imani.craig@example.com,89128,Referral,2025-12-04
3966,Samuel,Luna,,(702) 555-5430,samuel.luna@example.com,89141,Yelp,2025-12-04
3967,Anthony,Delacruz,,(702) 555-0128,anthony.delacruz@example.com,89014,Google Search,2025-12-04
3968,Christine,Watts,,(702) 555-2496,christine.watts@example.com,89123,Referral,2025-12-04
3969,Diego,Rodriguez,,(725) 555-1062,diego.rodriguez@example.com,89149,Walk-in,2025-12-04
3970,Russell,Benson,,(702) 555-7660,russell.benson@example.com,89183,Google Search,2025-12-04
3971,Gregory,Morgan,,(725) 555-7444,gregory.morgan@example.com,89128,Walk-in,2025-12-04
3972,Cynthia,Mason,,(702) 555-2644,cynthia.mason@example.com,89183,Yelp,2025-12-05
3973,Tyler,Rowe,,,,89129,Yelp,2025-12-05
3974,Rosa,Sutton,,(702) 555-8542,rosa.sutton@example.com,89146,Social Media,2025-12-05
3975,Malik,Suarez,,(702) 555-7148,malik.suarez@example.com,89145,Google Search,2025-12-05
3976,Roger,Harrington,,(702) 555-3063,,89146,Google Search,2025-12-05
3977,Nancy,Delgado,,(725) 555-4715,nancy.delgado@example.com,89178,Social Media,2025-12-06
3978,Ethan,Neal,Neal Pest Control LLC,(702) 555-1634,ethan.neal@example.net,89107,Fleet Account,2025-12-06
3979,Eric,Garza,Garza Property Management LLC,(702) 555-8860,eric.garza@example.net,89115,Fleet Account,2025-12-06
3980,Jeremy,Osborne,,(702) 555-2346,jeremy.osborne@example.com,89147,Google Search,2025-12-06
3981,Justin,Curtis,,(702) 555-1066,,89113,Referral,2025-12-07
3982,Frances,Bauer,,(702) 555-5186,frances.bauer2@example.com,89113,Social Media,2025-12-07
3983,Theresa,Bush,,(725) 555-9752,theresa.bush@example.com,89130,Referral,2025-12-07
3984,Evelyn,Reyes,,(702) 555-6269,evelyn.reyes@example.com,89113,Walk-in,2025-12-07
3985,Kelly,Jordan,Jordan HVAC Services LLC,(725) 555-8734,kelly.jordan@example.net,89108,Fleet Account,2025-12-08
3986,Jessica,Castro,Castro Electric LLC,(725) 555-0782,jessica.castro@example.net,89118,Fleet Account,2025-12-08
3987,Roger,Gardner,,(702) 555-1940,roger.gardner@example.com,89109,Referral,2025-12-09
3988,Alan,Vazquez,,(702) 555-9040,alan.vazquez@example.com,89128,Google Search,2025-12-09
3989,Mark,Bowen,Bowen Pest Control LLC,(702) 555-9668,mark.bowen@example.net,89101,Fleet Account,2025-12-09
3990,Teresa,Anderson,,(702) 555-1027,,89178,Google Search,2025-12-10
3991,Rachel,Page,,,rachel.page@example.com,89117,Yelp,2025-12-10
3992,Kevin,Manning,,(725) 555-4255,kevin.manning@example.com,89144,Social Media,2025-12-10
3993,Nicholas,Rodgers,,(725) 555-6037,nicholas.rodgers@example.com,89138,Social Media,2025-12-10
3994,Andre,Carrillo,,(702) 555-8938,andre.carrillo@example.com,89103,Walk-in,2025-12-10
3995,Jonathan,Martin,,(702) 555-3132,jonathan.martin@example.com,89074,Google Search,2025-12-10
3996,Paul,Lawrence,,(725) 555-7317,,89015,Google Search,2025-12-11
3997,Alan,Gilbert,,(702) 555-5838,alan.gilbert@example.com,89178,Google Search,2025-12-11
3998,Harold,Bryant,,(702) 555-3460,harold.bryant@example.com,89113,Social Media,2025-12-11
3999,Katherine,Frazier,,,katherine.frazier@example.com,89123,Referral,2025-12-11
4000,Roger,Barber,,(702) 555-8589,roger.barber@example.com,89139,Google Search,2025-12-11
4001,Emily,Bowers,,(725) 555-4634,emily.bowers@example.com,89179,Google Search,2025-12-11
4002,Melissa,Gill,,(725) 555-3937,melissa.gill@example.com,89135,Google Search,2025-12-11
4003,Christopher,Wong,,(702) 555-3627,christopher.wong@example.com,89129,Google Search,2025-12-12
4004,Sean,Ruiz,,(702) 555-4938,sean.ruiz@example.com,89117,Referral,2025-12-12
4005,Dennis,Holt,,(725) 555-8321,dennis.holt@example.com,89031,Walk-in,2025-12-12
4006,Ronald,Garza,,(725) 555-9506,ronald.garza@example.com,89183,Google Search,2025-12-12
4007,Christina,Richards,Richards Landscaping LLC,(725) 555-0863,christina.richards@example.net,89103,Fleet Account,2025-12-12
4008,Zachary,Hernandez,,(702) 555-6584,,89146,Walk-in,2025-12-13
4009,Bradley,Wade,,(702) 555-7872,bradley.wade@example.com,89123,Walk-in,2025-12-13
4010,Michael,Welch,,(702) 555-3474,michael.welch@example.com,89103,Google Search,2025-12-14
4011,Adam,Reyes,,(702) 555-9132,adam.reyes@example.com,89131,Referral,2025-12-14
4012,Marcus,Zhang,,(702) 555-9228,,89141,Yelp,2025-12-15
4013,Adam,Hubbard,,(702) 555-5262,,89103,Walk-in,2025-12-15
4014,Stephen,Lara,,(702) 555-8732,stephen.lara2@example.com,89139,Referral,2025-12-15
4015,Danielle,Bush,,(702) 555-9136,danielle.bush@example.com,89147,Social Media,2025-12-16
4016,Arjun,Cobb,,(725) 555-2851,,89148,Google Search,2025-12-16
4017,Tariq,George,George Pool Service LLC,(702) 555-4317,tariq.george@example.net,89145,Fleet Account,2025-12-16
4018,Rachel,Martinez,,(702) 555-6743,rachel.martinez@example.com,89178,Walk-in,2025-12-17
4019,Fatima,Powers,,(725) 555-7918,fatima.powers@example.com,89147,Walk-in,2025-12-17
4020,Carl,Holmes,,(702) 555-8881,carl.holmes@example.com,89148,Walk-in,2025-12-17
4021,Paul,Wang,,(702) 555-1737,paul.wang@example.com,89109,Referral,2025-12-17
4022,Alan,Mueller,,(725) 555-0887,alan.mueller@example.com,89135,Social Media,2025-12-17
4023,Rachel,Marquez,,(702) 555-0748,rachel.marquez@example.com,89052,Walk-in,2025-12-17
4024,Isabella,Graham,,(702) 555-5248,,89149,Walk-in,2025-12-18
4025,Noah,Barnes,,(702) 555-3106,,89014,Google Search,2025-12-18
4026,Jordan,Chambers,,(702) 555-7916,jordan.chambers@example.com,89139,Walk-in,2025-12-18
4027,Janice,Aguilar,,(702) 555-2791,janice.aguilar@example.com,89131,Referral,2025-12-19
4028,Ana,Hunter,,(725) 555-5015,ana.hunter@example.com,89139,Yelp,2025-12-19
4029,George,Newton,Newton Electric LLC,(725) 555-9203,george.newton@example.net,89031,Fleet Account,2025-12-19
4030,Liam,Hoffman,,(702) 555-0057,liam.hoffman@example.com,89147,Referral,2025-12-20
4031,Virginia,Rogers,,(725) 555-7183,virginia.rogers@example.com,89183,Google Search,2025-12-20
4032,Minh,McGee,,(702) 555-8899,minh.mcgee@example.com,89117,Referral,2025-12-20
4033,Jason,Bowers,,(702) 555-4221,jason.bowers@example.com,89147,Referral,2025-12-22
4034,Joe,Ward,,(702) 555-4310,joe.ward@example.com,89102,Referral,2025-12-22
4035,Sara,Myers,,(702) 555-2805,sara.myers@example.com,89052,Google Search,2025-12-22
4036,Nancy,Hail,,(702) 555-9426,nancy.hail@example.com,89123,Referral,2025-12-23
4037,Ethan,Phillips,,(702) 555-1865,ethan.phillips@example.com,89002,Google Search,2025-12-23
4038,Julie,Frank,,(702) 555-3286,julie.frank@example.com,89148,Referral,2025-12-24
4039,David,Blair,Blair Plumbing LLC,(702) 555-4974,david.blair@example.net,89141,Fleet Account,2025-12-24
4040,Stephen,Goodman,,(702) 555-6277,stephen.goodman@example.com,89113,Google Search,2025-12-25
4041,Diana,Calderon,,(702) 555-8234,diana.calderon@example.com,89118,Walk-in,2025-12-26
4042,Joan,Saunders,,(702) 555-9570,joan.saunders@example.com,89147,Yelp,2025-12-26
4043,Kenneth,Duncan,,(702) 555-2249,kenneth.duncan@example.com,89119,Yelp,2025-12-27
4044,Christine,Hill,Hill Mobile Detailing LLC,(702) 555-3921,christine.hill@example.net,89104,Fleet Account,2025-12-27
4045,Manuel,Tucker,,(702) 555-9025,manuel.tucker@example.com,89103,Walk-in,2025-12-27
4046,Jack,Estrada,,(702) 555-5783,jack.estrada@example.com,89139,Social Media,2025-12-28
4047,Keith,Espinoza,,(725) 555-5304,keith.espinoza@example.com,89138,Walk-in,2025-12-29
4048,Rahul,Cohen,,(702) 555-0385,rahul.cohen@example.com,89118,Google Search,2025-12-30
4049,Roy,Rivera,,(702) 555-1158,roy.rivera@example.com,89123,Walk-in,2025-12-30
4050,Aisha,Hardy,Hardy HVAC Services LLC,(702) 555-7137,aisha.hardy@example.net,89118,Fleet Account,2025-12-30
4051,Joseph,Schroeder,,(725) 555-8192,joseph.schroeder@example.com,89166,Google Search,2025-12-30
4052,James,Gutierrez,,(702) 555-5922,james.gutierrez@example.com,89139,Referral,2025-12-31
