invoice_id,work_order_id,invoice_date,discount_amount,discount_reason,tax_rate
1,4,2024-01-02,0.00,,0.08375
2,3,2024-01-02,0.00,,0.08375
3,1,2024-01-02,0.00,,0.08375
4,5,2024-01-02,0.00,,0.08375
5,10,2024-01-02,5.60,Fleet pricing (10% labor),0.08375
6,6,2024-01-02,0.00,,0.08375
7,7,2024-01-02,19.60,Fleet pricing (10% labor),0.08375
8,11,2024-01-02,0.00,,0.08375
9,12,2024-01-02,5.60,Fleet pricing (10% labor),0.08375
10,8,2024-01-03,0.00,,0.08375
11,13,2024-01-03,0.00,,0.08375
12,9,2024-01-03,0.00,,0.08375
13,15,2024-01-03,0.00,,0.08375
14,14,2024-01-03,0.00,,0.08375
15,18,2024-01-03,0.00,,0.08375
16,20,2024-01-03,0.00,,0.08375
17,19,2024-01-03,0.00,,0.08375
18,21,2024-01-03,0.00,,0.08375
19,16,2024-01-03,0.00,,0.08375
20,22,2024-01-03,0.00,,0.08375
21,2,2024-01-03,0.00,,0.08375
22,17,2024-01-03,0.00,,0.08375
23,25,2024-01-03,5.60,Fleet pricing (10% labor),0.08375
24,26,2024-01-03,0.00,,0.08375
25,23,2024-01-03,0.00,,0.08375
26,27,2024-01-04,25.20,Fleet pricing (10% labor),0.08375
27,31,2024-01-04,0.00,,0.08375
28,30,2024-01-04,0.00,,0.08375
29,28,2024-01-04,0.00,,0.08375
30,29,2024-01-04,0.00,,0.08375
31,32,2024-01-04,0.00,,0.08375
32,33,2024-01-04,0.00,,0.08375
33,35,2024-01-04,0.00,,0.08375
34,38,2024-01-04,0.00,,0.08375
35,36,2024-01-04,0.00,,0.08375
36,37,2024-01-04,0.00,,0.08375
37,40,2024-01-04,0.00,,0.08375
38,34,2024-01-04,0.00,,0.08375
39,39,2024-01-04,0.00,,0.08375
40,43,2024-01-05,0.00,,0.08375
41,46,2024-01-05,0.00,,0.08375
42,44,2024-01-05,0.00,,0.08375
43,50,2024-01-05,0.00,,0.08375
44,47,2024-01-05,25.00,Loyalty reward,0.08375
45,53,2024-01-05,0.00,,0.08375
46,41,2024-01-05,0.00,,0.08375
47,42,2024-01-05,0.00,,0.08375
48,52,2024-01-05,0.00,,0.08375
49,48,2024-01-05,0.00,,0.08375
50,45,2024-01-05,0.00,,0.08375
51,51,2024-01-05,0.00,,0.08375
52,24,2024-01-05,0.00,,0.08375
53,49,2024-01-05,0.00,,0.08375
54,54,2024-01-05,0.00,,0.08375
55,55,2024-01-06,0.00,,0.08375
56,56,2024-01-06,0.00,,0.08375
57,57,2024-01-06,0.00,,0.08375
58,61,2024-01-06,0.00,,0.08375
59,60,2024-01-06,0.00,,0.08375
60,62,2024-01-06,0.00,,0.08375
61,58,2024-01-08,0.00,,0.08375
62,63,2024-01-08,0.00,,0.08375
63,67,2024-01-08,0.00,,0.08375
64,66,2024-01-08,0.00,,0.08375
65,68,2024-01-08,0.00,,0.08375
66,64,2024-01-08,0.00,,0.08375
67,65,2024-01-08,0.00,,0.08375
68,70,2024-01-08,0.00,,0.08375
69,71,2024-01-08,0.00,,0.08375
70,72,2024-01-08,0.00,,0.08375
71,69,2024-01-08,0.00,,0.08375
72,59,2024-01-08,0.00,,0.08375
73,74,2024-01-08,0.00,,0.08375
74,73,2024-01-08,0.00,,0.08375
75,75,2024-01-08,0.00,,0.08375
76,76,2024-01-08,0.00,,0.08375
77,78,2024-01-09,0.00,,0.08375
78,84,2024-01-09,0.00,,0.08375
79,83,2024-01-09,0.00,,0.08375
80,81,2024-01-09,0.00,,0.08375
81,86,2024-01-09,0.00,,0.08375
82,88,2024-01-09,0.00,,0.08375
83,77,2024-01-09,0.00,,0.08375
84,87,2024-01-09,0.00,,0.08375
85,80,2024-01-09,0.00,,0.08375
86,89,2024-01-10,0.00,,0.08375
87,90,2024-01-10,0.00,,0.08375
88,91,2024-01-10,0.00,,0.08375
89,92,2024-01-10,5.60,New customer (10% labor),0.08375
90,94,2024-01-10,5.60,Fleet pricing (10% labor),0.08375
91,95,2024-01-10,0.00,,0.08375
92,97,2024-01-10,0.00,,0.08375
93,96,2024-01-10,0.00,,0.08375
94,79,2024-01-10,35.00,Fleet pricing (10% labor),0.08375
95,93,2024-01-10,58.80,Fleet pricing (10% labor),0.08375
96,85,2024-01-10,0.00,,0.08375
97,98,2024-01-10,0.00,,0.08375
98,99,2024-01-10,0.00,,0.08375
99,100,2024-01-10,0.00,,0.08375
100,101,2024-01-10,12.60,New customer (10% labor),0.08375
101,82,2024-01-10,0.00,,0.08375
102,104,2024-01-11,0.00,,0.08375
103,102,2024-01-11,0.00,,0.08375
104,103,2024-01-11,0.00,,0.08375
105,105,2024-01-11,0.00,,0.08375
106,110,2024-01-11,0.00,,0.08375
107,109,2024-01-11,0.00,,0.08375
108,106,2024-01-11,12.60,New customer (10% labor),0.08375
109,108,2024-01-11,0.00,,0.08375
110,107,2024-01-11,0.00,,0.08375
111,111,2024-01-11,0.00,,0.08375
112,113,2024-01-12,7.00,New customer (10% labor),0.08375
113,112,2024-01-12,0.00,,0.08375
114,115,2024-01-12,9.80,New customer (10% labor),0.08375
115,116,2024-01-12,0.00,,0.08375
116,114,2024-01-12,0.00,,0.08375
117,118,2024-01-12,0.00,,0.08375
118,117,2024-01-12,0.00,,0.08375
119,120,2024-01-13,0.00,,0.08375
120,121,2024-01-13,0.00,,0.08375
121,125,2024-01-13,8.40,Fleet pricing (10% labor),0.08375
122,126,2024-01-13,0.00,,0.08375
123,123,2024-01-13,0.00,,0.08375
124,127,2024-01-13,0.00,,0.08375
125,122,2024-01-15,0.00,,0.08375
126,128,2024-01-15,21.00,Fleet pricing (10% labor),0.08375
127,132,2024-01-15,0.00,,0.08375
128,119,2024-01-15,39.20,Fleet pricing (10% labor),0.08375
129,130,2024-01-15,0.00,,0.08375
130,136,2024-01-15,0.00,,0.08375
131,129,2024-01-15,0.00,,0.08375
132,133,2024-01-15,0.00,,0.08375
133,131,2024-01-15,0.00,,0.08375
134,134,2024-01-15,0.00,,0.08375
135,135,2024-01-15,0.00,,0.08375
136,138,2024-01-15,0.00,,0.08375
137,140,2024-01-15,0.00,,0.08375
138,139,2024-01-15,0.00,,0.08375
139,137,2024-01-15,0.00,,0.08375
140,142,2024-01-15,0.00,,0.08375
141,141,2024-01-16,0.00,,0.08375
142,145,2024-01-16,0.00,,0.08375
143,147,2024-01-16,0.00,,0.08375
144,143,2024-01-16,0.00,,0.08375
145,152,2024-01-16,0.00,,0.08375
146,146,2024-01-16,0.00,,0.08375
147,151,2024-01-16,0.00,,0.08375
148,149,2024-01-16,0.00,,0.08375
149,154,2024-01-17,0.00,,0.08375
150,157,2024-01-17,0.00,,0.08375
151,161,2024-01-17,0.00,,0.08375
152,156,2024-01-17,0.00,,0.08375
153,160,2024-01-17,0.00,,0.08375
154,155,2024-01-17,0.00,,0.08375
155,162,2024-01-17,25.00,Loyalty reward,0.08375
156,158,2024-01-17,0.00,,0.08375
157,164,2024-01-17,12.60,Fleet pricing (10% labor),0.08375
158,165,2024-01-17,0.00,,0.08375
159,167,2024-01-17,0.00,,0.08375
160,153,2024-01-17,0.00,,0.08375
161,168,2024-01-18,0.00,,0.08375
162,159,2024-01-18,0.00,,0.08375
163,169,2024-01-18,16.80,Fleet pricing (10% labor),0.08375
164,171,2024-01-18,0.00,,0.08375
165,174,2024-01-18,0.00,,0.08375
166,179,2024-01-18,0.00,,0.08375
167,166,2024-01-18,0.00,,0.08375
168,172,2024-01-18,0.00,,0.08375
169,175,2024-01-18,0.00,,0.08375
170,177,2024-01-18,0.00,,0.08375
171,163,2024-01-18,25.00,Loyalty reward,0.08375
172,176,2024-01-18,11.20,Fleet pricing (10% labor),0.08375
173,178,2024-01-19,0.00,,0.08375
174,183,2024-01-19,5.60,New customer (10% labor),0.08375
175,184,2024-01-19,5.60,Fleet pricing (10% labor),0.08375
176,181,2024-01-19,0.00,,0.08375
177,182,2024-01-19,5.60,Fleet pricing (10% labor),0.08375
178,180,2024-01-19,0.00,,0.08375
179,189,2024-01-19,0.00,,0.08375
180,192,2024-01-19,0.00,,0.08375
181,187,2024-01-19,7.00,New customer (10% labor),0.08375
182,186,2024-01-19,53.20,Fleet pricing (10% labor),0.08375
183,185,2024-01-19,0.00,,0.08375
184,190,2024-01-20,0.00,,0.08375
185,194,2024-01-20,16.80,New customer (10% labor),0.08375
186,193,2024-01-20,0.00,,0.08375
187,191,2024-01-20,7.00,New customer (10% labor),0.08375
188,197,2024-01-20,0.00,,0.08375
189,196,2024-01-20,0.00,,0.08375
190,200,2024-01-20,0.00,,0.08375
191,202,2024-01-20,5.60,New customer (10% labor),0.08375
192,203,2024-01-20,0.00,,0.08375
193,199,2024-01-22,0.00,,0.08375
194,201,2024-01-22,0.00,,0.08375
195,198,2024-01-22,0.00,,0.08375
196,206,2024-01-22,5.60,New customer (10% labor),0.08375
197,204,2024-01-22,0.00,,0.08375
198,205,2024-01-22,0.00,,0.08375
199,210,2024-01-22,0.00,,0.08375
200,209,2024-01-22,0.00,,0.08375
201,207,2024-01-22,0.00,,0.08375
202,208,2024-01-22,0.00,,0.08375
203,211,2024-01-22,0.00,,0.08375
204,216,2024-01-22,0.00,,0.08375
205,218,2024-01-22,5.60,Fleet pricing (10% labor),0.08375
206,219,2024-01-22,0.00,,0.08375
207,217,2024-01-22,0.00,,0.08375
208,213,2024-01-22,0.00,,0.08375
209,222,2024-01-22,0.00,,0.08375
210,223,2024-01-22,0.00,,0.08375
211,150,2024-01-22,0.00,,0.08375
212,215,2024-01-22,0.00,,0.08375
213,221,2024-01-22,0.00,,0.08375
214,220,2024-01-22,0.00,,0.08375
215,212,2024-01-22,0.00,,0.08375
216,195,2024-01-23,0.00,,0.08375
217,224,2024-01-23,0.00,,0.08375
218,227,2024-01-23,0.00,,0.08375
219,226,2024-01-23,0.00,,0.08375
220,228,2024-01-23,0.00,,0.08375
221,229,2024-01-23,0.00,,0.08375
222,230,2024-01-23,0.00,,0.08375
223,231,2024-01-23,0.00,,0.08375
224,225,2024-01-23,0.00,,0.08375
225,214,2024-01-23,0.00,,0.08375
226,233,2024-01-23,0.00,,0.08375
227,234,2024-01-23,0.00,,0.08375
228,235,2024-01-23,0.00,,0.08375
229,236,2024-01-24,0.00,,0.08375
230,239,2024-01-24,0.00,,0.08375
231,241,2024-01-24,0.00,,0.08375
232,240,2024-01-24,25.20,Fleet pricing (10% labor),0.08375
233,242,2024-01-24,0.00,,0.08375
234,243,2024-01-24,0.00,,0.08375
235,245,2024-01-24,0.00,,0.08375
236,244,2024-01-24,0.00,,0.08375
237,238,2024-01-24,0.00,,0.08375
238,246,2024-01-24,0.00,,0.08375
239,249,2024-01-24,16.80,Fleet pricing (10% labor),0.08375
240,248,2024-01-24,0.00,,0.08375
241,250,2024-01-25,0.00,,0.08375
242,247,2024-01-25,0.00,,0.08375
243,254,2024-01-25,4.20,New customer (10% labor),0.08375
244,251,2024-01-25,0.00,,0.08375
245,252,2024-01-25,25.00,Loyalty reward,0.08375
246,253,2024-01-25,0.00,,0.08375
247,256,2024-01-25,0.00,,0.08375
248,255,2024-01-25,0.00,,0.08375
249,259,2024-01-26,0.00,,0.08375
250,262,2024-01-26,0.00,,0.08375
251,260,2024-01-26,25.20,Fleet pricing (10% labor),0.08375
252,264,2024-01-26,0.00,,0.08375
253,263,2024-01-26,0.00,,0.08375
254,265,2024-01-26,0.00,,0.08375
255,257,2024-01-26,42.00,New customer (10% labor),0.08375
256,267,2024-01-26,0.00,,0.08375
257,237,2024-01-26,0.00,,0.08375
258,266,2024-01-26,0.00,,0.08375
259,268,2024-01-27,25.20,New customer (10% labor),0.08375
260,269,2024-01-27,5.60,Fleet pricing (10% labor),0.08375
261,270,2024-01-27,0.00,,0.08375
262,271,2024-01-27,0.00,,0.08375
263,279,2024-01-27,0.00,,0.08375
264,232,2024-01-27,0.00,,0.08375
265,275,2024-01-27,0.00,,0.08375
266,276,2024-01-27,0.00,,0.08375
267,277,2024-01-27,0.00,,0.08375
268,278,2024-01-29,0.00,,0.08375
269,273,2024-01-29,0.00,,0.08375
270,284,2024-01-29,0.00,,0.08375
271,283,2024-01-29,0.00,,0.08375
272,280,2024-01-29,0.00,,0.08375
273,274,2024-01-29,0.00,,0.08375
274,285,2024-01-29,0.00,,0.08375
275,281,2024-01-29,0.00,,0.08375
276,282,2024-01-29,0.00,,0.08375
277,288,2024-01-29,0.00,,0.08375
278,287,2024-01-29,9.80,Fleet pricing (10% labor),0.08375
279,290,2024-01-29,0.00,,0.08375
280,289,2024-01-29,0.00,,0.08375
281,292,2024-01-29,0.00,,0.08375
282,261,2024-01-29,0.00,,0.08375
283,293,2024-01-29,0.00,,0.08375
284,291,2024-01-29,0.00,,0.08375
285,295,2024-01-29,0.00,,0.08375
286,294,2024-01-29,0.00,,0.08375
287,296,2024-01-30,0.00,,0.08375
288,299,2024-01-30,0.00,,0.08375
289,297,2024-01-30,25.00,Loyalty reward,0.08375
290,302,2024-01-30,21.00,New customer (10% labor),0.08375
291,303,2024-01-30,0.00,,0.08375
292,272,2024-01-30,0.00,,0.08375
293,298,2024-01-30,0.00,,0.08375
294,306,2024-01-30,0.00,,0.08375
295,301,2024-01-30,18.20,New customer (10% labor),0.08375
296,304,2024-01-30,0.00,,0.08375
297,309,2024-01-30,0.00,,0.08375
298,308,2024-01-30,12.60,New customer (10% labor),0.08375
299,300,2024-01-30,0.00,,0.08375
300,305,2024-01-30,0.00,,0.08375
301,307,2024-01-31,28.00,New customer (10% labor),0.08375
302,312,2024-01-31,0.00,,0.08375
303,310,2024-01-31,0.00,,0.08375
304,311,2024-01-31,5.60,Fleet pricing (10% labor),0.08375
305,313,2024-01-31,5.60,Fleet pricing (10% labor),0.08375
306,314,2024-01-31,0.00,,0.08375
307,316,2024-01-31,0.00,,0.08375
308,319,2024-01-31,0.00,,0.08375
309,321,2024-01-31,5.60,Fleet pricing (10% labor),0.08375
310,318,2024-01-31,0.00,,0.08375
311,317,2024-01-31,25.00,Loyalty reward,0.08375
312,320,2024-01-31,21.00,New customer (10% labor),0.08375
313,324,2024-01-31,0.00,,0.08375
314,323,2024-01-31,0.00,,0.08375
315,322,2024-01-31,0.00,,0.08375
316,325,2024-02-01,0.00,,0.08375
317,326,2024-02-01,0.00,,0.08375
318,327,2024-02-01,0.00,,0.08375
319,328,2024-02-01,30.80,Fleet pricing (10% labor),0.08375
320,330,2024-02-01,25.20,Fleet pricing (10% labor),0.08375
321,333,2024-02-01,0.00,,0.08375
322,329,2024-02-01,0.00,,0.08375
323,331,2024-02-01,5.60,New customer (10% labor),0.08375
324,315,2024-02-01,0.00,,0.08375
325,332,2024-02-01,0.00,,0.08375
326,334,2024-02-01,0.00,,0.08375
327,335,2024-02-01,0.00,,0.08375
328,337,2024-02-02,0.00,,0.08375
329,336,2024-02-02,0.00,,0.08375
330,339,2024-02-02,6.30,New customer (10% labor),0.08375
331,340,2024-02-02,0.00,,0.08375
332,341,2024-02-02,5.60,New customer (10% labor),0.08375
333,342,2024-02-02,0.00,,0.08375
334,347,2024-02-02,0.00,,0.08375
335,344,2024-02-02,25.20,New customer (10% labor),0.08375
336,345,2024-02-02,0.00,,0.08375
337,338,2024-02-02,0.00,,0.08375
338,346,2024-02-02,0.00,,0.08375
339,348,2024-02-02,0.00,,0.08375
340,286,2024-02-02,0.00,,0.08375
341,349,2024-02-02,0.00,,0.08375
342,352,2024-02-03,0.00,,0.08375
343,355,2024-02-03,22.40,Fleet pricing (10% labor),0.08375
344,353,2024-02-03,0.00,,0.08375
345,357,2024-02-03,0.00,,0.08375
346,356,2024-02-03,0.00,,0.08375
347,351,2024-02-05,50.40,New customer (10% labor),0.08375
348,360,2024-02-05,5.60,Fleet pricing (10% labor),0.08375
349,361,2024-02-05,0.00,,0.08375
350,354,2024-02-05,0.00,,0.08375
351,366,2024-02-05,0.00,,0.08375
352,364,2024-02-05,0.00,,0.08375
353,362,2024-02-05,0.00,,0.08375
354,365,2024-02-05,0.00,,0.08375
355,367,2024-02-05,0.00,,0.08375
356,369,2024-02-05,0.00,,0.08375
357,371,2024-02-05,0.00,,0.08375
358,372,2024-02-05,0.00,,0.08375
359,350,2024-02-05,0.00,,0.08375
360,374,2024-02-05,0.00,,0.08375
361,375,2024-02-06,0.00,,0.08375
362,376,2024-02-06,0.00,,0.08375
363,378,2024-02-06,0.00,,0.08375
364,379,2024-02-06,0.00,,0.08375
365,380,2024-02-06,7.00,Fleet pricing (10% labor),0.08375
366,377,2024-02-06,0.00,,0.08375
367,373,2024-02-06,0.00,,0.08375
368,384,2024-02-06,0.00,,0.08375
369,370,2024-02-06,0.00,,0.08375
370,382,2024-02-06,0.00,,0.08375
371,381,2024-02-06,25.20,Fleet pricing (10% labor),0.08375
372,386,2024-02-06,0.00,,0.08375
373,383,2024-02-06,0.00,,0.08375
374,387,2024-02-06,0.00,,0.08375
375,358,2024-02-07,0.00,,0.08375
376,388,2024-02-07,0.00,,0.08375
377,389,2024-02-07,0.00,,0.08375
378,393,2024-02-07,0.00,,0.08375
379,390,2024-02-07,0.00,,0.08375
380,368,2024-02-07,28.00,Fleet pricing (10% labor),0.08375
381,394,2024-02-07,0.00,,0.08375
382,395,2024-02-07,0.00,,0.08375
383,391,2024-02-07,0.00,,0.08375
384,396,2024-02-08,0.00,,0.08375
385,398,2024-02-08,0.00,,0.08375
386,397,2024-02-08,0.00,,0.08375
387,399,2024-02-08,0.00,,0.08375
388,402,2024-02-08,0.00,,0.08375
389,401,2024-02-08,0.00,,0.08375
390,400,2024-02-08,0.00,,0.08375
391,404,2024-02-08,0.00,,0.08375
392,403,2024-02-08,0.00,,0.08375
393,392,2024-02-09,0.00,,0.08375
394,408,2024-02-09,0.00,,0.08375
395,409,2024-02-09,5.60,Fleet pricing (10% labor),0.08375
396,343,2024-02-09,84.00,New customer (10% labor),0.08375
397,412,2024-02-09,0.00,,0.08375
398,410,2024-02-09,0.00,,0.08375
399,414,2024-02-09,0.00,,0.08375
400,415,2024-02-10,8.40,Fleet pricing (10% labor),0.08375
401,413,2024-02-10,0.00,,0.08375
402,411,2024-02-10,0.00,,0.08375
403,418,2024-02-10,0.00,,0.08375
404,419,2024-02-10,0.00,,0.08375
405,416,2024-02-10,16.80,Fleet pricing (10% labor),0.08375
406,406,2024-02-10,0.00,,0.08375
407,421,2024-02-10,0.00,,0.08375
408,422,2024-02-10,0.00,,0.08375
409,363,2024-02-10,0.00,,0.08375
410,423,2024-02-10,0.00,,0.08375
411,417,2024-02-10,25.20,Fleet pricing (10% labor),0.08375
412,420,2024-02-12,50.40,New customer (10% labor),0.08375
413,426,2024-02-12,0.00,,0.08375
414,427,2024-02-12,0.00,,0.08375
415,425,2024-02-12,0.00,,0.08375
416,405,2024-02-12,32.20,Fleet pricing (10% labor),0.08375
417,424,2024-02-12,0.00,,0.08375
418,429,2024-02-12,0.00,,0.08375
419,432,2024-02-12,0.00,,0.08375
420,407,2024-02-12,0.00,,0.08375
421,428,2024-02-12,0.00,,0.08375
422,433,2024-02-12,0.00,,0.08375
423,430,2024-02-12,0.00,,0.08375
424,435,2024-02-12,0.00,,0.08375
425,431,2024-02-12,0.00,,0.08375
426,436,2024-02-13,16.80,New customer (10% labor),0.08375
427,438,2024-02-13,0.00,,0.08375
428,439,2024-02-13,0.00,,0.08375
429,440,2024-02-13,0.00,,0.08375
430,441,2024-02-13,0.00,,0.08375
431,442,2024-02-13,0.00,,0.08375
432,444,2024-02-13,0.00,,0.08375
433,434,2024-02-13,0.00,,0.08375
434,437,2024-02-13,25.00,Loyalty reward,0.08375
435,447,2024-02-13,25.20,Fleet pricing (10% labor),0.08375
436,448,2024-02-13,0.00,,0.08375
437,449,2024-02-14,0.00,,0.08375
438,451,2024-02-14,0.00,,0.08375
439,453,2024-02-14,0.00,,0.08375
440,454,2024-02-14,0.00,,0.08375
441,452,2024-02-14,25.20,Fleet pricing (10% labor),0.08375
442,455,2024-02-14,0.00,,0.08375
443,446,2024-02-14,0.00,,0.08375
444,458,2024-02-14,0.00,,0.08375
445,456,2024-02-14,0.00,,0.08375
446,443,2024-02-14,35.00,New customer (10% labor),0.08375
447,457,2024-02-15,0.00,,0.08375
448,462,2024-02-15,0.00,,0.08375
449,461,2024-02-15,0.00,,0.08375
450,464,2024-02-15,5.60,Fleet pricing (10% labor),0.08375
451,463,2024-02-15,0.00,,0.08375
452,465,2024-02-15,0.00,,0.08375
453,467,2024-02-15,0.00,,0.08375
454,470,2024-02-15,0.00,,0.08375
455,468,2024-02-15,25.00,Loyalty reward,0.08375
456,466,2024-02-15,0.00,,0.08375
457,472,2024-02-15,0.00,,0.08375
458,469,2024-02-15,0.00,,0.08375
459,471,2024-02-15,0.00,,0.08375
460,475,2024-02-16,0.00,,0.08375
461,474,2024-02-16,16.80,Fleet pricing (10% labor),0.08375
462,478,2024-02-16,0.00,,0.08375
463,476,2024-02-16,0.00,,0.08375
464,481,2024-02-16,0.00,,0.08375
465,482,2024-02-16,0.00,,0.08375
466,483,2024-02-16,0.00,,0.08375
467,477,2024-02-16,0.00,,0.08375
468,480,2024-02-16,0.00,,0.08375
469,460,2024-02-16,0.00,,0.08375
470,479,2024-02-16,0.00,,0.08375
471,459,2024-02-16,0.00,,0.08375
472,485,2024-02-17,0.00,,0.08375
473,486,2024-02-17,0.00,,0.08375
474,484,2024-02-17,14.00,Fleet pricing (10% labor),0.08375
475,490,2024-02-17,7.00,New customer (10% labor),0.08375
476,491,2024-02-17,0.00,,0.08375
477,487,2024-02-17,39.20,Fleet pricing (10% labor),0.08375
478,488,2024-02-17,42.00,Fleet pricing (10% labor),0.08375
479,489,2024-02-17,0.00,,0.08375
480,497,2024-02-19,0.00,,0.08375
481,494,2024-02-19,0.00,,0.08375
482,499,2024-02-19,0.00,,0.08375
483,493,2024-02-19,0.00,,0.08375
484,498,2024-02-19,0.00,,0.08375
485,500,2024-02-19,14.00,Fleet pricing (10% labor),0.08375
486,503,2024-02-19,0.00,,0.08375
487,505,2024-02-19,0.00,,0.08375
488,501,2024-02-19,0.00,,0.08375
489,495,2024-02-19,0.00,,0.08375
490,507,2024-02-19,0.00,,0.08375
491,508,2024-02-19,0.00,,0.08375
492,506,2024-02-19,0.00,,0.08375
493,510,2024-02-19,0.00,,0.08375
494,509,2024-02-19,19.60,Fleet pricing (10% labor),0.08375
495,502,2024-02-19,0.00,,0.08375
496,473,2024-02-19,0.00,,0.08375
497,496,2024-02-19,0.00,,0.08375
498,504,2024-02-19,0.00,,0.08375
499,516,2024-02-20,5.60,New customer (10% labor),0.08375
500,514,2024-02-20,0.00,,0.08375
501,515,2024-02-20,0.00,,0.08375
502,517,2024-02-20,0.00,,0.08375
503,513,2024-02-20,0.00,,0.08375
504,512,2024-02-20,0.00,,0.08375
505,523,2024-02-20,0.00,,0.08375
506,522,2024-02-20,0.00,,0.08375
507,524,2024-02-21,16.80,Fleet pricing (10% labor),0.08375
508,525,2024-02-21,0.00,,0.08375
509,526,2024-02-21,0.00,,0.08375
510,533,2024-02-21,16.80,New customer (10% labor),0.08375
511,530,2024-02-21,25.20,New customer (10% labor),0.08375
512,528,2024-02-21,0.00,,0.08375
513,538,2024-02-21,0.00,,0.08375
514,531,2024-02-21,0.00,,0.08375
515,539,2024-02-21,0.00,,0.08375
516,529,2024-02-21,0.00,,0.08375
517,532,2024-02-21,0.00,,0.08375
518,535,2024-02-21,0.00,,0.08375
519,534,2024-02-21,0.00,,0.08375
520,536,2024-02-22,0.00,,0.08375
521,541,2024-02-22,0.00,,0.08375
522,542,2024-02-22,0.00,,0.08375
523,518,2024-02-22,25.20,New customer (10% labor),0.08375
524,540,2024-02-22,0.00,,0.08375
525,546,2024-02-22,0.00,,0.08375
526,549,2024-02-22,0.00,,0.08375
527,544,2024-02-22,0.00,,0.08375
528,550,2024-02-22,5.60,Fleet pricing (10% labor),0.08375
529,547,2024-02-22,0.00,,0.08375
530,551,2024-02-22,0.00,,0.08375
531,548,2024-02-22,0.00,,0.08375
532,552,2024-02-23,0.00,,0.08375
533,554,2024-02-23,0.00,,0.08375
534,555,2024-02-23,12.60,Fleet pricing (10% labor),0.08375
535,553,2024-02-23,0.00,,0.08375
536,561,2024-02-23,0.00,,0.08375
537,562,2024-02-23,0.00,,0.08375
538,521,2024-02-23,0.00,,0.08375
539,519,2024-02-23,25.20,New customer (10% labor),0.08375
540,557,2024-02-23,0.00,,0.08375
541,556,2024-02-23,0.00,,0.08375
542,564,2024-02-23,0.00,,0.08375
543,511,2024-02-23,0.00,,0.08375
544,566,2024-02-23,0.00,,0.08375
545,559,2024-02-23,0.00,,0.08375
546,558,2024-02-23,42.00,New customer (10% labor),0.08375
547,560,2024-02-23,0.00,,0.08375
548,563,2024-02-23,0.00,,0.08375
549,565,2024-02-23,0.00,,0.08375
550,569,2024-02-24,5.60,Fleet pricing (10% labor),0.08375
551,573,2024-02-24,0.00,,0.08375
552,571,2024-02-24,0.00,,0.08375
553,572,2024-02-24,0.00,,0.08375
554,570,2024-02-24,0.00,,0.08375
555,575,2024-02-24,0.00,,0.08375
556,577,2024-02-24,0.00,,0.08375
557,574,2024-02-24,0.00,,0.08375
558,579,2024-02-26,5.60,Fleet pricing (10% labor),0.08375
559,578,2024-02-26,0.00,,0.08375
560,568,2024-02-26,0.00,,0.08375
561,582,2024-02-26,8.40,Fleet pricing (10% labor),0.08375
562,583,2024-02-26,0.00,,0.08375
563,580,2024-02-26,0.00,,0.08375
564,581,2024-02-26,0.00,,0.08375
565,587,2024-02-26,0.00,,0.08375
566,586,2024-02-26,0.00,,0.08375
567,576,2024-02-26,0.00,,0.08375
568,589,2024-02-26,0.00,,0.08375
569,585,2024-02-26,0.00,,0.08375
570,592,2024-02-26,0.00,,0.08375
571,584,2024-02-26,0.00,,0.08375
572,588,2024-02-26,25.20,Fleet pricing (10% labor),0.08375
573,593,2024-02-26,0.00,,0.08375
574,596,2024-02-26,0.00,,0.08375
575,590,2024-02-26,0.00,,0.08375
576,527,2024-02-26,84.00,Fleet pricing (10% labor),0.08375
577,597,2024-02-26,25.00,Loyalty reward,0.08375
578,595,2024-02-26,0.00,,0.08375
579,591,2024-02-26,25.00,Loyalty reward,0.08375
580,594,2024-02-26,0.00,,0.08375
581,598,2024-02-27,0.00,,0.08375
582,600,2024-02-27,25.00,Loyalty reward,0.08375
583,602,2024-02-27,0.00,,0.08375
584,604,2024-02-27,0.00,,0.08375
585,606,2024-02-27,0.00,,0.08375
586,601,2024-02-27,0.00,,0.08375
587,610,2024-02-27,5.60,Fleet pricing (10% labor),0.08375
588,603,2024-02-27,0.00,,0.08375
589,607,2024-02-27,0.00,,0.08375
590,605,2024-02-28,0.00,,0.08375
591,599,2024-02-28,0.00,,0.08375
592,612,2024-02-28,0.00,,0.08375
593,611,2024-02-28,22.40,Fleet pricing (10% labor),0.08375
594,608,2024-02-28,0.00,,0.08375
595,614,2024-02-28,25.00,Loyalty reward,0.08375
596,613,2024-02-28,0.00,,0.08375
597,609,2024-02-28,0.00,,0.08375
598,615,2024-02-28,0.00,,0.08375
599,617,2024-02-28,0.00,,0.08375
600,618,2024-02-28,0.00,,0.08375
601,620,2024-02-28,0.00,,0.08375
602,619,2024-02-29,8.40,Fleet pricing (10% labor),0.08375
603,616,2024-02-29,0.00,,0.08375
604,621,2024-02-29,8.40,Fleet pricing (10% labor),0.08375
605,622,2024-02-29,0.00,,0.08375
606,624,2024-02-29,5.60,Fleet pricing (10% labor),0.08375
607,623,2024-02-29,0.00,,0.08375
608,628,2024-02-29,0.00,,0.08375
609,627,2024-02-29,0.00,,0.08375
610,629,2024-02-29,25.00,Loyalty reward,0.08375
611,545,2024-02-29,89.60,New customer (10% labor),0.08375
612,625,2024-02-29,0.00,,0.08375
613,633,2024-02-29,0.00,,0.08375
614,630,2024-02-29,0.00,,0.08375
615,626,2024-02-29,57.40,Fleet pricing (10% labor),0.08375
616,631,2024-03-01,25.00,Loyalty reward,0.08375
617,635,2024-03-01,5.60,Fleet pricing (10% labor),0.08375
618,638,2024-03-01,0.00,,0.08375
619,636,2024-03-01,0.00,,0.08375
620,640,2024-03-01,4.20,Fleet pricing (10% labor),0.08375
621,632,2024-03-01,0.00,,0.08375
622,637,2024-03-01,0.00,,0.08375
623,641,2024-03-01,0.00,,0.08375
624,639,2024-03-01,0.00,,0.08375
625,642,2024-03-02,0.00,,0.08375
626,643,2024-03-02,0.00,,0.08375
627,644,2024-03-02,5.60,New customer (10% labor),0.08375
628,646,2024-03-02,0.00,,0.08375
629,647,2024-03-02,0.00,,0.08375
630,650,2024-03-02,0.00,,0.08375
631,649,2024-03-02,0.00,,0.08375
632,648,2024-03-02,21.00,Fleet pricing (10% labor),0.08375
633,645,2024-03-04,0.00,,0.08375
634,653,2024-03-04,5.60,Fleet pricing (10% labor),0.08375
635,656,2024-03-04,0.00,,0.08375
636,652,2024-03-04,0.00,,0.08375
637,654,2024-03-04,16.80,Fleet pricing (10% labor),0.08375
638,659,2024-03-04,5.60,Fleet pricing (10% labor),0.08375
639,658,2024-03-04,26.60,Fleet pricing (10% labor),0.08375
640,660,2024-03-04,0.00,,0.08375
641,661,2024-03-04,0.00,,0.08375
642,655,2024-03-04,0.00,,0.08375
643,662,2024-03-04,0.00,,0.08375
644,663,2024-03-04,0.00,,0.08375
645,665,2024-03-05,0.00,,0.08375
646,666,2024-03-05,5.60,New customer (10% labor),0.08375
647,667,2024-03-05,0.00,,0.08375
648,669,2024-03-05,25.00,Loyalty reward,0.08375
649,634,2024-03-05,32.20,Fleet pricing (10% labor),0.08375
650,671,2024-03-05,0.00,,0.08375
651,651,2024-03-05,0.00,,0.08375
652,670,2024-03-05,0.00,,0.08375
653,664,2024-03-06,33.60,Fleet pricing (10% labor),0.08375
654,674,2024-03-06,0.00,,0.08375
655,679,2024-03-06,5.60,Fleet pricing (10% labor),0.08375
656,677,2024-03-06,0.00,,0.08375
657,680,2024-03-06,0.00,,0.08375
658,682,2024-03-06,0.00,,0.08375
659,678,2024-03-06,0.00,,0.08375
660,673,2024-03-06,0.00,,0.08375
661,681,2024-03-06,0.00,,0.08375
662,675,2024-03-06,0.00,,0.08375
663,684,2024-03-06,8.40,New customer (10% labor),0.08375
664,683,2024-03-06,0.00,,0.08375
665,672,2024-03-07,0.00,,0.08375
666,685,2024-03-07,0.00,,0.08375
667,668,2024-03-07,42.00,Fleet pricing (10% labor),0.08375
668,687,2024-03-07,0.00,,0.08375
669,692,2024-03-07,7.00,New customer (10% labor),0.08375
670,690,2024-03-07,0.00,,0.08375
671,691,2024-03-07,33.60,New customer (10% labor),0.08375
672,695,2024-03-07,0.00,,0.08375
673,693,2024-03-07,0.00,,0.08375
674,688,2024-03-07,16.80,Fleet pricing (10% labor),0.08375
675,686,2024-03-07,0.00,,0.08375
676,696,2024-03-07,8.40,New customer (10% labor),0.08375
677,689,2024-03-07,0.00,,0.08375
678,697,2024-03-08,0.00,,0.08375
679,700,2024-03-08,0.00,,0.08375
680,702,2024-03-08,0.00,,0.08375
681,698,2024-03-08,0.00,,0.08375
682,694,2024-03-08,0.00,,0.08375
683,699,2024-03-08,0.00,,0.08375
684,709,2024-03-08,0.00,,0.08375
685,701,2024-03-08,0.00,,0.08375
686,703,2024-03-08,0.00,,0.08375
687,676,2024-03-08,0.00,,0.08375
688,707,2024-03-08,0.00,,0.08375
689,706,2024-03-08,12.60,Fleet pricing (10% labor),0.08375
690,711,2024-03-08,5.60,Fleet pricing (10% labor),0.08375
691,705,2024-03-08,0.00,,0.08375
692,713,2024-03-08,32.20,Fleet pricing (10% labor),0.08375
693,710,2024-03-08,0.00,,0.08375
694,708,2024-03-08,0.00,,0.08375
695,712,2024-03-08,0.00,,0.08375
696,714,2024-03-09,0.00,,0.08375
697,718,2024-03-09,15.40,Fleet pricing (10% labor),0.08375
698,717,2024-03-09,0.00,,0.08375
699,715,2024-03-09,25.00,Loyalty reward,0.08375
700,720,2024-03-09,0.00,,0.08375
701,724,2024-03-09,0.00,,0.08375
702,719,2024-03-11,0.00,,0.08375
703,721,2024-03-11,0.00,,0.08375
704,731,2024-03-11,0.00,,0.08375
705,657,2024-03-11,0.00,,0.08375
706,722,2024-03-11,0.00,,0.08375
707,733,2024-03-11,16.80,New customer (10% labor),0.08375
708,730,2024-03-11,0.00,,0.08375
709,735,2024-03-11,0.00,,0.08375
710,734,2024-03-11,0.00,,0.08375
711,704,2024-03-11,0.00,,0.08375
712,727,2024-03-11,0.00,,0.08375
713,739,2024-03-11,5.60,Fleet pricing (10% labor),0.08375
714,728,2024-03-11,0.00,,0.08375
715,726,2024-03-12,0.00,,0.08375
716,716,2024-03-12,0.00,,0.08375
717,740,2024-03-12,0.00,,0.08375
718,729,2024-03-12,0.00,,0.08375
719,732,2024-03-12,0.00,,0.08375
720,737,2024-03-12,0.00,,0.08375
721,742,2024-03-12,0.00,,0.08375
722,741,2024-03-12,0.00,,0.08375
723,747,2024-03-12,0.00,,0.08375
724,744,2024-03-12,0.00,,0.08375
725,743,2024-03-12,0.00,,0.08375
726,746,2024-03-12,0.00,,0.08375
727,745,2024-03-12,0.00,,0.08375
728,725,2024-03-12,0.00,,0.08375
729,749,2024-03-12,16.80,Fleet pricing (10% labor),0.08375
730,751,2024-03-12,5.60,Fleet pricing (10% labor),0.08375
731,753,2024-03-13,0.00,,0.08375
732,757,2024-03-13,0.00,,0.08375
733,756,2024-03-13,0.00,,0.08375
734,759,2024-03-13,0.00,,0.08375
735,750,2024-03-13,25.00,Loyalty reward,0.08375
736,755,2024-03-13,0.00,,0.08375
737,761,2024-03-13,0.00,,0.08375
738,752,2024-03-13,16.80,Fleet pricing (10% labor),0.08375
739,762,2024-03-13,7.00,New customer (10% labor),0.08375
740,754,2024-03-13,0.00,,0.08375
741,763,2024-03-13,0.00,,0.08375
742,760,2024-03-14,0.00,,0.08375
743,764,2024-03-14,0.00,,0.08375
744,765,2024-03-14,0.00,,0.08375
745,766,2024-03-14,5.60,Fleet pricing (10% labor),0.08375
746,768,2024-03-14,0.00,,0.08375
747,758,2024-03-14,0.00,,0.08375
748,748,2024-03-14,0.00,,0.08375
749,771,2024-03-14,0.00,,0.08375
750,769,2024-03-14,28.00,Fleet pricing (10% labor),0.08375
751,772,2024-03-14,0.00,,0.08375
752,773,2024-03-14,0.00,,0.08375
753,767,2024-03-14,25.20,New customer (10% labor),0.08375
754,774,2024-03-14,16.80,Fleet pricing (10% labor),0.08375
755,775,2024-03-14,0.00,,0.08375
756,776,2024-03-15,30.80,Fleet pricing (10% labor),0.08375
757,778,2024-03-15,0.00,,0.08375
758,780,2024-03-15,0.00,,0.08375
759,781,2024-03-15,0.00,,0.08375
760,779,2024-03-15,0.00,,0.08375
761,782,2024-03-15,0.00,,0.08375
762,789,2024-03-15,0.00,,0.08375
763,791,2024-03-15,0.00,,0.08375
764,786,2024-03-15,0.00,,0.08375
765,784,2024-03-15,25.20,Fleet pricing (10% labor),0.08375
766,792,2024-03-15,5.60,New customer (10% labor),0.08375
767,788,2024-03-15,0.00,,0.08375
768,787,2024-03-15,0.00,,0.08375
769,790,2024-03-15,0.00,,0.08375
770,793,2024-03-15,14.00,Fleet pricing (10% labor),0.08375
771,794,2024-03-15,0.00,,0.08375
772,795,2024-03-16,16.80,Fleet pricing (10% labor),0.08375
773,797,2024-03-16,0.00,,0.08375
774,796,2024-03-16,0.00,,0.08375
775,798,2024-03-16,0.00,,0.08375
776,802,2024-03-18,5.60,Fleet pricing (10% labor),0.08375
777,800,2024-03-18,0.00,,0.08375
778,801,2024-03-18,0.00,,0.08375
779,810,2024-03-18,0.00,,0.08375
780,816,2024-03-18,0.00,,0.08375
781,817,2024-03-18,0.00,,0.08375
782,783,2024-03-18,0.00,,0.08375
783,804,2024-03-18,0.00,,0.08375
784,818,2024-03-18,0.00,,0.08375
785,809,2024-03-18,0.00,,0.08375
786,805,2024-03-18,0.00,,0.08375
787,811,2024-03-18,0.00,,0.08375
788,807,2024-03-18,0.00,,0.08375
789,803,2024-03-18,0.00,,0.08375
790,823,2024-03-18,25.20,Fleet pricing (10% labor),0.08375
791,806,2024-03-18,25.20,Fleet pricing (10% labor),0.08375
792,814,2024-03-18,0.00,,0.08375
793,815,2024-03-18,0.00,,0.08375
794,813,2024-03-19,0.00,,0.08375
795,821,2024-03-19,0.00,,0.08375
796,819,2024-03-19,12.60,Fleet pricing (10% labor),0.08375
797,822,2024-03-19,5.60,Fleet pricing (10% labor),0.08375
798,808,2024-03-19,30.80,Fleet pricing (10% labor),0.08375
799,829,2024-03-19,8.40,New customer (10% labor),0.08375
800,826,2024-03-19,0.00,,0.08375
801,820,2024-03-19,0.00,,0.08375
802,824,2024-03-19,16.80,Fleet pricing (10% labor),0.08375
803,827,2024-03-19,0.00,,0.08375
804,828,2024-03-19,0.00,,0.08375
805,835,2024-03-19,5.60,Fleet pricing (10% labor),0.08375
806,830,2024-03-19,0.00,,0.08375
807,833,2024-03-19,0.00,,0.08375
808,834,2024-03-19,0.00,,0.08375
809,836,2024-03-19,0.00,,0.08375
810,837,2024-03-19,0.00,,0.08375
811,832,2024-03-19,0.00,,0.08375
812,838,2024-03-19,0.00,,0.08375
813,799,2024-03-20,0.00,,0.08375
814,839,2024-03-20,25.00,Loyalty reward,0.08375
815,825,2024-03-20,0.00,,0.08375
816,843,2024-03-20,5.60,New customer (10% labor),0.08375
817,841,2024-03-20,0.00,,0.08375
818,844,2024-03-20,0.00,,0.08375
819,846,2024-03-20,8.40,Fleet pricing (10% labor),0.08375
820,842,2024-03-20,0.00,,0.08375
821,848,2024-03-20,0.00,,0.08375
822,831,2024-03-20,42.00,New customer (10% labor),0.08375
823,847,2024-03-20,0.00,,0.08375
824,845,2024-03-20,0.00,,0.08375
825,849,2024-03-20,25.00,Loyalty reward,0.08375
826,852,2024-03-21,0.00,,0.08375
827,850,2024-03-21,0.00,,0.08375
828,851,2024-03-21,0.00,,0.08375
829,854,2024-03-21,0.00,,0.08375
830,857,2024-03-21,0.00,,0.08375
831,856,2024-03-21,0.00,,0.08375
832,855,2024-03-21,0.00,,0.08375
833,861,2024-03-21,5.60,New customer (10% labor),0.08375
834,859,2024-03-21,0.00,,0.08375
835,858,2024-03-21,0.00,,0.08375
836,860,2024-03-22,0.00,,0.08375
837,863,2024-03-22,0.00,,0.08375
838,864,2024-03-22,5.60,Fleet pricing (10% labor),0.08375
839,865,2024-03-22,0.00,,0.08375
840,866,2024-03-22,0.00,,0.08375
841,862,2024-03-22,0.00,,0.08375
842,867,2024-03-22,0.00,,0.08375
843,840,2024-03-22,0.00,,0.08375
844,869,2024-03-22,0.00,,0.08375
845,870,2024-03-22,0.00,,0.08375
846,873,2024-03-22,0.00,,0.08375
847,872,2024-03-22,0.00,,0.08375
848,868,2024-03-22,0.00,,0.08375
849,874,2024-03-22,0.00,,0.08375
850,871,2024-03-22,0.00,,0.08375
851,875,2024-03-22,0.00,,0.08375
852,853,2024-03-22,36.40,New customer (10% labor),0.08375
853,877,2024-03-23,0.00,,0.08375
854,878,2024-03-23,25.20,Fleet pricing (10% labor),0.08375
855,882,2024-03-25,25.20,Fleet pricing (10% labor),0.08375
856,880,2024-03-25,0.00,,0.08375
857,885,2024-03-25,0.00,,0.08375
858,879,2024-03-25,0.00,,0.08375
859,887,2024-03-25,0.00,,0.08375
860,886,2024-03-25,0.00,,0.08375
861,889,2024-03-25,0.00,,0.08375
862,883,2024-03-25,0.00,,0.08375
863,891,2024-03-25,0.00,,0.08375
864,892,2024-03-25,11.20,Fleet pricing (10% labor),0.08375
865,896,2024-03-25,0.00,,0.08375
866,888,2024-03-25,25.00,Loyalty reward,0.08375
867,897,2024-03-25,0.00,,0.08375
868,898,2024-03-25,0.00,,0.08375
869,895,2024-03-25,0.00,,0.08375
870,890,2024-03-25,0.00,,0.08375
871,894,2024-03-25,9.80,Fleet pricing (10% labor),0.08375
872,899,2024-03-25,16.80,Fleet pricing (10% labor),0.08375
873,893,2024-03-26,0.00,,0.08375
874,901,2024-03-26,0.00,,0.08375
875,905,2024-03-26,0.00,,0.08375
876,904,2024-03-26,11.20,New customer (10% labor),0.08375
877,906,2024-03-26,0.00,,0.08375
878,909,2024-03-26,0.00,,0.08375
879,910,2024-03-26,0.00,,0.08375
880,903,2024-03-26,33.60,Fleet pricing (10% labor),0.08375
881,908,2024-03-26,0.00,,0.08375
882,911,2024-03-26,0.00,,0.08375
883,912,2024-03-26,0.00,,0.08375
884,913,2024-03-26,5.60,New customer (10% labor),0.08375
885,907,2024-03-26,0.00,,0.08375
886,902,2024-03-26,0.00,,0.08375
887,914,2024-03-26,11.20,New customer (10% labor),0.08375
888,900,2024-03-26,0.00,,0.08375
889,915,2024-03-27,0.00,,0.08375
890,884,2024-03-27,56.00,Fleet pricing (10% labor),0.08375
891,917,2024-03-27,0.00,,0.08375
892,924,2024-03-27,0.00,,0.08375
893,916,2024-03-27,14.00,Fleet pricing (10% labor),0.08375
894,926,2024-03-27,0.00,,0.08375
895,920,2024-03-27,0.00,,0.08375
896,922,2024-03-27,21.00,Fleet pricing (10% labor),0.08375
897,919,2024-03-27,0.00,,0.08375
898,921,2024-03-28,0.00,,0.08375
899,927,2024-03-28,5.60,New customer (10% labor),0.08375
900,923,2024-03-28,25.20,Fleet pricing (10% labor),0.08375
901,928,2024-03-28,0.00,,0.08375
902,931,2024-03-28,0.00,,0.08375
903,935,2024-03-28,11.20,New customer (10% labor),0.08375
904,934,2024-03-28,0.00,,0.08375
905,936,2024-03-28,0.00,,0.08375
906,933,2024-03-28,0.00,,0.08375
907,932,2024-03-28,0.00,,0.08375
908,929,2024-03-28,0.00,,0.08375
909,925,2024-03-29,0.00,,0.08375
910,937,2024-03-29,0.00,,0.08375
911,938,2024-03-29,0.00,,0.08375
912,942,2024-03-29,0.00,,0.08375
913,944,2024-03-29,8.40,Fleet pricing (10% labor),0.08375
914,930,2024-03-29,0.00,,0.08375
915,941,2024-03-29,0.00,,0.08375
916,946,2024-03-29,0.00,,0.08375
917,947,2024-03-29,0.00,,0.08375
918,945,2024-03-29,0.00,,0.08375
919,949,2024-03-30,0.00,,0.08375
920,948,2024-03-30,0.00,,0.08375
921,953,2024-03-30,5.60,Fleet pricing (10% labor),0.08375
922,954,2024-03-30,28.00,Fleet pricing (10% labor),0.08375
923,952,2024-03-30,0.00,,0.08375
924,951,2024-04-01,46.20,Fleet pricing (10% labor),0.08375
925,955,2024-04-01,0.00,,0.08375
926,956,2024-04-01,0.00,,0.08375
927,958,2024-04-01,0.00,,0.08375
928,960,2024-04-01,5.60,Fleet pricing (10% labor),0.08375
929,962,2024-04-01,5.60,Fleet pricing (10% labor),0.08375
930,963,2024-04-01,0.00,,0.08375
931,967,2024-04-01,32.20,New customer (10% labor),0.08375
932,965,2024-04-01,0.00,,0.08375
933,964,2024-04-01,0.00,,0.08375
934,961,2024-04-01,0.00,,0.08375
935,972,2024-04-01,0.00,,0.08375
936,969,2024-04-01,0.00,,0.08375
937,966,2024-04-01,0.00,,0.08375
938,968,2024-04-01,16.80,Fleet pricing (10% labor),0.08375
939,974,2024-04-01,0.00,,0.08375
940,975,2024-04-02,0.00,,0.08375
941,957,2024-04-02,0.00,,0.08375
942,940,2024-04-02,0.00,,0.08375
943,977,2024-04-02,16.80,New customer (10% labor),0.08375
944,976,2024-04-02,0.00,,0.08375
945,979,2024-04-02,0.00,,0.08375
946,981,2024-04-02,5.60,New customer (10% labor),0.08375
947,978,2024-04-02,0.00,,0.08375
948,983,2024-04-02,0.00,,0.08375
949,980,2024-04-02,0.00,,0.08375
950,985,2024-04-02,0.00,,0.08375
951,982,2024-04-02,0.00,,0.08375
952,984,2024-04-02,16.80,Fleet pricing (10% labor),0.08375
953,986,2024-04-02,0.00,,0.08375
954,992,2024-04-03,0.00,,0.08375
955,990,2024-04-03,0.00,,0.08375
956,991,2024-04-03,19.60,Fleet pricing (10% labor),0.08375
957,994,2024-04-03,0.00,,0.08375
958,987,2024-04-03,33.60,New customer (10% labor),0.08375
959,996,2024-04-03,0.00,,0.08375
960,999,2024-04-03,0.00,,0.08375
961,1002,2024-04-03,0.00,,0.08375
962,997,2024-04-03,0.00,,0.08375
963,988,2024-04-03,0.00,,0.08375
964,989,2024-04-03,0.00,,0.08375
965,993,2024-04-03,5.60,Fleet pricing (10% labor),0.08375
966,995,2024-04-03,0.00,,0.08375
967,998,2024-04-03,0.00,,0.08375
968,1003,2024-04-03,0.00,,0.08375
969,970,2024-04-03,0.00,,0.08375
970,1000,2024-04-03,25.00,Loyalty reward,0.08375
971,1004,2024-04-04,0.00,,0.08375
972,1005,2024-04-04,0.00,,0.08375
973,1009,2024-04-04,0.00,,0.08375
974,1012,2024-04-04,0.00,,0.08375
975,1010,2024-04-04,18.20,Fleet pricing (10% labor),0.08375
976,1013,2024-04-04,0.00,,0.08375
977,1011,2024-04-04,0.00,,0.08375
978,1014,2024-04-04,0.00,,0.08375
979,1016,2024-04-04,7.00,New customer (10% labor),0.08375
980,1015,2024-04-04,0.00,,0.08375
981,1017,2024-04-04,0.00,,0.08375
982,1019,2024-04-05,5.60,Fleet pricing (10% labor),0.08375
983,1001,2024-04-05,30.80,Fleet pricing (10% labor),0.08375
984,1018,2024-04-05,5.60,Fleet pricing (10% labor),0.08375
985,1020,2024-04-05,5.60,Fleet pricing (10% labor),0.08375
986,1023,2024-04-05,5.60,New customer (10% labor),0.08375
987,1021,2024-04-05,0.00,,0.08375
988,1008,2024-04-05,0.00,,0.08375
989,1022,2024-04-05,0.00,,0.08375
990,1007,2024-04-05,0.00,,0.08375
991,1024,2024-04-05,0.00,,0.08375
992,1025,2024-04-05,0.00,,0.08375
993,1026,2024-04-05,14.00,New customer (10% labor),0.08375
994,1027,2024-04-05,0.00,,0.08375
995,1029,2024-04-05,0.00,,0.08375
996,1030,2024-04-05,0.00,,0.08375
997,1028,2024-04-05,0.00,,0.08375
998,1031,2024-04-06,0.00,,0.08375
999,1032,2024-04-06,25.20,New customer (10% labor),0.08375
1000,1033,2024-04-06,30.80,Fleet pricing (10% labor),0.08375
1001,1036,2024-04-06,0.00,,0.08375
1002,1034,2024-04-06,0.00,,0.08375
1003,1035,2024-04-06,7.00,Fleet pricing (10% labor),0.08375
1004,1038,2024-04-08,0.00,,0.08375
1005,1042,2024-04-08,0.00,,0.08375
1006,1039,2024-04-08,8.40,Fleet pricing (10% labor),0.08375
1007,1037,2024-04-08,0.00,,0.08375
1008,1040,2024-04-08,0.00,,0.08375
1009,1044,2024-04-08,0.00,,0.08375
1010,1043,2024-04-08,14.00,Fleet pricing (10% labor),0.08375
1011,1041,2024-04-08,0.00,,0.08375
1012,1046,2024-04-08,0.00,,0.08375
1013,1051,2024-04-08,0.00,,0.08375
1014,1048,2024-04-08,23.80,Fleet pricing (10% labor),0.08375
1015,1055,2024-04-08,0.00,,0.08375
1016,1049,2024-04-08,0.00,,0.08375
1017,1045,2024-04-08,14.00,Fleet pricing (10% labor),0.08375
1018,1057,2024-04-08,0.00,,0.08375
1019,1050,2024-04-08,33.60,Fleet pricing (10% labor),0.08375
1020,1056,2024-04-09,0.00,,0.08375
1021,1059,2024-04-09,0.00,,0.08375
1022,1052,2024-04-09,0.00,,0.08375
1023,1053,2024-04-09,0.00,,0.08375
1024,1061,2024-04-09,0.00,,0.08375
1025,1062,2024-04-09,0.00,,0.08375
1026,1058,2024-04-09,0.00,,0.08375
1027,1063,2024-04-09,0.00,,0.08375
1028,1060,2024-04-09,0.00,,0.08375
1029,1065,2024-04-09,0.00,,0.08375
1030,1069,2024-04-09,0.00,,0.08375
1031,1067,2024-04-09,33.60,Fleet pricing (10% labor),0.08375
1032,1070,2024-04-09,0.00,,0.08375
1033,1066,2024-04-09,35.00,New customer (10% labor),0.08375
1034,1071,2024-04-10,30.80,Fleet pricing (10% labor),0.08375
1035,1075,2024-04-10,0.00,,0.08375
1036,1073,2024-04-10,0.00,,0.08375
1037,1076,2024-04-10,8.40,Fleet pricing (10% labor),0.08375
1038,1077,2024-04-10,5.60,Fleet pricing (10% labor),0.08375
1039,1047,2024-04-10,0.00,,0.08375
1040,1078,2024-04-10,0.00,,0.08375
1041,1080,2024-04-10,0.00,,0.08375
1042,1006,2024-04-10,84.00,Fleet pricing (10% labor),0.08375
1043,1081,2024-04-11,0.00,,0.08375
1044,1086,2024-04-11,5.60,New customer (10% labor),0.08375
1045,1083,2024-04-11,0.00,,0.08375
1046,1084,2024-04-11,28.00,New customer (10% labor),0.08375
1047,1089,2024-04-11,0.00,,0.08375
1048,1090,2024-04-11,0.00,,0.08375
1049,1088,2024-04-11,0.00,,0.08375
1050,1092,2024-04-11,5.60,Fleet pricing (10% labor),0.08375
1051,1072,2024-04-11,0.00,,0.08375
1052,1085,2024-04-11,0.00,,0.08375
1053,1093,2024-04-11,0.00,,0.08375
1054,1095,2024-04-11,0.00,,0.08375
1055,1087,2024-04-11,14.00,Fleet pricing (10% labor),0.08375
1056,1082,2024-04-11,0.00,,0.08375
1057,1096,2024-04-11,5.60,Fleet pricing (10% labor),0.08375
1058,1098,2024-04-11,16.80,New customer (10% labor),0.08375
1059,1100,2024-04-12,0.00,,0.08375
1060,1099,2024-04-12,0.00,,0.08375
1061,1094,2024-04-12,30.80,Fleet pricing (10% labor),0.08375
1062,1097,2024-04-12,0.00,,0.08375
1063,1101,2024-04-12,0.00,,0.08375
1064,1102,2024-04-12,0.00,,0.08375
1065,1079,2024-04-12,25.20,Fleet pricing (10% labor),0.08375
1066,1104,2024-04-12,0.00,,0.08375
1067,1105,2024-04-12,0.00,,0.08375
1068,1106,2024-04-12,0.00,,0.08375
1069,1108,2024-04-13,0.00,,0.08375
1070,1110,2024-04-13,0.00,,0.08375
1071,1107,2024-04-13,0.00,,0.08375
1072,1112,2024-04-13,14.00,Fleet pricing (10% labor),0.08375
1073,1109,2024-04-13,25.00,Loyalty reward,0.08375
1074,1113,2024-04-13,0.00,,0.08375
1075,1114,2024-04-15,0.00,,0.08375
1076,1111,2024-04-15,0.00,,0.08375
1077,1122,2024-04-15,0.00,,0.08375
1078,1119,2024-04-15,0.00,,0.08375
1079,1116,2024-04-15,11.20,New customer (10% labor),0.08375
1080,1118,2024-04-15,0.00,,0.08375
1081,1120,2024-04-15,0.00,,0.08375
1082,1123,2024-04-15,0.00,,0.08375
1083,1126,2024-04-15,0.00,,0.08375
1084,1117,2024-04-15,0.00,,0.08375
1085,1127,2024-04-15,5.60,Fleet pricing (10% labor),0.08375
1086,1128,2024-04-15,0.00,,0.08375
1087,1129,2024-04-15,0.00,,0.08375
1088,1124,2024-04-15,0.00,,0.08375
1089,1131,2024-04-15,0.00,,0.08375
1090,1121,2024-04-15,0.00,,0.08375
1091,1130,2024-04-15,0.00,,0.08375
1092,1054,2024-04-15,0.00,,0.08375
1093,1132,2024-04-16,0.00,,0.08375
1094,1134,2024-04-16,0.00,,0.08375
1095,1135,2024-04-16,0.00,,0.08375
1096,1133,2024-04-16,0.00,,0.08375
1097,1137,2024-04-16,5.60,New customer (10% labor),0.08375
1098,1139,2024-04-16,0.00,,0.08375
1099,1138,2024-04-16,26.60,Fleet pricing (10% labor),0.08375
1100,1074,2024-04-16,0.00,,0.08375
1101,1091,2024-04-16,0.00,,0.08375
1102,1140,2024-04-16,14.00,Fleet pricing (10% labor),0.08375
1103,1136,2024-04-16,0.00,,0.08375
1104,1142,2024-04-16,0.00,,0.08375
1105,1141,2024-04-16,6.30,New customer (10% labor),0.08375
1106,1145,2024-04-17,0.00,,0.08375
1107,1149,2024-04-17,5.60,Fleet pricing (10% labor),0.08375
1108,1147,2024-04-17,0.00,,0.08375
1109,1150,2024-04-17,0.00,,0.08375
1110,1146,2024-04-17,0.00,,0.08375
1111,1153,2024-04-17,0.00,,0.08375
1112,1143,2024-04-17,0.00,,0.08375
1113,1155,2024-04-17,0.00,,0.08375
1114,1148,2024-04-17,0.00,,0.08375
1115,1152,2024-04-17,0.00,,0.08375
1116,1154,2024-04-17,0.00,,0.08375
1117,1156,2024-04-17,0.00,,0.08375
1118,1151,2024-04-17,0.00,,0.08375
1119,1157,2024-04-18,7.00,Fleet pricing (10% labor),0.08375
1120,1144,2024-04-18,0.00,,0.08375
1121,1158,2024-04-18,0.00,,0.08375
1122,1169,2024-04-18,0.00,,0.08375
1123,1162,2024-04-18,0.00,,0.08375
1124,1167,2024-04-18,33.60,Fleet pricing (10% labor),0.08375
1125,1164,2024-04-18,16.80,Fleet pricing (10% labor),0.08375
1126,1159,2024-04-18,0.00,,0.08375
1127,1168,2024-04-18,0.00,,0.08375
1128,1160,2024-04-18,14.00,New customer (10% labor),0.08375
1129,1170,2024-04-18,0.00,,0.08375
1130,1163,2024-04-18,0.00,,0.08375
1131,1161,2024-04-18,0.00,,0.08375
1132,1172,2024-04-18,0.00,,0.08375
1133,1171,2024-04-18,0.00,,0.08375
1134,1165,2024-04-18,0.00,,0.08375
1135,1173,2024-04-18,0.00,,0.08375
1136,1166,2024-04-19,0.00,,0.08375
1137,1174,2024-04-19,0.00,,0.08375
1138,1176,2024-04-19,4.20,New customer (10% labor),0.08375
1139,1180,2024-04-19,5.60,Fleet pricing (10% labor),0.08375
1140,1178,2024-04-19,0.00,,0.08375
1141,1177,2024-04-19,0.00,,0.08375
1142,1181,2024-04-19,14.00,New customer (10% labor),0.08375
1143,1179,2024-04-19,0.00,,0.08375
1144,1182,2024-04-19,0.00,,0.08375
1145,1184,2024-04-19,14.00,New customer (10% labor),0.08375
1146,1183,2024-04-19,14.00,Fleet pricing (10% labor),0.08375
1147,1185,2024-04-19,0.00,,0.08375
1148,1175,2024-04-19,0.00,,0.08375
1149,1188,2024-04-20,0.00,,0.08375
1150,1193,2024-04-20,0.00,,0.08375
1151,1191,2024-04-20,18.20,New customer (10% labor),0.08375
1152,1189,2024-04-20,0.00,,0.08375
1153,1190,2024-04-20,0.00,,0.08375
1154,1186,2024-04-20,0.00,,0.08375
1155,1192,2024-04-20,0.00,,0.08375
1156,1187,2024-04-20,11.20,New customer (10% labor),0.08375
1157,1194,2024-04-22,0.00,,0.08375
1158,1198,2024-04-22,0.00,,0.08375
1159,1195,2024-04-22,25.20,New customer (10% labor),0.08375
1160,1200,2024-04-22,0.00,,0.08375
1161,1201,2024-04-22,0.00,,0.08375
1162,1202,2024-04-22,0.00,,0.08375
1163,1197,2024-04-22,0.00,,0.08375
1164,1203,2024-04-22,0.00,,0.08375
1165,1204,2024-04-22,0.00,,0.08375
1166,1199,2024-04-22,0.00,,0.08375
1167,1205,2024-04-22,22.40,Fleet pricing (10% labor),0.08375
1168,1207,2024-04-22,0.00,,0.08375
1169,1206,2024-04-22,0.00,,0.08375
1170,1196,2024-04-23,0.00,,0.08375
1171,1208,2024-04-23,30.80,Fleet pricing (10% labor),0.08375
1172,1209,2024-04-23,25.00,Loyalty reward,0.08375
1173,1211,2024-04-23,0.00,,0.08375
1174,1210,2024-04-23,0.00,,0.08375
1175,1215,2024-04-23,14.00,New customer (10% labor),0.08375
1176,1213,2024-04-23,0.00,,0.08375
1177,1218,2024-04-23,14.00,Fleet pricing (10% labor),0.08375
1178,1214,2024-04-23,0.00,,0.08375
1179,1212,2024-04-23,0.00,,0.08375
1180,1216,2024-04-23,0.00,,0.08375
1181,1219,2024-04-23,25.00,Loyalty reward,0.08375
1182,1220,2024-04-24,0.00,,0.08375
1183,1223,2024-04-24,0.00,,0.08375
1184,1222,2024-04-24,29.40,Fleet pricing (10% labor),0.08375
1185,1226,2024-04-24,0.00,,0.08375
1186,1217,2024-04-24,0.00,,0.08375
1187,1221,2024-04-24,33.60,New customer (10% labor),0.08375
1188,1224,2024-04-24,0.00,,0.08375
1189,1225,2024-04-24,0.00,,0.08375
1190,1227,2024-04-24,0.00,,0.08375
1191,1229,2024-04-24,0.00,,0.08375
1192,1228,2024-04-24,0.00,,0.08375
1193,1231,2024-04-25,0.00,,0.08375
1194,1233,2024-04-25,5.60,Fleet pricing (10% labor),0.08375
1195,1230,2024-04-25,0.00,,0.08375
1196,1235,2024-04-25,0.00,,0.08375
1197,1232,2024-04-25,0.00,,0.08375
1198,1234,2024-04-25,0.00,,0.08375
1199,1238,2024-04-25,0.00,,0.08375
1200,1236,2024-04-25,0.00,,0.08375
1201,1237,2024-04-25,0.00,,0.08375
1202,1239,2024-04-25,0.00,,0.08375
1203,1241,2024-04-25,0.00,,0.08375
1204,1240,2024-04-25,0.00,,0.08375
1205,1243,2024-04-25,0.00,,0.08375
1206,1246,2024-04-26,5.60,Fleet pricing (10% labor),0.08375
1207,1245,2024-04-26,14.00,New customer (10% labor),0.08375
1208,1248,2024-04-26,0.00,,0.08375
1209,1250,2024-04-26,0.00,,0.08375
1210,1244,2024-04-26,30.80,Fleet pricing (10% labor),0.08375
1211,1254,2024-04-26,26.60,Fleet pricing (10% labor),0.08375
1212,1253,2024-04-26,0.00,,0.08375
1213,1256,2024-04-26,0.00,,0.08375
1214,1258,2024-04-26,5.60,Fleet pricing (10% labor),0.08375
1215,1252,2024-04-26,0.00,,0.08375
1216,1257,2024-04-26,0.00,,0.08375
1217,1255,2024-04-26,0.00,,0.08375
1218,1242,2024-04-27,35.00,Fleet pricing (10% labor),0.08375
1219,1263,2024-04-27,0.00,,0.08375
1220,1264,2024-04-27,0.00,,0.08375
1221,1260,2024-04-27,25.00,Loyalty reward,0.08375
1222,1259,2024-04-27,0.00,,0.08375
1223,1267,2024-04-27,0.00,,0.08375
1224,1261,2024-04-27,0.00,,0.08375
1225,1247,2024-04-27,0.00,,0.08375
1226,1269,2024-04-29,0.00,,0.08375
1227,1265,2024-04-29,0.00,,0.08375
1228,1266,2024-04-29,0.00,,0.08375
1229,1270,2024-04-29,0.00,,0.08375
1230,1272,2024-04-29,0.00,,0.08375
1231,1276,2024-04-29,0.00,,0.08375
1232,1268,2024-04-29,0.00,,0.08375
1233,1277,2024-04-29,0.00,,0.08375
1234,1273,2024-04-29,0.00,,0.08375
1235,1274,2024-04-29,12.60,Fleet pricing (10% labor),0.08375
1236,1279,2024-04-29,42.00,Fleet pricing (10% labor),0.08375
1237,1275,2024-04-29,0.00,,0.08375
1238,1278,2024-04-29,35.00,Fleet pricing (10% labor),0.08375
1239,1282,2024-04-29,0.00,,0.08375
1240,1251,2024-04-29,0.00,,0.08375
1241,1283,2024-04-29,0.00,,0.08375
1242,1271,2024-04-29,0.00,,0.08375
1243,1281,2024-04-30,0.00,,0.08375
1244,1284,2024-04-30,5.60,Fleet pricing (10% labor),0.08375
1245,1287,2024-04-30,0.00,,0.08375
1246,1286,2024-04-30,9.80,Fleet pricing (10% labor),0.08375
1247,1280,2024-04-30,0.00,,0.08375
1248,1288,2024-04-30,42.00,Fleet pricing (10% labor),0.08375
1249,1290,2024-04-30,0.00,,0.08375
1250,1285,2024-04-30,0.00,,0.08375
1251,1289,2024-04-30,16.80,New customer (10% labor),0.08375
1252,1291,2024-04-30,0.00,,0.08375
1253,1292,2024-04-30,0.00,,0.08375
1254,1293,2024-04-30,0.00,,0.08375
1255,1294,2024-04-30,0.00,,0.08375
1256,1297,2024-05-01,0.00,,0.08375
1257,1295,2024-05-01,14.00,New customer (10% labor),0.08375
1258,1298,2024-05-01,14.00,New customer (10% labor),0.08375
1259,1299,2024-05-01,15.40,New customer (10% labor),0.08375
1260,1301,2024-05-01,0.00,,0.08375
1261,1305,2024-05-01,5.60,Fleet pricing (10% labor),0.08375
1262,1306,2024-05-01,0.00,,0.08375
1263,1300,2024-05-01,0.00,,0.08375
1264,1303,2024-05-01,0.00,,0.08375
1265,1307,2024-05-01,0.00,,0.08375
1266,1304,2024-05-02,0.00,,0.08375
1267,1308,2024-05-02,0.00,,0.08375
1268,1309,2024-05-02,23.80,New customer (10% labor),0.08375
1269,1310,2024-05-02,0.00,,0.08375
1270,1316,2024-05-02,0.00,,0.08375
1271,1314,2024-05-02,0.00,,0.08375
1272,1262,2024-05-02,28.00,Fleet pricing (10% labor),0.08375
1273,1311,2024-05-02,0.00,,0.08375
1274,1315,2024-05-02,25.00,Loyalty reward,0.08375
1275,1317,2024-05-02,0.00,,0.08375
1276,1318,2024-05-02,0.00,,0.08375
1277,1302,2024-05-02,67.20,Fleet pricing (10% labor),0.08375
1278,1319,2024-05-02,21.00,New customer (10% labor),0.08375
1279,1312,2024-05-02,0.00,,0.08375
1280,1320,2024-05-03,0.00,,0.08375
1281,1296,2024-05-03,53.20,Fleet pricing (10% labor),0.08375
1282,1323,2024-05-03,0.00,,0.08375
1283,1324,2024-05-03,0.00,,0.08375
1284,1327,2024-05-03,0.00,,0.08375
1285,1326,2024-05-03,14.00,Fleet pricing (10% labor),0.08375
1286,1325,2024-05-03,0.00,,0.08375
1287,1321,2024-05-03,0.00,,0.08375
1288,1330,2024-05-03,0.00,,0.08375
1289,1328,2024-05-03,0.00,,0.08375
1290,1331,2024-05-03,0.00,,0.08375
1291,1332,2024-05-03,0.00,,0.08375
1292,1333,2024-05-04,0.00,,0.08375
1293,1334,2024-05-04,0.00,,0.08375
1294,1340,2024-05-04,0.00,,0.08375
1295,1337,2024-05-04,0.00,,0.08375
1296,1338,2024-05-04,0.00,,0.08375
1297,1336,2024-05-04,44.80,Fleet pricing (10% labor),0.08375
1298,1339,2024-05-06,0.00,,0.08375
1299,1343,2024-05-06,14.00,Fleet pricing (10% labor),0.08375
1300,1345,2024-05-06,0.00,,0.08375
1301,1346,2024-05-06,0.00,,0.08375
1302,1341,2024-05-06,0.00,,0.08375
1303,1350,2024-05-06,16.80,Fleet pricing (10% labor),0.08375
1304,1329,2024-05-06,29.40,New customer (10% labor),0.08375
1305,1347,2024-05-06,11.20,Fleet pricing (10% labor),0.08375
1306,1342,2024-05-06,28.00,Fleet pricing (10% labor),0.08375
1307,1344,2024-05-06,0.00,,0.08375
1308,1352,2024-05-06,0.00,,0.08375
1309,1351,2024-05-06,11.20,New customer (10% labor),0.08375
1310,1354,2024-05-06,16.80,Fleet pricing (10% labor),0.08375
1311,1349,2024-05-06,0.00,,0.08375
1312,1353,2024-05-06,0.00,,0.08375
1313,1355,2024-05-07,0.00,,0.08375
1314,1348,2024-05-07,0.00,,0.08375
1315,1356,2024-05-07,0.00,,0.08375
1316,1361,2024-05-07,0.00,,0.08375
1317,1358,2024-05-07,0.00,,0.08375
1318,1335,2024-05-07,32.20,Fleet pricing (10% labor),0.08375
1319,1357,2024-05-07,0.00,,0.08375
1320,1362,2024-05-07,11.20,New customer (10% labor),0.08375
1321,1359,2024-05-07,5.60,Fleet pricing (10% labor),0.08375
1322,1360,2024-05-07,0.00,,0.08375
1323,1364,2024-05-07,0.00,,0.08375
1324,1365,2024-05-07,11.20,Fleet pricing (10% labor),0.08375
1325,1363,2024-05-07,0.00,,0.08375
1326,1366,2024-05-07,0.00,,0.08375
1327,1368,2024-05-08,0.00,,0.08375
1328,1369,2024-05-08,0.00,,0.08375
1329,1371,2024-05-08,0.00,,0.08375
1330,1375,2024-05-08,0.00,,0.08375
1331,1370,2024-05-08,0.00,,0.08375
1332,1373,2024-05-08,0.00,,0.08375
1333,1372,2024-05-08,0.00,,0.08375
1334,1378,2024-05-08,0.00,,0.08375
1335,1374,2024-05-08,0.00,,0.08375
1336,1377,2024-05-08,0.00,,0.08375
1337,1381,2024-05-08,0.00,,0.08375
1338,1376,2024-05-08,0.00,,0.08375
1339,1379,2024-05-08,0.00,,0.08375
1340,1382,2024-05-09,35.00,New customer (10% labor),0.08375
1341,1383,2024-05-09,5.60,New customer (10% labor),0.08375
1342,1384,2024-05-09,14.00,New customer (10% labor),0.08375
1343,1385,2024-05-09,4.20,Fleet pricing (10% labor),0.08375
1344,1386,2024-05-09,0.00,,0.08375
1345,1389,2024-05-09,5.60,New customer (10% labor),0.08375
1346,1392,2024-05-09,0.00,,0.08375
1347,1391,2024-05-09,0.00,,0.08375
1348,1394,2024-05-09,0.00,,0.08375
1349,1396,2024-05-09,0.00,,0.08375
1350,1390,2024-05-09,25.00,Loyalty reward,0.08375
1351,1401,2024-05-09,23.80,New customer (10% labor),0.08375
1352,1397,2024-05-09,5.60,Fleet pricing (10% labor),0.08375
1353,1399,2024-05-09,0.00,,0.08375
1354,1395,2024-05-10,35.00,Fleet pricing (10% labor),0.08375
1355,1398,2024-05-10,0.00,,0.08375
1356,1393,2024-05-10,0.00,,0.08375
1357,1402,2024-05-10,0.00,,0.08375
1358,1403,2024-05-10,14.00,New customer (10% labor),0.08375
1359,1380,2024-05-10,67.20,New customer (10% labor),0.08375
1360,1407,2024-05-10,8.40,New customer (10% labor),0.08375
1361,1410,2024-05-10,0.00,,0.08375
1362,1412,2024-05-10,14.00,New customer (10% labor),0.08375
1363,1404,2024-05-10,5.60,New customer (10% labor),0.08375
1364,1367,2024-05-10,25.20,New customer (10% labor),0.08375
1365,1411,2024-05-10,0.00,,0.08375
1366,1405,2024-05-10,0.00,,0.08375
1367,1408,2024-05-10,0.00,,0.08375
1368,1415,2024-05-10,35.00,New customer (10% labor),0.08375
1369,1417,2024-05-11,0.00,,0.08375
1370,1413,2024-05-11,0.00,,0.08375
1371,1416,2024-05-11,14.00,Fleet pricing (10% labor),0.08375
1372,1421,2024-05-11,5.60,New customer (10% labor),0.08375
1373,1419,2024-05-11,0.00,,0.08375
1374,1418,2024-05-11,0.00,,0.08375
1375,1414,2024-05-11,0.00,,0.08375
1376,1423,2024-05-11,0.00,,0.08375
1377,1420,2024-05-11,0.00,,0.08375
1378,1424,2024-05-13,0.00,,0.08375
1379,1427,2024-05-13,25.00,Loyalty reward,0.08375
1380,1428,2024-05-13,15.40,Fleet pricing (10% labor),0.08375
1381,1429,2024-05-13,0.00,,0.08375
1382,1432,2024-05-13,8.40,Fleet pricing (10% labor),0.08375
1383,1434,2024-05-13,0.00,,0.08375
1384,1436,2024-05-13,0.00,,0.08375
1385,1437,2024-05-13,0.00,,0.08375
1386,1439,2024-05-13,5.60,New customer (10% labor),0.08375
1387,1440,2024-05-13,0.00,,0.08375
1388,1442,2024-05-13,0.00,,0.08375
1389,1433,2024-05-13,0.00,,0.08375
1390,1441,2024-05-13,0.00,,0.08375
1391,1438,2024-05-13,0.00,,0.08375
1392,1445,2024-05-13,0.00,,0.08375
1393,1446,2024-05-13,0.00,,0.08375
1394,1447,2024-05-13,0.00,,0.08375
1395,1449,2024-05-13,0.00,,0.08375
1396,1435,2024-05-13,26.60,Fleet pricing (10% labor),0.08375
1397,1451,2024-05-14,8.40,New customer (10% labor),0.08375
1398,1448,2024-05-14,0.00,,0.08375
1399,1444,2024-05-14,0.00,,0.08375
1400,1452,2024-05-14,9.80,Fleet pricing (10% labor),0.08375
1401,1453,2024-05-14,0.00,,0.08375
1402,1456,2024-05-14,5.60,New customer (10% labor),0.08375
1403,1455,2024-05-14,0.00,,0.08375
1404,1454,2024-05-14,0.00,,0.08375
1405,1457,2024-05-14,5.60,New customer (10% labor),0.08375
1406,1458,2024-05-14,22.40,New customer (10% labor),0.08375
1407,1450,2024-05-14,0.00,,0.08375
1408,1422,2024-05-14,0.00,,0.08375
1409,1459,2024-05-14,0.00,,0.08375
1410,1463,2024-05-14,0.00,,0.08375
1411,1461,2024-05-14,0.00,,0.08375
1412,1462,2024-05-14,0.00,,0.08375
1413,1460,2024-05-14,0.00,,0.08375
1414,1426,2024-05-15,0.00,,0.08375
1415,1468,2024-05-15,0.00,,0.08375
1416,1467,2024-05-15,0.00,,0.08375
1417,1470,2024-05-15,0.00,,0.08375
1418,1466,2024-05-15,0.00,,0.08375
1419,1471,2024-05-15,0.00,,0.08375
1420,1472,2024-05-15,14.00,Fleet pricing (10% labor),0.08375
1421,1464,2024-05-15,0.00,,0.08375
1422,1400,2024-05-15,84.00,New customer (10% labor),0.08375
1423,1469,2024-05-15,0.00,,0.08375
1424,1473,2024-05-15,0.00,,0.08375
1425,1475,2024-05-16,0.00,,0.08375
1426,1474,2024-05-16,0.00,,0.08375
1427,1477,2024-05-16,0.00,,0.08375
1428,1480,2024-05-16,5.60,New customer (10% labor),0.08375
1429,1476,2024-05-16,0.00,,0.08375
1430,1482,2024-05-16,0.00,,0.08375
1431,1481,2024-05-16,14.00,New customer (10% labor),0.08375
1432,1479,2024-05-16,0.00,,0.08375
1433,1483,2024-05-16,0.00,,0.08375
1434,1485,2024-05-16,0.00,,0.08375
1435,1488,2024-05-16,4.20,New customer (10% labor),0.08375
1436,1484,2024-05-16,0.00,,0.08375
1437,1487,2024-05-16,0.00,,0.08375
1438,1489,2024-05-17,14.00,Fleet pricing (10% labor),0.08375
1439,1491,2024-05-17,16.80,New customer (10% labor),0.08375
1440,1493,2024-05-17,0.00,,0.08375
1441,1496,2024-05-17,25.00,Loyalty reward,0.08375
1442,1494,2024-05-17,25.20,New customer (10% labor),0.08375
1443,1492,2024-05-17,0.00,,0.08375
1444,1490,2024-05-17,0.00,,0.08375
1445,1502,2024-05-18,5.60,Fleet pricing (10% labor),0.08375
1446,1498,2024-05-18,23.80,Fleet pricing (10% labor),0.08375
1447,1503,2024-05-18,12.60,Fleet pricing (10% labor),0.08375
1448,1499,2024-05-18,0.00,,0.08375
1449,1505,2024-05-20,5.60,Fleet pricing (10% labor),0.08375
1450,1486,2024-05-20,0.00,,0.08375
1451,1504,2024-05-20,0.00,,0.08375
1452,1507,2024-05-20,5.60,Fleet pricing (10% labor),0.08375
1453,1506,2024-05-20,0.00,,0.08375
1454,1508,2024-05-20,0.00,,0.08375
1455,1510,2024-05-20,5.60,Fleet pricing (10% labor),0.08375
1456,1511,2024-05-20,0.00,,0.08375
1457,1513,2024-05-20,0.00,,0.08375
1458,1512,2024-05-20,21.00,Fleet pricing (10% labor),0.08375
1459,1509,2024-05-20,0.00,,0.08375
1460,1514,2024-05-20,0.00,,0.08375
1461,1500,2024-05-20,25.20,Fleet pricing (10% labor),0.08375
1462,1515,2024-05-20,0.00,,0.08375
1463,1495,2024-05-20,0.00,,0.08375
1464,1516,2024-05-20,0.00,,0.08375
1465,1517,2024-05-20,14.00,Fleet pricing (10% labor),0.08375
1466,1519,2024-05-20,0.00,,0.08375
1467,1520,2024-05-20,0.00,,0.08375
1468,1518,2024-05-21,0.00,,0.08375
1469,1521,2024-05-21,0.00,,0.08375
1470,1522,2024-05-21,0.00,,0.08375
1471,1523,2024-05-21,8.40,New customer (10% labor),0.08375
1472,1524,2024-05-21,11.20,New customer (10% labor),0.08375
1473,1525,2024-05-21,0.00,,0.08375
1474,1528,2024-05-21,0.00,,0.08375
1475,1529,2024-05-21,0.00,,0.08375
1476,1527,2024-05-21,0.00,,0.08375
1477,1532,2024-05-22,12.60,Fleet pricing (10% labor),0.08375
1478,1534,2024-05-22,0.00,,0.08375
1479,1530,2024-05-22,0.00,,0.08375
1480,1538,2024-05-22,0.00,,0.08375
1481,1536,2024-05-22,0.00,,0.08375
1482,1541,2024-05-22,0.00,,0.08375
1483,1526,2024-05-22,28.00,New customer (10% labor),0.08375
1484,1533,2024-05-22,0.00,,0.08375
1485,1540,2024-05-22,39.20,New customer (10% labor),0.08375
1486,1539,2024-05-22,21.00,Fleet pricing (10% labor),0.08375
1487,1531,2024-05-22,0.00,,0.08375
1488,1478,2024-05-22,105.00,New customer (10% labor),0.08375
1489,1537,2024-05-22,0.00,,0.08375
1490,1542,2024-05-22,11.20,New customer (10% labor),0.08375
1491,1543,2024-05-23,0.00,,0.08375
1492,1545,2024-05-23,14.00,New customer (10% labor),0.08375
1493,1548,2024-05-23,0.00,,0.08375
1494,1547,2024-05-23,8.40,Fleet pricing (10% labor),0.08375
1495,1544,2024-05-23,0.00,,0.08375
1496,1546,2024-05-23,0.00,,0.08375
1497,1549,2024-05-23,28.00,New customer (10% labor),0.08375
1498,1551,2024-05-23,0.00,,0.08375
1499,1553,2024-05-23,0.00,,0.08375
1500,1556,2024-05-23,5.60,New customer (10% labor),0.08375
1501,1552,2024-05-23,0.00,,0.08375
1502,1554,2024-05-23,0.00,,0.08375
1503,1550,2024-05-23,0.00,,0.08375
1504,1559,2024-05-24,0.00,,0.08375
1505,1555,2024-05-24,0.00,,0.08375
1506,1561,2024-05-24,16.80,Fleet pricing (10% labor),0.08375
1507,1557,2024-05-24,0.00,,0.08375
1508,1562,2024-05-24,14.00,Fleet pricing (10% labor),0.08375
1509,1563,2024-05-24,25.00,Loyalty reward,0.08375
1510,1560,2024-05-24,22.40,Fleet pricing (10% labor),0.08375
1511,1565,2024-05-25,25.00,Loyalty reward,0.08375
1512,1566,2024-05-25,0.00,,0.08375
1513,1569,2024-05-25,32.20,Fleet pricing (10% labor),0.08375
1514,1501,2024-05-25,49.00,New customer (10% labor),0.08375
1515,1567,2024-05-25,25.20,New customer (10% labor),0.08375
1516,1572,2024-05-25,19.60,Fleet pricing (10% labor),0.08375
1517,1574,2024-05-28,0.00,,0.08375
1518,1568,2024-05-28,0.00,,0.08375
1519,1575,2024-05-28,29.40,Fleet pricing (10% labor),0.08375
1520,1580,2024-05-28,0.00,,0.08375
1521,1582,2024-05-28,18.20,New customer (10% labor),0.08375
1522,1579,2024-05-28,0.00,,0.08375
1523,1583,2024-05-28,8.40,Fleet pricing (10% labor),0.08375
1524,1585,2024-05-28,0.00,,0.08375
1525,1577,2024-05-28,0.00,,0.08375
1526,1588,2024-05-28,16.80,Fleet pricing (10% labor),0.08375
1527,1586,2024-05-28,0.00,,0.08375
1528,1589,2024-05-28,0.00,,0.08375
1529,1587,2024-05-28,25.00,Loyalty reward,0.08375
1530,1591,2024-05-28,0.00,,0.08375
1531,1571,2024-05-29,0.00,,0.08375
1532,1596,2024-05-29,0.00,,0.08375
1533,1597,2024-05-29,0.00,,0.08375
1534,1581,2024-05-29,0.00,,0.08375
1535,1598,2024-05-29,0.00,,0.08375
1536,1564,2024-05-29,29.40,Fleet pricing (10% labor),0.08375
1537,1600,2024-05-29,0.00,,0.08375
1538,1592,2024-05-29,16.80,Fleet pricing (10% labor),0.08375
1539,1601,2024-05-29,0.00,,0.08375
1540,1602,2024-05-29,25.20,Fleet pricing (10% labor),0.08375
1541,1593,2024-05-29,0.00,,0.08375
1542,1573,2024-05-29,0.00,,0.08375
1543,1595,2024-05-29,0.00,,0.08375
1544,1604,2024-05-29,42.00,Fleet pricing (10% labor),0.08375
1545,1605,2024-05-29,0.00,,0.08375
1546,1607,2024-05-29,0.00,,0.08375
1547,1606,2024-05-30,0.00,,0.08375
1548,1609,2024-05-30,0.00,,0.08375
1549,1611,2024-05-30,0.00,,0.08375
1550,1615,2024-05-30,5.60,New customer (10% labor),0.08375
1551,1618,2024-05-30,0.00,,0.08375
1552,1610,2024-05-30,0.00,,0.08375
1553,1612,2024-05-30,0.00,,0.08375
1554,1584,2024-05-30,25.20,Fleet pricing (10% labor),0.08375
1555,1621,2024-05-30,14.00,Fleet pricing (10% labor),0.08375
1556,1599,2024-05-30,0.00,,0.08375
1557,1619,2024-05-30,0.00,,0.08375
1558,1616,2024-05-30,0.00,,0.08375
1559,1614,2024-05-30,44.80,New customer (10% labor),0.08375
1560,1620,2024-05-30,0.00,,0.08375
1561,1617,2024-05-30,0.00,,0.08375
1562,1625,2024-05-31,5.60,Fleet pricing (10% labor),0.08375
1563,1624,2024-05-31,19.60,New customer (10% labor),0.08375
1564,1629,2024-05-31,29.40,Fleet pricing (10% labor),0.08375
1565,1623,2024-05-31,0.00,,0.08375
1566,1628,2024-05-31,7.00,New customer (10% labor),0.08375
1567,1626,2024-05-31,0.00,,0.08375
1568,1627,2024-05-31,5.60,Fleet pricing (10% labor),0.08375
1569,1603,2024-05-31,0.00,,0.08375
1570,1630,2024-05-31,0.00,,0.08375
1571,1578,2024-05-31,25.20,Fleet pricing (10% labor),0.08375
1572,1622,2024-05-31,0.00,,0.08375
1573,1632,2024-05-31,0.00,,0.08375
1574,1633,2024-05-31,5.60,Fleet pricing (10% labor),0.08375
1575,1631,2024-05-31,0.00,,0.08375
1576,1635,2024-05-31,35.00,Fleet pricing (10% labor),0.08375
1577,1637,2024-06-01,0.00,,0.08375
1578,1639,2024-06-01,0.00,,0.08375
1579,1636,2024-06-01,25.00,Loyalty reward,0.08375
1580,1638,2024-06-01,25.20,Fleet pricing (10% labor),0.08375
1581,1642,2024-06-01,0.00,,0.08375
1582,1640,2024-06-03,0.00,,0.08375
1583,1645,2024-06-03,22.40,Fleet pricing (10% labor),0.08375
1584,1649,2024-06-03,0.00,,0.08375
1585,1644,2024-06-03,0.00,,0.08375
1586,1643,2024-06-03,21.00,Fleet pricing (10% labor),0.08375
1587,1650,2024-06-03,0.00,,0.08375
1588,1646,2024-06-03,0.00,,0.08375
1589,1651,2024-06-03,0.00,,0.08375
1590,1634,2024-06-03,0.00,,0.08375
1591,1647,2024-06-03,0.00,,0.08375
1592,1648,2024-06-03,18.20,Fleet pricing (10% labor),0.08375
1593,1652,2024-06-03,16.80,New customer (10% labor),0.08375
1594,1655,2024-06-03,0.00,,0.08375
1595,1608,2024-06-03,0.00,,0.08375
1596,1653,2024-06-03,25.20,Fleet pricing (10% labor),0.08375
1597,1656,2024-06-03,0.00,,0.08375
1598,1659,2024-06-04,5.60,New customer (10% labor),0.08375
1599,1661,2024-06-04,0.00,,0.08375
1600,1663,2024-06-04,0.00,,0.08375
1601,1664,2024-06-04,0.00,,0.08375
1602,1657,2024-06-04,0.00,,0.08375
1603,1660,2024-06-04,0.00,,0.08375
1604,1665,2024-06-04,0.00,,0.08375
1605,1668,2024-06-04,0.00,,0.08375
1606,1667,2024-06-04,25.00,Loyalty reward,0.08375
1607,1669,2024-06-04,0.00,,0.08375
1608,1670,2024-06-04,0.00,,0.08375
1609,1666,2024-06-04,0.00,,0.08375
1610,1672,2024-06-04,18.20,New customer (10% labor),0.08375
1611,1674,2024-06-04,0.00,,0.08375
1612,1671,2024-06-04,0.00,,0.08375
1613,1673,2024-06-04,0.00,,0.08375
1614,1675,2024-06-04,0.00,,0.08375
1615,1676,2024-06-05,19.60,New customer (10% labor),0.08375
1616,1679,2024-06-05,0.00,,0.08375
1617,1662,2024-06-05,0.00,,0.08375
1618,1680,2024-06-05,5.60,Fleet pricing (10% labor),0.08375
1619,1683,2024-06-05,0.00,,0.08375
1620,1678,2024-06-05,19.60,Fleet pricing (10% labor),0.08375
1621,1681,2024-06-05,11.20,Fleet pricing (10% labor),0.08375
1622,1682,2024-06-05,0.00,,0.08375
1623,1684,2024-06-05,0.00,,0.08375
1624,1686,2024-06-05,0.00,,0.08375
1625,1687,2024-06-05,0.00,,0.08375
1626,1689,2024-06-05,0.00,,0.08375
1627,1690,2024-06-05,0.00,,0.08375
1628,1688,2024-06-05,0.00,,0.08375
1629,1691,2024-06-05,0.00,,0.08375
1630,1694,2024-06-06,0.00,,0.08375
1631,1693,2024-06-06,14.00,New customer (10% labor),0.08375
1632,1695,2024-06-06,22.40,Fleet pricing (10% labor),0.08375
1633,1696,2024-06-06,0.00,,0.08375
1634,1658,2024-06-06,0.00,,0.08375
1635,1703,2024-06-06,5.60,New customer (10% labor),0.08375
1636,1692,2024-06-06,28.00,Fleet pricing (10% labor),0.08375
1637,1705,2024-06-06,5.60,New customer (10% labor),0.08375
1638,1700,2024-06-06,0.00,,0.08375
1639,1699,2024-06-06,0.00,,0.08375
1640,1707,2024-06-06,0.00,,0.08375
1641,1697,2024-06-06,25.20,New customer (10% labor),0.08375
1642,1698,2024-06-06,29.40,New customer (10% labor),0.08375
1643,1706,2024-06-06,14.00,New customer (10% labor),0.08375
1644,1709,2024-06-06,0.00,,0.08375
1645,1708,2024-06-06,22.40,New customer (10% labor),0.08375
1646,1710,2024-06-06,0.00,,0.08375
1647,1702,2024-06-06,0.00,,0.08375
1648,1712,2024-06-06,0.00,,0.08375
1649,1704,2024-06-06,0.00,,0.08375
1650,1716,2024-06-07,0.00,,0.08375
1651,1714,2024-06-07,21.00,Fleet pricing (10% labor),0.08375
1652,1718,2024-06-07,0.00,,0.08375
1653,1717,2024-06-07,36.40,New customer (10% labor),0.08375
1654,1715,2024-06-07,75.60,New customer (10% labor),0.08375
1655,1720,2024-06-07,14.00,New customer (10% labor),0.08375
1656,1724,2024-06-07,0.00,,0.08375
1657,1685,2024-06-07,0.00,,0.08375
1658,1725,2024-06-07,0.00,,0.08375
1659,1723,2024-06-07,0.00,,0.08375
1660,1726,2024-06-08,0.00,,0.08375
1661,1727,2024-06-08,0.00,,0.08375
1662,1728,2024-06-08,26.60,Fleet pricing (10% labor),0.08375
1663,1711,2024-06-08,53.20,New customer (10% labor),0.08375
1664,1733,2024-06-08,0.00,,0.08375
1665,1731,2024-06-10,0.00,,0.08375
1666,1729,2024-06-10,0.00,,0.08375
1667,1736,2024-06-10,16.80,New customer (10% labor),0.08375
1668,1735,2024-06-10,0.00,,0.08375
1669,1738,2024-06-10,0.00,,0.08375
1670,1740,2024-06-10,16.80,Fleet pricing (10% labor),0.08375
1671,1732,2024-06-10,0.00,,0.08375
1672,1742,2024-06-10,0.00,,0.08375
1673,1743,2024-06-10,0.00,,0.08375
1674,1745,2024-06-10,14.00,New customer (10% labor),0.08375
1675,1734,2024-06-10,56.00,Fleet pricing (10% labor),0.08375
1676,1746,2024-06-11,0.00,,0.08375
1677,1749,2024-06-11,0.00,,0.08375
1678,1737,2024-06-11,0.00,,0.08375
1679,1744,2024-06-11,0.00,,0.08375
1680,1755,2024-06-11,5.60,New customer (10% labor),0.08375
1681,1721,2024-06-11,0.00,,0.08375
1682,1748,2024-06-11,36.40,Fleet pricing (10% labor),0.08375
1683,1722,2024-06-11,0.00,,0.08375
1684,1747,2024-06-11,0.00,,0.08375
1685,1750,2024-06-11,0.00,,0.08375
1686,1756,2024-06-11,5.60,Fleet pricing (10% labor),0.08375
1687,1761,2024-06-11,0.00,,0.08375
1688,1759,2024-06-11,16.80,New customer (10% labor),0.08375
1689,1757,2024-06-11,11.20,New customer (10% labor),0.08375
1690,1752,2024-06-11,0.00,,0.08375
1691,1760,2024-06-11,0.00,,0.08375
1692,1758,2024-06-11,0.00,,0.08375
1693,1763,2024-06-12,5.60,Fleet pricing (10% labor),0.08375
1694,1739,2024-06-12,0.00,,0.08375
1695,1766,2024-06-12,19.60,Fleet pricing (10% labor),0.08375
1696,1764,2024-06-12,0.00,,0.08375
1697,1765,2024-06-12,0.00,,0.08375
1698,1767,2024-06-12,21.00,New customer (10% labor),0.08375
1699,1770,2024-06-12,0.00,,0.08375
1700,1769,2024-06-12,0.00,,0.08375
1701,1773,2024-06-12,26.60,New customer (10% labor),0.08375
1702,1774,2024-06-12,16.80,New customer (10% labor),0.08375
1703,1772,2024-06-13,14.00,Fleet pricing (10% labor),0.08375
1704,1780,2024-06-13,0.00,,0.08375
1705,1776,2024-06-13,36.40,New customer (10% labor),0.08375
1706,1782,2024-06-13,0.00,,0.08375
1707,1754,2024-06-13,0.00,,0.08375
1708,1762,2024-06-13,25.20,Fleet pricing (10% labor),0.08375
1709,1768,2024-06-13,42.00,Fleet pricing (10% labor),0.08375
1710,1783,2024-06-13,0.00,,0.08375
1711,1781,2024-06-13,0.00,,0.08375
1712,1779,2024-06-13,0.00,,0.08375
1713,1777,2024-06-13,0.00,,0.08375
1714,1775,2024-06-13,35.00,New customer (10% labor),0.08375
1715,1771,2024-06-13,0.00,,0.08375
1716,1786,2024-06-13,5.60,Fleet pricing (10% labor),0.08375
1717,1787,2024-06-13,0.00,,0.08375
1718,1784,2024-06-13,0.00,,0.08375
1719,1778,2024-06-13,0.00,,0.08375
1720,1785,2024-06-13,5.60,New customer (10% labor),0.08375
1721,1789,2024-06-14,5.60,New customer (10% labor),0.08375
1722,1790,2024-06-14,5.60,Fleet pricing (10% labor),0.08375
1723,1791,2024-06-14,0.00,,0.08375
1724,1793,2024-06-14,8.40,New customer (10% labor),0.08375
1725,1795,2024-06-14,0.00,,0.08375
1726,1792,2024-06-14,0.00,,0.08375
1727,1796,2024-06-14,0.00,,0.08375
1728,1753,2024-06-14,25.00,Loyalty reward,0.08375
1729,1751,2024-06-14,0.00,,0.08375
1730,1797,2024-06-14,14.00,Fleet pricing (10% labor),0.08375
1731,1798,2024-06-14,25.00,Loyalty reward,0.08375
1732,1800,2024-06-14,0.00,,0.08375
1733,1794,2024-06-14,0.00,,0.08375
1734,1801,2024-06-14,0.00,,0.08375
1735,1803,2024-06-15,0.00,,0.08375
1736,1805,2024-06-15,0.00,,0.08375
1737,1808,2024-06-17,0.00,,0.08375
1738,1809,2024-06-17,0.00,,0.08375
1739,1811,2024-06-17,0.00,,0.08375
1740,1818,2024-06-17,0.00,,0.08375
1741,1814,2024-06-17,0.00,,0.08375
1742,1806,2024-06-17,0.00,,0.08375
1743,1816,2024-06-17,0.00,,0.08375
1744,1813,2024-06-17,19.60,Fleet pricing (10% labor),0.08375
1745,1820,2024-06-17,0.00,,0.08375
1746,1815,2024-06-17,0.00,,0.08375
1747,1821,2024-06-17,5.60,Fleet pricing (10% labor),0.08375
1748,1812,2024-06-17,0.00,,0.08375
1749,1823,2024-06-17,7.00,New customer (10% labor),0.08375
1750,1817,2024-06-18,71.40,New customer (10% labor),0.08375
1751,1826,2024-06-18,0.00,,0.08375
1752,1819,2024-06-18,0.00,,0.08375
1753,1822,2024-06-18,16.80,Fleet pricing (10% labor),0.08375
1754,1804,2024-06-18,0.00,,0.08375
1755,1825,2024-06-18,0.00,,0.08375
1756,1829,2024-06-18,0.00,,0.08375
1757,1830,2024-06-18,0.00,,0.08375
1758,1802,2024-06-18,56.00,Fleet pricing (10% labor),0.08375
1759,1831,2024-06-18,7.00,Fleet pricing (10% labor),0.08375
1760,1832,2024-06-18,0.00,,0.08375
1761,1828,2024-06-18,25.20,New customer (10% labor),0.08375
1762,1833,2024-06-18,0.00,,0.08375
1763,1834,2024-06-19,0.00,,0.08375
1764,1836,2024-06-19,8.40,Fleet pricing (10% labor),0.08375
1765,1841,2024-06-19,0.00,,0.08375
1766,1837,2024-06-19,0.00,,0.08375
1767,1839,2024-06-19,5.60,New customer (10% labor),0.08375
1768,1838,2024-06-19,0.00,,0.08375
1769,1843,2024-06-19,0.00,,0.08375
1770,1848,2024-06-19,0.00,,0.08375
1771,1799,2024-06-19,0.00,,0.08375
1772,1847,2024-06-19,14.00,New customer (10% labor),0.08375
1773,1840,2024-06-19,0.00,,0.08375
1774,1844,2024-06-19,5.60,New customer (10% labor),0.08375
1775,1846,2024-06-19,14.00,New customer (10% labor),0.08375
1776,1845,2024-06-19,63.00,New customer (10% labor),0.08375
1777,1849,2024-06-20,0.00,,0.08375
1778,1851,2024-06-20,0.00,,0.08375
1779,1853,2024-06-20,0.00,,0.08375
1780,1854,2024-06-20,25.00,Loyalty reward,0.08375
1781,1852,2024-06-20,0.00,,0.08375
1782,1856,2024-06-20,0.00,,0.08375
1783,1860,2024-06-20,14.00,Fleet pricing (10% labor),0.08375
1784,1842,2024-06-20,0.00,,0.08375
1785,1858,2024-06-20,19.60,Fleet pricing (10% labor),0.08375
1786,1850,2024-06-20,0.00,,0.08375
1787,1855,2024-06-20,0.00,,0.08375
1788,1859,2024-06-20,0.00,,0.08375
1789,1861,2024-06-20,28.00,New customer (10% labor),0.08375
1790,1862,2024-06-20,5.60,Fleet pricing (10% labor),0.08375
1791,1857,2024-06-20,0.00,,0.08375
1792,1864,2024-06-21,14.00,New customer (10% labor),0.08375
1793,1865,2024-06-21,0.00,,0.08375
1794,1863,2024-06-21,28.00,New customer (10% labor),0.08375
1795,1868,2024-06-21,0.00,,0.08375
1796,1788,2024-06-21,0.00,,0.08375
1797,1869,2024-06-21,0.00,,0.08375
1798,1867,2024-06-21,0.00,,0.08375
1799,1871,2024-06-21,16.80,Fleet pricing (10% labor),0.08375
1800,1870,2024-06-21,14.00,New customer (10% labor),0.08375
1801,1872,2024-06-21,19.60,New customer (10% labor),0.08375
1802,1874,2024-06-22,0.00,,0.08375
1803,1873,2024-06-22,0.00,,0.08375
1804,1877,2024-06-22,8.40,New customer (10% labor),0.08375
1805,1875,2024-06-22,0.00,,0.08375
1806,1879,2024-06-24,0.00,,0.08375
1807,1880,2024-06-24,8.40,Fleet pricing (10% labor),0.08375
1808,1876,2024-06-24,0.00,,0.08375
1809,1882,2024-06-24,0.00,,0.08375
1810,1883,2024-06-24,0.00,,0.08375
1811,1884,2024-06-24,0.00,,0.08375
1812,1881,2024-06-24,0.00,,0.08375
1813,1807,2024-06-24,14.00,Fleet pricing (10% labor),0.08375
1814,1887,2024-06-24,25.00,Loyalty reward,0.08375
1815,1885,2024-06-24,16.80,Fleet pricing (10% labor),0.08375
1816,1889,2024-06-24,5.60,Fleet pricing (10% labor),0.08375
1817,1888,2024-06-24,0.00,,0.08375
1818,1891,2024-06-24,5.60,Fleet pricing (10% labor),0.08375
1819,1893,2024-06-24,5.60,Fleet pricing (10% labor),0.08375
1820,1892,2024-06-24,0.00,,0.08375
1821,1896,2024-06-24,5.60,Fleet pricing (10% labor),0.08375
1822,1894,2024-06-24,0.00,,0.08375
1823,1886,2024-06-24,0.00,,0.08375
1824,1890,2024-06-24,0.00,,0.08375
1825,1900,2024-06-25,8.40,Fleet pricing (10% labor),0.08375
1826,1901,2024-06-25,0.00,,0.08375
1827,1904,2024-06-25,0.00,,0.08375
1828,1906,2024-06-25,0.00,,0.08375
1829,1902,2024-06-25,0.00,,0.08375
1830,1897,2024-06-25,0.00,,0.08375
1831,1903,2024-06-25,39.20,Fleet pricing (10% labor),0.08375
1832,1908,2024-06-25,0.00,,0.08375
1833,1907,2024-06-25,0.00,,0.08375
1834,1905,2024-06-25,0.00,,0.08375
1835,1911,2024-06-26,26.60,Fleet pricing (10% labor),0.08375
1836,1899,2024-06-26,35.00,Fleet pricing (10% labor),0.08375
1837,1915,2024-06-26,0.00,,0.08375
1838,1917,2024-06-26,5.60,Fleet pricing (10% labor),0.08375
1839,1919,2024-06-26,0.00,,0.08375
1840,1912,2024-06-26,39.20,New customer (10% labor),0.08375
1841,1920,2024-06-26,0.00,,0.08375
1842,1909,2024-06-26,75.60,New customer (10% labor),0.08375
1843,1913,2024-06-26,0.00,,0.08375
1844,1914,2024-06-26,0.00,,0.08375
1845,1921,2024-06-26,0.00,,0.08375
1846,1922,2024-06-26,0.00,,0.08375
1847,1923,2024-06-26,5.60,Fleet pricing (10% labor),0.08375
1848,1924,2024-06-27,5.60,Fleet pricing (10% labor),0.08375
1849,1925,2024-06-27,0.00,,0.08375
1850,1930,2024-06-27,0.00,,0.08375
1851,1929,2024-06-27,0.00,,0.08375
1852,1931,2024-06-27,0.00,,0.08375
1853,1933,2024-06-27,0.00,,0.08375
1854,1932,2024-06-27,0.00,,0.08375
1855,1934,2024-06-27,0.00,,0.08375
1856,1866,2024-06-27,49.00,New customer (10% labor),0.08375
1857,1936,2024-06-27,0.00,,0.08375
1858,1937,2024-06-27,7.00,New customer (10% labor),0.08375
1859,1910,2024-06-27,0.00,,0.08375
1860,1935,2024-06-27,63.00,New customer (10% labor),0.08375
1861,1938,2024-06-28,0.00,,0.08375
1862,1941,2024-06-28,0.00,,0.08375
1863,1940,2024-06-28,0.00,,0.08375
1864,1942,2024-06-28,0.00,,0.08375
1865,1946,2024-06-28,12.60,Fleet pricing (10% labor),0.08375
1866,1943,2024-06-28,0.00,,0.08375
1867,1948,2024-06-28,5.60,New customer (10% labor),0.08375
1868,1947,2024-06-28,0.00,,0.08375
1869,1950,2024-06-28,14.00,New customer (10% labor),0.08375
1870,1951,2024-06-28,0.00,,0.08375
1871,1916,2024-06-28,0.00,,0.08375
1872,1939,2024-06-28,0.00,,0.08375
1873,1949,2024-06-28,0.00,,0.08375
1874,1956,2024-06-29,0.00,,0.08375
1875,1953,2024-06-29,0.00,,0.08375
1876,1958,2024-06-29,0.00,,0.08375
1877,1957,2024-06-29,0.00,,0.08375
1878,1954,2024-06-29,0.00,,0.08375
1879,1955,2024-06-29,5.60,Fleet pricing (10% labor),0.08375
1880,1959,2024-06-29,28.00,Fleet pricing (10% labor),0.08375
1881,1960,2024-06-29,0.00,,0.08375
1882,1961,2024-06-29,28.00,Fleet pricing (10% labor),0.08375
1883,1962,2024-06-29,5.60,Fleet pricing (10% labor),0.08375
1884,1952,2024-07-01,0.00,,0.08375
1885,1963,2024-07-01,0.00,,0.08375
1886,1964,2024-07-01,0.00,,0.08375
1887,1968,2024-07-01,11.20,Fleet pricing (10% labor),0.08375
1888,1966,2024-07-01,0.00,,0.08375
1889,1970,2024-07-01,0.00,,0.08375
1890,1918,2024-07-01,0.00,,0.08375
1891,1972,2024-07-01,5.60,Fleet pricing (10% labor),0.08375
1892,1927,2024-07-01,0.00,,0.08375
1893,1945,2024-07-01,0.00,,0.08375
1894,1979,2024-07-01,0.00,,0.08375
1895,1965,2024-07-01,0.00,,0.08375
1896,1967,2024-07-01,0.00,,0.08375
1897,1978,2024-07-01,0.00,,0.08375
1898,1984,2024-07-01,0.00,,0.08375
1899,1977,2024-07-01,0.00,,0.08375
1900,1974,2024-07-01,0.00,,0.08375
1901,1969,2024-07-01,0.00,,0.08375
1902,1976,2024-07-01,0.00,,0.08375
1903,1975,2024-07-01,0.00,,0.08375
1904,1985,2024-07-01,19.60,New customer (10% labor),0.08375
1905,1987,2024-07-01,25.00,Loyalty reward,0.08375
1906,1983,2024-07-01,0.00,,0.08375
1907,1989,2024-07-02,0.00,,0.08375
1908,1993,2024-07-02,0.00,,0.08375
1909,1994,2024-07-02,0.00,,0.08375
1910,1981,2024-07-02,0.00,,0.08375
1911,1988,2024-07-02,50.40,Fleet pricing (10% labor),0.08375
1912,1990,2024-07-02,0.00,,0.08375
1913,1997,2024-07-02,21.00,Fleet pricing (10% labor),0.08375
1914,1999,2024-07-02,0.00,,0.08375
1915,1996,2024-07-02,0.00,,0.08375
1916,1998,2024-07-02,14.00,Fleet pricing (10% labor),0.08375
1917,2000,2024-07-02,0.00,,0.08375
1918,1995,2024-07-02,0.00,,0.08375
1919,2002,2024-07-03,0.00,,0.08375
1920,2003,2024-07-03,11.20,Fleet pricing (10% labor),0.08375
1921,2004,2024-07-03,0.00,,0.08375
1922,2005,2024-07-03,0.00,,0.08375
1923,1991,2024-07-03,0.00,,0.08375
1924,1928,2024-07-03,0.00,,0.08375
1925,2006,2024-07-03,19.60,New customer (10% labor),0.08375
1926,2010,2024-07-03,0.00,,0.08375
1927,2001,2024-07-03,0.00,,0.08375
1928,1973,2024-07-03,39.20,Fleet pricing (10% labor),0.08375
1929,2012,2024-07-03,14.00,New customer (10% labor),0.08375
1930,2011,2024-07-03,5.60,Fleet pricing (10% labor),0.08375
1931,2014,2024-07-03,5.60,New customer (10% labor),0.08375
1932,2015,2024-07-03,0.00,,0.08375
1933,2009,2024-07-03,0.00,,0.08375
1934,2013,2024-07-03,0.00,,0.08375
1935,2016,2024-07-03,0.00,,0.08375
1936,2017,2024-07-05,22.40,Fleet pricing (10% labor),0.08375
1937,2020,2024-07-05,0.00,,0.08375
1938,1992,2024-07-05,0.00,,0.08375
1939,2026,2024-07-05,0.00,,0.08375
1940,2028,2024-07-05,0.00,,0.08375
1941,1986,2024-07-05,0.00,,0.08375
1942,1982,2024-07-05,0.00,,0.08375
1943,2007,2024-07-05,0.00,,0.08375
1944,2025,2024-07-05,0.00,,0.08375
1945,2008,2024-07-05,0.00,,0.08375
1946,2018,2024-07-05,0.00,,0.08375
1947,2024,2024-07-05,0.00,,0.08375
1948,2033,2024-07-06,0.00,,0.08375
1949,2034,2024-07-06,5.60,Fleet pricing (10% labor),0.08375
1950,2030,2024-07-06,0.00,,0.08375
1951,2036,2024-07-06,14.00,Fleet pricing (10% labor),0.08375
1952,2037,2024-07-06,0.00,,0.08375
1953,2031,2024-07-06,16.80,Fleet pricing (10% labor),0.08375
1954,2038,2024-07-06,0.00,,0.08375
1955,1971,2024-07-06,36.40,Fleet pricing (10% labor),0.08375
1956,2039,2024-07-08,0.00,,0.08375
1957,2035,2024-07-08,44.80,Fleet pricing (10% labor),0.08375
1958,2041,2024-07-08,0.00,,0.08375
1959,2040,2024-07-08,0.00,,0.08375
1960,2042,2024-07-08,0.00,,0.08375
1961,2045,2024-07-08,0.00,,0.08375
1962,2027,2024-07-08,0.00,,0.08375
1963,2044,2024-07-08,0.00,,0.08375
1964,2048,2024-07-08,0.00,,0.08375
1965,2047,2024-07-08,0.00,,0.08375
1966,2054,2024-07-08,5.60,Fleet pricing (10% labor),0.08375
1967,2049,2024-07-08,0.00,,0.08375
1968,2046,2024-07-08,0.00,,0.08375
1969,2053,2024-07-08,0.00,,0.08375
1970,2055,2024-07-08,0.00,,0.08375
1971,2056,2024-07-08,0.00,,0.08375
1972,2051,2024-07-09,0.00,,0.08375
1973,2052,2024-07-09,9.80,New customer (10% labor),0.08375
1974,2057,2024-07-09,5.60,New customer (10% labor),0.08375
1975,2058,2024-07-09,0.00,,0.08375
1976,2061,2024-07-09,5.60,New customer (10% labor),0.08375
1977,2060,2024-07-09,0.00,,0.08375
1978,2050,2024-07-09,0.00,,0.08375
1979,2059,2024-07-09,0.00,,0.08375
1980,2062,2024-07-09,0.00,,0.08375
1981,2019,2024-07-09,0.00,,0.08375
1982,2023,2024-07-09,19.60,Fleet pricing (10% labor),0.08375
1983,2029,2024-07-09,0.00,,0.08375
1984,2063,2024-07-09,0.00,,0.08375
1985,2065,2024-07-09,30.80,New customer (10% labor),0.08375
1986,2067,2024-07-09,11.20,Fleet pricing (10% labor),0.08375
1987,2068,2024-07-09,12.60,Fleet pricing (10% labor),0.08375
1988,2064,2024-07-09,0.00,,0.08375
1989,2069,2024-07-09,0.00,,0.08375
1990,2074,2024-07-10,9.80,New customer (10% labor),0.08375
1991,2070,2024-07-10,0.00,,0.08375
1992,2075,2024-07-10,0.00,,0.08375
1993,2071,2024-07-10,0.00,,0.08375
1994,2032,2024-07-10,19.60,New customer (10% labor),0.08375
1995,2072,2024-07-10,0.00,,0.08375
1996,2078,2024-07-10,0.00,,0.08375
1997,2077,2024-07-10,16.80,New customer (10% labor),0.08375
1998,2079,2024-07-10,0.00,,0.08375
1999,2076,2024-07-10,0.00,,0.08375
2000,2073,2024-07-10,0.00,,0.08375
2001,2080,2024-07-11,0.00,,0.08375
2002,2082,2024-07-11,5.60,Fleet pricing (10% labor),0.08375
2003,2083,2024-07-11,0.00,,0.08375
2004,2086,2024-07-11,5.60,Fleet pricing (10% labor),0.08375
2005,2088,2024-07-11,0.00,,0.08375
2006,2087,2024-07-11,36.40,New customer (10% labor),0.08375
2007,2081,2024-07-11,0.00,,0.08375
2008,2089,2024-07-11,0.00,,0.08375
2009,2090,2024-07-11,0.00,,0.08375
2010,2091,2024-07-11,0.00,,0.08375
2011,2085,2024-07-11,0.00,,0.08375
2012,2093,2024-07-11,0.00,,0.08375
2013,2092,2024-07-11,0.00,,0.08375
2014,2095,2024-07-12,0.00,,0.08375
2015,2096,2024-07-12,5.60,New customer (10% labor),0.08375
2016,2100,2024-07-12,0.00,,0.08375
2017,2098,2024-07-12,14.00,New customer (10% labor),0.08375
2018,2094,2024-07-12,28.00,New customer (10% labor),0.08375
2019,2102,2024-07-12,0.00,,0.08375
2020,2099,2024-07-12,19.60,Fleet pricing (10% labor),0.08375
2021,2101,2024-07-12,16.80,Fleet pricing (10% labor),0.08375
2022,2097,2024-07-12,16.80,New customer (10% labor),0.08375
2023,2103,2024-07-12,16.80,New customer (10% labor),0.08375
2024,2104,2024-07-12,0.00,,0.08375
2025,2108,2024-07-12,0.00,,0.08375
2026,2105,2024-07-12,0.00,,0.08375
2027,2107,2024-07-13,25.00,Loyalty reward,0.08375
2028,2110,2024-07-13,11.20,Fleet pricing (10% labor),0.08375
2029,2113,2024-07-13,0.00,,0.08375
2030,2111,2024-07-13,0.00,,0.08375
2031,2112,2024-07-13,0.00,,0.08375
2032,2106,2024-07-13,25.20,New customer (10% labor),0.08375
2033,2116,2024-07-13,22.40,Fleet pricing (10% labor),0.08375
2034,2114,2024-07-13,0.00,,0.08375
2035,2115,2024-07-13,0.00,,0.08375
2036,2109,2024-07-15,0.00,,0.08375
2037,2123,2024-07-15,0.00,,0.08375
2038,2117,2024-07-15,23.80,Fleet pricing (10% labor),0.08375
2039,2120,2024-07-15,16.80,Fleet pricing (10% labor),0.08375
2040,2127,2024-07-15,0.00,,0.08375
2041,2121,2024-07-15,0.00,,0.08375
2042,2126,2024-07-15,5.60,New customer (10% labor),0.08375
2043,2119,2024-07-15,42.00,Fleet pricing (10% labor),0.08375
2044,2133,2024-07-15,5.60,Fleet pricing (10% labor),0.08375
2045,2122,2024-07-15,0.00,,0.08375
2046,2128,2024-07-15,0.00,,0.08375
2047,2131,2024-07-16,14.00,Fleet pricing (10% labor),0.08375
2048,2137,2024-07-16,0.00,,0.08375
2049,2140,2024-07-16,0.00,,0.08375
2050,2135,2024-07-16,5.60,Fleet pricing (10% labor),0.08375
2051,2134,2024-07-16,0.00,,0.08375
2052,2136,2024-07-16,0.00,,0.08375
2053,2142,2024-07-16,0.00,,0.08375
2054,2138,2024-07-16,0.00,,0.08375
2055,2118,2024-07-16,0.00,,0.08375
2056,2132,2024-07-16,0.00,,0.08375
2057,2139,2024-07-16,26.60,New customer (10% labor),0.08375
2058,2141,2024-07-16,0.00,,0.08375
2059,2143,2024-07-16,0.00,,0.08375
2060,2144,2024-07-16,0.00,,0.08375
2061,2145,2024-07-17,0.00,,0.08375
2062,2146,2024-07-17,35.00,New customer (10% labor),0.08375
2063,2150,2024-07-17,0.00,,0.08375
2064,2151,2024-07-17,0.00,,0.08375
2065,2147,2024-07-17,25.00,Loyalty reward,0.08375
2066,2148,2024-07-17,19.60,Fleet pricing (10% labor),0.08375
2067,2154,2024-07-17,0.00,,0.08375
2068,2156,2024-07-17,0.00,,0.08375
2069,2158,2024-07-17,5.60,Fleet pricing (10% labor),0.08375
2070,2152,2024-07-17,0.00,,0.08375
2071,2157,2024-07-17,0.00,,0.08375
2072,2159,2024-07-17,19.60,New customer (10% labor),0.08375
2073,2155,2024-07-17,0.00,,0.08375
2074,2153,2024-07-17,0.00,,0.08375
2075,2162,2024-07-17,0.00,,0.08375
2076,2160,2024-07-17,42.00,New customer (10% labor),0.08375
2077,2163,2024-07-18,0.00,,0.08375
2078,2164,2024-07-18,0.00,,0.08375
2079,2168,2024-07-18,0.00,,0.08375
2080,2167,2024-07-18,0.00,,0.08375
2081,2165,2024-07-18,0.00,,0.08375
2082,2169,2024-07-18,0.00,,0.08375
2083,2166,2024-07-18,22.40,New customer (10% labor),0.08375
2084,2173,2024-07-18,0.00,,0.08375
2085,2171,2024-07-18,0.00,,0.08375
2086,2170,2024-07-18,0.00,,0.08375
2087,2161,2024-07-18,0.00,,0.08375
2088,2174,2024-07-18,5.60,Fleet pricing (10% labor),0.08375
2089,2175,2024-07-19,14.00,New customer (10% labor),0.08375
2090,2177,2024-07-19,0.00,,0.08375
2091,2178,2024-07-19,0.00,,0.08375
2092,2181,2024-07-19,7.00,Fleet pricing (10% labor),0.08375
2093,2176,2024-07-19,25.20,Fleet pricing (10% labor),0.08375
2094,2179,2024-07-19,14.00,Fleet pricing (10% labor),0.08375
2095,2182,2024-07-19,0.00,,0.08375
2096,2180,2024-07-19,0.00,,0.08375
2097,2185,2024-07-19,0.00,,0.08375
2098,2184,2024-07-19,5.60,Fleet pricing (10% labor),0.08375
2099,2191,2024-07-19,5.60,Fleet pricing (10% labor),0.08375
2100,2187,2024-07-19,0.00,,0.08375
2101,2190,2024-07-20,0.00,,0.08375
2102,2188,2024-07-20,0.00,,0.08375
2103,2192,2024-07-20,0.00,,0.08375
2104,2194,2024-07-20,7.00,Fleet pricing (10% labor),0.08375
2105,2195,2024-07-20,0.00,,0.08375
2106,2193,2024-07-20,0.00,,0.08375
2107,2196,2024-07-20,0.00,,0.08375
2108,2172,2024-07-20,0.00,,0.08375
2109,2183,2024-07-20,0.00,,0.08375
2110,2198,2024-07-20,0.00,,0.08375
2111,2199,2024-07-20,22.40,Fleet pricing (10% labor),0.08375
2112,2197,2024-07-22,0.00,,0.08375
2113,2204,2024-07-22,0.00,,0.08375
2114,2200,2024-07-22,0.00,,0.08375
2115,2208,2024-07-22,0.00,,0.08375
2116,2202,2024-07-22,0.00,,0.08375
2117,2206,2024-07-22,0.00,,0.08375
2118,2203,2024-07-22,0.00,,0.08375
2119,2201,2024-07-22,5.60,Fleet pricing (10% labor),0.08375
2120,2210,2024-07-22,0.00,,0.08375
2121,2207,2024-07-22,0.00,,0.08375
2122,2209,2024-07-23,0.00,,0.08375
2123,2212,2024-07-23,0.00,,0.08375
2124,2213,2024-07-23,0.00,,0.08375
2125,2214,2024-07-23,0.00,,0.08375
2126,2216,2024-07-23,44.80,New customer (10% labor),0.08375
2127,2218,2024-07-23,0.00,,0.08375
2128,2215,2024-07-23,25.00,Loyalty reward,0.08375
2129,2217,2024-07-23,0.00,,0.08375
2130,2219,2024-07-23,0.00,,0.08375
2131,2222,2024-07-23,12.60,New customer (10% labor),0.08375
2132,2220,2024-07-23,0.00,,0.08375
2133,2223,2024-07-23,0.00,,0.08375
2134,2225,2024-07-24,5.60,Fleet pricing (10% labor),0.08375
2135,2227,2024-07-24,0.00,,0.08375
2136,2233,2024-07-24,0.00,,0.08375
2137,2224,2024-07-24,0.00,,0.08375
2138,2228,2024-07-24,0.00,,0.08375
2139,2226,2024-07-24,14.00,New customer (10% labor),0.08375
2140,2231,2024-07-24,0.00,,0.08375
2141,2236,2024-07-24,0.00,,0.08375
2142,2230,2024-07-24,45.50,New customer (10% labor),0.08375
2143,2232,2024-07-24,0.00,,0.08375
2144,2235,2024-07-24,0.00,,0.08375
2145,2234,2024-07-24,0.00,,0.08375
2146,2221,2024-07-24,35.00,New customer (10% labor),0.08375
2147,2238,2024-07-24,0.00,,0.08375
2148,2237,2024-07-25,0.00,,0.08375
2149,2241,2024-07-25,0.00,,0.08375
2150,2239,2024-07-25,0.00,,0.08375
2151,2240,2024-07-25,28.00,New customer (10% labor),0.08375
2152,2243,2024-07-25,0.00,,0.08375
2153,2245,2024-07-25,8.40,New customer (10% labor),0.08375
2154,2246,2024-07-25,8.40,Fleet pricing (10% labor),0.08375
2155,2250,2024-07-25,0.00,,0.08375
2156,2249,2024-07-25,0.00,,0.08375
2157,2247,2024-07-25,0.00,,0.08375
2158,2242,2024-07-25,72.80,Fleet pricing (10% labor),0.08375
2159,2251,2024-07-25,0.00,,0.08375
2160,2244,2024-07-25,0.00,,0.08375
2161,2253,2024-07-25,0.00,,0.08375
2162,2229,2024-07-26,28.00,New customer (10% labor),0.08375
2163,2248,2024-07-26,0.00,,0.08375
2164,2256,2024-07-26,0.00,,0.08375
2165,2254,2024-07-26,25.20,New customer (10% labor),0.08375
2166,2260,2024-07-26,0.00,,0.08375
2167,2259,2024-07-26,5.60,Fleet pricing (10% labor),0.08375
2168,2255,2024-07-26,0.00,,0.08375
2169,2262,2024-07-26,33.60,New customer (10% labor),0.08375
2170,2258,2024-07-26,0.00,,0.08375
2171,2265,2024-07-26,0.00,,0.08375
2172,2257,2024-07-26,56.00,Fleet pricing (10% labor),0.08375
2173,2268,2024-07-26,0.00,,0.08375
2174,2263,2024-07-27,0.00,,0.08375
2175,2267,2024-07-27,0.00,,0.08375
2176,2270,2024-07-27,0.00,,0.08375
2177,2266,2024-07-27,16.80,New customer (10% labor),0.08375
2178,2274,2024-07-27,0.00,,0.08375
2179,2278,2024-07-27,0.00,,0.08375
2180,2281,2024-07-27,0.00,,0.08375
2181,2277,2024-07-27,0.00,,0.08375
2182,2279,2024-07-29,0.00,,0.08375
2183,2282,2024-07-29,0.00,,0.08375
2184,2283,2024-07-29,14.00,Fleet pricing (10% labor),0.08375
2185,2288,2024-07-29,0.00,,0.08375
2186,2285,2024-07-29,5.60,Fleet pricing (10% labor),0.08375
2187,2286,2024-07-29,5.60,Fleet pricing (10% labor),0.08375
2188,2290,2024-07-29,0.00,,0.08375
2189,2211,2024-07-29,0.00,,0.08375
2190,2292,2024-07-29,0.00,,0.08375
2191,2269,2024-07-29,0.00,,0.08375
2192,2293,2024-07-29,12.60,New customer (10% labor),0.08375
2193,2295,2024-07-29,0.00,,0.08375
2194,2294,2024-07-29,25.00,Loyalty reward,0.08375
2195,2297,2024-07-29,0.00,,0.08375
2196,2298,2024-07-29,0.00,,0.08375
2197,2296,2024-07-30,0.00,,0.08375
2198,2300,2024-07-30,0.00,,0.08375
2199,2299,2024-07-30,0.00,,0.08375
2200,2272,2024-07-30,0.00,,0.08375
2201,2302,2024-07-30,0.00,,0.08375
2202,2284,2024-07-30,0.00,,0.08375
2203,2301,2024-07-30,0.00,,0.08375
2204,2307,2024-07-30,0.00,,0.08375
2205,2303,2024-07-30,0.00,,0.08375
2206,2305,2024-07-30,30.80,New customer (10% labor),0.08375
2207,2287,2024-07-30,0.00,,0.08375
2208,2308,2024-07-31,0.00,,0.08375
2209,2310,2024-07-31,0.00,,0.08375
2210,2311,2024-07-31,0.00,,0.08375
2211,2313,2024-07-31,0.00,,0.08375
2212,2309,2024-07-31,0.00,,0.08375
2213,2317,2024-07-31,0.00,,0.08375
2214,2312,2024-07-31,26.60,New customer (10% labor),0.08375
2215,2306,2024-07-31,0.00,,0.08375
2216,2314,2024-07-31,0.00,,0.08375
2217,2322,2024-07-31,4.20,New customer (10% labor),0.08375
2218,2319,2024-07-31,0.00,,0.08375
2219,2324,2024-07-31,0.00,,0.08375
2220,2264,2024-07-31,0.00,,0.08375
2221,2276,2024-07-31,16.80,New customer (10% labor),0.08375
2222,2327,2024-07-31,0.00,,0.08375
2223,2326,2024-07-31,25.00,Loyalty reward,0.08375
2224,2304,2024-07-31,0.00,,0.08375
2225,2318,2024-07-31,0.00,,0.08375
2226,2315,2024-07-31,35.00,New customer (10% labor),0.08375
2227,2329,2024-07-31,0.00,,0.08375
2228,2316,2024-07-31,0.00,,0.08375
2229,2320,2024-08-01,0.00,,0.08375
2230,2331,2024-08-01,0.00,,0.08375
2231,2334,2024-08-01,0.00,,0.08375
2232,2330,2024-08-01,29.40,Fleet pricing (10% labor),0.08375
2233,2335,2024-08-01,14.00,Fleet pricing (10% labor),0.08375
2234,2333,2024-08-01,8.40,New customer (10% labor),0.08375
2235,2337,2024-08-01,0.00,,0.08375
2236,2332,2024-08-01,21.00,Fleet pricing (10% labor),0.08375
2237,2261,2024-08-01,0.00,,0.08375
2238,2341,2024-08-01,0.00,,0.08375
2239,2338,2024-08-01,14.00,Fleet pricing (10% labor),0.08375
2240,2342,2024-08-01,0.00,,0.08375
2241,2325,2024-08-01,0.00,,0.08375
2242,2336,2024-08-01,0.00,,0.08375
2243,2340,2024-08-01,0.00,,0.08375
2244,2344,2024-08-01,0.00,,0.08375
2245,2345,2024-08-02,0.00,,0.08375
2246,2350,2024-08-02,8.40,Fleet pricing (10% labor),0.08375
2247,2351,2024-08-02,9.80,Fleet pricing (10% labor),0.08375
2248,2352,2024-08-02,25.00,Loyalty reward,0.08375
2249,2347,2024-08-02,14.00,New customer (10% labor),0.08375
2250,2273,2024-08-02,0.00,,0.08375
2251,2349,2024-08-02,0.00,,0.08375
2252,2346,2024-08-02,0.00,,0.08375
2253,2328,2024-08-02,0.00,,0.08375
2254,2355,2024-08-02,29.40,Fleet pricing (10% labor),0.08375
2255,2356,2024-08-02,9.80,Fleet pricing (10% labor),0.08375
2256,2353,2024-08-02,25.20,New customer (10% labor),0.08375
2257,2357,2024-08-03,0.00,,0.08375
2258,2271,2024-08-03,0.00,,0.08375
2259,2361,2024-08-03,0.00,,0.08375
2260,2362,2024-08-03,0.00,,0.08375
2261,2360,2024-08-03,0.00,,0.08375
2262,2364,2024-08-03,0.00,,0.08375
2263,2359,2024-08-05,25.00,Loyalty reward,0.08375
2264,2365,2024-08-05,16.80,Fleet pricing (10% labor),0.08375
2265,2366,2024-08-05,0.00,,0.08375
2266,2368,2024-08-05,0.00,,0.08375
2267,2367,2024-08-05,0.00,,0.08375
2268,2370,2024-08-05,0.00,,0.08375
2269,2363,2024-08-05,0.00,,0.08375
2270,2372,2024-08-05,0.00,,0.08375
2271,2369,2024-08-05,25.20,Fleet pricing (10% labor),0.08375
2272,2380,2024-08-05,5.60,New customer (10% labor),0.08375
2273,2379,2024-08-05,0.00,,0.08375
2274,2378,2024-08-05,5.60,New customer (10% labor),0.08375
2275,2381,2024-08-05,0.00,,0.08375
2276,2348,2024-08-06,61.60,New customer (10% labor),0.08375
2277,2374,2024-08-06,25.20,Fleet pricing (10% labor),0.08375
2278,2383,2024-08-06,0.00,,0.08375
2279,2354,2024-08-06,54.60,Fleet pricing (10% labor),0.08375
2280,2385,2024-08-06,0.00,,0.08375
2281,2377,2024-08-06,0.00,,0.08375
2282,2388,2024-08-06,16.80,New customer (10% labor),0.08375
2283,2392,2024-08-06,0.00,,0.08375
2284,2386,2024-08-06,0.00,,0.08375
2285,2371,2024-08-06,0.00,,0.08375
2286,2390,2024-08-06,0.00,,0.08375
2287,2391,2024-08-06,0.00,,0.08375
2288,2394,2024-08-06,0.00,,0.08375
2289,2393,2024-08-06,0.00,,0.08375
2290,2387,2024-08-06,0.00,,0.08375
2291,2389,2024-08-06,0.00,,0.08375
2292,2395,2024-08-07,0.00,,0.08375
2293,2396,2024-08-07,0.00,,0.08375
2294,2397,2024-08-07,0.00,,0.08375
2295,2399,2024-08-07,0.00,,0.08375
2296,2398,2024-08-07,0.00,,0.08375
2297,2401,2024-08-07,0.00,,0.08375
2298,2375,2024-08-07,0.00,,0.08375
2299,2400,2024-08-07,25.20,New customer (10% labor),0.08375
2300,2403,2024-08-07,5.60,Fleet pricing (10% labor),0.08375
2301,2409,2024-08-07,0.00,,0.08375
2302,2382,2024-08-08,0.00,,0.08375
2303,2408,2024-08-08,0.00,,0.08375
2304,2402,2024-08-08,0.00,,0.08375
2305,2405,2024-08-08,0.00,,0.08375
2306,2415,2024-08-08,16.80,New customer (10% labor),0.08375
2307,2414,2024-08-08,0.00,,0.08375
2308,2411,2024-08-08,46.20,Fleet pricing (10% labor),0.08375
2309,2416,2024-08-08,0.00,,0.08375
2310,2343,2024-08-08,0.00,,0.08375
2311,2421,2024-08-08,0.00,,0.08375
2312,2419,2024-08-08,0.00,,0.08375
2313,2417,2024-08-08,0.00,,0.08375
2314,2423,2024-08-08,25.00,Loyalty reward,0.08375
2315,2424,2024-08-08,0.00,,0.08375
2316,2420,2024-08-08,0.00,,0.08375
2317,2425,2024-08-08,0.00,,0.08375
2318,2413,2024-08-08,0.00,,0.08375
2319,2418,2024-08-08,0.00,,0.08375
2320,2412,2024-08-09,57.40,New customer (10% labor),0.08375
2321,2428,2024-08-09,5.60,New customer (10% labor),0.08375
2322,2384,2024-08-09,28.00,Fleet pricing (10% labor),0.08375
2323,2404,2024-08-09,32.20,New customer (10% labor),0.08375
2324,2427,2024-08-09,0.00,,0.08375
2325,2407,2024-08-09,42.00,New customer (10% labor),0.08375
2326,2430,2024-08-09,0.00,,0.08375
2327,2432,2024-08-09,0.00,,0.08375
2328,2434,2024-08-09,0.00,,0.08375
2329,2358,2024-08-09,0.00,,0.08375
2330,2437,2024-08-09,0.00,,0.08375
2331,2435,2024-08-10,0.00,,0.08375
2332,2436,2024-08-10,0.00,,0.08375
2333,2433,2024-08-10,0.00,,0.08375
2334,2438,2024-08-10,0.00,,0.08375
2335,2441,2024-08-10,0.00,,0.08375
2336,2422,2024-08-10,35.00,Fleet pricing (10% labor),0.08375
2337,2443,2024-08-10,0.00,,0.08375
2338,2439,2024-08-10,0.00,,0.08375
2339,2447,2024-08-12,0.00,,0.08375
2340,2451,2024-08-12,0.00,,0.08375
2341,2446,2024-08-12,0.00,,0.08375
2342,2445,2024-08-12,25.00,Loyalty reward,0.08375
2343,2448,2024-08-12,5.60,Fleet pricing (10% labor),0.08375
2344,2452,2024-08-12,14.00,Fleet pricing (10% labor),0.08375
2345,2450,2024-08-12,0.00,,0.08375
2346,2373,2024-08-12,68.60,New customer (10% labor),0.08375
2347,2376,2024-08-12,56.00,Fleet pricing (10% labor),0.08375
2348,2461,2024-08-12,0.00,,0.08375
2349,2455,2024-08-12,0.00,,0.08375
2350,2458,2024-08-12,0.00,,0.08375
2351,2454,2024-08-12,0.00,,0.08375
2352,2457,2024-08-12,0.00,,0.08375
2353,2456,2024-08-12,0.00,,0.08375
2354,2459,2024-08-12,0.00,,0.08375
2355,2460,2024-08-13,16.80,Fleet pricing (10% labor),0.08375
2356,2463,2024-08-13,0.00,,0.08375
2357,2466,2024-08-13,0.00,,0.08375
2358,2462,2024-08-13,30.80,Fleet pricing (10% labor),0.08375
2359,2464,2024-08-13,25.20,Fleet pricing (10% labor),0.08375
2360,2429,2024-08-13,0.00,,0.08375
2361,2468,2024-08-13,0.00,,0.08375
2362,2472,2024-08-13,0.00,,0.08375
2363,2470,2024-08-13,0.00,,0.08375
2364,2406,2024-08-13,11.20,Fleet pricing (10% labor),0.08375
2365,2465,2024-08-13,0.00,,0.08375
2366,2467,2024-08-13,0.00,,0.08375
2367,2473,2024-08-13,42.00,New customer (10% labor),0.08375
2368,2471,2024-08-13,0.00,,0.08375
2369,2476,2024-08-13,0.00,,0.08375
2370,2475,2024-08-13,0.00,,0.08375
2371,2442,2024-08-13,0.00,,0.08375
2372,2477,2024-08-13,42.00,New customer (10% labor),0.08375
2373,2474,2024-08-13,28.00,New customer (10% labor),0.08375
2374,2480,2024-08-14,0.00,,0.08375
2375,2479,2024-08-14,0.00,,0.08375
2376,2484,2024-08-14,7.00,Fleet pricing (10% labor),0.08375
2377,2482,2024-08-14,0.00,,0.08375
2378,2481,2024-08-14,46.20,New customer (10% labor),0.08375
2379,2410,2024-08-14,5.60,Fleet pricing (10% labor),0.08375
2380,2483,2024-08-14,0.00,,0.08375
2381,2487,2024-08-14,0.00,,0.08375
2382,2489,2024-08-14,0.00,,0.08375
2383,2488,2024-08-15,25.00,Loyalty reward,0.08375
2384,2491,2024-08-15,14.00,Fleet pricing (10% labor),0.08375
2385,2493,2024-08-15,0.00,,0.08375
2386,2496,2024-08-15,0.00,,0.08375
2387,2490,2024-08-15,11.20,New customer (10% labor),0.08375
2388,2494,2024-08-15,0.00,,0.08375
2389,2492,2024-08-15,0.00,,0.08375
2390,2495,2024-08-15,0.00,,0.08375
2391,2497,2024-08-15,0.00,,0.08375
2392,2498,2024-08-15,0.00,,0.08375
2393,2499,2024-08-15,0.00,,0.08375
2394,2501,2024-08-16,0.00,,0.08375
2395,2505,2024-08-16,0.00,,0.08375
2396,2504,2024-08-16,14.00,New customer (10% labor),0.08375
2397,2508,2024-08-16,0.00,,0.08375
2398,2500,2024-08-16,49.00,Fleet pricing (10% labor),0.08375
2399,2509,2024-08-16,0.00,,0.08375
2400,2510,2024-08-16,0.00,,0.08375
2401,2502,2024-08-16,25.00,Loyalty reward,0.08375
2402,2511,2024-08-16,5.60,New customer (10% labor),0.08375
2403,2512,2024-08-16,0.00,,0.08375
2404,2506,2024-08-16,22.40,New customer (10% labor),0.08375
2405,2514,2024-08-16,0.00,,0.08375
2406,2513,2024-08-16,0.00,,0.08375
2407,2507,2024-08-16,0.00,,0.08375
2408,2518,2024-08-16,0.00,,0.08375
2409,2519,2024-08-17,0.00,,0.08375
2410,2520,2024-08-17,5.60,Fleet pricing (10% labor),0.08375
2411,2515,2024-08-17,0.00,,0.08375
2412,2523,2024-08-17,14.00,Fleet pricing (10% labor),0.08375
2413,2521,2024-08-17,0.00,,0.08375
2414,2524,2024-08-17,16.80,New customer (10% labor),0.08375
2415,2469,2024-08-17,0.00,,0.08375
2416,2478,2024-08-17,0.00,,0.08375
2417,2525,2024-08-17,0.00,,0.08375
2418,2444,2024-08-17,0.00,,0.08375
2419,2526,2024-08-17,0.00,,0.08375
2420,2522,2024-08-19,0.00,,0.08375
2421,2530,2024-08-19,0.00,,0.08375
2422,2503,2024-08-19,39.20,Fleet pricing (10% labor),0.08375
2423,2527,2024-08-19,0.00,,0.08375
2424,2528,2024-08-19,30.80,Fleet pricing (10% labor),0.08375
2425,2533,2024-08-19,8.40,Fleet pricing (10% labor),0.08375
2426,2529,2024-08-19,0.00,,0.08375
2427,2532,2024-08-19,0.00,,0.08375
2428,2534,2024-08-19,5.60,Fleet pricing (10% labor),0.08375
2429,2535,2024-08-19,0.00,,0.08375
2430,2531,2024-08-19,63.00,Fleet pricing (10% labor),0.08375
2431,2536,2024-08-19,0.00,,0.08375
2432,2539,2024-08-19,0.00,,0.08375
2433,2538,2024-08-19,0.00,,0.08375
2434,2544,2024-08-19,5.60,Fleet pricing (10% labor),0.08375
2435,2542,2024-08-19,0.00,,0.08375
2436,2516,2024-08-19,0.00,,0.08375
2437,2545,2024-08-19,5.60,Fleet pricing (10% labor),0.08375
2438,2537,2024-08-19,0.00,,0.08375
2439,2548,2024-08-20,0.00,,0.08375
2440,2550,2024-08-20,14.00,New customer (10% labor),0.08375
2441,2551,2024-08-20,0.00,,0.08375
2442,2552,2024-08-20,0.00,,0.08375
2443,2547,2024-08-20,0.00,,0.08375
2444,2554,2024-08-20,0.00,,0.08375
2445,2553,2024-08-20,7.00,New customer (10% labor),0.08375
2446,2556,2024-08-20,0.00,,0.08375
2447,2555,2024-08-20,0.00,,0.08375
2448,2557,2024-08-20,0.00,,0.08375
2449,2558,2024-08-20,33.60,Fleet pricing (10% labor),0.08375
2450,2540,2024-08-21,0.00,,0.08375
2451,2560,2024-08-21,14.00,Fleet pricing (10% labor),0.08375
2452,2563,2024-08-21,0.00,,0.08375
2453,2561,2024-08-21,0.00,,0.08375
2454,2564,2024-08-21,0.00,,0.08375
2455,2566,2024-08-21,0.00,,0.08375
2456,2517,2024-08-21,30.80,New customer (10% labor),0.08375
2457,2565,2024-08-21,5.60,New customer (10% labor),0.08375
2458,2562,2024-08-21,0.00,,0.08375
2459,2485,2024-08-21,0.00,,0.08375
2460,2567,2024-08-21,16.80,New customer (10% labor),0.08375
2461,2568,2024-08-21,0.00,,0.08375
2462,2570,2024-08-21,0.00,,0.08375
2463,2572,2024-08-22,0.00,,0.08375
2464,2575,2024-08-22,0.00,,0.08375
2465,2576,2024-08-22,0.00,,0.08375
2466,2578,2024-08-22,0.00,,0.08375
2467,2579,2024-08-22,19.60,Fleet pricing (10% labor),0.08375
2468,2574,2024-08-22,0.00,,0.08375
2469,2571,2024-08-22,0.00,,0.08375
2470,2577,2024-08-22,0.00,,0.08375
2471,2582,2024-08-22,0.00,,0.08375
2472,2583,2024-08-22,5.60,New customer (10% labor),0.08375
2473,2573,2024-08-22,0.00,,0.08375
2474,2585,2024-08-23,0.00,,0.08375
2475,2588,2024-08-23,0.00,,0.08375
2476,2589,2024-08-23,0.00,,0.08375
2477,2586,2024-08-23,30.80,New customer (10% labor),0.08375
2478,2590,2024-08-23,0.00,,0.08375
2479,2591,2024-08-23,5.60,Fleet pricing (10% labor),0.08375
2480,2592,2024-08-23,0.00,,0.08375
2481,2595,2024-08-23,0.00,,0.08375
2482,2596,2024-08-23,0.00,,0.08375
2483,2587,2024-08-23,0.00,,0.08375
2484,2593,2024-08-23,0.00,,0.08375
2485,2597,2024-08-23,0.00,,0.08375
2486,2594,2024-08-24,39.20,New customer (10% labor),0.08375
2487,2600,2024-08-24,7.00,New customer (10% labor),0.08375
2488,2584,2024-08-24,0.00,,0.08375
2489,2599,2024-08-24,0.00,,0.08375
2490,2601,2024-08-24,0.00,,0.08375
2491,2602,2024-08-24,0.00,,0.08375
2492,2580,2024-08-24,0.00,,0.08375
2493,2605,2024-08-24,0.00,,0.08375
2494,2606,2024-08-26,0.00,,0.08375
2495,2607,2024-08-26,0.00,,0.08375
2496,2611,2024-08-26,9.80,New customer (10% labor),0.08375
2497,2610,2024-08-26,14.00,New customer (10% labor),0.08375
2498,2614,2024-08-26,0.00,,0.08375
2499,2604,2024-08-26,0.00,,0.08375
2500,2612,2024-08-26,0.00,,0.08375
2501,2615,2024-08-26,5.60,Fleet pricing (10% labor),0.08375
2502,2613,2024-08-26,30.80,New customer (10% labor),0.08375
2503,2608,2024-08-26,25.20,Fleet pricing (10% labor),0.08375
2504,2616,2024-08-26,19.60,Fleet pricing (10% labor),0.08375
2505,2621,2024-08-26,0.00,,0.08375
2506,2623,2024-08-26,0.00,,0.08375
2507,2620,2024-08-26,0.00,,0.08375
2508,2609,2024-08-26,28.00,New customer (10% labor),0.08375
2509,2618,2024-08-26,0.00,,0.08375
2510,2543,2024-08-26,84.00,Fleet pricing (10% labor),0.08375
2511,2617,2024-08-26,0.00,,0.08375
2512,2626,2024-08-26,25.20,Fleet pricing (10% labor),0.08375
2513,2625,2024-08-26,25.00,Loyalty reward,0.08375
2514,2624,2024-08-27,11.20,New customer (10% labor),0.08375
2515,2628,2024-08-27,0.00,,0.08375
2516,2627,2024-08-27,14.00,New customer (10% labor),0.08375
2517,2629,2024-08-27,0.00,,0.08375
2518,2630,2024-08-27,14.00,Fleet pricing (10% labor),0.08375
2519,2631,2024-08-27,5.60,Fleet pricing (10% labor),0.08375
2520,2632,2024-08-27,25.20,New customer (10% labor),0.08375
2521,2634,2024-08-27,0.00,,0.08375
2522,2635,2024-08-27,0.00,,0.08375
2523,2639,2024-08-27,0.00,,0.08375
2524,2636,2024-08-27,0.00,,0.08375
2525,2638,2024-08-28,0.00,,0.08375
2526,2640,2024-08-28,0.00,,0.08375
2527,2637,2024-08-28,0.00,,0.08375
2528,2641,2024-08-28,0.00,,0.08375
2529,2622,2024-08-28,0.00,,0.08375
2530,2642,2024-08-28,0.00,,0.08375
2531,2643,2024-08-28,0.00,,0.08375
2532,2646,2024-08-28,0.00,,0.08375
2533,2647,2024-08-28,25.20,New customer (10% labor),0.08375
2534,2645,2024-08-28,0.00,,0.08375
2535,2648,2024-08-28,0.00,,0.08375
2536,2649,2024-08-28,0.00,,0.08375
2537,2633,2024-08-28,0.00,,0.08375
2538,2644,2024-08-28,0.00,,0.08375
2539,2651,2024-08-29,0.00,,0.08375
2540,2650,2024-08-29,0.00,,0.08375
2541,2652,2024-08-29,16.80,Fleet pricing (10% labor),0.08375
2542,2658,2024-08-29,0.00,,0.08375
2543,2654,2024-08-29,42.00,New customer (10% labor),0.08375
2544,2653,2024-08-29,19.60,Fleet pricing (10% labor),0.08375
2545,2656,2024-08-29,0.00,,0.08375
2546,2657,2024-08-29,0.00,,0.08375
2547,2665,2024-08-29,0.00,,0.08375
2548,2659,2024-08-29,0.00,,0.08375
2549,2603,2024-08-29,0.00,,0.08375
2550,2668,2024-08-29,0.00,,0.08375
2551,2664,2024-08-29,9.80,Fleet pricing (10% labor),0.08375
2552,2663,2024-08-29,0.00,,0.08375
2553,2666,2024-08-29,0.00,,0.08375
2554,2669,2024-08-29,0.00,,0.08375
2555,2670,2024-08-29,5.60,Fleet pricing (10% labor),0.08375
2556,2662,2024-08-29,0.00,,0.08375
2557,2667,2024-08-30,0.00,,0.08375
2558,2674,2024-08-30,14.00,Fleet pricing (10% labor),0.08375
2559,2672,2024-08-30,0.00,,0.08375
2560,2676,2024-08-30,19.60,New customer (10% labor),0.08375
2561,2679,2024-08-30,0.00,,0.08375
2562,2661,2024-08-30,0.00,,0.08375
2563,2675,2024-08-30,0.00,,0.08375
2564,2680,2024-08-30,0.00,,0.08375
2565,2673,2024-08-30,16.80,New customer (10% labor),0.08375
2566,2655,2024-08-30,43.40,Fleet pricing (10% labor),0.08375
2567,2677,2024-08-30,8.40,Fleet pricing (10% labor),0.08375
2568,2678,2024-08-30,0.00,,0.08375
2569,2683,2024-08-30,0.00,,0.08375
2570,2681,2024-08-30,0.00,,0.08375
2571,2682,2024-08-30,0.00,,0.08375
2572,2684,2024-08-30,0.00,,0.08375
2573,2685,2024-08-30,0.00,,0.08375
2574,2686,2024-08-31,0.00,,0.08375
2575,2687,2024-08-31,5.60,Fleet pricing (10% labor),0.08375
2576,2690,2024-08-31,0.00,,0.08375
2577,2694,2024-08-31,14.00,New customer (10% labor),0.08375
2578,2695,2024-08-31,14.00,Fleet pricing (10% labor),0.08375
2579,2688,2024-08-31,0.00,,0.08375
2580,2691,2024-08-31,0.00,,0.08375
2581,2671,2024-08-31,0.00,,0.08375
2582,2692,2024-09-03,0.00,,0.08375
2583,2699,2024-09-03,0.00,,0.08375
2584,2696,2024-09-03,0.00,,0.08375
2585,2702,2024-09-03,0.00,,0.08375
2586,2698,2024-09-03,14.00,Fleet pricing (10% labor),0.08375
2587,2700,2024-09-03,0.00,,0.08375
2588,2693,2024-09-03,14.00,Fleet pricing (10% labor),0.08375
2589,2703,2024-09-03,0.00,,0.08375
2590,2710,2024-09-03,0.00,,0.08375
2591,2708,2024-09-03,28.00,Fleet pricing (10% labor),0.08375
2592,2706,2024-09-03,0.00,,0.08375
2593,2715,2024-09-03,0.00,,0.08375
2594,2701,2024-09-03,36.40,Fleet pricing (10% labor),0.08375
2595,2697,2024-09-03,56.00,Fleet pricing (10% labor),0.08375
2596,2709,2024-09-03,0.00,,0.08375
2597,2719,2024-09-03,23.80,Fleet pricing (10% labor),0.08375
2598,2717,2024-09-04,0.00,,0.08375
2599,2704,2024-09-04,0.00,,0.08375
2600,2713,2024-09-04,5.60,Fleet pricing (10% labor),0.08375
2601,2721,2024-09-04,0.00,,0.08375
2602,2722,2024-09-04,0.00,,0.08375
2603,2724,2024-09-04,0.00,,0.08375
2604,2725,2024-09-04,16.80,New customer (10% labor),0.08375
2605,2723,2024-09-04,0.00,,0.08375
2606,2712,2024-09-04,0.00,,0.08375
2607,2689,2024-09-04,0.00,,0.08375
2608,2728,2024-09-04,0.00,,0.08375
2609,2714,2024-09-04,0.00,,0.08375
2610,2711,2024-09-04,0.00,,0.08375
2611,2720,2024-09-04,5.60,Fleet pricing (10% labor),0.08375
2612,2733,2024-09-04,8.40,Fleet pricing (10% labor),0.08375
2613,2730,2024-09-04,0.00,,0.08375
2614,2731,2024-09-04,0.00,,0.08375
2615,2727,2024-09-04,0.00,,0.08375
2616,2732,2024-09-04,28.00,Fleet pricing (10% labor),0.08375
2617,2729,2024-09-04,0.00,,0.08375
2618,2735,2024-09-04,14.00,Fleet pricing (10% labor),0.08375
2619,2736,2024-09-05,0.00,,0.08375
2620,2734,2024-09-05,0.00,,0.08375
2621,2718,2024-09-05,25.00,Loyalty reward,0.08375
2622,2737,2024-09-05,0.00,,0.08375
2623,2741,2024-09-05,0.00,,0.08375
2624,2739,2024-09-05,0.00,,0.08375
2625,2738,2024-09-05,0.00,,0.08375
2626,2745,2024-09-05,0.00,,0.08375
2627,2726,2024-09-05,0.00,,0.08375
2628,2707,2024-09-05,35.00,Fleet pricing (10% labor),0.08375
2629,2751,2024-09-05,11.20,New customer (10% labor),0.08375
2630,2746,2024-09-05,0.00,,0.08375
2631,2743,2024-09-05,0.00,,0.08375
2632,2740,2024-09-05,0.00,,0.08375
2633,2749,2024-09-05,0.00,,0.08375
2634,2753,2024-09-05,0.00,,0.08375
2635,2752,2024-09-06,0.00,,0.08375
2636,2744,2024-09-06,0.00,,0.08375
2637,2747,2024-09-06,0.00,,0.08375
2638,2756,2024-09-06,0.00,,0.08375
2639,2755,2024-09-06,0.00,,0.08375
2640,2757,2024-09-06,0.00,,0.08375
2641,2758,2024-09-06,12.60,Fleet pricing (10% labor),0.08375
2642,2760,2024-09-06,0.00,,0.08375
2643,2754,2024-09-06,53.20,Fleet pricing (10% labor),0.08375
2644,2750,2024-09-06,0.00,,0.08375
2645,2759,2024-09-06,42.00,New customer (10% labor),0.08375
2646,2761,2024-09-06,0.00,,0.08375
2647,2762,2024-09-06,5.60,Fleet pricing (10% labor),0.08375
2648,2766,2024-09-07,0.00,,0.08375
2649,2763,2024-09-07,0.00,,0.08375
2650,2742,2024-09-07,0.00,,0.08375
2651,2768,2024-09-07,5.60,Fleet pricing (10% labor),0.08375
2652,2767,2024-09-07,0.00,,0.08375
2653,2770,2024-09-07,0.00,,0.08375
2654,2764,2024-09-07,16.80,Fleet pricing (10% labor),0.08375
2655,2769,2024-09-09,25.00,Loyalty reward,0.08375
2656,2772,2024-09-09,0.00,,0.08375
2657,2771,2024-09-09,19.60,Fleet pricing (10% labor),0.08375
2658,2765,2024-09-09,46.20,Fleet pricing (10% labor),0.08375
2659,2773,2024-09-09,0.00,,0.08375
2660,2776,2024-09-09,0.00,,0.08375
2661,2777,2024-09-09,0.00,,0.08375
2662,2775,2024-09-09,0.00,,0.08375
2663,2774,2024-09-09,0.00,,0.08375
2664,2778,2024-09-09,28.00,Fleet pricing (10% labor),0.08375
2665,2782,2024-09-09,0.00,,0.08375
2666,2780,2024-09-09,0.00,,0.08375
2667,2781,2024-09-09,0.00,,0.08375
2668,2784,2024-09-10,0.00,,0.08375
2669,2786,2024-09-10,0.00,,0.08375
2670,2785,2024-09-10,8.40,Fleet pricing (10% labor),0.08375
2671,2783,2024-09-10,0.00,,0.08375
2672,2787,2024-09-10,29.40,Fleet pricing (10% labor),0.08375
2673,2779,2024-09-10,0.00,,0.08375
2674,2789,2024-09-10,0.00,,0.08375
2675,2790,2024-09-10,0.00,,0.08375
2676,2792,2024-09-10,0.00,,0.08375
2677,2791,2024-09-10,0.00,,0.08375
2678,2794,2024-09-11,0.00,,0.08375
2679,2795,2024-09-11,0.00,,0.08375
2680,2797,2024-09-11,0.00,,0.08375
2681,2798,2024-09-11,0.00,,0.08375
2682,2796,2024-09-11,0.00,,0.08375
2683,2799,2024-09-11,0.00,,0.08375
2684,2802,2024-09-11,0.00,,0.08375
2685,2803,2024-09-11,0.00,,0.08375
2686,2800,2024-09-11,0.00,,0.08375
2687,2805,2024-09-11,5.60,Fleet pricing (10% labor),0.08375
2688,2801,2024-09-11,28.00,Fleet pricing (10% labor),0.08375
2689,2806,2024-09-11,0.00,,0.08375
2690,2788,2024-09-12,0.00,,0.08375
2691,2810,2024-09-12,28.00,Fleet pricing (10% labor),0.08375
2692,2807,2024-09-12,28.00,New customer (10% labor),0.08375
2693,2813,2024-09-12,8.40,Fleet pricing (10% labor),0.08375
2694,2811,2024-09-12,0.00,,0.08375
2695,2814,2024-09-12,9.10,New customer (10% labor),0.08375
2696,2808,2024-09-12,58.80,New customer (10% labor),0.08375
2697,2815,2024-09-12,0.00,,0.08375
2698,2809,2024-09-12,5.60,New customer (10% labor),0.08375
2699,2816,2024-09-12,42.00,Fleet pricing (10% labor),0.08375
2700,2817,2024-09-12,14.00,Fleet pricing (10% labor),0.08375
2701,2812,2024-09-12,46.20,New customer (10% labor),0.08375
2702,2819,2024-09-13,0.00,,0.08375
2703,2822,2024-09-13,5.60,New customer (10% labor),0.08375
2704,2823,2024-09-13,0.00,,0.08375
2705,2818,2024-09-13,0.00,,0.08375
2706,2821,2024-09-13,0.00,,0.08375
2707,2825,2024-09-13,0.00,,0.08375
2708,2826,2024-09-13,0.00,,0.08375
2709,2827,2024-09-13,0.00,,0.08375
2710,2828,2024-09-14,0.00,,0.08375
2711,2829,2024-09-14,0.00,,0.08375
2712,2831,2024-09-14,0.00,,0.08375
2713,2830,2024-09-14,0.00,,0.08375
2714,2833,2024-09-14,15.40,Fleet pricing (10% labor),0.08375
2715,2834,2024-09-14,0.00,,0.08375
2716,2835,2024-09-16,14.00,Fleet pricing (10% labor),0.08375
2717,2837,2024-09-16,0.00,,0.08375
2718,2836,2024-09-16,0.00,,0.08375
2719,2839,2024-09-16,0.00,,0.08375
2720,2838,2024-09-16,0.00,,0.08375
2721,2843,2024-09-16,0.00,,0.08375
2722,2844,2024-09-16,0.00,,0.08375
2723,2842,2024-09-16,0.00,,0.08375
2724,2845,2024-09-16,0.00,,0.08375
2725,2846,2024-09-16,0.00,,0.08375
2726,2847,2024-09-16,0.00,,0.08375
2727,2848,2024-09-16,0.00,,0.08375
2728,2849,2024-09-17,0.00,,0.08375
2729,2852,2024-09-17,0.00,,0.08375
2730,2850,2024-09-17,0.00,,0.08375
2731,2851,2024-09-17,25.20,Fleet pricing (10% labor),0.08375
2732,2856,2024-09-17,25.20,New customer (10% labor),0.08375
2733,2853,2024-09-17,0.00,,0.08375
2734,2857,2024-09-17,0.00,,0.08375
2735,2854,2024-09-17,0.00,,0.08375
2736,2855,2024-09-17,0.00,,0.08375
2737,2858,2024-09-17,0.00,,0.08375
2738,2859,2024-09-17,0.00,,0.08375
2739,2862,2024-09-17,16.80,Fleet pricing (10% labor),0.08375
2740,2860,2024-09-17,30.80,New customer (10% labor),0.08375
2741,2861,2024-09-18,0.00,,0.08375
2742,2864,2024-09-18,0.00,,0.08375
2743,2866,2024-09-18,50.40,Fleet pricing (10% labor),0.08375
2744,2875,2024-09-18,0.00,,0.08375
2745,2867,2024-09-18,0.00,,0.08375
2746,2873,2024-09-18,0.00,,0.08375
2747,2868,2024-09-18,0.00,,0.08375
2748,2863,2024-09-18,0.00,,0.08375
2749,2869,2024-09-18,28.00,New customer (10% labor),0.08375
2750,2877,2024-09-18,14.00,Fleet pricing (10% labor),0.08375
2751,2878,2024-09-18,0.00,,0.08375
2752,2872,2024-09-18,0.00,,0.08375
2753,2870,2024-09-19,0.00,,0.08375
2754,2879,2024-09-19,0.00,,0.08375
2755,2882,2024-09-19,5.60,New customer (10% labor),0.08375
2756,2880,2024-09-19,21.00,Fleet pricing (10% labor),0.08375
2757,2881,2024-09-19,0.00,,0.08375
2758,2886,2024-09-19,0.00,,0.08375
2759,2832,2024-09-19,0.00,,0.08375
2760,2883,2024-09-19,0.00,,0.08375
2761,2884,2024-09-19,0.00,,0.08375
2762,2887,2024-09-19,0.00,,0.08375
2763,2889,2024-09-19,0.00,,0.08375
2764,2888,2024-09-19,0.00,,0.08375
2765,2890,2024-09-19,14.00,New customer (10% labor),0.08375
2766,2894,2024-09-20,0.00,,0.08375
2767,2896,2024-09-20,0.00,,0.08375
2768,2899,2024-09-20,11.20,New customer (10% labor),0.08375
2769,2895,2024-09-20,0.00,,0.08375
2770,2897,2024-09-20,0.00,,0.08375
2771,2891,2024-09-20,25.20,Fleet pricing (10% labor),0.08375
2772,2876,2024-09-20,25.20,Fleet pricing (10% labor),0.08375
2773,2865,2024-09-20,0.00,,0.08375
2774,2901,2024-09-20,0.00,,0.08375
2775,2900,2024-09-20,16.80,New customer (10% labor),0.08375
2776,2904,2024-09-21,25.20,New customer (10% labor),0.08375
2777,2906,2024-09-21,0.00,,0.08375
2778,2885,2024-09-21,28.00,New customer (10% labor),0.08375
2779,2903,2024-09-21,0.00,,0.08375
2780,2902,2024-09-21,0.00,,0.08375
2781,2871,2024-09-21,0.00,,0.08375
2782,2908,2024-09-21,16.80,Fleet pricing (10% labor),0.08375
2783,2909,2024-09-23,0.00,,0.08375
2784,2910,2024-09-23,0.00,,0.08375
2785,2907,2024-09-23,0.00,,0.08375
2786,2914,2024-09-23,0.00,,0.08375
2787,2912,2024-09-23,0.00,,0.08375
2788,2911,2024-09-23,0.00,,0.08375
2789,2905,2024-09-23,0.00,,0.08375
2790,2892,2024-09-23,25.20,New customer (10% labor),0.08375
2791,2916,2024-09-23,0.00,,0.08375
2792,2918,2024-09-23,0.00,,0.08375
2793,2921,2024-09-23,0.00,,0.08375
2794,2919,2024-09-23,0.00,,0.08375
2795,2920,2024-09-23,0.00,,0.08375
2796,2923,2024-09-24,14.00,New customer (10% labor),0.08375
2797,2925,2024-09-24,0.00,,0.08375
2798,2926,2024-09-24,0.00,,0.08375
2799,2928,2024-09-24,5.60,New customer (10% labor),0.08375
2800,2927,2024-09-24,0.00,,0.08375
2801,2931,2024-09-24,0.00,,0.08375
2802,2929,2024-09-24,0.00,,0.08375
2803,2933,2024-09-24,8.40,Fleet pricing (10% labor),0.08375
2804,2930,2024-09-24,0.00,,0.08375
2805,2932,2024-09-24,16.80,New customer (10% labor),0.08375
2806,2924,2024-09-24,0.00,,0.08375
2807,2934,2024-09-24,25.20,New customer (10% labor),0.08375
2808,2935,2024-09-25,47.60,New customer (10% labor),0.08375
2809,2936,2024-09-25,0.00,,0.08375
2810,2939,2024-09-25,7.00,Fleet pricing (10% labor),0.08375
2811,2941,2024-09-25,0.00,,0.08375
2812,2942,2024-09-25,0.00,,0.08375
2813,2917,2024-09-25,0.00,,0.08375
2814,2937,2024-09-25,16.80,Fleet pricing (10% labor),0.08375
2815,2944,2024-09-25,0.00,,0.08375
2816,2922,2024-09-25,49.00,New customer (10% labor),0.08375
2817,2945,2024-09-25,0.00,,0.08375
2818,2943,2024-09-25,25.20,Fleet pricing (10% labor),0.08375
2819,2946,2024-09-25,0.00,,0.08375
2820,2949,2024-09-26,0.00,,0.08375
2821,2947,2024-09-26,0.00,,0.08375
2822,2953,2024-09-26,0.00,,0.08375
2823,2952,2024-09-26,0.00,,0.08375
2824,2950,2024-09-26,5.60,Fleet pricing (10% labor),0.08375
2825,2951,2024-09-26,0.00,,0.08375
2826,2955,2024-09-26,17.50,New customer (10% labor),0.08375
2827,2958,2024-09-26,0.00,,0.08375
2828,2954,2024-09-26,21.00,New customer (10% labor),0.08375
2829,2940,2024-09-26,0.00,,0.08375
2830,2898,2024-09-26,84.00,Fleet pricing (10% labor),0.08375
2831,2961,2024-09-26,0.00,,0.08375
2832,2965,2024-09-27,5.60,Fleet pricing (10% labor),0.08375
2833,2960,2024-09-27,0.00,,0.08375
2834,2964,2024-09-27,0.00,,0.08375
2835,2963,2024-09-27,0.00,,0.08375
2836,2970,2024-09-27,7.00,Fleet pricing (10% labor),0.08375
2837,2969,2024-09-27,0.00,,0.08375
2838,2972,2024-09-27,0.00,,0.08375
2839,2971,2024-09-27,16.80,New customer (10% labor),0.08375
2840,2948,2024-09-27,0.00,,0.08375
2841,2967,2024-09-27,0.00,,0.08375
2842,2975,2024-09-28,5.60,Fleet pricing (10% labor),0.08375
2843,2976,2024-09-28,0.00,,0.08375
2844,2974,2024-09-28,8.40,Fleet pricing (10% labor),0.08375
2845,2973,2024-09-28,0.00,,0.08375
2846,2977,2024-09-28,0.00,,0.08375
2847,2978,2024-09-28,0.00,,0.08375
2848,2979,2024-09-28,0.00,,0.08375
2849,2980,2024-09-30,5.60,Fleet pricing (10% labor),0.08375
2850,2981,2024-09-30,12.60,Fleet pricing (10% labor),0.08375
2851,2982,2024-09-30,5.60,Fleet pricing (10% labor),0.08375
2852,2966,2024-09-30,0.00,,0.08375
2853,2983,2024-09-30,0.00,,0.08375
2854,2984,2024-09-30,0.00,,0.08375
2855,2985,2024-09-30,25.20,New customer (10% labor),0.08375
2856,2989,2024-09-30,0.00,,0.08375
2857,2957,2024-09-30,0.00,,0.08375
2858,2938,2024-09-30,0.00,,0.08375
2859,2959,2024-09-30,0.00,,0.08375
2860,2987,2024-09-30,0.00,,0.08375
2861,2991,2024-09-30,5.60,Fleet pricing (10% labor),0.08375
2862,2990,2024-09-30,0.00,,0.08375
2863,2986,2024-09-30,0.00,,0.08375
2864,2988,2024-09-30,14.00,Fleet pricing (10% labor),0.08375
2865,2992,2024-09-30,35.00,New customer (10% labor),0.08375
2866,2994,2024-09-30,0.00,,0.08375
2867,2993,2024-09-30,0.00,,0.08375
2868,2915,2024-10-01,140.00,Fleet pricing (10% labor),0.08375
2869,2996,2024-10-01,0.00,,0.08375
2870,2995,2024-10-01,25.20,New customer (10% labor),0.08375
2871,2997,2024-10-01,0.00,,0.08375
2872,2968,2024-10-01,0.00,,0.08375
2873,3000,2024-10-01,0.00,,0.08375
2874,2998,2024-10-01,0.00,,0.08375
2875,2999,2024-10-01,0.00,,0.08375
2876,3002,2024-10-01,0.00,,0.08375
2877,3001,2024-10-01,25.20,New customer (10% labor),0.08375
2878,3003,2024-10-01,14.00,Fleet pricing (10% labor),0.08375
2879,3004,2024-10-01,0.00,,0.08375
2880,3005,2024-10-02,0.00,,0.08375
2881,3006,2024-10-02,0.00,,0.08375
2882,3008,2024-10-02,0.00,,0.08375
2883,3009,2024-10-02,0.00,,0.08375
2884,3016,2024-10-03,0.00,,0.08375
2885,2956,2024-10-03,0.00,,0.08375
2886,3013,2024-10-03,8.40,Fleet pricing (10% labor),0.08375
2887,3014,2024-10-03,25.00,Loyalty reward,0.08375
2888,3017,2024-10-03,0.00,,0.08375
2889,3018,2024-10-03,0.00,,0.08375
2890,3010,2024-10-03,0.00,,0.08375
2891,3019,2024-10-03,25.20,Fleet pricing (10% labor),0.08375
2892,3022,2024-10-03,0.00,,0.08375
2893,3023,2024-10-03,5.60,New customer (10% labor),0.08375
2894,3021,2024-10-03,0.00,,0.08375
2895,3020,2024-10-03,0.00,,0.08375
2896,3015,2024-10-03,29.40,New customer (10% labor),0.08375
2897,3025,2024-10-04,19.60,New customer (10% labor),0.08375
2898,3024,2024-10-04,0.00,,0.08375
2899,3029,2024-10-04,0.00,,0.08375
2900,3027,2024-10-04,0.00,,0.08375
2901,3011,2024-10-04,0.00,,0.08375
2902,3026,2024-10-04,25.20,New customer (10% labor),0.08375
2903,3030,2024-10-04,0.00,,0.08375
2904,3035,2024-10-04,8.40,Fleet pricing (10% labor),0.08375
2905,3032,2024-10-04,0.00,,0.08375
2906,3037,2024-10-05,5.60,Fleet pricing (10% labor),0.08375
2907,3036,2024-10-05,25.00,Loyalty reward,0.08375
2908,3038,2024-10-05,11.20,Fleet pricing (10% labor),0.08375
2909,3040,2024-10-05,9.80,Fleet pricing (10% labor),0.08375
2910,3028,2024-10-05,25.00,Loyalty reward,0.08375
2911,3044,2024-10-05,0.00,,0.08375
2912,3007,2024-10-05,0.00,,0.08375
2913,3042,2024-10-05,5.60,Fleet pricing (10% labor),0.08375
2914,3039,2024-10-05,36.40,Fleet pricing (10% labor),0.08375
2915,3046,2024-10-07,0.00,,0.08375
2916,3041,2024-10-07,32.20,Fleet pricing (10% labor),0.08375
2917,3051,2024-10-07,5.60,Fleet pricing (10% labor),0.08375
2918,3049,2024-10-07,0.00,,0.08375
2919,3055,2024-10-07,0.00,,0.08375
2920,3034,2024-10-07,0.00,,0.08375
2921,3056,2024-10-07,5.60,New customer (10% labor),0.08375
2922,3047,2024-10-07,42.00,Fleet pricing (10% labor),0.08375
2923,3054,2024-10-07,0.00,,0.08375
2924,3053,2024-10-07,0.00,,0.08375
2925,3057,2024-10-07,0.00,,0.08375
2926,3059,2024-10-07,0.00,,0.08375
2927,3060,2024-10-07,0.00,,0.08375
2928,3058,2024-10-07,46.20,Fleet pricing (10% labor),0.08375
2929,3050,2024-10-07,0.00,,0.08375
2930,3033,2024-10-07,0.00,,0.08375
2931,3061,2024-10-07,0.00,,0.08375
2932,3062,2024-10-08,0.00,,0.08375
2933,3066,2024-10-08,0.00,,0.08375
2934,3067,2024-10-08,8.40,New customer (10% labor),0.08375
2935,3063,2024-10-08,0.00,,0.08375
2936,3068,2024-10-08,0.00,,0.08375
2937,3064,2024-10-08,0.00,,0.08375
2938,3070,2024-10-08,0.00,,0.08375
2939,3043,2024-10-08,0.00,,0.08375
2940,3071,2024-10-08,29.40,Fleet pricing (10% labor),0.08375
2941,3072,2024-10-08,0.00,,0.08375
2942,3069,2024-10-08,56.00,Fleet pricing (10% labor),0.08375
2943,3073,2024-10-08,0.00,,0.08375
2944,3076,2024-10-09,0.00,,0.08375
2945,3077,2024-10-09,0.00,,0.08375
2946,3078,2024-10-09,8.40,New customer (10% labor),0.08375
2947,3080,2024-10-09,5.60,Fleet pricing (10% labor),0.08375
2948,3082,2024-10-09,0.00,,0.08375
2949,3081,2024-10-09,0.00,,0.08375
2950,3084,2024-10-09,0.00,,0.08375
2951,3086,2024-10-09,0.00,,0.08375
2952,3088,2024-10-09,0.00,,0.08375
2953,3089,2024-10-09,0.00,,0.08375
2954,3083,2024-10-09,11.20,Fleet pricing (10% labor),0.08375
2955,3087,2024-10-09,17.50,New customer (10% labor),0.08375
2956,3091,2024-10-09,0.00,,0.08375
2957,3075,2024-10-09,0.00,,0.08375
2958,3090,2024-10-09,0.00,,0.08375
2959,3093,2024-10-09,0.00,,0.08375
2960,3092,2024-10-09,25.20,New customer (10% labor),0.08375
2961,3094,2024-10-10,0.00,,0.08375
2962,3098,2024-10-10,0.00,,0.08375
2963,3099,2024-10-10,0.00,,0.08375
2964,3095,2024-10-10,0.00,,0.08375
2965,3097,2024-10-10,0.00,,0.08375
2966,3079,2024-10-10,0.00,,0.08375
2967,3100,2024-10-10,16.80,Fleet pricing (10% labor),0.08375
2968,3103,2024-10-11,0.00,,0.08375
2969,3104,2024-10-11,5.60,Fleet pricing (10% labor),0.08375
2970,3105,2024-10-11,0.00,,0.08375
2971,3085,2024-10-11,42.00,Fleet pricing (10% labor),0.08375
2972,3109,2024-10-11,5.60,Fleet pricing (10% labor),0.08375
2973,3106,2024-10-11,0.00,,0.08375
2974,3096,2024-10-11,0.00,,0.08375
2975,3107,2024-10-11,5.60,New customer (10% labor),0.08375
2976,3113,2024-10-11,0.00,,0.08375
2977,3102,2024-10-11,25.20,New customer (10% labor),0.08375
2978,3110,2024-10-11,0.00,,0.08375
2979,3052,2024-10-11,0.00,,0.08375
2980,3101,2024-10-11,0.00,,0.08375
2981,3111,2024-10-11,0.00,,0.08375
2982,3115,2024-10-11,12.60,Fleet pricing (10% labor),0.08375
2983,3108,2024-10-11,0.00,,0.08375
2984,3116,2024-10-11,0.00,,0.08375
2985,3117,2024-10-11,5.60,Fleet pricing (10% labor),0.08375
2986,3031,2024-10-11,0.00,,0.08375
2987,3112,2024-10-11,0.00,,0.08375
2988,3114,2024-10-11,0.00,,0.08375
2989,3119,2024-10-11,0.00,,0.08375
2990,3121,2024-10-12,14.00,Fleet pricing (10% labor),0.08375
2991,3122,2024-10-12,28.00,Fleet pricing (10% labor),0.08375
2992,3074,2024-10-12,0.00,,0.08375
2993,3128,2024-10-12,0.00,,0.08375
2994,3123,2024-10-14,0.00,,0.08375
2995,3124,2024-10-14,0.00,,0.08375
2996,3129,2024-10-14,7.00,New customer (10% labor),0.08375
2997,3126,2024-10-14,56.00,New customer (10% labor),0.08375
2998,3125,2024-10-14,33.60,Fleet pricing (10% labor),0.08375
2999,3134,2024-10-14,0.00,,0.08375
3000,3130,2024-10-14,0.00,,0.08375
3001,3133,2024-10-14,0.00,,0.08375
3002,3065,2024-10-14,0.00,,0.08375
3003,3132,2024-10-14,0.00,,0.08375
3004,3127,2024-10-14,0.00,,0.08375
3005,3118,2024-10-14,0.00,,0.08375
3006,3139,2024-10-14,0.00,,0.08375
3007,3135,2024-10-14,0.00,,0.08375
3008,3141,2024-10-14,11.20,New customer (10% labor),0.08375
3009,3137,2024-10-14,0.00,,0.08375
3010,3142,2024-10-14,0.00,,0.08375
3011,3138,2024-10-15,0.00,,0.08375
3012,3143,2024-10-15,0.00,,0.08375
3013,3148,2024-10-15,5.60,Fleet pricing (10% labor),0.08375
3014,3149,2024-10-15,0.00,,0.08375
3015,3144,2024-10-15,0.00,,0.08375
3016,3136,2024-10-15,42.00,New customer (10% labor),0.08375
3017,3154,2024-10-15,16.80,New customer (10% labor),0.08375
3018,3145,2024-10-15,0.00,,0.08375
3019,3151,2024-10-15,0.00,,0.08375
3020,3152,2024-10-15,0.00,,0.08375
3021,3146,2024-10-15,0.00,,0.08375
3022,3131,2024-10-15,0.00,,0.08375
3023,3155,2024-10-15,0.00,,0.08375
3024,3150,2024-10-15,0.00,,0.08375
3025,3156,2024-10-15,0.00,,0.08375
3026,3153,2024-10-15,0.00,,0.08375
3027,3157,2024-10-15,25.20,Fleet pricing (10% labor),0.08375
3028,3162,2024-10-16,0.00,,0.08375
3029,3159,2024-10-16,28.00,Fleet pricing (10% labor),0.08375
3030,3166,2024-10-16,0.00,,0.08375
3031,3161,2024-10-16,0.00,,0.08375
3032,3163,2024-10-16,0.00,,0.08375
3033,3164,2024-10-16,36.40,New customer (10% labor),0.08375
3034,3158,2024-10-16,0.00,,0.08375
3035,3165,2024-10-16,15.40,New customer (10% labor),0.08375
3036,3167,2024-10-16,0.00,,0.08375
3037,3168,2024-10-16,0.00,,0.08375
3038,3140,2024-10-16,0.00,,0.08375
3039,3160,2024-10-16,0.00,,0.08375
3040,3169,2024-10-16,0.00,,0.08375
3041,3173,2024-10-17,15.40,Fleet pricing (10% labor),0.08375
3042,3171,2024-10-17,25.20,New customer (10% labor),0.08375
3043,3178,2024-10-17,0.00,,0.08375
3044,3170,2024-10-17,28.00,Fleet pricing (10% labor),0.08375
3045,3175,2024-10-17,14.00,New customer (10% labor),0.08375
3046,3177,2024-10-17,0.00,,0.08375
3047,3181,2024-10-17,0.00,,0.08375
3048,3172,2024-10-17,0.00,,0.08375
3049,3183,2024-10-17,0.00,,0.08375
3050,3179,2024-10-17,0.00,,0.08375
3051,3182,2024-10-17,0.00,,0.08375
3052,3120,2024-10-17,0.00,,0.08375
3053,3174,2024-10-17,0.00,,0.08375
3054,3180,2024-10-17,5.60,New customer (10% labor),0.08375
3055,3176,2024-10-17,0.00,,0.08375
3056,3187,2024-10-17,46.20,New customer (10% labor),0.08375
3057,3184,2024-10-18,0.00,,0.08375
3058,3189,2024-10-18,0.00,,0.08375
3059,3186,2024-10-18,0.00,,0.08375
3060,3188,2024-10-18,0.00,,0.08375
3061,3190,2024-10-18,0.00,,0.08375
3062,3193,2024-10-18,0.00,,0.08375
3063,3191,2024-10-18,0.00,,0.08375
3064,3194,2024-10-18,25.00,Loyalty reward,0.08375
3065,3192,2024-10-18,5.60,New customer (10% labor),0.08375
3066,3196,2024-10-18,0.00,,0.08375
3067,3185,2024-10-18,0.00,,0.08375
3068,3195,2024-10-18,0.00,,0.08375
3069,3197,2024-10-18,0.00,,0.08375
3070,3199,2024-10-18,7.00,New customer (10% labor),0.08375
3071,3198,2024-10-18,8.40,New customer (10% labor),0.08375
3072,3200,2024-10-19,5.60,Fleet pricing (10% labor),0.08375
3073,3201,2024-10-19,0.00,,0.08375
3074,3202,2024-10-19,0.00,,0.08375
3075,3205,2024-10-19,0.00,,0.08375
3076,3203,2024-10-19,30.80,Fleet pricing (10% labor),0.08375
3077,3207,2024-10-19,5.60,Fleet pricing (10% labor),0.08375
3078,3204,2024-10-19,0.00,,0.08375
3079,3206,2024-10-19,0.00,,0.08375
3080,3209,2024-10-21,0.00,,0.08375
3081,3217,2024-10-21,0.00,,0.08375
3082,3215,2024-10-21,5.60,New customer (10% labor),0.08375
3083,3212,2024-10-21,31.50,New customer (10% labor),0.08375
3084,3216,2024-10-21,0.00,,0.08375
3085,3213,2024-10-21,5.60,Fleet pricing (10% labor),0.08375
3086,3210,2024-10-21,0.00,,0.08375
3087,3214,2024-10-21,0.00,,0.08375
3088,3211,2024-10-21,0.00,,0.08375
3089,3220,2024-10-21,0.00,,0.08375
3090,3221,2024-10-21,0.00,,0.08375
3091,3219,2024-10-21,0.00,,0.08375
3092,3218,2024-10-21,0.00,,0.08375
3093,3222,2024-10-21,0.00,,0.08375
3094,3225,2024-10-22,0.00,,0.08375
3095,3223,2024-10-22,0.00,,0.08375
3096,3228,2024-10-22,0.00,,0.08375
3097,3233,2024-10-22,0.00,,0.08375
3098,3226,2024-10-22,0.00,,0.08375
3099,3229,2024-10-22,44.80,Fleet pricing (10% labor),0.08375
3100,3230,2024-10-22,5.60,Fleet pricing (10% labor),0.08375
3101,3231,2024-10-22,0.00,,0.08375
3102,3234,2024-10-22,0.00,,0.08375
3103,3227,2024-10-22,0.00,,0.08375
3104,3208,2024-10-22,0.00,,0.08375
3105,3237,2024-10-23,16.80,Fleet pricing (10% labor),0.08375
3106,3238,2024-10-23,9.80,Fleet pricing (10% labor),0.08375
3107,3241,2024-10-23,0.00,,0.08375
3108,3240,2024-10-23,0.00,,0.08375
3109,3239,2024-10-23,0.00,,0.08375
3110,3242,2024-10-23,0.00,,0.08375
3111,3245,2024-10-23,0.00,,0.08375
3112,3243,2024-10-23,16.80,New customer (10% labor),0.08375
3113,3252,2024-10-23,8.40,Fleet pricing (10% labor),0.08375
3114,3251,2024-10-23,0.00,,0.08375
3115,3253,2024-10-23,0.00,,0.08375
3116,3254,2024-10-23,0.00,,0.08375
3117,3248,2024-10-23,0.00,,0.08375
3118,3246,2024-10-23,0.00,,0.08375
3119,3255,2024-10-23,5.60,Fleet pricing (10% labor),0.08375
3120,3249,2024-10-23,5.60,Fleet pricing (10% labor),0.08375
3121,3247,2024-10-24,0.00,,0.08375
3122,3256,2024-10-24,0.00,,0.08375
3123,3257,2024-10-24,7.00,New customer (10% labor),0.08375
3124,3250,2024-10-24,11.20,New customer (10% labor),0.08375
3125,3259,2024-10-24,0.00,,0.08375
3126,3262,2024-10-24,0.00,,0.08375
3127,3236,2024-10-24,25.20,Fleet pricing (10% labor),0.08375
3128,3261,2024-10-24,0.00,,0.08375
3129,3260,2024-10-24,0.00,,0.08375
3130,3266,2024-10-24,5.60,New customer (10% labor),0.08375
3131,3265,2024-10-24,19.60,Fleet pricing (10% labor),0.08375
3132,3264,2024-10-25,0.00,,0.08375
3133,3267,2024-10-25,5.60,Fleet pricing (10% labor),0.08375
3134,3268,2024-10-25,14.00,Fleet pricing (10% labor),0.08375
3135,3270,2024-10-25,0.00,,0.08375
3136,3263,2024-10-25,0.00,,0.08375
3137,3272,2024-10-25,7.00,New customer (10% labor),0.08375
3138,3274,2024-10-25,18.20,New customer (10% labor),0.08375
3139,3277,2024-10-25,0.00,,0.08375
3140,3280,2024-10-25,4.20,Fleet pricing (10% labor),0.08375
3141,3271,2024-10-25,0.00,,0.08375
3142,3282,2024-10-25,0.00,,0.08375
3143,3235,2024-10-25,0.00,,0.08375
3144,3273,2024-10-25,0.00,,0.08375
3145,3279,2024-10-25,0.00,,0.08375
3146,3275,2024-10-25,35.00,Fleet pricing (10% labor),0.08375
3147,3278,2024-10-25,22.40,Fleet pricing (10% labor),0.08375
3148,3276,2024-10-25,0.00,,0.08375
3149,3269,2024-10-25,0.00,,0.08375
3150,3281,2024-10-26,0.00,,0.08375
3151,3284,2024-10-26,25.00,Loyalty reward,0.08375
3152,3286,2024-10-26,0.00,,0.08375
3153,3287,2024-10-26,0.00,,0.08375
3154,3289,2024-10-26,0.00,,0.08375
3155,3288,2024-10-26,25.20,Fleet pricing (10% labor),0.08375
3156,3285,2024-10-26,0.00,,0.08375
3157,3244,2024-10-28,0.00,,0.08375
3158,3283,2024-10-28,0.00,,0.08375
3159,3291,2024-10-28,9.80,New customer (10% labor),0.08375
3160,3290,2024-10-28,0.00,,0.08375
3161,3294,2024-10-28,0.00,,0.08375
3162,3296,2024-10-28,5.60,Fleet pricing (10% labor),0.08375
3163,3295,2024-10-28,0.00,,0.08375
3164,3293,2024-10-28,0.00,,0.08375
3165,3297,2024-10-28,0.00,,0.08375
3166,3298,2024-10-28,25.20,Fleet pricing (10% labor),0.08375
3167,3292,2024-10-28,0.00,,0.08375
3168,3302,2024-10-28,14.00,New customer (10% labor),0.08375
3169,3299,2024-10-28,0.00,,0.08375
3170,3301,2024-10-28,25.20,Fleet pricing (10% labor),0.08375
3171,3304,2024-10-28,0.00,,0.08375
3172,3303,2024-10-28,0.00,,0.08375
3173,3300,2024-10-28,25.20,Fleet pricing (10% labor),0.08375
3174,3306,2024-10-29,0.00,,0.08375
3175,3305,2024-10-29,0.00,,0.08375
3176,3307,2024-10-29,25.20,Fleet pricing (10% labor),0.08375
3177,3309,2024-10-29,26.60,Fleet pricing (10% labor),0.08375
3178,3314,2024-10-29,19.60,Fleet pricing (10% labor),0.08375
3179,3310,2024-10-29,0.00,,0.08375
3180,3313,2024-10-29,0.00,,0.08375
3181,3308,2024-10-29,0.00,,0.08375
3182,3312,2024-10-29,0.00,,0.08375
3183,3315,2024-10-29,19.60,New customer (10% labor),0.08375
3184,3318,2024-10-30,5.60,New customer (10% labor),0.08375
3185,3322,2024-10-30,12.60,New customer (10% labor),0.08375
3186,3325,2024-10-30,0.00,,0.08375
3187,3320,2024-10-30,0.00,,0.08375
3188,3327,2024-10-30,0.00,,0.08375
3189,3323,2024-10-30,5.60,Fleet pricing (10% labor),0.08375
3190,3321,2024-10-30,42.00,Fleet pricing (10% labor),0.08375
3191,3317,2024-10-30,0.00,,0.08375
3192,3329,2024-10-30,4.20,New customer (10% labor),0.08375
3193,3328,2024-10-30,14.00,Fleet pricing (10% labor),0.08375
3194,3330,2024-10-30,0.00,,0.08375
3195,3331,2024-10-30,0.00,,0.08375
3196,3333,2024-10-31,0.00,,0.08375
3197,3332,2024-10-31,0.00,,0.08375
3198,3337,2024-10-31,0.00,,0.08375
3199,3335,2024-10-31,19.60,New customer (10% labor),0.08375
3200,3326,2024-10-31,42.00,New customer (10% labor),0.08375
3201,3339,2024-10-31,5.60,New customer (10% labor),0.08375
3202,3338,2024-10-31,4.20,Fleet pricing (10% labor),0.08375
3203,3341,2024-10-31,0.00,,0.08375
3204,3336,2024-10-31,0.00,,0.08375
3205,3334,2024-10-31,56.00,New customer (10% labor),0.08375
3206,3344,2024-10-31,5.60,New customer (10% labor),0.08375
3207,3343,2024-10-31,0.00,,0.08375
3208,3340,2024-10-31,0.00,,0.08375
3209,3342,2024-10-31,42.00,Fleet pricing (10% labor),0.08375
3210,3345,2024-10-31,0.00,,0.08375
3211,3349,2024-11-01,21.00,Fleet pricing (10% labor),0.08375
3212,3347,2024-11-01,0.00,,0.08375
3213,3352,2024-11-01,16.80,New customer (10% labor),0.08375
3214,3354,2024-11-01,8.40,Fleet pricing (10% labor),0.08375
3215,3355,2024-11-01,5.60,New customer (10% labor),0.08375
3216,3353,2024-11-01,21.00,New customer (10% labor),0.08375
3217,3319,2024-11-01,0.00,,0.08375
3218,3356,2024-11-01,14.00,Fleet pricing (10% labor),0.08375
3219,3358,2024-11-01,0.00,,0.08375
3220,3359,2024-11-01,0.00,,0.08375
3221,3350,2024-11-01,39.20,Fleet pricing (10% labor),0.08375
3222,3357,2024-11-01,0.00,,0.08375
3223,3362,2024-11-02,0.00,,0.08375
3224,3360,2024-11-02,0.00,,0.08375
3225,3361,2024-11-02,0.00,,0.08375
3226,3364,2024-11-02,0.00,,0.08375
3227,3363,2024-11-02,25.00,Loyalty reward,0.08375
3228,3365,2024-11-02,0.00,,0.08375
3229,3324,2024-11-02,0.00,,0.08375
3230,3348,2024-11-02,0.00,,0.08375
3231,3368,2024-11-04,0.00,,0.08375
3232,3370,2024-11-04,5.60,Fleet pricing (10% labor),0.08375
3233,3369,2024-11-04,0.00,,0.08375
3234,3366,2024-11-04,11.20,Fleet pricing (10% labor),0.08375
3235,3367,2024-11-04,25.20,Fleet pricing (10% labor),0.08375
3236,3374,2024-11-04,0.00,,0.08375
3237,3373,2024-11-04,0.00,,0.08375
3238,3372,2024-11-04,16.80,Fleet pricing (10% labor),0.08375
3239,3376,2024-11-04,14.00,Fleet pricing (10% labor),0.08375
3240,3375,2024-11-04,0.00,,0.08375
3241,3377,2024-11-04,16.80,Fleet pricing (10% labor),0.08375
3242,3351,2024-11-04,0.00,,0.08375
3243,3378,2024-11-04,0.00,,0.08375
3244,3379,2024-11-04,4.20,Fleet pricing (10% labor),0.08375
3245,3316,2024-11-04,103.60,Fleet pricing (10% labor),0.08375
3246,3380,2024-11-05,0.00,,0.08375
3247,3381,2024-11-05,0.00,,0.08375
3248,3371,2024-11-05,35.00,New customer (10% labor),0.08375
3249,3386,2024-11-05,5.60,Fleet pricing (10% labor),0.08375
3250,3383,2024-11-05,0.00,,0.08375
3251,3385,2024-11-05,0.00,,0.08375
3252,3384,2024-11-06,0.00,,0.08375
3253,3388,2024-11-06,0.00,,0.08375
3254,3392,2024-11-06,0.00,,0.08375
3255,3389,2024-11-06,0.00,,0.08375
3256,3391,2024-11-06,8.40,Fleet pricing (10% labor),0.08375
3257,3395,2024-11-06,0.00,,0.08375
3258,3394,2024-11-06,0.00,,0.08375
3259,3390,2024-11-06,0.00,,0.08375
3260,3393,2024-11-06,0.00,,0.08375
3261,3382,2024-11-06,0.00,,0.08375
3262,3399,2024-11-06,0.00,,0.08375
3263,3397,2024-11-07,0.00,,0.08375
3264,3398,2024-11-07,35.00,New customer (10% labor),0.08375
3265,3396,2024-11-07,0.00,,0.08375
3266,3400,2024-11-07,0.00,,0.08375
3267,3402,2024-11-07,0.00,,0.08375
3268,3401,2024-11-07,0.00,,0.08375
3269,3403,2024-11-07,14.00,New customer (10% labor),0.08375
3270,3404,2024-11-07,0.00,,0.08375
3271,3408,2024-11-07,5.60,Fleet pricing (10% labor),0.08375
3272,3406,2024-11-07,0.00,,0.08375
3273,3407,2024-11-07,19.60,Fleet pricing (10% labor),0.08375
3274,3405,2024-11-07,14.00,Fleet pricing (10% labor),0.08375
3275,3410,2024-11-07,25.00,Loyalty reward,0.08375
3276,3409,2024-11-07,60.20,New customer (10% labor),0.08375
3277,3413,2024-11-08,19.60,New customer (10% labor),0.08375
3278,3414,2024-11-08,0.00,,0.08375
3279,3412,2024-11-08,0.00,,0.08375
3280,3415,2024-11-08,5.60,Fleet pricing (10% labor),0.08375
3281,3411,2024-11-08,30.80,Fleet pricing (10% labor),0.08375
3282,3417,2024-11-08,19.60,Fleet pricing (10% labor),0.08375
3283,3416,2024-11-08,0.00,,0.08375
3284,3418,2024-11-08,0.00,,0.08375
3285,3420,2024-11-09,0.00,,0.08375
3286,3419,2024-11-09,0.00,,0.08375
3287,3422,2024-11-09,16.80,Fleet pricing (10% labor),0.08375
3288,3423,2024-11-09,0.00,,0.08375
3289,3425,2024-11-09,0.00,,0.08375
3290,3424,2024-11-09,0.00,,0.08375
3291,3428,2024-11-09,0.00,,0.08375
3292,3427,2024-11-09,19.60,Fleet pricing (10% labor),0.08375
3293,3429,2024-11-09,0.00,,0.08375
3294,3431,2024-11-09,0.00,,0.08375
3295,3430,2024-11-09,0.00,,0.08375
3296,3421,2024-11-09,0.00,,0.08375
3297,3426,2024-11-11,0.00,,0.08375
3298,3436,2024-11-11,19.60,Fleet pricing (10% labor),0.08375
3299,3433,2024-11-11,0.00,,0.08375
3300,3432,2024-11-11,0.00,,0.08375
3301,3435,2024-11-11,25.00,Loyalty reward,0.08375
3302,3438,2024-11-11,0.00,,0.08375
3303,3439,2024-11-11,0.00,,0.08375
3304,3440,2024-11-11,0.00,,0.08375
3305,3434,2024-11-11,0.00,,0.08375
3306,3442,2024-11-11,14.00,Fleet pricing (10% labor),0.08375
3307,3441,2024-11-11,44.80,Fleet pricing (10% labor),0.08375
3308,3443,2024-11-11,0.00,,0.08375
3309,3446,2024-11-11,16.80,Fleet pricing (10% labor),0.08375
3310,3447,2024-11-11,0.00,,0.08375
3311,3437,2024-11-11,0.00,,0.08375
3312,3445,2024-11-11,0.00,,0.08375
3313,3448,2024-11-11,0.00,,0.08375
3314,3444,2024-11-11,0.00,,0.08375
3315,3449,2024-11-11,5.60,Fleet pricing (10% labor),0.08375
3316,3451,2024-11-12,16.80,Fleet pricing (10% labor),0.08375
3317,3450,2024-11-12,0.00,,0.08375
3318,3452,2024-11-12,0.00,,0.08375
3319,3454,2024-11-12,0.00,,0.08375
3320,3453,2024-11-12,25.20,Fleet pricing (10% labor),0.08375
3321,3457,2024-11-12,0.00,,0.08375
3322,3455,2024-11-12,23.80,New customer (10% labor),0.08375
3323,3458,2024-11-12,25.20,Fleet pricing (10% labor),0.08375
3324,3456,2024-11-13,0.00,,0.08375
3325,3460,2024-11-13,16.80,Fleet pricing (10% labor),0.08375
3326,3464,2024-11-13,5.60,Fleet pricing (10% labor),0.08375
3327,3462,2024-11-13,0.00,,0.08375
3328,3465,2024-11-13,0.00,,0.08375
3329,3461,2024-11-13,0.00,,0.08375
3330,3463,2024-11-13,0.00,,0.08375
3331,3466,2024-11-13,5.60,New customer (10% labor),0.08375
3332,3470,2024-11-13,5.60,Fleet pricing (10% labor),0.08375
3333,3469,2024-11-13,0.00,,0.08375
3334,3468,2024-11-14,0.00,,0.08375
3335,3467,2024-11-14,0.00,,0.08375
3336,3472,2024-11-14,0.00,,0.08375
3337,3473,2024-11-14,0.00,,0.08375
3338,3474,2024-11-14,0.00,,0.08375
3339,3478,2024-11-14,0.00,,0.08375
3340,3476,2024-11-14,0.00,,0.08375
3341,3479,2024-11-14,5.60,Fleet pricing (10% labor),0.08375
3342,3459,2024-11-14,0.00,,0.08375
3343,3475,2024-11-14,0.00,,0.08375
3344,3480,2024-11-14,0.00,,0.08375
3345,3481,2024-11-14,21.00,Fleet pricing (10% labor),0.08375
3346,3482,2024-11-15,0.00,,0.08375
3347,3483,2024-11-15,5.60,Fleet pricing (10% labor),0.08375
3348,3486,2024-11-15,16.80,New customer (10% labor),0.08375
3349,3488,2024-11-15,15.40,Fleet pricing (10% labor),0.08375
3350,3471,2024-11-15,0.00,,0.08375
3351,3492,2024-11-15,0.00,,0.08375
3352,3484,2024-11-15,0.00,,0.08375
3353,3490,2024-11-15,0.00,,0.08375
3354,3491,2024-11-15,25.20,Fleet pricing (10% labor),0.08375
3355,3487,2024-11-15,14.00,Fleet pricing (10% labor),0.08375
3356,3493,2024-11-15,0.00,,0.08375
3357,3499,2024-11-16,8.40,New customer (10% labor),0.08375
3358,3497,2024-11-16,0.00,,0.08375
3359,3498,2024-11-16,0.00,,0.08375
3360,3503,2024-11-16,0.00,,0.08375
3361,3500,2024-11-16,0.00,,0.08375
3362,3496,2024-11-16,0.00,,0.08375
3363,3504,2024-11-18,0.00,,0.08375
3364,3489,2024-11-18,0.00,,0.08375
3365,3510,2024-11-18,5.60,Fleet pricing (10% labor),0.08375
3366,3507,2024-11-18,0.00,,0.08375
3367,3505,2024-11-18,0.00,,0.08375
3368,3485,2024-11-18,28.00,Fleet pricing (10% labor),0.08375
3369,3506,2024-11-18,0.00,,0.08375
3370,3502,2024-11-18,0.00,,0.08375
3371,3509,2024-11-18,0.00,,0.08375
3372,3515,2024-11-18,25.00,Loyalty reward,0.08375
3373,3512,2024-11-18,0.00,,0.08375
3374,3511,2024-11-18,0.00,,0.08375
3375,3521,2024-11-18,0.00,,0.08375
3376,3517,2024-11-18,0.00,,0.08375
3377,3508,2024-11-18,0.00,,0.08375
3378,3514,2024-11-18,0.00,,0.08375
3379,3513,2024-11-19,0.00,,0.08375
3380,3519,2024-11-19,0.00,,0.08375
3381,3524,2024-11-19,0.00,,0.08375
3382,3523,2024-11-19,0.00,,0.08375
3383,3525,2024-11-19,22.40,Fleet pricing (10% labor),0.08375
3384,3522,2024-11-19,0.00,,0.08375
3385,3518,2024-11-19,0.00,,0.08375
3386,3527,2024-11-19,0.00,,0.08375
3387,3529,2024-11-19,0.00,,0.08375
3388,3526,2024-11-19,0.00,,0.08375
3389,3530,2024-11-19,0.00,,0.08375
3390,3531,2024-11-20,0.00,,0.08375
3391,3532,2024-11-20,0.00,,0.08375
3392,3528,2024-11-20,0.00,,0.08375
3393,3533,2024-11-20,25.20,New customer (10% labor),0.08375
3394,3540,2024-11-20,0.00,,0.08375
3395,3520,2024-11-20,0.00,,0.08375
3396,3534,2024-11-20,0.00,,0.08375
3397,3516,2024-11-20,0.00,,0.08375
3398,3535,2024-11-20,14.00,Fleet pricing (10% labor),0.08375
3399,3536,2024-11-20,0.00,,0.08375
3400,3494,2024-11-20,56.00,Fleet pricing (10% labor),0.08375
3401,3537,2024-11-20,19.60,New customer (10% labor),0.08375
3402,3543,2024-11-20,0.00,,0.08375
3403,3539,2024-11-21,0.00,,0.08375
3404,3542,2024-11-21,0.00,,0.08375
3405,3541,2024-11-21,16.80,New customer (10% labor),0.08375
3406,3544,2024-11-21,0.00,,0.08375
3407,3545,2024-11-21,0.00,,0.08375
3408,3549,2024-11-21,0.00,,0.08375
3409,3546,2024-11-21,0.00,,0.08375
3410,3553,2024-11-21,0.00,,0.08375
3411,3551,2024-11-21,18.20,New customer (10% labor),0.08375
3412,3550,2024-11-21,25.20,Fleet pricing (10% labor),0.08375
3413,3547,2024-11-21,0.00,,0.08375
3414,3554,2024-11-21,0.00,,0.08375
3415,3552,2024-11-21,0.00,,0.08375
3416,3555,2024-11-21,12.60,New customer (10% labor),0.08375
3417,3557,2024-11-22,0.00,,0.08375
3418,3556,2024-11-22,11.20,New customer (10% labor),0.08375
3419,3559,2024-11-22,25.00,Loyalty reward,0.08375
3420,3561,2024-11-22,16.80,Fleet pricing (10% labor),0.08375
3421,3560,2024-11-22,8.40,Fleet pricing (10% labor),0.08375
3422,3562,2024-11-22,0.00,,0.08375
3423,3558,2024-11-22,65.80,Fleet pricing (10% labor),0.08375
3424,3564,2024-11-22,12.60,Fleet pricing (10% labor),0.08375
3425,3548,2024-11-22,52.50,New customer (10% labor),0.08375
3426,3565,2024-11-23,0.00,,0.08375
3427,3567,2024-11-23,0.00,,0.08375
3428,3566,2024-11-23,0.00,,0.08375
3429,3570,2024-11-23,0.00,,0.08375
3430,3571,2024-11-23,11.20,Fleet pricing (10% labor),0.08375
3431,3572,2024-11-23,0.00,,0.08375
3432,3574,2024-11-25,0.00,,0.08375
3433,3577,2024-11-25,0.00,,0.08375
3434,3579,2024-11-25,14.00,Fleet pricing (10% labor),0.08375
3435,3581,2024-11-25,0.00,,0.08375
3436,3569,2024-11-25,39.20,Fleet pricing (10% labor),0.08375
3437,3568,2024-11-25,0.00,,0.08375
3438,3582,2024-11-25,0.00,,0.08375
3439,3538,2024-11-25,28.00,Fleet pricing (10% labor),0.08375
3440,3585,2024-11-25,0.00,,0.08375
3441,3583,2024-11-25,0.00,,0.08375
3442,3586,2024-11-25,0.00,,0.08375
3443,3573,2024-11-25,25.00,Loyalty reward,0.08375
3444,3575,2024-11-25,0.00,,0.08375
3445,3589,2024-11-25,0.00,,0.08375
3446,3578,2024-11-26,0.00,,0.08375
3447,3593,2024-11-26,5.60,Fleet pricing (10% labor),0.08375
3448,3576,2024-11-26,0.00,,0.08375
3449,3597,2024-11-26,0.00,,0.08375
3450,3590,2024-11-26,0.00,,0.08375
3451,3595,2024-11-26,0.00,,0.08375
3452,3591,2024-11-26,5.60,Fleet pricing (10% labor),0.08375
3453,3584,2024-11-26,0.00,,0.08375
3454,3587,2024-11-26,5.60,Fleet pricing (10% labor),0.08375
3455,3598,2024-11-26,11.20,New customer (10% labor),0.08375
3456,3592,2024-11-26,0.00,,0.08375
3457,3594,2024-11-26,5.60,Fleet pricing (10% labor),0.08375
3458,3580,2024-11-26,0.00,,0.08375
3459,3599,2024-11-26,0.00,,0.08375
3460,3602,2024-11-26,0.00,,0.08375
3461,3600,2024-11-26,0.00,,0.08375
3462,3603,2024-11-26,0.00,,0.08375
3463,3588,2024-11-27,0.00,,0.08375
3464,3605,2024-11-27,5.60,New customer (10% labor),0.08375
3465,3601,2024-11-27,0.00,,0.08375
3466,3604,2024-11-27,0.00,,0.08375
3467,3606,2024-11-27,0.00,,0.08375
3468,3607,2024-11-27,0.00,,0.08375
3469,3609,2024-11-27,0.00,,0.08375
3470,3608,2024-11-27,0.00,,0.08375
3471,3613,2024-11-27,0.00,,0.08375
3472,3615,2024-11-27,0.00,,0.08375
3473,3610,2024-11-27,0.00,,0.08375
3474,3617,2024-11-29,0.00,,0.08375
3475,3616,2024-11-29,0.00,,0.08375
3476,3618,2024-11-29,0.00,,0.08375
3477,3619,2024-11-29,0.00,,0.08375
3478,3621,2024-11-29,0.00,,0.08375
3479,3614,2024-11-29,68.60,Fleet pricing (10% labor),0.08375
3480,3624,2024-11-29,0.00,,0.08375
3481,3620,2024-11-29,16.80,Fleet pricing (10% labor),0.08375
3482,3612,2024-11-29,0.00,,0.08375
3483,3626,2024-11-29,5.60,Fleet pricing (10% labor),0.08375
3484,3627,2024-11-29,0.00,,0.08375
3485,3625,2024-11-29,33.60,Fleet pricing (10% labor),0.08375
3486,3630,2024-11-29,0.00,,0.08375
3487,3623,2024-11-29,16.80,Fleet pricing (10% labor),0.08375
3488,3628,2024-11-29,0.00,,0.08375
3489,3622,2024-11-29,0.00,,0.08375
3490,3631,2024-11-29,0.00,,0.08375
3491,3634,2024-11-30,7.00,New customer (10% labor),0.08375
3492,3632,2024-11-30,0.00,,0.08375
3493,3633,2024-11-30,0.00,,0.08375
3494,3636,2024-11-30,0.00,,0.08375
3495,3637,2024-11-30,0.00,,0.08375
3496,3638,2024-11-30,0.00,,0.08375
3497,3639,2024-11-30,0.00,,0.08375
3498,3649,2024-12-02,0.00,,0.08375
3499,3641,2024-12-02,25.20,Fleet pricing (10% labor),0.08375
3500,3644,2024-12-02,18.20,Fleet pricing (10% labor),0.08375
3501,3642,2024-12-02,0.00,,0.08375
3502,3650,2024-12-02,0.00,,0.08375
3503,3647,2024-12-02,4.20,Fleet pricing (10% labor),0.08375
3504,3651,2024-12-02,0.00,,0.08375
3505,3646,2024-12-02,0.00,,0.08375
3506,3657,2024-12-02,0.00,,0.08375
3507,3648,2024-12-02,0.00,,0.08375
3508,3596,2024-12-02,0.00,,0.08375
3509,3658,2024-12-02,0.00,,0.08375
3510,3656,2024-12-02,0.00,,0.08375
3511,3662,2024-12-02,9.80,Fleet pricing (10% labor),0.08375
3512,3663,2024-12-03,5.60,Fleet pricing (10% labor),0.08375
3513,3665,2024-12-03,0.00,,0.08375
3514,3664,2024-12-03,5.60,New customer (10% labor),0.08375
3515,3667,2024-12-03,5.60,New customer (10% labor),0.08375
3516,3659,2024-12-03,0.00,,0.08375
3517,3668,2024-12-03,0.00,,0.08375
3518,3611,2024-12-03,0.00,,0.08375
3519,3669,2024-12-04,0.00,,0.08375
3520,3670,2024-12-04,0.00,,0.08375
3521,3675,2024-12-04,0.00,,0.08375
3522,3672,2024-12-04,0.00,,0.08375
3523,3645,2024-12-04,32.20,Fleet pricing (10% labor),0.08375
3524,3655,2024-12-04,0.00,,0.08375
3525,3674,2024-12-04,25.20,New customer (10% labor),0.08375
3526,3653,2024-12-04,25.20,Fleet pricing (10% labor),0.08375
3527,3673,2024-12-04,25.00,Loyalty reward,0.08375
3528,3660,2024-12-04,0.00,,0.08375
3529,3677,2024-12-04,0.00,,0.08375
3530,3654,2024-12-04,0.00,,0.08375
3531,3676,2024-12-05,0.00,,0.08375
3532,3678,2024-12-05,0.00,,0.08375
3533,3679,2024-12-05,0.00,,0.08375
3534,3683,2024-12-05,5.60,Fleet pricing (10% labor),0.08375
3535,3680,2024-12-05,0.00,,0.08375
3536,3684,2024-12-05,5.60,New customer (10% labor),0.08375
3537,3682,2024-12-05,0.00,,0.08375
3538,3652,2024-12-05,0.00,,0.08375
3539,3687,2024-12-05,0.00,,0.08375
3540,3681,2024-12-05,0.00,,0.08375
3541,3688,2024-12-05,5.60,New customer (10% labor),0.08375
3542,3685,2024-12-05,19.60,Fleet pricing (10% labor),0.08375
3543,3661,2024-12-05,25.20,Fleet pricing (10% labor),0.08375
3544,3686,2024-12-05,0.00,,0.08375
3545,3689,2024-12-05,14.00,New customer (10% labor),0.08375
3546,3690,2024-12-05,0.00,,0.08375
3547,3692,2024-12-06,5.60,Fleet pricing (10% labor),0.08375
3548,3693,2024-12-06,0.00,,0.08375
3549,3695,2024-12-06,0.00,,0.08375
3550,3694,2024-12-06,25.00,Loyalty reward,0.08375
3551,3691,2024-12-06,28.00,Fleet pricing (10% labor),0.08375
3552,3696,2024-12-06,0.00,,0.08375
3553,3697,2024-12-06,0.00,,0.08375
3554,3699,2024-12-06,0.00,,0.08375
3555,3698,2024-12-06,0.00,,0.08375
3556,3700,2024-12-06,0.00,,0.08375
3557,3701,2024-12-06,25.00,Loyalty reward,0.08375
3558,3702,2024-12-07,5.60,Fleet pricing (10% labor),0.08375
3559,3703,2024-12-07,5.60,Fleet pricing (10% labor),0.08375
3560,3704,2024-12-07,9.80,Fleet pricing (10% labor),0.08375
3561,3708,2024-12-07,0.00,,0.08375
3562,3709,2024-12-07,0.00,,0.08375
3563,3711,2024-12-07,0.00,,0.08375
3564,3710,2024-12-07,0.00,,0.08375
3565,3705,2024-12-07,25.20,Fleet pricing (10% labor),0.08375
3566,3707,2024-12-09,0.00,,0.08375
3567,3714,2024-12-09,28.00,Fleet pricing (10% labor),0.08375
3568,3712,2024-12-09,0.00,,0.08375
3569,3720,2024-12-09,30.80,Fleet pricing (10% labor),0.08375
3570,3722,2024-12-09,0.00,,0.08375
3571,3716,2024-12-09,0.00,,0.08375
3572,3717,2024-12-09,5.60,Fleet pricing (10% labor),0.08375
3573,3721,2024-12-09,5.60,Fleet pricing (10% labor),0.08375
3574,3719,2024-12-09,0.00,,0.08375
3575,3723,2024-12-09,21.00,Fleet pricing (10% labor),0.08375
3576,3726,2024-12-09,0.00,,0.08375
3577,3728,2024-12-09,7.00,Fleet pricing (10% labor),0.08375
3578,3727,2024-12-09,5.60,Fleet pricing (10% labor),0.08375
3579,3643,2024-12-09,140.00,Fleet pricing (10% labor),0.08375
3580,3729,2024-12-09,25.20,Fleet pricing (10% labor),0.08375
3581,3715,2024-12-10,25.00,Loyalty reward,0.08375
3582,3725,2024-12-10,16.80,Fleet pricing (10% labor),0.08375
3583,3724,2024-12-10,0.00,,0.08375
3584,3731,2024-12-10,0.00,,0.08375
3585,3730,2024-12-10,0.00,,0.08375
3586,3732,2024-12-10,8.40,Fleet pricing (10% labor),0.08375
3587,3733,2024-12-10,30.80,Fleet pricing (10% labor),0.08375
3588,3718,2024-12-10,0.00,,0.08375
3589,3738,2024-12-10,0.00,,0.08375
3590,3734,2024-12-10,0.00,,0.08375
3591,3736,2024-12-10,23.80,Fleet pricing (10% labor),0.08375
3592,3735,2024-12-10,0.00,,0.08375
3593,3737,2024-12-11,0.00,,0.08375
3594,3740,2024-12-11,0.00,,0.08375
3595,3739,2024-12-11,30.80,Fleet pricing (10% labor),0.08375
3596,3744,2024-12-11,0.00,,0.08375
3597,3741,2024-12-11,0.00,,0.08375
3598,3743,2024-12-11,25.20,New customer (10% labor),0.08375
3599,3745,2024-12-11,0.00,,0.08375
3600,3749,2024-12-11,0.00,,0.08375
3601,3713,2024-12-11,0.00,,0.08375
3602,3748,2024-12-11,0.00,,0.08375
3603,3751,2024-12-11,0.00,,0.08375
3604,3747,2024-12-11,0.00,,0.08375
3605,3750,2024-12-11,0.00,,0.08375
3606,3746,2024-12-11,0.00,,0.08375
3607,3752,2024-12-11,0.00,,0.08375
3608,3753,2024-12-11,0.00,,0.08375
3609,3754,2024-12-12,0.00,,0.08375
3610,3742,2024-12-12,0.00,,0.08375
3611,3755,2024-12-12,0.00,,0.08375
3612,3758,2024-12-12,0.00,,0.08375
3613,3759,2024-12-12,21.00,New customer (10% labor),0.08375
3614,3760,2024-12-12,0.00,,0.08375
3615,3761,2024-12-12,0.00,,0.08375
3616,3762,2024-12-12,0.00,,0.08375
3617,3763,2024-12-12,0.00,,0.08375
3618,3766,2024-12-13,0.00,,0.08375
3619,3768,2024-12-13,0.00,,0.08375
3620,3764,2024-12-13,25.00,Loyalty reward,0.08375
3621,3769,2024-12-13,0.00,,0.08375
3622,3767,2024-12-13,0.00,,0.08375
3623,3765,2024-12-13,36.40,Fleet pricing (10% labor),0.08375
3624,3770,2024-12-13,0.00,,0.08375
3625,3771,2024-12-13,7.00,New customer (10% labor),0.08375
3626,3772,2024-12-13,0.00,,0.08375
3627,3773,2024-12-13,0.00,,0.08375
3628,3775,2024-12-13,0.00,,0.08375
3629,3776,2024-12-13,0.00,,0.08375
3630,3777,2024-12-13,0.00,,0.08375
3631,3778,2024-12-13,0.00,,0.08375
3632,3779,2024-12-13,0.00,,0.08375
3633,3757,2024-12-14,0.00,,0.08375
3634,3783,2024-12-14,0.00,,0.08375
3635,3774,2024-12-14,0.00,,0.08375
3636,3782,2024-12-14,25.20,New customer (10% labor),0.08375
3637,3784,2024-12-16,5.60,Fleet pricing (10% labor),0.08375
3638,3780,2024-12-16,0.00,,0.08375
3639,3781,2024-12-16,0.00,,0.08375
3640,3785,2024-12-16,0.00,,0.08375
3641,3789,2024-12-16,5.60,Fleet pricing (10% labor),0.08375
3642,3787,2024-12-16,0.00,,0.08375
3643,3788,2024-12-16,0.00,,0.08375
3644,3792,2024-12-16,5.60,Fleet pricing (10% labor),0.08375
3645,3791,2024-12-16,0.00,,0.08375
3646,3793,2024-12-16,0.00,,0.08375
3647,3794,2024-12-16,0.00,,0.08375
3648,3798,2024-12-16,0.00,,0.08375
3649,3790,2024-12-16,32.20,Fleet pricing (10% labor),0.08375
3650,3795,2024-12-16,0.00,,0.08375
3651,3800,2024-12-16,25.20,Fleet pricing (10% labor),0.08375
3652,3797,2024-12-16,0.00,,0.08375
3653,3801,2024-12-17,14.00,Fleet pricing (10% labor),0.08375
3654,3805,2024-12-17,0.00,,0.08375
3655,3806,2024-12-17,5.60,New customer (10% labor),0.08375
3656,3807,2024-12-17,5.60,New customer (10% labor),0.08375
3657,3799,2024-12-17,0.00,,0.08375
3658,3803,2024-12-17,5.60,Fleet pricing (10% labor),0.08375
3659,3804,2024-12-17,11.20,Fleet pricing (10% labor),0.08375
3660,3808,2024-12-17,0.00,,0.08375
3661,3810,2024-12-17,0.00,,0.08375
3662,3809,2024-12-17,0.00,,0.08375
3663,3811,2024-12-17,0.00,,0.08375
3664,3802,2024-12-17,0.00,,0.08375
3665,3812,2024-12-17,9.80,New customer (10% labor),0.08375
3666,3813,2024-12-17,0.00,,0.08375
3667,3814,2024-12-17,0.00,,0.08375
3668,3817,2024-12-18,0.00,,0.08375
3669,3816,2024-12-18,0.00,,0.08375
3670,3818,2024-12-18,0.00,,0.08375
3671,3786,2024-12-18,0.00,,0.08375
3672,3819,2024-12-18,0.00,,0.08375
3673,3820,2024-12-18,0.00,,0.08375
3674,3822,2024-12-18,0.00,,0.08375
3675,3823,2024-12-18,0.00,,0.08375
3676,3815,2024-12-18,0.00,,0.08375
3677,3821,2024-12-18,28.00,New customer (10% labor),0.08375
3678,3824,2024-12-18,5.60,Fleet pricing (10% labor),0.08375
3679,3796,2024-12-18,56.00,Fleet pricing (10% labor),0.08375
3680,3827,2024-12-19,0.00,,0.08375
3681,3828,2024-12-19,16.80,Fleet pricing (10% labor),0.08375
3682,3831,2024-12-19,0.00,,0.08375
3683,3826,2024-12-19,0.00,,0.08375
3684,3829,2024-12-19,16.80,Fleet pricing (10% labor),0.08375
3685,3825,2024-12-19,0.00,,0.08375
3686,3832,2024-12-19,0.00,,0.08375
3687,3830,2024-12-19,0.00,,0.08375
3688,3833,2024-12-19,0.00,,0.08375
3689,3835,2024-12-19,5.60,Fleet pricing (10% labor),0.08375
3690,3834,2024-12-19,0.00,,0.08375
3691,3837,2024-12-19,0.00,,0.08375
3692,3838,2024-12-20,0.00,,0.08375
3693,3841,2024-12-20,0.00,,0.08375
3694,3842,2024-12-20,0.00,,0.08375
3695,3843,2024-12-20,0.00,,0.08375
3696,3840,2024-12-20,0.00,,0.08375
3697,3844,2024-12-20,14.00,New customer (10% labor),0.08375
3698,3836,2024-12-20,35.00,New customer (10% labor),0.08375
3699,3839,2024-12-20,21.00,Fleet pricing (10% labor),0.08375
3700,3845,2024-12-20,5.60,New customer (10% labor),0.08375
3701,3846,2024-12-20,11.20,New customer (10% labor),0.08375
3702,3848,2024-12-21,5.60,Fleet pricing (10% labor),0.08375
3703,3847,2024-12-21,0.00,,0.08375
3704,3849,2024-12-21,0.00,,0.08375
3705,3850,2024-12-21,0.00,,0.08375
3706,3851,2024-12-21,5.60,New customer (10% labor),0.08375
3707,3852,2024-12-21,0.00,,0.08375
3708,3855,2024-12-23,0.00,,0.08375
3709,3854,2024-12-23,0.00,,0.08375
3710,3858,2024-12-23,0.00,,0.08375
3711,3856,2024-12-23,0.00,,0.08375
3712,3860,2024-12-23,0.00,,0.08375
3713,3862,2024-12-23,0.00,,0.08375
3714,3857,2024-12-23,22.40,Fleet pricing (10% labor),0.08375
3715,3863,2024-12-23,0.00,,0.08375
3716,3866,2024-12-23,0.00,,0.08375
3717,3861,2024-12-23,0.00,,0.08375
3718,3859,2024-12-23,42.00,New customer (10% labor),0.08375
3719,3868,2024-12-24,0.00,,0.08375
3720,3867,2024-12-24,0.00,,0.08375
3721,3864,2024-12-24,0.00,,0.08375
3722,3873,2024-12-24,5.60,New customer (10% labor),0.08375
3723,3865,2024-12-24,0.00,,0.08375
3724,3872,2024-12-24,39.20,Fleet pricing (10% labor),0.08375
3725,3877,2024-12-26,0.00,,0.08375
3726,3875,2024-12-26,33.60,Fleet pricing (10% labor),0.08375
3727,3879,2024-12-26,0.00,,0.08375
3728,3880,2024-12-26,0.00,,0.08375
3729,3882,2024-12-26,0.00,,0.08375
3730,3876,2024-12-26,39.20,Fleet pricing (10% labor),0.08375
3731,3869,2024-12-26,0.00,,0.08375
3732,3887,2024-12-26,5.60,Fleet pricing (10% labor),0.08375
3733,3871,2024-12-26,0.00,,0.08375
3734,3885,2024-12-26,42.00,New customer (10% labor),0.08375
3735,3881,2024-12-26,0.00,,0.08375
3736,3884,2024-12-26,25.00,Loyalty reward,0.08375
3737,3891,2024-12-26,0.00,,0.08375
3738,3890,2024-12-26,0.00,,0.08375
3739,3888,2024-12-26,0.00,,0.08375
3740,3892,2024-12-26,0.00,,0.08375
3741,3894,2024-12-26,0.00,,0.08375
3742,3893,2024-12-26,19.60,Fleet pricing (10% labor),0.08375
3743,3897,2024-12-27,5.60,New customer (10% labor),0.08375
3744,3895,2024-12-27,25.20,Fleet pricing (10% labor),0.08375
3745,3899,2024-12-27,0.00,,0.08375
3746,3896,2024-12-27,0.00,,0.08375
3747,3900,2024-12-27,16.80,Fleet pricing (10% labor),0.08375
3748,3874,2024-12-27,53.20,New customer (10% labor),0.08375
3749,3903,2024-12-27,5.60,Fleet pricing (10% labor),0.08375
3750,3902,2024-12-27,0.00,,0.08375
3751,3901,2024-12-27,0.00,,0.08375
3752,3889,2024-12-27,0.00,,0.08375
3753,3883,2024-12-27,25.00,Loyalty reward,0.08375
3754,3905,2024-12-27,0.00,,0.08375
3755,3886,2024-12-27,35.00,New customer (10% labor),0.08375
3756,3906,2024-12-28,36.40,Fleet pricing (10% labor),0.08375
3757,3909,2024-12-28,0.00,,0.08375
3758,3910,2024-12-28,30.80,Fleet pricing (10% labor),0.08375
3759,3907,2024-12-28,39.20,Fleet pricing (10% labor),0.08375
3760,3912,2024-12-28,0.00,,0.08375
3761,3914,2024-12-28,0.00,,0.08375
3762,3911,2024-12-28,0.00,,0.08375
3763,3915,2024-12-30,0.00,,0.08375
3764,3919,2024-12-30,0.00,,0.08375
3765,3916,2024-12-30,5.60,Fleet pricing (10% labor),0.08375
3766,3917,2024-12-30,14.00,Fleet pricing (10% labor),0.08375
3767,3923,2024-12-30,0.00,,0.08375
3768,3920,2024-12-30,0.00,,0.08375
3769,3925,2024-12-30,0.00,,0.08375
3770,3922,2024-12-30,0.00,,0.08375
3771,3924,2024-12-30,0.00,,0.08375
3772,3926,2024-12-30,0.00,,0.08375
3773,3927,2024-12-30,0.00,,0.08375
3774,3929,2024-12-30,0.00,,0.08375
3775,3908,2024-12-31,0.00,,0.08375
3776,3928,2024-12-31,0.00,,0.08375
3777,3931,2024-12-31,25.00,Loyalty reward,0.08375
3778,3932,2024-12-31,0.00,,0.08375
3779,3921,2024-12-31,0.00,,0.08375
3780,3933,2024-12-31,0.00,,0.08375
3781,3934,2024-12-31,0.00,,0.08375
3782,3936,2024-12-31,19.60,Fleet pricing (10% labor),0.08375
3783,3937,2024-12-31,0.00,,0.08375
3784,3930,2024-12-31,36.40,New customer (10% labor),0.08375
3785,3938,2024-12-31,0.00,,0.08375
3786,3939,2024-12-31,25.20,New customer (10% labor),0.08375
3787,3940,2024-12-31,0.00,,0.08375
3788,3950,2025-01-02,0.00,,0.08375
3789,3945,2025-01-02,0.00,,0.08375
3790,3943,2025-01-02,0.00,,0.08375
3791,3951,2025-01-02,0.00,,0.08375
3792,3948,2025-01-02,0.00,,0.08375
3793,3944,2025-01-02,0.00,,0.08375
3794,3947,2025-01-02,0.00,,0.08375
3795,3953,2025-01-02,0.00,,0.08375
3796,3942,2025-01-02,37.50,Fleet pricing (10% labor),0.08375
3797,3946,2025-01-02,0.00,,0.08375
3798,3952,2025-01-02,0.00,,0.08375
3799,3954,2025-01-03,0.00,,0.08375
3800,3955,2025-01-03,0.00,,0.08375
3801,3956,2025-01-03,0.00,,0.08375
3802,3941,2025-01-03,0.00,,0.08375
3803,3957,2025-01-03,0.00,,0.08375
3804,3958,2025-01-03,0.00,,0.08375
3805,3949,2025-01-03,0.00,,0.08375
3806,3959,2025-01-03,0.00,,0.08375
3807,3960,2025-01-03,0.00,,0.08375
3808,3963,2025-01-03,0.00,,0.08375
3809,3962,2025-01-03,0.00,,0.08375
3810,3964,2025-01-04,6.00,Fleet pricing (10% labor),0.08375
3811,3965,2025-01-04,6.00,Fleet pricing (10% labor),0.08375
3812,3968,2025-01-04,6.00,Fleet pricing (10% labor),0.08375
3813,3966,2025-01-04,67.50,Fleet pricing (10% labor),0.08375
3814,3969,2025-01-04,0.00,,0.08375
3815,3972,2025-01-06,6.00,Fleet pricing (10% labor),0.08375
3816,3961,2025-01-06,0.00,,0.08375
3817,3974,2025-01-06,0.00,,0.08375
3818,3971,2025-01-06,57.00,Fleet pricing (10% labor),0.08375
3819,3975,2025-01-06,0.00,,0.08375
3820,3978,2025-01-06,0.00,,0.08375
3821,3977,2025-01-06,27.00,Fleet pricing (10% labor),0.08375
3822,3976,2025-01-06,30.00,New customer (10% labor),0.08375
3823,3984,2025-01-06,0.00,,0.08375
3824,3979,2025-01-06,0.00,,0.08375
3825,3981,2025-01-06,67.50,New customer (10% labor),0.08375
3826,3982,2025-01-06,0.00,,0.08375
3827,3983,2025-01-06,0.00,,0.08375
3828,3980,2025-01-06,0.00,,0.08375
3829,3985,2025-01-07,0.00,,0.08375
3830,3987,2025-01-07,0.00,,0.08375
3831,3989,2025-01-07,0.00,,0.08375
3832,3988,2025-01-07,0.00,,0.08375
3833,3991,2025-01-07,12.00,New customer (10% labor),0.08375
3834,3994,2025-01-07,6.00,New customer (10% labor),0.08375
3835,3993,2025-01-07,15.00,Fleet pricing (10% labor),0.08375
3836,3992,2025-01-07,0.00,,0.08375
3837,3990,2025-01-07,0.00,,0.08375
3838,3995,2025-01-07,0.00,,0.08375
3839,3998,2025-01-07,0.00,,0.08375
3840,3999,2025-01-08,0.00,,0.08375
3841,4002,2025-01-08,6.00,Fleet pricing (10% labor),0.08375
3842,4004,2025-01-08,0.00,,0.08375
3843,4000,2025-01-08,0.00,,0.08375
3844,4001,2025-01-08,57.00,New customer (10% labor),0.08375
3845,4005,2025-01-08,0.00,,0.08375
3846,4008,2025-01-09,0.00,,0.08375
3847,4006,2025-01-09,25.00,Loyalty reward,0.08375
3848,4010,2025-01-09,0.00,,0.08375
3849,4012,2025-01-09,0.00,,0.08375
3850,4014,2025-01-09,0.00,,0.08375
3851,4015,2025-01-09,6.00,New customer (10% labor),0.08375
3852,4011,2025-01-09,0.00,,0.08375
3853,4020,2025-01-09,0.00,,0.08375
3854,3967,2025-01-09,0.00,,0.08375
3855,4016,2025-01-09,0.00,,0.08375
3856,4013,2025-01-09,0.00,,0.08375
3857,4022,2025-01-09,9.00,New customer (10% labor),0.08375
3858,4018,2025-01-09,0.00,,0.08375
3859,4021,2025-01-09,0.00,,0.08375
3860,4019,2025-01-10,0.00,,0.08375
3861,4023,2025-01-10,0.00,,0.08375
3862,4024,2025-01-10,0.00,,0.08375
3863,3996,2025-01-10,21.00,New customer (10% labor),0.08375
3864,4029,2025-01-10,0.00,,0.08375
3865,4025,2025-01-10,27.00,Fleet pricing (10% labor),0.08375
3866,4030,2025-01-10,18.00,New customer (10% labor),0.08375
3867,4003,2025-01-10,34.50,Fleet pricing (10% labor),0.08375
3868,4031,2025-01-10,0.00,,0.08375
3869,4026,2025-01-10,41.25,New customer (10% labor),0.08375
3870,4028,2025-01-10,0.00,,0.08375
3871,4027,2025-01-10,0.00,,0.08375
3872,4017,2025-01-10,30.00,New customer (10% labor),0.08375
3873,4032,2025-01-10,0.00,,0.08375
3874,4033,2025-01-10,0.00,,0.08375
3875,4040,2025-01-11,0.00,,0.08375
3876,4036,2025-01-11,0.00,,0.08375
3877,4039,2025-01-11,0.00,,0.08375
3878,3973,2025-01-11,0.00,,0.08375
3879,4035,2025-01-11,27.00,Fleet pricing (10% labor),0.08375
3880,4037,2025-01-13,0.00,,0.08375
3881,4038,2025-01-13,18.00,Fleet pricing (10% labor),0.08375
3882,4034,2025-01-13,0.00,,0.08375
3883,4041,2025-01-13,0.00,,0.08375
3884,4043,2025-01-13,0.00,,0.08375
3885,4042,2025-01-13,0.00,,0.08375
3886,4007,2025-01-13,0.00,,0.08375
3887,4044,2025-01-13,15.00,New customer (10% labor),0.08375
3888,3986,2025-01-13,6.00,New customer (10% labor),0.08375
3889,4046,2025-01-13,0.00,,0.08375
3890,4045,2025-01-13,0.00,,0.08375
3891,4052,2025-01-13,0.00,,0.08375
3892,4048,2025-01-13,27.00,New customer (10% labor),0.08375
3893,4047,2025-01-13,0.00,,0.08375
3894,4057,2025-01-13,6.00,Fleet pricing (10% labor),0.08375
3895,4050,2025-01-13,6.00,Fleet pricing (10% labor),0.08375
3896,4058,2025-01-13,0.00,,0.08375
3897,4051,2025-01-13,31.50,Fleet pricing (10% labor),0.08375
3898,4059,2025-01-13,0.00,,0.08375
3899,4054,2025-01-13,0.00,,0.08375
3900,4060,2025-01-13,0.00,,0.08375
3901,4055,2025-01-13,0.00,,0.08375
3902,4053,2025-01-13,0.00,,0.08375
3903,4061,2025-01-14,6.00,Fleet pricing (10% labor),0.08375
3904,4063,2025-01-14,4.50,New customer (10% labor),0.08375
3905,4062,2025-01-14,0.00,,0.08375
3906,4066,2025-01-14,6.00,New customer (10% labor),0.08375
3907,4064,2025-01-14,0.00,,0.08375
3908,4067,2025-01-14,6.00,New customer (10% labor),0.08375
3909,4070,2025-01-14,0.00,,0.08375
3910,4069,2025-01-15,0.00,,0.08375
3911,4071,2025-01-15,0.00,,0.08375
3912,4073,2025-01-15,0.00,,0.08375
3913,4072,2025-01-15,27.00,Fleet pricing (10% labor),0.08375
3914,4076,2025-01-15,0.00,,0.08375
3915,4079,2025-01-15,0.00,,0.08375
3916,4077,2025-01-15,0.00,,0.08375
3917,4080,2025-01-15,9.00,Fleet pricing (10% labor),0.08375
3918,4049,2025-01-15,51.00,Fleet pricing (10% labor),0.08375
3919,4078,2025-01-15,0.00,,0.08375
3920,4056,2025-01-15,0.00,,0.08375
3921,4068,2025-01-15,25.00,Loyalty reward,0.08375
3922,4083,2025-01-15,18.00,Fleet pricing (10% labor),0.08375
3923,4074,2025-01-16,0.00,,0.08375
3924,4085,2025-01-16,12.00,New customer (10% labor),0.08375
3925,4075,2025-01-16,49.50,Fleet pricing (10% labor),0.08375
3926,4081,2025-01-16,0.00,,0.08375
3927,4086,2025-01-16,25.00,Loyalty reward,0.08375
3928,4089,2025-01-16,0.00,,0.08375
3929,4084,2025-01-16,18.00,Fleet pricing (10% labor),0.08375
3930,4088,2025-01-16,0.00,,0.08375
3931,4092,2025-01-16,0.00,,0.08375
3932,4087,2025-01-16,0.00,,0.08375
3933,4082,2025-01-16,0.00,,0.08375
3934,4091,2025-01-16,6.00,Fleet pricing (10% labor),0.08375
3935,4093,2025-01-16,0.00,,0.08375
3936,4090,2025-01-16,0.00,,0.08375
3937,4094,2025-01-16,0.00,,0.08375
3938,4095,2025-01-16,0.00,,0.08375
3939,4096,2025-01-17,27.00,Fleet pricing (10% labor),0.08375
3940,4098,2025-01-17,31.50,New customer (10% labor),0.08375
3941,4099,2025-01-17,0.00,,0.08375
3942,4104,2025-01-17,0.00,,0.08375
3943,4101,2025-01-17,0.00,,0.08375
3944,4102,2025-01-17,7.50,Fleet pricing (10% labor),0.08375
3945,4100,2025-01-17,31.50,Fleet pricing (10% labor),0.08375
3946,4105,2025-01-17,0.00,,0.08375
3947,4097,2025-01-17,18.00,New customer (10% labor),0.08375
3948,4103,2025-01-17,0.00,,0.08375
3949,4106,2025-01-17,0.00,,0.08375
3950,4107,2025-01-18,15.00,Fleet pricing (10% labor),0.08375
3951,4108,2025-01-18,0.00,,0.08375
3952,4109,2025-01-18,0.00,,0.08375
3953,4110,2025-01-18,6.00,New customer (10% labor),0.08375
3954,4111,2025-01-20,0.00,,0.08375
3955,4112,2025-01-20,0.00,,0.08375
3956,4117,2025-01-20,0.00,,0.08375
3957,4122,2025-01-20,7.50,New customer (10% labor),0.08375
3958,4114,2025-01-20,0.00,,0.08375
3959,4121,2025-01-20,18.00,Fleet pricing (10% labor),0.08375
3960,4118,2025-01-20,0.00,,0.08375
3961,4124,2025-01-20,0.00,,0.08375
3962,4125,2025-01-20,0.00,,0.08375
3963,4120,2025-01-20,0.00,,0.08375
3964,4126,2025-01-20,0.00,,0.08375
3965,4127,2025-01-21,0.00,,0.08375
3966,4116,2025-01-21,9.00,Fleet pricing (10% labor),0.08375
3967,4065,2025-01-21,0.00,,0.08375
3968,4131,2025-01-21,0.00,,0.08375
3969,4132,2025-01-21,0.00,,0.08375
3970,4128,2025-01-21,0.00,,0.08375
3971,4130,2025-01-21,0.00,,0.08375
3972,4133,2025-01-21,4.50,New customer (10% labor),0.08375
3973,4136,2025-01-21,6.00,Fleet pricing (10% labor),0.08375
3974,4119,2025-01-21,0.00,,0.08375
3975,4135,2025-01-21,0.00,,0.08375
3976,4129,2025-01-21,0.00,,0.08375
3977,4140,2025-01-22,7.50,New customer (10% labor),0.08375
3978,4139,2025-01-22,13.50,New customer (10% labor),0.08375
3979,4142,2025-01-22,18.00,New customer (10% labor),0.08375
3980,4141,2025-01-22,0.00,,0.08375
3981,4143,2025-01-22,0.00,,0.08375
3982,4147,2025-01-22,0.00,,0.08375
3983,4148,2025-01-22,0.00,,0.08375
3984,4150,2025-01-22,0.00,,0.08375
3985,4145,2025-01-22,34.50,Fleet pricing (10% labor),0.08375
3986,4151,2025-01-22,42.00,New customer (10% labor),0.08375
3987,4152,2025-01-22,0.00,,0.08375
3988,4155,2025-01-23,12.00,Fleet pricing (10% labor),0.08375
3989,4153,2025-01-23,22.50,New customer (10% labor),0.08375
3990,4154,2025-01-23,27.00,Fleet pricing (10% labor),0.08375
3991,4157,2025-01-23,0.00,,0.08375
3992,4156,2025-01-23,0.00,,0.08375
3993,4160,2025-01-23,0.00,,0.08375
3994,4161,2025-01-23,21.00,New customer (10% labor),0.08375
3995,4159,2025-01-23,18.00,New customer (10% labor),0.08375
3996,4162,2025-01-23,18.00,Fleet pricing (10% labor),0.08375
3997,4134,2025-01-23,0.00,,0.08375
3998,4163,2025-01-23,0.00,,0.08375
3999,4158,2025-01-23,0.00,,0.08375
4000,4138,2025-01-23,30.00,Fleet pricing (10% labor),0.08375
4001,4166,2025-01-23,0.00,,0.08375
4002,4164,2025-01-24,0.00,,0.08375
4003,4170,2025-01-24,0.00,,0.08375
4004,4168,2025-01-24,0.00,,0.08375
4005,4171,2025-01-24,11.25,New customer (10% labor),0.08375
4006,4174,2025-01-24,0.00,,0.08375
4007,4175,2025-01-24,0.00,,0.08375
4008,4172,2025-01-24,0.00,,0.08375
4009,4173,2025-01-24,18.00,Fleet pricing (10% labor),0.08375
4010,4146,2025-01-24,36.00,Fleet pricing (10% labor),0.08375
4011,4165,2025-01-24,0.00,,0.08375
4012,4176,2025-01-24,0.00,,0.08375
4013,4177,2025-01-25,0.00,,0.08375
4014,4179,2025-01-25,0.00,,0.08375
4015,4178,2025-01-25,0.00,,0.08375
4016,4180,2025-01-25,6.00,Fleet pricing (10% labor),0.08375
4017,4167,2025-01-25,30.00,Fleet pricing (10% labor),0.08375
4018,4169,2025-01-25,0.00,,0.08375
4019,4144,2025-01-25,0.00,,0.08375
4020,4181,2025-01-25,0.00,,0.08375
4021,4182,2025-01-25,0.00,,0.08375
4022,4149,2025-01-25,0.00,,0.08375
4023,4188,2025-01-27,0.00,,0.08375
4024,4184,2025-01-27,0.00,,0.08375
4025,4187,2025-01-27,0.00,,0.08375
4026,4183,2025-01-27,0.00,,0.08375
4027,4185,2025-01-27,0.00,,0.08375
4028,4186,2025-01-27,0.00,,0.08375
4029,4190,2025-01-27,0.00,,0.08375
4030,4189,2025-01-27,0.00,,0.08375
4031,4193,2025-01-27,0.00,,0.08375
4032,4192,2025-01-27,6.00,Fleet pricing (10% labor),0.08375
4033,4198,2025-01-27,0.00,,0.08375
4034,4194,2025-01-27,0.00,,0.08375
4035,4191,2025-01-27,0.00,,0.08375
4036,4197,2025-01-27,0.00,,0.08375
4037,4196,2025-01-27,27.00,Fleet pricing (10% labor),0.08375
4038,4115,2025-01-27,150.00,Fleet pricing (10% labor),0.08375
4039,4195,2025-01-27,0.00,,0.08375
4040,4199,2025-01-28,30.00,Fleet pricing (10% labor),0.08375
4041,4123,2025-01-28,174.00,New customer (10% labor),0.08375
4042,4201,2025-01-28,6.00,Fleet pricing (10% labor),0.08375
4043,4202,2025-01-28,6.00,Fleet pricing (10% labor),0.08375
4044,4200,2025-01-28,22.50,Fleet pricing (10% labor),0.08375
4045,4203,2025-01-28,0.00,,0.08375
4046,4206,2025-01-28,12.00,Fleet pricing (10% labor),0.08375
4047,4208,2025-01-28,0.00,,0.08375
4048,4210,2025-01-29,0.00,,0.08375
4049,4209,2025-01-29,0.00,,0.08375
4050,4212,2025-01-29,0.00,,0.08375
4051,4214,2025-01-29,9.00,Fleet pricing (10% labor),0.08375
4052,4216,2025-01-29,0.00,,0.08375
4053,4217,2025-01-29,0.00,,0.08375
4054,4218,2025-01-29,0.00,,0.08375
4055,4220,2025-01-29,23.25,New customer (10% labor),0.08375
4056,4219,2025-01-29,0.00,,0.08375
4057,4222,2025-01-30,0.00,,0.08375
4058,4225,2025-01-30,6.00,Fleet pricing (10% labor),0.08375
4059,4223,2025-01-30,18.00,New customer (10% labor),0.08375
4060,4226,2025-01-30,9.00,New customer (10% labor),0.08375
4061,4221,2025-01-30,28.50,Fleet pricing (10% labor),0.08375
4062,4204,2025-01-30,0.00,,0.08375
4063,4224,2025-01-30,0.00,,0.08375
4064,4228,2025-01-30,6.00,Fleet pricing (10% labor),0.08375
4065,4205,2025-01-30,39.00,Fleet pricing (10% labor),0.08375
4066,4213,2025-01-30,49.50,New customer (10% labor),0.08375
4067,4227,2025-01-30,0.00,,0.08375
4068,4229,2025-01-30,0.00,,0.08375
4069,4231,2025-01-30,0.00,,0.08375
4070,4232,2025-01-31,6.00,Fleet pricing (10% labor),0.08375
4071,4234,2025-01-31,0.00,,0.08375
4072,4233,2025-01-31,0.00,,0.08375
4073,4238,2025-01-31,0.00,,0.08375
4074,4241,2025-01-31,0.00,,0.08375
4075,4215,2025-01-31,0.00,,0.08375
4076,4236,2025-01-31,0.00,,0.08375
4077,4237,2025-01-31,15.00,New customer (10% labor),0.08375
4078,4243,2025-01-31,15.00,Fleet pricing (10% labor),0.08375
4079,4246,2025-01-31,0.00,,0.08375
4080,4244,2025-01-31,0.00,,0.08375
4081,4245,2025-01-31,0.00,,0.08375
4082,4240,2025-01-31,33.00,Fleet pricing (10% labor),0.08375
4083,4248,2025-02-01,21.00,Fleet pricing (10% labor),0.08375
4084,4250,2025-02-01,4.50,New customer (10% labor),0.08375
4085,4249,2025-02-01,0.00,,0.08375
4086,4251,2025-02-01,0.00,,0.08375
4087,4252,2025-02-01,0.00,,0.08375
4088,4247,2025-02-01,67.50,Fleet pricing (10% labor),0.08375
4089,4254,2025-02-03,0.00,,0.08375
4090,4257,2025-02-03,0.00,,0.08375
4091,4256,2025-02-03,0.00,,0.08375
4092,4262,2025-02-03,6.00,New customer (10% labor),0.08375
4093,4263,2025-02-03,0.00,,0.08375
4094,4253,2025-02-03,0.00,,0.08375
4095,4264,2025-02-03,0.00,,0.08375
4096,4259,2025-02-03,9.00,New customer (10% labor),0.08375
4097,4267,2025-02-03,0.00,,0.08375
4098,4268,2025-02-03,0.00,,0.08375
4099,4265,2025-02-03,18.00,Fleet pricing (10% labor),0.08375
4100,4266,2025-02-03,0.00,,0.08375
4101,4269,2025-02-03,0.00,,0.08375
4102,4258,2025-02-03,0.00,,0.08375
4103,4273,2025-02-03,0.00,,0.08375
4104,4270,2025-02-03,30.00,Fleet pricing (10% labor),0.08375
4105,4260,2025-02-03,52.50,Fleet pricing (10% labor),0.08375
4106,4271,2025-02-03,0.00,,0.08375
4107,4274,2025-02-03,0.00,,0.08375
4108,4239,2025-02-04,30.00,Fleet pricing (10% labor),0.08375
4109,4277,2025-02-04,4.50,New customer (10% labor),0.08375
4110,4276,2025-02-04,0.00,,0.08375
4111,4272,2025-02-04,0.00,,0.08375
4112,4279,2025-02-04,28.50,Fleet pricing (10% labor),0.08375
4113,4278,2025-02-04,18.00,Fleet pricing (10% labor),0.08375
4114,4280,2025-02-04,0.00,,0.08375
4115,4281,2025-02-04,0.00,,0.08375
4116,4282,2025-02-04,0.00,,0.08375
4117,4285,2025-02-04,0.00,,0.08375
4118,4275,2025-02-04,0.00,,0.08375
4119,4283,2025-02-05,31.50,Fleet pricing (10% labor),0.08375
4120,4287,2025-02-05,0.00,,0.08375
4121,4289,2025-02-05,0.00,,0.08375
4122,4286,2025-02-05,18.00,Fleet pricing (10% labor),0.08375
4123,4288,2025-02-05,0.00,,0.08375
4124,4292,2025-02-05,0.00,,0.08375
4125,4294,2025-02-05,0.00,,0.08375
4126,4291,2025-02-05,0.00,,0.08375
4127,4290,2025-02-05,25.00,Loyalty reward,0.08375
4128,4296,2025-02-05,0.00,,0.08375
4129,4211,2025-02-05,0.00,,0.08375
4130,4295,2025-02-05,27.00,Fleet pricing (10% labor),0.08375
4131,4297,2025-02-06,0.00,,0.08375
4132,4299,2025-02-06,0.00,,0.08375
4133,4300,2025-02-06,0.00,,0.08375
4134,4301,2025-02-06,0.00,,0.08375
4135,4303,2025-02-06,46.50,Fleet pricing (10% labor),0.08375
4136,4304,2025-02-07,18.00,Fleet pricing (10% labor),0.08375
4137,4298,2025-02-07,52.50,New customer (10% labor),0.08375
4138,4306,2025-02-07,0.00,,0.08375
4139,4307,2025-02-07,0.00,,0.08375
4140,4308,2025-02-07,0.00,,0.08375
4141,4309,2025-02-07,6.00,New customer (10% labor),0.08375
4142,4312,2025-02-07,6.00,New customer (10% labor),0.08375
4143,4313,2025-02-07,0.00,,0.08375
4144,4315,2025-02-07,0.00,,0.08375
4145,4314,2025-02-07,0.00,,0.08375
4146,4310,2025-02-07,33.00,New customer (10% labor),0.08375
4147,4316,2025-02-07,16.50,New customer (10% labor),0.08375
4148,4317,2025-02-07,27.00,New customer (10% labor),0.08375
4149,4318,2025-02-08,0.00,,0.08375
4150,4319,2025-02-08,0.00,,0.08375
4151,4311,2025-02-08,0.00,,0.08375
4152,4323,2025-02-08,0.00,,0.08375
4153,4302,2025-02-08,0.00,,0.08375
4154,4324,2025-02-08,0.00,,0.08375
4155,4321,2025-02-08,0.00,,0.08375
4156,4255,2025-02-08,0.00,,0.08375
4157,4326,2025-02-08,0.00,,0.08375
4158,4320,2025-02-08,0.00,,0.08375
4159,4325,2025-02-10,0.00,,0.08375
4160,4328,2025-02-10,0.00,,0.08375
4161,4329,2025-02-10,0.00,,0.08375
4162,4332,2025-02-10,6.00,Fleet pricing (10% labor),0.08375
4163,4330,2025-02-10,0.00,,0.08375
4164,4336,2025-02-10,0.00,,0.08375
4165,4334,2025-02-10,0.00,,0.08375
4166,4337,2025-02-10,0.00,,0.08375
4167,4339,2025-02-10,0.00,,0.08375
4168,4335,2025-02-10,15.00,Fleet pricing (10% labor),0.08375
4169,4340,2025-02-10,0.00,,0.08375
4170,4341,2025-02-10,0.00,,0.08375
4171,4338,2025-02-10,27.00,Fleet pricing (10% labor),0.08375
4172,4342,2025-02-11,21.00,Fleet pricing (10% labor),0.08375
4173,4333,2025-02-11,0.00,,0.08375
4174,4345,2025-02-11,0.00,,0.08375
4175,4343,2025-02-11,0.00,,0.08375
4176,4346,2025-02-11,0.00,,0.08375
4177,4347,2025-02-11,0.00,,0.08375
4178,4348,2025-02-11,15.00,New customer (10% labor),0.08375
4179,4349,2025-02-12,0.00,,0.08375
4180,4350,2025-02-12,0.00,,0.08375
4181,4351,2025-02-12,15.00,Fleet pricing (10% labor),0.08375
4182,4352,2025-02-12,0.00,,0.08375
4183,4353,2025-02-12,13.50,Fleet pricing (10% labor),0.08375
4184,4354,2025-02-12,0.00,,0.08375
4185,4355,2025-02-12,0.00,,0.08375
4186,4357,2025-02-12,0.00,,0.08375
4187,4356,2025-02-12,0.00,,0.08375
4188,4358,2025-02-12,6.00,Fleet pricing (10% labor),0.08375
4189,4344,2025-02-12,0.00,,0.08375
4190,4360,2025-02-12,10.50,New customer (10% labor),0.08375
4191,4359,2025-02-12,0.00,,0.08375
4192,4361,2025-02-13,0.00,,0.08375
4193,4363,2025-02-13,0.00,,0.08375
4194,4362,2025-02-13,0.00,,0.08375
4195,4366,2025-02-13,0.00,,0.08375
4196,4365,2025-02-13,10.50,Fleet pricing (10% labor),0.08375
4197,4364,2025-02-13,0.00,,0.08375
4198,4367,2025-02-13,6.00,Fleet pricing (10% labor),0.08375
4199,4370,2025-02-13,0.00,,0.08375
4200,4368,2025-02-13,0.00,,0.08375
4201,4374,2025-02-14,0.00,,0.08375
4202,4373,2025-02-14,0.00,,0.08375
4203,4369,2025-02-14,45.00,Fleet pricing (10% labor),0.08375
4204,4375,2025-02-14,25.00,Loyalty reward,0.08375
4205,4372,2025-02-14,0.00,,0.08375
4206,4378,2025-02-14,27.00,Fleet pricing (10% labor),0.08375
4207,4380,2025-02-14,0.00,,0.08375
4208,4376,2025-02-14,25.00,Loyalty reward,0.08375
4209,4377,2025-02-14,0.00,,0.08375
4210,4379,2025-02-14,42.00,New customer (10% labor),0.08375
4211,4381,2025-02-15,6.00,New customer (10% labor),0.08375
4212,4384,2025-02-15,0.00,,0.08375
4213,4383,2025-02-15,27.00,Fleet pricing (10% labor),0.08375
4214,4371,2025-02-15,40.50,Fleet pricing (10% labor),0.08375
4215,4386,2025-02-15,21.00,Fleet pricing (10% labor),0.08375
4216,4387,2025-02-15,0.00,,0.08375
4217,4385,2025-02-17,0.00,,0.08375
4218,4390,2025-02-17,0.00,,0.08375
4219,4394,2025-02-17,0.00,,0.08375
4220,4391,2025-02-17,0.00,,0.08375
4221,4395,2025-02-17,0.00,,0.08375
4222,4389,2025-02-17,0.00,,0.08375
4223,4396,2025-02-17,18.00,New customer (10% labor),0.08375
4224,4393,2025-02-17,22.50,Fleet pricing (10% labor),0.08375
4225,4392,2025-02-17,0.00,,0.08375
4226,4388,2025-02-17,27.00,Fleet pricing (10% labor),0.08375
4227,4398,2025-02-17,15.00,New customer (10% labor),0.08375
4228,4397,2025-02-17,0.00,,0.08375
4229,4399,2025-02-17,9.00,New customer (10% labor),0.08375
4230,4402,2025-02-17,6.00,New customer (10% labor),0.08375
4231,4404,2025-02-18,0.00,,0.08375
4232,4407,2025-02-18,0.00,,0.08375
4233,4382,2025-02-18,0.00,,0.08375
4234,4406,2025-02-18,0.00,,0.08375
4235,4411,2025-02-18,0.00,,0.08375
4236,4409,2025-02-18,0.00,,0.08375
4237,4412,2025-02-18,0.00,,0.08375
4238,4414,2025-02-18,0.00,,0.08375
4239,4413,2025-02-18,0.00,,0.08375
4240,4408,2025-02-18,0.00,,0.08375
4241,4403,2025-02-18,0.00,,0.08375
4242,4417,2025-02-18,0.00,,0.08375
4243,4405,2025-02-18,0.00,,0.08375
4244,4415,2025-02-19,0.00,,0.08375
4245,4418,2025-02-19,9.00,Fleet pricing (10% labor),0.08375
4246,4420,2025-02-19,13.50,New customer (10% labor),0.08375
4247,4419,2025-02-19,0.00,,0.08375
4248,4422,2025-02-19,0.00,,0.08375
4249,4423,2025-02-19,0.00,,0.08375
4250,4426,2025-02-19,0.00,,0.08375
4251,4421,2025-02-19,0.00,,0.08375
4252,4424,2025-02-19,0.00,,0.08375
4253,4428,2025-02-19,18.00,Fleet pricing (10% labor),0.08375
4254,4400,2025-02-19,34.50,New customer (10% labor),0.08375
4255,4430,2025-02-19,0.00,,0.08375
4256,4427,2025-02-19,36.00,New customer (10% labor),0.08375
4257,4431,2025-02-20,6.00,Fleet pricing (10% labor),0.08375
4258,4432,2025-02-20,0.00,,0.08375
4259,4429,2025-02-20,0.00,,0.08375
4260,4436,2025-02-20,0.00,,0.08375
4261,4434,2025-02-20,27.00,Fleet pricing (10% labor),0.08375
4262,4433,2025-02-20,6.00,Fleet pricing (10% labor),0.08375
4263,4439,2025-02-20,0.00,,0.08375
4264,4425,2025-02-20,0.00,,0.08375
4265,4437,2025-02-20,0.00,,0.08375
4266,4440,2025-02-21,0.00,,0.08375
4267,4441,2025-02-21,18.00,Fleet pricing (10% labor),0.08375
4268,4444,2025-02-21,27.00,Fleet pricing (10% labor),0.08375
4269,4445,2025-02-21,33.00,Fleet pricing (10% labor),0.08375
4270,4442,2025-02-21,0.00,,0.08375
4271,4448,2025-02-21,0.00,,0.08375
4272,4449,2025-02-21,0.00,,0.08375
4273,4446,2025-02-21,0.00,,0.08375
4274,4451,2025-02-21,0.00,,0.08375
4275,4443,2025-02-21,0.00,,0.08375
4276,4450,2025-02-21,0.00,,0.08375
4277,4452,2025-02-21,0.00,,0.08375
4278,4447,2025-02-21,0.00,,0.08375
4279,4454,2025-02-21,0.00,,0.08375
4280,4456,2025-02-22,0.00,,0.08375
4281,4455,2025-02-22,6.00,Fleet pricing (10% labor),0.08375
4282,4458,2025-02-22,0.00,,0.08375
4283,4461,2025-02-24,9.00,Fleet pricing (10% labor),0.08375
4284,4459,2025-02-24,0.00,,0.08375
4285,4460,2025-02-24,0.00,,0.08375
4286,4462,2025-02-24,0.00,,0.08375
4287,4467,2025-02-24,0.00,,0.08375
4288,4463,2025-02-24,0.00,,0.08375
4289,4435,2025-02-24,0.00,,0.08375
4290,4470,2025-02-24,15.00,Fleet pricing (10% labor),0.08375
4291,4465,2025-02-24,0.00,,0.08375
4292,4471,2025-02-24,0.00,,0.08375
4293,4464,2025-02-24,0.00,,0.08375
4294,4457,2025-02-24,45.00,Fleet pricing (10% labor),0.08375
4295,4472,2025-02-24,24.00,New customer (10% labor),0.08375
4296,4473,2025-02-24,0.00,,0.08375
4297,4475,2025-02-24,0.00,,0.08375
4298,4476,2025-02-25,0.00,,0.08375
4299,4401,2025-02-25,0.00,,0.08375
4300,4469,2025-02-25,0.00,,0.08375
4301,4477,2025-02-25,0.00,,0.08375
4302,4478,2025-02-25,25.00,Loyalty reward,0.08375
4303,4480,2025-02-25,0.00,,0.08375
4304,4481,2025-02-25,9.00,Fleet pricing (10% labor),0.08375
4305,4483,2025-02-25,15.00,New customer (10% labor),0.08375
4306,4484,2025-02-25,22.50,Fleet pricing (10% labor),0.08375
4307,4486,2025-02-25,0.00,,0.08375
4308,4482,2025-02-25,6.00,Fleet pricing (10% labor),0.08375
4309,4485,2025-02-25,0.00,,0.08375
4310,4489,2025-02-26,0.00,,0.08375
4311,4487,2025-02-26,25.00,Loyalty reward,0.08375
4312,4468,2025-02-26,0.00,,0.08375
4313,4466,2025-02-26,0.00,,0.08375
4314,4453,2025-02-26,0.00,,0.08375
4315,4491,2025-02-26,6.00,Fleet pricing (10% labor),0.08375
4316,4494,2025-02-26,0.00,,0.08375
4317,4492,2025-02-26,0.00,,0.08375
4318,4479,2025-02-26,0.00,,0.08375
4319,4493,2025-02-26,0.00,,0.08375
4320,4496,2025-02-26,0.00,,0.08375
4321,4490,2025-02-26,0.00,,0.08375
4322,4497,2025-02-26,0.00,,0.08375
4323,4498,2025-02-26,0.00,,0.08375
4324,4499,2025-02-27,0.00,,0.08375
4325,4501,2025-02-27,0.00,,0.08375
4326,4503,2025-02-27,9.00,Fleet pricing (10% labor),0.08375
4327,4502,2025-02-27,0.00,,0.08375
4328,4504,2025-02-27,36.00,Fleet pricing (10% labor),0.08375
4329,4500,2025-02-27,25.00,Loyalty reward,0.08375
4330,4495,2025-02-27,0.00,,0.08375
4331,4506,2025-02-27,0.00,,0.08375
4332,4505,2025-02-27,27.00,Fleet pricing (10% labor),0.08375
4333,4507,2025-02-27,30.00,Fleet pricing (10% labor),0.08375
4334,4510,2025-02-28,6.00,New customer (10% labor),0.08375
4335,4508,2025-02-28,0.00,,0.08375
4336,4509,2025-02-28,34.50,New customer (10% labor),0.08375
4337,4488,2025-02-28,0.00,,0.08375
4338,4511,2025-02-28,0.00,,0.08375
4339,4512,2025-02-28,21.00,Fleet pricing (10% labor),0.08375
4340,4515,2025-02-28,0.00,,0.08375
4341,4513,2025-02-28,0.00,,0.08375
4342,4516,2025-03-01,0.00,,0.08375
4343,4517,2025-03-01,0.00,,0.08375
4344,4518,2025-03-01,0.00,,0.08375
4345,4520,2025-03-01,0.00,,0.08375
4346,4519,2025-03-01,0.00,,0.08375
4347,4514,2025-03-01,0.00,,0.08375
4348,4521,2025-03-01,0.00,,0.08375
4349,4522,2025-03-03,0.00,,0.08375
4350,4525,2025-03-03,13.50,New customer (10% labor),0.08375
4351,4524,2025-03-03,0.00,,0.08375
4352,4526,2025-03-03,0.00,,0.08375
4353,4527,2025-03-03,0.00,,0.08375
4354,4528,2025-03-03,0.00,,0.08375
4355,4529,2025-03-03,0.00,,0.08375
4356,4530,2025-03-03,0.00,,0.08375
4357,4523,2025-03-03,0.00,,0.08375
4358,4531,2025-03-03,0.00,,0.08375
4359,4534,2025-03-03,12.00,New customer (10% labor),0.08375
4360,4532,2025-03-03,6.00,Fleet pricing (10% labor),0.08375
4361,4535,2025-03-04,0.00,,0.08375
4362,4537,2025-03-04,16.50,Fleet pricing (10% labor),0.08375
4363,4538,2025-03-04,6.00,New customer (10% labor),0.08375
4364,4539,2025-03-04,0.00,,0.08375
4365,4540,2025-03-04,0.00,,0.08375
4366,4542,2025-03-04,0.00,,0.08375
4367,4544,2025-03-04,0.00,,0.08375
4368,4543,2025-03-04,0.00,,0.08375
4369,4545,2025-03-04,0.00,,0.08375
4370,4546,2025-03-04,0.00,,0.08375
4371,4549,2025-03-04,4.50,New customer (10% labor),0.08375
4372,4548,2025-03-04,0.00,,0.08375
4373,4550,2025-03-05,6.00,Fleet pricing (10% labor),0.08375
4374,4552,2025-03-05,0.00,,0.08375
4375,4551,2025-03-05,6.00,Fleet pricing (10% labor),0.08375
4376,4547,2025-03-05,0.00,,0.08375
4377,4554,2025-03-05,0.00,,0.08375
4378,4558,2025-03-05,0.00,,0.08375
4379,4541,2025-03-05,0.00,,0.08375
4380,4553,2025-03-05,0.00,,0.08375
4381,4557,2025-03-05,0.00,,0.08375
4382,4562,2025-03-05,0.00,,0.08375
4383,4556,2025-03-05,0.00,,0.08375
4384,4565,2025-03-06,6.00,Fleet pricing (10% labor),0.08375
4385,4566,2025-03-06,0.00,,0.08375
4386,4568,2025-03-06,0.00,,0.08375
4387,4570,2025-03-06,0.00,,0.08375
4388,4567,2025-03-06,0.00,,0.08375
4389,4571,2025-03-06,0.00,,0.08375
4390,4573,2025-03-06,4.50,New customer (10% labor),0.08375
4391,4564,2025-03-06,0.00,,0.08375
4392,4574,2025-03-06,28.50,Fleet pricing (10% labor),0.08375
4393,4555,2025-03-07,0.00,,0.08375
4394,4576,2025-03-07,6.00,Fleet pricing (10% labor),0.08375
4395,4578,2025-03-07,0.00,,0.08375
4396,4559,2025-03-07,0.00,,0.08375
4397,4581,2025-03-07,21.00,Fleet pricing (10% labor),0.08375
4398,4582,2025-03-07,0.00,,0.08375
4399,4579,2025-03-07,0.00,,0.08375
4400,4583,2025-03-07,0.00,,0.08375
4401,4580,2025-03-07,0.00,,0.08375
4402,4563,2025-03-07,39.00,New customer (10% labor),0.08375
4403,4585,2025-03-07,0.00,,0.08375
4404,4584,2025-03-07,0.00,,0.08375
4405,4586,2025-03-08,0.00,,0.08375
4406,4587,2025-03-08,0.00,,0.08375
4407,4577,2025-03-08,39.00,New customer (10% labor),0.08375
4408,4591,2025-03-08,9.00,Fleet pricing (10% labor),0.08375
4409,4589,2025-03-08,0.00,,0.08375
4410,4592,2025-03-08,6.00,Fleet pricing (10% labor),0.08375
4411,4561,2025-03-08,27.00,Fleet pricing (10% labor),0.08375
4412,4560,2025-03-08,0.00,,0.08375
4413,4588,2025-03-08,0.00,,0.08375
4414,4590,2025-03-10,0.00,,0.08375
4415,4595,2025-03-10,0.00,,0.08375
4416,4575,2025-03-10,72.00,Fleet pricing (10% labor),0.08375
4417,4593,2025-03-10,0.00,,0.08375
4418,4597,2025-03-10,30.00,New customer (10% labor),0.08375
4419,4572,2025-03-10,0.00,,0.08375
4420,4602,2025-03-10,6.00,Fleet pricing (10% labor),0.08375
4421,4598,2025-03-10,0.00,,0.08375
4422,4594,2025-03-10,0.00,,0.08375
4423,4569,2025-03-10,0.00,,0.08375
4424,4596,2025-03-10,0.00,,0.08375
4425,4604,2025-03-10,0.00,,0.08375
4426,4599,2025-03-10,0.00,,0.08375
4427,4603,2025-03-10,0.00,,0.08375
4428,4600,2025-03-11,0.00,,0.08375
4429,4601,2025-03-11,0.00,,0.08375
4430,4606,2025-03-11,4.50,New customer (10% labor),0.08375
4431,4610,2025-03-11,0.00,,0.08375
4432,4611,2025-03-11,15.00,Fleet pricing (10% labor),0.08375
4433,4608,2025-03-11,30.00,Fleet pricing (10% labor),0.08375
4434,4605,2025-03-11,30.00,Fleet pricing (10% labor),0.08375
4435,4609,2025-03-11,18.00,New customer (10% labor),0.08375
4436,4613,2025-03-11,0.00,,0.08375
4437,4615,2025-03-11,33.75,New customer (10% labor),0.08375
4438,4618,2025-03-12,0.00,,0.08375
4439,4616,2025-03-12,22.50,Fleet pricing (10% labor),0.08375
4440,4619,2025-03-12,0.00,,0.08375
4441,4620,2025-03-12,0.00,,0.08375
4442,4621,2025-03-12,7.50,New customer (10% labor),0.08375
4443,4617,2025-03-12,0.00,,0.08375
4444,4623,2025-03-12,45.00,New customer (10% labor),0.08375
4445,4622,2025-03-12,0.00,,0.08375
4446,4607,2025-03-12,0.00,,0.08375
4447,4612,2025-03-13,0.00,,0.08375
4448,4628,2025-03-13,0.00,,0.08375
4449,4629,2025-03-13,0.00,,0.08375
4450,4631,2025-03-13,18.75,New customer (10% labor),0.08375
4451,4630,2025-03-13,0.00,,0.08375
4452,4633,2025-03-13,0.00,,0.08375
4453,4632,2025-03-13,0.00,,0.08375
4454,4634,2025-03-13,6.00,New customer (10% labor),0.08375
4455,4635,2025-03-13,0.00,,0.08375
4456,4637,2025-03-13,0.00,,0.08375
4457,4638,2025-03-13,27.00,Fleet pricing (10% labor),0.08375
4458,4640,2025-03-13,18.00,New customer (10% labor),0.08375
4459,4636,2025-03-14,0.00,,0.08375
4460,4642,2025-03-14,0.00,,0.08375
4461,4645,2025-03-14,12.00,New customer (10% labor),0.08375
4462,4639,2025-03-14,0.00,,0.08375
4463,4614,2025-03-14,0.00,,0.08375
4464,4643,2025-03-14,0.00,,0.08375
4465,4641,2025-03-14,18.00,Fleet pricing (10% labor),0.08375
4466,4649,2025-03-14,6.00,New customer (10% labor),0.08375
4467,4648,2025-03-14,24.00,New customer (10% labor),0.08375
4468,4644,2025-03-14,45.00,New customer (10% labor),0.08375
4469,4646,2025-03-14,18.00,New customer (10% labor),0.08375
4470,4650,2025-03-14,0.00,,0.08375
4471,4651,2025-03-14,6.00,New customer (10% labor),0.08375
4472,4653,2025-03-15,0.00,,0.08375
4473,4652,2025-03-15,0.00,,0.08375
4474,4654,2025-03-15,0.00,,0.08375
4475,4625,2025-03-15,0.00,,0.08375
4476,4655,2025-03-15,0.00,,0.08375
4477,4656,2025-03-15,0.00,,0.08375
4478,4660,2025-03-17,0.00,,0.08375
4479,4663,2025-03-17,0.00,,0.08375
4480,4664,2025-03-17,0.00,,0.08375
4481,4665,2025-03-17,31.50,Fleet pricing (10% labor),0.08375
4482,4670,2025-03-17,0.00,,0.08375
4483,4669,2025-03-17,0.00,,0.08375
4484,4666,2025-03-17,0.00,,0.08375
4485,4659,2025-03-17,60.00,New customer (10% labor),0.08375
4486,4671,2025-03-18,0.00,,0.08375
4487,4668,2025-03-18,10.50,Fleet pricing (10% labor),0.08375
4488,4672,2025-03-18,25.00,Loyalty reward,0.08375
4489,4677,2025-03-18,0.00,,0.08375
4490,4676,2025-03-18,0.00,,0.08375
4491,4673,2025-03-18,0.00,,0.08375
4492,4675,2025-03-18,0.00,,0.08375
4493,4626,2025-03-18,0.00,,0.08375
4494,4657,2025-03-18,0.00,,0.08375
4495,4674,2025-03-18,0.00,,0.08375
4496,4624,2025-03-18,0.00,,0.08375
4497,4678,2025-03-18,37.50,Fleet pricing (10% labor),0.08375
4498,4680,2025-03-18,0.00,,0.08375
4499,4679,2025-03-18,0.00,,0.08375
4500,4662,2025-03-19,0.00,,0.08375
4501,4681,2025-03-19,0.00,,0.08375
4502,4682,2025-03-19,0.00,,0.08375
4503,4684,2025-03-19,0.00,,0.08375
4504,4689,2025-03-19,4.50,New customer (10% labor),0.08375
4505,4683,2025-03-19,0.00,,0.08375
4506,4692,2025-03-19,6.00,New customer (10% labor),0.08375
4507,4690,2025-03-19,0.00,,0.08375
4508,4687,2025-03-19,0.00,,0.08375
4509,4688,2025-03-19,0.00,,0.08375
4510,4667,2025-03-19,0.00,,0.08375
4511,4695,2025-03-19,0.00,,0.08375
4512,4696,2025-03-19,0.00,,0.08375
4513,4694,2025-03-19,18.00,New customer (10% labor),0.08375
4514,4685,2025-03-19,27.00,New customer (10% labor),0.08375
4515,4627,2025-03-19,0.00,,0.08375
4516,4686,2025-03-19,0.00,,0.08375
4517,4691,2025-03-19,0.00,,0.08375
4518,4693,2025-03-19,0.00,,0.08375
4519,4699,2025-03-19,0.00,,0.08375
4520,4698,2025-03-19,0.00,,0.08375
4521,4700,2025-03-20,21.00,Fleet pricing (10% labor),0.08375
4522,4702,2025-03-20,0.00,,0.08375
4523,4703,2025-03-20,9.00,Fleet pricing (10% labor),0.08375
4524,4708,2025-03-20,0.00,,0.08375
4525,4705,2025-03-20,0.00,,0.08375
4526,4706,2025-03-20,0.00,,0.08375
4527,4710,2025-03-20,0.00,,0.08375
4528,4709,2025-03-20,0.00,,0.08375
4529,4711,2025-03-20,0.00,,0.08375
4530,4704,2025-03-20,0.00,,0.08375
4531,4707,2025-03-20,0.00,,0.08375
4532,4712,2025-03-21,6.00,New customer (10% labor),0.08375
4533,4713,2025-03-21,0.00,,0.08375
4534,4717,2025-03-21,0.00,,0.08375
4535,4661,2025-03-21,27.00,Fleet pricing (10% labor),0.08375
4536,4716,2025-03-21,0.00,,0.08375
4537,4697,2025-03-21,25.00,Loyalty reward,0.08375
4538,4718,2025-03-21,0.00,,0.08375
4539,4721,2025-03-21,0.00,,0.08375
4540,4720,2025-03-21,18.00,New customer (10% labor),0.08375
4541,4725,2025-03-21,0.00,,0.08375
4542,4724,2025-03-21,18.00,New customer (10% labor),0.08375
4543,4719,2025-03-21,0.00,,0.08375
4544,4726,2025-03-21,0.00,,0.08375
4545,4714,2025-03-21,0.00,,0.08375
4546,4727,2025-03-21,27.00,Fleet pricing (10% labor),0.08375
4547,4728,2025-03-22,6.00,New customer (10% labor),0.08375
4548,4731,2025-03-22,0.00,,0.08375
4549,4732,2025-03-22,0.00,,0.08375
4550,4701,2025-03-22,34.50,Fleet pricing (10% labor),0.08375
4551,4730,2025-03-24,27.00,Fleet pricing (10% labor),0.08375
4552,4736,2025-03-24,0.00,,0.08375
4553,4734,2025-03-24,0.00,,0.08375
4554,4733,2025-03-24,0.00,,0.08375
4555,4735,2025-03-24,0.00,,0.08375
4556,4739,2025-03-24,18.00,New customer (10% labor),0.08375
4557,4742,2025-03-24,27.00,Fleet pricing (10% labor),0.08375
4558,4723,2025-03-24,0.00,,0.08375
4559,4744,2025-03-24,0.00,,0.08375
4560,4740,2025-03-24,42.00,Fleet pricing (10% labor),0.08375
4561,4738,2025-03-24,25.00,Loyalty reward,0.08375
4562,4745,2025-03-24,6.75,New customer (10% labor),0.08375
4563,4741,2025-03-24,6.00,Fleet pricing (10% labor),0.08375
4564,4743,2025-03-24,0.00,,0.08375
4565,4748,2025-03-24,0.00,,0.08375
4566,4715,2025-03-24,43.50,New customer (10% labor),0.08375
4567,4749,2025-03-24,0.00,,0.08375
4568,4750,2025-03-24,0.00,,0.08375
4569,4746,2025-03-25,0.00,,0.08375
4570,4751,2025-03-25,0.00,,0.08375
4571,4737,2025-03-25,0.00,,0.08375
4572,4752,2025-03-25,0.00,,0.08375
4573,4753,2025-03-25,0.00,,0.08375
4574,4754,2025-03-25,0.00,,0.08375
4575,4759,2025-03-25,6.00,Fleet pricing (10% labor),0.08375
4576,4758,2025-03-25,0.00,,0.08375
4577,4760,2025-03-25,0.00,,0.08375
4578,4762,2025-03-25,25.50,Fleet pricing (10% labor),0.08375
4579,4729,2025-03-25,0.00,,0.08375
4580,4761,2025-03-26,37.50,Fleet pricing (10% labor),0.08375
4581,4765,2025-03-26,6.00,Fleet pricing (10% labor),0.08375
4582,4766,2025-03-26,0.00,,0.08375
4583,4763,2025-03-26,0.00,,0.08375
4584,4768,2025-03-26,0.00,,0.08375
4585,4770,2025-03-26,9.00,Fleet pricing (10% labor),0.08375
4586,4772,2025-03-26,0.00,,0.08375
4587,4747,2025-03-26,0.00,,0.08375
4588,4774,2025-03-26,0.00,,0.08375
4589,4771,2025-03-26,0.00,,0.08375
4590,4776,2025-03-26,15.00,New customer (10% labor),0.08375
4591,4769,2025-03-26,0.00,,0.08375
4592,4773,2025-03-26,0.00,,0.08375
4593,4779,2025-03-27,0.00,,0.08375
4594,4778,2025-03-27,19.50,New customer (10% labor),0.08375
4595,4782,2025-03-27,12.00,New customer (10% labor),0.08375
4596,4767,2025-03-27,0.00,,0.08375
4597,4780,2025-03-27,0.00,,0.08375
4598,4781,2025-03-27,0.00,,0.08375
4599,4783,2025-03-27,0.00,,0.08375
4600,4786,2025-03-27,6.00,Fleet pricing (10% labor),0.08375
4601,4792,2025-03-27,6.00,New customer (10% labor),0.08375
4602,4791,2025-03-27,0.00,,0.08375
4603,4757,2025-03-27,0.00,,0.08375
4604,4755,2025-03-27,34.50,New customer (10% labor),0.08375
4605,4722,2025-03-27,0.00,,0.08375
4606,4756,2025-03-27,0.00,,0.08375
4607,4788,2025-03-27,25.00,Loyalty reward,0.08375
4608,4784,2025-03-27,0.00,,0.08375
4609,4790,2025-03-27,0.00,,0.08375
4610,4789,2025-03-27,0.00,,0.08375
4611,4794,2025-03-27,0.00,,0.08375
4612,4795,2025-03-27,0.00,,0.08375
4613,4785,2025-03-27,27.00,New customer (10% labor),0.08375
4614,4799,2025-03-28,9.00,New customer (10% labor),0.08375
4615,4797,2025-03-28,0.00,,0.08375
4616,4801,2025-03-28,0.00,,0.08375
4617,4798,2025-03-28,0.00,,0.08375
4618,4803,2025-03-28,0.00,,0.08375
4619,4802,2025-03-28,0.00,,0.08375
4620,4804,2025-03-28,0.00,,0.08375
4621,4800,2025-03-28,0.00,,0.08375
4622,4805,2025-03-28,0.00,,0.08375
4623,4808,2025-03-28,0.00,,0.08375
4624,4807,2025-03-28,22.50,New customer (10% labor),0.08375
4625,4806,2025-03-28,0.00,,0.08375
4626,4811,2025-03-29,0.00,,0.08375
4627,4812,2025-03-29,0.00,,0.08375
4628,4810,2025-03-29,0.00,,0.08375
4629,4796,2025-03-29,0.00,,0.08375
4630,4809,2025-03-29,60.00,Fleet pricing (10% labor),0.08375
4631,4817,2025-03-29,0.00,,0.08375
4632,4818,2025-03-29,0.00,,0.08375
4633,4787,2025-03-29,0.00,,0.08375
4634,4793,2025-03-29,0.00,,0.08375
4635,4819,2025-03-31,6.00,Fleet pricing (10% labor),0.08375
4636,4820,2025-03-31,0.00,,0.08375
4637,4826,2025-03-31,0.00,,0.08375
4638,4821,2025-03-31,33.00,Fleet pricing (10% labor),0.08375
4639,4827,2025-03-31,0.00,,0.08375
4640,4777,2025-03-31,0.00,,0.08375
4641,4831,2025-03-31,0.00,,0.08375
4642,4833,2025-03-31,15.00,Fleet pricing (10% labor),0.08375
4643,4834,2025-03-31,9.00,New customer (10% labor),0.08375
4644,4824,2025-03-31,18.00,Fleet pricing (10% labor),0.08375
4645,4832,2025-03-31,0.00,,0.08375
4646,4825,2025-03-31,0.00,,0.08375
4647,4829,2025-04-01,0.00,,0.08375
4648,4828,2025-04-01,18.00,Fleet pricing (10% labor),0.08375
4649,4835,2025-04-01,0.00,,0.08375
4650,4838,2025-04-01,0.00,,0.08375
4651,4836,2025-04-01,15.00,Fleet pricing (10% labor),0.08375
4652,4814,2025-04-01,0.00,,0.08375
4653,4839,2025-04-01,0.00,,0.08375
4654,4823,2025-04-01,25.00,Loyalty reward,0.08375
4655,4841,2025-04-01,15.00,Fleet pricing (10% labor),0.08375
4656,4842,2025-04-01,0.00,,0.08375
4657,4846,2025-04-01,0.00,,0.08375
4658,4764,2025-04-01,0.00,,0.08375
4659,4816,2025-04-01,31.50,New customer (10% labor),0.08375
4660,4843,2025-04-01,18.00,New customer (10% labor),0.08375
4661,4830,2025-04-01,0.00,,0.08375
4662,4844,2025-04-01,6.00,New customer (10% labor),0.08375
4663,4840,2025-04-01,0.00,,0.08375
4664,4837,2025-04-01,0.00,,0.08375
4665,4845,2025-04-01,51.00,New customer (10% labor),0.08375
4666,4849,2025-04-01,6.00,Fleet pricing (10% labor),0.08375
4667,4822,2025-04-02,0.00,,0.08375
4668,4850,2025-04-02,0.00,,0.08375
4669,4851,2025-04-02,0.00,,0.08375
4670,4847,2025-04-02,0.00,,0.08375
4671,4854,2025-04-02,0.00,,0.08375
4672,4855,2025-04-02,12.00,Fleet pricing (10% labor),0.08375
4673,4813,2025-04-02,0.00,,0.08375
4674,4857,2025-04-02,12.00,New customer (10% labor),0.08375
4675,4858,2025-04-02,21.00,Fleet pricing (10% labor),0.08375
4676,4860,2025-04-02,0.00,,0.08375
4677,4856,2025-04-03,0.00,,0.08375
4678,4863,2025-04-03,0.00,,0.08375
4679,4862,2025-04-03,0.00,,0.08375
4680,4869,2025-04-03,0.00,,0.08375
4681,4864,2025-04-03,15.00,Fleet pricing (10% labor),0.08375
4682,4868,2025-04-03,0.00,,0.08375
4683,4866,2025-04-03,0.00,,0.08375
4684,4848,2025-04-03,27.00,Fleet pricing (10% labor),0.08375
4685,4870,2025-04-03,12.00,Fleet pricing (10% labor),0.08375
4686,4871,2025-04-03,0.00,,0.08375
4687,4867,2025-04-03,0.00,,0.08375
4688,4872,2025-04-03,0.00,,0.08375
4689,4873,2025-04-04,0.00,,0.08375
4690,4874,2025-04-04,0.00,,0.08375
4691,4875,2025-04-04,0.00,,0.08375
4692,4878,2025-04-04,0.00,,0.08375
4693,4879,2025-04-04,0.00,,0.08375
4694,4881,2025-04-04,6.00,New customer (10% labor),0.08375
4695,4882,2025-04-04,6.00,Fleet pricing (10% labor),0.08375
4696,4852,2025-04-04,0.00,,0.08375
4697,4876,2025-04-04,18.00,Fleet pricing (10% labor),0.08375
4698,4859,2025-04-04,27.00,Fleet pricing (10% labor),0.08375
4699,4885,2025-04-04,0.00,,0.08375
4700,4884,2025-04-04,0.00,,0.08375
4701,4886,2025-04-04,21.00,New customer (10% labor),0.08375
4702,4887,2025-04-04,0.00,,0.08375
4703,4815,2025-04-05,0.00,,0.08375
4704,4889,2025-04-05,0.00,,0.08375
4705,4891,2025-04-05,0.00,,0.08375
4706,4888,2025-04-05,25.00,Loyalty reward,0.08375
4707,4894,2025-04-05,0.00,,0.08375
4708,4890,2025-04-05,0.00,,0.08375
4709,4897,2025-04-05,0.00,,0.08375
4710,4865,2025-04-05,0.00,,0.08375
4711,4892,2025-04-05,0.00,,0.08375
4712,4853,2025-04-05,25.00,Loyalty reward,0.08375
4713,4883,2025-04-05,52.50,Fleet pricing (10% labor),0.08375
4714,4895,2025-04-05,15.00,Fleet pricing (10% labor),0.08375
4715,4893,2025-04-05,15.00,Fleet pricing (10% labor),0.08375
4716,4898,2025-04-05,0.00,,0.08375
4717,4896,2025-04-07,36.00,Fleet pricing (10% labor),0.08375
4718,4902,2025-04-07,0.00,,0.08375
4719,4903,2025-04-07,6.00,Fleet pricing (10% labor),0.08375
4720,4899,2025-04-07,33.00,Fleet pricing (10% labor),0.08375
4721,4905,2025-04-07,0.00,,0.08375
4722,4901,2025-04-07,30.00,Fleet pricing (10% labor),0.08375
4723,4904,2025-04-07,0.00,,0.08375
4724,4861,2025-04-07,27.00,Fleet pricing (10% labor),0.08375
4725,4910,2025-04-07,0.00,,0.08375
4726,4911,2025-04-07,0.00,,0.08375
4727,4908,2025-04-07,0.00,,0.08375
4728,4909,2025-04-07,0.00,,0.08375
4729,4900,2025-04-08,0.00,,0.08375
4730,4913,2025-04-08,6.00,Fleet pricing (10% labor),0.08375
4731,4912,2025-04-08,18.00,Fleet pricing (10% labor),0.08375
4732,4914,2025-04-08,6.00,Fleet pricing (10% labor),0.08375
4733,4915,2025-04-08,6.00,Fleet pricing (10% labor),0.08375
4734,4918,2025-04-08,0.00,,0.08375
4735,4922,2025-04-09,0.00,,0.08375
4736,4916,2025-04-09,0.00,,0.08375
4737,4921,2025-04-09,0.00,,0.08375
4738,4919,2025-04-09,0.00,,0.08375
4739,4920,2025-04-09,0.00,,0.08375
4740,4925,2025-04-09,0.00,,0.08375
4741,4928,2025-04-09,0.00,,0.08375
4742,4927,2025-04-09,0.00,,0.08375
4743,4923,2025-04-09,0.00,,0.08375
4744,4926,2025-04-09,0.00,,0.08375
4745,4929,2025-04-09,0.00,,0.08375
4746,4930,2025-04-09,0.00,,0.08375
4747,4924,2025-04-09,0.00,,0.08375
4748,4931,2025-04-09,0.00,,0.08375
4749,4917,2025-04-09,39.00,Fleet pricing (10% labor),0.08375
4750,4936,2025-04-10,6.00,New customer (10% labor),0.08375
4751,4932,2025-04-10,0.00,,0.08375
4752,4935,2025-04-10,9.00,Fleet pricing (10% labor),0.08375
4753,4939,2025-04-10,0.00,,0.08375
4754,4934,2025-04-10,0.00,,0.08375
4755,4940,2025-04-10,0.00,,0.08375
4756,4937,2025-04-10,0.00,,0.08375
4757,4942,2025-04-10,0.00,,0.08375
4758,4943,2025-04-10,0.00,,0.08375
4759,4941,2025-04-10,0.00,,0.08375
4760,4944,2025-04-10,0.00,,0.08375
4761,4945,2025-04-10,27.00,New customer (10% labor),0.08375
4762,4946,2025-04-10,0.00,,0.08375
4763,4877,2025-04-10,0.00,,0.08375
4764,4947,2025-04-10,0.00,,0.08375
4765,4938,2025-04-10,34.50,Fleet pricing (10% labor),0.08375
4766,4950,2025-04-11,0.00,,0.08375
4767,4949,2025-04-11,0.00,,0.08375
4768,4954,2025-04-11,0.00,,0.08375
4769,4952,2025-04-11,22.50,Fleet pricing (10% labor),0.08375
4770,4956,2025-04-11,0.00,,0.08375
4771,4953,2025-04-11,0.00,,0.08375
4772,4948,2025-04-11,27.00,Fleet pricing (10% labor),0.08375
4773,4957,2025-04-11,0.00,,0.08375
4774,4933,2025-04-11,39.00,New customer (10% labor),0.08375
4775,4955,2025-04-11,27.00,New customer (10% labor),0.08375
4776,4958,2025-04-11,0.00,,0.08375
4777,4960,2025-04-12,0.00,,0.08375
4778,4961,2025-04-12,18.00,Fleet pricing (10% labor),0.08375
4779,4962,2025-04-12,0.00,,0.08375
4780,4959,2025-04-12,45.00,New customer (10% labor),0.08375
4781,4951,2025-04-14,25.00,Loyalty reward,0.08375
4782,4968,2025-04-14,0.00,,0.08375
4783,4965,2025-04-14,0.00,,0.08375
4784,4970,2025-04-14,0.00,,0.08375
4785,4966,2025-04-14,0.00,,0.08375
4786,4969,2025-04-14,4.50,Fleet pricing (10% labor),0.08375
4787,4972,2025-04-14,0.00,,0.08375
4788,4975,2025-04-14,0.00,,0.08375
4789,4971,2025-04-14,0.00,,0.08375
4790,4967,2025-04-14,0.00,,0.08375
4791,4976,2025-04-14,12.00,Fleet pricing (10% labor),0.08375
4792,4974,2025-04-14,42.00,Fleet pricing (10% labor),0.08375
4793,4979,2025-04-15,0.00,,0.08375
4794,4980,2025-04-15,18.00,New customer (10% labor),0.08375
4795,4978,2025-04-15,0.00,,0.08375
4796,4981,2025-04-15,0.00,,0.08375
4797,4986,2025-04-15,6.00,New customer (10% labor),0.08375
4798,4977,2025-04-15,15.00,New customer (10% labor),0.08375
4799,4982,2025-04-15,0.00,,0.08375
4800,4983,2025-04-15,6.00,New customer (10% labor),0.08375
4801,4985,2025-04-15,7.50,New customer (10% labor),0.08375
4802,4984,2025-04-15,0.00,,0.08375
4803,4987,2025-04-15,42.00,Fleet pricing (10% labor),0.08375
4804,4988,2025-04-16,25.00,Loyalty reward,0.08375
4805,4990,2025-04-16,0.00,,0.08375
4806,4992,2025-04-16,0.00,,0.08375
4807,4993,2025-04-16,0.00,,0.08375
4808,4989,2025-04-16,0.00,,0.08375
4809,4998,2025-04-16,0.00,,0.08375
4810,4973,2025-04-16,0.00,,0.08375
4811,4999,2025-04-16,0.00,,0.08375
4812,5000,2025-04-16,6.00,New customer (10% labor),0.08375
4813,4994,2025-04-16,0.00,,0.08375
4814,4996,2025-04-16,0.00,,0.08375
4815,5002,2025-04-16,0.00,,0.08375
4816,4995,2025-04-16,27.00,New customer (10% labor),0.08375
4817,5003,2025-04-16,0.00,,0.08375
4818,5001,2025-04-16,0.00,,0.08375
4819,5004,2025-04-16,0.00,,0.08375
4820,5005,2025-04-16,0.00,,0.08375
4821,4991,2025-04-17,0.00,,0.08375
4822,5006,2025-04-17,0.00,,0.08375
4823,5009,2025-04-17,0.00,,0.08375
4824,5008,2025-04-17,15.00,Fleet pricing (10% labor),0.08375
4825,5011,2025-04-17,0.00,,0.08375
4826,5010,2025-04-17,24.00,New customer (10% labor),0.08375
4827,4997,2025-04-17,33.75,New customer (10% labor),0.08375
4828,5007,2025-04-17,6.00,Fleet pricing (10% labor),0.08375
4829,5013,2025-04-17,33.00,Fleet pricing (10% labor),0.08375
4830,5016,2025-04-17,0.00,,0.08375
4831,5015,2025-04-17,0.00,,0.08375
4832,5017,2025-04-18,0.00,,0.08375
4833,5018,2025-04-18,24.00,New customer (10% labor),0.08375
4834,5022,2025-04-18,6.00,Fleet pricing (10% labor),0.08375
4835,5024,2025-04-18,9.00,New customer (10% labor),0.08375
4836,5023,2025-04-18,18.00,New customer (10% labor),0.08375
4837,5025,2025-04-18,0.00,,0.08375
4838,5028,2025-04-18,0.00,,0.08375
4839,5019,2025-04-18,0.00,,0.08375
4840,5027,2025-04-18,0.00,,0.08375
4841,5026,2025-04-19,0.00,,0.08375
4842,5014,2025-04-19,27.00,New customer (10% labor),0.08375
4843,5034,2025-04-19,0.00,,0.08375
4844,5031,2025-04-19,0.00,,0.08375
4845,5032,2025-04-19,18.00,Fleet pricing (10% labor),0.08375
4846,5029,2025-04-21,45.00,Fleet pricing (10% labor),0.08375
4847,5030,2025-04-21,9.00,Fleet pricing (10% labor),0.08375
4848,5038,2025-04-21,0.00,,0.08375
4849,5040,2025-04-21,0.00,,0.08375
4850,5033,2025-04-21,0.00,,0.08375
4851,5039,2025-04-21,0.00,,0.08375
4852,5036,2025-04-21,0.00,,0.08375
4853,5020,2025-04-21,64.50,New customer (10% labor),0.08375
4854,5035,2025-04-21,25.00,Loyalty reward,0.08375
4855,5041,2025-04-21,0.00,,0.08375
4856,5037,2025-04-21,0.00,,0.08375
4857,5042,2025-04-21,0.00,,0.08375
4858,5045,2025-04-21,0.00,,0.08375
4859,5047,2025-04-21,0.00,,0.08375
4860,5043,2025-04-21,0.00,,0.08375
4861,5048,2025-04-21,4.50,Fleet pricing (10% labor),0.08375
4862,5046,2025-04-21,0.00,,0.08375
4863,5044,2025-04-21,45.00,Fleet pricing (10% labor),0.08375
4864,5050,2025-04-22,6.00,Fleet pricing (10% labor),0.08375
4865,5049,2025-04-22,0.00,,0.08375
4866,5052,2025-04-22,0.00,,0.08375
4867,5051,2025-04-22,0.00,,0.08375
4868,5054,2025-04-22,0.00,,0.08375
4869,5053,2025-04-22,0.00,,0.08375
4870,5056,2025-04-22,0.00,,0.08375
4871,5058,2025-04-22,6.00,New customer (10% labor),0.08375
4872,5057,2025-04-22,10.50,New customer (10% labor),0.08375
4873,5060,2025-04-23,0.00,,0.08375
4874,5061,2025-04-23,0.00,,0.08375
4875,5063,2025-04-23,0.00,,0.08375
4876,5064,2025-04-23,6.00,Fleet pricing (10% labor),0.08375
4877,5059,2025-04-23,48.00,Fleet pricing (10% labor),0.08375
4878,5065,2025-04-23,0.00,,0.08375
4879,5067,2025-04-23,6.00,New customer (10% labor),0.08375
4880,5066,2025-04-23,18.75,New customer (10% labor),0.08375
4881,5068,2025-04-23,0.00,,0.08375
4882,5062,2025-04-23,0.00,,0.08375
4883,5073,2025-04-23,6.00,New customer (10% labor),0.08375
4884,5069,2025-04-23,0.00,,0.08375
4885,5055,2025-04-23,0.00,,0.08375
4886,5070,2025-04-23,0.00,,0.08375
4887,5072,2025-04-23,0.00,,0.08375
4888,5071,2025-04-23,24.00,New customer (10% labor),0.08375
4889,5074,2025-04-23,0.00,,0.08375
4890,5076,2025-04-24,21.00,Fleet pricing (10% labor),0.08375
4891,5077,2025-04-24,0.00,,0.08375
4892,5078,2025-04-24,25.00,Loyalty reward,0.08375
4893,5082,2025-04-24,10.50,New customer (10% labor),0.08375
4894,5081,2025-04-24,0.00,,0.08375
4895,5079,2025-04-24,0.00,,0.08375
4896,5080,2025-04-24,0.00,,0.08375
4897,5075,2025-04-24,35.25,New customer (10% labor),0.08375
4898,5087,2025-04-24,0.00,,0.08375
4899,5084,2025-04-24,0.00,,0.08375
4900,5083,2025-04-24,0.00,,0.08375
4901,5089,2025-04-25,0.00,,0.08375
4902,5090,2025-04-25,0.00,,0.08375
4903,5095,2025-04-25,0.00,,0.08375
4904,5094,2025-04-25,0.00,,0.08375
4905,5085,2025-04-25,0.00,,0.08375
4906,5097,2025-04-25,0.00,,0.08375
4907,5098,2025-04-25,0.00,,0.08375
4908,5091,2025-04-25,33.00,Fleet pricing (10% labor),0.08375
4909,5096,2025-04-25,22.50,New customer (10% labor),0.08375
4910,5099,2025-04-25,0.00,,0.08375
4911,5092,2025-04-25,0.00,,0.08375
4912,5100,2025-04-25,18.00,Fleet pricing (10% labor),0.08375
4913,5102,2025-04-25,0.00,,0.08375
4914,5093,2025-04-25,0.00,,0.08375
4915,5104,2025-04-25,6.00,Fleet pricing (10% labor),0.08375
4916,5103,2025-04-25,0.00,,0.08375
4917,5088,2025-04-25,0.00,,0.08375
4918,5105,2025-04-26,0.00,,0.08375
4919,5107,2025-04-26,9.00,Fleet pricing (10% labor),0.08375
4920,5021,2025-04-26,150.00,New customer (10% labor),0.08375
4921,5101,2025-04-26,0.00,,0.08375
4922,5106,2025-04-26,6.00,Fleet pricing (10% labor),0.08375
4923,5110,2025-04-26,0.00,,0.08375
4924,5108,2025-04-26,0.00,,0.08375
4925,5109,2025-04-26,0.00,,0.08375
4926,5112,2025-04-28,0.00,,0.08375
4927,5113,2025-04-28,0.00,,0.08375
4928,5117,2025-04-28,0.00,,0.08375
4929,5118,2025-04-28,6.00,New customer (10% labor),0.08375
4930,5116,2025-04-28,0.00,,0.08375
4931,5119,2025-04-28,6.00,Fleet pricing (10% labor),0.08375
4932,5115,2025-04-28,0.00,,0.08375
4933,5121,2025-04-28,0.00,,0.08375
4934,5120,2025-04-28,0.00,,0.08375
4935,5122,2025-04-28,15.00,Fleet pricing (10% labor),0.08375
4936,5111,2025-04-29,0.00,,0.08375
4937,5126,2025-04-29,6.00,Fleet pricing (10% labor),0.08375
4938,5127,2025-04-29,0.00,,0.08375
4939,5123,2025-04-29,0.00,,0.08375
4940,5124,2025-04-29,26.25,New customer (10% labor),0.08375
4941,5129,2025-04-29,0.00,,0.08375
4942,5128,2025-04-29,0.00,,0.08375
4943,5132,2025-04-29,0.00,,0.08375
4944,5131,2025-04-29,0.00,,0.08375
4945,5133,2025-04-29,0.00,,0.08375
4946,5136,2025-04-30,0.00,,0.08375
4947,5135,2025-04-30,0.00,,0.08375
4948,5138,2025-04-30,0.00,,0.08375
4949,5139,2025-04-30,0.00,,0.08375
4950,5140,2025-04-30,0.00,,0.08375
4951,5141,2025-04-30,0.00,,0.08375
4952,5142,2025-04-30,15.00,New customer (10% labor),0.08375
4953,5134,2025-04-30,0.00,,0.08375
4954,5144,2025-04-30,0.00,,0.08375
4955,5143,2025-04-30,0.00,,0.08375
4956,5146,2025-04-30,0.00,,0.08375
4957,5145,2025-04-30,43.50,New customer (10% labor),0.08375
4958,5147,2025-05-01,18.00,New customer (10% labor),0.08375
4959,5148,2025-05-01,0.00,,0.08375
4960,5149,2025-05-01,57.00,New customer (10% labor),0.08375
4961,5150,2025-05-01,0.00,,0.08375
4962,5155,2025-05-01,0.00,,0.08375
4963,5154,2025-05-01,0.00,,0.08375
4964,5151,2025-05-01,27.00,New customer (10% labor),0.08375
4965,5152,2025-05-01,0.00,,0.08375
4966,5160,2025-05-01,0.00,,0.08375
4967,5158,2025-05-02,18.00,Fleet pricing (10% labor),0.08375
4968,5164,2025-05-02,6.00,New customer (10% labor),0.08375
4969,5163,2025-05-02,0.00,,0.08375
4970,5159,2025-05-02,0.00,,0.08375
4971,5167,2025-05-02,10.50,Fleet pricing (10% labor),0.08375
4972,5165,2025-05-02,0.00,,0.08375
4973,5162,2025-05-02,0.00,,0.08375
4974,5168,2025-05-02,0.00,,0.08375
4975,5166,2025-05-02,22.50,Fleet pricing (10% labor),0.08375
4976,5161,2025-05-02,0.00,,0.08375
4977,5172,2025-05-02,0.00,,0.08375
4978,5171,2025-05-02,0.00,,0.08375
4979,5169,2025-05-02,0.00,,0.08375
4980,5137,2025-05-02,0.00,,0.08375
4981,5156,2025-05-02,0.00,,0.08375
4982,5174,2025-05-02,0.00,,0.08375
4983,5173,2025-05-02,37.50,New customer (10% labor),0.08375
4984,5175,2025-05-03,0.00,,0.08375
4985,5176,2025-05-03,0.00,,0.08375
4986,5153,2025-05-03,45.00,New customer (10% labor),0.08375
4987,5170,2025-05-03,0.00,,0.08375
4988,5179,2025-05-03,0.00,,0.08375
4989,5177,2025-05-03,0.00,,0.08375
4990,5182,2025-05-03,0.00,,0.08375
4991,5157,2025-05-03,33.00,Fleet pricing (10% labor),0.08375
4992,5184,2025-05-05,0.00,,0.08375
4993,5186,2025-05-05,0.00,,0.08375
4994,5187,2025-05-05,0.00,,0.08375
4995,5180,2025-05-05,0.00,,0.08375
4996,5188,2025-05-05,0.00,,0.08375
4997,5189,2025-05-05,0.00,,0.08375
4998,5183,2025-05-05,0.00,,0.08375
4999,5178,2025-05-05,0.00,,0.08375
5000,5197,2025-05-05,0.00,,0.08375
5001,5190,2025-05-05,0.00,,0.08375
5002,5198,2025-05-05,0.00,,0.08375
5003,5192,2025-05-05,12.00,Fleet pricing (10% labor),0.08375
5004,5201,2025-05-05,6.00,Fleet pricing (10% labor),0.08375
5005,5191,2025-05-05,0.00,,0.08375
5006,5196,2025-05-05,0.00,,0.08375
5007,5194,2025-05-05,0.00,,0.08375
5008,5193,2025-05-05,0.00,,0.08375
5009,5185,2025-05-05,0.00,,0.08375
5010,5203,2025-05-06,0.00,,0.08375
5011,5205,2025-05-06,6.00,Fleet pricing (10% labor),0.08375
5012,5204,2025-05-06,0.00,,0.08375
5013,5200,2025-05-06,0.00,,0.08375
5014,5202,2025-05-06,25.00,Loyalty reward,0.08375
5015,5206,2025-05-06,0.00,,0.08375
5016,5207,2025-05-06,15.00,New customer (10% labor),0.08375
5017,5208,2025-05-06,0.00,,0.08375
5018,5210,2025-05-06,6.00,Fleet pricing (10% labor),0.08375
5019,5209,2025-05-06,15.00,Fleet pricing (10% labor),0.08375
5020,5211,2025-05-07,24.00,New customer (10% labor),0.08375
5021,5215,2025-05-07,15.00,Fleet pricing (10% labor),0.08375
5022,5219,2025-05-07,0.00,,0.08375
5023,5220,2025-05-07,0.00,,0.08375
5024,5218,2025-05-07,0.00,,0.08375
5025,5217,2025-05-07,0.00,,0.08375
5026,5221,2025-05-07,0.00,,0.08375
5027,5199,2025-05-07,48.00,Fleet pricing (10% labor),0.08375
5028,5222,2025-05-07,52.50,New customer (10% labor),0.08375
5029,5213,2025-05-08,0.00,,0.08375
5030,5225,2025-05-08,0.00,,0.08375
5031,5223,2025-05-08,0.00,,0.08375
5032,5228,2025-05-08,6.00,New customer (10% labor),0.08375
5033,5212,2025-05-08,0.00,,0.08375
5034,5216,2025-05-08,0.00,,0.08375
5035,5229,2025-05-08,13.50,Fleet pricing (10% labor),0.08375
5036,5227,2025-05-08,18.00,Fleet pricing (10% labor),0.08375
5037,5230,2025-05-08,13.50,New customer (10% labor),0.08375
5038,5234,2025-05-08,13.50,New customer (10% labor),0.08375
5039,5214,2025-05-08,0.00,,0.08375
5040,5233,2025-05-08,0.00,,0.08375
5041,5226,2025-05-08,15.00,Fleet pricing (10% labor),0.08375
5042,5237,2025-05-09,0.00,,0.08375
5043,5239,2025-05-09,0.00,,0.08375
5044,5235,2025-05-09,25.00,Loyalty reward,0.08375
5045,5238,2025-05-09,22.50,Fleet pricing (10% labor),0.08375
5046,5236,2025-05-09,0.00,,0.08375
5047,5240,2025-05-09,0.00,,0.08375
5048,5242,2025-05-09,0.00,,0.08375
5049,5246,2025-05-10,0.00,,0.08375
5050,5245,2025-05-10,33.00,Fleet pricing (10% labor),0.08375
5051,5249,2025-05-10,0.00,,0.08375
5052,5241,2025-05-10,0.00,,0.08375
5053,5247,2025-05-10,13.50,New customer (10% labor),0.08375
5054,5250,2025-05-10,0.00,,0.08375
5055,5248,2025-05-10,6.00,Fleet pricing (10% labor),0.08375
5056,5251,2025-05-10,10.50,New customer (10% labor),0.08375
5057,5252,2025-05-10,0.00,,0.08375
5058,5224,2025-05-10,0.00,,0.08375
5059,5253,2025-05-10,0.00,,0.08375
5060,5256,2025-05-12,0.00,,0.08375
5061,5254,2025-05-12,0.00,,0.08375
5062,5255,2025-05-12,0.00,,0.08375
5063,5257,2025-05-12,0.00,,0.08375
5064,5262,2025-05-12,0.00,,0.08375
5065,5259,2025-05-12,0.00,,0.08375
5066,5258,2025-05-12,6.00,New customer (10% labor),0.08375
5067,5260,2025-05-12,0.00,,0.08375
5068,5268,2025-05-12,0.00,,0.08375
5069,5265,2025-05-12,0.00,,0.08375
5070,5264,2025-05-12,0.00,,0.08375
5071,5261,2025-05-12,0.00,,0.08375
5072,5269,2025-05-12,0.00,,0.08375
5073,5266,2025-05-12,0.00,,0.08375
5074,5263,2025-05-12,0.00,,0.08375
5075,5195,2025-05-12,0.00,,0.08375
5076,5270,2025-05-12,25.00,Loyalty reward,0.08375
5077,5272,2025-05-12,10.50,New customer (10% labor),0.08375
5078,5274,2025-05-12,0.00,,0.08375
5079,5271,2025-05-12,0.00,,0.08375
5080,5267,2025-05-13,0.00,,0.08375
5081,5275,2025-05-13,0.00,,0.08375
5082,5244,2025-05-13,0.00,,0.08375
5083,5278,2025-05-13,6.00,New customer (10% labor),0.08375
5084,5282,2025-05-13,0.00,,0.08375
5085,5276,2025-05-13,0.00,,0.08375
5086,5281,2025-05-13,21.00,Fleet pricing (10% labor),0.08375
5087,5277,2025-05-13,25.00,Loyalty reward,0.08375
5088,5285,2025-05-13,0.00,,0.08375
5089,5286,2025-05-13,0.00,,0.08375
5090,5287,2025-05-13,0.00,,0.08375
5091,5288,2025-05-13,0.00,,0.08375
5092,5284,2025-05-13,0.00,,0.08375
5093,5280,2025-05-13,0.00,,0.08375
5094,5289,2025-05-14,0.00,,0.08375
5095,5273,2025-05-14,52.50,Fleet pricing (10% labor),0.08375
5096,5290,2025-05-14,18.00,Fleet pricing (10% labor),0.08375
5097,5292,2025-05-14,0.00,,0.08375
5098,5293,2025-05-14,0.00,,0.08375
5099,5291,2025-05-14,15.00,New customer (10% labor),0.08375
5100,5243,2025-05-14,6.00,New customer (10% labor),0.08375
5101,5296,2025-05-14,0.00,,0.08375
5102,5295,2025-05-14,0.00,,0.08375
5103,5298,2025-05-14,6.00,New customer (10% labor),0.08375
5104,5299,2025-05-14,0.00,,0.08375
5105,5302,2025-05-14,0.00,,0.08375
5106,5300,2025-05-14,25.00,Loyalty reward,0.08375
5107,5294,2025-05-14,0.00,,0.08375
5108,5304,2025-05-14,6.00,Fleet pricing (10% labor),0.08375
5109,5297,2025-05-14,6.00,Fleet pricing (10% labor),0.08375
5110,5305,2025-05-15,4.50,New customer (10% labor),0.08375
5111,5279,2025-05-15,75.00,Fleet pricing (10% labor),0.08375
5112,5306,2025-05-15,0.00,,0.08375
5113,5307,2025-05-15,0.00,,0.08375
5114,5308,2025-05-15,0.00,,0.08375
5115,5310,2025-05-15,52.50,New customer (10% labor),0.08375
5116,5311,2025-05-15,0.00,,0.08375
5117,5313,2025-05-15,0.00,,0.08375
5118,5314,2025-05-15,0.00,,0.08375
5119,5312,2025-05-16,0.00,,0.08375
5120,5316,2025-05-16,0.00,,0.08375
5121,5301,2025-05-16,0.00,,0.08375
5122,5320,2025-05-16,0.00,,0.08375
5123,5322,2025-05-16,0.00,,0.08375
5124,5315,2025-05-16,9.00,Fleet pricing (10% labor),0.08375
5125,5309,2025-05-16,0.00,,0.08375
5126,5321,2025-05-16,18.75,New customer (10% labor),0.08375
5127,5324,2025-05-16,6.00,New customer (10% labor),0.08375
5128,5323,2025-05-16,28.50,Fleet pricing (10% labor),0.08375
5129,5317,2025-05-16,0.00,,0.08375
5130,5325,2025-05-16,0.00,,0.08375
5131,5326,2025-05-16,18.00,New customer (10% labor),0.08375
5132,5329,2025-05-17,15.00,Fleet pricing (10% labor),0.08375
5133,5332,2025-05-17,0.00,,0.08375
5134,5328,2025-05-17,0.00,,0.08375
5135,5334,2025-05-17,0.00,,0.08375
5136,5330,2025-05-17,0.00,,0.08375
5137,5333,2025-05-17,0.00,,0.08375
5138,5335,2025-05-17,0.00,,0.08375
5139,5336,2025-05-17,0.00,,0.08375
5140,5338,2025-05-19,0.00,,0.08375
5141,5337,2025-05-19,16.50,Fleet pricing (10% labor),0.08375
5142,5339,2025-05-19,0.00,,0.08375
5143,5342,2025-05-19,0.00,,0.08375
5144,5343,2025-05-19,0.00,,0.08375
5145,5346,2025-05-19,4.50,Fleet pricing (10% labor),0.08375
5146,5340,2025-05-19,30.00,Fleet pricing (10% labor),0.08375
5147,5341,2025-05-19,21.00,Fleet pricing (10% labor),0.08375
5148,5344,2025-05-19,0.00,,0.08375
5149,5348,2025-05-19,28.50,Fleet pricing (10% labor),0.08375
5150,5349,2025-05-19,0.00,,0.08375
5151,5345,2025-05-19,0.00,,0.08375
5152,5283,2025-05-19,0.00,,0.08375
5153,5352,2025-05-19,0.00,,0.08375
5154,5351,2025-05-19,12.00,Fleet pricing (10% labor),0.08375
5155,5354,2025-05-19,0.00,,0.08375
5156,5355,2025-05-19,21.00,Fleet pricing (10% labor),0.08375
5157,5347,2025-05-19,0.00,,0.08375
5158,5358,2025-05-20,0.00,,0.08375
5159,5357,2025-05-20,52.50,New customer (10% labor),0.08375
5160,5359,2025-05-20,0.00,,0.08375
5161,5356,2025-05-20,0.00,,0.08375
5162,5361,2025-05-20,0.00,,0.08375
5163,5362,2025-05-20,6.00,Fleet pricing (10% labor),0.08375
5164,5363,2025-05-20,0.00,,0.08375
5165,5366,2025-05-20,0.00,,0.08375
5166,5367,2025-05-20,9.00,New customer (10% labor),0.08375
5167,5360,2025-05-20,67.50,New customer (10% labor),0.08375
5168,5368,2025-05-20,0.00,,0.08375
5169,5364,2025-05-20,0.00,,0.08375
5170,5373,2025-05-20,0.00,,0.08375
5171,5369,2025-05-20,12.00,New customer (10% labor),0.08375
5172,5371,2025-05-21,0.00,,0.08375
5173,5374,2025-05-21,0.00,,0.08375
5174,5370,2025-05-21,0.00,,0.08375
5175,5353,2025-05-21,0.00,,0.08375
5176,5375,2025-05-21,0.00,,0.08375
5177,5377,2025-05-21,0.00,,0.08375
5178,5372,2025-05-21,0.00,,0.08375
5179,5380,2025-05-21,10.50,Fleet pricing (10% labor),0.08375
5180,5376,2025-05-21,0.00,,0.08375
5181,5379,2025-05-21,0.00,,0.08375
5182,5381,2025-05-21,0.00,,0.08375
5183,5382,2025-05-21,0.00,,0.08375
5184,5383,2025-05-21,0.00,,0.08375
5185,5384,2025-05-21,0.00,,0.08375
5186,5327,2025-05-21,0.00,,0.08375
5187,5385,2025-05-21,0.00,,0.08375
5188,5303,2025-05-21,0.00,,0.08375
5189,5387,2025-05-22,0.00,,0.08375
5190,5390,2025-05-22,18.00,New customer (10% labor),0.08375
5191,5388,2025-05-22,0.00,,0.08375
5192,5389,2025-05-22,0.00,,0.08375
5193,5391,2025-05-22,25.00,Loyalty reward,0.08375
5194,5392,2025-05-22,0.00,,0.08375
5195,5393,2025-05-22,6.00,New customer (10% labor),0.08375
5196,5395,2025-05-22,0.00,,0.08375
5197,5365,2025-05-22,0.00,,0.08375
5198,5399,2025-05-22,6.00,Fleet pricing (10% labor),0.08375
5199,5398,2025-05-22,0.00,,0.08375
5200,5397,2025-05-22,33.75,New customer (10% labor),0.08375
5201,5394,2025-05-22,58.50,Fleet pricing (10% labor),0.08375
5202,5318,2025-05-23,0.00,,0.08375
5203,5400,2025-05-23,9.00,Fleet pricing (10% labor),0.08375
5204,5402,2025-05-23,6.00,New customer (10% labor),0.08375
5205,5404,2025-05-23,0.00,,0.08375
5206,5401,2025-05-23,27.00,New customer (10% labor),0.08375
5207,5408,2025-05-23,0.00,,0.08375
5208,5406,2025-05-23,0.00,,0.08375
5209,5407,2025-05-23,0.00,,0.08375
5210,5409,2025-05-23,6.00,New customer (10% labor),0.08375
5211,5411,2025-05-23,0.00,,0.08375
5212,5405,2025-05-23,0.00,,0.08375
5213,5403,2025-05-23,42.00,Fleet pricing (10% labor),0.08375
5214,5412,2025-05-24,15.00,Fleet pricing (10% labor),0.08375
5215,5417,2025-05-24,0.00,,0.08375
5216,5414,2025-05-24,30.00,Fleet pricing (10% labor),0.08375
5217,5413,2025-05-24,45.00,Fleet pricing (10% labor),0.08375
5218,5415,2025-05-24,6.00,New customer (10% labor),0.08375
5219,5418,2025-05-24,15.00,Fleet pricing (10% labor),0.08375
5220,5331,2025-05-24,0.00,,0.08375
5221,5416,2025-05-27,60.00,Fleet pricing (10% labor),0.08375
5222,5420,2025-05-27,4.50,Fleet pricing (10% labor),0.08375
5223,5396,2025-05-27,6.00,New customer (10% labor),0.08375
5224,5422,2025-05-27,6.00,Fleet pricing (10% labor),0.08375
5225,5429,2025-05-27,7.50,New customer (10% labor),0.08375
5226,5431,2025-05-27,0.00,,0.08375
5227,5386,2025-05-27,0.00,,0.08375
5228,5423,2025-05-27,22.50,Fleet pricing (10% labor),0.08375
5229,5434,2025-05-27,0.00,,0.08375
5230,5435,2025-05-27,0.00,,0.08375
5231,5421,2025-05-27,27.00,New customer (10% labor),0.08375
5232,5426,2025-05-27,0.00,,0.08375
5233,5433,2025-05-27,0.00,,0.08375
5234,5425,2025-05-27,0.00,,0.08375
5235,5428,2025-05-27,15.00,Fleet pricing (10% labor),0.08375
5236,5444,2025-05-28,0.00,,0.08375
5237,5432,2025-05-28,0.00,,0.08375
5238,5441,2025-05-28,31.50,Fleet pricing (10% labor),0.08375
5239,5436,2025-05-28,0.00,,0.08375
5240,5443,2025-05-28,0.00,,0.08375
5241,5448,2025-05-28,13.50,New customer (10% labor),0.08375
5242,5410,2025-05-28,0.00,,0.08375
5243,5447,2025-05-28,0.00,,0.08375
5244,5439,2025-05-28,30.00,Fleet pricing (10% labor),0.08375
5245,5451,2025-05-28,0.00,,0.08375
5246,5452,2025-05-28,0.00,,0.08375
5247,5440,2025-05-28,0.00,,0.08375
5248,5442,2025-05-28,0.00,,0.08375
5249,5453,2025-05-28,0.00,,0.08375
5250,5445,2025-05-28,0.00,,0.08375
5251,5427,2025-05-28,30.00,Fleet pricing (10% labor),0.08375
5252,5446,2025-05-29,0.00,,0.08375
5253,5450,2025-05-29,0.00,,0.08375
5254,5454,2025-05-29,30.00,Fleet pricing (10% labor),0.08375
5255,5438,2025-05-29,25.00,Loyalty reward,0.08375
5256,5456,2025-05-29,0.00,,0.08375
5257,5455,2025-05-29,0.00,,0.08375
5258,5458,2025-05-29,15.00,Fleet pricing (10% labor),0.08375
5259,5457,2025-05-29,0.00,,0.08375
5260,5463,2025-05-29,0.00,,0.08375
5261,5464,2025-05-29,0.00,,0.08375
5262,5461,2025-05-29,0.00,,0.08375
5263,5462,2025-05-29,0.00,,0.08375
5264,5437,2025-05-29,0.00,,0.08375
5265,5465,2025-05-29,0.00,,0.08375
5266,5459,2025-05-29,0.00,,0.08375
5267,5466,2025-05-30,0.00,,0.08375
5268,5469,2025-05-30,0.00,,0.08375
5269,5468,2025-05-30,0.00,,0.08375
5270,5471,2025-05-30,19.50,Fleet pricing (10% labor),0.08375
5271,5470,2025-05-30,0.00,,0.08375
5272,5467,2025-05-30,0.00,,0.08375
5273,5472,2025-05-30,28.50,New customer (10% labor),0.08375
5274,5473,2025-05-30,0.00,,0.08375
5275,5475,2025-05-30,0.00,,0.08375
5276,5474,2025-05-30,0.00,,0.08375
5277,5477,2025-05-30,0.00,,0.08375
5278,5476,2025-05-30,0.00,,0.08375
5279,5479,2025-05-31,0.00,,0.08375
5280,5482,2025-05-31,0.00,,0.08375
5281,5481,2025-05-31,0.00,,0.08375
5282,5430,2025-05-31,0.00,,0.08375
5283,5483,2025-05-31,18.00,Fleet pricing (10% labor),0.08375
5284,5487,2025-05-31,0.00,,0.08375
5285,5484,2025-05-31,0.00,,0.08375
5286,5480,2025-05-31,0.00,,0.08375
5287,5488,2025-06-02,25.50,New customer (10% labor),0.08375
5288,5486,2025-06-02,0.00,,0.08375
5289,5489,2025-06-02,0.00,,0.08375
5290,5492,2025-06-02,0.00,,0.08375
5291,5491,2025-06-02,0.00,,0.08375
5292,5497,2025-06-02,0.00,,0.08375
5293,5494,2025-06-02,21.00,New customer (10% labor),0.08375
5294,5490,2025-06-02,13.50,Fleet pricing (10% labor),0.08375
5295,5493,2025-06-02,0.00,,0.08375
5296,5503,2025-06-02,0.00,,0.08375
5297,5499,2025-06-02,0.00,,0.08375
5298,5504,2025-06-02,0.00,,0.08375
5299,5495,2025-06-02,27.00,Fleet pricing (10% labor),0.08375
5300,5419,2025-06-02,0.00,,0.08375
5301,5505,2025-06-02,0.00,,0.08375
5302,5501,2025-06-02,0.00,,0.08375
5303,5498,2025-06-02,28.50,Fleet pricing (10% labor),0.08375
5304,5502,2025-06-02,0.00,,0.08375
5305,5506,2025-06-02,0.00,,0.08375
5306,5508,2025-06-02,0.00,,0.08375
5307,5507,2025-06-02,25.00,Loyalty reward,0.08375
5308,5478,2025-06-03,0.00,,0.08375
5309,5500,2025-06-03,0.00,,0.08375
5310,5511,2025-06-03,0.00,,0.08375
5311,5509,2025-06-03,24.00,Fleet pricing (10% labor),0.08375
5312,5512,2025-06-03,0.00,,0.08375
5313,5516,2025-06-03,0.00,,0.08375
5314,5513,2025-06-03,0.00,,0.08375
5315,5485,2025-06-03,0.00,,0.08375
5316,5514,2025-06-03,6.00,Fleet pricing (10% labor),0.08375
5317,5510,2025-06-03,0.00,,0.08375
5318,5449,2025-06-03,94.50,Fleet pricing (10% labor),0.08375
5319,5517,2025-06-03,0.00,,0.08375
5320,5518,2025-06-03,7.50,New customer (10% labor),0.08375
5321,5521,2025-06-04,0.00,,0.08375
5322,5522,2025-06-04,15.00,New customer (10% labor),0.08375
5323,5524,2025-06-04,0.00,,0.08375
5324,5526,2025-06-04,0.00,,0.08375
5325,5529,2025-06-04,6.00,New customer (10% labor),0.08375
5326,5523,2025-06-04,49.50,New customer (10% labor),0.08375
5327,5531,2025-06-04,0.00,,0.08375
5328,5460,2025-06-04,0.00,,0.08375
5329,5532,2025-06-04,0.00,,0.08375
5330,5527,2025-06-04,0.00,,0.08375
5331,5525,2025-06-04,0.00,,0.08375
5332,5534,2025-06-04,0.00,,0.08375
5333,5535,2025-06-04,0.00,,0.08375
5334,5528,2025-06-04,15.00,New customer (10% labor),0.08375
5335,5530,2025-06-04,30.00,Fleet pricing (10% labor),0.08375
5336,5533,2025-06-05,0.00,,0.08375
5337,5541,2025-06-05,0.00,,0.08375
5338,5542,2025-06-05,25.00,Loyalty reward,0.08375
5339,5546,2025-06-05,15.00,Fleet pricing (10% labor),0.08375
5340,5538,2025-06-05,0.00,,0.08375
5341,5544,2025-06-05,0.00,,0.08375
5342,5545,2025-06-05,0.00,,0.08375
5343,5548,2025-06-05,0.00,,0.08375
5344,5537,2025-06-05,37.50,New customer (10% labor),0.08375
5345,5547,2025-06-05,0.00,,0.08375
5346,5552,2025-06-05,6.00,Fleet pricing (10% labor),0.08375
5347,5550,2025-06-05,27.00,Fleet pricing (10% labor),0.08375
5348,5551,2025-06-05,0.00,,0.08375
5349,5536,2025-06-05,0.00,,0.08375
5350,5553,2025-06-06,0.00,,0.08375
5351,5555,2025-06-06,0.00,,0.08375
5352,5557,2025-06-06,0.00,,0.08375
5353,5554,2025-06-06,0.00,,0.08375
5354,5558,2025-06-06,0.00,,0.08375
5355,5560,2025-06-06,0.00,,0.08375
5356,5559,2025-06-06,0.00,,0.08375
5357,5561,2025-06-07,6.00,Fleet pricing (10% labor),0.08375
5358,5556,2025-06-07,0.00,,0.08375
5359,5540,2025-06-07,0.00,,0.08375
5360,5562,2025-06-07,0.00,,0.08375
5361,5563,2025-06-07,25.00,Loyalty reward,0.08375
5362,5567,2025-06-07,0.00,,0.08375
5363,5549,2025-06-07,0.00,,0.08375
5364,5566,2025-06-07,15.00,Fleet pricing (10% labor),0.08375
5365,5565,2025-06-09,0.00,,0.08375
5366,5571,2025-06-09,0.00,,0.08375
5367,5570,2025-06-09,0.00,,0.08375
5368,5569,2025-06-09,0.00,,0.08375
5369,5575,2025-06-09,0.00,,0.08375
5370,5515,2025-06-09,0.00,,0.08375
5371,5572,2025-06-09,33.00,Fleet pricing (10% labor),0.08375
5372,5519,2025-06-09,0.00,,0.08375
5373,5577,2025-06-09,18.00,New customer (10% labor),0.08375
5374,5585,2025-06-09,6.00,New customer (10% labor),0.08375
5375,5579,2025-06-09,6.00,Fleet pricing (10% labor),0.08375
5376,5574,2025-06-09,6.00,New customer (10% labor),0.08375
5377,5580,2025-06-09,0.00,,0.08375
5378,5584,2025-06-09,0.00,,0.08375
5379,5578,2025-06-09,52.50,New customer (10% labor),0.08375
5380,5568,2025-06-09,0.00,,0.08375
5381,5588,2025-06-09,0.00,,0.08375
5382,5576,2025-06-09,0.00,,0.08375
5383,5586,2025-06-09,0.00,,0.08375
5384,5573,2025-06-09,0.00,,0.08375
5385,5587,2025-06-09,6.00,Fleet pricing (10% labor),0.08375
5386,5582,2025-06-09,0.00,,0.08375
5387,5583,2025-06-10,0.00,,0.08375
5388,5589,2025-06-10,0.00,,0.08375
5389,5591,2025-06-10,0.00,,0.08375
5390,5564,2025-06-10,0.00,,0.08375
5391,5592,2025-06-10,0.00,,0.08375
5392,5590,2025-06-10,13.50,New customer (10% labor),0.08375
5393,5594,2025-06-10,0.00,,0.08375
5394,5596,2025-06-10,0.00,,0.08375
5395,5598,2025-06-10,0.00,,0.08375
5396,5595,2025-06-10,0.00,,0.08375
5397,5581,2025-06-10,0.00,,0.08375
5398,5593,2025-06-10,15.00,Fleet pricing (10% labor),0.08375
5399,5597,2025-06-10,0.00,,0.08375
5400,5601,2025-06-10,0.00,,0.08375
5401,5599,2025-06-10,0.00,,0.08375
5402,5600,2025-06-11,0.00,,0.08375
5403,5602,2025-06-11,0.00,,0.08375
5404,5604,2025-06-11,0.00,,0.08375
5405,5603,2025-06-11,0.00,,0.08375
5406,5606,2025-06-11,0.00,,0.08375
5407,5608,2025-06-11,0.00,,0.08375
5408,5605,2025-06-11,0.00,,0.08375
5409,5607,2025-06-11,0.00,,0.08375
5410,5610,2025-06-11,0.00,,0.08375
5411,5611,2025-06-11,0.00,,0.08375
5412,5612,2025-06-11,0.00,,0.08375
5413,5609,2025-06-12,30.00,New customer (10% labor),0.08375
5414,5615,2025-06-12,7.50,New customer (10% labor),0.08375
5415,5616,2025-06-12,0.00,,0.08375
5416,5614,2025-06-12,27.00,Fleet pricing (10% labor),0.08375
5417,5621,2025-06-12,15.00,New customer (10% labor),0.08375
5418,5624,2025-06-12,15.00,Fleet pricing (10% labor),0.08375
5419,5618,2025-06-12,0.00,,0.08375
5420,5623,2025-06-12,15.00,Fleet pricing (10% labor),0.08375
5421,5619,2025-06-12,0.00,,0.08375
5422,5617,2025-06-12,37.50,Fleet pricing (10% labor),0.08375
5423,5622,2025-06-12,15.00,New customer (10% labor),0.08375
5424,5620,2025-06-12,0.00,,0.08375
5425,5626,2025-06-12,0.00,,0.08375
5426,5629,2025-06-13,15.00,New customer (10% labor),0.08375
5427,5639,2025-06-13,0.00,,0.08375
5428,5636,2025-06-13,27.00,New customer (10% labor),0.08375
5429,5632,2025-06-13,0.00,,0.08375
5430,5631,2025-06-13,0.00,,0.08375
5431,5640,2025-06-13,6.00,Fleet pricing (10% labor),0.08375
5432,5638,2025-06-13,0.00,,0.08375
5433,5637,2025-06-13,27.00,Fleet pricing (10% labor),0.08375
5434,5633,2025-06-13,0.00,,0.08375
5435,5642,2025-06-13,0.00,,0.08375
5436,5628,2025-06-13,22.50,Fleet pricing (10% labor),0.08375
5437,5634,2025-06-13,21.00,New customer (10% labor),0.08375
5438,5635,2025-06-13,25.00,Loyalty reward,0.08375
5439,5644,2025-06-13,0.00,,0.08375
5440,5641,2025-06-13,18.00,New customer (10% labor),0.08375
5441,5613,2025-06-14,0.00,,0.08375
5442,5643,2025-06-14,0.00,,0.08375
5443,5648,2025-06-14,6.00,Fleet pricing (10% labor),0.08375
5444,5646,2025-06-14,0.00,,0.08375
5445,5651,2025-06-14,0.00,,0.08375
5446,5649,2025-06-14,0.00,,0.08375
5447,5645,2025-06-14,0.00,,0.08375
5448,5654,2025-06-14,0.00,,0.08375
5449,5650,2025-06-16,0.00,,0.08375
5450,5656,2025-06-16,0.00,,0.08375
5451,5652,2025-06-16,0.00,,0.08375
5452,5653,2025-06-16,0.00,,0.08375
5453,5659,2025-06-16,0.00,,0.08375
5454,5660,2025-06-16,27.00,Fleet pricing (10% labor),0.08375
5455,5662,2025-06-16,6.00,Fleet pricing (10% labor),0.08375
5456,5663,2025-06-16,6.00,Fleet pricing (10% labor),0.08375
5457,5625,2025-06-16,92.25,New customer (10% labor),0.08375
5458,5658,2025-06-16,0.00,,0.08375
5459,5665,2025-06-16,0.00,,0.08375
5460,5664,2025-06-16,0.00,,0.08375
5461,5668,2025-06-16,0.00,,0.08375
5462,5667,2025-06-16,18.00,New customer (10% labor),0.08375
5463,5661,2025-06-16,27.00,Fleet pricing (10% labor),0.08375
5464,5657,2025-06-16,0.00,,0.08375
5465,5669,2025-06-16,18.00,Fleet pricing (10% labor),0.08375
5466,5670,2025-06-16,0.00,,0.08375
5467,5672,2025-06-17,0.00,,0.08375
5468,5675,2025-06-17,27.00,New customer (10% labor),0.08375
5469,5679,2025-06-17,0.00,,0.08375
5470,5677,2025-06-17,0.00,,0.08375
5471,5647,2025-06-17,0.00,,0.08375
5472,5683,2025-06-17,27.00,Fleet pricing (10% labor),0.08375
5473,5684,2025-06-17,0.00,,0.08375
5474,5673,2025-06-17,0.00,,0.08375
5475,5682,2025-06-17,0.00,,0.08375
5476,5678,2025-06-17,0.00,,0.08375
5477,5680,2025-06-17,0.00,,0.08375
5478,5681,2025-06-17,0.00,,0.08375
5479,5685,2025-06-17,0.00,,0.08375
5480,5686,2025-06-18,0.00,,0.08375
5481,5687,2025-06-18,6.00,New customer (10% labor),0.08375
5482,5689,2025-06-18,0.00,,0.08375
5483,5691,2025-06-18,6.00,New customer (10% labor),0.08375
5484,5688,2025-06-18,0.00,,0.08375
5485,5694,2025-06-18,6.00,Fleet pricing (10% labor),0.08375
5486,5695,2025-06-18,0.00,,0.08375
5487,5692,2025-06-18,18.75,New customer (10% labor),0.08375
5488,5696,2025-06-18,0.00,,0.08375
5489,5697,2025-06-18,0.00,,0.08375
5490,5700,2025-06-18,6.00,New customer (10% labor),0.08375
5491,5698,2025-06-18,27.00,New customer (10% labor),0.08375
5492,5701,2025-06-18,7.50,Fleet pricing (10% labor),0.08375
5493,5699,2025-06-18,0.00,,0.08375
5494,5704,2025-06-19,6.00,Fleet pricing (10% labor),0.08375
5495,5702,2025-06-19,0.00,,0.08375
5496,5705,2025-06-19,6.75,New customer (10% labor),0.08375
5497,5703,2025-06-19,6.00,Fleet pricing (10% labor),0.08375
5498,5714,2025-06-19,0.00,,0.08375
5499,5719,2025-06-19,0.00,,0.08375
5500,5711,2025-06-19,0.00,,0.08375
5501,5713,2025-06-19,0.00,,0.08375
5502,5708,2025-06-19,24.00,Fleet pricing (10% labor),0.08375
5503,5716,2025-06-19,0.00,,0.08375
5504,5717,2025-06-19,0.00,,0.08375
5505,5718,2025-06-20,0.00,,0.08375
5506,5715,2025-06-20,0.00,,0.08375
5507,5720,2025-06-20,0.00,,0.08375
5508,5722,2025-06-20,25.00,Loyalty reward,0.08375
5509,5725,2025-06-20,0.00,,0.08375
5510,5730,2025-06-20,13.50,Fleet pricing (10% labor),0.08375
5511,5729,2025-06-20,18.00,New customer (10% labor),0.08375
5512,5726,2025-06-20,37.50,New customer (10% labor),0.08375
5513,5723,2025-06-20,0.00,,0.08375
5514,5732,2025-06-20,0.00,,0.08375
5515,5731,2025-06-20,0.00,,0.08375
5516,5728,2025-06-20,0.00,,0.08375
5517,5733,2025-06-21,0.00,,0.08375
5518,5734,2025-06-21,6.00,Fleet pricing (10% labor),0.08375
5519,5737,2025-06-21,6.00,New customer (10% labor),0.08375
5520,5736,2025-06-21,25.00,Loyalty reward,0.08375
5521,5738,2025-06-23,37.50,Fleet pricing (10% labor),0.08375
5522,5741,2025-06-23,6.00,Fleet pricing (10% labor),0.08375
5523,5743,2025-06-23,0.00,,0.08375
5524,5740,2025-06-23,30.00,Fleet pricing (10% labor),0.08375
5525,5744,2025-06-23,0.00,,0.08375
5526,5746,2025-06-23,0.00,,0.08375
5527,5693,2025-06-23,0.00,,0.08375
5528,5747,2025-06-23,0.00,,0.08375
5529,5748,2025-06-23,0.00,,0.08375
5530,5674,2025-06-23,15.00,New customer (10% labor),0.08375
5531,5749,2025-06-23,0.00,,0.08375
5532,5735,2025-06-23,27.00,Fleet pricing (10% labor),0.08375
5533,5671,2025-06-23,0.00,,0.08375
5534,5752,2025-06-23,0.00,,0.08375
5535,5755,2025-06-23,0.00,,0.08375
5536,5753,2025-06-23,18.00,Fleet pricing (10% labor),0.08375
5537,5745,2025-06-23,0.00,,0.08375
5538,5751,2025-06-24,0.00,,0.08375
5539,5759,2025-06-24,0.00,,0.08375
5540,5754,2025-06-24,0.00,,0.08375
5541,5760,2025-06-24,15.00,New customer (10% labor),0.08375
5542,5761,2025-06-24,0.00,,0.08375
5543,5750,2025-06-24,0.00,,0.08375
5544,5762,2025-06-24,0.00,,0.08375
5545,5756,2025-06-24,0.00,,0.08375
5546,5710,2025-06-24,0.00,,0.08375
5547,5767,2025-06-24,0.00,,0.08375
5548,5764,2025-06-24,0.00,,0.08375
5549,5770,2025-06-24,0.00,,0.08375
5550,5742,2025-06-24,0.00,,0.08375
5551,5772,2025-06-24,13.50,New customer (10% labor),0.08375
5552,5774,2025-06-24,0.00,,0.08375
5553,5768,2025-06-24,0.00,,0.08375
5554,5771,2025-06-24,0.00,,0.08375
5555,5763,2025-06-24,0.00,,0.08375
5556,5773,2025-06-25,0.00,,0.08375
5557,5775,2025-06-25,0.00,,0.08375
5558,5769,2025-06-25,0.00,,0.08375
5559,5778,2025-06-25,0.00,,0.08375
5560,5781,2025-06-25,0.00,,0.08375
5561,5721,2025-06-25,0.00,,0.08375
5562,5783,2025-06-25,0.00,,0.08375
5563,5707,2025-06-25,0.00,,0.08375
5564,5786,2025-06-25,6.00,Fleet pricing (10% labor),0.08375
5565,5787,2025-06-25,0.00,,0.08375
5566,5789,2025-06-25,0.00,,0.08375
5567,5791,2025-06-25,0.00,,0.08375
5568,5779,2025-06-25,67.50,Fleet pricing (10% labor),0.08375
5569,5788,2025-06-26,39.75,New customer (10% labor),0.08375
5570,5758,2025-06-26,0.00,,0.08375
5571,5798,2025-06-26,0.00,,0.08375
5572,5794,2025-06-26,0.00,,0.08375
5573,5799,2025-06-26,0.00,,0.08375
5574,5777,2025-06-26,0.00,,0.08375
5575,5800,2025-06-26,0.00,,0.08375
5576,5727,2025-06-26,0.00,,0.08375
5577,5795,2025-06-26,0.00,,0.08375
5578,5709,2025-06-26,0.00,,0.08375
5579,5785,2025-06-26,12.00,New customer (10% labor),0.08375
5580,5796,2025-06-26,0.00,,0.08375
5581,5712,2025-06-26,0.00,,0.08375
5582,5804,2025-06-26,0.00,,0.08375
5583,5776,2025-06-26,0.00,,0.08375
5584,5802,2025-06-26,0.00,,0.08375
5585,5724,2025-06-26,22.50,New customer (10% labor),0.08375
5586,5739,2025-06-26,90.00,Fleet pricing (10% labor),0.08375
5587,5803,2025-06-26,0.00,,0.08375
5588,5780,2025-06-26,25.50,New customer (10% labor),0.08375
5589,5806,2025-06-26,0.00,,0.08375
5590,5807,2025-06-26,0.00,,0.08375
5591,5805,2025-06-26,0.00,,0.08375
5592,5797,2025-06-26,0.00,,0.08375
5593,5793,2025-06-27,0.00,,0.08375
5594,5808,2025-06-27,0.00,,0.08375
5595,5801,2025-06-27,0.00,,0.08375
5596,5792,2025-06-27,0.00,,0.08375
5597,5809,2025-06-27,0.00,,0.08375
5598,5812,2025-06-27,0.00,,0.08375
5599,5790,2025-06-27,0.00,,0.08375
5600,5816,2025-06-27,0.00,,0.08375
5601,5817,2025-06-27,0.00,,0.08375
5602,5818,2025-06-27,0.00,,0.08375
5603,5815,2025-06-27,0.00,,0.08375
5604,5819,2025-06-27,18.00,New customer (10% labor),0.08375
5605,5814,2025-06-27,22.50,New customer (10% labor),0.08375
5606,5813,2025-06-27,0.00,,0.08375
5607,5822,2025-06-27,0.00,,0.08375
5608,5821,2025-06-27,0.00,,0.08375
5609,5820,2025-06-27,25.00,Loyalty reward,0.08375
5610,5810,2025-06-27,0.00,,0.08375
5611,5823,2025-06-28,45.00,Fleet pricing (10% labor),0.08375
5612,5827,2025-06-28,0.00,,0.08375
5613,5833,2025-06-28,18.00,New customer (10% labor),0.08375
5614,5826,2025-06-28,0.00,,0.08375
5615,5829,2025-06-28,13.50,Fleet pricing (10% labor),0.08375
5616,5831,2025-06-28,0.00,,0.08375
5617,5830,2025-06-28,0.00,,0.08375
5618,5838,2025-06-28,0.00,,0.08375
5619,5835,2025-06-28,0.00,,0.08375
5620,5828,2025-06-28,0.00,,0.08375
5621,5836,2025-06-28,0.00,,0.08375
5622,5840,2025-06-30,0.00,,0.08375
5623,5841,2025-06-30,0.00,,0.08375
5624,5847,2025-06-30,0.00,,0.08375
5625,5846,2025-06-30,0.00,,0.08375
5626,5849,2025-06-30,0.00,,0.08375
5627,5845,2025-06-30,0.00,,0.08375
5628,5852,2025-06-30,0.00,,0.08375
5629,5853,2025-06-30,0.00,,0.08375
5630,5832,2025-06-30,0.00,,0.08375
5631,5843,2025-06-30,15.00,New customer (10% labor),0.08375
5632,5839,2025-06-30,0.00,,0.08375
5633,5842,2025-06-30,0.00,,0.08375
5634,5848,2025-06-30,0.00,,0.08375
5635,5757,2025-06-30,0.00,,0.08375
5636,5851,2025-06-30,18.00,New customer (10% labor),0.08375
5637,5854,2025-06-30,0.00,,0.08375
5638,5857,2025-06-30,0.00,,0.08375
5639,5866,2025-07-01,6.00,New customer (10% labor),0.08375
5640,5765,2025-07-01,0.00,,0.08375
5641,5863,2025-07-01,0.00,,0.08375
5642,5858,2025-07-01,0.00,,0.08375
5643,5873,2025-07-01,6.00,Fleet pricing (10% labor),0.08375
5644,5867,2025-07-01,30.00,Fleet pricing (10% labor),0.08375
5645,5869,2025-07-01,0.00,,0.08375
5646,5876,2025-07-01,6.00,Fleet pricing (10% labor),0.08375
5647,5865,2025-07-01,0.00,,0.08375
5648,5877,2025-07-01,0.00,,0.08375
5649,5862,2025-07-01,0.00,,0.08375
5650,5784,2025-07-01,0.00,,0.08375
5651,5870,2025-07-01,0.00,,0.08375
5652,5871,2025-07-01,0.00,,0.08375
5653,5868,2025-07-01,0.00,,0.08375
5654,5837,2025-07-01,0.00,,0.08375
5655,5875,2025-07-01,0.00,,0.08375
5656,5872,2025-07-01,0.00,,0.08375
5657,5766,2025-07-01,105.00,New customer (10% labor),0.08375
5658,5881,2025-07-02,0.00,,0.08375
5659,5874,2025-07-02,43.50,New customer (10% labor),0.08375
5660,5880,2025-07-02,0.00,,0.08375
5661,5879,2025-07-02,45.00,Fleet pricing (10% labor),0.08375
5662,5878,2025-07-02,0.00,,0.08375
5663,5825,2025-07-02,0.00,,0.08375
5664,5884,2025-07-02,0.00,,0.08375
5665,5889,2025-07-02,0.00,,0.08375
5666,5824,2025-07-02,27.00,New customer (10% labor),0.08375
5667,5886,2025-07-02,0.00,,0.08375
5668,5882,2025-07-02,33.00,Fleet pricing (10% labor),0.08375
5669,5883,2025-07-02,0.00,,0.08375
5670,5890,2025-07-02,0.00,,0.08375
5671,5888,2025-07-02,0.00,,0.08375
5672,5892,2025-07-02,0.00,,0.08375
5673,5891,2025-07-02,0.00,,0.08375
5674,5885,2025-07-02,0.00,,0.08375
5675,5887,2025-07-02,0.00,,0.08375
5676,5895,2025-07-02,6.00,New customer (10% labor),0.08375
5677,5894,2025-07-02,24.00,New customer (10% labor),0.08375
5678,5893,2025-07-03,0.00,,0.08375
5679,5899,2025-07-03,6.00,Fleet pricing (10% labor),0.08375
5680,5898,2025-07-03,0.00,,0.08375
5681,5900,2025-07-03,0.00,,0.08375
5682,5904,2025-07-03,15.00,Fleet pricing (10% labor),0.08375
5683,5903,2025-07-03,12.00,New customer (10% labor),0.08375
5684,5811,2025-07-03,52.50,Fleet pricing (10% labor),0.08375
5685,5905,2025-07-03,0.00,,0.08375
5686,5901,2025-07-03,15.00,New customer (10% labor),0.08375
5687,5907,2025-07-03,22.50,Fleet pricing (10% labor),0.08375
5688,5902,2025-07-03,15.00,New customer (10% labor),0.08375
5689,5908,2025-07-05,0.00,,0.08375
5690,5906,2025-07-05,61.50,New customer (10% labor),0.08375
5691,5910,2025-07-05,0.00,,0.08375
5692,5909,2025-07-05,25.00,Loyalty reward,0.08375
5693,5912,2025-07-05,0.00,,0.08375
5694,5913,2025-07-05,25.50,Fleet pricing (10% labor),0.08375
5695,5834,2025-07-05,6.00,Fleet pricing (10% labor),0.08375
5696,5860,2025-07-05,25.00,Loyalty reward,0.08375
5697,5856,2025-07-05,0.00,,0.08375
5698,5911,2025-07-05,0.00,,0.08375
5699,5861,2025-07-05,13.50,New customer (10% labor),0.08375
5700,5916,2025-07-05,30.00,Fleet pricing (10% labor),0.08375
5701,5919,2025-07-07,0.00,,0.08375
5702,5918,2025-07-07,0.00,,0.08375
5703,5920,2025-07-07,0.00,,0.08375
5704,5922,2025-07-07,6.00,New customer (10% labor),0.08375
5705,5923,2025-07-07,0.00,,0.08375
5706,5926,2025-07-07,6.00,Fleet pricing (10% labor),0.08375
5707,5925,2025-07-07,0.00,,0.08375
5708,5930,2025-07-07,6.00,Fleet pricing (10% labor),0.08375
5709,5850,2025-07-07,0.00,,0.08375
5710,5864,2025-07-07,0.00,,0.08375
5711,5859,2025-07-07,0.00,,0.08375
5712,5929,2025-07-07,0.00,,0.08375
5713,5931,2025-07-07,21.00,Fleet pricing (10% labor),0.08375
5714,5855,2025-07-07,0.00,,0.08375
5715,5921,2025-07-07,0.00,,0.08375
5716,5924,2025-07-07,30.00,Fleet pricing (10% labor),0.08375
5717,5927,2025-07-07,0.00,,0.08375
5718,5932,2025-07-08,0.00,,0.08375
5719,5933,2025-07-08,0.00,,0.08375
5720,5935,2025-07-08,15.00,Fleet pricing (10% labor),0.08375
5721,5937,2025-07-08,0.00,,0.08375
5722,5936,2025-07-08,9.00,New customer (10% labor),0.08375
5723,5934,2025-07-08,0.00,,0.08375
5724,5944,2025-07-08,0.00,,0.08375
5725,5941,2025-07-08,15.00,New customer (10% labor),0.08375
5726,5949,2025-07-08,0.00,,0.08375
5727,5928,2025-07-08,0.00,,0.08375
5728,5939,2025-07-08,0.00,,0.08375
5729,5946,2025-07-08,0.00,,0.08375
5730,5914,2025-07-08,52.50,Fleet pricing (10% labor),0.08375
5731,5915,2025-07-08,0.00,,0.08375
5732,5947,2025-07-08,0.00,,0.08375
5733,5943,2025-07-08,0.00,,0.08375
5734,5940,2025-07-08,0.00,,0.08375
5735,5951,2025-07-08,0.00,,0.08375
5736,5945,2025-07-08,18.75,New customer (10% labor),0.08375
5737,5948,2025-07-09,0.00,,0.08375
5738,5952,2025-07-09,27.00,Fleet pricing (10% labor),0.08375
5739,5962,2025-07-09,0.00,,0.08375
5740,5963,2025-07-09,0.00,,0.08375
5741,5957,2025-07-09,0.00,,0.08375
5742,5953,2025-07-09,33.75,New customer (10% labor),0.08375
5743,5955,2025-07-09,0.00,,0.08375
5744,5954,2025-07-09,27.00,New customer (10% labor),0.08375
5745,5959,2025-07-09,15.00,New customer (10% labor),0.08375
5746,5896,2025-07-09,0.00,,0.08375
5747,5960,2025-07-09,15.00,Fleet pricing (10% labor),0.08375
5748,5966,2025-07-09,0.00,,0.08375
5749,5942,2025-07-09,31.50,New customer (10% labor),0.08375
5750,5956,2025-07-09,15.00,Fleet pricing (10% labor),0.08375
5751,5965,2025-07-09,25.00,Loyalty reward,0.08375
5752,5961,2025-07-09,0.00,,0.08375
5753,5938,2025-07-10,39.00,Fleet pricing (10% labor),0.08375
5754,5968,2025-07-10,6.00,Fleet pricing (10% labor),0.08375
5755,5969,2025-07-10,0.00,,0.08375
5756,5970,2025-07-10,0.00,,0.08375
5757,5973,2025-07-10,6.00,Fleet pricing (10% labor),0.08375
5758,5967,2025-07-10,0.00,,0.08375
5759,5971,2025-07-10,0.00,,0.08375
5760,5975,2025-07-10,0.00,,0.08375
5761,5974,2025-07-10,0.00,,0.08375
5762,5977,2025-07-10,6.00,New customer (10% labor),0.08375
5763,5972,2025-07-10,0.00,,0.08375
5764,5976,2025-07-10,0.00,,0.08375
5765,5917,2025-07-10,0.00,,0.08375
5766,5980,2025-07-10,9.00,Fleet pricing (10% labor),0.08375
5767,5978,2025-07-10,0.00,,0.08375
5768,5979,2025-07-10,0.00,,0.08375
5769,5983,2025-07-11,0.00,,0.08375
5770,5981,2025-07-11,0.00,,0.08375
5771,5984,2025-07-11,15.00,Fleet pricing (10% labor),0.08375
5772,5986,2025-07-11,6.00,Fleet pricing (10% labor),0.08375
5773,5992,2025-07-11,0.00,,0.08375
5774,5982,2025-07-11,0.00,,0.08375
5775,5990,2025-07-11,0.00,,0.08375
5776,5988,2025-07-11,0.00,,0.08375
5777,5994,2025-07-11,25.00,Loyalty reward,0.08375
5778,5985,2025-07-11,0.00,,0.08375
5779,5995,2025-07-11,24.00,New customer (10% labor),0.08375
5780,5993,2025-07-11,0.00,,0.08375
5781,5996,2025-07-11,0.00,,0.08375
5782,5989,2025-07-11,0.00,,0.08375
5783,5991,2025-07-11,0.00,,0.08375
5784,6000,2025-07-12,0.00,,0.08375
5785,6001,2025-07-12,22.50,New customer (10% labor),0.08375
5786,5997,2025-07-12,0.00,,0.08375
5787,6005,2025-07-12,15.00,New customer (10% labor),0.08375
5788,5999,2025-07-12,0.00,,0.08375
5789,6002,2025-07-12,15.00,New customer (10% labor),0.08375
5790,6003,2025-07-12,0.00,,0.08375
5791,6007,2025-07-12,0.00,,0.08375
5792,6004,2025-07-12,0.00,,0.08375
5793,6006,2025-07-12,31.50,New customer (10% labor),0.08375
5794,6010,2025-07-14,6.00,New customer (10% labor),0.08375
5795,6008,2025-07-14,0.00,,0.08375
5796,6014,2025-07-14,0.00,,0.08375
5797,6009,2025-07-14,0.00,,0.08375
5798,6012,2025-07-14,27.00,New customer (10% labor),0.08375
5799,6011,2025-07-14,15.00,Fleet pricing (10% labor),0.08375
5800,5987,2025-07-14,0.00,,0.08375
5801,6021,2025-07-14,0.00,,0.08375
5802,6018,2025-07-14,0.00,,0.08375
5803,6013,2025-07-14,0.00,,0.08375
5804,6017,2025-07-14,0.00,,0.08375
5805,5998,2025-07-14,74.25,New customer (10% labor),0.08375
5806,6019,2025-07-14,0.00,,0.08375
5807,6020,2025-07-14,25.00,Loyalty reward,0.08375
5808,6022,2025-07-14,0.00,,0.08375
5809,6026,2025-07-14,0.00,,0.08375
5810,6023,2025-07-14,0.00,,0.08375
5811,6024,2025-07-14,0.00,,0.08375
5812,6025,2025-07-14,0.00,,0.08375
5813,6015,2025-07-15,0.00,,0.08375
5814,6033,2025-07-15,0.00,,0.08375
5815,6034,2025-07-15,0.00,,0.08375
5816,6037,2025-07-15,0.00,,0.08375
5817,5958,2025-07-15,0.00,,0.08375
5818,6032,2025-07-15,0.00,,0.08375
5819,6036,2025-07-15,13.50,New customer (10% labor),0.08375
5820,6028,2025-07-15,0.00,,0.08375
5821,6041,2025-07-15,18.00,New customer (10% labor),0.08375
5822,6042,2025-07-15,0.00,,0.08375
5823,6040,2025-07-15,0.00,,0.08375
5824,6043,2025-07-15,0.00,,0.08375
5825,6031,2025-07-15,0.00,,0.08375
5826,6039,2025-07-15,37.50,Fleet pricing (10% labor),0.08375
5827,6035,2025-07-15,0.00,,0.08375
5828,6045,2025-07-15,0.00,,0.08375
5829,6047,2025-07-15,0.00,,0.08375
5830,6038,2025-07-15,42.00,Fleet pricing (10% labor),0.08375
5831,6046,2025-07-16,51.00,New customer (10% labor),0.08375
5832,6044,2025-07-16,46.50,New customer (10% labor),0.08375
5833,6050,2025-07-16,0.00,,0.08375
5834,6029,2025-07-16,0.00,,0.08375
5835,6054,2025-07-16,0.00,,0.08375
5836,6048,2025-07-16,0.00,,0.08375
5837,6049,2025-07-16,27.00,New customer (10% labor),0.08375
5838,6052,2025-07-16,0.00,,0.08375
5839,6027,2025-07-16,0.00,,0.08375
5840,6051,2025-07-16,21.00,Fleet pricing (10% labor),0.08375
5841,6056,2025-07-16,0.00,,0.08375
5842,6055,2025-07-16,21.00,Fleet pricing (10% labor),0.08375
5843,6057,2025-07-16,0.00,,0.08375
5844,6053,2025-07-17,42.00,New customer (10% labor),0.08375
5845,6061,2025-07-17,9.00,Fleet pricing (10% labor),0.08375
5846,6060,2025-07-17,0.00,,0.08375
5847,6030,2025-07-17,0.00,,0.08375
5848,6063,2025-07-17,0.00,,0.08375
5849,6066,2025-07-17,25.50,New customer (10% labor),0.08375
5850,6067,2025-07-17,0.00,,0.08375
5851,6069,2025-07-17,0.00,,0.08375
5852,6073,2025-07-17,0.00,,0.08375
5853,6075,2025-07-17,0.00,,0.08375
5854,6064,2025-07-17,67.50,Fleet pricing (10% labor),0.08375
5855,6062,2025-07-17,0.00,,0.08375
5856,6072,2025-07-17,0.00,,0.08375
5857,6071,2025-07-17,6.00,New customer (10% labor),0.08375
5858,6074,2025-07-17,6.00,Fleet pricing (10% labor),0.08375
5859,6076,2025-07-17,0.00,,0.08375
5860,6068,2025-07-17,0.00,,0.08375
5861,6077,2025-07-17,0.00,,0.08375
5862,6079,2025-07-17,0.00,,0.08375
5863,6081,2025-07-18,7.50,New customer (10% labor),0.08375
5864,6065,2025-07-18,0.00,,0.08375
5865,6078,2025-07-18,0.00,,0.08375
5866,6083,2025-07-18,0.00,,0.08375
5867,6085,2025-07-18,6.00,Fleet pricing (10% labor),0.08375
5868,6070,2025-07-18,60.00,Fleet pricing (10% labor),0.08375
5869,6082,2025-07-18,15.00,New customer (10% labor),0.08375
5870,6086,2025-07-18,27.00,New customer (10% labor),0.08375
5871,6088,2025-07-18,0.00,,0.08375
5872,6092,2025-07-18,0.00,,0.08375
5873,6090,2025-07-18,0.00,,0.08375
5874,6084,2025-07-18,0.00,,0.08375
5875,6080,2025-07-18,0.00,,0.08375
5876,6091,2025-07-18,0.00,,0.08375
5877,6059,2025-07-18,0.00,,0.08375
5878,6095,2025-07-18,0.00,,0.08375
5879,6094,2025-07-18,0.00,,0.08375
5880,6098,2025-07-18,0.00,,0.08375
5881,6097,2025-07-18,0.00,,0.08375
5882,6096,2025-07-18,15.00,New customer (10% labor),0.08375
5883,6099,2025-07-18,0.00,,0.08375
5884,6093,2025-07-18,0.00,,0.08375
5885,6100,2025-07-19,0.00,,0.08375
5886,6103,2025-07-19,0.00,,0.08375
5887,6106,2025-07-19,0.00,,0.08375
5888,6104,2025-07-19,0.00,,0.08375
5889,6109,2025-07-19,0.00,,0.08375
5890,6101,2025-07-19,0.00,,0.08375
5891,6108,2025-07-19,6.00,New customer (10% labor),0.08375
5892,6107,2025-07-19,37.50,Fleet pricing (10% labor),0.08375
5893,6112,2025-07-21,0.00,,0.08375
5894,6114,2025-07-21,0.00,,0.08375
5895,6115,2025-07-21,0.00,,0.08375
5896,6117,2025-07-21,0.00,,0.08375
5897,6087,2025-07-21,52.50,New customer (10% labor),0.08375
5898,6113,2025-07-21,0.00,,0.08375
5899,6121,2025-07-21,0.00,,0.08375
5900,6118,2025-07-21,0.00,,0.08375
5901,6116,2025-07-21,0.00,,0.08375
5902,6122,2025-07-21,0.00,,0.08375
5903,6123,2025-07-21,0.00,,0.08375
5904,6125,2025-07-21,15.00,Fleet pricing (10% labor),0.08375
5905,6124,2025-07-21,0.00,,0.08375
5906,6111,2025-07-21,0.00,,0.08375
5907,6120,2025-07-21,0.00,,0.08375
5908,6105,2025-07-22,0.00,,0.08375
5909,6129,2025-07-22,0.00,,0.08375
5910,6126,2025-07-22,0.00,,0.08375
5911,6130,2025-07-22,0.00,,0.08375
5912,6128,2025-07-22,0.00,,0.08375
5913,6131,2025-07-22,0.00,,0.08375
5914,6137,2025-07-22,15.00,Fleet pricing (10% labor),0.08375
5915,6135,2025-07-22,0.00,,0.08375
5916,6133,2025-07-22,0.00,,0.08375
5917,6136,2025-07-22,0.00,,0.08375
5918,6134,2025-07-22,0.00,,0.08375
5919,6138,2025-07-22,0.00,,0.08375
5920,6102,2025-07-22,0.00,,0.08375
5921,6132,2025-07-22,15.00,Fleet pricing (10% labor),0.08375
5922,6141,2025-07-22,15.00,Fleet pricing (10% labor),0.08375
5923,6140,2025-07-22,0.00,,0.08375
5924,6139,2025-07-22,0.00,,0.08375
5925,6145,2025-07-23,7.50,Fleet pricing (10% labor),0.08375
5926,6143,2025-07-23,0.00,,0.08375
5927,6146,2025-07-23,0.00,,0.08375
5928,6142,2025-07-23,0.00,,0.08375
5929,6147,2025-07-23,6.00,Fleet pricing (10% labor),0.08375
5930,6149,2025-07-23,0.00,,0.08375
5931,6150,2025-07-23,0.00,,0.08375
5932,6155,2025-07-23,6.00,Fleet pricing (10% labor),0.08375
5933,6151,2025-07-23,27.00,Fleet pricing (10% labor),0.08375
5934,6148,2025-07-23,0.00,,0.08375
5935,6152,2025-07-23,0.00,,0.08375
5936,6156,2025-07-23,0.00,,0.08375
5937,6154,2025-07-23,0.00,,0.08375
5938,6159,2025-07-24,0.00,,0.08375
5939,6162,2025-07-24,6.00,Fleet pricing (10% labor),0.08375
5940,6161,2025-07-24,0.00,,0.08375
5941,6157,2025-07-24,0.00,,0.08375
5942,6160,2025-07-24,0.00,,0.08375
5943,6163,2025-07-24,18.00,Fleet pricing (10% labor),0.08375
5944,6144,2025-07-24,0.00,,0.08375
5945,6165,2025-07-24,6.00,New customer (10% labor),0.08375
5946,6164,2025-07-24,9.00,Fleet pricing (10% labor),0.08375
5947,6166,2025-07-24,6.00,New customer (10% labor),0.08375
5948,6167,2025-07-24,0.00,,0.08375
5949,6158,2025-07-25,0.00,,0.08375
5950,6170,2025-07-25,0.00,,0.08375
5951,6172,2025-07-25,0.00,,0.08375
5952,6168,2025-07-25,0.00,,0.08375
5953,6171,2025-07-25,0.00,,0.08375
5954,6169,2025-07-25,0.00,,0.08375
5955,6174,2025-07-25,0.00,,0.08375
5956,6181,2025-07-25,0.00,,0.08375
5957,6182,2025-07-25,12.00,Fleet pricing (10% labor),0.08375
5958,6175,2025-07-25,12.00,Fleet pricing (10% labor),0.08375
5959,6184,2025-07-25,0.00,,0.08375
5960,6178,2025-07-25,0.00,,0.08375
5961,6186,2025-07-25,0.00,,0.08375
5962,6177,2025-07-25,0.00,,0.08375
5963,6173,2025-07-25,0.00,,0.08375
5964,6179,2025-07-25,0.00,,0.08375
5965,6190,2025-07-26,0.00,,0.08375
5966,6191,2025-07-26,0.00,,0.08375
5967,6194,2025-07-28,25.00,Loyalty reward,0.08375
5968,6192,2025-07-28,0.00,,0.08375
5969,6195,2025-07-28,0.00,,0.08375
5970,6119,2025-07-28,0.00,,0.08375
5971,6200,2025-07-28,0.00,,0.08375
5972,6198,2025-07-28,0.00,,0.08375
5973,6201,2025-07-28,0.00,,0.08375
5974,6203,2025-07-28,0.00,,0.08375
5975,6204,2025-07-28,0.00,,0.08375
5976,6202,2025-07-28,0.00,,0.08375
5977,6197,2025-07-28,0.00,,0.08375
5978,6207,2025-07-28,0.00,,0.08375
5979,6206,2025-07-28,0.00,,0.08375
5980,6196,2025-07-28,0.00,,0.08375
5981,6209,2025-07-28,0.00,,0.08375
5982,6211,2025-07-28,18.00,Fleet pricing (10% labor),0.08375
5983,6210,2025-07-28,0.00,,0.08375
5984,6214,2025-07-29,0.00,,0.08375
5985,6213,2025-07-29,0.00,,0.08375
5986,6205,2025-07-29,0.00,,0.08375
5987,6212,2025-07-29,15.00,Fleet pricing (10% labor),0.08375
5988,6216,2025-07-29,15.00,New customer (10% labor),0.08375
5989,6217,2025-07-29,0.00,,0.08375
5990,6220,2025-07-29,0.00,,0.08375
5991,6188,2025-07-29,0.00,,0.08375
5992,6221,2025-07-29,6.00,Fleet pricing (10% labor),0.08375
5993,6223,2025-07-29,0.00,,0.08375
5994,6215,2025-07-30,45.00,New customer (10% labor),0.08375
5995,6222,2025-07-30,0.00,,0.08375
5996,6224,2025-07-30,21.00,Fleet pricing (10% labor),0.08375
5997,6225,2025-07-30,0.00,,0.08375
5998,6226,2025-07-30,0.00,,0.08375
5999,6229,2025-07-30,0.00,,0.08375
6000,6231,2025-07-30,0.00,,0.08375
6001,6230,2025-07-30,6.00,Fleet pricing (10% labor),0.08375
6002,6228,2025-07-30,0.00,,0.08375
6003,6183,2025-07-30,6.00,Fleet pricing (10% labor),0.08375
6004,6227,2025-07-30,0.00,,0.08375
6005,6232,2025-07-30,0.00,,0.08375
6006,6180,2025-07-30,0.00,,0.08375
6007,6236,2025-07-30,0.00,,0.08375
6008,6199,2025-07-30,0.00,,0.08375
6009,6234,2025-07-30,0.00,,0.08375
6010,6235,2025-07-30,0.00,,0.08375
6011,6237,2025-07-30,21.00,New customer (10% labor),0.08375
6012,6239,2025-07-31,0.00,,0.08375
6013,6241,2025-07-31,0.00,,0.08375
6014,6240,2025-07-31,0.00,,0.08375
6015,6247,2025-07-31,0.00,,0.08375
6016,6238,2025-07-31,0.00,,0.08375
6017,6244,2025-07-31,0.00,,0.08375
6018,6242,2025-07-31,0.00,,0.08375
6019,6245,2025-07-31,0.00,,0.08375
6020,6243,2025-07-31,0.00,,0.08375
6021,6233,2025-07-31,0.00,,0.08375
6022,6246,2025-07-31,25.00,Loyalty reward,0.08375
6023,6252,2025-07-31,27.00,Fleet pricing (10% labor),0.08375
6024,6248,2025-07-31,25.00,Loyalty reward,0.08375
6025,6250,2025-07-31,0.00,,0.08375
6026,6253,2025-07-31,15.00,New customer (10% labor),0.08375
6027,6254,2025-07-31,0.00,,0.08375
6028,6218,2025-07-31,0.00,,0.08375
6029,6251,2025-07-31,0.00,,0.08375
6030,6255,2025-08-01,0.00,,0.08375
6031,6257,2025-08-01,37.50,New customer (10% labor),0.08375
6032,6260,2025-08-01,6.00,Fleet pricing (10% labor),0.08375
6033,6258,2025-08-01,0.00,,0.08375
6034,6262,2025-08-01,0.00,,0.08375
6035,6259,2025-08-01,0.00,,0.08375
6036,6187,2025-08-01,25.00,Loyalty reward,0.08375
6037,6264,2025-08-01,6.00,Fleet pricing (10% labor),0.08375
6038,6185,2025-08-01,15.00,Fleet pricing (10% labor),0.08375
6039,6263,2025-08-01,9.00,Fleet pricing (10% labor),0.08375
6040,6266,2025-08-01,0.00,,0.08375
6041,6261,2025-08-01,0.00,,0.08375
6042,6256,2025-08-01,33.75,New customer (10% labor),0.08375
6043,6268,2025-08-02,0.00,,0.08375
6044,6269,2025-08-02,0.00,,0.08375
6045,6270,2025-08-02,0.00,,0.08375
6046,6272,2025-08-02,0.00,,0.08375
6047,6271,2025-08-02,21.00,Fleet pricing (10% labor),0.08375
6048,6275,2025-08-04,0.00,,0.08375
6049,6274,2025-08-04,34.50,New customer (10% labor),0.08375
6050,6283,2025-08-04,0.00,,0.08375
6051,6276,2025-08-04,0.00,,0.08375
6052,6285,2025-08-04,6.00,New customer (10% labor),0.08375
6053,6277,2025-08-04,0.00,,0.08375
6054,6281,2025-08-04,25.50,Fleet pricing (10% labor),0.08375
6055,6287,2025-08-04,0.00,,0.08375
6056,6286,2025-08-04,6.75,New customer (10% labor),0.08375
6057,6280,2025-08-04,0.00,,0.08375
6058,6282,2025-08-04,0.00,,0.08375
6059,6208,2025-08-04,0.00,,0.08375
6060,6279,2025-08-04,30.00,New customer (10% labor),0.08375
6061,6219,2025-08-04,0.00,,0.08375
6062,6290,2025-08-04,10.50,New customer (10% labor),0.08375
6063,6292,2025-08-04,0.00,,0.08375
6064,6291,2025-08-04,28.50,Fleet pricing (10% labor),0.08375
6065,6288,2025-08-04,0.00,,0.08375
6066,6294,2025-08-05,0.00,,0.08375
6067,6289,2025-08-05,0.00,,0.08375
6068,6293,2025-08-05,30.00,Fleet pricing (10% labor),0.08375
6069,6298,2025-08-05,0.00,,0.08375
6070,6297,2025-08-05,19.50,New customer (10% labor),0.08375
6071,6295,2025-08-05,15.00,New customer (10% labor),0.08375
6072,6296,2025-08-05,0.00,,0.08375
6073,6299,2025-08-05,0.00,,0.08375
6074,6302,2025-08-05,0.00,,0.08375
6075,6304,2025-08-05,0.00,,0.08375
6076,6303,2025-08-05,0.00,,0.08375
6077,6301,2025-08-05,60.00,New customer (10% labor),0.08375
6078,6305,2025-08-05,15.00,New customer (10% labor),0.08375
6079,6273,2025-08-06,0.00,,0.08375
6080,6307,2025-08-06,0.00,,0.08375
6081,6306,2025-08-06,0.00,,0.08375
6082,6309,2025-08-06,15.00,New customer (10% labor),0.08375
6083,6312,2025-08-06,0.00,,0.08375
6084,6314,2025-08-06,0.00,,0.08375
6085,6311,2025-08-06,0.00,,0.08375
6086,6317,2025-08-06,0.00,,0.08375
6087,6310,2025-08-06,0.00,,0.08375
6088,6313,2025-08-06,37.50,New customer (10% labor),0.08375
6089,6316,2025-08-06,0.00,,0.08375
6090,6308,2025-08-06,0.00,,0.08375
6091,6315,2025-08-06,0.00,,0.08375
6092,6318,2025-08-06,0.00,,0.08375
6093,6323,2025-08-07,0.00,,0.08375
6094,6319,2025-08-07,19.50,Fleet pricing (10% labor),0.08375
6095,6321,2025-08-07,27.00,New customer (10% labor),0.08375
6096,6322,2025-08-07,0.00,,0.08375
6097,6265,2025-08-07,0.00,,0.08375
6098,6325,2025-08-07,0.00,,0.08375
6099,6329,2025-08-07,15.00,Fleet pricing (10% labor),0.08375
6100,6328,2025-08-07,0.00,,0.08375
6101,6326,2025-08-07,0.00,,0.08375
6102,6332,2025-08-07,0.00,,0.08375
6103,6330,2025-08-07,0.00,,0.08375
6104,6333,2025-08-07,52.50,Fleet pricing (10% labor),0.08375
6105,6335,2025-08-07,6.00,New customer (10% labor),0.08375
6106,6336,2025-08-08,0.00,,0.08375
6107,6331,2025-08-08,0.00,,0.08375
6108,6338,2025-08-08,0.00,,0.08375
6109,6341,2025-08-08,0.00,,0.08375
6110,6337,2025-08-08,0.00,,0.08375
6111,6342,2025-08-08,0.00,,0.08375
6112,6339,2025-08-08,0.00,,0.08375
6113,6343,2025-08-08,30.00,New customer (10% labor),0.08375
6114,6344,2025-08-08,19.50,New customer (10% labor),0.08375
6115,6345,2025-08-08,6.00,Fleet pricing (10% labor),0.08375
6116,6347,2025-08-08,19.50,Fleet pricing (10% labor),0.08375
6117,6348,2025-08-08,0.00,,0.08375
6118,6324,2025-08-09,0.00,,0.08375
6119,6350,2025-08-09,6.00,Fleet pricing (10% labor),0.08375
6120,6320,2025-08-09,0.00,,0.08375
6121,6351,2025-08-09,0.00,,0.08375
6122,6346,2025-08-09,0.00,,0.08375
6123,6284,2025-08-09,0.00,,0.08375
6124,6354,2025-08-11,0.00,,0.08375
6125,6340,2025-08-11,45.00,New customer (10% labor),0.08375
6126,6352,2025-08-11,0.00,,0.08375
6127,6356,2025-08-11,25.00,Loyalty reward,0.08375
6128,6349,2025-08-11,60.00,Fleet pricing (10% labor),0.08375
6129,6334,2025-08-11,0.00,,0.08375
6130,6364,2025-08-11,28.50,Fleet pricing (10% labor),0.08375
6131,6267,2025-08-11,0.00,,0.08375
6132,6362,2025-08-11,6.00,Fleet pricing (10% labor),0.08375
6133,6361,2025-08-11,0.00,,0.08375
6134,6368,2025-08-11,0.00,,0.08375
6135,6358,2025-08-11,0.00,,0.08375
6136,6360,2025-08-11,0.00,,0.08375
6137,6369,2025-08-11,0.00,,0.08375
6138,6370,2025-08-11,0.00,,0.08375
6139,6366,2025-08-11,0.00,,0.08375
6140,6371,2025-08-12,6.00,New customer (10% labor),0.08375
6141,6376,2025-08-12,0.00,,0.08375
6142,6372,2025-08-12,0.00,,0.08375
6143,6374,2025-08-12,13.50,Fleet pricing (10% labor),0.08375
6144,6375,2025-08-12,15.00,New customer (10% labor),0.08375
6145,6357,2025-08-12,30.00,Fleet pricing (10% labor),0.08375
6146,6379,2025-08-12,25.00,Loyalty reward,0.08375
6147,6373,2025-08-12,0.00,,0.08375
6148,6359,2025-08-12,39.00,New customer (10% labor),0.08375
6149,6380,2025-08-12,0.00,,0.08375
6150,6377,2025-08-12,0.00,,0.08375
6151,6355,2025-08-12,0.00,,0.08375
6152,6384,2025-08-12,27.00,New customer (10% labor),0.08375
6153,6383,2025-08-12,0.00,,0.08375
6154,6378,2025-08-12,24.00,Fleet pricing (10% labor),0.08375
6155,6386,2025-08-12,6.00,New customer (10% labor),0.08375
6156,6381,2025-08-12,0.00,,0.08375
6157,6382,2025-08-12,0.00,,0.08375
6158,6385,2025-08-12,0.00,,0.08375
6159,6367,2025-08-13,0.00,,0.08375
6160,6387,2025-08-13,0.00,,0.08375
6161,6390,2025-08-13,0.00,,0.08375
6162,6365,2025-08-13,49.50,Fleet pricing (10% labor),0.08375
6163,6388,2025-08-13,13.50,New customer (10% labor),0.08375
6164,6389,2025-08-13,0.00,,0.08375
6165,6391,2025-08-13,18.00,Fleet pricing (10% labor),0.08375
6166,6393,2025-08-13,25.00,Loyalty reward,0.08375
6167,6396,2025-08-13,0.00,,0.08375
6168,6397,2025-08-13,0.00,,0.08375
6169,6394,2025-08-13,25.00,Loyalty reward,0.08375
6170,6392,2025-08-13,0.00,,0.08375
6171,6398,2025-08-13,0.00,,0.08375
6172,6395,2025-08-13,0.00,,0.08375
6173,6400,2025-08-13,0.00,,0.08375
6174,6399,2025-08-14,45.00,New customer (10% labor),0.08375
6175,6401,2025-08-14,0.00,,0.08375
6176,6403,2025-08-14,6.00,Fleet pricing (10% labor),0.08375
6177,6406,2025-08-14,6.00,Fleet pricing (10% labor),0.08375
6178,6402,2025-08-14,0.00,,0.08375
6179,6404,2025-08-14,0.00,,0.08375
6180,6407,2025-08-14,0.00,,0.08375
6181,6408,2025-08-14,0.00,,0.08375
6182,6405,2025-08-14,0.00,,0.08375
6183,6411,2025-08-14,0.00,,0.08375
6184,6410,2025-08-14,0.00,,0.08375
6185,6412,2025-08-14,0.00,,0.08375
6186,6417,2025-08-15,0.00,,0.08375
6187,6413,2025-08-15,33.75,New customer (10% labor),0.08375
6188,6415,2025-08-15,18.00,New customer (10% labor),0.08375
6189,6421,2025-08-15,0.00,,0.08375
6190,6418,2025-08-15,0.00,,0.08375
6191,6422,2025-08-15,27.00,New customer (10% labor),0.08375
6192,6414,2025-08-15,0.00,,0.08375
6193,6425,2025-08-15,6.00,Fleet pricing (10% labor),0.08375
6194,6420,2025-08-15,6.00,New customer (10% labor),0.08375
6195,6419,2025-08-15,84.00,New customer (10% labor),0.08375
6196,6424,2025-08-15,0.00,,0.08375
6197,6427,2025-08-15,0.00,,0.08375
6198,6409,2025-08-15,0.00,,0.08375
6199,6428,2025-08-16,30.00,New customer (10% labor),0.08375
6200,6423,2025-08-16,27.00,Fleet pricing (10% labor),0.08375
6201,6426,2025-08-16,0.00,,0.08375
6202,6429,2025-08-16,13.50,Fleet pricing (10% labor),0.08375
6203,6430,2025-08-16,0.00,,0.08375
6204,6431,2025-08-16,4.50,New customer (10% labor),0.08375
6205,6434,2025-08-16,0.00,,0.08375
6206,6416,2025-08-16,0.00,,0.08375
6207,6433,2025-08-16,0.00,,0.08375
6208,6432,2025-08-18,0.00,,0.08375
6209,6438,2025-08-18,25.00,Loyalty reward,0.08375
6210,6439,2025-08-18,18.00,New customer (10% labor),0.08375
6211,6436,2025-08-18,0.00,,0.08375
6212,6442,2025-08-18,0.00,,0.08375
6213,6435,2025-08-18,0.00,,0.08375
6214,6437,2025-08-18,0.00,,0.08375
6215,6445,2025-08-18,6.00,Fleet pricing (10% labor),0.08375
6216,6440,2025-08-18,0.00,,0.08375
6217,6363,2025-08-18,94.50,Fleet pricing (10% labor),0.08375
6218,6444,2025-08-18,0.00,,0.08375
6219,6449,2025-08-18,0.00,,0.08375
6220,6441,2025-08-18,0.00,,0.08375
6221,6443,2025-08-19,0.00,,0.08375
6222,6450,2025-08-19,0.00,,0.08375
6223,6453,2025-08-19,4.50,New customer (10% labor),0.08375
6224,6455,2025-08-19,0.00,,0.08375
6225,6454,2025-08-19,18.00,Fleet pricing (10% labor),0.08375
6226,6457,2025-08-19,0.00,,0.08375
6227,6459,2025-08-19,6.00,Fleet pricing (10% labor),0.08375
6228,6456,2025-08-19,21.00,New customer (10% labor),0.08375
6229,6460,2025-08-19,0.00,,0.08375
6230,6458,2025-08-19,0.00,,0.08375
6231,6461,2025-08-19,27.00,Fleet pricing (10% labor),0.08375
6232,6465,2025-08-19,0.00,,0.08375
6233,6463,2025-08-20,0.00,,0.08375
6234,6466,2025-08-20,28.50,Fleet pricing (10% labor),0.08375
6235,6467,2025-08-20,0.00,,0.08375
6236,6468,2025-08-20,0.00,,0.08375
6237,6448,2025-08-20,0.00,,0.08375
6238,6473,2025-08-20,0.00,,0.08375
6239,6477,2025-08-20,0.00,,0.08375
6240,6464,2025-08-20,0.00,,0.08375
6241,6478,2025-08-20,0.00,,0.08375
6242,6481,2025-08-20,0.00,,0.08375
6243,6480,2025-08-20,0.00,,0.08375
6244,6470,2025-08-21,0.00,,0.08375
6245,6469,2025-08-21,0.00,,0.08375
6246,6482,2025-08-21,0.00,,0.08375
6247,6475,2025-08-21,0.00,,0.08375
6248,6476,2025-08-21,0.00,,0.08375
6249,6479,2025-08-21,13.50,Fleet pricing (10% labor),0.08375
6250,6472,2025-08-21,0.00,,0.08375
6251,6483,2025-08-21,0.00,,0.08375
6252,6484,2025-08-21,18.00,New customer (10% labor),0.08375
6253,6486,2025-08-21,0.00,,0.08375
6254,6471,2025-08-21,0.00,,0.08375
6255,6485,2025-08-21,0.00,,0.08375
6256,6488,2025-08-21,42.00,New customer (10% labor),0.08375
6257,6487,2025-08-21,0.00,,0.08375
6258,6489,2025-08-21,19.50,Fleet pricing (10% labor),0.08375
6259,6490,2025-08-21,0.00,,0.08375
6260,6491,2025-08-21,10.50,Fleet pricing (10% labor),0.08375
6261,6494,2025-08-22,18.00,New customer (10% labor),0.08375
6262,6495,2025-08-22,0.00,,0.08375
6263,6493,2025-08-22,0.00,,0.08375
6264,6451,2025-08-22,0.00,,0.08375
6265,6500,2025-08-22,0.00,,0.08375
6266,6474,2025-08-22,52.50,Fleet pricing (10% labor),0.08375
6267,6497,2025-08-22,0.00,,0.08375
6268,6501,2025-08-22,0.00,,0.08375
6269,6498,2025-08-22,27.00,New customer (10% labor),0.08375
6270,6503,2025-08-22,0.00,,0.08375
6271,6496,2025-08-22,0.00,,0.08375
6272,6504,2025-08-22,0.00,,0.08375
6273,6499,2025-08-23,0.00,,0.08375
6274,6505,2025-08-23,0.00,,0.08375
6275,6508,2025-08-23,0.00,,0.08375
6276,6506,2025-08-23,0.00,,0.08375
6277,6446,2025-08-23,6.00,Fleet pricing (10% labor),0.08375
6278,6507,2025-08-23,0.00,,0.08375
6279,6509,2025-08-23,0.00,,0.08375
6280,6447,2025-08-23,0.00,,0.08375
6281,6511,2025-08-23,0.00,,0.08375
6282,6510,2025-08-23,27.00,Fleet pricing (10% labor),0.08375
6283,6513,2025-08-25,15.00,Fleet pricing (10% labor),0.08375
6284,6516,2025-08-25,15.00,Fleet pricing (10% labor),0.08375
6285,6515,2025-08-25,0.00,,0.08375
6286,6521,2025-08-25,6.00,Fleet pricing (10% labor),0.08375
6287,6514,2025-08-25,0.00,,0.08375
6288,6522,2025-08-25,0.00,,0.08375
6289,6452,2025-08-25,6.00,Fleet pricing (10% labor),0.08375
6290,6520,2025-08-25,0.00,,0.08375
6291,6523,2025-08-25,0.00,,0.08375
6292,6527,2025-08-25,0.00,,0.08375
6293,6524,2025-08-25,0.00,,0.08375
6294,6462,2025-08-25,0.00,,0.08375
6295,6526,2025-08-25,12.00,Fleet pricing (10% labor),0.08375
6296,6530,2025-08-25,0.00,,0.08375
6297,6517,2025-08-25,0.00,,0.08375
6298,6518,2025-08-25,0.00,,0.08375
6299,6519,2025-08-25,0.00,,0.08375
6300,6529,2025-08-25,0.00,,0.08375
6301,6534,2025-08-26,0.00,,0.08375
6302,6535,2025-08-26,0.00,,0.08375
6303,6531,2025-08-26,55.50,Fleet pricing (10% labor),0.08375
6304,6537,2025-08-26,18.00,Fleet pricing (10% labor),0.08375
6305,6536,2025-08-26,25.00,Loyalty reward,0.08375
6306,6540,2025-08-26,0.00,,0.08375
6307,6538,2025-08-26,0.00,,0.08375
6308,6539,2025-08-26,0.00,,0.08375
6309,6541,2025-08-26,52.50,New customer (10% labor),0.08375
6310,6545,2025-08-26,27.00,Fleet pricing (10% labor),0.08375
6311,6528,2025-08-26,25.00,Loyalty reward,0.08375
6312,6546,2025-08-27,0.00,,0.08375
6313,6543,2025-08-27,33.00,Fleet pricing (10% labor),0.08375
6314,6548,2025-08-27,0.00,,0.08375
6315,6549,2025-08-27,0.00,,0.08375
6316,6544,2025-08-27,18.00,New customer (10% labor),0.08375
6317,6551,2025-08-27,0.00,,0.08375
6318,6550,2025-08-27,0.00,,0.08375
6319,6533,2025-08-27,0.00,,0.08375
6320,6547,2025-08-27,28.50,New customer (10% labor),0.08375
6321,6558,2025-08-27,15.00,New customer (10% labor),0.08375
6322,6525,2025-08-27,0.00,,0.08375
6323,6553,2025-08-27,0.00,,0.08375
6324,6559,2025-08-27,0.00,,0.08375
6325,6532,2025-08-27,0.00,,0.08375
6326,6542,2025-08-27,67.50,Fleet pricing (10% labor),0.08375
6327,6556,2025-08-27,18.00,New customer (10% labor),0.08375
6328,6552,2025-08-27,0.00,,0.08375
6329,6557,2025-08-27,0.00,,0.08375
6330,6555,2025-08-28,0.00,,0.08375
6331,6562,2025-08-28,15.00,Fleet pricing (10% labor),0.08375
6332,6560,2025-08-28,27.00,New customer (10% labor),0.08375
6333,6561,2025-08-28,0.00,,0.08375
6334,6566,2025-08-28,0.00,,0.08375
6335,6564,2025-08-28,0.00,,0.08375
6336,6563,2025-08-28,0.00,,0.08375
6337,6565,2025-08-28,0.00,,0.08375
6338,6567,2025-08-28,27.00,New customer (10% labor),0.08375
6339,6568,2025-08-28,21.00,New customer (10% labor),0.08375
6340,6512,2025-08-28,0.00,,0.08375
6341,6571,2025-08-28,0.00,,0.08375
6342,6570,2025-08-28,0.00,,0.08375
6343,6569,2025-08-28,0.00,,0.08375
6344,6574,2025-08-29,0.00,,0.08375
6345,6577,2025-08-29,0.00,,0.08375
6346,6581,2025-08-29,0.00,,0.08375
6347,6576,2025-08-29,0.00,,0.08375
6348,6582,2025-08-29,0.00,,0.08375
6349,6579,2025-08-29,0.00,,0.08375
6350,6575,2025-08-29,0.00,,0.08375
6351,6580,2025-08-29,15.00,New customer (10% labor),0.08375
6352,6578,2025-08-29,0.00,,0.08375
6353,6584,2025-08-29,0.00,,0.08375
6354,6583,2025-08-29,6.00,Fleet pricing (10% labor),0.08375
6355,6585,2025-08-29,0.00,,0.08375
6356,6586,2025-08-29,15.00,New customer (10% labor),0.08375
6357,6587,2025-08-29,0.00,,0.08375
6358,6588,2025-08-29,13.50,Fleet pricing (10% labor),0.08375
6359,6589,2025-08-29,0.00,,0.08375
6360,6590,2025-08-30,25.00,Loyalty reward,0.08375
6361,6595,2025-08-30,15.00,Fleet pricing (10% labor),0.08375
6362,6592,2025-08-30,0.00,,0.08375
6363,6594,2025-08-30,0.00,,0.08375
6364,6598,2025-08-30,6.00,Fleet pricing (10% labor),0.08375
6365,6596,2025-09-02,0.00,,0.08375
6366,6604,2025-09-02,6.00,Fleet pricing (10% labor),0.08375
6367,6608,2025-09-02,0.00,,0.08375
6368,6599,2025-09-02,0.00,,0.08375
6369,6610,2025-09-02,0.00,,0.08375
6370,6597,2025-09-02,0.00,,0.08375
6371,6600,2025-09-02,0.00,,0.08375
6372,6613,2025-09-02,0.00,,0.08375
6373,6554,2025-09-02,0.00,,0.08375
6374,6601,2025-09-02,52.50,New customer (10% labor),0.08375
6375,6615,2025-09-02,0.00,,0.08375
6376,6602,2025-09-02,15.00,Fleet pricing (10% labor),0.08375
6377,6605,2025-09-02,0.00,,0.08375
6378,6606,2025-09-02,0.00,,0.08375
6379,6591,2025-09-02,75.00,Fleet pricing (10% labor),0.08375
6380,6603,2025-09-02,22.50,New customer (10% labor),0.08375
6381,6607,2025-09-02,0.00,,0.08375
6382,6619,2025-09-02,0.00,,0.08375
6383,6618,2025-09-02,0.00,,0.08375
6384,6622,2025-09-03,0.00,,0.08375
6385,6626,2025-09-03,0.00,,0.08375
6386,6628,2025-09-03,0.00,,0.08375
6387,6627,2025-09-03,0.00,,0.08375
6388,6629,2025-09-03,0.00,,0.08375
6389,6614,2025-09-03,27.00,Fleet pricing (10% labor),0.08375
6390,6623,2025-09-03,25.00,Loyalty reward,0.08375
6391,6624,2025-09-03,6.75,New customer (10% labor),0.08375
6392,6609,2025-09-03,0.00,,0.08375
6393,6631,2025-09-03,0.00,,0.08375
6394,6634,2025-09-03,21.00,New customer (10% labor),0.08375
6395,6573,2025-09-03,37.50,New customer (10% labor),0.08375
6396,6636,2025-09-03,0.00,,0.08375
6397,6621,2025-09-03,27.00,Fleet pricing (10% labor),0.08375
6398,6625,2025-09-03,6.00,New customer (10% labor),0.08375
6399,6635,2025-09-03,27.00,New customer (10% labor),0.08375
6400,6637,2025-09-03,7.50,New customer (10% labor),0.08375
6401,6630,2025-09-03,28.50,Fleet pricing (10% labor),0.08375
6402,6633,2025-09-03,6.00,Fleet pricing (10% labor),0.08375
6403,6641,2025-09-04,0.00,,0.08375
6404,6639,2025-09-04,0.00,,0.08375
6405,6572,2025-09-04,0.00,,0.08375
6406,6640,2025-09-04,0.00,,0.08375
6407,6642,2025-09-04,6.00,New customer (10% labor),0.08375
6408,6632,2025-09-04,0.00,,0.08375
6409,6644,2025-09-04,0.00,,0.08375
6410,6612,2025-09-04,25.00,Loyalty reward,0.08375
6411,6643,2025-09-04,12.00,Fleet pricing (10% labor),0.08375
6412,6645,2025-09-05,0.00,,0.08375
6413,6646,2025-09-05,15.00,Fleet pricing (10% labor),0.08375
6414,6651,2025-09-05,0.00,,0.08375
6415,6647,2025-09-05,25.00,Loyalty reward,0.08375
6416,6648,2025-09-05,0.00,,0.08375
6417,6652,2025-09-05,6.00,New customer (10% labor),0.08375
6418,6649,2025-09-05,0.00,,0.08375
6419,6650,2025-09-05,0.00,,0.08375
6420,6653,2025-09-05,0.00,,0.08375
6421,6654,2025-09-05,0.00,,0.08375
6422,6655,2025-09-05,0.00,,0.08375
6423,6657,2025-09-06,6.00,Fleet pricing (10% labor),0.08375
6424,6658,2025-09-06,0.00,,0.08375
6425,6656,2025-09-06,0.00,,0.08375
6426,6661,2025-09-06,9.00,Fleet pricing (10% labor),0.08375
6427,6593,2025-09-06,0.00,,0.08375
6428,6660,2025-09-08,0.00,,0.08375
6429,6667,2025-09-08,0.00,,0.08375
6430,6664,2025-09-08,0.00,,0.08375
6431,6663,2025-09-08,27.00,Fleet pricing (10% labor),0.08375
6432,6672,2025-09-08,0.00,,0.08375
6433,6669,2025-09-08,18.00,Fleet pricing (10% labor),0.08375
6434,6670,2025-09-08,0.00,,0.08375
6435,6674,2025-09-08,6.00,Fleet pricing (10% labor),0.08375
6436,6662,2025-09-08,0.00,,0.08375
6437,6673,2025-09-08,0.00,,0.08375
6438,6675,2025-09-08,0.00,,0.08375
6439,6679,2025-09-08,0.00,,0.08375
6440,6678,2025-09-09,10.50,Fleet pricing (10% labor),0.08375
6441,6671,2025-09-09,0.00,,0.08375
6442,6681,2025-09-09,25.00,Loyalty reward,0.08375
6443,6682,2025-09-09,0.00,,0.08375
6444,6680,2025-09-09,15.00,New customer (10% labor),0.08375
6445,6685,2025-09-09,0.00,,0.08375
6446,6686,2025-09-09,0.00,,0.08375
6447,6683,2025-09-09,67.50,Fleet pricing (10% labor),0.08375
6448,6689,2025-09-09,0.00,,0.08375
6449,6665,2025-09-09,0.00,,0.08375
6450,6677,2025-09-09,60.00,Fleet pricing (10% labor),0.08375
6451,6684,2025-09-09,0.00,,0.08375
6452,6692,2025-09-09,0.00,,0.08375
6453,6687,2025-09-10,0.00,,0.08375
6454,6688,2025-09-10,19.50,New customer (10% labor),0.08375
6455,6691,2025-09-10,4.50,New customer (10% labor),0.08375
6456,6693,2025-09-10,21.00,Fleet pricing (10% labor),0.08375
6457,6695,2025-09-10,20.25,New customer (10% labor),0.08375
6458,6697,2025-09-10,0.00,,0.08375
6459,6694,2025-09-10,0.00,,0.08375
6460,6698,2025-09-10,22.50,New customer (10% labor),0.08375
6461,6701,2025-09-10,24.00,New customer (10% labor),0.08375
6462,6699,2025-09-10,18.00,New customer (10% labor),0.08375
6463,6690,2025-09-10,0.00,,0.08375
6464,6696,2025-09-10,25.00,Loyalty reward,0.08375
6465,6700,2025-09-10,15.00,Fleet pricing (10% labor),0.08375
6466,6702,2025-09-10,0.00,,0.08375
6467,6706,2025-09-10,0.00,,0.08375
6468,6703,2025-09-10,0.00,,0.08375
6469,6705,2025-09-10,7.50,New customer (10% labor),0.08375
6470,6707,2025-09-10,15.00,New customer (10% labor),0.08375
6471,6704,2025-09-10,16.50,Fleet pricing (10% labor),0.08375
6472,6709,2025-09-10,19.50,New customer (10% labor),0.08375
6473,6715,2025-09-11,22.50,New customer (10% labor),0.08375
6474,6708,2025-09-11,30.00,New customer (10% labor),0.08375
6475,6719,2025-09-11,0.00,,0.08375
6476,6711,2025-09-11,37.50,Fleet pricing (10% labor),0.08375
6477,6722,2025-09-11,6.00,Fleet pricing (10% labor),0.08375
6478,6717,2025-09-11,0.00,,0.08375
6479,6720,2025-09-11,13.50,New customer (10% labor),0.08375
6480,6721,2025-09-11,0.00,,0.08375
6481,6725,2025-09-11,0.00,,0.08375
6482,6712,2025-09-11,0.00,,0.08375
6483,6710,2025-09-11,0.00,,0.08375
6484,6718,2025-09-11,0.00,,0.08375
6485,6723,2025-09-11,0.00,,0.08375
6486,6724,2025-09-11,0.00,,0.08375
6487,6713,2025-09-11,22.50,New customer (10% labor),0.08375
6488,6716,2025-09-11,22.50,Fleet pricing (10% labor),0.08375
6489,6727,2025-09-11,0.00,,0.08375
6490,6714,2025-09-12,75.00,Fleet pricing (10% labor),0.08375
6491,6730,2025-09-12,0.00,,0.08375
6492,6729,2025-09-12,0.00,,0.08375
6493,6734,2025-09-12,0.00,,0.08375
6494,6735,2025-09-12,0.00,,0.08375
6495,6731,2025-09-12,0.00,,0.08375
6496,6733,2025-09-12,0.00,,0.08375
6497,6736,2025-09-12,0.00,,0.08375
6498,6737,2025-09-12,30.00,New customer (10% labor),0.08375
6499,6739,2025-09-12,39.00,New customer (10% labor),0.08375
6500,6741,2025-09-13,0.00,,0.08375
6501,6745,2025-09-13,6.00,Fleet pricing (10% labor),0.08375
6502,6742,2025-09-13,18.00,Fleet pricing (10% labor),0.08375
6503,6747,2025-09-13,0.00,,0.08375
6504,6738,2025-09-13,25.00,Loyalty reward,0.08375
6505,6740,2025-09-13,18.00,Fleet pricing (10% labor),0.08375
6506,6746,2025-09-13,0.00,,0.08375
6507,6744,2025-09-13,60.00,Fleet pricing (10% labor),0.08375
6508,6732,2025-09-13,63.00,New customer (10% labor),0.08375
6509,6748,2025-09-13,18.00,Fleet pricing (10% labor),0.08375
6510,6754,2025-09-13,0.00,,0.08375
6511,6750,2025-09-15,0.00,,0.08375
6512,6752,2025-09-15,0.00,,0.08375
6513,6753,2025-09-15,0.00,,0.08375
6514,6751,2025-09-15,0.00,,0.08375
6515,6728,2025-09-15,45.00,Fleet pricing (10% labor),0.08375
6516,6743,2025-09-15,70.50,Fleet pricing (10% labor),0.08375
6517,6757,2025-09-15,15.00,New customer (10% labor),0.08375
6518,6749,2025-09-15,0.00,,0.08375
6519,6759,2025-09-15,0.00,,0.08375
6520,6756,2025-09-15,0.00,,0.08375
6521,6760,2025-09-15,0.00,,0.08375
6522,6763,2025-09-15,25.00,Loyalty reward,0.08375
6523,6755,2025-09-15,0.00,,0.08375
6524,6761,2025-09-15,0.00,,0.08375
6525,6764,2025-09-15,0.00,,0.08375
6526,6766,2025-09-15,6.00,Fleet pricing (10% labor),0.08375
6527,6768,2025-09-15,6.00,Fleet pricing (10% labor),0.08375
6528,6769,2025-09-15,0.00,,0.08375
6529,6762,2025-09-15,0.00,,0.08375
6530,6767,2025-09-15,0.00,,0.08375
6531,6770,2025-09-15,0.00,,0.08375
6532,6771,2025-09-16,0.00,,0.08375
6533,6772,2025-09-16,0.00,,0.08375
6534,6773,2025-09-16,18.00,Fleet pricing (10% labor),0.08375
6535,6776,2025-09-16,6.00,Fleet pricing (10% labor),0.08375
6536,6778,2025-09-16,7.50,New customer (10% labor),0.08375
6537,6775,2025-09-16,0.00,,0.08375
6538,6777,2025-09-16,19.50,Fleet pricing (10% labor),0.08375
6539,6780,2025-09-16,0.00,,0.08375
6540,6774,2025-09-16,0.00,,0.08375
6541,6781,2025-09-16,0.00,,0.08375
6542,6782,2025-09-16,0.00,,0.08375
6543,6783,2025-09-16,0.00,,0.08375
6544,6785,2025-09-16,0.00,,0.08375
6545,6779,2025-09-16,0.00,,0.08375
6546,6765,2025-09-17,0.00,,0.08375
6547,6787,2025-09-17,0.00,,0.08375
6548,6789,2025-09-17,21.00,Fleet pricing (10% labor),0.08375
6549,6792,2025-09-17,0.00,,0.08375
6550,6788,2025-09-17,27.00,New customer (10% labor),0.08375
6551,6791,2025-09-17,28.50,Fleet pricing (10% labor),0.08375
6552,6790,2025-09-17,33.75,New customer (10% labor),0.08375
6553,6795,2025-09-17,0.00,,0.08375
6554,6793,2025-09-17,0.00,,0.08375
6555,6796,2025-09-17,0.00,,0.08375
6556,6794,2025-09-17,0.00,,0.08375
6557,6798,2025-09-17,0.00,,0.08375
6558,6797,2025-09-17,0.00,,0.08375
6559,6799,2025-09-17,33.00,Fleet pricing (10% labor),0.08375
6560,6786,2025-09-18,0.00,,0.08375
6561,6800,2025-09-18,0.00,,0.08375
6562,6803,2025-09-18,9.00,Fleet pricing (10% labor),0.08375
6563,6802,2025-09-18,22.50,New customer (10% labor),0.08375
6564,6801,2025-09-18,0.00,,0.08375
6565,6804,2025-09-18,0.00,,0.08375
6566,6805,2025-09-18,6.00,New customer (10% labor),0.08375
6567,6806,2025-09-18,28.50,New customer (10% labor),0.08375
6568,6808,2025-09-18,0.00,,0.08375
6569,6807,2025-09-18,22.50,New customer (10% labor),0.08375
6570,6809,2025-09-18,0.00,,0.08375
6571,6810,2025-09-19,48.75,New customer (10% labor),0.08375
6572,6811,2025-09-19,0.00,,0.08375
6573,6812,2025-09-19,0.00,,0.08375
6574,6815,2025-09-19,0.00,,0.08375
6575,6813,2025-09-19,18.00,Fleet pricing (10% labor),0.08375
6576,6819,2025-09-19,0.00,,0.08375
6577,6814,2025-09-19,0.00,,0.08375
6578,6822,2025-09-19,0.00,,0.08375
6579,6817,2025-09-19,0.00,,0.08375
6580,6816,2025-09-19,0.00,,0.08375
6581,6818,2025-09-19,0.00,,0.08375
6582,6820,2025-09-19,0.00,,0.08375
6583,6824,2025-09-19,0.00,,0.08375
6584,6821,2025-09-19,0.00,,0.08375
6585,6825,2025-09-19,0.00,,0.08375
6586,6826,2025-09-20,0.00,,0.08375
6587,6827,2025-09-20,19.50,New customer (10% labor),0.08375
6588,6831,2025-09-20,0.00,,0.08375
6589,6829,2025-09-20,19.50,New customer (10% labor),0.08375
6590,6830,2025-09-20,0.00,,0.08375
6591,6828,2025-09-20,0.00,,0.08375
6592,6832,2025-09-20,12.00,Fleet pricing (10% labor),0.08375
6593,6833,2025-09-20,24.00,Fleet pricing (10% labor),0.08375
6594,6835,2025-09-22,0.00,,0.08375
6595,6837,2025-09-22,0.00,,0.08375
6596,6834,2025-09-22,0.00,,0.08375
6597,6842,2025-09-22,0.00,,0.08375
6598,6841,2025-09-22,0.00,,0.08375
6599,6836,2025-09-22,27.00,Fleet pricing (10% labor),0.08375
6600,6840,2025-09-22,0.00,,0.08375
6601,6839,2025-09-22,0.00,,0.08375
6602,6838,2025-09-22,0.00,,0.08375
6603,6844,2025-09-22,0.00,,0.08375
6604,6843,2025-09-22,0.00,,0.08375
6605,6848,2025-09-22,0.00,,0.08375
6606,6850,2025-09-22,9.00,Fleet pricing (10% labor),0.08375
6607,6849,2025-09-22,0.00,,0.08375
6608,6784,2025-09-22,0.00,,0.08375
6609,6851,2025-09-23,0.00,,0.08375
6610,6852,2025-09-23,6.00,Fleet pricing (10% labor),0.08375
6611,6847,2025-09-23,0.00,,0.08375
6612,6854,2025-09-23,15.00,New customer (10% labor),0.08375
6613,6855,2025-09-23,0.00,,0.08375
6614,6857,2025-09-23,6.00,Fleet pricing (10% labor),0.08375
6615,6856,2025-09-23,0.00,,0.08375
6616,6858,2025-09-23,0.00,,0.08375
6617,6860,2025-09-23,0.00,,0.08375
6618,6862,2025-09-23,0.00,,0.08375
6619,6845,2025-09-23,0.00,,0.08375
6620,6861,2025-09-23,0.00,,0.08375
6621,6864,2025-09-24,6.00,Fleet pricing (10% labor),0.08375
6622,6863,2025-09-24,18.00,New customer (10% labor),0.08375
6623,6866,2025-09-24,0.00,,0.08375
6624,6865,2025-09-24,0.00,,0.08375
6625,6868,2025-09-24,12.00,New customer (10% labor),0.08375
6626,6870,2025-09-24,0.00,,0.08375
6627,6869,2025-09-24,27.00,New customer (10% labor),0.08375
6628,6867,2025-09-24,45.00,New customer (10% labor),0.08375
6629,6872,2025-09-24,0.00,,0.08375
6630,6873,2025-09-24,0.00,,0.08375
6631,6875,2025-09-25,0.00,,0.08375
6632,6874,2025-09-25,0.00,,0.08375
6633,6877,2025-09-25,0.00,,0.08375
6634,6880,2025-09-25,10.50,New customer (10% labor),0.08375
6635,6882,2025-09-25,0.00,,0.08375
6636,6876,2025-09-25,0.00,,0.08375
6637,6883,2025-09-25,0.00,,0.08375
6638,6879,2025-09-25,0.00,,0.08375
6639,6859,2025-09-25,0.00,,0.08375
6640,6846,2025-09-25,0.00,,0.08375
6641,6884,2025-09-25,0.00,,0.08375
6642,6881,2025-09-25,0.00,,0.08375
6643,6885,2025-09-25,18.00,Fleet pricing (10% labor),0.08375
6644,6887,2025-09-25,0.00,,0.08375
6645,6886,2025-09-25,15.00,Fleet pricing (10% labor),0.08375
6646,6888,2025-09-25,0.00,,0.08375
6647,6889,2025-09-25,9.00,New customer (10% labor),0.08375
6648,6891,2025-09-25,45.00,Fleet pricing (10% labor),0.08375
6649,6893,2025-09-26,0.00,,0.08375
6650,6890,2025-09-26,0.00,,0.08375
6651,6892,2025-09-26,0.00,,0.08375
6652,6894,2025-09-26,0.00,,0.08375
6653,6895,2025-09-26,0.00,,0.08375
6654,6896,2025-09-26,0.00,,0.08375
6655,6897,2025-09-26,0.00,,0.08375
6656,6898,2025-09-26,6.00,Fleet pricing (10% labor),0.08375
6657,6899,2025-09-26,0.00,,0.08375
6658,6901,2025-09-26,0.00,,0.08375
6659,6903,2025-09-26,22.50,Fleet pricing (10% labor),0.08375
6660,6823,2025-09-26,67.50,New customer (10% labor),0.08375
6661,6904,2025-09-26,0.00,,0.08375
6662,6905,2025-09-26,0.00,,0.08375
6663,6906,2025-09-26,10.50,Fleet pricing (10% labor),0.08375
6664,6911,2025-09-27,6.00,Fleet pricing (10% labor),0.08375
6665,6909,2025-09-27,0.00,,0.08375
6666,6908,2025-09-27,0.00,,0.08375
6667,6910,2025-09-27,12.00,Fleet pricing (10% labor),0.08375
6668,6912,2025-09-29,0.00,,0.08375
6669,6913,2025-09-29,0.00,,0.08375
6670,6917,2025-09-29,0.00,,0.08375
6671,6914,2025-09-29,0.00,,0.08375
6672,6916,2025-09-29,12.00,Fleet pricing (10% labor),0.08375
6673,6902,2025-09-29,0.00,,0.08375
6674,6922,2025-09-29,0.00,,0.08375
6675,6920,2025-09-29,0.00,,0.08375
6676,6915,2025-09-29,0.00,,0.08375
6677,6924,2025-09-29,0.00,,0.08375
6678,6918,2025-09-29,0.00,,0.08375
6679,6921,2025-09-29,0.00,,0.08375
6680,6923,2025-09-29,0.00,,0.08375
6681,6928,2025-09-30,0.00,,0.08375
6682,6925,2025-09-30,0.00,,0.08375
6683,6931,2025-09-30,12.00,Fleet pricing (10% labor),0.08375
6684,6929,2025-09-30,30.00,New customer (10% labor),0.08375
6685,6933,2025-09-30,0.00,,0.08375
6686,6930,2025-09-30,0.00,,0.08375
6687,6932,2025-09-30,31.50,New customer (10% labor),0.08375
6688,6934,2025-09-30,15.00,New customer (10% labor),0.08375
6689,6937,2025-09-30,9.00,Fleet pricing (10% labor),0.08375
6690,6938,2025-09-30,0.00,,0.08375
6691,6944,2025-10-01,6.00,Fleet pricing (10% labor),0.08375
6692,6939,2025-10-01,18.00,Fleet pricing (10% labor),0.08375
6693,6940,2025-10-01,27.00,Fleet pricing (10% labor),0.08375
6694,6947,2025-10-01,4.50,Fleet pricing (10% labor),0.08375
6695,6936,2025-10-01,73.50,Fleet pricing (10% labor),0.08375
6696,6941,2025-10-01,0.00,,0.08375
6697,6935,2025-10-01,84.00,New customer (10% labor),0.08375
6698,6950,2025-10-01,0.00,,0.08375
6699,6943,2025-10-01,0.00,,0.08375
6700,6946,2025-10-01,0.00,,0.08375
6701,6948,2025-10-01,54.00,Fleet pricing (10% labor),0.08375
6702,6949,2025-10-01,9.00,New customer (10% labor),0.08375
6703,6951,2025-10-01,0.00,,0.08375
6704,6919,2025-10-01,0.00,,0.08375
6705,6952,2025-10-01,0.00,,0.08375
6706,6953,2025-10-01,0.00,,0.08375
6707,6954,2025-10-01,0.00,,0.08375
6708,6955,2025-10-02,0.00,,0.08375
6709,6956,2025-10-02,0.00,,0.08375
6710,6927,2025-10-02,33.00,New customer (10% labor),0.08375
6711,6962,2025-10-02,0.00,,0.08375
6712,6957,2025-10-02,0.00,,0.08375
6713,6958,2025-10-02,0.00,,0.08375
6714,6963,2025-10-02,0.00,,0.08375
6715,6960,2025-10-02,0.00,,0.08375
6716,6961,2025-10-02,0.00,,0.08375
6717,6964,2025-10-02,0.00,,0.08375
6718,6959,2025-10-02,0.00,,0.08375
6719,6965,2025-10-03,0.00,,0.08375
6720,6966,2025-10-03,18.00,Fleet pricing (10% labor),0.08375
6721,6967,2025-10-03,0.00,,0.08375
6722,6969,2025-10-03,0.00,,0.08375
6723,6945,2025-10-03,0.00,,0.08375
6724,6971,2025-10-03,0.00,,0.08375
6725,6973,2025-10-03,25.00,Loyalty reward,0.08375
6726,6974,2025-10-03,0.00,,0.08375
6727,6975,2025-10-03,0.00,,0.08375
6728,6968,2025-10-03,0.00,,0.08375
6729,6976,2025-10-03,0.00,,0.08375
6730,6977,2025-10-03,25.00,Loyalty reward,0.08375
6731,6972,2025-10-04,73.50,Fleet pricing (10% labor),0.08375
6732,6979,2025-10-04,0.00,,0.08375
6733,6983,2025-10-04,0.00,,0.08375
6734,6980,2025-10-04,0.00,,0.08375
6735,6985,2025-10-04,0.00,,0.08375
6736,6984,2025-10-04,0.00,,0.08375
6737,6942,2025-10-04,0.00,,0.08375
6738,6982,2025-10-04,0.00,,0.08375
6739,6981,2025-10-04,0.00,,0.08375
6740,6987,2025-10-04,24.00,New customer (10% labor),0.08375
6741,6989,2025-10-06,0.00,,0.08375
6742,6990,2025-10-06,6.00,Fleet pricing (10% labor),0.08375
6743,6992,2025-10-06,0.00,,0.08375
6744,6988,2025-10-06,0.00,,0.08375
6745,6986,2025-10-06,0.00,,0.08375
6746,6991,2025-10-06,0.00,,0.08375
6747,6996,2025-10-06,0.00,,0.08375
6748,6999,2025-10-06,0.00,,0.08375
6749,6993,2025-10-06,0.00,,0.08375
6750,6998,2025-10-06,9.00,Fleet pricing (10% labor),0.08375
6751,7002,2025-10-06,0.00,,0.08375
6752,6997,2025-10-06,15.00,Fleet pricing (10% labor),0.08375
6753,6926,2025-10-06,0.00,,0.08375
6754,7005,2025-10-06,18.00,Fleet pricing (10% labor),0.08375
6755,7003,2025-10-06,0.00,,0.08375
6756,7000,2025-10-06,0.00,,0.08375
6757,7010,2025-10-06,22.50,Fleet pricing (10% labor),0.08375
6758,7001,2025-10-06,30.00,Fleet pricing (10% labor),0.08375
6759,7004,2025-10-07,0.00,,0.08375
6760,7014,2025-10-07,0.00,,0.08375
6761,7008,2025-10-07,0.00,,0.08375
6762,7006,2025-10-07,0.00,,0.08375
6763,7011,2025-10-07,52.50,Fleet pricing (10% labor),0.08375
6764,7012,2025-10-07,9.00,Fleet pricing (10% labor),0.08375
6765,7020,2025-10-07,0.00,,0.08375
6766,7013,2025-10-07,10.50,Fleet pricing (10% labor),0.08375
6767,7015,2025-10-07,0.00,,0.08375
6768,7024,2025-10-07,0.00,,0.08375
6769,7017,2025-10-07,6.00,New customer (10% labor),0.08375
6770,7025,2025-10-07,0.00,,0.08375
6771,7021,2025-10-07,0.00,,0.08375
6772,6995,2025-10-07,0.00,,0.08375
6773,7022,2025-10-07,25.00,Loyalty reward,0.08375
6774,7029,2025-10-07,0.00,,0.08375
6775,7019,2025-10-07,0.00,,0.08375
6776,7026,2025-10-07,6.00,New customer (10% labor),0.08375
6777,7009,2025-10-08,0.00,,0.08375
6778,7018,2025-10-08,0.00,,0.08375
6779,7030,2025-10-08,0.00,,0.08375
6780,6994,2025-10-08,0.00,,0.08375
6781,7031,2025-10-08,0.00,,0.08375
6782,7036,2025-10-08,0.00,,0.08375
6783,7034,2025-10-08,15.00,New customer (10% labor),0.08375
6784,7032,2025-10-08,25.00,Loyalty reward,0.08375
6785,7035,2025-10-08,6.00,New customer (10% labor),0.08375
6786,7037,2025-10-08,0.00,,0.08375
6787,7039,2025-10-08,0.00,,0.08375
6788,7040,2025-10-09,0.00,,0.08375
6789,7043,2025-10-09,0.00,,0.08375
6790,7046,2025-10-09,0.00,,0.08375
6791,7042,2025-10-09,0.00,,0.08375
6792,7048,2025-10-09,6.00,New customer (10% labor),0.08375
6793,7045,2025-10-09,0.00,,0.08375
6794,7047,2025-10-09,0.00,,0.08375
6795,7054,2025-10-09,0.00,,0.08375
6796,7055,2025-10-09,6.00,Fleet pricing (10% labor),0.08375
6797,7044,2025-10-09,15.00,Fleet pricing (10% labor),0.08375
6798,7023,2025-10-09,34.50,Fleet pricing (10% labor),0.08375
6799,7056,2025-10-09,6.00,Fleet pricing (10% labor),0.08375
6800,7049,2025-10-09,0.00,,0.08375
6801,7052,2025-10-09,0.00,,0.08375
6802,7051,2025-10-09,18.75,New customer (10% labor),0.08375
6803,7057,2025-10-10,0.00,,0.08375
6804,7059,2025-10-10,0.00,,0.08375
6805,7061,2025-10-10,0.00,,0.08375
6806,7060,2025-10-10,0.00,,0.08375
6807,7065,2025-10-10,21.00,New customer (10% labor),0.08375
6808,7050,2025-10-10,0.00,,0.08375
6809,7066,2025-10-10,0.00,,0.08375
6810,7071,2025-10-11,0.00,,0.08375
6811,7062,2025-10-11,0.00,,0.08375
6812,7068,2025-10-11,0.00,,0.08375
6813,7073,2025-10-11,0.00,,0.08375
6814,7072,2025-10-11,0.00,,0.08375
6815,7041,2025-10-11,0.00,,0.08375
6816,7067,2025-10-13,0.00,,0.08375
6817,7074,2025-10-13,9.00,Fleet pricing (10% labor),0.08375
6818,7070,2025-10-13,30.00,Fleet pricing (10% labor),0.08375
6819,7077,2025-10-13,6.00,Fleet pricing (10% labor),0.08375
6820,7076,2025-10-13,0.00,,0.08375
6821,7069,2025-10-13,33.00,Fleet pricing (10% labor),0.08375
6822,7079,2025-10-13,0.00,,0.08375
6823,7075,2025-10-13,61.50,Fleet pricing (10% labor),0.08375
6824,7081,2025-10-13,0.00,,0.08375
6825,7078,2025-10-13,0.00,,0.08375
6826,7028,2025-10-13,0.00,,0.08375
6827,7087,2025-10-13,25.00,Loyalty reward,0.08375
6828,7007,2025-10-14,150.00,New customer (10% labor),0.08375
6829,7088,2025-10-14,0.00,,0.08375
6830,7093,2025-10-14,0.00,,0.08375
6831,7092,2025-10-14,25.00,Loyalty reward,0.08375
6832,7080,2025-10-14,0.00,,0.08375
6833,7094,2025-10-14,6.00,New customer (10% labor),0.08375
6834,7095,2025-10-14,6.00,New customer (10% labor),0.08375
6835,7097,2025-10-14,0.00,,0.08375
6836,7098,2025-10-14,6.00,Fleet pricing (10% labor),0.08375
6837,7096,2025-10-14,6.00,Fleet pricing (10% labor),0.08375
6838,7085,2025-10-14,18.00,New customer (10% labor),0.08375
6839,7099,2025-10-14,0.00,,0.08375
6840,7089,2025-10-14,0.00,,0.08375
6841,7100,2025-10-14,0.00,,0.08375
6842,7101,2025-10-14,0.00,,0.08375
6843,7091,2025-10-14,0.00,,0.08375
6844,7102,2025-10-14,0.00,,0.08375
6845,7038,2025-10-14,0.00,,0.08375
6846,7103,2025-10-15,0.00,,0.08375
6847,7105,2025-10-15,13.50,Fleet pricing (10% labor),0.08375
6848,7086,2025-10-15,0.00,,0.08375
6849,7106,2025-10-15,0.00,,0.08375
6850,7082,2025-10-15,0.00,,0.08375
6851,7112,2025-10-15,0.00,,0.08375
6852,7053,2025-10-15,112.50,New customer (10% labor),0.08375
6853,7113,2025-10-15,30.00,Fleet pricing (10% labor),0.08375
6854,7108,2025-10-15,37.50,Fleet pricing (10% labor),0.08375
6855,7114,2025-10-15,6.00,Fleet pricing (10% labor),0.08375
6856,7110,2025-10-15,0.00,,0.08375
6857,7109,2025-10-15,0.00,,0.08375
6858,7116,2025-10-15,15.00,Fleet pricing (10% labor),0.08375
6859,7115,2025-10-15,0.00,,0.08375
6860,7118,2025-10-15,0.00,,0.08375
6861,7117,2025-10-16,0.00,,0.08375
6862,7119,2025-10-16,0.00,,0.08375
6863,7107,2025-10-16,0.00,,0.08375
6864,7121,2025-10-16,0.00,,0.08375
6865,7122,2025-10-16,13.50,Fleet pricing (10% labor),0.08375
6866,7120,2025-10-16,0.00,,0.08375
6867,7123,2025-10-16,0.00,,0.08375
6868,7090,2025-10-16,30.00,New customer (10% labor),0.08375
6869,7126,2025-10-16,0.00,,0.08375
6870,7125,2025-10-16,0.00,,0.08375
6871,7127,2025-10-16,18.00,Fleet pricing (10% labor),0.08375
6872,7128,2025-10-16,15.00,Fleet pricing (10% labor),0.08375
6873,7124,2025-10-17,0.00,,0.08375
6874,7129,2025-10-17,0.00,,0.08375
6875,7133,2025-10-17,0.00,,0.08375
6876,7130,2025-10-17,31.50,Fleet pricing (10% labor),0.08375
6877,7135,2025-10-17,0.00,,0.08375
6878,7138,2025-10-17,0.00,,0.08375
6879,7136,2025-10-17,0.00,,0.08375
6880,7134,2025-10-17,0.00,,0.08375
6881,7132,2025-10-17,0.00,,0.08375
6882,7131,2025-10-17,0.00,,0.08375
6883,7140,2025-10-17,9.00,New customer (10% labor),0.08375
6884,7139,2025-10-17,0.00,,0.08375
6885,7141,2025-10-17,18.00,Fleet pricing (10% labor),0.08375
6886,7142,2025-10-17,0.00,,0.08375
6887,7143,2025-10-18,0.00,,0.08375
6888,7146,2025-10-18,6.00,Fleet pricing (10% labor),0.08375
6889,7148,2025-10-18,0.00,,0.08375
6890,7084,2025-10-18,0.00,,0.08375
6891,7149,2025-10-18,0.00,,0.08375
6892,7145,2025-10-18,0.00,,0.08375
6893,7144,2025-10-18,0.00,,0.08375
6894,7151,2025-10-18,0.00,,0.08375
6895,7137,2025-10-18,0.00,,0.08375
6896,7147,2025-10-20,0.00,,0.08375
6897,7150,2025-10-20,0.00,,0.08375
6898,7152,2025-10-20,0.00,,0.08375
6899,7153,2025-10-20,7.50,Fleet pricing (10% labor),0.08375
6900,7155,2025-10-20,0.00,,0.08375
6901,7156,2025-10-20,27.00,Fleet pricing (10% labor),0.08375
6902,7157,2025-10-20,0.00,,0.08375
6903,7158,2025-10-20,0.00,,0.08375
6904,7111,2025-10-20,0.00,,0.08375
6905,7167,2025-10-20,0.00,,0.08375
6906,7168,2025-10-20,0.00,,0.08375
6907,7161,2025-10-20,0.00,,0.08375
6908,7162,2025-10-20,0.00,,0.08375
6909,7165,2025-10-20,0.00,,0.08375
6910,7163,2025-10-20,0.00,,0.08375
6911,7166,2025-10-20,0.00,,0.08375
6912,7159,2025-10-20,15.00,Fleet pricing (10% labor),0.08375
6913,7164,2025-10-20,0.00,,0.08375
6914,7160,2025-10-20,0.00,,0.08375
6915,7170,2025-10-20,21.00,Fleet pricing (10% labor),0.08375
6916,7169,2025-10-20,28.50,Fleet pricing (10% labor),0.08375
6917,7174,2025-10-21,0.00,,0.08375
6918,7172,2025-10-21,0.00,,0.08375
6919,7176,2025-10-21,13.50,New customer (10% labor),0.08375
6920,7178,2025-10-21,0.00,,0.08375
6921,7179,2025-10-21,0.00,,0.08375
6922,7177,2025-10-21,27.00,Fleet pricing (10% labor),0.08375
6923,7181,2025-10-21,0.00,,0.08375
6924,7175,2025-10-21,0.00,,0.08375
6925,7183,2025-10-21,0.00,,0.08375
6926,7182,2025-10-21,0.00,,0.08375
6927,7104,2025-10-21,0.00,,0.08375
6928,7185,2025-10-22,0.00,,0.08375
6929,7184,2025-10-22,0.00,,0.08375
6930,7180,2025-10-22,0.00,,0.08375
6931,7189,2025-10-22,6.00,Fleet pricing (10% labor),0.08375
6932,7186,2025-10-22,15.00,Fleet pricing (10% labor),0.08375
6933,7187,2025-10-22,0.00,,0.08375
6934,7191,2025-10-22,6.00,New customer (10% labor),0.08375
6935,7193,2025-10-22,0.00,,0.08375
6936,7190,2025-10-22,27.00,Fleet pricing (10% labor),0.08375
6937,7192,2025-10-22,0.00,,0.08375
6938,7194,2025-10-22,0.00,,0.08375
6939,7195,2025-10-23,0.00,,0.08375
6940,7196,2025-10-23,6.00,Fleet pricing (10% labor),0.08375
6941,7197,2025-10-23,0.00,,0.08375
6942,7199,2025-10-23,0.00,,0.08375
6943,7204,2025-10-23,6.00,Fleet pricing (10% labor),0.08375
6944,7203,2025-10-23,0.00,,0.08375
6945,7200,2025-10-23,9.00,New customer (10% labor),0.08375
6946,7188,2025-10-23,0.00,,0.08375
6947,7202,2025-10-23,0.00,,0.08375
6948,7205,2025-10-23,18.00,New customer (10% labor),0.08375
6949,7201,2025-10-23,0.00,,0.08375
6950,7198,2025-10-23,18.00,New customer (10% labor),0.08375
6951,7210,2025-10-23,0.00,,0.08375
6952,7208,2025-10-23,16.50,New customer (10% labor),0.08375
6953,7206,2025-10-23,0.00,,0.08375
6954,7213,2025-10-23,0.00,,0.08375
6955,7212,2025-10-23,0.00,,0.08375
6956,7217,2025-10-24,6.00,Fleet pricing (10% labor),0.08375
6957,7214,2025-10-24,0.00,,0.08375
6958,7216,2025-10-24,0.00,,0.08375
6959,7219,2025-10-24,0.00,,0.08375
6960,7215,2025-10-24,22.50,Fleet pricing (10% labor),0.08375
6961,7218,2025-10-24,0.00,,0.08375
6962,7223,2025-10-24,0.00,,0.08375
6963,7224,2025-10-24,0.00,,0.08375
6964,7226,2025-10-24,18.00,Fleet pricing (10% labor),0.08375
6965,7221,2025-10-24,0.00,,0.08375
6966,7227,2025-10-24,18.00,Fleet pricing (10% labor),0.08375
6967,7230,2025-10-25,6.00,Fleet pricing (10% labor),0.08375
6968,7228,2025-10-25,15.00,New customer (10% labor),0.08375
6969,7233,2025-10-25,0.00,,0.08375
6970,7231,2025-10-25,27.00,Fleet pricing (10% labor),0.08375
6971,7235,2025-10-25,0.00,,0.08375
6972,7236,2025-10-25,0.00,,0.08375
6973,7229,2025-10-25,0.00,,0.08375
6974,7237,2025-10-25,0.00,,0.08375
6975,7209,2025-10-25,0.00,,0.08375
6976,7238,2025-10-25,0.00,,0.08375
6977,7232,2025-10-25,12.00,Fleet pricing (10% labor),0.08375
6978,7239,2025-10-25,6.00,New customer (10% labor),0.08375
6979,7241,2025-10-25,0.00,,0.08375
6980,7222,2025-10-27,0.00,,0.08375
6981,7243,2025-10-27,6.00,New customer (10% labor),0.08375
6982,7234,2025-10-27,34.50,New customer (10% labor),0.08375
6983,7240,2025-10-27,27.00,Fleet pricing (10% labor),0.08375
6984,7244,2025-10-27,21.00,Fleet pricing (10% labor),0.08375
6985,7245,2025-10-27,0.00,,0.08375
6986,7251,2025-10-27,0.00,,0.08375
6987,7220,2025-10-27,0.00,,0.08375
6988,7247,2025-10-27,0.00,,0.08375
6989,7225,2025-10-27,0.00,,0.08375
6990,7246,2025-10-27,0.00,,0.08375
6991,7249,2025-10-27,0.00,,0.08375
6992,7248,2025-10-27,0.00,,0.08375
6993,7252,2025-10-27,0.00,,0.08375
6994,7253,2025-10-27,0.00,,0.08375
6995,7173,2025-10-27,0.00,,0.08375
6996,7256,2025-10-28,6.00,New customer (10% labor),0.08375
6997,7254,2025-10-28,0.00,,0.08375
6998,7259,2025-10-28,0.00,,0.08375
6999,7257,2025-10-28,0.00,,0.08375
7000,7260,2025-10-28,0.00,,0.08375
7001,7250,2025-10-28,0.00,,0.08375
7002,7258,2025-10-28,31.50,Fleet pricing (10% labor),0.08375
7003,7255,2025-10-28,0.00,,0.08375
7004,7242,2025-10-28,67.50,Fleet pricing (10% labor),0.08375
7005,7261,2025-10-28,0.00,,0.08375
7006,7264,2025-10-28,7.50,New customer (10% labor),0.08375
7007,7265,2025-10-28,0.00,,0.08375
7008,7266,2025-10-28,6.00,New customer (10% labor),0.08375
7009,7267,2025-10-29,6.00,New customer (10% labor),0.08375
7010,7262,2025-10-29,0.00,,0.08375
7011,7268,2025-10-29,0.00,,0.08375
7012,7273,2025-10-29,0.00,,0.08375
7013,7270,2025-10-29,13.50,Fleet pricing (10% labor),0.08375
7014,7271,2025-10-29,0.00,,0.08375
7015,7272,2025-10-29,0.00,,0.08375
7016,7277,2025-10-29,0.00,,0.08375
7017,7207,2025-10-29,0.00,,0.08375
7018,7279,2025-10-29,15.00,Fleet pricing (10% labor),0.08375
7019,7275,2025-10-30,0.00,,0.08375
7020,7281,2025-10-30,6.00,New customer (10% labor),0.08375
7021,7280,2025-10-30,22.50,Fleet pricing (10% labor),0.08375
7022,7283,2025-10-30,27.00,New customer (10% labor),0.08375
7023,7269,2025-10-30,0.00,,0.08375
7024,7274,2025-10-30,34.50,Fleet pricing (10% labor),0.08375
7025,7285,2025-10-30,0.00,,0.08375
7026,7291,2025-10-30,12.00,New customer (10% labor),0.08375
7027,7263,2025-10-30,0.00,,0.08375
7028,7288,2025-10-30,0.00,,0.08375
7029,7290,2025-10-30,0.00,,0.08375
7030,7293,2025-10-30,0.00,,0.08375
7031,7289,2025-10-30,0.00,,0.08375
7032,7294,2025-10-30,0.00,,0.08375
7033,7292,2025-10-30,0.00,,0.08375
7034,7297,2025-10-31,6.00,Fleet pricing (10% labor),0.08375
7035,7298,2025-10-31,7.50,Fleet pricing (10% labor),0.08375
7036,7300,2025-10-31,7.50,New customer (10% labor),0.08375
7037,7303,2025-10-31,6.00,New customer (10% labor),0.08375
7038,7295,2025-10-31,7.50,New customer (10% labor),0.08375
7039,7304,2025-10-31,0.00,,0.08375
7040,7302,2025-10-31,0.00,,0.08375
7041,7278,2025-10-31,0.00,,0.08375
7042,7296,2025-10-31,0.00,,0.08375
7043,7276,2025-10-31,0.00,,0.08375
7044,7306,2025-10-31,0.00,,0.08375
7045,7307,2025-10-31,27.00,New customer (10% labor),0.08375
7046,7301,2025-10-31,22.50,New customer (10% labor),0.08375
7047,7310,2025-10-31,0.00,,0.08375
7048,7308,2025-10-31,0.00,,0.08375
7049,7309,2025-10-31,0.00,,0.08375
7050,7311,2025-11-01,6.00,Fleet pricing (10% labor),0.08375
7051,7313,2025-11-01,0.00,,0.08375
7052,7282,2025-11-01,0.00,,0.08375
7053,7284,2025-11-01,27.00,Fleet pricing (10% labor),0.08375
7054,7286,2025-11-01,0.00,,0.08375
7055,7317,2025-11-01,0.00,,0.08375
7056,7316,2025-11-01,22.50,Fleet pricing (10% labor),0.08375
7057,7314,2025-11-03,46.50,Fleet pricing (10% labor),0.08375
7058,7318,2025-11-03,27.00,Fleet pricing (10% labor),0.08375
7059,7320,2025-11-03,0.00,,0.08375
7060,7322,2025-11-03,6.00,New customer (10% labor),0.08375
7061,7319,2025-11-03,0.00,,0.08375
7062,7324,2025-11-03,6.00,Fleet pricing (10% labor),0.08375
7063,7323,2025-11-03,0.00,,0.08375
7064,7305,2025-11-03,45.00,New customer (10% labor),0.08375
7065,7321,2025-11-03,45.00,Fleet pricing (10% labor),0.08375
7066,7299,2025-11-03,0.00,,0.08375
7067,7327,2025-11-03,0.00,,0.08375
7068,7329,2025-11-03,0.00,,0.08375
7069,7325,2025-11-03,0.00,,0.08375
7070,7326,2025-11-03,0.00,,0.08375
7071,7330,2025-11-03,0.00,,0.08375
7072,7328,2025-11-04,0.00,,0.08375
7073,7333,2025-11-04,6.00,Fleet pricing (10% labor),0.08375
7074,7334,2025-11-04,0.00,,0.08375
7075,7331,2025-11-04,0.00,,0.08375
7076,7315,2025-11-04,0.00,,0.08375
7077,7335,2025-11-04,9.00,Fleet pricing (10% labor),0.08375
7078,7336,2025-11-04,0.00,,0.08375
7079,7337,2025-11-04,0.00,,0.08375
7080,7332,2025-11-04,0.00,,0.08375
7081,7338,2025-11-04,0.00,,0.08375
7082,7340,2025-11-05,0.00,,0.08375
7083,7339,2025-11-05,0.00,,0.08375
7084,7344,2025-11-05,0.00,,0.08375
7085,7342,2025-11-05,0.00,,0.08375
7086,7341,2025-11-05,33.00,New customer (10% labor),0.08375
7087,7343,2025-11-05,0.00,,0.08375
7088,7345,2025-11-05,0.00,,0.08375
7089,7346,2025-11-05,0.00,,0.08375
7090,7348,2025-11-05,0.00,,0.08375
7091,7347,2025-11-05,30.00,Fleet pricing (10% labor),0.08375
7092,7349,2025-11-06,0.00,,0.08375
7093,7350,2025-11-06,0.00,,0.08375
7094,7352,2025-11-06,6.00,New customer (10% labor),0.08375
7095,7353,2025-11-06,22.50,Fleet pricing (10% labor),0.08375
7096,7354,2025-11-06,18.00,New customer (10% labor),0.08375
7097,7357,2025-11-06,0.00,,0.08375
7098,7356,2025-11-06,0.00,,0.08375
7099,7358,2025-11-06,6.00,New customer (10% labor),0.08375
7100,7359,2025-11-06,0.00,,0.08375
7101,7355,2025-11-07,0.00,,0.08375
7102,7364,2025-11-07,6.00,New customer (10% labor),0.08375
7103,7363,2025-11-07,0.00,,0.08375
7104,7365,2025-11-07,0.00,,0.08375
7105,7360,2025-11-07,0.00,,0.08375
7106,7362,2025-11-07,15.00,Fleet pricing (10% labor),0.08375
7107,7366,2025-11-07,16.50,New customer (10% labor),0.08375
7108,7368,2025-11-07,0.00,,0.08375
7109,7369,2025-11-07,0.00,,0.08375
7110,7367,2025-11-07,0.00,,0.08375
7111,7371,2025-11-07,0.00,,0.08375
7112,7373,2025-11-07,16.50,New customer (10% labor),0.08375
7113,7374,2025-11-08,6.00,Fleet pricing (10% labor),0.08375
7114,7372,2025-11-08,0.00,,0.08375
7115,7370,2025-11-08,0.00,,0.08375
7116,7375,2025-11-08,0.00,,0.08375
7117,7376,2025-11-08,31.50,Fleet pricing (10% labor),0.08375
7118,7379,2025-11-08,0.00,,0.08375
7119,7380,2025-11-08,21.00,Fleet pricing (10% labor),0.08375
7120,7385,2025-11-10,0.00,,0.08375
7121,7381,2025-11-10,33.00,Fleet pricing (10% labor),0.08375
7122,7389,2025-11-10,0.00,,0.08375
7123,7382,2025-11-10,27.00,Fleet pricing (10% labor),0.08375
7124,7391,2025-11-10,9.00,New customer (10% labor),0.08375
7125,7387,2025-11-10,0.00,,0.08375
7126,7393,2025-11-10,7.50,New customer (10% labor),0.08375
7127,7361,2025-11-10,27.00,New customer (10% labor),0.08375
7128,7388,2025-11-10,0.00,,0.08375
7129,7395,2025-11-10,0.00,,0.08375
7130,7396,2025-11-10,6.00,Fleet pricing (10% labor),0.08375
7131,7394,2025-11-10,18.00,Fleet pricing (10% labor),0.08375
7132,7386,2025-11-10,27.00,Fleet pricing (10% labor),0.08375
7133,7383,2025-11-10,0.00,,0.08375
7134,7384,2025-11-10,0.00,,0.08375
7135,7397,2025-11-10,6.00,New customer (10% labor),0.08375
7136,7398,2025-11-10,0.00,,0.08375
7137,7400,2025-11-11,33.00,Fleet pricing (10% labor),0.08375
7138,7403,2025-11-11,0.00,,0.08375
7139,7402,2025-11-11,0.00,,0.08375
7140,7404,2025-11-11,24.00,Fleet pricing (10% labor),0.08375
7141,7401,2025-11-11,0.00,,0.08375
7142,7406,2025-11-11,0.00,,0.08375
7143,7399,2025-11-11,0.00,,0.08375
7144,7407,2025-11-11,18.00,Fleet pricing (10% labor),0.08375
7145,7405,2025-11-11,0.00,,0.08375
7146,7409,2025-11-12,37.50,Fleet pricing (10% labor),0.08375
7147,7410,2025-11-12,0.00,,0.08375
7148,7413,2025-11-12,4.50,Fleet pricing (10% labor),0.08375
7149,7414,2025-11-12,0.00,,0.08375
7150,7412,2025-11-12,22.50,New customer (10% labor),0.08375
7151,7411,2025-11-12,36.00,Fleet pricing (10% labor),0.08375
7152,7419,2025-11-12,13.50,Fleet pricing (10% labor),0.08375
7153,7416,2025-11-12,6.00,Fleet pricing (10% labor),0.08375
7154,7417,2025-11-12,0.00,,0.08375
7155,7420,2025-11-12,25.00,Loyalty reward,0.08375
7156,7421,2025-11-12,0.00,,0.08375
7157,7418,2025-11-12,27.00,Fleet pricing (10% labor),0.08375
7158,7390,2025-11-12,0.00,,0.08375
7159,7422,2025-11-12,27.00,New customer (10% labor),0.08375
7160,7423,2025-11-12,0.00,,0.08375
7161,7408,2025-11-12,0.00,,0.08375
7162,7424,2025-11-12,6.00,Fleet pricing (10% labor),0.08375
7163,7426,2025-11-13,6.00,Fleet pricing (10% labor),0.08375
7164,7425,2025-11-13,9.00,Fleet pricing (10% labor),0.08375
7165,7429,2025-11-13,0.00,,0.08375
7166,7431,2025-11-13,0.00,,0.08375
7167,7432,2025-11-13,0.00,,0.08375
7168,7433,2025-11-13,9.00,Fleet pricing (10% labor),0.08375
7169,7428,2025-11-13,27.00,New customer (10% labor),0.08375
7170,7439,2025-11-13,0.00,,0.08375
7171,7415,2025-11-13,0.00,,0.08375
7172,7436,2025-11-13,30.00,Fleet pricing (10% labor),0.08375
7173,7434,2025-11-13,0.00,,0.08375
7174,7437,2025-11-14,0.00,,0.08375
7175,7442,2025-11-14,15.00,New customer (10% labor),0.08375
7176,7440,2025-11-14,21.00,Fleet pricing (10% labor),0.08375
7177,7443,2025-11-14,0.00,,0.08375
7178,7438,2025-11-14,45.00,New customer (10% labor),0.08375
7179,7446,2025-11-14,9.00,New customer (10% labor),0.08375
7180,7444,2025-11-14,33.00,Fleet pricing (10% labor),0.08375
7181,7377,2025-11-14,0.00,,0.08375
7182,7435,2025-11-14,45.00,Fleet pricing (10% labor),0.08375
7183,7445,2025-11-14,0.00,,0.08375
7184,7447,2025-11-14,30.00,New customer (10% labor),0.08375
7185,7449,2025-11-14,0.00,,0.08375
7186,7450,2025-11-15,0.00,,0.08375
7187,7452,2025-11-15,0.00,,0.08375
7188,7453,2025-11-15,0.00,,0.08375
7189,7427,2025-11-15,0.00,,0.08375
7190,7454,2025-11-17,15.00,Fleet pricing (10% labor),0.08375
7191,7461,2025-11-17,0.00,,0.08375
7192,7455,2025-11-17,0.00,,0.08375
7193,7456,2025-11-17,12.00,Fleet pricing (10% labor),0.08375
7194,7448,2025-11-17,0.00,,0.08375
7195,7468,2025-11-17,0.00,,0.08375
7196,7458,2025-11-17,0.00,,0.08375
7197,7457,2025-11-17,0.00,,0.08375
7198,7463,2025-11-17,6.00,Fleet pricing (10% labor),0.08375
7199,7462,2025-11-17,0.00,,0.08375
7200,7459,2025-11-17,48.00,New customer (10% labor),0.08375
7201,7470,2025-11-17,13.50,Fleet pricing (10% labor),0.08375
7202,7460,2025-11-17,0.00,,0.08375
7203,7474,2025-11-17,0.00,,0.08375
7204,7471,2025-11-17,0.00,,0.08375
7205,7475,2025-11-17,0.00,,0.08375
7206,7465,2025-11-17,0.00,,0.08375
7207,7476,2025-11-17,0.00,,0.08375
7208,7477,2025-11-17,25.00,Loyalty reward,0.08375
7209,7466,2025-11-18,0.00,,0.08375
7210,7473,2025-11-18,0.00,,0.08375
7211,7478,2025-11-18,0.00,,0.08375
7212,7483,2025-11-18,0.00,,0.08375
7213,7480,2025-11-18,0.00,,0.08375
7214,7481,2025-11-18,0.00,,0.08375
7215,7485,2025-11-18,0.00,,0.08375
7216,7486,2025-11-18,0.00,,0.08375
7217,7482,2025-11-18,33.00,New customer (10% labor),0.08375
7218,7451,2025-11-18,40.50,Fleet pricing (10% labor),0.08375
7219,7487,2025-11-18,0.00,,0.08375
7220,7464,2025-11-19,0.00,,0.08375
7221,7488,2025-11-19,0.00,,0.08375
7222,7484,2025-11-19,0.00,,0.08375
7223,7489,2025-11-19,27.00,New customer (10% labor),0.08375
7224,7490,2025-11-19,0.00,,0.08375
7225,7492,2025-11-19,0.00,,0.08375
7226,7493,2025-11-19,0.00,,0.08375
7227,7441,2025-11-19,0.00,,0.08375
7228,7495,2025-11-19,4.50,Fleet pricing (10% labor),0.08375
7229,7491,2025-11-19,0.00,,0.08375
7230,7498,2025-11-19,0.00,,0.08375
7231,7497,2025-11-19,22.50,Fleet pricing (10% labor),0.08375
7232,7494,2025-11-19,0.00,,0.08375
7233,7499,2025-11-20,0.00,,0.08375
7234,7500,2025-11-20,0.00,,0.08375
7235,7501,2025-11-20,0.00,,0.08375
7236,7503,2025-11-20,0.00,,0.08375
7237,7506,2025-11-20,18.00,Fleet pricing (10% labor),0.08375
7238,7502,2025-11-20,0.00,,0.08375
7239,7505,2025-11-20,0.00,,0.08375
7240,7511,2025-11-20,0.00,,0.08375
7241,7504,2025-11-20,0.00,,0.08375
7242,7508,2025-11-20,0.00,,0.08375
7243,7510,2025-11-20,25.00,Loyalty reward,0.08375
7244,7509,2025-11-20,0.00,,0.08375
7245,7512,2025-11-20,0.00,,0.08375
7246,7507,2025-11-20,0.00,,0.08375
7247,7513,2025-11-21,0.00,,0.08375
7248,7514,2025-11-21,9.75,New customer (10% labor),0.08375
7249,7515,2025-11-21,0.00,,0.08375
7250,7516,2025-11-21,0.00,,0.08375
7251,7519,2025-11-21,0.00,,0.08375
7252,7520,2025-11-21,10.50,Fleet pricing (10% labor),0.08375
7253,7517,2025-11-21,0.00,,0.08375
7254,7521,2025-11-21,0.00,,0.08375
7255,7523,2025-11-21,0.00,,0.08375
7256,7518,2025-11-21,0.00,,0.08375
7257,7522,2025-11-22,0.00,,0.08375
7258,7525,2025-11-22,0.00,,0.08375
7259,7529,2025-11-22,0.00,,0.08375
7260,7524,2025-11-22,0.00,,0.08375
7261,7530,2025-11-22,0.00,,0.08375
7262,7528,2025-11-22,0.00,,0.08375
7263,7532,2025-11-22,0.00,,0.08375
7264,7531,2025-11-22,0.00,,0.08375
7265,7527,2025-11-24,0.00,,0.08375
7266,7534,2025-11-24,0.00,,0.08375
7267,7533,2025-11-24,18.00,Fleet pricing (10% labor),0.08375
7268,7535,2025-11-24,6.00,Fleet pricing (10% labor),0.08375
7269,7538,2025-11-24,6.00,Fleet pricing (10% labor),0.08375
7270,7537,2025-11-24,0.00,,0.08375
7271,7539,2025-11-24,0.00,,0.08375
7272,7536,2025-11-24,0.00,,0.08375
7273,7541,2025-11-24,0.00,,0.08375
7274,7540,2025-11-24,0.00,,0.08375
7275,7548,2025-11-25,6.00,Fleet pricing (10% labor),0.08375
7276,7542,2025-11-25,19.50,New customer (10% labor),0.08375
7277,7545,2025-11-25,18.00,New customer (10% labor),0.08375
7278,7546,2025-11-25,18.00,Fleet pricing (10% labor),0.08375
7279,7543,2025-11-25,27.00,Fleet pricing (10% labor),0.08375
7280,7550,2025-11-25,4.50,New customer (10% labor),0.08375
7281,7551,2025-11-25,6.00,New customer (10% labor),0.08375
7282,7544,2025-11-25,18.00,Fleet pricing (10% labor),0.08375
7283,7553,2025-11-25,0.00,,0.08375
7284,7555,2025-11-25,0.00,,0.08375
7285,7552,2025-11-25,27.00,Fleet pricing (10% labor),0.08375
7286,7556,2025-11-25,0.00,,0.08375
7287,7558,2025-11-26,6.00,Fleet pricing (10% labor),0.08375
7288,7554,2025-11-26,33.75,New customer (10% labor),0.08375
7289,7557,2025-11-26,0.00,,0.08375
7290,7562,2025-11-26,0.00,,0.08375
7291,7547,2025-11-26,48.75,New customer (10% labor),0.08375
7292,7561,2025-11-26,0.00,,0.08375
7293,7565,2025-11-26,33.00,New customer (10% labor),0.08375
7294,7526,2025-11-26,30.00,Fleet pricing (10% labor),0.08375
7295,7566,2025-11-26,0.00,,0.08375
7296,7569,2025-11-26,0.00,,0.08375
7297,7570,2025-11-28,55.50,Fleet pricing (10% labor),0.08375
7298,7572,2025-11-28,0.00,,0.08375
7299,7576,2025-11-28,0.00,,0.08375
7300,7578,2025-11-28,0.00,,0.08375
7301,7571,2025-11-28,0.00,,0.08375
7302,7559,2025-11-28,30.00,Fleet pricing (10% labor),0.08375
7303,7549,2025-11-28,0.00,,0.08375
7304,7575,2025-11-28,0.00,,0.08375
7305,7573,2025-11-28,27.00,Fleet pricing (10% labor),0.08375
7306,7583,2025-11-28,0.00,,0.08375
7307,7580,2025-11-28,0.00,,0.08375
7308,7581,2025-11-28,0.00,,0.08375
7309,7567,2025-11-28,0.00,,0.08375
7310,7568,2025-11-28,37.50,Fleet pricing (10% labor),0.08375
7311,7577,2025-11-28,0.00,,0.08375
7312,7584,2025-11-28,0.00,,0.08375
7313,7582,2025-11-29,0.00,,0.08375
7314,7588,2025-11-29,0.00,,0.08375
7315,7579,2025-11-29,0.00,,0.08375
7316,7590,2025-11-29,0.00,,0.08375
7317,7592,2025-11-29,0.00,,0.08375
7318,7585,2025-11-29,0.00,,0.08375
7319,7589,2025-11-29,16.50,Fleet pricing (10% labor),0.08375
7320,7591,2025-11-29,0.00,,0.08375
7321,7586,2025-11-29,0.00,,0.08375
7322,7563,2025-11-29,0.00,,0.08375
7323,7594,2025-11-29,21.00,New customer (10% labor),0.08375
7324,7595,2025-11-29,0.00,,0.08375
7325,7596,2025-11-29,0.00,,0.08375
7326,7597,2025-11-29,10.50,Fleet pricing (10% labor),0.08375
7327,7593,2025-12-01,0.00,,0.08375
7328,7601,2025-12-01,6.00,Fleet pricing (10% labor),0.08375
7329,7603,2025-12-01,0.00,,0.08375
7330,7602,2025-12-01,0.00,,0.08375
7331,7606,2025-12-01,0.00,,0.08375
7332,7608,2025-12-01,12.00,New customer (10% labor),0.08375
7333,7598,2025-12-01,0.00,,0.08375
7334,7607,2025-12-01,27.00,Fleet pricing (10% labor),0.08375
7335,7599,2025-12-01,0.00,,0.08375
7336,7610,2025-12-01,16.50,Fleet pricing (10% labor),0.08375
7337,7605,2025-12-01,0.00,,0.08375
7338,7612,2025-12-01,0.00,,0.08375
7339,7616,2025-12-01,0.00,,0.08375
7340,7615,2025-12-01,0.00,,0.08375
7341,7609,2025-12-01,0.00,,0.08375
7342,7611,2025-12-02,0.00,,0.08375
7343,7617,2025-12-02,9.00,Fleet pricing (10% labor),0.08375
7344,7618,2025-12-02,12.00,Fleet pricing (10% labor),0.08375
7345,7613,2025-12-02,0.00,,0.08375
7346,7619,2025-12-02,0.00,,0.08375
7347,7622,2025-12-02,12.00,Fleet pricing (10% labor),0.08375
7348,7614,2025-12-02,0.00,,0.08375
7349,7620,2025-12-02,18.00,Fleet pricing (10% labor),0.08375
7350,7625,2025-12-02,21.00,Fleet pricing (10% labor),0.08375
7351,7621,2025-12-02,0.00,,0.08375
7352,7627,2025-12-02,21.00,Fleet pricing (10% labor),0.08375
7353,7626,2025-12-02,0.00,,0.08375
7354,7628,2025-12-02,0.00,,0.08375
7355,7624,2025-12-02,0.00,,0.08375
7356,7630,2025-12-02,21.00,Fleet pricing (10% labor),0.08375
7357,7629,2025-12-03,0.00,,0.08375
7358,7623,2025-12-03,0.00,,0.08375
7359,7633,2025-12-03,6.00,Fleet pricing (10% labor),0.08375
7360,7600,2025-12-03,0.00,,0.08375
7361,7632,2025-12-03,0.00,,0.08375
7362,7631,2025-12-03,0.00,,0.08375
7363,7637,2025-12-03,0.00,,0.08375
7364,7634,2025-12-03,13.50,Fleet pricing (10% labor),0.08375
7365,7639,2025-12-03,6.00,Fleet pricing (10% labor),0.08375
7366,7640,2025-12-03,0.00,,0.08375
7367,7635,2025-12-03,0.00,,0.08375
7368,7638,2025-12-03,13.50,New customer (10% labor),0.08375
7369,7645,2025-12-03,18.00,New customer (10% labor),0.08375
7370,7642,2025-12-04,0.00,,0.08375
7371,7641,2025-12-04,0.00,,0.08375
7372,7643,2025-12-04,0.00,,0.08375
7373,7646,2025-12-04,0.00,,0.08375
7374,7644,2025-12-04,0.00,,0.08375
7375,7648,2025-12-04,25.00,Loyalty reward,0.08375
7376,7649,2025-12-04,0.00,,0.08375
7377,7655,2025-12-04,0.00,,0.08375
7378,7647,2025-12-04,45.00,Fleet pricing (10% labor),0.08375
7379,7652,2025-12-04,0.00,,0.08375
7380,7656,2025-12-04,0.00,,0.08375
7381,7654,2025-12-04,0.00,,0.08375
7382,7653,2025-12-04,0.00,,0.08375
7383,7650,2025-12-04,0.00,,0.08375
7384,7657,2025-12-04,0.00,,0.08375
7385,7658,2025-12-04,6.00,New customer (10% labor),0.08375
7386,7661,2025-12-05,0.00,,0.08375
7387,7662,2025-12-05,0.00,,0.08375
7388,7665,2025-12-05,0.00,,0.08375
7389,7663,2025-12-05,18.00,New customer (10% labor),0.08375
7390,7659,2025-12-05,33.00,Fleet pricing (10% labor),0.08375
7391,7666,2025-12-05,0.00,,0.08375
7392,7664,2025-12-05,0.00,,0.08375
7393,7670,2025-12-05,13.50,New customer (10% labor),0.08375
7394,7671,2025-12-05,13.50,New customer (10% labor),0.08375
7395,7667,2025-12-05,0.00,,0.08375
7396,7669,2025-12-05,0.00,,0.08375
7397,7660,2025-12-06,0.00,,0.08375
7398,7672,2025-12-06,0.00,,0.08375
7399,7674,2025-12-06,15.00,New customer (10% labor),0.08375
7400,7677,2025-12-06,6.00,New customer (10% labor),0.08375
7401,7676,2025-12-06,0.00,,0.08375
7402,7675,2025-12-06,0.00,,0.08375
7403,7673,2025-12-06,0.00,,0.08375
7404,7678,2025-12-06,0.00,,0.08375
7405,7680,2025-12-06,0.00,,0.08375
7406,7679,2025-12-06,45.00,Fleet pricing (10% labor),0.08375
7407,7681,2025-12-08,6.00,Fleet pricing (10% labor),0.08375
7408,7683,2025-12-08,0.00,,0.08375
7409,7682,2025-12-08,18.00,Fleet pricing (10% labor),0.08375
7410,7685,2025-12-08,0.00,,0.08375
7411,7684,2025-12-08,15.00,Fleet pricing (10% labor),0.08375
7412,7687,2025-12-08,0.00,,0.08375
7413,7689,2025-12-08,0.00,,0.08375
7414,7686,2025-12-08,25.50,Fleet pricing (10% labor),0.08375
7415,7694,2025-12-08,0.00,,0.08375
7416,7688,2025-12-08,0.00,,0.08375
7417,7692,2025-12-08,0.00,,0.08375
7418,7691,2025-12-08,0.00,,0.08375
7419,7695,2025-12-08,0.00,,0.08375
7420,7697,2025-12-08,0.00,,0.08375
7421,7693,2025-12-08,0.00,,0.08375
7422,7690,2025-12-09,0.00,,0.08375
7423,7700,2025-12-09,0.00,,0.08375
7424,7701,2025-12-09,6.00,Fleet pricing (10% labor),0.08375
7425,7702,2025-12-09,0.00,,0.08375
7426,7698,2025-12-09,0.00,,0.08375
7427,7699,2025-12-09,0.00,,0.08375
7428,7704,2025-12-09,15.00,Fleet pricing (10% labor),0.08375
7429,7703,2025-12-09,18.00,Fleet pricing (10% labor),0.08375
7430,7696,2025-12-09,30.00,Fleet pricing (10% labor),0.08375
7431,7707,2025-12-09,0.00,,0.08375
7432,7706,2025-12-09,0.00,,0.08375
7433,7705,2025-12-09,24.00,Fleet pricing (10% labor),0.08375
7434,7708,2025-12-09,0.00,,0.08375
7435,7710,2025-12-10,6.00,Fleet pricing (10% labor),0.08375
7436,7711,2025-12-10,0.00,,0.08375
7437,7712,2025-12-10,0.00,,0.08375
7438,7713,2025-12-10,0.00,,0.08375
7439,7709,2025-12-10,0.00,,0.08375
7440,7714,2025-12-10,0.00,,0.08375
7441,7715,2025-12-10,0.00,,0.08375
7442,7716,2025-12-10,0.00,,0.08375
7443,7718,2025-12-10,34.50,New customer (10% labor),0.08375
7444,7717,2025-12-10,12.00,New customer (10% labor),0.08375
7445,7719,2025-12-10,0.00,,0.08375
7446,7724,2025-12-11,6.00,Fleet pricing (10% labor),0.08375
7447,7722,2025-12-11,0.00,,0.08375
7448,7668,2025-12-11,150.00,New customer (10% labor),0.08375
7449,7725,2025-12-11,0.00,,0.08375
7450,7726,2025-12-11,0.00,,0.08375
7451,7728,2025-12-11,0.00,,0.08375
7452,7723,2025-12-11,0.00,,0.08375
7453,7732,2025-12-11,0.00,,0.08375
7454,7734,2025-12-11,9.00,Fleet pricing (10% labor),0.08375
7455,7729,2025-12-11,0.00,,0.08375
7456,7730,2025-12-11,4.50,New customer (10% labor),0.08375
7457,7727,2025-12-11,0.00,,0.08375
7458,7736,2025-12-11,0.00,,0.08375
7459,7735,2025-12-11,0.00,,0.08375
7460,7731,2025-12-11,0.00,,0.08375
7461,7733,2025-12-11,18.00,New customer (10% labor),0.08375
7462,7738,2025-12-11,0.00,,0.08375
7463,7740,2025-12-11,4.50,New customer (10% labor),0.08375
7464,7739,2025-12-11,21.00,New customer (10% labor),0.08375
7465,7742,2025-12-12,9.00,New customer (10% labor),0.08375
7466,7737,2025-12-12,0.00,,0.08375
7467,7741,2025-12-12,25.00,Loyalty reward,0.08375
7468,7746,2025-12-12,6.00,Fleet pricing (10% labor),0.08375
7469,7743,2025-12-12,0.00,,0.08375
7470,7745,2025-12-12,27.00,Fleet pricing (10% labor),0.08375
7471,7747,2025-12-12,15.00,New customer (10% labor),0.08375
7472,7748,2025-12-12,0.00,,0.08375
7473,7749,2025-12-12,0.00,,0.08375
7474,7752,2025-12-12,9.00,Fleet pricing (10% labor),0.08375
7475,7753,2025-12-12,13.50,Fleet pricing (10% labor),0.08375
7476,7751,2025-12-12,25.00,Loyalty reward,0.08375
7477,7754,2025-12-13,0.00,,0.08375
7478,7756,2025-12-13,21.00,Fleet pricing (10% labor),0.08375
7479,7758,2025-12-13,0.00,,0.08375
7480,7759,2025-12-13,6.00,Fleet pricing (10% labor),0.08375
7481,7760,2025-12-13,0.00,,0.08375
7482,7757,2025-12-13,0.00,,0.08375
7483,7761,2025-12-15,0.00,,0.08375
7484,7762,2025-12-15,0.00,,0.08375
7485,7765,2025-12-15,0.00,,0.08375
7486,7764,2025-12-15,0.00,,0.08375
7487,7763,2025-12-15,0.00,,0.08375
7488,7772,2025-12-15,0.00,,0.08375
7489,7771,2025-12-15,0.00,,0.08375
7490,7766,2025-12-15,0.00,,0.08375
7491,7769,2025-12-15,0.00,,0.08375
7492,7744,2025-12-15,49.50,New customer (10% labor),0.08375
7493,7770,2025-12-15,0.00,,0.08375
7494,7755,2025-12-15,0.00,,0.08375
7495,7773,2025-12-15,0.00,,0.08375
7496,7774,2025-12-15,6.00,New customer (10% labor),0.08375
7497,7767,2025-12-15,49.50,Fleet pricing (10% labor),0.08375
7498,7776,2025-12-15,6.00,Fleet pricing (10% labor),0.08375
7499,7775,2025-12-15,0.00,,0.08375
7500,7777,2025-12-16,0.00,,0.08375
7501,7779,2025-12-16,18.00,Fleet pricing (10% labor),0.08375
7502,7782,2025-12-16,18.00,New customer (10% labor),0.08375
7503,7750,2025-12-16,0.00,,0.08375
7504,7789,2025-12-16,0.00,,0.08375
7505,7783,2025-12-16,0.00,,0.08375
7506,7788,2025-12-16,13.50,Fleet pricing (10% labor),0.08375
7507,7785,2025-12-16,21.00,New customer (10% labor),0.08375
7508,7778,2025-12-16,0.00,,0.08375
7509,7790,2025-12-16,6.00,Fleet pricing (10% labor),0.08375
7510,7780,2025-12-16,0.00,,0.08375
7511,7781,2025-12-16,0.00,,0.08375
7512,7791,2025-12-16,0.00,,0.08375
7513,7792,2025-12-16,0.00,,0.08375
7514,7786,2025-12-16,0.00,,0.08375
7515,7794,2025-12-17,0.00,,0.08375
7516,7793,2025-12-17,0.00,,0.08375
7517,7796,2025-12-17,0.00,,0.08375
7518,7795,2025-12-17,56.25,New customer (10% labor),0.08375
7519,7798,2025-12-17,0.00,,0.08375
7520,7797,2025-12-17,0.00,,0.08375
7521,7801,2025-12-17,0.00,,0.08375
7522,7800,2025-12-17,0.00,,0.08375
7523,7799,2025-12-17,18.00,Fleet pricing (10% labor),0.08375
7524,7802,2025-12-17,6.00,Fleet pricing (10% labor),0.08375
7525,7721,2025-12-17,99.00,New customer (10% labor),0.08375
7526,7804,2025-12-18,4.50,Fleet pricing (10% labor),0.08375
7527,7803,2025-12-18,0.00,,0.08375
7528,7806,2025-12-18,0.00,,0.08375
7529,7807,2025-12-18,24.00,Fleet pricing (10% labor),0.08375
7530,7808,2025-12-18,0.00,,0.08375
7531,7809,2025-12-18,18.00,New customer (10% labor),0.08375
7532,7811,2025-12-19,0.00,,0.08375
7533,7810,2025-12-19,0.00,,0.08375
7534,7814,2025-12-19,6.00,Fleet pricing (10% labor),0.08375
7535,7812,2025-12-19,0.00,,0.08375
7536,7815,2025-12-19,0.00,,0.08375
7537,7817,2025-12-19,0.00,,0.08375
7538,7820,2025-12-19,7.50,New customer (10% labor),0.08375
7539,7818,2025-12-19,0.00,,0.08375
7540,7816,2025-12-19,0.00,,0.08375
7541,7821,2025-12-19,0.00,,0.08375
7542,7813,2025-12-19,0.00,,0.08375
7543,7823,2025-12-20,0.00,,0.08375
7544,7824,2025-12-20,6.00,Fleet pricing (10% labor),0.08375
7545,7825,2025-12-20,0.00,,0.08375
7546,7830,2025-12-20,6.00,Fleet pricing (10% labor),0.08375
7547,7819,2025-12-20,0.00,,0.08375
7548,7827,2025-12-20,0.00,,0.08375
7549,7828,2025-12-20,0.00,,0.08375
7550,7829,2025-12-20,0.00,,0.08375
7551,7832,2025-12-20,0.00,,0.08375
7552,7833,2025-12-22,0.00,,0.08375
7553,7831,2025-12-22,0.00,,0.08375
7554,7838,2025-12-22,0.00,,0.08375
7555,7826,2025-12-22,45.00,Fleet pricing (10% labor),0.08375
7556,7835,2025-12-22,0.00,,0.08375
7557,7837,2025-12-22,0.00,,0.08375
7558,7841,2025-12-22,0.00,,0.08375
7559,7834,2025-12-22,0.00,,0.08375
7560,7840,2025-12-22,6.00,Fleet pricing (10% labor),0.08375
7561,7836,2025-12-22,0.00,,0.08375
7562,7839,2025-12-22,0.00,,0.08375
7563,7784,2025-12-22,94.50,New customer (10% labor),0.08375
7564,7842,2025-12-22,0.00,,0.08375
7565,7844,2025-12-22,0.00,,0.08375
7566,7843,2025-12-22,6.00,New customer (10% labor),0.08375
7567,7847,2025-12-22,0.00,,0.08375
7568,7845,2025-12-22,15.00,Fleet pricing (10% labor),0.08375
7569,7853,2025-12-22,0.00,,0.08375
7570,7848,2025-12-22,0.00,,0.08375
7571,7846,2025-12-23,9.00,Fleet pricing (10% labor),0.08375
7572,7855,2025-12-23,0.00,,0.08375
7573,7849,2025-12-23,0.00,,0.08375
7574,7850,2025-12-23,0.00,,0.08375
7575,7856,2025-12-23,27.00,New customer (10% labor),0.08375
7576,7860,2025-12-23,0.00,,0.08375
7577,7857,2025-12-23,0.00,,0.08375
7578,7863,2025-12-23,10.50,Fleet pricing (10% labor),0.08375
7579,7858,2025-12-23,0.00,,0.08375
7580,7822,2025-12-23,42.00,Fleet pricing (10% labor),0.08375
7581,7852,2025-12-23,0.00,,0.08375
7582,7854,2025-12-23,6.00,Fleet pricing (10% labor),0.08375
7583,7864,2025-12-23,0.00,,0.08375
7584,7851,2025-12-23,0.00,,0.08375
7585,7865,2025-12-24,0.00,,0.08375
7586,7862,2025-12-24,0.00,,0.08375
7587,7859,2025-12-24,0.00,,0.08375
7588,7868,2025-12-24,0.00,,0.08375
7589,7869,2025-12-24,0.00,,0.08375
7590,7871,2025-12-24,0.00,,0.08375
7591,7870,2025-12-24,30.00,Fleet pricing (10% labor),0.08375
7592,7874,2025-12-24,6.00,Fleet pricing (10% labor),0.08375
7593,7872,2025-12-24,0.00,,0.08375
7594,7876,2025-12-24,6.00,Fleet pricing (10% labor),0.08375
7595,7873,2025-12-24,0.00,,0.08375
7596,7877,2025-12-26,0.00,,0.08375
7597,7883,2025-12-26,0.00,,0.08375
7598,7879,2025-12-26,0.00,,0.08375
7599,7878,2025-12-26,0.00,,0.08375
7600,7875,2025-12-26,25.00,Loyalty reward,0.08375
7601,7886,2025-12-26,0.00,,0.08375
7602,7885,2025-12-26,25.50,Fleet pricing (10% labor),0.08375
7603,7889,2025-12-26,0.00,,0.08375
7604,7881,2025-12-26,0.00,,0.08375
7605,7888,2025-12-26,18.00,New customer (10% labor),0.08375
7606,7887,2025-12-26,0.00,,0.08375
7607,7882,2025-12-26,0.00,,0.08375
7608,7880,2025-12-26,0.00,,0.08375
7609,7891,2025-12-26,0.00,,0.08375
7610,7893,2025-12-26,0.00,,0.08375
7611,7867,2025-12-27,0.00,,0.08375
7612,7895,2025-12-27,0.00,,0.08375
7613,7897,2025-12-27,24.00,Fleet pricing (10% labor),0.08375
7614,7896,2025-12-27,12.00,Fleet pricing (10% labor),0.08375
7615,7898,2025-12-27,0.00,,0.08375
7616,7899,2025-12-27,0.00,,0.08375
7617,7901,2025-12-27,0.00,,0.08375
7618,7900,2025-12-27,0.00,,0.08375
7619,7903,2025-12-27,0.00,,0.08375
7620,7905,2025-12-29,9.00,Fleet pricing (10% labor),0.08375
7621,7902,2025-12-29,0.00,,0.08375
7622,7908,2025-12-29,0.00,,0.08375
7623,7909,2025-12-29,0.00,,0.08375
7624,7906,2025-12-29,0.00,,0.08375
7625,7912,2025-12-29,0.00,,0.08375
7626,7907,2025-12-29,0.00,,0.08375
7627,7911,2025-12-29,0.00,,0.08375
7628,7904,2025-12-29,0.00,,0.08375
7629,7915,2025-12-29,0.00,,0.08375
7630,7890,2025-12-29,0.00,,0.08375
7631,7914,2025-12-29,0.00,,0.08375
7632,7884,2025-12-29,0.00,,0.08375
7633,7918,2025-12-30,0.00,,0.08375
7634,7919,2025-12-30,13.50,Fleet pricing (10% labor),0.08375
7635,7920,2025-12-30,13.50,Fleet pricing (10% labor),0.08375
7636,7923,2025-12-30,0.00,,0.08375
7637,7894,2025-12-30,0.00,,0.08375
7638,7925,2025-12-30,0.00,,0.08375
7639,7924,2025-12-30,19.50,New customer (10% labor),0.08375
7640,7921,2025-12-30,0.00,,0.08375
7641,7922,2025-12-30,37.50,Fleet pricing (10% labor),0.08375
7642,7927,2025-12-30,0.00,,0.08375
7643,7926,2025-12-30,0.00,,0.08375
7644,7928,2025-12-30,0.00,,0.08375
7645,7931,2025-12-31,0.00,,0.08375
7646,7934,2025-12-31,0.00,,0.08375
7647,7935,2025-12-31,0.00,,0.08375
7648,7913,2025-12-31,0.00,,0.08375
7649,7933,2025-12-31,0.00,,0.08375
