part_order_id,part_id,work_order_id,order_type,ordered_date,expected_date,received_date,quantity,unit_cost
1,1,,Opening Balance,2024-01-01,2024-01-01,2024-01-01,260,5.10
2,2,,Opening Balance,2024-01-01,2024-01-01,2024-01-01,260,5.10
3,3,,Opening Balance,2024-01-01,2024-01-01,2024-01-01,84,6.20
4,4,,Opening Balance,2024-01-01,2024-01-01,2024-01-01,48,11.50
5,5,,Opening Balance,2024-01-01,2024-01-01,2024-01-01,32,9.40
6,6,,Opening Balance,2024-01-01,2024-01-01,2024-01-01,48,14.00
7,7,,Opening Balance,2024-01-01,2024-01-01,2024-01-01,32,38.00
8,8,,Opening Balance,2024-01-01,2024-01-01,2024-01-01,24,18.00
9,9,,Opening Balance,2024-01-01,2024-01-01,2024-01-01,160,4.20
10,10,,Opening Balance,2024-01-01,2024-01-01,2024-01-01,40,9.50
11,11,,Opening Balance,2024-01-01,2024-01-01,2024-01-01,48,9.80
12,12,,Opening Balance,2024-01-01,2024-01-01,2024-01-01,48,8.60
13,13,,Opening Balance,2024-01-01,2024-01-01,2024-01-01,11,14.00
14,14,,Opening Balance,2024-01-01,2024-01-01,2024-01-01,16,32.00
15,15,,Opening Balance,2024-01-01,2024-01-01,2024-01-01,24,28.00
16,16,,Opening Balance,2024-01-01,2024-01-01,2024-01-01,10,41.00
17,17,,Opening Balance,2024-01-01,2024-01-01,2024-01-01,32,7.50
18,18,,Opening Balance,2024-01-01,2024-01-01,2024-01-01,7,145.00
19,19,,Opening Balance,2024-01-01,2024-01-01,2024-01-01,7,160.00
20,20,,Opening Balance,2024-01-01,2024-01-01,2024-01-01,3,165.00
21,21,,Opening Balance,2024-01-01,2024-01-01,2024-01-01,4,120.00
22,22,,Opening Balance,2024-01-01,2024-01-01,2024-01-01,22,38.00
23,23,,Opening Balance,2024-01-01,2024-01-01,2024-01-01,88,8.50
24,24,,Opening Balance,2024-01-01,2024-01-01,2024-01-01,11,45.00
25,25,,Opening Balance,2024-01-01,2024-01-01,2024-01-01,3,310.00
26,26,,Opening Balance,2024-01-01,2024-01-01,2024-01-01,9,32.00
27,27,,Opening Balance,2024-01-01,2024-01-01,2024-01-01,30,6.00
28,28,,Opening Balance,2024-01-01,2024-01-01,2024-01-01,3,145.00
29,29,,Opening Balance,2024-01-01,2024-01-01,2024-01-01,6,85.00
30,30,,Opening Balance,2024-01-01,2024-01-01,2024-01-01,4,160.00
31,31,,Opening Balance,2024-01-01,2024-01-01,2024-01-01,11,22.00
32,32,,Opening Balance,2024-01-01,2024-01-01,2024-01-01,9,28.00
33,33,,Opening Balance,2024-01-01,2024-01-01,2024-01-01,3,210.00
34,34,,Opening Balance,2024-01-01,2024-01-01,2024-01-01,9,26.00
35,35,,Opening Balance,2024-01-01,2024-01-01,2024-01-01,14,24.00
36,36,,Opening Balance,2024-01-01,2024-01-01,2024-01-01,6,55.00
37,37,,Opening Balance,2024-01-01,2024-01-01,2024-01-01,8,95.00
38,38,,Opening Balance,2024-01-01,2024-01-01,2024-01-01,6,68.00
39,39,,Opening Balance,2024-01-01,2024-01-01,2024-01-01,11,22.00
40,40,,Opening Balance,2024-01-01,2024-01-01,2024-01-01,14,18.00
41,42,,Opening Balance,2024-01-01,2024-01-01,2024-01-01,3,85.00
42,43,,Opening Balance,2024-01-01,2024-01-01,2024-01-01,14,12.00
43,44,,Opening Balance,2024-01-01,2024-01-01,2024-01-01,3,180.00
44,45,,Opening Balance,2024-01-01,2024-01-01,2024-01-01,12,55.00
45,46,,Opening Balance,2024-01-01,2024-01-01,2024-01-01,11,24.00
46,49,,Opening Balance,2024-01-01,2024-01-01,2024-01-01,3,65.00
47,41,2,Special Order,2024-01-02,2024-01-03,2024-01-03,1,380.00
48,41,24,Special Order,2024-01-03,2024-01-04,2024-01-04,1,380.00
49,20,,Replenishment,2024-01-04,2024-01-07,2024-01-09,2,165.00
50,16,,Replenishment,2024-01-05,2024-01-07,2024-01-08,8,41.00
51,41,59,Special Order,2024-01-06,2024-01-07,2024-01-08,1,380.00
52,41,85,Special Order,2024-01-09,2024-01-10,2024-01-10,1,380.00
53,16,,Replenishment,2024-01-11,2024-01-13,2024-01-15,8,41.00
54,37,,Replenishment,2024-01-16,2024-01-17,2024-01-18,6,95.00
55,47,150,Special Order,2024-01-16,2024-01-21,2024-01-22,1,240.00
56,14,,Replenishment,2024-01-17,2024-01-19,2024-01-20,12,32.00
57,16,,Replenishment,2024-01-17,2024-01-19,2024-01-19,8,41.00
58,20,,Replenishment,2024-01-17,2024-01-20,2024-01-22,2,165.00
59,21,,Replenishment,2024-01-18,2024-01-21,2024-01-23,3,120.00
60,34,,Replenishment,2024-01-20,2024-01-21,2024-01-23,6,26.00
61,38,,Replenishment,2024-01-20,2024-01-21,2024-01-22,4,68.00
62,2,,Replenishment,2024-01-22,2024-01-23,2024-01-24,200,5.10
63,16,,Replenishment,2024-01-22,2024-01-24,2024-01-24,8,41.00
64,18,,Replenishment,2024-01-22,2024-01-25,2024-01-27,5,145.00
65,16,232,Special Order,2024-01-23,2024-01-25,2024-01-27,2,41.00
66,1,,Replenishment,2024-01-24,2024-01-25,2024-01-25,200,5.10
67,16,,Replenishment,2024-01-24,2024-01-26,2024-01-27,8,41.00
68,22,,Replenishment,2024-01-24,2024-01-27,2024-01-29,16,38.00
69,41,237,Special Order,2024-01-24,2024-01-25,2024-01-26,1,380.00
70,8,,Replenishment,2024-01-25,2024-01-26,2024-01-26,18,18.00
71,41,257,Special Order,2024-01-25,2024-01-26,2024-01-26,1,380.00
72,5,,Replenishment,2024-01-26,2024-01-27,2024-01-27,24,9.40
73,19,,Replenishment,2024-01-26,2024-01-29,2024-01-30,5,160.00
74,41,261,Special Order,2024-01-26,2024-01-27,2024-01-29,1,380.00
75,19,286,Special Order,2024-01-29,2024-02-01,2024-02-02,1,160.00
76,38,,Replenishment,2024-01-30,2024-01-31,2024-01-31,4,68.00
77,23,,Replenishment,2024-01-31,2024-02-03,2024-02-06,64,8.50
78,14,,Replenishment,2024-02-01,2024-02-03,2024-02-05,12,32.00
79,16,,Replenishment,2024-02-01,2024-02-03,2024-02-03,8,41.00
80,16,350,Special Order,2024-02-02,2024-02-04,2024-02-05,2,41.00
81,21,,Replenishment,2024-02-02,2024-02-05,2024-02-07,3,120.00
82,47,343,Special Order,2024-02-02,2024-02-07,2024-02-09,1,240.00
83,33,,Replenishment,2024-02-03,2024-02-04,2024-02-05,2,210.00
84,19,,Replenishment,2024-02-05,2024-02-08,2024-02-10,5,160.00
85,23,363,Special Order,2024-02-05,2024-02-08,2024-02-10,8,8.50
86,41,368,Special Order,2024-02-05,2024-02-06,2024-02-07,1,380.00
87,41,370,Special Order,2024-02-05,2024-02-06,2024-02-06,1,380.00
88,43,,Replenishment,2024-02-05,2024-02-06,2024-02-06,10,12.00
89,9,,Replenishment,2024-02-06,2024-02-07,2024-02-07,120,4.20
90,16,,Replenishment,2024-02-06,2024-02-08,2024-02-09,8,41.00
91,20,,Replenishment,2024-02-06,2024-02-09,2024-02-12,2,165.00
92,17,,Replenishment,2024-02-07,2024-02-09,2024-02-09,24,7.50
93,36,,Replenishment,2024-02-07,2024-02-08,2024-02-09,4,55.00
94,15,,Replenishment,2024-02-08,2024-02-10,2024-02-10,18,28.00
95,16,405,Special Order,2024-02-08,2024-02-10,2024-02-12,2,41.00
96,16,406,Special Order,2024-02-08,2024-02-10,2024-02-10,2,41.00
97,16,407,Special Order,2024-02-08,2024-02-10,2024-02-12,2,41.00
98,34,,Replenishment,2024-02-08,2024-02-09,2024-02-09,6,26.00
99,1,,Replenishment,2024-02-10,2024-02-11,2024-02-12,200,5.10
100,14,,Replenishment,2024-02-10,2024-02-12,2024-02-13,12,32.00
101,16,,Replenishment,2024-02-10,2024-02-12,2024-02-12,8,41.00
102,11,,Replenishment,2024-02-12,2024-02-14,2024-02-14,36,9.80
103,18,,Replenishment,2024-02-12,2024-02-15,2024-02-16,5,145.00
104,21,,Replenishment,2024-02-12,2024-02-15,2024-02-19,3,120.00
105,40,,Replenishment,2024-02-12,2024-02-13,2024-02-15,10,18.00
106,2,,Replenishment,2024-02-13,2024-02-14,2024-02-15,200,5.10
107,16,,Replenishment,2024-02-13,2024-02-15,2024-02-15,8,41.00
108,41,443,Special Order,2024-02-13,2024-02-14,2024-02-14,1,380.00
109,41,446,Special Order,2024-02-13,2024-02-14,2024-02-14,1,380.00
110,33,,Replenishment,2024-02-14,2024-02-15,2024-02-17,2,210.00
111,37,,Replenishment,2024-02-14,2024-02-15,2024-02-15,6,95.00
112,42,,Replenishment,2024-02-14,2024-02-15,2024-02-15,2,85.00
113,35,,Replenishment,2024-02-15,2024-02-16,2024-02-17,10,24.00
114,12,,Replenishment,2024-02-16,2024-02-18,2024-02-21,36,8.60
115,24,,Replenishment,2024-02-16,2024-02-19,2024-02-21,8,45.00
116,19,,Replenishment,2024-02-17,2024-02-20,2024-02-22,5,160.00
117,29,,Replenishment,2024-02-17,2024-02-22,2024-02-22,4,85.00
118,8,,Replenishment,2024-02-19,2024-02-20,2024-02-20,18,18.00
119,16,,Replenishment,2024-02-19,2024-02-21,2024-02-21,8,41.00
120,16,511,Special Order,2024-02-19,2024-02-21,2024-02-23,2,41.00
121,14,,Replenishment,2024-02-20,2024-02-22,2024-02-22,12,32.00
122,16,518,Special Order,2024-02-20,2024-02-22,2024-02-22,2,41.00
123,16,519,Special Order,2024-02-20,2024-02-22,2024-02-23,2,41.00
124,16,521,Special Order,2024-02-20,2024-02-22,2024-02-23,2,41.00
125,47,527,Special Order,2024-02-21,2024-02-26,2024-02-26,1,240.00
126,16,,Replenishment,2024-02-22,2024-02-24,2024-02-24,8,41.00
127,47,545,Special Order,2024-02-22,2024-02-27,2024-02-29,1,240.00
128,17,,Replenishment,2024-02-24,2024-02-26,2024-02-28,24,7.50
129,42,,Replenishment,2024-02-24,2024-02-25,2024-02-26,2,85.00
130,3,,Replenishment,2024-02-26,2024-02-27,2024-02-29,60,6.20
131,16,,Replenishment,2024-02-26,2024-02-28,2024-02-28,8,41.00
132,33,,Replenishment,2024-02-26,2024-02-27,2024-02-28,2,210.00
133,1,,Replenishment,2024-02-27,2024-02-28,2024-02-28,200,5.10
134,20,,Replenishment,2024-02-27,2024-03-01,2024-03-04,2,165.00
135,21,,Replenishment,2024-02-27,2024-03-01,2024-03-04,3,120.00
136,44,,Replenishment,2024-02-28,2024-02-29,2024-03-01,2,180.00
137,5,,Replenishment,2024-02-29,2024-03-01,2024-03-01,24,9.40
138,14,,Replenishment,2024-02-29,2024-03-02,2024-03-04,12,32.00
139,30,,Replenishment,2024-02-29,2024-03-05,2024-03-07,3,160.00
140,38,,Replenishment,2024-02-29,2024-03-01,2024-03-01,4,68.00
141,21,634,Special Order,2024-03-01,2024-03-04,2024-03-05,1,120.00
142,22,,Replenishment,2024-03-02,2024-03-05,2024-03-06,16,38.00
143,2,,Replenishment,2024-03-04,2024-03-05,2024-03-05,200,5.10
144,4,,Replenishment,2024-03-04,2024-03-05,2024-03-05,36,11.50
145,31,,Replenishment,2024-03-04,2024-03-09,2024-03-12,8,22.00
146,34,,Replenishment,2024-03-04,2024-03-05,2024-03-05,6,26.00
147,48,657,Special Order,2024-03-04,2024-03-09,2024-03-09,1,420.00
148,16,,Replenishment,2024-03-05,2024-03-07,2024-03-07,8,41.00
149,20,,Replenishment,2024-03-05,2024-03-08,2024-03-11,2,165.00
150,29,,Replenishment,2024-03-05,2024-03-10,2024-03-11,4,85.00
151,25,,Replenishment,2024-03-06,2024-03-11,2024-03-12,2,310.00
152,45,,Replenishment,2024-03-07,2024-03-08,2024-03-11,8,55.00
153,35,,Replenishment,2024-03-08,2024-03-09,2024-03-09,10,24.00
154,37,,Replenishment,2024-03-08,2024-03-09,2024-03-09,6,95.00
155,41,704,Special Order,2024-03-08,2024-03-09,2024-03-11,1,380.00
156,46,,Replenishment,2024-03-08,2024-03-13,2024-03-14,8,24.00
157,8,,Replenishment,2024-03-09,2024-03-10,2024-03-11,18,18.00
158,16,,Replenishment,2024-03-11,2024-03-13,2024-03-13,8,41.00
159,23,,Replenishment,2024-03-11,2024-03-14,2024-03-16,64,8.50
160,15,,Replenishment,2024-03-12,2024-03-14,2024-03-14,18,28.00
161,18,,Replenishment,2024-03-12,2024-03-15,2024-03-16,5,145.00
162,21,,Replenishment,2024-03-12,2024-03-15,2024-03-18,3,120.00
163,33,,Replenishment,2024-03-12,2024-03-13,2024-03-13,2,210.00
164,9,,Replenishment,2024-03-13,2024-03-14,2024-03-14,120,4.20
165,44,,Replenishment,2024-03-13,2024-03-14,2024-03-15,2,180.00
166,19,,Replenishment,2024-03-14,2024-03-17,2024-03-18,5,160.00
167,1,,Replenishment,2024-03-15,2024-03-16,2024-03-16,200,5.10
168,16,,Replenishment,2024-03-15,2024-03-17,2024-03-18,8,41.00
169,14,,Replenishment,2024-03-18,2024-03-20,2024-03-20,12,32.00
170,21,,Replenishment,2024-03-18,2024-03-21,2024-03-23,3,120.00
171,28,,Replenishment,2024-03-18,2024-03-23,2024-03-25,2,145.00
172,38,,Replenishment,2024-03-18,2024-03-19,2024-03-20,4,68.00
173,39,,Replenishment,2024-03-18,2024-03-19,2024-03-20,8,22.00
174,41,831,Special Order,2024-03-19,2024-03-20,2024-03-20,1,380.00
175,16,,Replenishment,2024-03-20,2024-03-22,2024-03-22,8,41.00
176,17,,Replenishment,2024-03-21,2024-03-23,2024-03-23,24,7.50
177,41,853,Special Order,2024-03-21,2024-03-22,2024-03-22,1,380.00
178,43,,Replenishment,2024-03-21,2024-03-22,2024-03-23,10,12.00
179,2,,Replenishment,2024-03-22,2024-03-23,2024-03-23,200,5.10
180,11,,Replenishment,2024-03-22,2024-03-24,2024-03-25,36,9.80
181,30,,Replenishment,2024-03-23,2024-03-28,2024-03-29,3,160.00
182,16,,Replenishment,2024-03-25,2024-03-27,2024-03-27,8,41.00
183,37,,Replenishment,2024-03-25,2024-03-26,2024-03-28,6,95.00
184,29,,Replenishment,2024-03-26,2024-03-31,2024-04-03,4,85.00
185,5,,Replenishment,2024-03-28,2024-03-29,2024-03-30,24,9.40
186,16,,Replenishment,2024-03-28,2024-03-30,2024-03-30,8,41.00
187,19,,Replenishment,2024-03-28,2024-03-31,2024-04-03,5,160.00
188,44,,Replenishment,2024-03-28,2024-03-29,2024-04-01,2,180.00
189,3,,Replenishment,2024-03-30,2024-03-31,2024-04-01,60,6.20
190,21,,Replenishment,2024-03-30,2024-04-02,2024-04-03,3,120.00
191,14,,Replenishment,2024-04-01,2024-04-03,2024-04-03,12,32.00
192,33,,Replenishment,2024-04-01,2024-04-02,2024-04-03,2,210.00
193,36,,Replenishment,2024-04-01,2024-04-02,2024-04-02,4,55.00
194,38,,Replenishment,2024-04-01,2024-04-02,2024-04-02,4,68.00
195,40,,Replenishment,2024-04-02,2024-04-03,2024-04-03,10,18.00
196,2,,Replenishment,2024-04-03,2024-04-04,2024-04-04,200,5.10
197,8,,Replenishment,2024-04-03,2024-04-04,2024-04-04,18,18.00
198,16,,Replenishment,2024-04-03,2024-04-05,2024-04-05,8,41.00
199,20,,Replenishment,2024-04-03,2024-04-06,2024-04-08,2,165.00
200,4,,Replenishment,2024-04-04,2024-04-05,2024-04-05,36,11.50
201,12,,Replenishment,2024-04-04,2024-04-06,2024-04-06,36,8.60
202,47,1006,Special Order,2024-04-04,2024-04-09,2024-04-10,1,240.00
203,25,,Replenishment,2024-04-05,2024-04-10,2024-04-10,2,310.00
204,26,,Replenishment,2024-04-05,2024-04-10,2024-04-12,6,32.00
205,31,,Replenishment,2024-04-05,2024-04-10,2024-04-10,8,22.00
206,7,,Replenishment,2024-04-08,2024-04-09,2024-04-09,24,38.00
207,16,,Replenishment,2024-04-08,2024-04-10,2024-04-11,8,41.00
208,22,,Replenishment,2024-04-08,2024-04-11,2024-04-13,16,38.00
209,30,,Replenishment,2024-04-08,2024-04-13,2024-04-15,3,160.00
210,48,1054,Special Order,2024-04-08,2024-04-13,2024-04-15,1,420.00
211,16,1072,Special Order,2024-04-09,2024-04-11,2024-04-11,2,41.00
212,18,,Replenishment,2024-04-09,2024-04-12,2024-04-13,5,145.00
213,19,,Replenishment,2024-04-09,2024-04-12,2024-04-15,5,160.00
214,16,1079,Special Order,2024-04-10,2024-04-12,2024-04-12,2,41.00
215,47,1074,Special Order,2024-04-10,2024-04-15,2024-04-16,1,240.00
216,20,,Replenishment,2024-04-11,2024-04-14,2024-04-16,2,165.00
217,47,1091,Special Order,2024-04-11,2024-04-16,2024-04-16,1,240.00
218,1,,Replenishment,2024-04-12,2024-04-13,2024-04-15,200,5.10
219,34,,Replenishment,2024-04-13,2024-04-14,2024-04-15,6,26.00
220,25,,Replenishment,2024-04-15,2024-04-20,2024-04-22,2,310.00
221,27,,Replenishment,2024-04-15,2024-04-20,2024-04-20,24,6.00
222,14,,Replenishment,2024-04-16,2024-04-18,2024-04-19,12,32.00
223,16,,Replenishment,2024-04-16,2024-04-18,2024-04-18,8,41.00
224,33,,Replenishment,2024-04-16,2024-04-17,2024-04-18,2,210.00
225,24,,Replenishment,2024-04-17,2024-04-20,2024-04-22,8,45.00
226,9,,Replenishment,2024-04-18,2024-04-19,2024-04-19,120,4.20
227,35,,Replenishment,2024-04-18,2024-04-19,2024-04-19,10,24.00
228,5,,Replenishment,2024-04-19,2024-04-20,2024-04-20,24,9.40
229,18,,Replenishment,2024-04-19,2024-04-22,2024-04-24,5,145.00
230,23,,Replenishment,2024-04-20,2024-04-23,2024-04-24,64,8.50
231,8,,Replenishment,2024-04-23,2024-04-24,2024-04-25,18,18.00
232,16,,Replenishment,2024-04-23,2024-04-25,2024-04-25,8,41.00
233,2,,Replenishment,2024-04-24,2024-04-25,2024-04-26,200,5.10
234,17,,Replenishment,2024-04-24,2024-04-26,2024-04-26,24,7.50
235,20,,Replenishment,2024-04-24,2024-04-27,2024-04-29,2,165.00
236,6,,Replenishment,2024-04-25,2024-04-26,2024-04-26,36,14.00
237,11,,Replenishment,2024-04-25,2024-04-27,2024-04-29,36,9.80
238,19,,Replenishment,2024-04-25,2024-04-28,2024-04-29,5,160.00
239,15,,Replenishment,2024-04-26,2024-04-28,2024-04-29,18,28.00
240,16,,Replenishment,2024-04-27,2024-04-29,2024-04-29,8,41.00
241,20,1262,Special Order,2024-04-27,2024-04-30,2024-05-02,1,165.00
242,36,,Replenishment,2024-04-29,2024-04-30,2024-04-30,4,55.00
243,38,,Replenishment,2024-04-29,2024-04-30,2024-04-30,4,68.00
244,18,,Replenishment,2024-04-30,2024-05-03,2024-05-06,5,145.00
245,44,,Replenishment,2024-04-30,2024-05-01,2024-05-01,2,180.00
246,37,,Replenishment,2024-05-01,2024-05-02,2024-05-02,6,95.00
247,14,,Replenishment,2024-05-02,2024-05-04,2024-05-06,12,32.00
248,16,,Replenishment,2024-05-02,2024-05-04,2024-05-04,8,41.00
249,33,,Replenishment,2024-05-02,2024-05-03,2024-05-03,2,210.00
250,16,1329,Special Order,2024-05-03,2024-05-05,2024-05-06,2,41.00
251,4,,Replenishment,2024-05-04,2024-05-05,2024-05-06,36,11.50
252,19,,Replenishment,2024-05-04,2024-05-07,2024-05-09,5,160.00
253,16,,Replenishment,2024-05-06,2024-05-08,2024-05-09,8,41.00
254,25,,Replenishment,2024-05-06,2024-05-11,2024-05-13,2,310.00
255,16,1367,Special Order,2024-05-08,2024-05-10,2024-05-10,2,41.00
256,30,,Replenishment,2024-05-08,2024-05-13,2024-05-14,3,160.00
257,31,,Replenishment,2024-05-08,2024-05-13,2024-05-13,8,22.00
258,18,,Replenishment,2024-05-09,2024-05-12,2024-05-15,5,145.00
259,21,,Replenishment,2024-05-09,2024-05-12,2024-05-14,3,120.00
260,47,1400,Special Order,2024-05-09,2024-05-14,2024-05-15,1,240.00
261,12,,Replenishment,2024-05-10,2024-05-12,2024-05-13,36,8.60
262,16,,Replenishment,2024-05-10,2024-05-12,2024-05-13,8,41.00
263,8,,Replenishment,2024-05-11,2024-05-12,2024-05-13,18,18.00
264,16,1422,Special Order,2024-05-11,2024-05-13,2024-05-14,2,41.00
265,1,,Replenishment,2024-05-13,2024-05-14,2024-05-14,200,5.10
266,22,,Replenishment,2024-05-13,2024-05-16,2024-05-18,16,38.00
267,41,1426,Special Order,2024-05-13,2024-05-14,2024-05-14,1,380.00
268,2,,Replenishment,2024-05-14,2024-05-15,2024-05-15,200,5.10
269,7,,Replenishment,2024-05-14,2024-05-15,2024-05-15,24,38.00
270,19,,Replenishment,2024-05-14,2024-05-17,2024-05-18,5,160.00
271,25,,Replenishment,2024-05-14,2024-05-19,2024-05-21,2,310.00
272,26,,Replenishment,2024-05-14,2024-05-19,2024-05-21,6,32.00
273,3,,Replenishment,2024-05-15,2024-05-16,2024-05-16,60,6.20
274,20,,Replenishment,2024-05-15,2024-05-18,2024-05-20,2,165.00
275,34,,Replenishment,2024-05-15,2024-05-16,2024-05-16,6,26.00
276,37,,Replenishment,2024-05-15,2024-05-16,2024-05-17,6,95.00
277,46,,Replenishment,2024-05-15,2024-05-20,2024-05-21,8,24.00
278,27,,Replenishment,2024-05-16,2024-05-21,2024-05-22,24,6.00
279,47,1478,Special Order,2024-05-16,2024-05-21,2024-05-22,1,240.00
280,14,,Replenishment,2024-05-17,2024-05-19,2024-05-20,12,32.00
281,16,,Replenishment,2024-05-17,2024-05-19,2024-05-20,8,41.00
282,16,1495,Special Order,2024-05-17,2024-05-19,2024-05-20,2,41.00
283,16,1500,Special Order,2024-05-18,2024-05-20,2024-05-20,2,41.00
284,25,1501,Special Order,2024-05-18,2024-05-23,2024-05-25,1,310.00
285,5,,Replenishment,2024-05-20,2024-05-21,2024-05-21,24,9.40
286,6,,Replenishment,2024-05-20,2024-05-21,2024-05-21,36,14.00
287,20,,Replenishment,2024-05-23,2024-05-26,2024-05-29,2,165.00
288,41,1555,Special Order,2024-05-23,2024-05-24,2024-05-24,1,380.00
289,17,,Replenishment,2024-05-24,2024-05-26,2024-05-28,24,7.50
290,16,,Replenishment,2024-05-25,2024-05-27,2024-05-30,8,41.00
291,23,,Replenishment,2024-05-25,2024-05-28,2024-05-29,64,8.50
292,25,,Replenishment,2024-05-25,2024-05-30,2024-05-30,2,310.00
293,28,,Replenishment,2024-05-25,2024-05-30,2024-05-31,2,145.00
294,16,1578,Special Order,2024-05-28,2024-05-30,2024-05-31,2,41.00
295,16,1584,Special Order,2024-05-28,2024-05-30,2024-05-30,2,41.00
296,19,,Replenishment,2024-05-28,2024-05-31,2024-06-03,5,160.00
297,26,,Replenishment,2024-05-28,2024-06-02,2024-06-05,6,32.00
298,29,,Replenishment,2024-05-28,2024-06-02,2024-06-03,4,85.00
299,14,,Replenishment,2024-05-29,2024-05-31,2024-06-01,12,32.00
300,16,1603,Special Order,2024-05-29,2024-05-31,2024-05-31,2,41.00
301,16,1608,Special Order,2024-05-29,2024-05-31,2024-06-03,2,41.00
302,20,,Replenishment,2024-05-29,2024-06-01,2024-06-03,2,165.00
303,24,,Replenishment,2024-05-29,2024-06-01,2024-06-05,8,45.00
304,41,1599,Special Order,2024-05-29,2024-05-30,2024-05-30,1,380.00
305,34,,Replenishment,2024-05-30,2024-05-31,2024-05-31,6,26.00
306,4,,Replenishment,2024-05-31,2024-06-01,2024-06-01,36,11.50
307,10,,Replenishment,2024-05-31,2024-06-01,2024-06-03,30,9.50
308,21,,Replenishment,2024-05-31,2024-06-03,2024-06-04,3,120.00
309,25,,Replenishment,2024-05-31,2024-06-05,2024-06-07,2,310.00
310,30,,Replenishment,2024-05-31,2024-06-05,2024-06-05,3,160.00
311,32,,Replenishment,2024-05-31,2024-06-05,2024-06-08,6,28.00
312,16,,Replenishment,2024-06-01,2024-06-03,2024-06-03,8,41.00
313,11,,Replenishment,2024-06-03,2024-06-05,2024-06-06,36,9.80
314,2,,Replenishment,2024-06-04,2024-06-05,2024-06-05,200,5.10
315,18,,Replenishment,2024-06-04,2024-06-07,2024-06-08,5,145.00
316,44,,Replenishment,2024-06-04,2024-06-05,2024-06-06,2,180.00
317,7,,Replenishment,2024-06-05,2024-06-06,2024-06-06,24,38.00
318,8,,Replenishment,2024-06-05,2024-06-06,2024-06-06,18,18.00
319,9,,Replenishment,2024-06-05,2024-06-06,2024-06-06,120,4.20
320,19,,Replenishment,2024-06-05,2024-06-08,2024-06-08,5,160.00
321,21,,Replenishment,2024-06-05,2024-06-08,2024-06-10,3,120.00
322,28,,Replenishment,2024-06-05,2024-06-10,2024-06-12,2,145.00
323,33,,Replenishment,2024-06-05,2024-06-06,2024-06-06,2,210.00
324,15,,Replenishment,2024-06-06,2024-06-08,2024-06-08,18,28.00
325,18,1722,Special Order,2024-06-07,2024-06-10,2024-06-11,1,145.00
326,19,1721,Special Order,2024-06-07,2024-06-10,2024-06-11,1,160.00
327,20,,Replenishment,2024-06-07,2024-06-10,2024-06-10,2,165.00
328,28,1719,Special Order,2024-06-07,2024-06-12,2024-06-13,1,145.00
329,40,,Replenishment,2024-06-07,2024-06-08,2024-06-08,10,18.00
330,16,,Replenishment,2024-06-10,2024-06-12,2024-06-12,8,41.00
331,25,,Replenishment,2024-06-10,2024-06-15,2024-06-15,2,310.00
332,37,,Replenishment,2024-06-10,2024-06-11,2024-06-11,6,95.00
333,14,,Replenishment,2024-06-11,2024-06-13,2024-06-13,12,32.00
334,16,1751,Special Order,2024-06-11,2024-06-13,2024-06-14,2,41.00
335,16,1753,Special Order,2024-06-11,2024-06-13,2024-06-14,2,41.00
336,16,1754,Special Order,2024-06-11,2024-06-13,2024-06-13,2,41.00
337,16,1762,Special Order,2024-06-11,2024-06-13,2024-06-13,2,41.00
338,19,,Replenishment,2024-06-11,2024-06-14,2024-06-17,5,160.00
339,27,,Replenishment,2024-06-11,2024-06-16,2024-06-18,24,6.00
340,31,,Replenishment,2024-06-11,2024-06-16,2024-06-18,8,22.00
341,5,,Replenishment,2024-06-12,2024-06-13,2024-06-13,24,9.40
342,26,,Replenishment,2024-06-12,2024-06-17,2024-06-19,6,32.00
343,30,,Replenishment,2024-06-12,2024-06-17,2024-06-19,3,160.00
344,18,,Replenishment,2024-06-13,2024-06-16,2024-06-17,5,145.00
345,33,,Replenishment,2024-06-13,2024-06-14,2024-06-15,2,210.00
346,6,,Replenishment,2024-06-14,2024-06-15,2024-06-15,36,14.00
347,16,,Replenishment,2024-06-14,2024-06-16,2024-06-17,8,41.00
348,19,1788,Special Order,2024-06-14,2024-06-17,2024-06-21,1,160.00
349,19,1799,Special Order,2024-06-14,2024-06-17,2024-06-19,1,160.00
350,35,,Replenishment,2024-06-14,2024-06-15,2024-06-17,10,24.00
351,19,1804,Special Order,2024-06-15,2024-06-18,2024-06-18,1,160.00
352,25,,Replenishment,2024-06-15,2024-06-20,2024-06-22,2,310.00
353,1,,Replenishment,2024-06-17,2024-06-18,2024-06-18,200,5.10
354,27,1807,Special Order,2024-06-17,2024-06-22,2024-06-24,1,6.00
355,21,,Replenishment,2024-06-18,2024-06-21,2024-06-24,3,120.00
356,18,,Replenishment,2024-06-19,2024-06-22,2024-06-24,5,145.00
357,41,1842,Special Order,2024-06-19,2024-06-20,2024-06-20,1,380.00
358,7,,Replenishment,2024-06-20,2024-06-21,2024-06-21,24,38.00
359,25,1866,Special Order,2024-06-21,2024-06-26,2024-06-27,1,310.00
360,19,,Replenishment,2024-06-22,2024-06-25,2024-06-28,5,160.00
361,41,1899,Special Order,2024-06-25,2024-06-26,2024-06-26,1,380.00
362,2,,Replenishment,2024-06-26,2024-06-27,2024-06-27,200,5.10
363,4,,Replenishment,2024-06-26,2024-06-27,2024-06-27,36,11.50
364,8,,Replenishment,2024-06-26,2024-06-27,2024-06-27,18,18.00
365,16,,Replenishment,2024-06-26,2024-06-28,2024-06-28,8,41.00
366,19,1918,Special Order,2024-06-26,2024-06-29,2024-07-01,1,160.00
367,21,,Replenishment,2024-06-26,2024-06-29,2024-07-02,3,120.00
368,37,,Replenishment,2024-06-26,2024-06-27,2024-06-27,6,95.00
369,18,,Replenishment,2024-06-27,2024-06-30,2024-07-02,5,145.00
370,19,1926,Special Order,2024-06-27,2024-06-30,2024-07-02,1,160.00
371,19,1927,Special Order,2024-06-27,2024-06-30,2024-07-01,1,160.00
372,19,1928,Special Order,2024-06-27,2024-06-30,2024-07-03,1,160.00
373,33,,Replenishment,2024-06-27,2024-06-28,2024-07-01,2,210.00
374,17,,Replenishment,2024-06-28,2024-06-30,2024-07-01,24,7.50
375,21,1945,Special Order,2024-06-28,2024-07-01,2024-07-01,1,120.00
376,23,,Replenishment,2024-06-28,2024-07-01,2024-07-03,64,8.50
377,41,1952,Special Order,2024-06-28,2024-06-29,2024-06-29,1,380.00
378,14,,Replenishment,2024-07-01,2024-07-03,2024-07-05,12,32.00
379,16,,Replenishment,2024-07-01,2024-07-03,2024-07-03,8,41.00
380,16,1973,Special Order,2024-07-01,2024-07-03,2024-07-03,2,41.00
381,16,1982,Special Order,2024-07-01,2024-07-03,2024-07-05,2,41.00
382,19,,Replenishment,2024-07-01,2024-07-04,2024-07-06,5,160.00
383,19,1986,Special Order,2024-07-01,2024-07-04,2024-07-05,1,160.00
384,21,1971,Special Order,2024-07-01,2024-07-04,2024-07-06,1,120.00
385,41,1988,Special Order,2024-07-01,2024-07-02,2024-07-02,1,380.00
386,20,,Replenishment,2024-07-02,2024-07-05,2024-07-08,2,165.00
387,28,,Replenishment,2024-07-02,2024-07-07,2024-07-09,2,145.00
388,42,,Replenishment,2024-07-02,2024-07-03,2024-07-05,2,85.00
389,7,,Replenishment,2024-07-03,2024-07-04,2024-07-05,24,38.00
390,27,,Replenishment,2024-07-03,2024-07-08,2024-07-10,24,6.00
391,30,,Replenishment,2024-07-03,2024-07-08,2024-07-10,3,160.00
392,41,2007,Special Order,2024-07-03,2024-07-04,2024-07-05,1,380.00
393,19,2019,Special Order,2024-07-05,2024-07-08,2024-07-09,1,160.00
394,19,2023,Special Order,2024-07-05,2024-07-08,2024-07-09,1,160.00
395,19,2027,Special Order,2024-07-05,2024-07-08,2024-07-08,1,160.00
396,19,2029,Special Order,2024-07-05,2024-07-08,2024-07-09,1,160.00
397,19,2032,Special Order,2024-07-05,2024-07-08,2024-07-10,1,160.00
398,24,,Replenishment,2024-07-08,2024-07-11,2024-07-12,8,45.00
399,8,,Replenishment,2024-07-09,2024-07-10,2024-07-10,18,18.00
400,12,,Replenishment,2024-07-09,2024-07-11,2024-07-12,36,8.60
401,19,,Replenishment,2024-07-09,2024-07-12,2024-07-15,5,160.00
402,11,,Replenishment,2024-07-10,2024-07-12,2024-07-13,36,9.80
403,41,2081,Special Order,2024-07-10,2024-07-11,2024-07-11,1,380.00
404,43,,Replenishment,2024-07-10,2024-07-11,2024-07-11,10,12.00
405,15,,Replenishment,2024-07-12,2024-07-14,2024-07-15,18,28.00
406,16,,Replenishment,2024-07-12,2024-07-14,2024-07-15,8,41.00
407,22,,Replenishment,2024-07-12,2024-07-15,2024-07-18,16,38.00
408,20,,Replenishment,2024-07-13,2024-07-16,2024-07-17,2,165.00
409,1,,Replenishment,2024-07-15,2024-07-16,2024-07-16,200,5.10
410,38,,Replenishment,2024-07-15,2024-07-16,2024-07-17,4,68.00
411,18,,Replenishment,2024-07-16,2024-07-19,2024-07-22,5,145.00
412,25,,Replenishment,2024-07-16,2024-07-21,2024-07-22,2,310.00
413,26,,Replenishment,2024-07-16,2024-07-21,2024-07-22,6,32.00
414,16,,Replenishment,2024-07-17,2024-07-19,2024-07-19,8,41.00
415,29,,Replenishment,2024-07-17,2024-07-22,2024-07-23,4,85.00
416,16,2172,Special Order,2024-07-18,2024-07-20,2024-07-20,2,41.00
417,19,,Replenishment,2024-07-18,2024-07-21,2024-07-24,5,160.00
418,28,,Replenishment,2024-07-18,2024-07-23,2024-07-24,2,145.00
419,2,,Replenishment,2024-07-19,2024-07-20,2024-07-20,200,5.10
420,7,,Replenishment,2024-07-19,2024-07-20,2024-07-20,24,38.00
421,9,,Replenishment,2024-07-19,2024-07-20,2024-07-20,120,4.20
422,14,,Replenishment,2024-07-19,2024-07-21,2024-07-22,12,32.00
423,16,,Replenishment,2024-07-19,2024-07-21,2024-07-22,8,41.00
424,3,,Replenishment,2024-07-20,2024-07-21,2024-07-22,60,6.20
425,23,,Replenishment,2024-07-20,2024-07-23,2024-07-26,64,8.50
426,4,,Replenishment,2024-07-22,2024-07-23,2024-07-23,36,11.50
427,6,,Replenishment,2024-07-22,2024-07-23,2024-07-23,36,14.00
428,21,,Replenishment,2024-07-22,2024-07-25,2024-07-29,3,120.00
429,27,,Replenishment,2024-07-22,2024-07-27,2024-07-29,24,6.00
430,28,2211,Special Order,2024-07-22,2024-07-27,2024-07-29,1,145.00
431,25,,Replenishment,2024-07-23,2024-07-28,2024-07-29,2,310.00
432,30,,Replenishment,2024-07-23,2024-07-28,2024-07-29,3,160.00
433,34,,Replenishment,2024-07-23,2024-07-24,2024-07-25,6,26.00
434,5,,Replenishment,2024-07-24,2024-07-25,2024-07-26,24,9.40
435,17,,Replenishment,2024-07-24,2024-07-26,2024-07-27,24,7.50
436,20,,Replenishment,2024-07-24,2024-07-27,2024-07-29,2,165.00
437,16,,Replenishment,2024-07-25,2024-07-27,2024-07-27,8,41.00
438,19,,Replenishment,2024-07-25,2024-07-28,2024-07-29,5,160.00
439,16,2269,Special Order,2024-07-26,2024-07-28,2024-07-29,2,41.00
440,19,2264,Special Order,2024-07-26,2024-07-29,2024-07-31,1,160.00
441,27,2261,Special Order,2024-07-26,2024-07-31,2024-08-01,1,6.00
442,38,,Replenishment,2024-07-26,2024-07-27,2024-07-27,4,68.00
443,19,2276,Special Order,2024-07-27,2024-07-30,2024-07-31,1,160.00
444,26,,Replenishment,2024-07-27,2024-08-01,2024-08-02,6,32.00
445,27,2271,Special Order,2024-07-27,2024-08-01,2024-08-03,1,6.00
446,27,2273,Special Order,2024-07-27,2024-08-01,2024-08-02,1,6.00
447,27,2275,Special Order,2024-07-27,2024-08-01,2024-08-01,1,6.00
448,28,,Replenishment,2024-07-27,2024-08-01,2024-08-03,2,145.00
449,20,,Replenishment,2024-07-29,2024-08-01,2024-08-03,2,165.00
450,29,,Replenishment,2024-07-29,2024-08-03,2024-08-05,4,85.00
451,35,,Replenishment,2024-07-29,2024-07-30,2024-07-30,10,24.00
452,33,,Replenishment,2024-07-30,2024-07-31,2024-07-31,2,210.00
453,7,,Replenishment,2024-07-31,2024-08-01,2024-08-02,24,38.00
454,16,,Replenishment,2024-07-31,2024-08-02,2024-08-02,8,41.00
455,31,,Replenishment,2024-07-31,2024-08-05,2024-08-06,8,22.00
456,41,2328,Special Order,2024-07-31,2024-08-01,2024-08-02,1,380.00
457,18,,Replenishment,2024-08-01,2024-08-04,2024-08-05,5,145.00
458,28,2343,Special Order,2024-08-01,2024-08-06,2024-08-08,1,145.00
459,1,,Replenishment,2024-08-02,2024-08-03,2024-08-03,200,5.10
460,14,,Replenishment,2024-08-02,2024-08-04,2024-08-05,12,32.00
461,25,,Replenishment,2024-08-02,2024-08-07,2024-08-07,2,310.00
462,47,2358,Special Order,2024-08-03,2024-08-08,2024-08-09,1,240.00
463,19,,Replenishment,2024-08-05,2024-08-08,2024-08-10,5,160.00
464,25,2373,Special Order,2024-08-05,2024-08-10,2024-08-12,1,310.00
465,25,2376,Special Order,2024-08-05,2024-08-10,2024-08-12,1,310.00
466,26,,Replenishment,2024-08-05,2024-08-10,2024-08-12,6,32.00
467,37,,Replenishment,2024-08-05,2024-08-06,2024-08-06,6,95.00
468,8,,Replenishment,2024-08-06,2024-08-07,2024-08-07,18,18.00
469,16,,Replenishment,2024-08-06,2024-08-08,2024-08-09,8,41.00
470,41,2384,Special Order,2024-08-06,2024-08-07,2024-08-09,1,380.00
471,7,,Replenishment,2024-08-07,2024-08-08,2024-08-08,24,38.00
472,16,2404,Special Order,2024-08-07,2024-08-09,2024-08-09,2,41.00
473,19,2406,Special Order,2024-08-07,2024-08-10,2024-08-13,1,160.00
474,25,,Replenishment,2024-08-07,2024-08-12,2024-08-15,2,310.00
475,29,,Replenishment,2024-08-07,2024-08-12,2024-08-12,4,85.00
476,36,,Replenishment,2024-08-07,2024-08-08,2024-08-08,4,55.00
477,19,2410,Special Order,2024-08-08,2024-08-11,2024-08-14,1,160.00
478,20,,Replenishment,2024-08-08,2024-08-11,2024-08-12,2,165.00
479,21,,Replenishment,2024-08-08,2024-08-11,2024-08-13,3,120.00
480,30,,Replenishment,2024-08-08,2024-08-13,2024-08-14,3,160.00
481,32,,Replenishment,2024-08-08,2024-08-13,2024-08-14,6,28.00
482,19,2429,Special Order,2024-08-09,2024-08-12,2024-08-13,1,160.00
483,27,,Replenishment,2024-08-09,2024-08-14,2024-08-15,24,6.00
484,4,,Replenishment,2024-08-10,2024-08-11,2024-08-12,36,11.50
485,47,2444,Special Order,2024-08-10,2024-08-15,2024-08-17,1,240.00
486,6,,Replenishment,2024-08-12,2024-08-13,2024-08-14,36,14.00
487,15,,Replenishment,2024-08-12,2024-08-14,2024-08-15,18,28.00
488,16,,Replenishment,2024-08-12,2024-08-14,2024-08-14,8,41.00
489,22,,Replenishment,2024-08-12,2024-08-15,2024-08-15,16,38.00
490,16,2469,Special Order,2024-08-13,2024-08-15,2024-08-17,2,41.00
491,16,2478,Special Order,2024-08-13,2024-08-15,2024-08-17,2,41.00
492,38,,Replenishment,2024-08-13,2024-08-14,2024-08-15,4,68.00
493,14,,Replenishment,2024-08-14,2024-08-16,2024-08-17,12,32.00
494,20,,Replenishment,2024-08-14,2024-08-17,2024-08-17,2,165.00
495,25,2485,Special Order,2024-08-14,2024-08-19,2024-08-21,1,310.00
496,19,,Replenishment,2024-08-15,2024-08-18,2024-08-19,5,160.00
497,2,,Replenishment,2024-08-16,2024-08-17,2024-08-17,200,5.10
498,18,,Replenishment,2024-08-16,2024-08-19,2024-08-20,5,145.00
499,20,2517,Special Order,2024-08-16,2024-08-19,2024-08-21,1,165.00
500,45,,Replenishment,2024-08-16,2024-08-17,2024-08-17,8,55.00
501,16,,Replenishment,2024-08-19,2024-08-21,2024-08-22,8,41.00
502,47,2543,Special Order,2024-08-19,2024-08-24,2024-08-26,1,240.00
503,8,,Replenishment,2024-08-21,2024-08-22,2024-08-22,18,18.00
504,23,,Replenishment,2024-08-21,2024-08-24,2024-08-26,64,8.50
505,33,,Replenishment,2024-08-21,2024-08-22,2024-08-22,2,210.00
506,41,2571,Special Order,2024-08-21,2024-08-22,2024-08-22,1,380.00
507,20,,Replenishment,2024-08-22,2024-08-25,2024-08-27,2,165.00
508,25,,Replenishment,2024-08-22,2024-08-27,2024-08-28,2,310.00
509,37,,Replenishment,2024-08-22,2024-08-23,2024-08-24,6,95.00
510,17,,Replenishment,2024-08-23,2024-08-25,2024-08-26,24,7.50
511,21,,Replenishment,2024-08-23,2024-08-26,2024-08-28,3,120.00
512,47,2603,Special Order,2024-08-24,2024-08-29,2024-08-29,1,240.00
513,11,,Replenishment,2024-08-26,2024-08-28,2024-08-28,36,9.80
514,16,,Replenishment,2024-08-26,2024-08-28,2024-08-29,8,41.00
515,7,,Replenishment,2024-08-27,2024-08-28,2024-08-29,24,38.00
516,26,,Replenishment,2024-08-27,2024-09-01,2024-09-03,6,32.00
517,42,,Replenishment,2024-08-27,2024-08-28,2024-08-28,2,85.00
518,1,,Replenishment,2024-08-28,2024-08-29,2024-08-31,200,5.10
519,5,,Replenishment,2024-08-28,2024-08-29,2024-08-29,24,9.40
520,18,,Replenishment,2024-08-28,2024-08-31,2024-08-31,5,145.00
521,19,,Replenishment,2024-08-28,2024-08-31,2024-09-03,5,160.00
522,20,,Replenishment,2024-08-28,2024-08-31,2024-09-03,2,165.00
523,38,,Replenishment,2024-08-29,2024-08-30,2024-09-03,4,68.00
524,41,2661,Special Order,2024-08-29,2024-08-30,2024-08-30,1,380.00
525,46,,Replenishment,2024-08-29,2024-09-03,2024-09-04,8,24.00
526,47,2660,Special Order,2024-08-29,2024-09-03,2024-09-06,1,240.00
527,12,,Replenishment,2024-08-30,2024-09-01,2024-09-03,36,8.60
528,34,,Replenishment,2024-08-30,2024-08-31,2024-09-03,6,26.00
529,44,,Replenishment,2024-08-30,2024-08-31,2024-08-31,2,180.00
530,2,,Replenishment,2024-08-31,2024-09-01,2024-09-03,200,5.10
531,9,,Replenishment,2024-08-31,2024-09-01,2024-09-03,120,4.20
532,19,2689,Special Order,2024-08-31,2024-09-03,2024-09-04,1,160.00
533,27,,Replenishment,2024-08-31,2024-09-05,2024-09-06,24,6.00
534,4,,Replenishment,2024-09-03,2024-09-04,2024-09-05,36,11.50
535,14,,Replenishment,2024-09-03,2024-09-05,2024-09-07,12,32.00
536,16,,Replenishment,2024-09-03,2024-09-05,2024-09-05,8,41.00
537,19,,Replenishment,2024-09-03,2024-09-06,2024-09-07,5,160.00
538,28,,Replenishment,2024-09-03,2024-09-08,2024-09-10,2,145.00
539,29,,Replenishment,2024-09-03,2024-09-08,2024-09-09,4,85.00
540,30,,Replenishment,2024-09-03,2024-09-08,2024-09-09,3,160.00
541,8,,Replenishment,2024-09-04,2024-09-05,2024-09-05,18,18.00
542,41,2726,Special Order,2024-09-04,2024-09-05,2024-09-05,1,380.00
543,20,,Replenishment,2024-09-05,2024-09-08,2024-09-09,2,165.00
544,40,,Replenishment,2024-09-05,2024-09-06,2024-09-07,10,18.00
545,21,,Replenishment,2024-09-06,2024-09-09,2024-09-11,3,120.00
546,44,,Replenishment,2024-09-06,2024-09-07,2024-09-07,2,180.00
547,5,,Replenishment,2024-09-09,2024-09-10,2024-09-10,24,9.40
548,16,,Replenishment,2024-09-09,2024-09-11,2024-09-11,8,41.00
549,24,,Replenishment,2024-09-09,2024-09-12,2024-09-16,8,45.00
550,42,,Replenishment,2024-09-09,2024-09-10,2024-09-10,2,85.00
551,43,,Replenishment,2024-09-09,2024-09-10,2024-09-12,10,12.00
552,7,,Replenishment,2024-09-11,2024-09-12,2024-09-12,24,38.00
553,18,,Replenishment,2024-09-11,2024-09-14,2024-09-16,5,145.00
554,20,,Replenishment,2024-09-11,2024-09-14,2024-09-16,2,165.00
555,19,,Replenishment,2024-09-13,2024-09-16,2024-09-17,5,160.00
556,42,,Replenishment,2024-09-13,2024-09-14,2024-09-14,2,85.00
557,20,2832,Special Order,2024-09-14,2024-09-17,2024-09-19,1,165.00
558,16,,Replenishment,2024-09-17,2024-09-19,2024-09-21,8,41.00
559,1,,Replenishment,2024-09-18,2024-09-19,2024-09-20,200,5.10
560,16,2865,Special Order,2024-09-18,2024-09-20,2024-09-20,2,41.00
561,16,2871,Special Order,2024-09-18,2024-09-20,2024-09-21,2,41.00
562,16,2876,Special Order,2024-09-18,2024-09-20,2024-09-20,2,41.00
563,37,,Replenishment,2024-09-18,2024-09-19,2024-09-19,6,95.00
564,3,,Replenishment,2024-09-19,2024-09-20,2024-09-20,60,6.20
565,16,2885,Special Order,2024-09-19,2024-09-21,2024-09-21,2,41.00
566,14,,Replenishment,2024-09-20,2024-09-22,2024-09-23,12,32.00
567,16,2892,Special Order,2024-09-20,2024-09-22,2024-09-23,2,41.00
568,47,2898,Special Order,2024-09-20,2024-09-25,2024-09-26,1,240.00
569,29,,Replenishment,2024-09-21,2024-09-26,2024-09-26,4,85.00
570,8,,Replenishment,2024-09-23,2024-09-24,2024-09-24,18,18.00
571,20,,Replenishment,2024-09-23,2024-09-26,2024-09-28,2,165.00
572,48,2915,Special Order,2024-09-23,2024-09-28,2024-09-30,1,420.00
573,19,,Replenishment,2024-09-24,2024-09-27,2024-09-28,5,160.00
574,25,,Replenishment,2024-09-24,2024-09-29,2024-10-01,2,310.00
575,10,,Replenishment,2024-09-25,2024-09-26,2024-09-26,30,9.50
576,16,,Replenishment,2024-09-25,2024-09-27,2024-09-28,8,41.00
577,16,2948,Special Order,2024-09-25,2024-09-27,2024-09-27,2,41.00
578,20,2938,Special Order,2024-09-25,2024-09-28,2024-09-30,1,165.00
579,30,,Replenishment,2024-09-25,2024-09-30,2024-10-02,3,160.00
580,19,2956,Special Order,2024-09-26,2024-09-29,2024-10-03,1,160.00
581,19,2957,Special Order,2024-09-26,2024-09-29,2024-09-30,1,160.00
582,19,2959,Special Order,2024-09-26,2024-09-29,2024-09-30,1,160.00
583,21,,Replenishment,2024-09-26,2024-09-29,2024-09-30,3,120.00
584,2,,Replenishment,2024-09-27,2024-09-28,2024-09-28,200,5.10
585,19,2968,Special Order,2024-09-27,2024-09-30,2024-10-01,1,160.00
586,17,,Replenishment,2024-09-30,2024-10-02,2024-10-03,24,7.50
587,20,,Replenishment,2024-09-30,2024-10-03,2024-10-04,2,165.00
588,35,,Replenishment,2024-09-30,2024-10-01,2024-10-01,10,24.00
589,16,,Replenishment,2024-10-01,2024-10-03,2024-10-03,8,41.00
590,7,,Replenishment,2024-10-02,2024-10-03,2024-10-03,24,38.00
591,16,3007,Special Order,2024-10-02,2024-10-04,2024-10-05,2,41.00
592,18,,Replenishment,2024-10-02,2024-10-05,2024-10-09,5,145.00
593,5,,Replenishment,2024-10-03,2024-10-04,2024-10-04,24,9.40
594,14,,Replenishment,2024-10-03,2024-10-05,2024-10-05,12,32.00
595,23,,Replenishment,2024-10-03,2024-10-06,2024-10-08,64,8.50
596,16,,Replenishment,2024-10-04,2024-10-06,2024-10-07,8,41.00
597,16,3034,Special Order,2024-10-04,2024-10-06,2024-10-07,2,41.00
598,19,,Replenishment,2024-10-04,2024-10-07,2024-10-10,5,160.00
599,21,,Replenishment,2024-10-04,2024-10-07,2024-10-09,3,120.00
600,41,3028,Special Order,2024-10-04,2024-10-05,2024-10-05,1,380.00
601,47,3031,Special Order,2024-10-04,2024-10-09,2024-10-11,1,240.00
602,16,3043,Special Order,2024-10-05,2024-10-07,2024-10-08,2,41.00
603,4,,Replenishment,2024-10-07,2024-10-08,2024-10-08,36,11.50
604,19,3052,Special Order,2024-10-07,2024-10-10,2024-10-11,1,160.00
605,19,3065,Special Order,2024-10-08,2024-10-11,2024-10-14,1,160.00
606,19,3074,Special Order,2024-10-08,2024-10-11,2024-10-12,1,160.00
607,37,,Replenishment,2024-10-08,2024-10-09,2024-10-09,6,95.00
608,20,,Replenishment,2024-10-09,2024-10-12,2024-10-14,2,165.00
609,40,,Replenishment,2024-10-09,2024-10-10,2024-10-10,10,18.00
610,41,3079,Special Order,2024-10-09,2024-10-10,2024-10-10,1,380.00
611,1,,Replenishment,2024-10-10,2024-10-11,2024-10-12,200,5.10
612,16,,Replenishment,2024-10-10,2024-10-12,2024-10-12,8,41.00
613,29,,Replenishment,2024-10-10,2024-10-15,2024-10-17,4,85.00
614,9,,Replenishment,2024-10-11,2024-10-12,2024-10-12,120,4.20
615,16,3118,Special Order,2024-10-11,2024-10-13,2024-10-14,2,41.00
616,18,,Replenishment,2024-10-11,2024-10-14,2024-10-17,5,145.00
617,2,,Replenishment,2024-10-12,2024-10-13,2024-10-14,200,5.10
618,27,,Replenishment,2024-10-12,2024-10-17,2024-10-18,24,6.00
619,38,,Replenishment,2024-10-12,2024-10-13,2024-10-14,4,68.00
620,41,3127,Special Order,2024-10-12,2024-10-13,2024-10-14,1,380.00
621,47,3120,Special Order,2024-10-12,2024-10-17,2024-10-17,1,240.00
622,8,,Replenishment,2024-10-14,2024-10-15,2024-10-15,18,18.00
623,19,,Replenishment,2024-10-14,2024-10-17,2024-10-21,5,160.00
624,22,,Replenishment,2024-10-14,2024-10-17,2024-10-21,16,38.00
625,33,,Replenishment,2024-10-14,2024-10-15,2024-10-17,2,210.00
626,41,3131,Special Order,2024-10-14,2024-10-15,2024-10-15,1,380.00
627,41,3136,Special Order,2024-10-14,2024-10-15,2024-10-15,1,380.00
628,41,3140,Special Order,2024-10-14,2024-10-15,2024-10-16,1,380.00
629,11,,Replenishment,2024-10-15,2024-10-17,2024-10-18,36,9.80
630,14,,Replenishment,2024-10-15,2024-10-17,2024-10-17,12,32.00
631,15,,Replenishment,2024-10-15,2024-10-17,2024-10-17,18,28.00
632,16,,Replenishment,2024-10-15,2024-10-17,2024-10-17,8,41.00
633,31,,Replenishment,2024-10-15,2024-10-20,2024-10-21,8,22.00
634,39,,Replenishment,2024-10-16,2024-10-17,2024-10-17,8,22.00
635,20,,Replenishment,2024-10-17,2024-10-20,2024-10-21,2,165.00
636,24,,Replenishment,2024-10-17,2024-10-20,2024-10-22,8,45.00
637,34,,Replenishment,2024-10-17,2024-10-18,2024-10-18,6,26.00
638,12,,Replenishment,2024-10-19,2024-10-21,2024-10-22,36,8.60
639,41,3208,Special Order,2024-10-19,2024-10-20,2024-10-21,1,380.00
640,16,,Replenishment,2024-10-21,2024-10-23,2024-10-24,8,41.00
641,8,,Replenishment,2024-10-22,2024-10-23,2024-10-23,18,18.00
642,16,3235,Special Order,2024-10-22,2024-10-24,2024-10-25,2,41.00
643,16,3236,Special Order,2024-10-22,2024-10-24,2024-10-24,2,41.00
644,17,,Replenishment,2024-10-22,2024-10-24,2024-10-26,24,7.50
645,16,3244,Special Order,2024-10-23,2024-10-25,2024-10-26,2,41.00
646,5,,Replenishment,2024-10-24,2024-10-25,2024-10-28,24,9.40
647,41,3258,Special Order,2024-10-24,2024-10-25,2024-10-28,1,380.00
648,16,,Replenishment,2024-10-26,2024-10-28,2024-10-28,8,41.00
649,14,,Replenishment,2024-10-28,2024-10-30,2024-10-30,12,32.00
650,16,,Replenishment,2024-10-28,2024-10-30,2024-10-31,8,41.00
651,20,,Replenishment,2024-10-28,2024-10-31,2024-11-04,2,165.00
652,2,,Replenishment,2024-10-29,2024-10-30,2024-10-31,200,5.10
653,37,,Replenishment,2024-10-29,2024-10-30,2024-10-30,6,95.00
654,47,3316,Special Order,2024-10-29,2024-11-03,2024-11-04,1,240.00
655,1,,Replenishment,2024-10-30,2024-10-31,2024-11-01,200,5.10
656,16,3319,Special Order,2024-10-30,2024-11-01,2024-11-01,2,41.00
657,16,3324,Special Order,2024-10-30,2024-11-01,2024-11-02,2,41.00
658,44,,Replenishment,2024-10-30,2024-10-31,2024-10-31,2,180.00
659,19,,Replenishment,2024-10-31,2024-11-03,2024-11-05,5,160.00
660,6,,Replenishment,2024-11-01,2024-11-02,2024-11-02,36,14.00
661,25,,Replenishment,2024-11-01,2024-11-06,2024-11-06,2,310.00
662,41,3346,Special Order,2024-11-01,2024-11-02,2024-11-04,1,380.00
663,41,3348,Special Order,2024-11-01,2024-11-02,2024-11-02,1,380.00
664,46,,Replenishment,2024-11-01,2024-11-06,2024-11-06,8,24.00
665,16,,Replenishment,2024-11-02,2024-11-04,2024-11-04,8,41.00
666,3,,Replenishment,2024-11-04,2024-11-05,2024-11-05,60,6.20
667,4,,Replenishment,2024-11-04,2024-11-05,2024-11-05,36,11.50
668,8,,Replenishment,2024-11-06,2024-11-07,2024-11-08,18,18.00
669,30,,Replenishment,2024-11-06,2024-11-11,2024-11-11,3,160.00
670,43,,Replenishment,2024-11-06,2024-11-07,2024-11-07,10,12.00
671,21,,Replenishment,2024-11-07,2024-11-10,2024-11-12,3,120.00
672,42,,Replenishment,2024-11-07,2024-11-08,2024-11-09,2,85.00
673,14,,Replenishment,2024-11-08,2024-11-10,2024-11-11,12,32.00
674,16,,Replenishment,2024-11-08,2024-11-10,2024-11-11,8,41.00
675,15,,Replenishment,2024-11-09,2024-11-11,2024-11-11,18,28.00
676,32,,Replenishment,2024-11-09,2024-11-14,2024-11-14,6,28.00
677,11,,Replenishment,2024-11-13,2024-11-15,2024-11-15,36,9.80
678,19,,Replenishment,2024-11-13,2024-11-16,2024-11-19,5,160.00
679,37,,Replenishment,2024-11-13,2024-11-14,2024-11-14,6,95.00
680,2,,Replenishment,2024-11-14,2024-11-15,2024-11-15,200,5.10
681,17,,Replenishment,2024-11-14,2024-11-16,2024-11-18,24,7.50
682,20,,Replenishment,2024-11-14,2024-11-17,2024-11-21,2,165.00
683,22,,Replenishment,2024-11-14,2024-11-17,2024-11-18,16,38.00
684,16,,Replenishment,2024-11-15,2024-11-17,2024-11-19,8,41.00
685,20,3494,Special Order,2024-11-15,2024-11-18,2024-11-20,1,165.00
686,35,,Replenishment,2024-11-15,2024-11-16,2024-11-16,10,24.00
687,18,,Replenishment,2024-11-16,2024-11-19,2024-11-20,5,145.00
688,41,3502,Special Order,2024-11-16,2024-11-17,2024-11-18,1,380.00
689,9,,Replenishment,2024-11-18,2024-11-19,2024-11-19,120,4.20
690,16,3516,Special Order,2024-11-18,2024-11-20,2024-11-20,2,41.00
691,29,,Replenishment,2024-11-18,2024-11-23,2024-11-25,4,85.00
692,44,,Replenishment,2024-11-18,2024-11-19,2024-11-19,2,180.00
693,5,,Replenishment,2024-11-19,2024-11-20,2024-11-21,24,9.40
694,42,,Replenishment,2024-11-19,2024-11-20,2024-11-20,2,85.00
695,20,3538,Special Order,2024-11-20,2024-11-23,2024-11-25,1,165.00
696,16,,Replenishment,2024-11-21,2024-11-23,2024-11-23,8,41.00
697,20,,Replenishment,2024-11-21,2024-11-24,2024-11-26,2,165.00
698,19,,Replenishment,2024-11-22,2024-11-25,2024-11-27,5,160.00
699,14,,Replenishment,2024-11-23,2024-11-25,2024-11-25,12,32.00
700,33,,Replenishment,2024-11-23,2024-11-24,2024-11-25,2,210.00
701,30,,Replenishment,2024-11-25,2024-11-30,2024-11-30,3,160.00
702,34,,Replenishment,2024-11-25,2024-11-26,2024-11-27,6,26.00
703,37,,Replenishment,2024-11-25,2024-11-26,2024-11-26,6,95.00
704,7,,Replenishment,2024-11-26,2024-11-27,2024-11-29,24,38.00
705,16,,Replenishment,2024-11-26,2024-11-28,2024-11-29,8,41.00
706,24,,Replenishment,2024-11-26,2024-11-29,2024-11-30,8,45.00
707,47,3596,Special Order,2024-11-26,2024-12-01,2024-12-02,1,240.00
708,23,,Replenishment,2024-11-27,2024-11-30,2024-12-02,64,8.50
709,38,,Replenishment,2024-11-27,2024-11-28,2024-11-29,4,68.00
710,47,3611,Special Order,2024-11-27,2024-12-02,2024-12-03,1,240.00
711,3,,Replenishment,2024-12-02,2024-12-03,2024-12-04,60,6.20
712,8,,Replenishment,2024-12-02,2024-12-03,2024-12-03,18,18.00
713,14,,Replenishment,2024-12-02,2024-12-04,2024-12-05,12,32.00
714,16,,Replenishment,2024-12-02,2024-12-04,2024-12-04,8,41.00
715,16,3645,Special Order,2024-12-02,2024-12-04,2024-12-04,2,41.00
716,16,3652,Special Order,2024-12-02,2024-12-04,2024-12-05,2,41.00
717,16,3653,Special Order,2024-12-02,2024-12-04,2024-12-04,2,41.00
718,16,3660,Special Order,2024-12-02,2024-12-04,2024-12-04,2,41.00
719,16,3661,Special Order,2024-12-02,2024-12-04,2024-12-05,2,41.00
720,48,3643,Special Order,2024-12-02,2024-12-07,2024-12-09,1,420.00
721,22,,Replenishment,2024-12-04,2024-12-07,2024-12-09,16,38.00
722,37,,Replenishment,2024-12-04,2024-12-05,2024-12-05,6,95.00
723,1,,Replenishment,2024-12-05,2024-12-06,2024-12-06,200,5.10
724,16,,Replenishment,2024-12-06,2024-12-08,2024-12-09,8,41.00
725,2,,Replenishment,2024-12-07,2024-12-08,2024-12-09,200,5.10
726,12,,Replenishment,2024-12-09,2024-12-11,2024-12-11,36,8.60
727,15,,Replenishment,2024-12-09,2024-12-11,2024-12-14,18,28.00
728,16,,Replenishment,2024-12-09,2024-12-11,2024-12-11,8,41.00
729,17,,Replenishment,2024-12-09,2024-12-11,2024-12-11,24,7.50
730,20,,Replenishment,2024-12-09,2024-12-12,2024-12-14,2,165.00
731,33,,Replenishment,2024-12-09,2024-12-10,2024-12-11,2,210.00
732,41,3718,Special Order,2024-12-09,2024-12-10,2024-12-10,1,380.00
733,40,,Replenishment,2024-12-10,2024-12-11,2024-12-13,10,18.00
734,33,,Replenishment,2024-12-12,2024-12-13,2024-12-14,2,210.00
735,45,,Replenishment,2024-12-12,2024-12-13,2024-12-13,8,55.00
736,18,,Replenishment,2024-12-13,2024-12-16,2024-12-18,5,145.00
737,19,,Replenishment,2024-12-13,2024-12-16,2024-12-19,5,160.00
738,14,,Replenishment,2024-12-14,2024-12-16,2024-12-16,12,32.00
739,16,,Replenishment,2024-12-14,2024-12-16,2024-12-16,8,41.00
740,33,,Replenishment,2024-12-14,2024-12-15,2024-12-16,2,210.00
741,23,,Replenishment,2024-12-16,2024-12-19,2024-12-20,64,8.50
742,20,,Replenishment,2024-12-18,2024-12-21,2024-12-23,2,165.00
743,36,,Replenishment,2024-12-18,2024-12-19,2024-12-19,4,55.00
744,42,,Replenishment,2024-12-18,2024-12-19,2024-12-20,2,85.00
745,16,,Replenishment,2024-12-19,2024-12-21,2024-12-21,8,41.00
746,21,,Replenishment,2024-12-19,2024-12-22,2024-12-24,3,120.00
747,4,,Replenishment,2024-12-21,2024-12-22,2024-12-23,36,11.50
748,20,,Replenishment,2024-12-23,2024-12-26,2024-12-26,2,165.00
749,41,3865,Special Order,2024-12-23,2024-12-24,2024-12-24,1,380.00
750,8,,Replenishment,2024-12-24,2024-12-25,2024-12-26,18,18.00
751,38,,Replenishment,2024-12-24,2024-12-25,2024-12-26,4,68.00
752,41,3869,Special Order,2024-12-24,2024-12-25,2024-12-26,1,380.00
753,41,3871,Special Order,2024-12-24,2024-12-25,2024-12-26,1,380.00
754,43,,Replenishment,2024-12-24,2024-12-25,2024-12-26,10,12.00
755,1,,Replenishment,2024-12-26,2024-12-27,2024-12-28,200,5.10
756,30,,Replenishment,2024-12-26,2024-12-31,2024-12-31,3,160.00
757,31,,Replenishment,2024-12-26,2024-12-31,2025-01-02,8,22.00
758,5,,Replenishment,2024-12-27,2024-12-28,2024-12-28,24,9.40
759,11,,Replenishment,2024-12-28,2024-12-30,2024-12-30,36,9.80
760,16,,Replenishment,2024-12-28,2024-12-30,2024-12-30,8,41.00
761,41,3908,Special Order,2024-12-28,2024-12-29,2024-12-30,1,380.00
762,2,,Replenishment,2024-12-30,2024-12-31,2024-12-31,200,5.10
763,35,,Replenishment,2024-12-30,2024-12-31,2024-12-31,10,24.00
764,9,,Replenishment,2024-12-31,2025-01-01,2025-01-02,120,4.20
765,24,,Replenishment,2024-12-31,2025-01-03,2025-01-04,8,45.00
766,20,,Replenishment,2025-01-02,2025-01-05,2025-01-07,2,179.85
767,34,,Replenishment,2025-01-02,2025-01-03,2025-01-03,6,27.30
768,41,3949,Special Order,2025-01-02,2025-01-03,2025-01-03,1,399.00
769,45,,Replenishment,2025-01-02,2025-01-03,2025-01-03,8,57.75
770,14,,Replenishment,2025-01-03,2025-01-05,2025-01-07,12,33.92
771,16,,Replenishment,2025-01-03,2025-01-05,2025-01-06,8,43.46
772,19,,Replenishment,2025-01-04,2025-01-07,2025-01-10,5,174.40
773,20,3967,Special Order,2025-01-04,2025-01-07,2025-01-09,1,179.85
774,33,,Replenishment,2025-01-04,2025-01-05,2025-01-06,2,220.50
775,20,3973,Special Order,2025-01-06,2025-01-09,2025-01-11,1,179.85
776,16,,Replenishment,2025-01-07,2025-01-09,2025-01-09,8,43.46
777,19,3986,Special Order,2025-01-07,2025-01-10,2025-01-13,1,174.40
778,19,3996,Special Order,2025-01-07,2025-01-10,2025-01-10,1,174.40
779,16,4003,Special Order,2025-01-08,2025-01-10,2025-01-10,2,43.46
780,19,4007,Special Order,2025-01-08,2025-01-11,2025-01-13,1,174.40
781,17,,Replenishment,2025-01-09,2025-01-11,2025-01-13,24,7.95
782,20,,Replenishment,2025-01-09,2025-01-12,2025-01-13,2,179.85
783,38,,Replenishment,2025-01-09,2025-01-10,2025-01-13,4,71.40
784,8,,Replenishment,2025-01-10,2025-01-11,2025-01-11,18,18.72
785,10,,Replenishment,2025-01-10,2025-01-11,2025-01-13,30,9.88
786,16,,Replenishment,2025-01-11,2025-01-13,2025-01-13,8,43.46
787,15,,Replenishment,2025-01-13,2025-01-15,2025-01-15,18,29.68
788,37,,Replenishment,2025-01-13,2025-01-14,2025-01-14,6,99.75
789,41,4049,Special Order,2025-01-13,2025-01-14,2025-01-15,1,399.00
790,42,,Replenishment,2025-01-13,2025-01-14,2025-01-14,2,89.25
791,21,,Replenishment,2025-01-14,2025-01-17,2025-01-20,3,130.80
792,48,4065,Special Order,2025-01-14,2025-01-19,2025-01-20,1,441.00
793,49,,Replenishment,2025-01-14,2025-01-19,2025-01-20,2,68.25
794,44,,Replenishment,2025-01-15,2025-01-16,2025-01-16,2,189.00
795,1,,Replenishment,2025-01-16,2025-01-17,2025-01-17,200,5.30
796,34,,Replenishment,2025-01-17,2025-01-18,2025-01-18,6,27.30
797,38,,Replenishment,2025-01-17,2025-01-18,2025-01-18,4,71.40
798,2,,Replenishment,2025-01-20,2025-01-21,2025-01-21,200,5.30
799,3,,Replenishment,2025-01-20,2025-01-21,2025-01-21,60,6.45
800,5,,Replenishment,2025-01-20,2025-01-21,2025-01-21,24,9.78
801,48,4115,Special Order,2025-01-20,2025-01-25,2025-01-27,1,441.00
802,48,4123,Special Order,2025-01-20,2025-01-25,2025-01-27,1,441.00
803,14,,Replenishment,2025-01-21,2025-01-23,2025-01-23,12,33.92
804,16,,Replenishment,2025-01-21,2025-01-23,2025-01-23,8,43.46
805,41,4134,Special Order,2025-01-21,2025-01-22,2025-01-23,1,399.00
806,46,,Replenishment,2025-01-21,2025-01-26,2025-01-27,8,25.20
807,16,4144,Special Order,2025-01-22,2025-01-24,2025-01-25,2,43.46
808,16,4146,Special Order,2025-01-22,2025-01-24,2025-01-24,2,43.46
809,16,4149,Special Order,2025-01-22,2025-01-24,2025-01-25,2,43.46
810,20,,Replenishment,2025-01-22,2025-01-25,2025-01-28,2,179.85
811,23,,Replenishment,2025-01-22,2025-01-25,2025-01-25,64,9.27
812,42,,Replenishment,2025-01-22,2025-01-23,2025-01-23,2,89.25
813,19,,Replenishment,2025-01-23,2025-01-26,2025-01-27,5,174.40
814,41,4165,Special Order,2025-01-23,2025-01-24,2025-01-24,1,399.00
815,16,,Replenishment,2025-01-27,2025-01-29,2025-01-30,8,43.46
816,25,,Replenishment,2025-01-27,2025-02-01,2025-02-01,2,331.70
817,26,,Replenishment,2025-01-27,2025-02-01,2025-02-01,6,34.24
818,16,4204,Special Order,2025-01-28,2025-01-30,2025-01-30,2,43.46
819,16,4205,Special Order,2025-01-28,2025-01-30,2025-01-30,2,43.46
820,8,,Replenishment,2025-01-29,2025-01-30,2025-01-30,18,18.72
821,16,4215,Special Order,2025-01-29,2025-01-31,2025-01-31,2,43.46
822,41,4213,Special Order,2025-01-29,2025-01-30,2025-01-30,1,399.00
823,43,,Replenishment,2025-01-29,2025-01-30,2025-01-30,10,12.60
824,47,4211,Special Order,2025-01-29,2025-02-03,2025-02-05,1,252.00
825,14,,Replenishment,2025-01-31,2025-02-02,2025-02-03,12,33.92
826,19,,Replenishment,2025-01-31,2025-02-03,2025-02-04,5,174.40
827,20,,Replenishment,2025-01-31,2025-02-03,2025-02-05,2,179.85
828,21,,Replenishment,2025-01-31,2025-02-03,2025-02-05,3,130.80
829,33,,Replenishment,2025-01-31,2025-02-01,2025-02-03,2,220.50
830,19,4255,Special Order,2025-02-03,2025-02-06,2025-02-08,1,174.40
831,38,,Replenishment,2025-02-03,2025-02-04,2025-02-04,4,71.40
832,12,,Replenishment,2025-02-04,2025-02-06,2025-02-06,36,9.12
833,27,,Replenishment,2025-02-04,2025-02-09,2025-02-10,24,6.42
834,35,,Replenishment,2025-02-04,2025-02-05,2025-02-05,10,25.20
835,44,,Replenishment,2025-02-04,2025-02-05,2025-02-05,2,189.00
836,16,,Replenishment,2025-02-05,2025-02-07,2025-02-07,8,43.46
837,25,,Replenishment,2025-02-06,2025-02-11,2025-02-11,2,331.70
838,29,,Replenishment,2025-02-06,2025-02-11,2025-02-12,4,90.95
839,18,,Replenishment,2025-02-07,2025-02-10,2025-02-11,5,158.05
840,19,,Replenishment,2025-02-07,2025-02-10,2025-02-13,5,174.40
841,40,,Replenishment,2025-02-07,2025-02-08,2025-02-08,10,18.90
842,1,,Replenishment,2025-02-08,2025-02-09,2025-02-10,200,5.30
843,17,,Replenishment,2025-02-08,2025-02-10,2025-02-10,24,7.95
844,2,,Replenishment,2025-02-10,2025-02-11,2025-02-11,200,5.30
845,16,,Replenishment,2025-02-10,2025-02-12,2025-02-12,8,43.46
846,11,,Replenishment,2025-02-11,2025-02-13,2025-02-14,36,10.39
847,39,,Replenishment,2025-02-11,2025-02-12,2025-02-12,8,23.10
848,9,,Replenishment,2025-02-12,2025-02-13,2025-02-14,120,4.37
849,22,,Replenishment,2025-02-12,2025-02-15,2025-02-17,16,41.42
850,16,,Replenishment,2025-02-14,2025-02-16,2025-02-17,8,43.46
851,41,4382,Special Order,2025-02-14,2025-02-15,2025-02-17,1,399.00
852,14,,Replenishment,2025-02-17,2025-02-19,2025-02-19,12,33.92
853,19,,Replenishment,2025-02-17,2025-02-20,2025-02-22,5,174.40
854,48,4401,Special Order,2025-02-17,2025-02-22,2025-02-24,1,441.00
855,49,,Replenishment,2025-02-17,2025-02-22,2025-02-24,2,68.25
856,4,,Replenishment,2025-02-18,2025-02-19,2025-02-19,36,11.96
857,16,,Replenishment,2025-02-18,2025-02-20,2025-02-20,8,43.46
858,20,,Replenishment,2025-02-18,2025-02-21,2025-02-21,2,179.85
859,21,,Replenishment,2025-02-18,2025-02-21,2025-02-24,3,130.80
860,5,,Replenishment,2025-02-19,2025-02-20,2025-02-20,24,9.78
861,44,,Replenishment,2025-02-19,2025-02-20,2025-02-21,2,189.00
862,19,4435,Special Order,2025-02-20,2025-02-23,2025-02-24,1,174.40
863,3,,Replenishment,2025-02-21,2025-02-22,2025-02-22,60,6.45
864,19,4453,Special Order,2025-02-21,2025-02-24,2025-02-26,1,174.40
865,38,,Replenishment,2025-02-21,2025-02-22,2025-02-24,4,71.40
866,41,4457,Special Order,2025-02-22,2025-02-23,2025-02-24,1,399.00
867,15,,Replenishment,2025-02-24,2025-02-26,2025-02-26,18,29.68
868,16,,Replenishment,2025-02-24,2025-02-26,2025-02-27,8,43.46
869,42,,Replenishment,2025-02-24,2025-02-25,2025-02-25,2,89.25
870,16,4488,Special Order,2025-02-25,2025-02-27,2025-02-28,2,43.46
871,23,,Replenishment,2025-02-25,2025-02-28,2025-03-01,64,9.27
872,37,,Replenishment,2025-02-25,2025-02-26,2025-02-28,6,99.75
873,21,,Replenishment,2025-02-26,2025-03-01,2025-03-03,3,130.80
874,8,,Replenishment,2025-02-27,2025-02-28,2025-03-01,18,18.72
875,34,,Replenishment,2025-02-27,2025-02-28,2025-02-28,6,27.30
876,16,,Replenishment,2025-03-04,2025-03-06,2025-03-07,8,43.46
877,20,,Replenishment,2025-03-04,2025-03-07,2025-03-10,2,179.85
878,33,,Replenishment,2025-03-04,2025-03-05,2025-03-05,2,220.50
879,2,,Replenishment,2025-03-05,2025-03-06,2025-03-06,200,5.30
880,14,,Replenishment,2025-03-05,2025-03-07,2025-03-07,12,33.92
881,16,4559,Special Order,2025-03-05,2025-03-07,2025-03-07,2,43.46
882,16,4560,Special Order,2025-03-05,2025-03-07,2025-03-08,2,43.46
883,16,4561,Special Order,2025-03-05,2025-03-07,2025-03-08,2,43.46
884,16,4563,Special Order,2025-03-05,2025-03-07,2025-03-07,2,43.46
885,19,,Replenishment,2025-03-05,2025-03-08,2025-03-10,5,174.40
886,14,4569,Special Order,2025-03-06,2025-03-08,2025-03-10,1,33.92
887,14,4572,Special Order,2025-03-06,2025-03-08,2025-03-10,1,33.92
888,16,4569,Special Order,2025-03-06,2025-03-08,2025-03-08,2,43.46
889,16,4572,Special Order,2025-03-06,2025-03-08,2025-03-08,2,43.46
890,1,,Replenishment,2025-03-07,2025-03-08,2025-03-08,200,5.30
891,16,,Replenishment,2025-03-10,2025-03-12,2025-03-12,8,43.46
892,16,4614,Special Order,2025-03-11,2025-03-13,2025-03-14,2,43.46
893,17,,Replenishment,2025-03-11,2025-03-13,2025-03-15,24,7.95
894,20,,Replenishment,2025-03-11,2025-03-14,2025-03-15,2,179.85
895,20,4625,Special Order,2025-03-12,2025-03-15,2025-03-15,1,179.85
896,47,4626,Special Order,2025-03-12,2025-03-17,2025-03-18,1,252.00
897,47,4627,Special Order,2025-03-12,2025-03-17,2025-03-19,1,252.00
898,48,4624,Special Order,2025-03-12,2025-03-17,2025-03-18,1,441.00
899,31,,Replenishment,2025-03-13,2025-03-18,2025-03-20,8,23.54
900,35,,Replenishment,2025-03-13,2025-03-14,2025-03-14,10,25.20
901,8,,Replenishment,2025-03-14,2025-03-15,2025-03-17,18,18.72
902,40,,Replenishment,2025-03-14,2025-03-15,2025-03-15,10,18.90
903,14,,Replenishment,2025-03-15,2025-03-17,2025-03-17,12,33.92
904,16,,Replenishment,2025-03-15,2025-03-17,2025-03-18,8,43.46
905,16,4657,Special Order,2025-03-15,2025-03-17,2025-03-18,2,43.46
906,16,4661,Special Order,2025-03-17,2025-03-19,2025-03-21,2,43.46
907,16,4667,Special Order,2025-03-17,2025-03-19,2025-03-19,2,43.46
908,21,,Replenishment,2025-03-17,2025-03-20,2025-03-22,3,130.80
909,20,,Replenishment,2025-03-18,2025-03-21,2025-03-21,2,179.85
910,11,,Replenishment,2025-03-19,2025-03-21,2025-03-21,36,10.39
911,12,,Replenishment,2025-03-19,2025-03-21,2025-03-21,36,9.12
912,16,,Replenishment,2025-03-19,2025-03-21,2025-03-22,8,43.46
913,16,4697,Special Order,2025-03-19,2025-03-21,2025-03-21,2,43.46
914,16,4701,Special Order,2025-03-20,2025-03-22,2025-03-22,2,43.46
915,24,,Replenishment,2025-03-20,2025-03-23,2025-03-25,8,49.05
916,16,4715,Special Order,2025-03-21,2025-03-23,2025-03-24,2,43.46
917,18,,Replenishment,2025-03-21,2025-03-24,2025-03-26,5,158.05
918,21,4722,Special Order,2025-03-21,2025-03-24,2025-03-27,1,130.80
919,23,,Replenishment,2025-03-21,2025-03-24,2025-03-25,64,9.27
920,29,,Replenishment,2025-03-21,2025-03-26,2025-03-27,4,90.95
921,41,4723,Special Order,2025-03-21,2025-03-22,2025-03-22,1,399.00
922,14,,Replenishment,2025-03-22,2025-03-24,2025-03-25,12,33.92
923,38,,Replenishment,2025-03-22,2025-03-23,2025-03-24,4,71.40
924,16,,Replenishment,2025-03-24,2025-03-26,2025-03-26,8,43.46
925,20,,Replenishment,2025-03-24,2025-03-27,2025-03-28,2,179.85
926,16,4755,Special Order,2025-03-25,2025-03-27,2025-03-27,2,43.46
927,16,4756,Special Order,2025-03-25,2025-03-27,2025-03-27,2,43.46
928,16,4757,Special Order,2025-03-25,2025-03-27,2025-03-27,2,43.46
929,20,4764,Special Order,2025-03-26,2025-03-29,2025-04-01,1,179.85
930,20,4777,Special Order,2025-03-26,2025-03-29,2025-03-31,1,179.85
931,2,,Replenishment,2025-03-27,2025-03-28,2025-03-28,200,5.30
932,9,,Replenishment,2025-03-27,2025-03-28,2025-03-29,120,4.37
933,14,,Replenishment,2025-03-27,2025-03-29,2025-03-29,12,33.92
934,16,,Replenishment,2025-03-27,2025-03-29,2025-03-31,8,43.46
935,16,4793,Special Order,2025-03-27,2025-03-29,2025-03-29,2,43.46
936,16,4796,Special Order,2025-03-27,2025-03-29,2025-03-29,2,43.46
937,17,,Replenishment,2025-03-27,2025-03-29,2025-03-29,24,7.95
938,19,,Replenishment,2025-03-27,2025-03-30,2025-04-01,5,174.40
939,36,,Replenishment,2025-03-27,2025-03-28,2025-03-31,4,57.75
940,41,4787,Special Order,2025-03-27,2025-03-28,2025-03-29,1,399.00
941,5,,Replenishment,2025-03-28,2025-03-29,2025-03-29,24,9.78
942,1,,Replenishment,2025-03-29,2025-03-30,2025-03-31,200,5.30
943,7,,Replenishment,2025-03-29,2025-03-30,2025-03-31,24,39.52
944,16,4813,Special Order,2025-03-29,2025-03-31,2025-04-02,2,43.46
945,16,4816,Special Order,2025-03-29,2025-03-31,2025-04-01,2,43.46
946,28,,Replenishment,2025-03-29,2025-04-03,2025-04-05,2,155.15
947,37,,Replenishment,2025-03-29,2025-03-30,2025-03-31,6,99.75
948,48,4815,Special Order,2025-03-29,2025-04-03,2025-04-04,1,441.00
949,21,,Replenishment,2025-03-31,2025-04-03,2025-04-04,3,130.80
950,16,,Replenishment,2025-04-01,2025-04-03,2025-04-04,8,43.46
951,16,4848,Special Order,2025-04-01,2025-04-03,2025-04-03,2,43.46
952,33,,Replenishment,2025-04-01,2025-04-02,2025-04-02,2,220.50
953,42,,Replenishment,2025-04-01,2025-04-02,2025-04-04,2,89.25
954,16,4853,Special Order,2025-04-02,2025-04-04,2025-04-05,2,43.46
955,16,4859,Special Order,2025-04-02,2025-04-04,2025-04-04,2,43.46
956,20,,Replenishment,2025-04-02,2025-04-05,2025-04-07,2,179.85
957,16,4861,Special Order,2025-04-03,2025-04-05,2025-04-07,2,43.46
958,16,4865,Special Order,2025-04-03,2025-04-05,2025-04-05,2,43.46
959,22,,Replenishment,2025-04-03,2025-04-06,2025-04-08,16,41.42
960,20,4877,Special Order,2025-04-04,2025-04-07,2025-04-10,1,179.85
961,25,,Replenishment,2025-04-04,2025-04-09,2025-04-12,2,331.70
962,26,,Replenishment,2025-04-04,2025-04-09,2025-04-09,6,34.24
963,30,,Replenishment,2025-04-05,2025-04-10,2025-04-10,3,171.20
964,14,,Replenishment,2025-04-07,2025-04-09,2025-04-09,12,33.92
965,20,,Replenishment,2025-04-07,2025-04-10,2025-04-14,2,179.85
966,15,,Replenishment,2025-04-08,2025-04-10,2025-04-10,18,29.68
967,21,,Replenishment,2025-04-08,2025-04-11,2025-04-14,3,130.80
968,16,,Replenishment,2025-04-09,2025-04-11,2025-04-11,8,43.46
969,19,,Replenishment,2025-04-09,2025-04-12,2025-04-14,5,174.40
970,34,,Replenishment,2025-04-10,2025-04-11,2025-04-11,6,27.30
971,46,,Replenishment,2025-04-10,2025-04-15,2025-04-18,8,25.20
972,2,,Replenishment,2025-04-11,2025-04-12,2025-04-12,200,5.30
973,4,,Replenishment,2025-04-11,2025-04-12,2025-04-14,36,11.96
974,8,,Replenishment,2025-04-11,2025-04-12,2025-04-12,18,18.72
975,16,,Replenishment,2025-04-12,2025-04-14,2025-04-14,8,43.46
976,16,,Replenishment,2025-04-16,2025-04-18,2025-04-18,8,43.46
977,33,,Replenishment,2025-04-16,2025-04-17,2025-04-17,2,220.50
978,16,5014,Special Order,2025-04-17,2025-04-19,2025-04-19,2,43.46
979,17,,Replenishment,2025-04-17,2025-04-19,2025-04-21,24,7.95
980,3,,Replenishment,2025-04-18,2025-04-19,2025-04-19,60,6.45
981,21,,Replenishment,2025-04-18,2025-04-21,2025-04-23,3,130.80
982,48,5021,Special Order,2025-04-18,2025-04-23,2025-04-25,1,441.00
983,49,,Replenishment,2025-04-18,2025-04-23,2025-04-25,2,68.25
984,35,,Replenishment,2025-04-19,2025-04-20,2025-04-21,10,25.20
985,44,,Replenishment,2025-04-19,2025-04-20,2025-04-21,2,189.00
986,14,,Replenishment,2025-04-21,2025-04-23,2025-04-25,12,33.92
987,20,,Replenishment,2025-04-21,2025-04-24,2025-04-28,2,179.85
988,29,,Replenishment,2025-04-21,2025-04-26,2025-04-28,4,90.95
989,30,,Replenishment,2025-04-21,2025-04-26,2025-04-28,3,171.20
990,19,,Replenishment,2025-04-22,2025-04-25,2025-04-28,5,174.40
991,23,,Replenishment,2025-04-22,2025-04-25,2025-04-28,64,9.27
992,7,,Replenishment,2025-04-23,2025-04-24,2025-04-24,24,39.52
993,16,,Replenishment,2025-04-23,2025-04-25,2025-04-26,8,43.46
994,1,,Replenishment,2025-04-24,2025-04-25,2025-04-26,200,5.30
995,11,,Replenishment,2025-04-24,2025-04-26,2025-04-28,36,10.39
996,5,,Replenishment,2025-04-25,2025-04-26,2025-04-28,24,9.78
997,16,,Replenishment,2025-04-28,2025-04-30,2025-05-01,8,43.46
998,27,,Replenishment,2025-04-28,2025-05-03,2025-05-03,24,6.42
999,42,,Replenishment,2025-04-29,2025-04-30,2025-05-01,2,89.25
1000,43,,Replenishment,2025-04-29,2025-04-30,2025-05-01,10,12.60
1001,2,,Replenishment,2025-05-01,2025-05-02,2025-05-02,200,5.30
1002,8,,Replenishment,2025-05-01,2025-05-02,2025-05-02,18,18.72
1003,12,,Replenishment,2025-05-01,2025-05-03,2025-05-03,36,9.12
1004,4,,Replenishment,2025-05-02,2025-05-03,2025-05-03,36,11.96
1005,18,,Replenishment,2025-05-02,2025-05-05,2025-05-07,5,158.05
1006,6,,Replenishment,2025-05-05,2025-05-06,2025-05-06,36,14.56
1007,9,,Replenishment,2025-05-05,2025-05-06,2025-05-06,120,4.37
1008,16,,Replenishment,2025-05-05,2025-05-07,2025-05-07,8,43.46
1009,34,,Replenishment,2025-05-05,2025-05-06,2025-05-06,6,27.30
1010,47,5195,Special Order,2025-05-05,2025-05-10,2025-05-12,1,252.00
1011,16,5212,Special Order,2025-05-06,2025-05-08,2025-05-08,2,43.46
1012,19,,Replenishment,2025-05-06,2025-05-09,2025-05-10,5,174.40
1013,20,,Replenishment,2025-05-06,2025-05-09,2025-05-10,2,179.85
1014,14,,Replenishment,2025-05-07,2025-05-09,2025-05-09,12,33.92
1015,41,5214,Special Order,2025-05-07,2025-05-08,2025-05-08,1,399.00
1016,41,5216,Special Order,2025-05-07,2025-05-08,2025-05-08,1,399.00
1017,7,,Replenishment,2025-05-08,2025-05-09,2025-05-09,24,39.52
1018,41,5224,Special Order,2025-05-08,2025-05-09,2025-05-10,1,399.00
1019,19,5243,Special Order,2025-05-09,2025-05-12,2025-05-14,1,174.40
1020,30,,Replenishment,2025-05-09,2025-05-14,2025-05-14,3,171.20
1021,10,,Replenishment,2025-05-10,2025-05-11,2025-05-12,30,9.88
1022,19,,Replenishment,2025-05-12,2025-05-15,2025-05-17,5,174.40
1023,1,,Replenishment,2025-05-13,2025-05-14,2025-05-14,200,5.30
1024,16,,Replenishment,2025-05-13,2025-05-15,2025-05-15,8,43.46
1025,19,5283,Special Order,2025-05-13,2025-05-16,2025-05-19,1,174.40
1026,25,,Replenishment,2025-05-13,2025-05-18,2025-05-19,2,331.70
1027,37,,Replenishment,2025-05-13,2025-05-14,2025-05-14,6,99.75
1028,29,,Replenishment,2025-05-14,2025-05-19,2025-05-20,4,90.95
1029,31,,Replenishment,2025-05-14,2025-05-19,2025-05-19,8,23.54
1030,48,5303,Special Order,2025-05-14,2025-05-19,2025-05-21,1,441.00
1031,22,,Replenishment,2025-05-15,2025-05-18,2025-05-21,16,41.42
1032,41,5309,Special Order,2025-05-15,2025-05-16,2025-05-16,1,399.00
1033,19,5327,Special Order,2025-05-16,2025-05-19,2025-05-21,1,174.40
1034,48,5318,Special Order,2025-05-16,2025-05-21,2025-05-22,1,441.00
1035,49,,Replenishment,2025-05-16,2025-05-21,2025-05-22,2,68.25
1036,18,,Replenishment,2025-05-17,2025-05-20,2025-05-23,5,158.05
1037,47,5331,Special Order,2025-05-17,2025-05-22,2025-05-24,1,252.00
1038,20,,Replenishment,2025-05-19,2025-05-22,2025-05-24,2,179.85
1039,19,,Replenishment,2025-05-20,2025-05-23,2025-05-27,5,174.40
1040,21,,Replenishment,2025-05-20,2025-05-23,2025-05-27,3,130.80
1041,33,,Replenishment,2025-05-20,2025-05-21,2025-05-21,2,220.50
1042,2,,Replenishment,2025-05-21,2025-05-22,2025-05-22,200,5.30
1043,16,,Replenishment,2025-05-21,2025-05-23,2025-05-23,8,43.46
1044,20,5386,Special Order,2025-05-21,2025-05-24,2025-05-27,1,179.85
1045,17,,Replenishment,2025-05-22,2025-05-24,2025-05-24,24,7.95
1046,18,5396,Special Order,2025-05-22,2025-05-25,2025-05-27,1,158.05
1047,25,,Replenishment,2025-05-22,2025-05-27,2025-05-28,2,331.70
1048,19,5410,Special Order,2025-05-23,2025-05-26,2025-05-28,1,174.40
1049,24,,Replenishment,2025-05-23,2025-05-26,2025-05-27,8,49.05
1050,26,,Replenishment,2025-05-23,2025-05-28,2025-05-28,6,34.24
1051,20,,Replenishment,2025-05-24,2025-05-27,2025-05-28,2,179.85
1052,8,,Replenishment,2025-05-27,2025-05-28,2025-05-29,18,18.72
1053,20,5430,Special Order,2025-05-27,2025-05-30,2025-05-31,1,179.85
1054,27,,Replenishment,2025-05-27,2025-06-01,2025-06-04,24,6.42
1055,32,,Replenishment,2025-05-27,2025-06-01,2025-06-02,6,29.96
1056,47,5419,Special Order,2025-05-27,2025-06-01,2025-06-02,1,252.00
1057,7,,Replenishment,2025-05-28,2025-05-29,2025-05-30,24,39.52
1058,16,,Replenishment,2025-05-28,2025-05-30,2025-05-30,8,43.46
1059,19,,Replenishment,2025-05-28,2025-05-31,2025-06-02,5,174.40
1060,36,,Replenishment,2025-05-28,2025-05-29,2025-05-30,4,57.75
1061,47,5449,Special Order,2025-05-28,2025-06-02,2025-06-03,1,252.00
1062,47,5460,Special Order,2025-05-29,2025-06-03,2025-06-04,1,252.00
1063,4,,Replenishment,2025-05-30,2025-05-31,2025-05-31,36,11.96
1064,5,,Replenishment,2025-05-30,2025-05-31,2025-05-31,24,9.78
1065,20,,Replenishment,2025-05-30,2025-06-02,2025-06-02,2,179.85
1066,23,,Replenishment,2025-05-30,2025-06-02,2025-06-04,64,9.27
1067,3,,Replenishment,2025-05-31,2025-06-01,2025-06-02,60,6.45
1068,15,,Replenishment,2025-05-31,2025-06-02,2025-06-02,18,29.68
1069,37,,Replenishment,2025-05-31,2025-06-01,2025-06-02,6,99.75
1070,42,,Replenishment,2025-05-31,2025-06-01,2025-06-02,2,89.25
1071,11,,Replenishment,2025-06-02,2025-06-04,2025-06-04,36,10.39
1072,18,,Replenishment,2025-06-02,2025-06-05,2025-06-07,5,158.05
1073,30,,Replenishment,2025-06-02,2025-06-07,2025-06-09,3,171.20
1074,27,5515,Special Order,2025-06-03,2025-06-08,2025-06-09,1,6.42
1075,27,5519,Special Order,2025-06-03,2025-06-08,2025-06-09,1,6.42
1076,1,,Replenishment,2025-06-04,2025-06-05,2025-06-06,200,5.30
1077,19,,Replenishment,2025-06-04,2025-06-07,2025-06-09,5,174.40
1078,44,,Replenishment,2025-06-04,2025-06-05,2025-06-05,2,189.00
1079,14,,Replenishment,2025-06-05,2025-06-07,2025-06-09,12,33.92
1080,41,5549,Special Order,2025-06-05,2025-06-06,2025-06-07,1,399.00
1081,20,,Replenishment,2025-06-06,2025-06-09,2025-06-11,2,179.85
1082,21,,Replenishment,2025-06-07,2025-06-10,2025-06-11,3,130.80
1083,2,,Replenishment,2025-06-09,2025-06-10,2025-06-10,200,5.30
1084,16,,Replenishment,2025-06-09,2025-06-11,2025-06-11,8,43.46
1085,19,,Replenishment,2025-06-09,2025-06-12,2025-06-13,5,174.40
1086,25,,Replenishment,2025-06-09,2025-06-14,2025-06-16,2,331.70
1087,35,,Replenishment,2025-06-09,2025-06-10,2025-06-11,10,25.20
1088,9,,Replenishment,2025-06-10,2025-06-11,2025-06-11,120,4.37
1089,29,,Replenishment,2025-06-10,2025-06-15,2025-06-16,4,90.95
1090,7,,Replenishment,2025-06-12,2025-06-13,2025-06-13,24,39.52
1091,20,,Replenishment,2025-06-12,2025-06-15,2025-06-17,2,179.85
1092,28,,Replenishment,2025-06-12,2025-06-17,2025-06-19,2,155.15
1093,40,,Replenishment,2025-06-12,2025-06-13,2025-06-13,10,18.90
1094,27,,Replenishment,2025-06-13,2025-06-18,2025-06-21,24,6.42
1095,31,,Replenishment,2025-06-13,2025-06-18,2025-06-21,8,23.54
1096,16,,Replenishment,2025-06-14,2025-06-16,2025-06-16,8,43.46
1097,6,,Replenishment,2025-06-16,2025-06-17,2025-06-17,36,14.56
1098,27,5671,Special Order,2025-06-16,2025-06-21,2025-06-23,1,6.42
1099,34,,Replenishment,2025-06-16,2025-06-17,2025-06-17,6,27.30
1100,42,,Replenishment,2025-06-16,2025-06-17,2025-06-18,2,89.25
1101,13,,Replenishment,2025-06-17,2025-06-19,2025-06-20,8,14.84
1102,21,,Replenishment,2025-06-17,2025-06-20,2025-06-23,3,130.80
1103,27,5674,Special Order,2025-06-17,2025-06-22,2025-06-23,1,6.42
1104,33,,Replenishment,2025-06-17,2025-06-18,2025-06-21,2,220.50
1105,44,,Replenishment,2025-06-17,2025-06-18,2025-06-18,2,189.00
1106,27,5693,Special Order,2025-06-18,2025-06-23,2025-06-23,1,6.42
1107,1,,Replenishment,2025-06-19,2025-06-20,2025-06-21,200,5.30
1108,7,,Replenishment,2025-06-19,2025-06-20,2025-06-20,24,39.52
1109,16,,Replenishment,2025-06-19,2025-06-21,2025-06-23,8,43.46
1110,19,,Replenishment,2025-06-19,2025-06-22,2025-06-23,5,174.40
1111,27,5709,Special Order,2025-06-19,2025-06-24,2025-06-26,1,6.42
1112,27,5710,Special Order,2025-06-19,2025-06-24,2025-06-24,1,6.42
1113,27,5712,Special Order,2025-06-19,2025-06-24,2025-06-26,1,6.42
1114,27,5721,Special Order,2025-06-19,2025-06-24,2025-06-25,1,6.42
1115,38,,Replenishment,2025-06-19,2025-06-20,2025-06-23,4,71.40
1116,42,,Replenishment,2025-06-19,2025-06-20,2025-06-20,2,89.25
1117,43,,Replenishment,2025-06-19,2025-06-20,2025-06-20,10,12.60
1118,47,5707,Special Order,2025-06-19,2025-06-24,2025-06-25,1,252.00
1119,27,5724,Special Order,2025-06-20,2025-06-25,2025-06-26,1,6.42
1120,27,5727,Special Order,2025-06-20,2025-06-25,2025-06-26,1,6.42
1121,30,,Replenishment,2025-06-20,2025-06-25,2025-06-26,3,171.20
1122,14,,Replenishment,2025-06-21,2025-06-23,2025-06-24,12,33.92
1123,16,5735,Special Order,2025-06-21,2025-06-23,2025-06-23,2,43.46
1124,32,,Replenishment,2025-06-21,2025-06-26,2025-06-26,6,29.96
1125,47,5739,Special Order,2025-06-21,2025-06-26,2025-06-26,1,252.00
1126,4,,Replenishment,2025-06-23,2025-06-24,2025-06-24,36,11.96
1127,8,,Replenishment,2025-06-23,2025-06-24,2025-06-24,18,18.72
1128,36,,Replenishment,2025-06-23,2025-06-24,2025-06-24,4,57.75
1129,41,5742,Special Order,2025-06-23,2025-06-24,2025-06-24,1,399.00
1130,47,5757,Special Order,2025-06-23,2025-06-28,2025-06-30,1,252.00
1131,25,,Replenishment,2025-06-24,2025-06-29,2025-07-02,2,331.70
1132,26,,Replenishment,2025-06-24,2025-06-29,2025-06-30,6,34.24
1133,28,,Replenishment,2025-06-24,2025-06-29,2025-07-01,2,155.15
1134,41,5776,Special Order,2025-06-24,2025-06-25,2025-06-26,1,399.00
1135,47,5766,Special Order,2025-06-24,2025-06-29,2025-07-01,1,252.00
1136,48,5765,Special Order,2025-06-24,2025-06-29,2025-06-30,1,441.00
1137,5,,Replenishment,2025-06-25,2025-06-26,2025-06-26,24,9.78
1138,16,,Replenishment,2025-06-25,2025-06-27,2025-06-27,8,43.46
1139,22,,Replenishment,2025-06-25,2025-06-28,2025-06-30,16,41.42
1140,30,5784,Special Order,2025-06-25,2025-06-30,2025-07-01,1,171.20
1141,33,,Replenishment,2025-06-25,2025-06-26,2025-06-26,2,220.50
1142,42,,Replenishment,2025-06-25,2025-06-26,2025-06-26,2,89.25
1143,18,,Replenishment,2025-06-26,2025-06-29,2025-06-30,5,158.05
1144,19,,Replenishment,2025-06-26,2025-06-29,2025-07-01,5,174.40
1145,18,5824,Special Order,2025-06-27,2025-06-30,2025-07-02,1,158.05
1146,22,5825,Special Order,2025-06-27,2025-06-30,2025-07-02,4,41.42
1147,25,5811,Special Order,2025-06-27,2025-07-02,2025-07-03,1,331.70
1148,19,5834,Special Order,2025-06-28,2025-07-01,2025-07-05,1,174.40
1149,24,,Replenishment,2025-06-28,2025-07-01,2025-07-01,8,49.05
1150,2,,Replenishment,2025-06-30,2025-07-01,2025-07-01,200,5.30
1151,3,,Replenishment,2025-06-30,2025-07-01,2025-07-01,60,6.45
1152,12,,Replenishment,2025-06-30,2025-07-02,2025-07-02,36,9.12
1153,19,5856,Special Order,2025-06-30,2025-07-03,2025-07-05,1,174.40
1154,19,5861,Special Order,2025-06-30,2025-07-03,2025-07-05,1,174.40
1155,25,5850,Special Order,2025-06-30,2025-07-05,2025-07-07,1,331.70
1156,25,5855,Special Order,2025-06-30,2025-07-05,2025-07-07,1,331.70
1157,25,5859,Special Order,2025-06-30,2025-07-05,2025-07-07,1,331.70
1158,25,5860,Special Order,2025-06-30,2025-07-05,2025-07-05,1,331.70
1159,26,,Replenishment,2025-06-30,2025-07-05,2025-07-07,6,34.24
1160,42,,Replenishment,2025-06-30,2025-07-01,2025-07-01,2,89.25
1161,7,,Replenishment,2025-07-01,2025-07-02,2025-07-02,24,39.52
1162,19,,Replenishment,2025-07-01,2025-07-04,2025-07-07,5,174.40
1163,20,,Replenishment,2025-07-01,2025-07-04,2025-07-07,2,179.85
1164,25,5864,Special Order,2025-07-01,2025-07-06,2025-07-07,1,331.70
1165,28,,Replenishment,2025-07-02,2025-07-07,2025-07-08,2,155.15
1166,6,,Replenishment,2025-07-03,2025-07-04,2025-07-05,36,14.56
1167,21,,Replenishment,2025-07-03,2025-07-06,2025-07-08,3,130.80
1168,25,,Replenishment,2025-07-03,2025-07-08,2025-07-09,2,331.70
1169,26,5896,Special Order,2025-07-03,2025-07-08,2025-07-09,1,34.24
1170,27,,Replenishment,2025-07-03,2025-07-08,2025-07-09,24,6.42
1171,8,,Replenishment,2025-07-05,2025-07-06,2025-07-07,18,18.72
1172,16,,Replenishment,2025-07-05,2025-07-07,2025-07-08,8,43.46
1173,20,5917,Special Order,2025-07-05,2025-07-08,2025-07-10,1,179.85
1174,30,,Replenishment,2025-07-05,2025-07-10,2025-07-12,3,171.20
1175,41,5915,Special Order,2025-07-05,2025-07-06,2025-07-08,1,399.00
1176,15,,Replenishment,2025-07-07,2025-07-09,2025-07-10,18,29.68
1177,20,,Replenishment,2025-07-08,2025-07-11,2025-07-12,2,179.85
1178,27,5950,Special Order,2025-07-08,2025-07-13,2025-07-14,1,6.42
1179,33,,Replenishment,2025-07-08,2025-07-09,2025-07-10,2,220.50
1180,7,,Replenishment,2025-07-09,2025-07-10,2025-07-10,24,39.52
1181,16,,Replenishment,2025-07-09,2025-07-11,2025-07-11,8,43.46
1182,30,5958,Special Order,2025-07-09,2025-07-14,2025-07-15,1,171.20
1183,19,,Replenishment,2025-07-10,2025-07-13,2025-07-14,5,174.40
1184,14,,Replenishment,2025-07-11,2025-07-13,2025-07-14,12,33.92
1185,17,,Replenishment,2025-07-11,2025-07-13,2025-07-14,24,7.95
1186,21,,Replenishment,2025-07-11,2025-07-14,2025-07-15,3,130.80
1187,23,,Replenishment,2025-07-11,2025-07-14,2025-07-17,64,9.27
1188,1,,Replenishment,2025-07-12,2025-07-13,2025-07-14,200,5.30
1189,11,,Replenishment,2025-07-12,2025-07-14,2025-07-15,36,10.39
1190,18,,Replenishment,2025-07-12,2025-07-15,2025-07-15,5,158.05
1191,4,,Replenishment,2025-07-14,2025-07-15,2025-07-15,36,11.96
1192,29,,Replenishment,2025-07-14,2025-07-19,2025-07-19,4,90.95
1193,37,,Replenishment,2025-07-14,2025-07-15,2025-07-16,6,99.75
1194,45,,Replenishment,2025-07-14,2025-07-15,2025-07-15,8,57.75
1195,16,,Replenishment,2025-07-15,2025-07-17,2025-07-17,8,43.46
1196,20,,Replenishment,2025-07-15,2025-07-18,2025-07-21,2,179.85
1197,28,,Replenishment,2025-07-15,2025-07-20,2025-07-21,2,155.15
1198,5,,Replenishment,2025-07-17,2025-07-18,2025-07-18,24,9.78
1199,9,,Replenishment,2025-07-17,2025-07-18,2025-07-19,120,4.37
1200,25,,Replenishment,2025-07-17,2025-07-22,2025-07-22,2,331.70
1201,26,,Replenishment,2025-07-17,2025-07-22,2025-07-23,6,34.24
1202,44,,Replenishment,2025-07-17,2025-07-18,2025-07-18,2,189.00
1203,2,,Replenishment,2025-07-18,2025-07-19,2025-07-21,200,5.30
1204,16,,Replenishment,2025-07-18,2025-07-20,2025-07-21,8,43.46
1205,18,,Replenishment,2025-07-18,2025-07-21,2025-07-23,5,158.05
1206,19,,Replenishment,2025-07-18,2025-07-21,2025-07-23,5,174.40
1207,16,6102,Special Order,2025-07-19,2025-07-21,2025-07-22,2,43.46
1208,7,,Replenishment,2025-07-21,2025-07-22,2025-07-22,24,39.52
1209,19,6119,Special Order,2025-07-21,2025-07-24,2025-07-28,1,174.40
1210,19,6127,Special Order,2025-07-21,2025-07-24,2025-07-26,1,174.40
1211,27,,Replenishment,2025-07-21,2025-07-26,2025-07-28,24,6.42
1212,37,,Replenishment,2025-07-21,2025-07-22,2025-07-22,6,99.75
1213,30,,Replenishment,2025-07-22,2025-07-27,2025-07-29,3,171.20
1214,42,,Replenishment,2025-07-22,2025-07-23,2025-07-23,2,89.25
1215,24,,Replenishment,2025-07-23,2025-07-26,2025-07-28,8,49.05
1216,25,,Replenishment,2025-07-23,2025-07-28,2025-07-30,2,331.70
1217,29,,Replenishment,2025-07-23,2025-07-28,2025-07-29,4,90.95
1218,33,,Replenishment,2025-07-23,2025-07-24,2025-07-24,2,220.50
1219,14,,Replenishment,2025-07-24,2025-07-26,2025-07-26,12,33.92
1220,16,,Replenishment,2025-07-24,2025-07-26,2025-07-28,8,43.46
1221,19,,Replenishment,2025-07-24,2025-07-27,2025-07-29,5,174.40
1222,35,,Replenishment,2025-07-24,2025-07-25,2025-07-25,10,25.20
1223,19,6183,Special Order,2025-07-25,2025-07-28,2025-07-30,1,174.40
1224,27,6180,Special Order,2025-07-25,2025-07-30,2025-07-30,1,6.42
1225,27,6185,Special Order,2025-07-25,2025-07-30,2025-08-01,1,6.42
1226,27,6187,Special Order,2025-07-25,2025-07-30,2025-08-01,1,6.42
1227,18,,Replenishment,2025-07-28,2025-07-31,2025-08-02,5,158.05
1228,25,6208,Special Order,2025-07-28,2025-08-02,2025-08-04,1,331.70
1229,41,6199,Special Order,2025-07-28,2025-07-29,2025-07-29,1,399.00
1230,6,,Replenishment,2025-07-29,2025-07-30,2025-07-30,36,14.56
1231,8,,Replenishment,2025-07-29,2025-07-30,2025-07-31,18,18.72
1232,21,,Replenishment,2025-07-29,2025-08-01,2025-08-04,3,130.80
1233,25,6219,Special Order,2025-07-29,2025-08-03,2025-08-04,1,331.70
1234,26,,Replenishment,2025-07-29,2025-08-03,2025-08-04,6,34.24
1235,16,,Replenishment,2025-07-30,2025-08-01,2025-08-01,8,43.46
1236,31,,Replenishment,2025-07-30,2025-08-04,2025-08-04,8,23.54
1237,38,,Replenishment,2025-07-30,2025-07-31,2025-08-01,4,71.40
1238,7,,Replenishment,2025-07-31,2025-08-01,2025-08-02,24,39.52
1239,23,,Replenishment,2025-07-31,2025-08-03,2025-08-05,64,9.27
1240,25,,Replenishment,2025-07-31,2025-08-05,2025-08-06,2,331.70
1241,36,,Replenishment,2025-07-31,2025-08-01,2025-08-01,4,57.75
1242,46,,Replenishment,2025-07-31,2025-08-05,2025-08-05,8,25.20
1243,19,,Replenishment,2025-08-01,2025-08-04,2025-08-05,5,174.40
1244,47,6265,Special Order,2025-08-01,2025-08-06,2025-08-07,1,252.00
1245,48,6267,Special Order,2025-08-02,2025-08-07,2025-08-09,1,441.00
1246,49,,Replenishment,2025-08-02,2025-08-07,2025-08-09,2,68.25
1247,19,6284,Special Order,2025-08-04,2025-08-07,2025-08-09,1,174.40
1248,1,,Replenishment,2025-08-05,2025-08-06,2025-08-07,200,5.30
1249,12,,Replenishment,2025-08-05,2025-08-07,2025-08-08,36,9.12
1250,4,,Replenishment,2025-08-06,2025-08-07,2025-08-09,36,11.96
1251,2,,Replenishment,2025-08-07,2025-08-08,2025-08-09,200,5.30
1252,11,,Replenishment,2025-08-07,2025-08-09,2025-08-09,36,10.39
1253,28,,Replenishment,2025-08-07,2025-08-12,2025-08-13,2,155.15
1254,30,,Replenishment,2025-08-07,2025-08-12,2025-08-13,3,171.20
1255,32,,Replenishment,2025-08-07,2025-08-12,2025-08-13,6,29.96
1256,19,,Replenishment,2025-08-08,2025-08-11,2025-08-13,5,174.40
1257,33,,Replenishment,2025-08-08,2025-08-09,2025-08-09,2,220.50
1258,27,,Replenishment,2025-08-09,2025-08-14,2025-08-14,24,6.42
1259,37,,Replenishment,2025-08-09,2025-08-10,2025-08-11,6,99.75
1260,41,6355,Special Order,2025-08-11,2025-08-12,2025-08-12,1,399.00
1261,41,6359,Special Order,2025-08-11,2025-08-12,2025-08-12,1,399.00
1262,43,,Replenishment,2025-08-11,2025-08-12,2025-08-12,10,12.60
1263,47,6363,Special Order,2025-08-11,2025-08-16,2025-08-18,1,252.00
1264,21,,Replenishment,2025-08-12,2025-08-15,2025-08-19,3,130.80
1265,22,,Replenishment,2025-08-12,2025-08-15,2025-08-18,16,41.42
1266,29,,Replenishment,2025-08-13,2025-08-18,2025-08-20,4,90.95
1267,18,,Replenishment,2025-08-14,2025-08-17,2025-08-20,5,158.05
1268,16,,Replenishment,2025-08-15,2025-08-17,2025-08-18,8,43.46
1269,19,,Replenishment,2025-08-15,2025-08-18,2025-08-20,5,174.40
1270,41,6416,Special Order,2025-08-15,2025-08-16,2025-08-16,1,399.00
1271,7,,Replenishment,2025-08-16,2025-08-17,2025-08-18,24,39.52
1272,26,,Replenishment,2025-08-16,2025-08-21,2025-08-22,6,34.24
1273,28,,Replenishment,2025-08-16,2025-08-21,2025-08-22,2,155.15
1274,19,6446,Special Order,2025-08-18,2025-08-21,2025-08-23,1,174.40
1275,19,6447,Special Order,2025-08-18,2025-08-21,2025-08-23,1,174.40
1276,19,6451,Special Order,2025-08-18,2025-08-21,2025-08-22,1,174.40
1277,20,,Replenishment,2025-08-18,2025-08-21,2025-08-25,2,179.85
1278,19,6452,Special Order,2025-08-19,2025-08-22,2025-08-25,1,174.40
1279,19,6462,Special Order,2025-08-19,2025-08-22,2025-08-25,1,174.40
1280,40,,Replenishment,2025-08-19,2025-08-20,2025-08-21,10,18.90
1281,25,,Replenishment,2025-08-20,2025-08-25,2025-08-25,2,331.70
1282,5,,Replenishment,2025-08-21,2025-08-22,2025-08-22,24,9.78
1283,25,6492,Special Order,2025-08-21,2025-08-26,2025-08-28,1,331.70
1284,14,,Replenishment,2025-08-22,2025-08-24,2025-08-25,12,33.92
1285,16,,Replenishment,2025-08-22,2025-08-24,2025-08-25,8,43.46
1286,34,,Replenishment,2025-08-22,2025-08-23,2025-08-25,6,27.30
1287,3,,Replenishment,2025-08-23,2025-08-24,2025-08-25,60,6.45
1288,19,,Replenishment,2025-08-23,2025-08-26,2025-08-27,5,174.40
1289,25,6512,Special Order,2025-08-23,2025-08-28,2025-08-28,1,331.70
1290,8,,Replenishment,2025-08-25,2025-08-26,2025-08-26,18,18.72
1291,25,,Replenishment,2025-08-25,2025-08-30,2025-09-02,2,331.70
1292,33,,Replenishment,2025-08-25,2025-08-26,2025-08-26,2,220.50
1293,41,6525,Special Order,2025-08-25,2025-08-26,2025-08-27,1,399.00
1294,44,,Replenishment,2025-08-25,2025-08-26,2025-08-27,2,189.00
1295,2,,Replenishment,2025-08-26,2025-08-27,2025-08-29,200,5.30
1296,9,,Replenishment,2025-08-26,2025-08-27,2025-08-29,120,4.37
1297,15,,Replenishment,2025-08-26,2025-08-28,2025-08-28,18,29.68
1298,30,,Replenishment,2025-08-26,2025-08-31,2025-09-02,3,171.20
1299,37,,Replenishment,2025-08-26,2025-08-27,2025-08-28,6,99.75
1300,41,6533,Special Order,2025-08-26,2025-08-27,2025-08-27,1,399.00
1301,25,6554,Special Order,2025-08-27,2025-09-01,2025-09-02,1,331.70
1302,26,,Replenishment,2025-08-27,2025-09-01,2025-09-02,6,34.24
1303,29,,Replenishment,2025-08-27,2025-09-01,2025-09-02,4,90.95
1304,42,,Replenishment,2025-08-27,2025-08-28,2025-08-28,2,89.25
1305,4,,Replenishment,2025-08-28,2025-08-29,2025-08-29,36,11.96
1306,7,,Replenishment,2025-08-28,2025-08-29,2025-08-29,24,39.52
1307,25,6572,Special Order,2025-08-28,2025-09-02,2025-09-04,1,331.70
1308,26,6573,Special Order,2025-08-28,2025-09-02,2025-09-03,1,34.24
1309,28,,Replenishment,2025-08-28,2025-09-02,2025-09-03,2,155.15
1310,10,,Replenishment,2025-08-29,2025-08-30,2025-08-30,30,9.88
1311,16,,Replenishment,2025-08-29,2025-08-31,2025-09-02,8,43.46
1312,1,,Replenishment,2025-08-30,2025-08-31,2025-09-02,200,5.30
1313,20,,Replenishment,2025-08-30,2025-09-02,2025-09-05,2,179.85
1314,25,6593,Special Order,2025-08-30,2025-09-04,2025-09-06,1,331.70
1315,26,6593,Special Order,2025-08-30,2025-09-04,2025-09-05,1,34.24
1316,37,,Replenishment,2025-08-30,2025-08-31,2025-09-02,6,99.75
1317,41,6597,Special Order,2025-08-30,2025-08-31,2025-09-02,1,399.00
1318,16,,Replenishment,2025-09-02,2025-09-04,2025-09-04,8,43.46
1319,17,,Replenishment,2025-09-02,2025-09-04,2025-09-06,24,7.95
1320,18,,Replenishment,2025-09-02,2025-09-05,2025-09-05,5,158.05
1321,24,,Replenishment,2025-09-02,2025-09-05,2025-09-06,8,49.05
1322,41,6612,Special Order,2025-09-02,2025-09-03,2025-09-03,1,399.00
1323,19,,Replenishment,2025-09-04,2025-09-07,2025-09-08,5,174.40
1324,21,,Replenishment,2025-09-04,2025-09-07,2025-09-09,3,130.80
1325,25,,Replenishment,2025-09-04,2025-09-09,2025-09-11,2,331.70
1326,31,,Replenishment,2025-09-05,2025-09-10,2025-09-11,8,23.54
1327,27,,Replenishment,2025-09-06,2025-09-11,2025-09-12,24,6.42
1328,26,,Replenishment,2025-09-08,2025-09-13,2025-09-15,6,34.24
1329,33,,Replenishment,2025-09-08,2025-09-09,2025-09-09,2,220.50
1330,37,,Replenishment,2025-09-08,2025-09-09,2025-09-09,6,99.75
1331,37,6677,Special Order,2025-09-08,2025-09-09,2025-09-09,2,99.75
1332,5,,Replenishment,2025-09-09,2025-09-10,2025-09-10,24,9.78
1333,38,,Replenishment,2025-09-09,2025-09-10,2025-09-11,4,71.40
1334,41,6690,Special Order,2025-09-09,2025-09-10,2025-09-10,1,399.00
1335,7,,Replenishment,2025-09-10,2025-09-11,2025-09-11,24,39.52
1336,43,,Replenishment,2025-09-10,2025-09-11,2025-09-11,10,12.60
1337,8,,Replenishment,2025-09-11,2025-09-12,2025-09-13,18,18.72
1338,11,,Replenishment,2025-09-11,2025-09-13,2025-09-13,36,10.39
1339,23,,Replenishment,2025-09-11,2025-09-14,2025-09-15,64,9.27
1340,33,,Replenishment,2025-09-11,2025-09-12,2025-09-13,2,220.50
1341,41,6728,Special Order,2025-09-11,2025-09-12,2025-09-12,1,399.00
1342,2,,Replenishment,2025-09-13,2025-09-14,2025-09-15,200,5.30
1343,20,,Replenishment,2025-09-13,2025-09-16,2025-09-17,2,179.85
1344,37,,Replenishment,2025-09-13,2025-09-14,2025-09-15,6,99.75
1345,42,,Replenishment,2025-09-13,2025-09-14,2025-09-15,2,89.25
1346,6,,Replenishment,2025-09-15,2025-09-16,2025-09-16,36,14.56
1347,14,,Replenishment,2025-09-15,2025-09-17,2025-09-17,12,33.92
1348,16,,Replenishment,2025-09-15,2025-09-17,2025-09-17,8,43.46
1349,18,,Replenishment,2025-09-16,2025-09-19,2025-09-19,5,158.05
1350,25,,Replenishment,2025-09-16,2025-09-21,2025-09-22,2,331.70
1351,48,6784,Special Order,2025-09-16,2025-09-21,2025-09-22,1,441.00
1352,12,,Replenishment,2025-09-17,2025-09-19,2025-09-20,36,9.12
1353,34,,Replenishment,2025-09-17,2025-09-18,2025-09-18,6,27.30
1354,19,,Replenishment,2025-09-18,2025-09-21,2025-09-24,5,174.40
1355,40,,Replenishment,2025-09-18,2025-09-19,2025-09-20,10,18.90
1356,25,6823,Special Order,2025-09-19,2025-09-24,2025-09-26,1,331.70
1357,16,,Replenishment,2025-09-22,2025-09-24,2025-09-24,8,43.46
1358,16,6846,Special Order,2025-09-22,2025-09-24,2025-09-25,2,43.46
1359,20,,Replenishment,2025-09-22,2025-09-25,2025-09-26,2,179.85
1360,26,,Replenishment,2025-09-22,2025-09-27,2025-09-27,6,34.24
1361,28,,Replenishment,2025-09-22,2025-09-27,2025-09-29,2,155.15
1362,35,,Replenishment,2025-09-22,2025-09-23,2025-09-24,10,25.20
1363,16,6859,Special Order,2025-09-23,2025-09-25,2025-09-25,2,43.46
1364,18,,Replenishment,2025-09-23,2025-09-26,2025-09-27,5,158.05
1365,19,,Replenishment,2025-09-25,2025-09-28,2025-09-29,5,174.40
1366,14,,Replenishment,2025-09-26,2025-09-28,2025-09-29,12,33.92
1367,16,,Replenishment,2025-09-26,2025-09-28,2025-09-29,8,43.46
1368,16,6902,Special Order,2025-09-26,2025-09-28,2025-09-29,2,43.46
1369,17,,Replenishment,2025-09-26,2025-09-28,2025-09-29,24,7.95
1370,25,,Replenishment,2025-09-26,2025-10-01,2025-10-03,2,331.70
1371,7,,Replenishment,2025-09-27,2025-09-28,2025-09-29,24,39.52
1372,3,,Replenishment,2025-09-29,2025-09-30,2025-10-01,60,6.45
1373,20,,Replenishment,2025-09-29,2025-10-02,2025-10-04,2,179.85
1374,38,,Replenishment,2025-09-29,2025-09-30,2025-09-30,4,71.40
1375,46,,Replenishment,2025-09-29,2025-10-04,2025-10-06,8,25.20
1376,2,,Replenishment,2025-09-30,2025-10-01,2025-10-01,200,5.30
1377,16,,Replenishment,2025-09-30,2025-10-02,2025-10-02,8,43.46
1378,33,,Replenishment,2025-09-30,2025-10-01,2025-10-01,2,220.50
1379,47,6926,Special Order,2025-09-30,2025-10-05,2025-10-06,1,252.00
1380,1,,Replenishment,2025-10-01,2025-10-02,2025-10-03,200,5.30
1381,16,6942,Special Order,2025-10-01,2025-10-03,2025-10-04,2,43.46
1382,16,6945,Special Order,2025-10-01,2025-10-03,2025-10-03,2,43.46
1383,30,,Replenishment,2025-10-01,2025-10-06,2025-10-06,3,171.20
1384,4,,Replenishment,2025-10-02,2025-10-03,2025-10-04,36,11.96
1385,8,,Replenishment,2025-10-04,2025-10-05,2025-10-06,18,18.72
1386,5,,Replenishment,2025-10-06,2025-10-07,2025-10-07,24,9.78
1387,9,,Replenishment,2025-10-06,2025-10-07,2025-10-08,120,4.37
1388,16,,Replenishment,2025-10-06,2025-10-08,2025-10-08,8,43.46
1389,22,,Replenishment,2025-10-06,2025-10-09,2025-10-10,16,41.42
1390,48,7007,Special Order,2025-10-06,2025-10-11,2025-10-13,1,441.00
1391,16,7023,Special Order,2025-10-07,2025-10-09,2025-10-09,2,43.46
1392,25,,Replenishment,2025-10-07,2025-10-12,2025-10-13,2,331.70
1393,27,,Replenishment,2025-10-07,2025-10-12,2025-10-14,24,6.42
1394,47,7028,Special Order,2025-10-07,2025-10-12,2025-10-13,1,252.00
1395,14,,Replenishment,2025-10-08,2025-10-10,2025-10-10,12,33.92
1396,16,,Replenishment,2025-10-08,2025-10-10,2025-10-11,8,43.46
1397,18,,Replenishment,2025-10-08,2025-10-11,2025-10-13,5,158.05
1398,21,,Replenishment,2025-10-08,2025-10-11,2025-10-14,3,130.80
1399,48,7038,Special Order,2025-10-08,2025-10-13,2025-10-14,1,441.00
1400,15,,Replenishment,2025-10-09,2025-10-11,2025-10-13,18,29.68
1401,28,,Replenishment,2025-10-09,2025-10-14,2025-10-14,2,155.15
1402,41,7041,Special Order,2025-10-09,2025-10-10,2025-10-11,1,399.00
1403,47,7053,Special Order,2025-10-09,2025-10-14,2025-10-15,1,252.00
1404,7,,Replenishment,2025-10-10,2025-10-11,2025-10-11,24,39.52
1405,41,7062,Special Order,2025-10-10,2025-10-11,2025-10-11,1,399.00
1406,20,,Replenishment,2025-10-13,2025-10-16,2025-10-18,2,179.85
1407,27,7083,Special Order,2025-10-13,2025-10-18,2025-10-20,1,6.42
1408,27,7084,Special Order,2025-10-13,2025-10-18,2025-10-18,1,6.42
1409,33,,Replenishment,2025-10-13,2025-10-14,2025-10-14,2,220.50
1410,41,7090,Special Order,2025-10-14,2025-10-15,2025-10-16,1,399.00
1411,19,,Replenishment,2025-10-15,2025-10-18,2025-10-20,5,174.40
1412,20,7111,Special Order,2025-10-15,2025-10-18,2025-10-20,1,179.85
1413,48,7104,Special Order,2025-10-15,2025-10-20,2025-10-21,1,441.00
1414,2,,Replenishment,2025-10-16,2025-10-17,2025-10-17,200,5.30
1415,33,,Replenishment,2025-10-16,2025-10-17,2025-10-17,2,220.50
1416,42,,Replenishment,2025-10-16,2025-10-17,2025-10-17,2,89.25
1417,11,,Replenishment,2025-10-17,2025-10-19,2025-10-21,36,10.39
1418,16,,Replenishment,2025-10-17,2025-10-19,2025-10-20,8,43.46
1419,29,,Replenishment,2025-10-17,2025-10-22,2025-10-23,4,90.95
1420,36,,Replenishment,2025-10-18,2025-10-19,2025-10-20,4,57.75
1421,3,,Replenishment,2025-10-20,2025-10-21,2025-10-21,60,6.45
1422,16,,Replenishment,2025-10-21,2025-10-23,2025-10-24,8,43.46
1423,20,,Replenishment,2025-10-21,2025-10-24,2025-10-25,2,179.85
1424,48,7173,Special Order,2025-10-21,2025-10-26,2025-10-27,1,441.00
1425,49,,Replenishment,2025-10-21,2025-10-26,2025-10-27,2,68.25
1426,34,,Replenishment,2025-10-22,2025-10-23,2025-10-24,6,27.30
1427,1,,Replenishment,2025-10-23,2025-10-24,2025-10-24,200,5.30
1428,41,7209,Special Order,2025-10-23,2025-10-24,2025-10-25,1,399.00
1429,48,7207,Special Order,2025-10-23,2025-10-28,2025-10-29,1,441.00
1430,23,,Replenishment,2025-10-24,2025-10-27,2025-10-30,64,9.27
1431,26,,Replenishment,2025-10-24,2025-10-29,2025-10-31,6,34.24
1432,31,,Replenishment,2025-10-24,2025-10-29,2025-10-30,8,23.54
1433,41,7220,Special Order,2025-10-24,2025-10-25,2025-10-27,1,399.00
1434,43,,Replenishment,2025-10-24,2025-10-25,2025-10-27,10,12.60
1435,12,,Replenishment,2025-10-25,2025-10-27,2025-10-27,36,9.12
1436,14,,Replenishment,2025-10-25,2025-10-27,2025-10-27,12,33.92
1437,19,,Replenishment,2025-10-25,2025-10-28,2025-10-29,5,174.40
1438,24,,Replenishment,2025-10-25,2025-10-28,2025-10-29,8,49.05
1439,16,,Replenishment,2025-10-27,2025-10-29,2025-10-31,8,43.46
1440,33,,Replenishment,2025-10-27,2025-10-28,2025-10-28,2,220.50
1441,41,7250,Special Order,2025-10-27,2025-10-28,2025-10-28,1,399.00
1442,8,,Replenishment,2025-10-28,2025-10-29,2025-10-29,18,18.72
1443,16,7263,Special Order,2025-10-28,2025-10-30,2025-10-30,2,43.46
1444,16,7276,Special Order,2025-10-29,2025-10-31,2025-10-31,2,43.46
1445,18,,Replenishment,2025-10-29,2025-11-01,2025-11-03,5,158.05
1446,41,7274,Special Order,2025-10-29,2025-10-30,2025-10-30,1,399.00
1447,16,7282,Special Order,2025-10-30,2025-11-01,2025-11-01,2,43.46
1448,16,7284,Special Order,2025-10-30,2025-11-01,2025-11-01,2,43.46
1449,21,,Replenishment,2025-10-31,2025-11-03,2025-11-05,3,130.80
1450,37,,Replenishment,2025-10-31,2025-11-01,2025-11-03,6,99.75
1451,3,,Replenishment,2025-11-03,2025-11-04,2025-11-04,60,6.45
1452,17,,Replenishment,2025-11-03,2025-11-05,2025-11-06,24,7.95
1453,20,,Replenishment,2025-11-03,2025-11-06,2025-11-08,2,179.85
1454,35,,Replenishment,2025-11-03,2025-11-04,2025-11-05,10,25.20
1455,38,,Replenishment,2025-11-03,2025-11-04,2025-11-04,4,71.40
1456,2,,Replenishment,2025-11-04,2025-11-05,2025-11-06,200,5.30
1457,30,,Replenishment,2025-11-05,2025-11-10,2025-11-11,3,171.20
1458,16,,Replenishment,2025-11-06,2025-11-08,2025-11-08,8,43.46
1459,16,7361,Special Order,2025-11-06,2025-11-08,2025-11-10,2,43.46
1460,19,,Replenishment,2025-11-06,2025-11-09,2025-11-10,5,174.40
1461,47,7377,Special Order,2025-11-08,2025-11-13,2025-11-14,1,252.00
1462,14,,Replenishment,2025-11-10,2025-11-12,2025-11-12,12,33.92
1463,16,,Replenishment,2025-11-10,2025-11-12,2025-11-12,8,43.46
1464,19,,Replenishment,2025-11-10,2025-11-13,2025-11-17,5,174.40
1465,41,7390,Special Order,2025-11-10,2025-11-11,2025-11-12,1,399.00
1466,4,,Replenishment,2025-11-11,2025-11-12,2025-11-12,36,11.96
1467,9,,Replenishment,2025-11-11,2025-11-12,2025-11-13,120,4.37
1468,32,,Replenishment,2025-11-11,2025-11-16,2025-11-18,6,29.96
1469,30,,Replenishment,2025-11-12,2025-11-17,2025-11-17,3,171.20
1470,16,,Replenishment,2025-11-13,2025-11-15,2025-11-15,8,43.46
1471,41,7427,Special Order,2025-11-13,2025-11-14,2025-11-15,1,399.00
1472,41,7435,Special Order,2025-11-13,2025-11-14,2025-11-14,1,399.00
1473,1,,Replenishment,2025-11-14,2025-11-15,2025-11-15,200,5.30
1474,5,,Replenishment,2025-11-14,2025-11-15,2025-11-15,24,9.78
1475,15,,Replenishment,2025-11-14,2025-11-16,2025-11-17,18,29.68
1476,20,,Replenishment,2025-11-14,2025-11-17,2025-11-18,2,179.85
1477,47,7441,Special Order,2025-11-14,2025-11-19,2025-11-19,1,252.00
1478,21,,Replenishment,2025-11-15,2025-11-18,2025-11-19,3,130.80
1479,11,,Replenishment,2025-11-17,2025-11-19,2025-11-19,36,10.39
1480,34,,Replenishment,2025-11-17,2025-11-18,2025-11-19,6,27.30
1481,8,,Replenishment,2025-11-18,2025-11-19,2025-11-19,18,18.72
1482,16,,Replenishment,2025-11-18,2025-11-20,2025-11-20,8,43.46
1483,2,,Replenishment,2025-11-19,2025-11-20,2025-11-21,200,5.30
1484,38,,Replenishment,2025-11-20,2025-11-21,2025-11-21,4,71.40
1485,23,,Replenishment,2025-11-22,2025-11-25,2025-11-25,64,9.27
1486,41,7526,Special Order,2025-11-22,2025-11-23,2025-11-26,1,399.00
1487,6,,Replenishment,2025-11-24,2025-11-25,2025-11-26,36,14.56
1488,14,,Replenishment,2025-11-24,2025-11-26,2025-11-26,12,33.92
1489,16,,Replenishment,2025-11-25,2025-11-27,2025-11-28,8,43.46
1490,16,7549,Special Order,2025-11-25,2025-11-27,2025-11-28,2,43.46
1491,24,,Replenishment,2025-11-25,2025-11-28,2025-11-29,8,49.05
1492,16,7563,Special Order,2025-11-26,2025-11-28,2025-11-29,2,43.46
1493,16,7567,Special Order,2025-11-26,2025-11-28,2025-11-28,2,43.46
1494,27,,Replenishment,2025-11-26,2025-12-01,2025-12-03,24,6.42
1495,45,,Replenishment,2025-11-26,2025-11-27,2025-11-28,8,57.75
1496,16,,Replenishment,2025-11-28,2025-11-30,2025-12-01,8,43.46
1497,17,,Replenishment,2025-11-28,2025-11-30,2025-12-01,24,7.95
1498,20,,Replenishment,2025-11-28,2025-12-01,2025-12-02,2,179.85
1499,19,,Replenishment,2025-11-29,2025-12-02,2025-12-04,5,174.40
1500,33,,Replenishment,2025-11-29,2025-11-30,2025-12-01,2,220.50
1501,34,,Replenishment,2025-12-01,2025-12-02,2025-12-03,6,27.30
1502,37,,Replenishment,2025-12-01,2025-12-02,2025-12-02,6,99.75
1503,46,,Replenishment,2025-12-03,2025-12-08,2025-12-09,8,25.20
1504,12,,Replenishment,2025-12-04,2025-12-06,2025-12-06,36,9.12
1505,15,,Replenishment,2025-12-04,2025-12-06,2025-12-08,18,29.68
1506,44,,Replenishment,2025-12-04,2025-12-05,2025-12-05,2,189.00
1507,33,,Replenishment,2025-12-05,2025-12-06,2025-12-06,2,220.50
1508,48,7668,Special Order,2025-12-05,2025-12-10,2025-12-10,1,441.00
1509,20,,Replenishment,2025-12-06,2025-12-09,2025-12-10,2,179.85
1510,29,,Replenishment,2025-12-06,2025-12-11,2025-12-11,4,90.95
1511,2,,Replenishment,2025-12-08,2025-12-09,2025-12-09,200,5.30
1512,14,,Replenishment,2025-12-08,2025-12-10,2025-12-11,12,33.92
1513,16,,Replenishment,2025-12-08,2025-12-10,2025-12-11,8,43.46
1514,41,7696,Special Order,2025-12-08,2025-12-09,2025-12-09,1,399.00
1515,3,,Replenishment,2025-12-09,2025-12-10,2025-12-10,60,6.45
1516,1,,Replenishment,2025-12-10,2025-12-11,2025-12-11,200,5.30
1517,36,,Replenishment,2025-12-10,2025-12-11,2025-12-11,4,57.75
1518,47,7721,Special Order,2025-12-10,2025-12-15,2025-12-17,1,252.00
1519,18,,Replenishment,2025-12-11,2025-12-14,2025-12-16,5,158.05
1520,38,,Replenishment,2025-12-11,2025-12-12,2025-12-13,4,71.40
1521,39,,Replenishment,2025-12-11,2025-12-12,2025-12-12,8,23.10
1522,16,,Replenishment,2025-12-13,2025-12-15,2025-12-15,8,43.46
1523,19,,Replenishment,2025-12-13,2025-12-16,2025-12-17,5,174.40
1524,21,,Replenishment,2025-12-15,2025-12-18,2025-12-19,3,130.80
1525,33,,Replenishment,2025-12-15,2025-12-16,2025-12-17,2,220.50
1526,5,,Replenishment,2025-12-16,2025-12-17,2025-12-18,24,9.78
1527,20,,Replenishment,2025-12-16,2025-12-19,2025-12-20,2,179.85
1528,23,,Replenishment,2025-12-16,2025-12-19,2025-12-22,64,9.27
1529,47,7784,Special Order,2025-12-16,2025-12-21,2025-12-22,1,252.00
1530,8,,Replenishment,2025-12-18,2025-12-19,2025-12-19,18,18.72
1531,10,,Replenishment,2025-12-19,2025-12-20,2025-12-20,30,9.88
1532,9,,Replenishment,2025-12-20,2025-12-21,2025-12-22,120,4.37
1533,16,,Replenishment,2025-12-20,2025-12-22,2025-12-22,8,43.46
1534,24,,Replenishment,2025-12-20,2025-12-23,2025-12-24,8,49.05
1535,11,,Replenishment,2025-12-22,2025-12-24,2025-12-24,36,10.39
1536,44,,Replenishment,2025-12-22,2025-12-23,2025-12-23,2,189.00
1537,21,,Replenishment,2025-12-23,2025-12-26,2025-12-27,3,130.80
1538,2,,Replenishment,2025-12-24,2025-12-25,2025-12-26,200,5.30
1539,7,,Replenishment,2025-12-24,2025-12-25,2025-12-26,24,39.52
1540,30,,Replenishment,2025-12-24,2025-12-29,2025-12-31,3,171.20
1541,22,,Replenishment,2025-12-26,2025-12-29,2025-12-31,16,41.42
1542,42,,Replenishment,2025-12-26,2025-12-27,2025-12-27,2,89.25
1543,16,,Replenishment,2025-12-27,2025-12-29,2025-12-30,8,43.46
1544,19,,Replenishment,2025-12-27,2025-12-30,2025-12-31,5,174.40
1545,14,,Replenishment,2025-12-29,2025-12-31,2025-12-31,12,33.92
1546,16,7910,Special Order,2025-12-29,2025-12-31,,2,43.46
1547,16,7913,Special Order,2025-12-29,2025-12-31,2025-12-31,2,43.46
1548,17,,Replenishment,2025-12-29,2025-12-31,,24,7.95
1549,18,,Replenishment,2025-12-29,2026-01-01,,5,158.05
1550,31,,Replenishment,2025-12-30,2026-01-04,,8,23.54
1551,20,,Replenishment,2025-12-31,2026-01-03,,2,179.85
1552,33,,Replenishment,2025-12-31,2026-01-01,,2,220.50
