payment_id,invoice_id,paid_at,payment_method,amount
1,2,2024-01-02 10:30:00,Cash,254.6600
2,1,2024-01-02 12:06:00,Visa,227.9600
3,4,2024-01-02 12:08:00,Visa,210.0000
4,3,2024-01-02 12:21:00,Visa,405.5200
5,8,2024-01-02 17:01:00,Debit Card,217.6600
6,6,2024-01-02 17:07:00,Mobile Wallet,1176.8300
7,10,2024-01-03 09:25:00,Cash,209.5300
8,12,2024-01-03 10:02:00,Visa,862.7600
9,11,2024-01-03 10:44:00,Mastercard,104.8400
10,13,2024-01-03 11:39:00,Mastercard,133.6600
11,17,2024-01-03 13:25:00,Mastercard,140.0000
12,14,2024-01-03 13:26:00,Mobile Wallet,566.2400
13,15,2024-01-03 13:40:00,Cash,44.34
14,18,2024-01-03 13:40:00,Cash,382.0400
15,15,2024-01-03 13:41:00,Visa,78.7900
16,16,2024-01-03 14:20:00,Debit Card,91.0000
17,20,2024-01-03 14:30:00,Mastercard,133.9500
18,19,2024-01-03 14:33:00,Mastercard,328.7600
19,21,2024-01-03 14:41:00,Debit Card,1319.4900
20,22,2024-01-03 16:12:00,Mastercard,348.6000
21,24,2024-01-04 08:27:00,Mastercard,84.0000
22,25,2024-01-04 08:49:00,Cash,165.78
23,25,2024-01-04 08:50:00,Mastercard,470.4600
24,28,2024-01-04 11:52:00,Mastercard,140.0000
25,27,2024-01-04 12:33:00,Debit Card,84.0000
26,29,2024-01-04 13:45:00,Debit Card,348.6000
27,32,2024-01-04 14:14:00,Visa,401.4800
28,33,2024-01-04 14:53:00,Visa,84.0000
29,30,2024-01-04 14:58:00,Cash,297.9800
30,31,2024-01-04 15:29:00,Mastercard,697.2200
31,36,2024-01-04 16:19:00,Cash,386.1300
32,35,2024-01-04 16:34:00,Mobile Wallet,133.9500
33,37,2024-01-04 17:11:00,Visa,143.6000
34,34,2024-01-05 09:21:00,Visa,224.6600
35,38,2024-01-05 10:31:00,American Express,697.2200
36,39,2024-01-05 10:37:00,Cash,123.1300
37,42,2024-01-05 11:41:00,Cash,117.63
38,42,2024-01-05 11:42:00,Mastercard,91.8900
39,41,2024-01-05 12:15:00,Visa,133.9500
40,40,2024-01-05 12:20:00,Cash,133.9500
41,47,2024-01-05 13:15:00,Debit Card,378.4300
42,44,2024-01-05 13:48:00,Visa,519.5800
43,45,2024-01-05 13:59:00,Visa,133.9500
44,43,2024-01-05 14:00:00,Mastercard,238.7900
45,46,2024-01-05 14:53:00,Cash,445.0400
46,49,2024-01-05 15:02:00,Visa,523.3900
47,48,2024-01-05 15:04:00,Visa,84.0000
48,52,2024-01-05 15:57:00,Mastercard,1319.4900
49,50,2024-01-05 16:29:00,American Express,311.9800
50,54,2024-01-05 16:32:00,Discover,123.1300
51,53,2024-01-05 17:01:00,Visa,378.4300
52,51,2024-01-05 17:12:00,Mobile Wallet,254.6600
53,55,2024-01-06 12:17:00,Visa,311.8900
54,56,2024-01-06 12:37:00,Visa,443.4100
55,57,2024-01-06 12:38:00,Mastercard,70.0000
56,58,2024-01-06 13:42:00,Visa,123.1300
57,61,2024-01-08 09:02:00,Cash,326.9300
58,60,2024-01-08 10:28:00,Cash,273.9500
59,64,2024-01-08 10:32:00,Cash,133.9500
60,59,2024-01-08 10:33:00,Visa,258.7600
61,65,2024-01-08 10:53:00,Visa,133.9500
62,67,2024-01-08 11:13:00,Cash,108.70
63,67,2024-01-08 11:14:00,Mastercard,84.4300
64,69,2024-01-08 11:19:00,Cash,107.60
65,69,2024-01-08 11:20:00,Visa,219.3300
66,63,2024-01-08 11:31:00,Discover,133.9500
67,62,2024-01-08 11:43:00,American Express,536.9300
68,70,2024-01-08 12:09:00,Mastercard,133.9500
69,66,2024-01-08 12:43:00,Cash,348.6000
70,68,2024-01-08 13:07:00,Debit Card,133.9500
71,71,2024-01-08 13:49:00,Mastercard,140.0000
72,72,2024-01-08 13:56:00,Mobile Wallet,1368.2500
73,73,2024-01-08 14:49:00,Cash,322.7900
74,74,2024-01-08 15:42:00,Mastercard,377.5900
75,75,2024-01-08 16:17:00,Visa,237.5300
76,78,2024-01-09 10:19:00,Mastercard,123.1300
77,77,2024-01-09 10:24:00,Mastercard,133.9500
78,76,2024-01-09 10:37:00,Mobile Wallet,627.3100
79,79,2024-01-09 12:10:00,Debit Card,209.5300
80,80,2024-01-09 12:39:00,Mobile Wallet,407.6200
81,82,2024-01-09 12:46:00,Visa,566.2400
82,81,2024-01-09 12:58:00,American Express,272.7600
83,83,2024-01-09 14:13:00,Visa,518.4300
84,84,2024-01-09 14:53:00,Mobile Wallet,533.7600
85,85,2024-01-09 16:16:00,Visa,783.0800
86,87,2024-01-10 09:10:00,Visa,104.8400
87,86,2024-01-10 09:51:00,Mastercard,170.7000
88,88,2024-01-10 09:57:00,Mastercard,84.0000
89,91,2024-01-10 11:44:00,Visa,280.5000
90,93,2024-01-10 12:28:00,Mastercard,322.7100
91,89,2024-01-10 12:29:00,Visa,128.3500
92,96,2024-01-10 13:17:00,Debit Card,1319.4900
93,92,2024-01-10 13:44:00,Cash,123.1300
94,98,2024-01-10 14:05:00,Visa,206.2900
95,97,2024-01-10 14:34:00,Visa,544.5800
96,101,2024-01-11 11:03:00,American Express,908.5700
97,100,2024-01-11 11:06:00,Visa,191.3500
98,99,2024-01-11 11:08:00,Visa,243.8500
99,102,2024-01-11 12:58:00,Mastercard,84.0000
100,103,2024-01-11 13:12:00,Mobile Wallet,631.7500
101,105,2024-01-11 13:48:00,Debit Card,130.1300
102,107,2024-01-11 14:38:00,Visa,133.9500
103,104,2024-01-11 15:14:00,Mobile Wallet,617.1000
104,106,2024-01-11 15:18:00,Debit Card,70.0000
105,108,2024-01-11 15:43:00,Cash,143.7300
106,109,2024-01-11 16:30:00,Visa,566.2400
107,110,2024-01-12 07:58:00,Debit Card,272.7600
108,112,2024-01-12 10:30:00,Visa,152.8800
109,111,2024-01-12 10:37:00,Cash,252.4700
110,113,2024-01-12 11:24:00,Visa,84.0000
111,115,2024-01-12 13:40:00,Debit Card,123.1300
112,114,2024-01-12 13:43:00,Mobile Wallet,218.1600
113,116,2024-01-12 14:18:00,American Express,896.8300
114,118,2024-01-12 15:21:00,Mastercard,431.7600
115,117,2024-01-12 16:37:00,Debit Card,209.5300
116,119,2024-01-13 10:53:00,Mobile Wallet,140.0000
117,122,2024-01-13 12:31:00,Debit Card,170.7000
118,120,2024-01-13 12:44:00,Debit Card,367.9800
119,5,2024-01-13 16:06:00,ACH / Check,128.3500
120,124,2024-01-15 07:49:00,American Express,123.1300
121,123,2024-01-15 08:42:00,Cash,349.5200
122,127,2024-01-15 09:43:00,Mastercard,123.1300
123,125,2024-01-15 11:03:00,American Express,569.8900
124,130,2024-01-15 12:08:00,Visa,104.8400
125,134,2024-01-15 12:12:00,Mobile Wallet,133.9500
126,131,2024-01-15 12:23:00,Visa,456.3800
127,129,2024-01-15 12:28:00,Visa,367.6000
128,133,2024-01-15 12:28:00,Cash,263.1300
129,135,2024-01-15 12:55:00,Mastercard,104.8400
130,132,2024-01-15 13:59:00,Visa,210.0000
131,138,2024-01-15 14:12:00,Discover,566.2400
132,136,2024-01-15 14:21:00,Mastercard,566.2400
133,137,2024-01-15 14:48:00,Visa,203.6600
134,139,2024-01-15 15:15:00,Cash,394.6800
135,140,2024-01-15 17:24:00,American Express,420.8800
136,141,2024-01-16 08:57:00,Debit Card,824.5700
137,145,2024-01-16 12:27:00,Mastercard,123.1300
138,142,2024-01-16 12:50:00,Debit Card,227.9600
139,143,2024-01-16 13:01:00,American Express,339.6000
140,144,2024-01-16 14:02:00,Visa,143.6000
141,146,2024-01-16 14:53:00,Mastercard,341.3100
142,147,2024-01-16 15:02:00,Mastercard,133.9500
143,148,2024-01-16 17:21:00,American Express,1170.4900
144,149,2024-01-17 09:50:00,Visa,322.7100
145,150,2024-01-17 10:22:00,Cash,84.0000
146,151,2024-01-17 11:58:00,Debit Card,123.1300
147,153,2024-01-17 12:58:00,American Express,389.5500
148,152,2024-01-17 13:09:00,American Express,541.4800
149,155,2024-01-17 13:22:00,Visa,182.1300
150,156,2024-01-17 14:11:00,Visa,294.4700
151,154,2024-01-17 14:13:00,Cash,490.8800
152,160,2024-01-18 07:53:00,Debit Card,1036.8300
153,161,2024-01-18 08:43:00,Mastercard,133.9500
154,159,2024-01-18 08:45:00,Mastercard,123.1300
155,162,2024-01-18 09:18:00,Mobile Wallet,700.2000
156,158,2024-01-18 09:32:00,Visa,721.6300
157,164,2024-01-18 11:46:00,Mobile Wallet,469.4700
158,165,2024-01-18 12:55:00,Cash,333.1300
159,166,2024-01-18 14:32:00,Debit Card,84.0000
160,167,2024-01-18 15:01:00,Visa,824.5700
161,171,2024-01-18 16:41:00,Visa,708.4200
162,170,2024-01-19 07:46:00,Visa,438.5500
163,174,2024-01-19 09:21:00,Mastercard,117.5300
164,173,2024-01-19 10:08:00,Cash,267.6200
165,169,2024-01-19 10:23:00,Visa,447.8100
166,178,2024-01-19 11:16:00,Discover,652.9800
167,168,2024-01-19 11:19:00,Debit Card,667.4300
168,179,2024-01-19 11:40:00,Discover,84.0000
169,176,2024-01-19 12:02:00,Visa,502.1100
170,180,2024-01-19 15:32:00,Debit Card,70.0000
171,183,2024-01-19 16:27:00,Mastercard,663.7400
172,181,2024-01-19 16:34:00,Visa,63.0000
173,185,2024-01-20 10:54:00,Mastercard,235.6700
174,184,2024-01-20 11:23:00,Cash,462.7100
175,186,2024-01-20 11:41:00,Debit Card,348.6900
176,187,2024-01-20 11:51:00,Cash,63.0000
177,188,2024-01-20 12:02:00,Visa,70.0000
178,190,2024-01-20 13:19:00,Discover,382.0400
179,189,2024-01-20 13:39:00,Cash,195.63
180,189,2024-01-20 13:40:00,Debit Card,199.0500
181,192,2024-01-22 08:03:00,American Express,130.1300
182,195,2024-01-22 08:42:00,Discover,566.2400
183,193,2024-01-22 09:12:00,American Express,406.4000
184,194,2024-01-22 09:56:00,Mastercard,91.0000
185,196,2024-01-22 10:02:00,Cash,128.3500
186,191,2024-01-22 10:30:00,Visa,128.3500
187,197,2024-01-22 11:12:00,Debit Card,378.4300
188,198,2024-01-22 11:49:00,Mastercard,451.1500
189,200,2024-01-22 12:15:00,Cash,140.0000
190,199,2024-01-22 13:11:00,Mastercard,123.1300
191,201,2024-01-22 13:17:00,Debit Card,326.9300
192,207,2024-01-22 13:42:00,Visa,133.9500
193,202,2024-01-22 14:21:00,Visa,650.2400
194,204,2024-01-22 14:23:00,Cash,133.9500
195,203,2024-01-22 14:29:00,Cash,258.7600
196,208,2024-01-22 14:39:00,Debit Card,356.7600
197,206,2024-01-22 15:21:00,Cash,84.0000
198,209,2024-01-22 15:47:00,Cash,123.1300
199,211,2024-01-22 16:00:00,Mastercard,1451.8600
200,210,2024-01-22 16:29:00,Discover,238.7900
201,212,2024-01-22 17:15:00,Visa,326.9300
202,126,2024-01-23 06:35:00,ACH / Check,266.9500
203,216,2024-01-23 08:18:00,Cash,652.9800
204,217,2024-01-23 08:44:00,Visa,638.5800
205,215,2024-01-23 10:04:00,Visa,420.9400
206,214,2024-01-23 10:41:00,Visa,593.3900
207,218,2024-01-23 11:05:00,Visa,544.5800
208,213,2024-01-23 11:12:00,Visa,593.3900
209,90,2024-01-23 11:31:00,ACH / Check,128.3500
210,222,2024-01-23 12:29:00,American Express,341.3100
211,219,2024-01-23 12:41:00,Visa,349.5200
212,223,2024-01-23 13:03:00,Mobile Wallet,133.9500
213,224,2024-01-23 13:27:00,Cash,143.6000
214,220,2024-01-23 13:28:00,Visa,140.0000
215,221,2024-01-23 14:04:00,Debit Card,217.9500
216,225,2024-01-23 14:23:00,Mastercard,1117.6800
217,226,2024-01-23 15:43:00,Visa,1062.5300
218,228,2024-01-24 08:51:00,Cash,244.8400
219,227,2024-01-24 09:26:00,Cash,518.4300
220,229,2024-01-24 10:52:00,Debit Card,561.7600
221,230,2024-01-24 11:17:00,Visa,377.0500
222,234,2024-01-24 11:22:00,Mastercard,133.9500
223,231,2024-01-24 12:25:00,Mastercard,123.1300
224,235,2024-01-24 12:31:00,Debit Card,123.1300
225,233,2024-01-24 13:12:00,Cash,72.55
226,233,2024-01-24 13:13:00,Mastercard,61.1100
227,236,2024-01-24 13:30:00,Mastercard,217.9500
228,237,2024-01-24 14:16:00,Mastercard,566.2400
229,238,2024-01-24 16:15:00,Visa,706.2400
230,240,2024-01-24 17:20:00,Mastercard,84.0000
231,241,2024-01-25 08:22:00,Mobile Wallet,210.0000
232,242,2024-01-25 08:29:00,Debit Card,842.6500
233,244,2024-01-25 11:24:00,Visa,767.2200
234,243,2024-01-25 11:27:00,Visa,100.6400
235,245,2024-01-25 13:13:00,Debit Card,395.8800
236,246,2024-01-25 15:42:00,Cash,827.7600
237,249,2024-01-26 09:23:00,Visa,123.1300
238,248,2024-01-26 09:28:00,Cash,338.6600
239,252,2024-01-26 10:07:00,Debit Card,133.9500
240,253,2024-01-26 10:50:00,Visa,466.9300
241,250,2024-01-26 11:02:00,Cash,123.1300
242,247,2024-01-26 11:06:00,Mastercard,432.6100
243,254,2024-01-26 11:39:00,Mastercard,256.7900
244,255,2024-01-26 12:48:00,Debit Card,1277.4900
245,256,2024-01-26 13:47:00,Mastercard,537.3600
246,257,2024-01-26 14:08:00,Mastercard,1319.4900
247,258,2024-01-26 15:33:00,Debit Card,140.0000
248,261,2024-01-27 10:52:00,Mastercard,91.0000
249,259,2024-01-27 10:59:00,Mastercard,326.4200
250,264,2024-01-27 12:11:00,Visa,544.5800
251,262,2024-01-27 12:13:00,Cash,188.7600
252,263,2024-01-27 12:39:00,Debit Card,133.9500
253,266,2024-01-27 13:35:00,Visa,348.6000
254,23,2024-01-27 14:58:00,ACH / Check,128.3500
255,265,2024-01-29 09:01:00,Mastercard,296.6600
256,268,2024-01-29 10:03:00,Visa,188.7600
257,274,2024-01-29 10:06:00,Debit Card,348.6000
258,273,2024-01-29 10:18:00,Visa,327.8500
259,270,2024-01-29 10:18:00,Debit Card,84.0000
260,267,2024-01-29 10:27:00,Visa,489.5300
261,275,2024-01-29 10:56:00,Debit Card,518.4300
262,269,2024-01-29 11:06:00,Visa,382.0400
263,272,2024-01-29 11:36:00,Discover,265.5200
264,271,2024-01-29 11:43:00,Cash,288.6200
265,276,2024-01-29 11:52:00,American Express,536.9300
266,280,2024-01-29 12:37:00,Visa,140.0000
267,279,2024-01-29 12:48:00,Debit Card,133.9500
268,157,2024-01-29 12:57:00,ACH / Check,176.2400
269,277,2024-01-29 13:45:00,Visa,317.4800
270,182,2024-01-29 14:00:00,ACH / Check,733.4500
271,282,2024-01-29 14:09:00,Debit Card,1453.1500
272,281,2024-01-29 14:31:00,Discover,133.9500
273,283,2024-01-29 15:43:00,Cash,159.8800
274,285,2024-01-29 16:15:00,Visa,133.9500
275,284,2024-01-29 16:33:00,Visa,243.8500
276,286,2024-01-30 09:22:00,American Express,322.7100
277,26,2024-01-30 10:24:00,ACH / Check,519.3800
278,287,2024-01-30 10:49:00,Debit Card,123.1300
279,289,2024-01-30 11:42:00,Debit Card,297.7100
280,288,2024-01-30 11:57:00,Debit Card,84.0000
281,295,2024-01-30 12:46:00,Mastercard,185.4600
282,292,2024-01-30 12:59:00,Debit Card,635.3900
283,293,2024-01-30 13:13:00,Mastercard,328.7600
284,291,2024-01-30 13:14:00,Mastercard,84.0000
285,290,2024-01-30 13:35:00,Visa,266.9500
286,297,2024-01-30 14:09:00,Visa,104.8400
287,294,2024-01-30 14:17:00,Debit Card,123.1300
288,296,2024-01-30 14:44:00,Mastercard,348.6000
289,298,2024-01-30 14:45:00,Debit Card,180.5300
290,299,2024-01-30 16:33:00,Debit Card,378.4300
291,301,2024-01-31 09:12:00,Cash,252.0000
292,300,2024-01-31 09:37:00,Debit Card,803.3900
293,302,2024-01-31 10:37:00,Mobile Wallet,123.1300
294,307,2024-01-31 11:09:00,Mobile Wallet,133.9500
295,303,2024-01-31 11:20:00,Visa,133.9500
296,306,2024-01-31 11:43:00,Cash,437.9800
297,308,2024-01-31 12:30:00,Cash,348.6000
298,310,2024-01-31 12:42:00,Cash,544.5800
299,311,2024-01-31 13:41:00,Cash,54.60
300,311,2024-01-31 13:42:00,Visa,185.9200
301,312,2024-01-31 14:10:00,American Express,189.0000
302,313,2024-01-31 16:20:00,American Express,133.9500
303,314,2024-01-31 17:15:00,Visa,203.9500
304,316,2024-02-01 09:54:00,Cash,140.0000
305,315,2024-02-01 09:56:00,Visa,341.3100
306,318,2024-02-01 10:37:00,Cash,111.30
307,318,2024-02-01 10:38:00,Mastercard,82.8700
308,317,2024-02-01 11:03:00,Visa,277.5500
309,321,2024-02-01 12:01:00,Cash,238.5000
310,323,2024-02-01 12:42:00,Mastercard,117.5300
311,322,2024-02-01 12:45:00,Mobile Wallet,471.6600
312,324,2024-02-01 12:56:00,Visa,628.5800
313,325,2024-02-01 13:58:00,American Express,293.8400
314,326,2024-02-01 15:56:00,Debit Card,512.9800
315,327,2024-02-01 16:14:00,American Express,713.2400
316,328,2024-02-02 08:43:00,Visa,254.6600
317,330,2024-02-02 08:50:00,Mastercard,123.8300
318,329,2024-02-02 09:17:00,American Express,433.5200
319,331,2024-02-02 10:27:00,Visa,104.8400
320,332,2024-02-02 10:59:00,Debit Card,117.5300
321,335,2024-02-02 11:26:00,Visa,541.0400
322,333,2024-02-02 11:44:00,Visa,265.5200
323,334,2024-02-02 12:07:00,Mastercard,84.0000
324,337,2024-02-02 12:10:00,Debit Card,405.5200
325,336,2024-02-02 13:31:00,Mastercard,133.9500
326,338,2024-02-02 13:53:00,Visa,224.0000
327,340,2024-02-02 14:20:00,Mobile Wallet,586.3600
328,341,2024-02-02 15:11:00,Discover,252.4700
329,339,2024-02-02 15:12:00,Mastercard,210.0000
330,344,2024-02-03 13:45:00,Mobile Wallet,104.8400
331,342,2024-02-05 08:54:00,Visa,517.8100
332,347,2024-02-05 09:19:00,Visa,735.3600
333,346,2024-02-05 09:46:00,Visa,349.5300
334,345,2024-02-05 09:56:00,Visa,123.1300
335,352,2024-02-05 10:18:00,Visa,123.1300
336,350,2024-02-05 10:25:00,Visa,394.6800
337,353,2024-02-05 10:28:00,American Express,287.9500
338,349,2024-02-05 11:10:00,Mastercard,238.7900
339,351,2024-02-05 12:17:00,Visa,133.9500
340,354,2024-02-05 12:44:00,Cash,189.0000
341,357,2024-02-05 13:43:00,Discover,254.6600
342,355,2024-02-05 13:54:00,Mobile Wallet,188.7600
343,7,2024-02-05 14:52:00,ACH / Check,306.4400
344,356,2024-02-05 14:53:00,Debit Card,544.5800
345,358,2024-02-05 15:39:00,Visa,273.9500
346,359,2024-02-05 16:29:00,Visa,755.0000
347,360,2024-02-05 17:28:00,Visa,123.1300
348,363,2024-02-06 09:10:00,Visa,133.9500
349,361,2024-02-06 09:40:00,Debit Card,278.7100
350,366,2024-02-06 10:02:00,Cash,322.7100
351,362,2024-02-06 10:06:00,American Express,133.9500
352,364,2024-02-06 10:17:00,American Express,133.9500
353,232,2024-02-06 11:04:00,ACH / Check,519.3800
354,367,2024-02-06 12:04:00,Mastercard,243.8500
355,368,2024-02-06 13:59:00,Cash,133.9500
356,370,2024-02-06 14:39:00,Visa,544.5800
357,369,2024-02-06 15:00:00,Mastercard,1249.4900
358,94,2024-02-06 15:12:00,ACH / Check,748.4700
359,373,2024-02-06 16:30:00,Mobile Wallet,637.6300
360,372,2024-02-06 16:57:00,Discover,133.9500
361,375,2024-02-07 10:13:00,Mastercard,1117.6800
362,376,2024-02-07 10:34:00,Cash,378.4300
363,374,2024-02-07 10:51:00,Mobile Wallet,159.8800
364,379,2024-02-07 11:05:00,Cash,217.9500
365,377,2024-02-07 11:07:00,Cash,566.2400
366,381,2024-02-07 11:38:00,Mastercard,133.9500
367,378,2024-02-07 12:10:00,Visa,123.1300
368,382,2024-02-07 12:17:00,Mastercard,104.8400
369,383,2024-02-07 12:29:00,Debit Card,406.4300
370,384,2024-02-08 08:19:00,Visa,420.8800
371,386,2024-02-08 10:54:00,Mobile Wallet,326.7900
372,385,2024-02-08 11:29:00,Cash,533.7600
373,387,2024-02-08 11:48:00,Mastercard,243.8500
374,389,2024-02-08 13:46:00,Cash,210.0000
375,388,2024-02-08 15:04:00,Debit Card,518.4300
376,390,2024-02-08 16:49:00,Mastercard,243.8500
377,392,2024-02-08 17:18:00,Mastercard,673.7600
378,391,2024-02-09 09:09:00,Mastercard,265.5200
379,393,2024-02-09 09:14:00,Debit Card,1036.8300
380,394,2024-02-09 12:43:00,Visa,243.8500
381,397,2024-02-09 15:36:00,Visa,354.5500
382,396,2024-02-09 16:31:00,Cash,1297.8600
383,398,2024-02-09 17:20:00,Visa,456.5500
384,260,2024-02-10 10:33:00,ACH / Check,128.3500
385,401,2024-02-10 10:40:00,Debit Card,382.0400
386,399,2024-02-10 10:48:00,Mastercard,123.1300
387,402,2024-02-10 10:58:00,American Express,917.1300
388,403,2024-02-10 11:17:00,Mobile Wallet,207.1300
389,407,2024-02-10 13:01:00,Debit Card,133.9500
390,404,2024-02-10 13:11:00,Discover,362.6000
391,408,2024-02-10 13:20:00,Visa,594.2400
392,409,2024-02-10 13:30:00,Discover,341.3100
393,163,2024-02-11 06:52:00,ACH / Check,227.0500
394,175,2024-02-11 09:18:00,ACH / Check,128.3500
395,251,2024-02-11 11:21:00,ACH / Check,356.8400
396,320,2024-02-11 11:30:00,ACH / Check,541.0400
397,410,2024-02-12 08:17:00,Cash,73.12
398,410,2024-02-12 08:18:00,Debit Card,60.8300
399,406,2024-02-12 09:56:00,Debit Card,566.2400
400,412,2024-02-12 10:14:00,Debit Card,789.5100
401,413,2024-02-12 11:28:00,Cash,111.43
402,413,2024-02-12 11:29:00,Mastercard,215.5000
403,414,2024-02-12 12:10:00,Mastercard,531.3500
404,417,2024-02-12 13:17:00,Visa,1222.5100
405,415,2024-02-12 14:06:00,Debit Card,399.1800
406,418,2024-02-12 14:15:00,Visa,267.6200
407,419,2024-02-12 14:49:00,Debit Card,188.7600
408,9,2024-02-12 14:51:00,ACH / Check,128.3500
409,420,2024-02-12 15:04:00,Mobile Wallet,755.0000
410,421,2024-02-12 15:31:00,Mastercard,743.7600
411,422,2024-02-12 16:29:00,Debit Card,638.5800
412,425,2024-02-12 17:22:00,Cash,490.8800
413,426,2024-02-13 09:10:00,Visa,250.8200
414,427,2024-02-13 09:39:00,Cash,140.0000
415,423,2024-02-13 10:23:00,Cash,271.35
416,423,2024-02-13 10:24:00,Visa,182.0900
417,424,2024-02-13 10:38:00,Debit Card,326.9300
418,430,2024-02-13 11:47:00,American Express,382.9200
419,428,2024-02-13 12:22:00,Mobile Wallet,174.8400
420,431,2024-02-13 12:45:00,Mobile Wallet,203.9500
421,429,2024-02-13 13:18:00,Visa,238.7900
422,432,2024-02-13 14:17:00,Mobile Wallet,194.1700
423,434,2024-02-13 14:21:00,Cash,842.2900
424,433,2024-02-13 14:56:00,Visa,629.2400
425,239,2024-02-13 15:41:00,ACH / Check,250.8200
426,436,2024-02-13 17:15:00,Mastercard,70.0000
427,438,2024-02-14 10:08:00,American Express,326.9300
428,439,2024-02-14 10:35:00,Mobile Wallet,159.8800
429,437,2024-02-14 10:48:00,Debit Card,140.0000
430,440,2024-02-14 12:49:00,Visa,133.9500
431,442,2024-02-14 14:01:00,Visa,194.1700
432,444,2024-02-14 15:23:00,Debit Card,544.5800
433,445,2024-02-14 16:06:00,American Express,322.7100
434,443,2024-02-14 16:32:00,Visa,1179.4900
435,446,2024-02-14 17:00:00,Visa,1214.4900
436,447,2024-02-15 08:49:00,Debit Card,357.9500
437,448,2024-02-15 09:40:00,Mastercard,406.4000
438,451,2024-02-15 09:46:00,Mastercard,238.7900
439,449,2024-02-15 09:47:00,Cash,105.0000
440,452,2024-02-15 10:34:00,Mastercard,437.9800
441,453,2024-02-15 10:46:00,Debit Card,238.7900
442,454,2024-02-15 12:23:00,American Express,133.9500
443,455,2024-02-15 12:37:00,Mastercard,117.3300
444,456,2024-02-15 13:11:00,Visa,907.2200
445,457,2024-02-15 14:30:00,Visa,70.0000
446,172,2024-02-15 15:18:00,ACH / Check,295.8500
447,458,2024-02-15 16:22:00,Visa,378.4300
448,459,2024-02-15 17:11:00,Mobile Wallet,482.5600
449,460,2024-02-16 10:20:00,Mastercard,104.8400
450,464,2024-02-16 12:51:00,Visa,133.9500
451,462,2024-02-16 13:29:00,Visa,91.0000
452,465,2024-02-16 13:50:00,Mastercard,133.9500
453,463,2024-02-16 14:11:00,Mastercard,375.7000
454,466,2024-02-16 14:24:00,Mobile Wallet,161.6600
455,467,2024-02-16 14:47:00,Debit Card,420.8800
456,469,2024-02-16 16:10:00,Cash,1036.8300
457,470,2024-02-16 16:25:00,Mobile Wallet,566.2400
458,472,2024-02-17 10:07:00,Cash,32.40
459,473,2024-02-17 10:07:00,Visa,84.0000
460,472,2024-02-17 10:08:00,Debit Card,101.5500
461,471,2024-02-17 10:26:00,Visa,1117.6800
462,475,2024-02-17 10:46:00,Visa,163.7000
463,468,2024-02-17 11:30:00,Visa,518.4300
464,476,2024-02-17 11:31:00,Visa,123.1300
465,205,2024-02-18 13:23:00,ACH / Check,128.3500
466,479,2024-02-19 08:06:00,Visa,243.8500
467,480,2024-02-19 09:36:00,Mastercard,133.9500
468,481,2024-02-19 11:08:00,Mastercard,544.5800
469,482,2024-02-19 11:40:00,Mastercard,133.9500
470,305,2024-02-19 11:56:00,ACH / Check,128.3500
471,483,2024-02-19 12:12:00,Visa,209.5300
472,488,2024-02-19 12:43:00,Discover,164.6000
473,490,2024-02-19 13:15:00,Mastercard,566.2400
474,486,2024-02-19 13:16:00,Visa,123.1300
475,484,2024-02-19 13:19:00,Debit Card,406.7100
476,380,2024-02-19 13:36:00,ACH / Check,1151.4900
477,487,2024-02-19 13:40:00,Cash,377.5900
478,493,2024-02-19 14:07:00,Debit Card,84.0000
479,489,2024-02-19 14:11:00,Mastercard,667.7100
480,492,2024-02-19 14:38:00,Visa,256.7900
481,491,2024-02-19 15:00:00,Mastercard,273.9500
482,495,2024-02-19 15:50:00,Visa,862.7600
483,496,2024-02-20 09:01:00,Cash,1117.6800
484,497,2024-02-20 09:51:00,Visa,690.9000
485,499,2024-02-20 10:36:00,Mastercard,128.3500
486,498,2024-02-20 10:44:00,Debit Card,287.6600
487,500,2024-02-20 10:57:00,Mastercard,285.8500
488,501,2024-02-20 12:00:00,Visa,217.9500
489,395,2024-02-20 13:01:00,ACH / Check,343.0000
490,502,2024-02-20 13:30:00,Mastercard,123.1300
491,503,2024-02-20 13:53:00,American Express,297.9800
492,504,2024-02-20 14:40:00,Visa,394.6600
493,506,2024-02-21 07:45:00,Mastercard,395.8900
494,505,2024-02-21 09:46:00,Mastercard,133.9500
495,309,2024-02-21 10:01:00,ACH / Check,128.3500
496,509,2024-02-21 14:02:00,Visa,401.6600
497,508,2024-02-21 14:07:00,Cash,630.4300
498,510,2024-02-21 14:31:00,Visa,250.8200
499,511,2024-02-21 14:34:00,Mastercard,541.0400
500,514,2024-02-21 16:05:00,Mastercard,133.9500
501,515,2024-02-21 16:11:00,Mastercard,123.1300
502,512,2024-02-21 17:15:00,Cash,290.2900
503,513,2024-02-21 17:29:00,American Express,140.9500
504,400,2024-02-22 07:51:00,ACH / Check,75.6000
505,520,2024-02-22 08:34:00,American Express,123.1300
506,516,2024-02-22 09:34:00,Mobile Wallet,140.0000
507,517,2024-02-22 09:53:00,Visa,209.5300
508,519,2024-02-22 10:00:00,Visa,133.9500
509,518,2024-02-22 10:15:00,Visa,629.2400
510,521,2024-02-22 11:03:00,Visa,133.9500
511,121,2024-02-22 11:56:00,ACH / Check,75.6000
512,522,2024-02-22 12:17:00,Debit Card,254.6800
513,524,2024-02-22 12:37:00,Cash,566.2400
514,525,2024-02-22 13:49:00,Visa,502.1100
515,523,2024-02-22 14:02:00,Mastercard,541.0400
516,527,2024-02-22 14:08:00,Mobile Wallet,123.1300
517,526,2024-02-22 14:10:00,American Express,123.1300
518,529,2024-02-22 15:19:00,Mastercard,690.9000
519,530,2024-02-22 15:44:00,American Express,243.8500
520,532,2024-02-23 08:29:00,Cash,533.7600
521,533,2024-02-23 08:51:00,Debit Card,133.9500
522,531,2024-02-23 08:56:00,Debit Card,583.4400
523,535,2024-02-23 11:11:00,Cash,1036.8300
524,541,2024-02-23 12:40:00,Mastercard,412.7600
525,95,2024-02-23 13:03:00,ACH / Check,648.3900
526,536,2024-02-23 13:09:00,Debit Card,217.9500
527,537,2024-02-23 13:21:00,Cash,70.0000
528,538,2024-02-23 13:32:00,Visa,566.2400
529,540,2024-02-23 13:34:00,Visa,406.4000
530,539,2024-02-23 13:36:00,Debit Card,541.0400
531,544,2024-02-23 14:04:00,Mastercard,123.1300
532,545,2024-02-23 14:08:00,Visa,256.7900
533,543,2024-02-23 14:09:00,Debit Card,566.2400
534,542,2024-02-23 14:20:00,Visa,267.6200
535,547,2024-02-23 14:54:00,Visa,84.0000
536,546,2024-02-23 15:46:00,Discover,610.9800
537,551,2024-02-24 10:17:00,Mobile Wallet,123.1300
538,549,2024-02-24 10:32:00,Mastercard,297.9800
539,548,2024-02-24 10:49:00,Visa,322.7100
540,552,2024-02-24 12:30:00,American Express,672.2400
541,554,2024-02-24 12:49:00,Debit Card,629.2400
542,555,2024-02-24 13:03:00,Mobile Wallet,111.8400
543,553,2024-02-24 13:43:00,Cash,566.2400
544,557,2024-02-24 13:48:00,Mastercard,283.6000
545,564,2024-02-26 09:58:00,Mastercard,326.9300
546,559,2024-02-26 10:02:00,Visa,133.9500
547,563,2024-02-26 10:11:00,Visa,264.8800
548,560,2024-02-26 10:20:00,Visa,631.7500
549,556,2024-02-26 10:38:00,Debit Card,140.0000
550,562,2024-02-26 11:16:00,Visa,104.8400
551,566,2024-02-26 11:21:00,Cash,108.74
552,566,2024-02-26 11:22:00,Debit Card,115.2600
553,565,2024-02-26 11:28:00,Debit Card,289.5400
554,567,2024-02-26 11:33:00,Visa,490.8800
555,128,2024-02-26 11:35:00,ACH / Check,645.3800
556,568,2024-02-26 11:58:00,Mastercard,193.1300
557,569,2024-02-26 12:19:00,Visa,235.3400
558,570,2024-02-26 14:42:00,Visa,252.4700
559,573,2024-02-26 15:17:00,Visa,372.4500
560,571,2024-02-26 15:52:00,Discover,464.6600
561,575,2024-02-26 16:37:00,Visa,453.3900
562,577,2024-02-26 16:48:00,American Express,182.1300
563,578,2024-02-26 16:54:00,Mastercard,312.0400
564,574,2024-02-26 17:08:00,Visa,140.0000
565,579,2024-02-27 08:07:00,Cash,240.5200
566,580,2024-02-27 09:14:00,Visa,1117.6800
567,582,2024-02-27 11:22:00,Mastercard,511.9300
568,581,2024-02-27 12:05:00,Mastercard,378.4300
569,583,2024-02-27 13:31:00,Debit Card,140.0000
570,585,2024-02-27 13:55:00,Mobile Wallet,133.6600
571,584,2024-02-27 14:14:00,Debit Card,123.1300
572,586,2024-02-27 14:35:00,Mobile Wallet,706.2400
573,590,2024-02-28 07:59:00,American Express,357.6600
574,348,2024-02-28 08:11:00,ACH / Check,128.3500
575,588,2024-02-28 09:19:00,Cash,349.5200
576,591,2024-02-28 10:03:00,Mobile Wallet,638.6000
577,589,2024-02-28 10:39:00,Visa,961.4300
578,592,2024-02-28 11:28:00,Visa,282.3300
579,594,2024-02-28 11:29:00,Mobile Wallet,378.4300
580,595,2024-02-28 13:01:00,Visa,470.8100
581,596,2024-02-28 14:33:00,Debit Card,537.3600
582,599,2024-02-28 14:50:00,Cash,75.32
583,599,2024-02-28 14:51:00,Mastercard,68.2800
584,597,2024-02-28 14:51:00,Visa,697.2200
585,598,2024-02-28 15:47:00,Visa,243.8500
586,600,2024-02-28 16:43:00,Cash,188.7600
587,603,2024-02-29 08:39:00,Mastercard,831.1800
588,601,2024-02-29 09:21:00,American Express,842.6500
589,605,2024-02-29 11:42:00,Mobile Wallet,275.7000
590,608,2024-02-29 13:30:00,Debit Card,123.1300
591,612,2024-02-29 14:10:00,Visa,453.3900
592,607,2024-02-29 14:11:00,Mastercard,406.4200
593,610,2024-02-29 14:19:00,Debit Card,541.2400
594,609,2024-02-29 14:35:00,Mastercard,456.1300
595,611,2024-02-29 14:56:00,Mastercard,1426.2200
596,613,2024-02-29 16:17:00,Mastercard,123.1300
597,614,2024-02-29 17:13:00,American Express,209.5300
598,616,2024-03-01 07:51:00,Cash,1060.5900
599,618,2024-03-01 11:28:00,Cash,123.1300
600,619,2024-03-01 12:07:00,Cash,366.9800
601,278,2024-03-01 14:11:00,ACH / Check,228.9900
602,622,2024-03-01 14:49:00,Mobile Wallet,273.9500
603,416,2024-03-01 15:01:00,ACH / Check,604.0400
604,621,2024-03-01 15:15:00,Mobile Wallet,694.8300
605,624,2024-03-01 16:25:00,Debit Card,507.3700
606,623,2024-03-01 16:35:00,Mastercard,544.5800
607,625,2024-03-02 08:19:00,Cash,131.31
608,625,2024-03-02 08:20:00,Mastercard,374.7400
609,304,2024-03-02 08:55:00,ACH / Check,128.3500
610,626,2024-03-02 08:59:00,Cash,133.9500
611,627,2024-03-02 10:05:00,Visa,117.5300
612,319,2024-03-02 10:47:00,ACH / Check,425.5800
613,628,2024-03-02 12:36:00,Mastercard,523.4400
614,630,2024-03-02 13:01:00,Mastercard,84.0000
615,629,2024-03-02 13:04:00,Debit Card,123.1300
616,435,2024-03-02 14:29:00,ACH / Check,519.3800
617,177,2024-03-03 10:10:00,ACH / Check,128.3500
618,631,2024-03-04 08:25:00,Mobile Wallet,265.5200
619,633,2024-03-04 11:01:00,Mobile Wallet,243.8500
620,635,2024-03-04 12:16:00,Debit Card,133.9500
621,636,2024-03-04 13:05:00,Debit Card,609.6300
622,640,2024-03-04 13:44:00,Mastercard,280.0000
623,641,2024-03-04 14:06:00,Debit Card,378.4300
624,643,2024-03-05 08:58:00,Mastercard,427.9500
625,646,2024-03-05 09:44:00,Visa,128.3500
626,642,2024-03-05 09:45:00,Visa,1356.9600
627,474,2024-03-05 10:00:00,ACH / Check,126.0000
628,644,2024-03-05 10:33:00,Debit Card,450.0500
629,647,2024-03-05 10:38:00,Discover,242.0400
630,645,2024-03-05 11:20:00,Cash,123.1300
631,650,2024-03-05 13:51:00,Mastercard,133.9500
632,648,2024-03-05 14:24:00,Visa,367.7100
633,651,2024-03-05 16:24:00,American Express,642.1100
634,654,2024-03-06 10:14:00,Visa,422.3200
635,652,2024-03-06 11:12:00,Mobile Wallet,636.2400
636,656,2024-03-06 13:14:00,Visa,203.9500
637,658,2024-03-06 13:37:00,Mastercard,217.9500
638,657,2024-03-06 14:05:00,Visa,133.9500
639,664,2024-03-06 15:13:00,Debit Card,308.7900
640,661,2024-03-06 15:26:00,Debit Card,297.9800
641,659,2024-03-06 15:38:00,Cash,329.1300
642,660,2024-03-06 15:53:00,Mastercard,642.6000
643,663,2024-03-06 16:16:00,Visa,75.6000
644,662,2024-03-06 16:51:00,Debit Card,343.9500
645,665,2024-03-07 09:27:00,Cash,690.9000
646,666,2024-03-07 09:57:00,Cash,242.0400
647,668,2024-03-07 10:21:00,Mobile Wallet,104.8400
648,670,2024-03-07 12:33:00,Mobile Wallet,217.9500
649,669,2024-03-07 13:36:00,Cash,163.7000
650,673,2024-03-07 14:18:00,Debit Card,143.6000
651,672,2024-03-07 14:19:00,Debit Card,194.1700
652,671,2024-03-07 14:24:00,Mastercard,429.1100
653,675,2024-03-07 15:49:00,Visa,631.7500
654,676,2024-03-07 16:31:00,Visa,135.2000
655,677,2024-03-07 17:10:00,American Express,1240.8000
656,678,2024-03-08 09:09:00,Visa,349.5300
657,679,2024-03-08 09:58:00,Debit Card,254.7000
658,681,2024-03-08 10:20:00,Discover,317.4800
659,680,2024-03-08 10:49:00,Mastercard,118.8400
660,684,2024-03-08 12:17:00,Visa,378.4300
661,682,2024-03-08 12:29:00,Mastercard,652.9800
662,685,2024-03-08 12:38:00,Visa,143.6000
663,683,2024-03-08 13:32:00,Cash,317.4800
664,686,2024-03-08 13:41:00,Mastercard,123.1300
665,687,2024-03-08 14:06:00,Mastercard,1476.1700
666,688,2024-03-08 14:22:00,Visa,628.6000
667,691,2024-03-08 15:58:00,Debit Card,328.7600
668,694,2024-03-08 17:11:00,Mastercard,614.5800
669,693,2024-03-08 17:19:00,Visa,1225.5900
670,696,2024-03-09 09:50:00,Visa,349.5300
671,699,2024-03-09 10:19:00,American Express,342.9600
672,365,2024-03-09 10:32:00,ACH / Check,63.0000
673,698,2024-03-09 10:52:00,Cash,311.8900
674,695,2024-03-09 11:13:00,Mobile Wallet,359.4800
675,700,2024-03-09 12:38:00,Debit Card,689.3700
676,343,2024-03-09 12:50:00,ACH / Check,355.4100
677,606,2024-03-10 11:28:00,ACH / Check,128.3500
678,702,2024-03-11 09:30:00,Debit Card,564.4600
679,405,2024-03-11 10:33:00,ACH / Check,248.7200
680,703,2024-03-11 10:37:00,American Express,194.1700
681,701,2024-03-11 10:52:00,Debit Card,123.1300
682,704,2024-03-11 11:45:00,Cash,263.1300
683,707,2024-03-11 12:47:00,Debit Card,237.8600
684,706,2024-03-11 12:58:00,Cash,543.3100
685,709,2024-03-11 13:03:00,Visa,133.9500
686,705,2024-03-11 13:15:00,Mastercard,2678.6900
687,711,2024-03-11 13:39:00,Visa,1319.4900
688,708,2024-03-11 14:06:00,American Express,370.3500
689,710,2024-03-11 14:23:00,Visa,444.9800
690,712,2024-03-11 15:33:00,Debit Card,629.2400
691,461,2024-03-12 07:18:00,ACH / Check,291.9900
692,714,2024-03-12 08:31:00,Mastercard,349.5200
693,717,2024-03-12 09:35:00,Cash,238.5000
694,715,2024-03-12 09:49:00,Mobile Wallet,394.6800
695,716,2024-03-12 10:08:00,Visa,842.6500
696,718,2024-03-12 10:58:00,Mobile Wallet,349.5200
697,720,2024-03-12 11:50:00,Mastercard,123.1300
698,719,2024-03-12 12:10:00,Visa,170.7000
699,721,2024-03-12 12:42:00,Cash,454.2700
700,722,2024-03-12 13:35:00,Debit Card,396.9300
701,723,2024-03-12 13:38:00,Cash,84.0000
702,725,2024-03-12 14:06:00,Mobile Wallet,358.4600
703,724,2024-03-12 15:09:00,Visa,533.7600
704,727,2024-03-12 15:16:00,Mobile Wallet,518.4300
705,728,2024-03-12 16:05:00,Debit Card,804.2400
706,726,2024-03-12 16:05:00,American Express,566.2400
707,602,2024-03-13 10:24:00,ACH / Check,135.2000
708,731,2024-03-13 11:01:00,Debit Card,84.0000
709,733,2024-03-13 12:48:00,American Express,278.1700
710,732,2024-03-13 14:04:00,Visa,123.1300
711,734,2024-03-13 14:04:00,Mastercard,289.5400
712,735,2024-03-13 14:43:00,Mastercard,353.4300
713,736,2024-03-13 15:18:00,Cash,326.9300
714,737,2024-03-13 15:20:00,Cash,133.6600
715,739,2024-03-13 15:39:00,Mastercard,63.0000
716,740,2024-03-13 15:40:00,Visa,879.6600
717,742,2024-03-14 08:49:00,Visa,254.6800
718,741,2024-03-14 09:18:00,Discover,607.5800
719,743,2024-03-14 11:08:00,Visa,133.9500
720,746,2024-03-14 11:25:00,Debit Card,72.3300
721,744,2024-03-14 11:28:00,Visa,84.0000
722,747,2024-03-14 12:17:00,Discover,842.6500
723,749,2024-03-14 13:24:00,Visa,348.6000
724,748,2024-03-14 14:25:00,Debit Card,1117.6800
725,752,2024-03-14 14:57:00,Debit Card,133.9500
726,751,2024-03-14 15:26:00,Cash,84.0000
727,615,2024-03-14 15:28:00,ACH / Check,950.0700
728,753,2024-03-14 16:39:00,Visa,541.0400
729,755,2024-03-15 08:22:00,Visa,207.1300
730,759,2024-03-15 10:39:00,Mastercard,133.9500
731,757,2024-03-15 10:40:00,Debit Card,159.8800
732,758,2024-03-15 11:15:00,Mastercard,133.9500
733,760,2024-03-15 13:00:00,Debit Card,265.5200
734,761,2024-03-15 13:11:00,Cash,471.6800
735,762,2024-03-15 14:02:00,Visa,349.5200
736,764,2024-03-15 14:04:00,American Express,690.9000
737,763,2024-03-15 14:08:00,Visa,235.3400
738,766,2024-03-15 14:30:00,Cash,128.3500
739,768,2024-03-15 15:57:00,Visa,235.3400
740,767,2024-03-15 16:20:00,Visa,566.2400
741,769,2024-03-15 17:01:00,Debit Card,566.2400
742,771,2024-03-16 10:07:00,Visa,217.9500
743,773,2024-03-16 10:45:00,Mobile Wallet,104.8400
744,775,2024-03-16 12:04:00,Visa,133.9500
745,774,2024-03-16 12:05:00,Visa,319.3400
746,550,2024-03-17 09:04:00,ACH / Check,128.3500
747,576,2024-03-17 16:49:00,ACH / Check,1297.8600
748,777,2024-03-18 10:16:00,Visa,433.5900
749,779,2024-03-18 11:03:00,American Express,252.4700
750,778,2024-03-18 12:40:00,Mastercard,561.7600
751,780,2024-03-18 12:58:00,Debit Card,133.9500
752,781,2024-03-18 13:26:00,American Express,133.9500
753,785,2024-03-18 14:31:00,Mastercard,978.5300
754,786,2024-03-18 14:35:00,Discover,652.9800
755,782,2024-03-18 14:43:00,Visa,853.9000
756,787,2024-03-18 14:45:00,Debit Card,383.8500
757,783,2024-03-18 14:55:00,Mobile Wallet,518.4300
758,784,2024-03-18 15:00:00,Debit Card,140.0000
759,789,2024-03-18 15:35:00,Cash,329.00
760,789,2024-03-18 15:36:00,Mastercard,313.1100
761,788,2024-03-18 16:34:00,Visa,133.9500
762,371,2024-03-18 16:42:00,ACH / Check,541.0400
763,793,2024-03-19 08:16:00,Visa,256.7900
764,792,2024-03-19 08:37:00,American Express,513.3000
765,795,2024-03-19 08:52:00,Mobile Wallet,104.8400
766,794,2024-03-19 09:24:00,Cash,123.1300
767,799,2024-03-19 09:26:00,Mastercard,135.2000
768,801,2024-03-19 10:00:00,Mastercard,188.7600
769,804,2024-03-19 11:06:00,Cash,348.6000
770,800,2024-03-19 11:29:00,Visa,133.9500
771,803,2024-03-19 11:29:00,Mastercard,254.6800
772,632,2024-03-19 11:58:00,ACH / Check,266.9500
773,808,2024-03-19 12:45:00,Visa,70.0000
774,806,2024-03-19 12:52:00,Visa,143.6000
775,809,2024-03-19 13:44:00,Visa,254.7000
776,807,2024-03-19 13:59:00,Mastercard,265.5200
777,810,2024-03-19 15:39:00,Visa,133.9500
778,811,2024-03-19 16:25:00,Debit Card,853.9000
779,812,2024-03-19 16:29:00,Debit Card,217.6600
780,813,2024-03-20 09:00:00,Cash,1476.1700
781,450,2024-03-20 10:08:00,ACH / Check,128.3500
782,815,2024-03-20 11:25:00,Discover,727.3400
783,817,2024-03-20 11:39:00,Cash,349.5200
784,814,2024-03-20 12:03:00,Mastercard,519.5800
785,818,2024-03-20 12:17:00,Debit Card,140.0000
786,816,2024-03-20 13:02:00,Mastercard,117.5300
787,820,2024-03-20 14:02:00,Debit Card,663.4400
788,822,2024-03-20 14:26:00,Debit Card,1277.4900
789,823,2024-03-20 15:22:00,Mastercard,245.6600
790,821,2024-03-20 15:51:00,Cash,84.0000
791,730,2024-03-20 17:05:00,ACH / Check,128.3500
792,824,2024-03-20 17:28:00,Mastercard,712.5800
793,827,2024-03-21 09:22:00,Debit Card,322.7100
794,825,2024-03-21 09:40:00,Debit Card,242.6200
795,826,2024-03-21 10:15:00,Visa,70.0000
796,828,2024-03-21 10:23:00,Mastercard,265.5200
797,649,2024-03-21 13:06:00,ACH / Check,571.5600
798,829,2024-03-21 13:51:00,Mobile Wallet,265.5200
799,832,2024-03-21 13:55:00,Discover,462.7100
800,833,2024-03-21 14:36:00,Mastercard,128.3500
801,830,2024-03-21 14:38:00,Mastercard,84.0000
802,831,2024-03-21 14:55:00,Mastercard,140.0000
803,834,2024-03-21 15:45:00,Visa,273.9500
804,835,2024-03-22 07:49:00,Mastercard,757.9800
805,839,2024-03-22 09:17:00,Visa,133.9500
806,836,2024-03-22 09:46:00,Debit Card,396.9900
807,837,2024-03-22 09:49:00,Debit Card,133.9500
808,842,2024-03-22 10:44:00,Debit Card,70.0000
809,840,2024-03-22 11:30:00,Visa,133.9500
810,841,2024-03-22 11:33:00,Mobile Wallet,242.0400
811,478,2024-03-22 11:59:00,ACH / Check,648.9000
812,845,2024-03-22 12:19:00,Discover,194.1700
813,494,2024-03-22 12:29:00,ACH / Check,254.3500
814,689,2024-03-22 12:42:00,ACH / Check,191.3500
815,843,2024-03-22 12:43:00,Visa,1036.8300
816,844,2024-03-22 12:57:00,Debit Card,130.1300
817,593,2024-03-22 13:00:00,ACH / Check,366.2300
818,846,2024-03-22 14:53:00,Mastercard,188.7600
819,850,2024-03-22 14:56:00,Debit Card,842.6500
820,847,2024-03-22 15:06:00,Debit Card,308.7900
821,848,2024-03-22 15:23:00,Mobile Wallet,254.6800
822,849,2024-03-22 15:51:00,Visa,311.8900
823,851,2024-03-22 16:22:00,Mastercard,133.9500
824,852,2024-03-23 08:47:00,Debit Card,1227.0900
825,853,2024-03-23 10:51:00,Cash,133.9500
826,620,2024-03-23 15:05:00,ACH / Check,100.6400
827,754,2024-03-24 13:03:00,ACH / Check,227.0500
828,477,2024-03-25 09:36:00,ACH / Check,423.2200
829,634,2024-03-25 09:44:00,ACH / Check,128.3500
830,856,2024-03-25 11:25:00,Visa,273.6600
831,857,2024-03-25 12:40:00,Debit Card,84.0000
832,858,2024-03-25 13:40:00,Cash,987.5600
833,860,2024-03-25 13:52:00,Mastercard,156.3300
834,862,2024-03-25 14:05:00,Visa,297.9800
835,861,2024-03-25 14:09:00,Mastercard,140.0000
836,411,2024-03-25 14:20:00,ACH / Check,541.0400
837,859,2024-03-25 14:34:00,Cash,343.1900
838,863,2024-03-25 15:07:00,Cash,133.9500
839,867,2024-03-25 15:20:00,Visa,123.1300
840,866,2024-03-25 15:20:00,Visa,805.9000
841,865,2024-03-25 15:54:00,Visa,133.6600
842,869,2024-03-25 16:07:00,Cash,307.0500
843,868,2024-03-25 16:27:00,American Express,133.9500
844,870,2024-03-26 08:39:00,Visa,650.2400
845,873,2024-03-26 09:55:00,Visa,544.5800
846,874,2024-03-26 10:23:00,Mobile Wallet,123.1300
847,876,2024-03-26 11:42:00,Discover,122.4600
848,875,2024-03-26 11:46:00,Visa,123.1300
849,878,2024-03-26 12:28:00,Visa,203.6600
850,879,2024-03-26 13:25:00,Visa,133.9500
851,485,2024-03-26 13:34:00,ACH / Check,126.0000
852,877,2024-03-26 13:39:00,Debit Card,123.1300
853,881,2024-03-26 14:23:00,Mastercard,481.3100
854,882,2024-03-26 14:57:00,Visa,133.9500
855,885,2024-03-26 15:07:00,Mastercard,690.9000
856,884,2024-03-26 15:58:00,Visa,128.3500
857,883,2024-03-26 16:05:00,Visa,70.0000
858,886,2024-03-26 16:37:00,Cash,593.3900
859,776,2024-03-27 07:21:00,ACH / Check,128.3500
860,888,2024-03-27 08:23:00,Mastercard,743.7600
861,887,2024-03-27 09:01:00,Mobile Wallet,198.3300
862,889,2024-03-27 09:34:00,Mastercard,133.6600
863,528,2024-03-27 11:43:00,ACH / Check,128.3500
864,441,2024-03-27 13:16:00,ACH / Check,324.3200
865,891,2024-03-27 14:04:00,Visa,235.3400
866,894,2024-03-27 15:43:00,Mobile Wallet,326.9300
867,892,2024-03-27 15:48:00,Cash,174.8400
868,895,2024-03-27 16:28:00,Cash,273.6600
869,897,2024-03-28 07:48:00,Visa,606.1000
870,898,2024-03-28 09:18:00,Visa,343.6600
871,899,2024-03-28 10:20:00,Visa,117.5300
872,901,2024-03-28 10:51:00,Mastercard,265.5200
873,903,2024-03-28 14:18:00,Discover,122.4600
874,904,2024-03-28 14:54:00,Debit Card,483.1800
875,902,2024-03-28 15:03:00,American Express,348.6000
876,905,2024-03-28 15:18:00,Visa,133.9500
877,906,2024-03-28 15:21:00,Cash,133.6600
878,908,2024-03-28 16:29:00,Mastercard,544.5800
879,907,2024-03-28 16:40:00,Discover,482.5600
880,909,2024-03-29 08:15:00,Visa,748.2400
881,797,2024-03-29 09:13:00,ACH / Check,128.3500
882,911,2024-03-29 09:26:00,Visa,70.0000
883,910,2024-03-29 10:12:00,Mastercard,84.0000
884,791,2024-03-29 12:40:00,ACH / Check,519.3800
885,912,2024-03-29 13:32:00,Visa,70.0000
886,729,2024-03-29 15:28:00,ACH / Check,250.8200
887,914,2024-03-29 15:49:00,American Express,842.6500
888,915,2024-03-29 15:50:00,Mastercard,593.3900
889,917,2024-03-29 16:41:00,Mastercard,130.1300
890,916,2024-03-29 16:41:00,Mastercard,322.7100
891,534,2024-03-30 10:29:00,ACH / Check,176.2400
892,918,2024-03-30 11:00:00,American Express,322.7100
893,919,2024-03-30 12:26:00,Cash,359.4800
894,638,2024-03-30 14:20:00,ACH / Check,128.3500
895,587,2024-03-30 14:24:00,ACH / Check,128.3500
896,692,2024-03-30 14:29:00,ACH / Check,571.5600
897,507,2024-03-31 10:52:00,ACH / Check,248.7200
898,572,2024-03-31 14:05:00,ACH / Check,541.0400
899,920,2024-04-01 07:45:00,Debit Card,545.4400
900,923,2024-04-01 08:03:00,Visa,461.6100
901,637,2024-04-01 08:58:00,ACH / Check,237.8800
902,925,2024-04-01 10:57:00,American Express,308.7900
903,926,2024-04-01 11:23:00,Mobile Wallet,70.0000
904,927,2024-04-01 11:23:00,Visa,140.0000
905,930,2024-04-01 13:20:00,Mastercard,242.0400
906,932,2024-04-01 14:18:00,Mobile Wallet,341.3100
907,931,2024-04-01 15:06:00,Mobile Wallet,493.5100
908,933,2024-04-01 15:15:00,Cash,254.6600
909,934,2024-04-01 16:10:00,Mobile Wallet,269.6000
910,936,2024-04-01 16:50:00,Mastercard,516.8800
911,937,2024-04-01 16:54:00,Debit Card,210.0000
912,935,2024-04-01 17:07:00,Visa,368.5500
913,561,2024-04-02 06:33:00,ACH / Check,75.6000
914,772,2024-04-02 08:30:00,ACH / Check,248.7200
915,941,2024-04-02 09:04:00,Visa,671.0800
916,940,2024-04-02 09:27:00,Visa,133.9500
917,942,2024-04-02 10:17:00,Debit Card,1117.6800
918,943,2024-04-02 10:23:00,American Express,250.8200
919,939,2024-04-02 10:34:00,Mastercard,203.6600
920,945,2024-04-02 10:51:00,Discover,84.0000
921,946,2024-04-02 12:02:00,Visa,321.3300
922,944,2024-04-02 12:34:00,Cash,272.7600
923,948,2024-04-02 12:47:00,Visa,104.8400
924,947,2024-04-02 13:09:00,Mobile Wallet,280.0000
925,951,2024-04-02 13:53:00,Debit Card,133.9500
926,950,2024-04-02 14:55:00,Visa,133.9500
927,949,2024-04-02 15:05:00,Mobile Wallet,270.3400
928,953,2024-04-02 17:04:00,Mobile Wallet,577.4800
929,798,2024-04-03 06:36:00,ACH / Check,363.8800
930,954,2024-04-03 11:12:00,Visa,133.9500
931,955,2024-04-03 11:33:00,Cash,263.1300
932,957,2024-04-03 12:18:00,Visa,431.9400
933,790,2024-04-03 12:53:00,ACH / Check,508.5600
934,959,2024-04-03 13:16:00,Debit Card,210.0000
935,958,2024-04-03 13:36:00,Visa,513.6200
936,674,2024-04-03 13:48:00,ACH / Check,237.8800
937,960,2024-04-03 13:58:00,Mastercard,203.9500
938,961,2024-04-03 14:56:00,Debit Card,133.9500
939,962,2024-04-03 15:29:00,Discover,383.6300
940,963,2024-04-03 15:40:00,Mobile Wallet,566.2400
941,966,2024-04-03 16:36:00,Debit Card,104.8400
942,967,2024-04-03 16:58:00,Cash,328.7600
943,964,2024-04-03 17:00:00,Mastercard,143.6000
944,968,2024-04-03 17:23:00,Cash,370.3500
945,653,2024-04-04 06:15:00,ACH / Check,797.5800
946,617,2024-04-04 06:33:00,ACH / Check,128.3500
947,970,2024-04-04 07:51:00,Debit Card,672.2200
948,969,2024-04-04 08:33:00,Debit Card,689.3700
949,971,2024-04-04 10:08:00,Mobile Wallet,278.7100
950,972,2024-04-04 10:18:00,Mastercard,174.8400
951,973,2024-04-04 11:17:00,Debit Card,326.9300
952,974,2024-04-04 14:20:00,Visa,194.1700
953,976,2024-04-04 14:52:00,Mastercard,328.7600
954,980,2024-04-04 16:32:00,Mastercard,424.1000
955,979,2024-04-04 16:55:00,Discover,152.8800
956,977,2024-04-05 08:33:00,Debit Card,140.0000
957,978,2024-04-05 09:01:00,Mobile Wallet,210.0000
958,986,2024-04-05 10:22:00,Mastercard,128.3500
959,981,2024-04-05 10:30:00,Debit Card,203.6600
960,987,2024-04-05 11:06:00,Mobile Wallet,194.1700
961,988,2024-04-05 11:59:00,Visa,671.0800
962,990,2024-04-05 12:35:00,Cash,725.2200
963,989,2024-04-05 12:46:00,Mastercard,254.6800
964,992,2024-04-05 13:34:00,American Express,337.6200
965,991,2024-04-05 13:41:00,Cash,842.6500
966,993,2024-04-05 14:53:00,Visa,180.1700
967,994,2024-04-05 15:43:00,Debit Card,412.5300
968,995,2024-04-05 17:15:00,Mastercard,482.2700
969,996,2024-04-05 17:20:00,Mobile Wallet,104.8400
970,997,2024-04-06 08:38:00,Debit Card,1356.9600
971,998,2024-04-06 10:53:00,Visa,133.9500
972,999,2024-04-06 11:22:00,Mastercard,541.0400
973,1001,2024-04-06 12:11:00,Debit Card,140.0000
974,1002,2024-04-06 13:49:00,Mastercard,282.3300
975,604,2024-04-07 07:40:00,ACH / Check,75.6000
976,855,2024-04-07 10:10:00,ACH / Check,356.7800
977,558,2024-04-07 10:24:00,ACH / Check,128.3500
978,690,2024-04-07 12:16:00,ACH / Check,128.3500
979,1004,2024-04-08 09:01:00,Mobile Wallet,783.4700
980,1005,2024-04-08 09:19:00,Debit Card,133.9500
981,1007,2024-04-08 10:25:00,Mastercard,235.3400
982,1009,2024-04-08 10:41:00,Mobile Wallet,133.9500
983,1008,2024-04-08 11:33:00,Visa,123.1300
984,1011,2024-04-08 12:16:00,Debit Card,482.7600
985,1012,2024-04-08 14:00:00,Visa,210.0000
986,1013,2024-04-08 14:40:00,Mastercard,642.1100
987,1016,2024-04-08 15:55:00,Cash,449.53
988,1016,2024-04-08 15:56:00,Debit Card,404.3700
989,1015,2024-04-08 16:24:00,Visa,243.8800
990,1021,2024-04-09 08:49:00,Cash,104.8400
991,802,2024-04-09 08:57:00,ACH / Check,235.6700
992,1018,2024-04-09 09:26:00,Visa,566.2400
993,1023,2024-04-09 09:27:00,Visa,217.6600
994,1020,2024-04-09 09:43:00,Mastercard,566.2400
995,1024,2024-04-09 10:50:00,Debit Card,188.7600
996,1022,2024-04-09 10:51:00,Visa,867.4700
997,1025,2024-04-09 10:52:00,Debit Card,193.1300
998,1028,2024-04-09 11:58:00,Mastercard,133.9500
999,1026,2024-04-09 12:04:00,American Express,140.0000
1000,1027,2024-04-09 12:24:00,Mobile Wallet,133.9500
1001,1029,2024-04-09 13:14:00,American Express,84.0000
1002,1030,2024-04-09 14:11:00,American Express,326.9300
1003,750,2024-04-09 14:33:00,ACH / Check,446.9800
1004,639,2024-04-09 14:38:00,ACH / Check,366.1100
1005,1032,2024-04-09 16:03:00,Cash,348.6000
1006,1033,2024-04-09 16:43:00,Cash,363.7600
1007,655,2024-04-10 08:36:00,ACH / Check,128.3500
1008,1035,2024-04-10 11:16:00,Visa,133.9500
1009,1036,2024-04-10 11:23:00,Visa,420.8800
1010,1039,2024-04-10 12:32:00,Mastercard,1679.8300
1011,1040,2024-04-10 12:53:00,Visa,238.5000
1012,1041,2024-04-10 14:28:00,Visa,326.9300
1013,1044,2024-04-11 09:47:00,Visa,128.3500
1014,1043,2024-04-11 10:18:00,Cash,135.62
1015,1043,2024-04-11 10:19:00,Visa,376.7700
1016,1047,2024-04-11 10:56:00,Debit Card,84.0000
1017,1045,2024-04-11 11:22:00,Visa,361.6300
1018,1049,2024-04-11 11:27:00,Visa,267.6200
1019,1046,2024-04-11 11:33:00,Mobile Wallet,669.2200
1020,1048,2024-04-11 13:22:00,Mobile Wallet,235.3400
1021,1053,2024-04-11 13:34:00,Mobile Wallet,481.4400
1022,1052,2024-04-11 13:41:00,Debit Card,1036.8300
1023,1051,2024-04-11 14:00:00,Visa,699.9100
1024,1056,2024-04-11 15:14:00,Visa,1117.6800
1025,1054,2024-04-11 15:32:00,Visa,133.9500
1026,1058,2024-04-11 17:04:00,Debit Card,248.7200
1027,1060,2024-04-12 10:34:00,Visa,244.8400
1028,1059,2024-04-12 10:49:00,Mobile Wallet,133.9500
1029,1063,2024-04-12 11:13:00,Debit Card,123.1300
1030,1062,2024-04-12 11:27:00,Mobile Wallet,795.9000
1031,1064,2024-04-12 13:27:00,Debit Card,123.1300
1032,1068,2024-04-12 15:27:00,Mastercard,242.0400
1033,1066,2024-04-12 15:49:00,Mastercard,566.2400
1034,1067,2024-04-12 16:06:00,Mastercard,194.1700
1035,984,2024-04-13 10:08:00,ACH / Check,128.3500
1036,922,2024-04-13 11:05:00,ACH / Check,329.9500
1037,1071,2024-04-13 11:16:00,Mobile Wallet,371.1900
1038,1069,2024-04-13 11:33:00,American Express,84.0000
1039,1070,2024-04-13 12:29:00,Mastercard,70.0000
1040,952,2024-04-13 15:21:00,ACH / Check,250.8200
1041,1075,2024-04-15 09:15:00,Mastercard,133.9500
1042,1076,2024-04-15 10:19:00,Mastercard,378.4300
1043,1073,2024-04-15 10:21:00,Mastercard,329.5500
1044,1081,2024-04-15 10:48:00,Cash,193.1300
1045,1074,2024-04-15 10:58:00,Mobile Wallet,133.9500
1046,1080,2024-04-15 11:05:00,Mastercard,123.1300
1047,1084,2024-04-15 11:50:00,Cash,483.1800
1048,1078,2024-04-15 11:56:00,Mastercard,188.8400
1049,1077,2024-04-15 12:09:00,Mastercard,133.9500
1050,1082,2024-04-15 12:20:00,Debit Card,424.1000
1051,1079,2024-04-15 12:26:00,Mastercard,122.4600
1052,1083,2024-04-15 13:16:00,Visa,140.0000
1053,1087,2024-04-15 15:18:00,Visa,235.3400
1054,1086,2024-04-15 15:20:00,Mobile Wallet,395.8900
1055,1089,2024-04-15 16:00:00,Cash,123.1300
1056,1088,2024-04-15 16:24:00,Visa,378.5000
1057,1090,2024-04-16 09:35:00,Visa,285.8500
1058,1091,2024-04-16 10:17:00,Mastercard,566.2400
1059,1092,2024-04-16 11:02:00,Debit Card,2838.5700
1060,1093,2024-04-16 11:25:00,Visa,140.0000
1061,1094,2024-04-16 12:06:00,Visa,133.9500
1062,1097,2024-04-16 12:40:00,Discover,343.0000
1063,1095,2024-04-16 13:00:00,Visa,238.7900
1064,1096,2024-04-16 13:24:00,Mastercard,349.5300
1065,1100,2024-04-16 14:16:00,Visa,1381.8600
1066,1098,2024-04-16 14:41:00,Cash,39.45
1067,1098,2024-04-16 14:42:00,Debit Card,30.5500
1068,1101,2024-04-16 15:17:00,Mastercard,1381.8600
1069,1103,2024-04-16 17:08:00,American Express,354.5500
1070,1104,2024-04-17 08:41:00,Visa,210.0000
1071,1105,2024-04-17 10:39:00,Mastercard,327.6300
1072,1106,2024-04-17 10:58:00,Visa,273.9500
1073,1110,2024-04-17 11:34:00,Mastercard,406.7100
1074,1109,2024-04-17 12:44:00,Cash,243.8500
1075,1111,2024-04-17 12:46:00,Mastercard,532.9200
1076,1108,2024-04-17 12:50:00,Visa,123.1300
1077,1112,2024-04-17 14:10:00,Debit Card,1201.6800
1078,1114,2024-04-17 14:31:00,American Express,639.5200
1079,1113,2024-04-17 15:21:00,Mastercard,238.7900
1080,1115,2024-04-17 15:57:00,Visa,326.9300
1081,1117,2024-04-17 16:25:00,Mobile Wallet,242.0400
1082,1116,2024-04-18 08:12:00,Debit Card,242.0400
1083,1118,2024-04-18 09:00:00,Cash,140.0000
1084,985,2024-04-18 09:11:00,ACH / Check,128.3500
1085,900,2024-04-18 09:36:00,ACH / Check,519.3800
1086,1010,2024-04-18 10:21:00,ACH / Check,126.0000
1087,819,2024-04-18 10:53:00,ACH / Check,75.6000
1088,1121,2024-04-18 11:40:00,Discover,281.8600
1089,1120,2024-04-18 12:04:00,Mastercard,684.5800
1090,1122,2024-04-18 13:27:00,Visa,70.0000
1091,1128,2024-04-18 13:37:00,Mastercard,340.5500
1092,1130,2024-04-18 13:49:00,Debit Card,297.9800
1093,1123,2024-04-18 14:00:00,Mastercard,280.0000
1094,1127,2024-04-18 14:11:00,Mastercard,400.3900
1095,1131,2024-04-18 14:19:00,Cash,349.5300
1096,1129,2024-04-18 14:47:00,American Express,123.1300
1097,1126,2024-04-18 15:16:00,Visa,907.2200
1098,1132,2024-04-18 16:19:00,Visa,242.0400
1099,1134,2024-04-19 07:48:00,Visa,453.3900
1100,1136,2024-04-19 08:20:00,Cash,224.0000
1101,756,2024-04-19 09:22:00,ACH / Check,431.0100
1102,1135,2024-04-19 10:17:00,Mastercard,84.0000
1103,1137,2024-04-19 10:36:00,Debit Card,123.1300
1104,1133,2024-04-19 10:48:00,Cash,65.60
1105,1133,2024-04-19 10:49:00,Debit Card,233.4000
1106,1138,2024-04-19 10:59:00,American Express,100.6400
1107,1140,2024-04-19 12:23:00,Visa,326.9300
1108,1142,2024-04-19 13:01:00,Debit Card,126.0000
1109,1141,2024-04-19 13:27:00,Visa,533.7600
1110,1143,2024-04-19 14:05:00,Mastercard,210.0000
1111,770,2024-04-19 14:14:00,ACH / Check,126.0000
1112,1144,2024-04-19 14:21:00,Visa,210.0000
1113,1145,2024-04-19 15:37:00,Debit Card,221.3400
1114,1147,2024-04-19 16:44:00,Mobile Wallet,572.5000
1115,1034,2024-04-20 06:45:00,ACH / Check,640.2200
1116,1148,2024-04-20 08:36:00,Mastercard,823.0400
1117,1149,2024-04-20 10:57:00,Cash,133.9500
1118,1150,2024-04-20 11:28:00,Visa,297.9800
1119,1151,2024-04-20 13:24:00,Mastercard,226.6400
1120,929,2024-04-20 13:33:00,ACH / Check,128.3500
1121,805,2024-04-21 08:26:00,ACH / Check,128.3500
1122,745,2024-04-21 08:36:00,ACH / Check,128.3500
1123,667,2024-04-21 11:46:00,ACH / Check,648.9000
1124,913,2024-04-21 15:06:00,ACH / Check,75.6000
1125,713,2024-04-21 16:46:00,ACH / Check,128.3500
1126,1157,2024-04-22 08:45:00,Mastercard,140.0000
1127,1156,2024-04-22 09:08:00,American Express,295.8500
1128,1153,2024-04-22 09:24:00,Visa,394.6800
1129,1154,2024-04-22 10:10:00,Debit Card,235.3400
1130,1152,2024-04-22 10:11:00,Debit Card,577.9800
1131,1155,2024-04-22 10:48:00,Cash,123.1300
1132,1158,2024-04-22 11:13:00,Mastercard,84.0000
1133,697,2024-04-22 11:24:00,ACH / Check,138.6000
1134,1159,2024-04-22 11:31:00,Mastercard,324.3200
1135,1160,2024-04-22 12:11:00,Cash,133.9500
1136,1161,2024-04-22 12:51:00,Visa,123.1300
1137,896,2024-04-22 14:05:00,ACH / Check,266.9500
1138,1165,2024-04-22 14:12:00,Visa,70.0000
1139,1162,2024-04-22 15:01:00,Debit Card,84.0000
1140,1164,2024-04-22 15:06:00,Debit Card,175.0000
1141,1163,2024-04-22 15:11:00,Visa,536.9300
1142,1057,2024-04-22 15:14:00,ACH / Check,128.3500
1143,1166,2024-04-22 16:08:00,Cash,326.9300
1144,1168,2024-04-22 16:31:00,Discover,348.6000
1145,838,2024-04-23 07:00:00,ACH / Check,128.3500
1146,1170,2024-04-23 09:08:00,Debit Card,1036.8300
1147,1169,2024-04-23 09:32:00,Debit Card,154.0000
1148,1173,2024-04-23 09:39:00,Mastercard,123.1300
1149,1037,2024-04-23 10:25:00,ACH / Check,75.6000
1150,1175,2024-04-23 10:33:00,Mastercard,193.1300
1151,1174,2024-04-23 11:04:00,Visa,123.1300
1152,1172,2024-04-23 11:06:00,Visa,519.5800
1153,864,2024-04-23 11:33:00,ACH / Check,198.3300
1154,1178,2024-04-23 14:41:00,Visa,193.1300
1155,1176,2024-04-23 15:18:00,Mastercard,378.4300
1156,1180,2024-04-23 15:56:00,Mastercard,690.9000
1157,1179,2024-04-23 16:18:00,Mastercard,566.2400
1158,1182,2024-04-24 09:00:00,Discover,70.0000
1159,1181,2024-04-24 10:03:00,Visa,371.7900
1160,1185,2024-04-24 11:13:00,Debit Card,348.6000
1161,1183,2024-04-24 11:39:00,Mastercard,273.9500
1162,1186,2024-04-24 12:14:00,Mobile Wallet,490.8800
1163,1187,2024-04-24 12:16:00,Cash,429.1100
1164,1188,2024-04-24 14:33:00,Visa,637.6300
1165,1189,2024-04-24 14:57:00,Debit Card,593.3900
1166,871,2024-04-24 15:09:00,ACH / Check,228.9900
1167,1190,2024-04-24 15:42:00,American Express,554.5400
1168,965,2024-04-24 17:53:00,ACH / Check,343.0000
1169,1192,2024-04-25 07:52:00,Visa,326.9300
1170,1191,2024-04-25 08:03:00,Visa,84.0000
1171,928,2024-04-25 08:35:00,ACH / Check,128.3500
1172,1193,2024-04-25 09:01:00,Cash,140.0000
1173,1195,2024-04-25 09:49:00,Mastercard,143.6000
1174,1197,2024-04-25 10:37:00,Mastercard,558.6000
1175,1196,2024-04-25 11:08:00,Discover,104.8400
1176,1107,2024-04-25 11:58:00,ACH / Check,128.3500
1177,1198,2024-04-25 12:50:00,Visa,544.5800
1178,1199,2024-04-25 13:33:00,Debit Card,142.3300
1179,1202,2024-04-25 14:53:00,Cash,411.8900
1180,1201,2024-04-25 15:00:00,Mobile Wallet,394.6800
1181,1200,2024-04-25 15:06:00,Mastercard,348.6000
1182,1204,2024-04-25 16:02:00,Mastercard,235.3400
1183,765,2024-04-25 16:35:00,ACH / Check,508.5600
1184,1203,2024-04-25 16:47:00,Mastercard,273.9500
1185,1205,2024-04-25 17:12:00,Visa,188.8400
1186,982,2024-04-26 09:37:00,ACH / Check,128.3500
1187,796,2024-04-26 10:41:00,ACH / Check,406.0000
1188,1207,2024-04-26 11:00:00,Mastercard,396.9300
1189,1208,2024-04-26 11:31:00,Discover,133.9500
1190,738,2024-04-26 11:51:00,ACH / Check,389.6000
1191,1209,2024-04-26 11:54:00,Debit Card,70.0000
1192,1212,2024-04-26 14:06:00,Visa,440.6100
1193,1213,2024-04-26 15:13:00,Cash,637.6300
1194,1216,2024-04-26 16:23:00,Debit Card,227.6000
1195,1215,2024-04-26 16:43:00,Mobile Wallet,1650.5500
1196,1217,2024-04-26 17:29:00,Visa,243.8500
1197,1061,2024-04-27 07:37:00,ACH / Check,423.4700
1198,1219,2024-04-27 10:46:00,Visa,133.9500
1199,1222,2024-04-27 11:18:00,Visa,480.5400
1200,1220,2024-04-27 11:22:00,Mastercard,133.9500
1201,1221,2024-04-27 12:05:00,Cash,568.3900
1202,1223,2024-04-27 12:34:00,Debit Card,123.1300
1203,1224,2024-04-27 13:59:00,Mobile Wallet,389.3400
1204,872,2024-04-27 14:24:00,ACH / Check,300.6800
1205,880,2024-04-28 10:11:00,ACH / Check,616.6400
1206,956,2024-04-28 12:58:00,ACH / Check,303.1100
1207,1225,2024-04-29 07:46:00,Debit Card,1306.4300
1208,1229,2024-04-29 09:34:00,Visa,188.8400
1209,1227,2024-04-29 09:54:00,Debit Card,327.8500
1210,1230,2024-04-29 10:07:00,Debit Card,140.0000
1211,1228,2024-04-29 10:07:00,Debit Card,207.1300
1212,1226,2024-04-29 10:32:00,Visa,566.2400
1213,1231,2024-04-29 11:46:00,Mastercard,265.5200
1214,1232,2024-04-29 12:01:00,American Express,334.1700
1215,1233,2024-04-29 12:54:00,American Express,412.7600
1216,1234,2024-04-29 13:53:00,Mobile Wallet,490.8800
1217,1125,2024-04-29 14:43:00,ACH / Check,250.8200
1218,1237,2024-04-29 15:08:00,Cash,209.5300
1219,1240,2024-04-29 16:33:00,Debit Card,706.2400
1220,1239,2024-04-29 16:37:00,American Express,691.5800
1221,1243,2024-04-30 08:40:00,Debit Card,252.4700
1222,1242,2024-04-30 09:07:00,Mobile Wallet,630.4300
1223,1139,2024-04-30 09:08:00,ACH / Check,128.3500
1224,1245,2024-04-30 10:10:00,Visa,133.9500
1225,1241,2024-04-30 11:10:00,Visa,607.5800
1226,1247,2024-04-30 11:18:00,Mobile Wallet,328.7600
1227,1250,2024-04-30 13:02:00,Visa,140.0000
1228,1249,2024-04-30 14:03:00,Debit Card,501.6500
1229,1252,2024-04-30 15:50:00,American Express,326.9300
1230,1031,2024-04-30 16:06:00,ACH / Check,616.6400
1231,1017,2024-04-30 16:09:00,ACH / Check,340.5500
1232,1251,2024-04-30 16:29:00,Cash,248.7200
1233,1253,2024-04-30 16:49:00,Visa,430.8000
1234,1256,2024-05-01 09:43:00,American Express,104.8400
1235,1254,2024-05-01 09:54:00,Debit Card,293.5900
1236,1255,2024-05-01 10:18:00,Debit Card,258.7600
1237,1258,2024-05-01 10:44:00,Visa,188.8400
1238,1257,2024-05-01 11:11:00,Visa,174.7600
1239,1259,2024-05-01 11:33:00,Visa,138.6000
1240,890,2024-05-01 12:33:00,ACH / Check,980.8300
1241,1260,2024-05-01 14:44:00,Cash,536.9300
1242,1262,2024-05-01 15:26:00,Cash,418.6000
1243,1263,2024-05-01 16:08:00,Visa,467.8300
1244,1264,2024-05-01 17:13:00,Mobile Wallet,537.3600
1245,1266,2024-05-02 09:24:00,Cash,388.3200
1246,1265,2024-05-02 09:39:00,Discover,210.0000
1247,1268,2024-05-02 10:30:00,Mobile Wallet,302.9900
1248,1269,2024-05-02 11:17:00,Debit Card,159.8800
1249,1267,2024-05-02 11:36:00,Visa,252.4700
1250,1270,2024-05-02 12:30:00,Visa,133.9500
1251,1273,2024-05-02 13:27:00,Debit Card,430.8000
1252,1274,2024-05-02 13:31:00,Cash,247.88
1253,1274,2024-05-02 13:32:00,Debit Card,323.8800
1254,893,2024-05-02 13:42:00,ACH / Check,126.0000
1255,1271,2024-05-02 14:08:00,Visa,140.0000
1256,1275,2024-05-02 16:07:00,Mastercard,502.1100
1257,1278,2024-05-02 16:29:00,Cash,566.1000
1258,1177,2024-05-02 16:44:00,ACH / Check,126.0000
1259,1276,2024-05-02 16:44:00,Cash,328.7600
1260,1280,2024-05-03 07:54:00,Cash,684.5800
1261,1282,2024-05-03 09:59:00,Cash,256.7900
1262,1279,2024-05-03 10:49:00,Mastercard,715.5800
1263,1283,2024-05-03 11:07:00,Visa,133.9500
1264,1284,2024-05-03 11:15:00,Debit Card,133.9500
1265,1102,2024-05-03 14:04:00,ACH / Check,174.7600
1266,1286,2024-05-03 14:28:00,Mastercard,340.1700
1267,1289,2024-05-03 15:37:00,American Express,210.0000
1268,1287,2024-05-03 15:59:00,American Express,1251.3400
1269,1288,2024-05-03 16:27:00,American Express,123.1300
1270,1291,2024-05-03 16:53:00,Visa,238.7900
1271,1292,2024-05-04 10:24:00,Debit Card,348.6000
1272,1290,2024-05-04 11:13:00,Debit Card,361.2600
1273,1293,2024-05-04 12:53:00,Visa,254.6800
1274,854,2024-05-05 09:25:00,ACH / Check,519.3800
1275,1194,2024-05-05 10:45:00,ACH / Check,128.3500
1276,921,2024-05-05 11:02:00,ACH / Check,128.3500
1277,975,2024-05-05 11:34:00,ACH / Check,226.6400
1278,1014,2024-05-05 16:42:00,ACH / Check,313.8200
1279,1294,2024-05-06 09:24:00,Mastercard,235.3400
1280,1298,2024-05-06 09:55:00,Mobile Wallet,450.0500
1281,1296,2024-05-06 10:45:00,Debit Card,396.7900
1282,1124,2024-05-06 11:03:00,ACH / Check,594.9800
1283,1295,2024-05-06 11:22:00,Visa,312.0400
1284,1301,2024-05-06 11:26:00,Visa,133.9500
1285,1302,2024-05-06 11:31:00,Visa,1440.9600
1286,1300,2024-05-06 12:18:00,Mobile Wallet,594.2400
1287,1307,2024-05-06 13:08:00,Debit Card,348.6000
1288,1304,2024-05-06 13:11:00,Debit Card,641.6800
1289,1308,2024-05-06 15:36:00,Debit Card,566.2400
1290,1309,2024-05-06 15:43:00,Visa,122.4600
1291,1019,2024-05-06 17:10:00,ACH / Check,429.1100
1292,1314,2024-05-07 08:10:00,Cash,319.3400
1293,1315,2024-05-07 09:33:00,Mastercard,684.5800
1294,1313,2024-05-07 09:47:00,American Express,133.9500
1295,1312,2024-05-07 09:52:00,American Express,311.8900
1296,1317,2024-05-07 09:59:00,Discover,217.6600
1297,1311,2024-05-07 10:45:00,Cash,370.3500
1298,1319,2024-05-07 11:14:00,Mastercard,349.5200
1299,1316,2024-05-07 11:22:00,Cash,326.9300
1300,1320,2024-05-07 11:37:00,Mastercard,198.3300
1301,1322,2024-05-07 14:12:00,Mastercard,349.5200
1302,1323,2024-05-07 15:00:00,American Express,338.6600
1303,938,2024-05-07 16:09:00,ACH / Check,227.0500
1304,1325,2024-05-07 17:19:00,Debit Card,161.6600
1305,1326,2024-05-08 09:45:00,Mastercard,326.9300
1306,1327,2024-05-08 10:13:00,Mastercard,217.9500
1307,1328,2024-05-08 11:21:00,Mastercard,348.6900
1308,1329,2024-05-08 11:50:00,Cash,140.0000
1309,1055,2024-05-08 12:16:00,ACH / Check,340.5500
1310,1332,2024-05-08 12:30:00,Mastercard,194.1700
1311,1331,2024-05-08 12:32:00,Discover,328.7600
1312,1333,2024-05-08 13:18:00,Visa,328.1200
1313,1330,2024-05-08 14:01:00,Mobile Wallet,70.0000
1314,1211,2024-05-08 14:24:00,ACH / Check,317.3500
1315,1334,2024-05-08 14:31:00,Mobile Wallet,133.9500
1316,1336,2024-05-08 14:34:00,Mastercard,84.0000
1317,1335,2024-05-08 14:46:00,Cash,394.6800
1318,1003,2024-05-08 15:37:00,ACH / Check,63.0000
1319,1338,2024-05-08 16:33:00,American Express,235.3400
1320,1342,2024-05-09 08:55:00,Mastercard,221.3400
1321,1339,2024-05-09 09:11:00,Mastercard,229.1700
1322,1340,2024-05-09 09:19:00,Debit Card,748.4700
1323,1341,2024-05-09 09:55:00,Cash,343.0000
1324,1337,2024-05-09 10:49:00,Visa,254.6600
1325,1344,2024-05-09 11:04:00,Mobile Wallet,70.0000
1326,1345,2024-05-09 11:09:00,Mastercard,128.3500
1327,1085,2024-05-09 12:28:00,ACH / Check,128.3500
1328,1348,2024-05-09 12:36:00,Cash,133.9500
1329,1346,2024-05-09 12:48:00,Mobile Wallet,133.9500
1330,1347,2024-05-09 13:07:00,American Express,194.1700
1331,1350,2024-05-09 13:49:00,Visa,374.1800
1332,1349,2024-05-09 14:23:00,Mastercard,123.1300
1333,1353,2024-05-09 17:12:00,Visa,133.9500
1334,1355,2024-05-10 09:54:00,Debit Card,533.7600
1335,1351,2024-05-10 10:11:00,Cash,547.9600
1336,1357,2024-05-10 10:42:00,Discover,254.6600
1337,1360,2024-05-10 11:02:00,Cash,42.01
1338,1360,2024-05-10 11:03:00,Debit Card,33.5900
1339,1359,2024-05-10 11:43:00,Visa,1103.2900
1340,1356,2024-05-10 11:59:00,Visa,494.5500
1341,1358,2024-05-10 12:08:00,Mobile Wallet,221.3400
1342,1362,2024-05-10 13:31:00,Mastercard,340.5500
1343,1361,2024-05-10 14:04:00,Visa,133.9500
1344,1363,2024-05-10 14:40:00,Mobile Wallet,343.0000
1345,1365,2024-05-10 15:13:00,Mobile Wallet,601.3500
1346,1364,2024-05-10 15:45:00,American Express,519.3800
1347,1366,2024-05-10 17:12:00,Mastercard,566.2400
1348,1367,2024-05-11 08:56:00,Discover,553.6500
1349,1370,2024-05-11 09:12:00,Cash,243.8500
1350,1369,2024-05-11 09:47:00,American Express,133.9500
1351,1050,2024-05-11 09:57:00,ACH / Check,128.3500
1352,1368,2024-05-11 10:04:00,Mobile Wallet,824.3200
1353,1372,2024-05-11 11:08:00,Visa,117.5300
1354,1374,2024-05-11 12:09:00,Visa,544.5800
1355,1236,2024-05-11 12:32:00,ACH / Check,551.3900
1356,1375,2024-05-11 12:36:00,Cash,1271.6800
1357,1373,2024-05-11 12:56:00,Mastercard,84.0000
1358,1377,2024-05-11 13:46:00,Mastercard,462.7100
1359,1281,2024-05-12 08:05:00,ACH / Check,690.1000
1360,1246,2024-05-12 12:28:00,ACH / Check,228.9900
1361,983,2024-05-13 06:51:00,ACH / Check,669.4000
1362,1378,2024-05-13 08:59:00,Cash,235.3400
1363,924,2024-05-13 09:06:00,ACH / Check,697.5600
1364,1376,2024-05-13 09:53:00,Visa,188.7600
1365,1379,2024-05-13 10:36:00,Mastercard,115.0000
1366,1381,2024-05-13 11:51:00,Debit Card,118.8400
1367,1388,2024-05-13 12:25:00,Mobile Wallet,123.1300
1368,1384,2024-05-13 12:52:00,Cash,271.56
1369,1383,2024-05-13 12:53:00,Debit Card,207.1300
1370,1384,2024-05-13 12:53:00,Visa,294.6800
1371,1386,2024-05-13 12:57:00,Debit Card,128.3500
1372,1390,2024-05-13 13:04:00,Visa,273.9500
1373,1385,2024-05-13 13:14:00,Mobile Wallet,194.1700
1374,1389,2024-05-13 13:35:00,Debit Card,1356.9600
1375,1387,2024-05-13 13:47:00,Cash,354.5500
1376,1038,2024-05-13 14:16:00,ACH / Check,128.3500
1377,1391,2024-05-13 14:27:00,Visa,105.0000
1378,1393,2024-05-13 14:29:00,Mastercard,273.9500
1379,1394,2024-05-13 14:53:00,American Express,377.5900
1380,1392,2024-05-13 14:56:00,Debit Card,188.7600
1381,1395,2024-05-13 15:23:00,Debit Card,210.0000
1382,1065,2024-05-14 09:48:00,ACH / Check,541.0400
1383,1399,2024-05-14 09:55:00,Cash,1225.5900
1384,1398,2024-05-14 10:09:00,American Express,243.8500
1385,1397,2024-05-14 10:14:00,Mastercard,75.6000
1386,1401,2024-05-14 11:48:00,Mastercard,438.5500
1387,1403,2024-05-14 11:51:00,Cash,348.6000
1388,1402,2024-05-14 12:18:00,Mastercard,117.5300
1389,1072,2024-05-14 12:32:00,ACH / Check,340.5500
1390,1404,2024-05-14 13:45:00,Mobile Wallet,483.4700
1391,1409,2024-05-14 13:59:00,Mastercard,194.1700
1392,1405,2024-05-14 14:06:00,Mastercard,128.3500
1393,1407,2024-05-14 14:33:00,Mastercard,923.9000
1394,1406,2024-05-14 14:53:00,Debit Card,296.9400
1395,1411,2024-05-14 15:06:00,Visa,258.7600
1396,1408,2024-05-14 15:08:00,Mobile Wallet,566.2400
1397,1214,2024-05-14 15:17:00,ACH / Check,128.3500
1398,1410,2024-05-14 15:25:00,American Express,84.0000
1399,1412,2024-05-14 16:07:00,Visa,254.6600
1400,1414,2024-05-15 09:26:00,Mobile Wallet,1529.4900
1401,1416,2024-05-15 11:00:00,Visa,378.4300
1402,1413,2024-05-15 11:26:00,Debit Card,297.9800
1403,1417,2024-05-15 11:35:00,Debit Card,317.4800
1404,1415,2024-05-15 11:47:00,Debit Card,133.9500
1405,1418,2024-05-15 13:22:00,Mastercard,378.4300
1406,1419,2024-05-15 13:34:00,Mastercard,515.7000
1407,1421,2024-05-15 16:01:00,Visa,1476.1700
1408,1422,2024-05-15 16:09:00,Debit Card,1297.8600
1409,1218,2024-05-16 08:06:00,ACH / Check,748.4700
1410,1424,2024-05-16 08:49:00,Mobile Wallet,697.2200
1411,1423,2024-05-16 10:13:00,Cash,1036.8300
1412,1426,2024-05-16 10:24:00,Debit Card,566.2400
1413,1425,2024-05-16 10:29:00,Visa,133.9500
1414,1427,2024-05-16 11:18:00,Mastercard,133.9500
1415,1428,2024-05-16 13:13:00,Visa,117.5300
1416,1429,2024-05-16 13:23:00,Cash,1476.1700
1417,1430,2024-05-16 14:04:00,Debit Card,326.9300
1418,1042,2024-05-16 14:29:00,ACH / Check,1297.8600
1419,1431,2024-05-16 15:10:00,Debit Card,340.5500
1420,1434,2024-05-16 15:30:00,Debit Card,194.1700
1421,1435,2024-05-16 15:51:00,Mastercard,100.6400
1422,1436,2024-05-16 16:02:00,Visa,193.1300
1423,1433,2024-05-16 16:14:00,American Express,297.9800
1424,1432,2024-05-16 16:24:00,American Express,209.5300
1425,1244,2024-05-17 05:44:00,ACH / Check,117.5300
1426,1437,2024-05-17 09:23:00,Visa,170.7000
1427,1439,2024-05-17 12:11:00,Mobile Wallet,237.8600
1428,1440,2024-05-17 14:43:00,Visa,235.3400
1429,1443,2024-05-17 15:40:00,Cash,150.65
1430,1443,2024-05-17 15:41:00,Visa,415.5900
1431,1441,2024-05-17 16:06:00,Cash,163.7600
1432,1442,2024-05-17 16:08:00,Cash,541.0400
1433,1444,2024-05-17 17:10:00,Visa,792.3900
1434,1146,2024-05-18 13:46:00,ACH / Check,126.0000
1435,1285,2024-05-19 09:21:00,ACH / Check,340.5500
1436,1448,2024-05-20 09:56:00,Visa,243.8500
1437,1450,2024-05-20 10:11:00,Mastercard,1029.1300
1438,1451,2024-05-20 10:21:00,Discover,690.9000
1439,1453,2024-05-20 11:23:00,Visa,326.7900
1440,1454,2024-05-20 11:32:00,Mobile Wallet,235.3400
1441,1371,2024-05-20 12:06:00,ACH / Check,174.7600
1442,1235,2024-05-20 12:26:00,ACH / Check,191.3500
1443,1456,2024-05-20 13:16:00,Visa,235.3400
1444,1457,2024-05-20 14:19:00,American Express,123.1300
1445,1210,2024-05-20 14:25:00,ACH / Check,363.8800
1446,1459,2024-05-20 14:28:00,Visa,398.7600
1447,1460,2024-05-20 14:50:00,American Express,267.6200
1448,1464,2024-05-20 15:35:00,Debit Card,348.6000
1449,1462,2024-05-20 15:55:00,Visa,133.9500
1450,1463,2024-05-20 15:57:00,Visa,636.2400
1451,1467,2024-05-20 17:09:00,Discover,326.9300
1452,1006,2024-05-21 08:21:00,ACH / Check,75.6000
1453,1466,2024-05-21 09:01:00,Mastercard,270.3400
1454,1468,2024-05-21 09:22:00,Debit Card,354.5500
1455,1469,2024-05-21 09:51:00,Visa,133.9500
1456,1470,2024-05-21 10:01:00,Visa,105.0000
1457,1471,2024-05-21 11:34:00,Mastercard,75.6000
1458,1000,2024-05-21 12:03:00,ACH / Check,412.6400
1459,1472,2024-05-21 12:51:00,Mastercard,295.8500
1460,1473,2024-05-21 13:53:00,Mastercard,467.3900
1461,1475,2024-05-21 16:31:00,Visa,254.6800
1462,1474,2024-05-22 08:43:00,Visa,437.3700
1463,1478,2024-05-22 10:37:00,Cash,123.1300
1464,1476,2024-05-22 10:57:00,Mastercard,420.8800
1465,1479,2024-05-22 10:59:00,Cash,357.6600
1466,1480,2024-05-22 11:12:00,Debit Card,203.9500
1467,1482,2024-05-22 12:36:00,Mastercard,133.9500
1468,1481,2024-05-22 13:02:00,Mastercard,488.6000
1469,1483,2024-05-22 13:28:00,Debit Card,609.6300
1470,1484,2024-05-22 14:36:00,American Express,147.6600
1471,1485,2024-05-22 15:09:00,Visa,547.8500
1472,1487,2024-05-22 15:20:00,Visa,313.8500
1473,1490,2024-05-22 17:03:00,Visa,122.4600
1474,1489,2024-05-22 17:18:00,Debit Card,235.3400
1475,1488,2024-05-22 17:28:00,Debit Card,1535.6200
1476,1167,2024-05-22 17:59:00,ACH / Check,255.7700
1477,1206,2024-05-23 09:18:00,ACH / Check,128.3500
1478,1491,2024-05-23 10:22:00,Debit Card,594.2400
1479,1099,2024-05-23 11:12:00,ACH / Check,366.1100
1480,1492,2024-05-23 11:27:00,Debit Card,203.9500
1481,1171,2024-05-23 11:29:00,ACH / Check,363.8800
1482,1493,2024-05-23 11:34:00,Debit Card,70.0000
1483,1495,2024-05-23 11:35:00,Visa,371.9500
1484,1496,2024-05-23 12:59:00,American Express,217.9500
1485,1497,2024-05-23 13:26:00,Mastercard,609.6300
1486,1498,2024-05-23 13:38:00,Cash,104.8400
1487,1500,2024-05-23 15:53:00,Visa,128.3500
1488,1501,2024-05-23 16:16:00,Debit Card,483.1800
1489,1499,2024-05-23 16:28:00,Visa,133.6600
1490,1503,2024-05-24 08:18:00,Visa,698.5800
1491,1502,2024-05-24 10:40:00,Mobile Wallet,389.5500
1492,1504,2024-05-24 11:52:00,Visa,217.9500
1493,1505,2024-05-24 13:20:00,Visa,1249.4900
1494,1507,2024-05-24 14:35:00,Debit Card,389.3400
1495,1509,2024-05-24 16:58:00,Mastercard,313.6800
1496,1512,2024-05-25 12:28:00,American Express,978.5300
1497,1438,2024-05-25 12:35:00,ACH / Check,174.7600
1498,1511,2024-05-25 13:00:00,American Express,210.3400
1499,1514,2024-05-25 13:31:00,Visa,1307.9600
1500,1515,2024-05-25 13:53:00,American Express,508.5600
1501,1382,2024-05-27 07:22:00,ACH / Check,75.6000
1502,1299,2024-05-28 08:46:00,ACH / Check,126.0000
1503,1517,2024-05-28 11:01:00,Mastercard,133.9500
1504,1518,2024-05-28 11:35:00,Mastercard,1092.8300
1505,1520,2024-05-28 11:39:00,Cash,254.6800
1506,1521,2024-05-28 13:55:00,Mastercard,248.3000
1507,1524,2024-05-28 13:59:00,Visa,326.9300
1508,1522,2024-05-28 14:02:00,Mastercard,133.9500
1509,1272,2024-05-28 14:15:00,ACH / Check,669.2200
1510,1527,2024-05-28 15:42:00,Visa,690.9000
1511,1525,2024-05-28 16:23:00,Cash,378.4300
1512,1238,2024-05-28 16:25:00,ACH / Check,748.4700
1513,1528,2024-05-28 17:13:00,Mastercard,207.1300
1514,1529,2024-05-29 07:51:00,Cash,185.0000
1515,1531,2024-05-29 08:31:00,Debit Card,847.6300
1516,1535,2024-05-29 09:53:00,Debit Card,133.9500
1517,1532,2024-05-29 09:59:00,Debit Card,133.9500
1518,1534,2024-05-29 10:00:00,Mastercard,859.3200
1519,1533,2024-05-29 10:40:00,Visa,70.0000
1520,1530,2024-05-29 10:40:00,Mobile Wallet,140.0000
1521,1318,2024-05-29 12:26:00,ACH / Check,604.0400
1522,1537,2024-05-29 12:30:00,Mastercard,133.9500
1523,1539,2024-05-29 12:34:00,Visa,378.4300
1524,1542,2024-05-29 13:57:00,Mastercard,1599.3000
1525,1541,2024-05-29 14:26:00,Debit Card,341.3100
1526,1465,2024-05-29 15:54:00,ACH / Check,203.9500
1527,1543,2024-05-29 15:59:00,Mastercard,1490.6200
1528,1545,2024-05-29 16:28:00,Debit Card,188.7600
1529,1352,2024-05-29 17:15:00,ACH / Check,128.3500
1530,1477,2024-05-30 07:33:00,ACH / Check,406.0000
1531,1547,2024-05-30 09:14:00,Cash,697.2200
1532,1546,2024-05-30 10:42:00,Mobile Wallet,314.8400
1533,1549,2024-05-30 10:55:00,Visa,382.0400
1534,1548,2024-05-30 11:02:00,Cash,55.10
1535,1548,2024-05-30 11:03:00,Debit Card,218.8500
1536,1552,2024-05-30 11:12:00,Mastercard,354.5500
1537,1550,2024-05-30 11:22:00,Visa,117.5300
1538,1551,2024-05-30 12:25:00,Mastercard,123.1300
1539,1553,2024-05-30 12:38:00,Mastercard,402.8200
1540,1556,2024-05-30 14:06:00,Debit Card,1179.4900
1541,1557,2024-05-30 14:18:00,Mobile Wallet,328.7600
1542,1559,2024-05-30 16:05:00,Mastercard,473.6300
1543,1558,2024-05-30 17:21:00,Mastercard,743.7600
1544,1561,2024-05-31 07:45:00,Discover,720.2400
1545,1560,2024-05-31 09:26:00,Mastercard,70.0000
1546,1563,2024-05-31 11:17:00,Discover,468.9000
1547,1565,2024-05-31 12:18:00,Debit Card,910.3800
1548,1566,2024-05-31 12:35:00,Mastercard,152.8800
1549,1567,2024-05-31 13:14:00,Visa,390.8300
1550,1569,2024-05-31 13:35:00,Visa,629.2400
1551,1572,2024-05-31 15:33:00,Debit Card,1777.1700
1552,1570,2024-05-31 15:40:00,Debit Card,566.2400
1553,1573,2024-05-31 15:49:00,Mastercard,278.1700
1554,1119,2024-06-01 07:26:00,ACH / Check,63.0000
1555,1575,2024-06-01 11:04:00,Visa,254.6800
1556,1577,2024-06-01 11:46:00,Cash,123.1300
1557,1578,2024-06-01 11:47:00,Visa,140.0000
1558,1579,2024-06-01 13:22:00,Debit Card,871.8300
1559,1582,2024-06-03 07:48:00,Mobile Wallet,143.6000
1560,1581,2024-06-03 09:04:00,Mastercard,252.4700
1561,1184,2024-06-03 10:04:00,ACH / Check,641.6800
1562,1588,2024-06-03 12:11:00,Discover,70.0000
1563,1584,2024-06-03 12:38:00,Mastercard,72.3300
1564,1585,2024-06-03 12:46:00,Mobile Wallet,406.7100
1565,1589,2024-06-03 12:49:00,Discover,482.5600
1566,1593,2024-06-03 13:22:00,Visa,227.0500
1567,1591,2024-06-03 13:32:00,Visa,238.7900
1568,1590,2024-06-03 13:40:00,Debit Card,853.9000
1569,1587,2024-06-03 13:59:00,Debit Card,482.2700
1570,1594,2024-06-03 14:56:00,Debit Card,123.1300
1571,1595,2024-06-03 15:16:00,Visa,628.5800
1572,1597,2024-06-03 15:48:00,Visa,431.7600
1573,1396,2024-06-03 16:20:00,ACH / Check,317.3500
1574,1598,2024-06-04 08:31:00,Mastercard,117.5300
1575,1599,2024-06-04 10:46:00,Mobile Wallet,104.8400
1576,1601,2024-06-04 11:22:00,Visa,326.9300
1577,1603,2024-06-04 11:49:00,Visa,348.6000
1578,1446,2024-06-04 12:29:00,ACH / Check,371.2500
1579,1602,2024-06-04 12:38:00,Visa,925.8000
1580,1600,2024-06-04 12:40:00,Visa,410.9300
1581,1606,2024-06-04 12:57:00,Debit Card,210.3400
1582,1605,2024-06-04 13:11:00,Mastercard,123.1300
1583,1604,2024-06-04 13:44:00,American Express,317.4800
1584,1607,2024-06-04 13:58:00,Mastercard,326.9300
1585,1610,2024-06-04 14:34:00,Mastercard,248.3000
1586,1297,2024-06-04 14:53:00,ACH / Check,551.5900
1587,1609,2024-06-04 15:14:00,Mastercard,254.6800
1588,1608,2024-06-04 15:23:00,Visa,238.7900
1589,1611,2024-06-04 16:31:00,Cash,133.9500
1590,1612,2024-06-04 16:32:00,Debit Card,387.4800
1591,1614,2024-06-04 16:42:00,Debit Card,603.7600
1592,1613,2024-06-04 16:43:00,Debit Card,369.0000
1593,1321,2024-06-05 08:30:00,ACH / Check,128.3500
1594,1615,2024-06-05 08:31:00,Discover,198.0600
1595,1449,2024-06-05 10:22:00,ACH / Check,117.5300
1596,1617,2024-06-05 10:48:00,Cash,620.5400
1597,1616,2024-06-05 10:48:00,Debit Card,348.6000
1598,1619,2024-06-05 11:59:00,Discover,123.1300
1599,1420,2024-06-05 12:22:00,ACH / Check,174.7600
1600,1622,2024-06-05 12:50:00,Debit Card,533.7600
1601,1623,2024-06-05 13:46:00,Discover,133.9500
1602,1624,2024-06-05 15:21:00,Debit Card,231.9500
1603,1625,2024-06-05 16:30:00,Discover,496.4300
1604,1626,2024-06-05 16:46:00,Visa,558.5000
1605,1627,2024-06-05 17:09:00,Debit Card,853.4700
1606,1445,2024-06-06 08:40:00,ACH / Check,128.3500
1607,1628,2024-06-06 09:16:00,Debit Card,1065.6100
1608,1631,2024-06-06 10:22:00,Visa,321.0500
1609,1633,2024-06-06 10:42:00,American Express,123.1300
1610,1629,2024-06-06 10:48:00,Mastercard,175.0000
1611,1630,2024-06-06 11:36:00,Cash,133.6600
1612,1637,2024-06-06 11:37:00,Visa,343.0000
1613,1642,2024-06-06 12:15:00,Visa,264.6000
1614,1635,2024-06-06 12:19:00,Visa,117.5300
1615,1634,2024-06-06 12:20:00,Debit Card,982.6500
1616,1640,2024-06-06 12:28:00,Mastercard,348.6000
1617,1638,2024-06-06 12:30:00,Visa,258.7600
1618,1639,2024-06-06 13:09:00,American Express,265.5200
1619,1643,2024-06-06 13:25:00,Visa,221.3400
1620,1641,2024-06-06 14:16:00,Cash,541.0400
1621,1644,2024-06-06 14:26:00,Visa,140.0000
1622,1645,2024-06-06 14:57:00,Visa,416.1500
1623,1646,2024-06-06 15:35:00,Visa,104.8400
1624,1649,2024-06-06 16:49:00,Debit Card,154.0000
1625,1647,2024-06-07 10:24:00,Mastercard,1117.6800
1626,1648,2024-06-07 10:49:00,Mastercard,235.3400
1627,1650,2024-06-07 12:19:00,Visa,327.8300
1628,1653,2024-06-07 13:20:00,American Express,663.5100
1629,1652,2024-06-07 13:22:00,Mastercard,349.5200
1630,1656,2024-06-07 14:30:00,Mastercard,697.2200
1631,1654,2024-06-07 15:18:00,Mobile Wallet,962.1600
1632,1655,2024-06-07 15:58:00,American Express,221.3400
1633,1657,2024-06-07 16:32:00,Visa,1180.6800
1634,1658,2024-06-07 16:33:00,Mastercard,170.7000
1635,1660,2024-06-08 09:09:00,Mastercard,227.9600
1636,1661,2024-06-08 09:57:00,Mobile Wallet,263.1300
1637,1305,2024-06-08 10:47:00,ACH / Check,122.4600
1638,1659,2024-06-08 11:52:00,Mobile Wallet,140.0000
1639,1664,2024-06-08 13:10:00,Visa,133.9500
1640,1663,2024-06-08 13:59:00,Visa,1129.0000
1641,1665,2024-06-10 08:40:00,Visa,377.7800
1642,1668,2024-06-10 11:53:00,Visa,419.5200
1643,1666,2024-06-10 11:53:00,Debit Card,448.4300
1644,1667,2024-06-10 12:44:00,Cash,300.6800
1645,1669,2024-06-10 13:19:00,Mastercard,209.5300
1646,1277,2024-06-10 13:30:00,ACH / Check,1103.2900
1647,1303,2024-06-10 13:41:00,ACH / Check,300.6800
1648,1672,2024-06-10 15:19:00,Mastercard,235.3400
1649,1671,2024-06-10 15:34:00,Visa,1356.9600
1650,1673,2024-06-10 16:47:00,Visa,422.6800
1651,1674,2024-06-10 17:20:00,Visa,147.6600
1652,1306,2024-06-11 09:52:00,ACH / Check,466.5500
1653,1676,2024-06-11 10:13:00,Mobile Wallet,1476.1700
1654,1679,2024-06-11 10:57:00,Visa,235.3400
1655,1677,2024-06-11 11:17:00,Mastercard,336.6600
1656,1678,2024-06-11 12:00:00,Debit Card,839.0000
1657,1683,2024-06-11 12:31:00,Mastercard,585.6800
1658,1684,2024-06-11 13:19:00,Mobile Wallet,459.3900
1659,1681,2024-06-11 13:27:00,Debit Card,348.6000
1660,1685,2024-06-11 13:38:00,American Express,348.6000
1661,1680,2024-06-11 13:38:00,Visa,128.3500
1662,1687,2024-06-11 14:26:00,Visa,348.6000
1663,1688,2024-06-11 15:58:00,Visa,324.5100
1664,1689,2024-06-11 16:24:00,American Express,471.3600
1665,1690,2024-06-11 17:12:00,Visa,483.1900
1666,1691,2024-06-12 08:57:00,American Express,396.9300
1667,1519,2024-06-12 09:48:00,ACH / Check,264.6000
1668,1692,2024-06-12 09:50:00,Visa,254.6800
1669,1694,2024-06-12 10:57:00,Debit Card,966.3800
1670,1248,2024-06-12 11:13:00,ACH / Check,800.6500
1671,1696,2024-06-12 11:49:00,Debit Card,252.4700
1672,1400,2024-06-12 12:06:00,ACH / Check,228.9900
1673,1697,2024-06-12 12:44:00,American Express,242.0400
1674,1698,2024-06-12 13:25:00,Mastercard,286.5200
1675,1699,2024-06-12 14:49:00,Visa,482.5600
1676,1700,2024-06-12 15:44:00,Mastercard,706.2400
1677,1510,2024-06-12 16:08:00,ACH / Check,418.3200
1678,1701,2024-06-12 17:18:00,Debit Card,413.7800
1679,1538,2024-06-13 10:31:00,ACH / Check,324.5100
1680,1704,2024-06-13 10:48:00,Mastercard,143.6000
1681,1702,2024-06-13 10:59:00,American Express,250.8200
1682,1705,2024-06-13 11:13:00,Visa,663.5100
1683,1707,2024-06-13 13:03:00,Visa,594.2400
1684,1706,2024-06-13 14:15:00,Debit Card,280.0000
1685,1712,2024-06-13 14:44:00,Mastercard,474.1300
1686,1711,2024-06-13 15:17:00,Visa,296.6800
1687,1710,2024-06-13 15:27:00,Visa,140.0000
1688,1713,2024-06-13 16:06:00,Mastercard,1117.6800
1689,1715,2024-06-13 16:42:00,Cash,875.41
1690,1715,2024-06-13 16:43:00,Debit Card,600.7600
1691,1714,2024-06-13 16:44:00,Cash,748.4700
1692,1717,2024-06-13 16:58:00,Mobile Wallet,326.9300
1693,1718,2024-06-14 08:27:00,Mastercard,638.7600
1694,1719,2024-06-14 08:31:00,Mastercard,518.4300
1695,1720,2024-06-14 09:11:00,Visa,321.3300
1696,1723,2024-06-14 10:07:00,Debit Card,123.1300
1697,1721,2024-06-14 11:18:00,Visa,321.3300
1698,1523,2024-06-14 11:19:00,ACH / Check,75.6000
1699,1724,2024-06-14 12:17:00,Cash,135.2000
1700,1725,2024-06-14 12:34:00,Mastercard,123.1300
1701,1726,2024-06-14 12:46:00,Discover,235.3400
1702,1727,2024-06-14 12:46:00,Visa,410.9300
1703,1728,2024-06-14 13:23:00,Cash,604.2400
1704,1729,2024-06-14 13:27:00,Mastercard,566.2400
1705,1261,2024-06-14 15:31:00,ACH / Check,128.3500
1706,1731,2024-06-14 15:56:00,Discover,329.5500
1707,1732,2024-06-15 10:03:00,Visa,235.3400
1708,1733,2024-06-15 10:03:00,Visa,755.0000
1709,1734,2024-06-15 10:14:00,Visa,297.9600
1710,1651,2024-06-15 10:29:00,ACH / Check,189.0000
1711,1458,2024-06-15 11:01:00,ACH / Check,189.0000
1712,1486,2024-06-15 12:04:00,ACH / Check,295.1900
1713,1735,2024-06-15 13:04:00,American Express,254.6600
1714,1736,2024-06-15 13:40:00,Discover,317.2900
1715,1343,2024-06-17 07:23:00,ACH / Check,100.6400
1716,1737,2024-06-17 11:08:00,Cash,133.9500
1717,1738,2024-06-17 11:11:00,Visa,133.9500
1718,1536,2024-06-17 11:17:00,ACH / Check,620.0200
1719,1513,2024-06-17 11:42:00,ACH / Check,582.3800
1720,1739,2024-06-17 12:11:00,Visa,156.3300
1721,1740,2024-06-17 13:02:00,Visa,84.0000
1722,1741,2024-06-17 13:55:00,Mastercard,394.4600
1723,1742,2024-06-17 14:14:00,Visa,1476.1700
1724,1745,2024-06-17 14:20:00,American Express,123.1300
1725,1516,2024-06-17 14:39:00,ACH / Check,517.7600
1726,1743,2024-06-17 14:55:00,Mastercard,297.9800
1727,1746,2024-06-17 15:03:00,Visa,84.0000
1728,1748,2024-06-17 16:11:00,Debit Card,586.1500
1729,1749,2024-06-18 10:09:00,Visa,63.0000
1730,1752,2024-06-18 10:14:00,Visa,1560.1700
1731,1750,2024-06-18 10:57:00,American Express,1130.2800
1732,1754,2024-06-18 11:47:00,Mastercard,348.6000
1733,1751,2024-06-18 11:55:00,Visa,140.0000
1734,1757,2024-06-18 12:16:00,Visa,123.1300
1735,1756,2024-06-18 12:44:00,American Express,194.1700
1736,1755,2024-06-18 12:50:00,Cash,326.9300
1737,1760,2024-06-18 12:58:00,Mobile Wallet,326.9300
1738,1761,2024-06-18 16:02:00,Cash,541.0400
1739,1762,2024-06-19 08:48:00,Mobile Wallet,743.7600
1740,1763,2024-06-19 09:20:00,Mobile Wallet,388.6400
1741,1765,2024-06-19 10:05:00,Discover,70.0000
1742,1620,2024-06-19 10:07:00,ACH / Check,254.3500
1743,1767,2024-06-19 11:11:00,Cash,343.0000
1744,1766,2024-06-19 12:08:00,Visa,224.0000
1745,1769,2024-06-19 12:50:00,Cash,314.8400
1746,1768,2024-06-19 13:26:00,Visa,518.4300
1747,1771,2024-06-19 13:34:00,Debit Card,362.6000
1748,1770,2024-06-19 13:49:00,Visa,159.8800
1749,1773,2024-06-19 13:56:00,American Express,783.4700
1750,1324,2024-06-19 14:35:00,ACH / Check,198.3300
1751,1772,2024-06-19 14:48:00,American Express,174.7600
1752,1592,2024-06-19 15:13:00,ACH / Check,441.1900
1753,1775,2024-06-19 16:07:00,Visa,174.7600
1754,1774,2024-06-19 16:19:00,Debit Card,321.3300
1755,1675,2024-06-19 18:43:00,ACH / Check,980.8300
1756,1776,2024-06-20 08:28:00,Visa,1043.8300
1757,1777,2024-06-20 09:04:00,Debit Card,348.6000
1758,1779,2024-06-20 10:30:00,Visa,143.6000
1759,1695,2024-06-20 10:51:00,ACH / Check,254.3500
1760,1778,2024-06-20 11:05:00,Debit Card,267.6200
1761,1780,2024-06-20 11:27:00,Cash,210.3400
1762,1782,2024-06-20 12:33:00,Mobile Wallet,354.5500
1763,1781,2024-06-20 12:36:00,Debit Card,366.9800
1764,1787,2024-06-20 13:20:00,Visa,544.5800
1765,1788,2024-06-20 13:58:00,Visa,265.5200
1766,1784,2024-06-20 14:01:00,Mobile Wallet,1179.4900
1767,1789,2024-06-20 14:14:00,Visa,306.1700
1768,1786,2024-06-20 14:46:00,Visa,243.8500
1769,1310,2024-06-20 16:48:00,ACH / Check,300.6800
1770,1791,2024-06-20 17:02:00,Debit Card,354.5500
1771,1794,2024-06-21 11:22:00,Visa,466.5500
1772,1793,2024-06-21 11:59:00,Debit Card,194.1700
1773,1792,2024-06-21 12:28:00,Visa,263.5500
1774,1555,2024-06-21 13:53:00,ACH / Check,180.1700
1775,1795,2024-06-21 14:25:00,Cash,133.9500
1776,1796,2024-06-21 14:55:00,Visa,348.6000
1777,1798,2024-06-21 15:00:00,American Express,227.9600
1778,1797,2024-06-21 15:37:00,Debit Card,133.9500
1779,1800,2024-06-21 16:25:00,Visa,180.1700
1780,1452,2024-06-22 06:58:00,ACH / Check,128.3500
1781,1802,2024-06-22 10:22:00,Mastercard,123.1300
1782,1803,2024-06-22 10:41:00,Visa,275.7000
1783,1801,2024-06-22 11:32:00,Visa,447.3300
1784,1805,2024-06-22 12:35:00,Mastercard,348.6000
1785,1804,2024-06-22 12:44:00,American Express,75.6000
1786,1574,2024-06-22 15:14:00,ACH / Check,343.0000
1787,1354,2024-06-23 09:13:00,ACH / Check,363.7600
1788,1540,2024-06-23 12:23:00,ACH / Check,405.6000
1789,1806,2024-06-24 09:22:00,American Express,543.3100
1790,1809,2024-06-24 10:27:00,Mobile Wallet,194.1700
1791,1808,2024-06-24 11:07:00,Debit Card,743.7600
1792,1811,2024-06-24 11:52:00,Debit Card,84.0000
1793,1810,2024-06-24 12:10:00,American Express,238.7900
1794,1812,2024-06-24 12:15:00,Cash,655.6800
1795,1814,2024-06-24 12:51:00,Debit Card,108.6600
1796,1817,2024-06-24 14:05:00,Mastercard,280.0000
1797,1544,2024-06-24 14:12:00,ACH / Check,800.6500
1798,1820,2024-06-24 15:19:00,Visa,272.7600
1799,1823,2024-06-24 16:23:00,Visa,566.2400
1800,1824,2024-06-24 17:08:00,Mobile Wallet,725.3200
1801,1822,2024-06-24 17:27:00,Mastercard,354.5500
1802,1576,2024-06-24 18:50:00,ACH / Check,455.8800
1803,1827,2024-06-25 10:04:00,Cash,123.1300
1804,1826,2024-06-25 10:25:00,Mastercard,84.0000
1805,1380,2024-06-25 10:37:00,ACH / Check,396.4900
1806,1494,2024-06-25 13:25:00,ACH / Check,75.6000
1807,1828,2024-06-25 13:45:00,American Express,84.0000
1808,1829,2024-06-25 15:33:00,Mastercard,827.7600
1809,1830,2024-06-25 16:39:00,Visa,814.0300
1810,1832,2024-06-25 16:53:00,Cash,224.0000
1811,1834,2024-06-25 17:18:00,Mastercard,348.6000
1812,1833,2024-06-26 09:35:00,Mastercard,265.5200
1813,1526,2024-06-26 12:26:00,ACH / Check,227.0500
1814,1841,2024-06-26 13:55:00,Discover,133.9500
1815,1837,2024-06-26 14:16:00,Debit Card,123.1300
1816,1839,2024-06-26 14:43:00,Mastercard,72.3300
1817,1840,2024-06-26 14:52:00,Debit Card,499.0800
1818,1843,2024-06-26 15:16:00,Cash,154.0000
1819,1747,2024-06-26 15:45:00,ACH / Check,128.3500
1820,1842,2024-06-26 16:04:00,Debit Card,1273.1100
1821,1845,2024-06-26 16:54:00,Visa,599.6800
1822,1846,2024-06-26 16:57:00,Debit Card,238.7900
1823,1844,2024-06-26 17:10:00,Mastercard,326.9300
1824,1849,2024-06-27 09:19:00,Visa,84.0000
1825,1455,2024-06-27 10:45:00,ACH / Check,128.3500
1826,1447,2024-06-27 11:18:00,ACH / Check,191.3500
1827,1851,2024-06-27 12:01:00,Visa,842.6500
1828,1850,2024-06-27 12:02:00,Visa,217.9500
1829,1852,2024-06-27 13:29:00,Mastercard,438.5500
1830,1856,2024-06-27 14:00:00,American Express,1427.1700
1831,1854,2024-06-27 14:34:00,Mastercard,544.5800
1832,1853,2024-06-27 14:36:00,Mastercard,194.1700
1833,1855,2024-06-27 14:54:00,Visa,133.9500
1834,1857,2024-06-27 15:08:00,Cash,175.82
1835,1857,2024-06-27 15:09:00,Visa,221.1100
1836,1858,2024-06-27 16:18:00,American Express,63.0000
1837,1859,2024-06-27 16:19:00,Debit Card,733.3400
1838,1861,2024-06-28 08:27:00,Debit Card,133.9500
1839,1862,2024-06-28 10:06:00,Visa,235.3400
1840,1860,2024-06-28 11:05:00,Mastercard,1054.6800
1841,1864,2024-06-28 11:43:00,Mobile Wallet,328.7600
1842,1863,2024-06-28 12:06:00,Mobile Wallet,143.6000
1843,1670,2024-06-28 12:10:00,ACH / Check,291.9900
1844,1867,2024-06-28 12:15:00,Cash,128.3500
1845,1866,2024-06-28 12:22:00,Debit Card,340.1700
1846,1868,2024-06-28 13:27:00,Mobile Wallet,566.2400
1847,1869,2024-06-28 13:32:00,Mastercard,126.0000
1848,1759,2024-06-28 13:55:00,ACH / Check,63.0000
1849,1871,2024-06-28 15:16:00,Mobile Wallet,771.7600
1850,1870,2024-06-28 15:17:00,Visa,143.6000
1851,1872,2024-06-28 15:39:00,Debit Card,722.5200
1852,1873,2024-06-29 08:55:00,Debit Card,341.3100
1853,1875,2024-06-29 09:32:00,Visa,243.8500
1854,1580,2024-06-29 10:22:00,ACH / Check,248.4600
1855,1874,2024-06-29 10:54:00,Visa,123.1300
1856,1877,2024-06-29 11:23:00,American Express,354.5500
1857,1876,2024-06-29 11:29:00,American Express,133.9500
1858,1632,2024-06-29 11:49:00,ACH / Check,355.4100
1859,1508,2024-06-29 12:23:00,ACH / Check,203.9500
1860,1878,2024-06-29 12:50:00,Debit Card,472.3500
1861,1785,2024-06-29 13:41:00,ACH / Check,303.1100
1862,1693,2024-06-30 07:08:00,ACH / Check,128.3500
1863,1583,2024-06-30 09:07:00,ACH / Check,250.3600
1864,1571,2024-06-30 12:17:00,ACH / Check,541.0400
1865,1881,2024-07-01 08:22:00,American Express,462.4200
1866,1886,2024-07-01 09:06:00,Mastercard,348.6000
1867,1884,2024-07-01 09:06:00,Mobile Wallet,1529.9900
1868,1885,2024-07-01 09:43:00,Cash,235.3400
1869,1888,2024-07-01 11:08:00,American Express,466.0400
1870,1890,2024-07-01 11:54:00,Mastercard,348.6000
1871,1889,2024-07-01 11:56:00,Mastercard,566.2400
1872,1896,2024-07-01 13:11:00,Cash,566.2400
1873,1892,2024-07-01 13:12:00,Cash,537.3600
1874,1895,2024-07-01 13:18:00,Visa,362.6000
1875,1893,2024-07-01 13:44:00,Visa,533.7600
1876,1894,2024-07-01 14:15:00,Mastercard,238.7900
1877,1897,2024-07-01 14:20:00,Cash,84.0000
1878,1898,2024-07-01 14:46:00,Mastercard,217.9500
1879,1900,2024-07-01 15:57:00,Debit Card,354.5500
1880,1899,2024-07-01 16:32:00,Visa,265.5200
1881,1902,2024-07-01 16:40:00,Visa,297.9800
1882,1904,2024-07-01 17:15:00,Cash,303.1100
1883,1901,2024-07-01 17:16:00,Visa,799.9500
1884,1903,2024-07-01 17:25:00,Mastercard,348.6000
1885,1905,2024-07-02 08:41:00,Visa,412.9800
1886,1682,2024-07-02 09:00:00,ACH / Check,641.8400
1887,1906,2024-07-02 10:07:00,Mobile Wallet,235.3400
1888,1907,2024-07-02 10:10:00,Mobile Wallet,290.2900
1889,1908,2024-07-02 12:30:00,Debit Card,227.9600
1890,1909,2024-07-02 12:45:00,Cash,92.09
1891,1909,2024-07-02 12:46:00,Mastercard,135.8700
1892,1910,2024-07-02 12:57:00,Visa,853.9000
1893,1506,2024-07-02 14:15:00,ACH / Check,248.7200
1894,1912,2024-07-02 15:39:00,Mobile Wallet,637.6300
1895,1914,2024-07-02 17:06:00,Mastercard,123.1300
1896,1915,2024-07-02 17:06:00,Debit Card,859.3200
1897,1918,2024-07-03 07:48:00,Debit Card,307.5200
1898,1917,2024-07-03 09:42:00,American Express,399.4700
1899,1919,2024-07-03 11:18:00,Debit Card,133.6600
1900,1923,2024-07-03 11:31:00,Mastercard,978.5300
1901,1922,2024-07-03 11:40:00,Visa,270.3400
1902,1924,2024-07-03 11:49:00,Discover,348.6000
1903,1925,2024-07-03 12:02:00,Visa,292.2900
1904,1921,2024-07-03 12:10:00,Mastercard,263.1300
1905,1926,2024-07-03 12:45:00,Visa,140.0000
1906,1662,2024-07-03 13:24:00,ACH / Check,532.0000
1907,1927,2024-07-03 15:18:00,Visa,760.9300
1908,1929,2024-07-03 15:38:00,Debit Card,180.1700
1909,1931,2024-07-03 15:46:00,Visa,117.5300
1910,1934,2024-07-03 15:57:00,Mastercard,771.5800
1911,1932,2024-07-03 16:10:00,Debit Card,354.5500
1912,1933,2024-07-03 16:15:00,Mastercard,853.9000
1913,1562,2024-07-04 08:25:00,ACH / Check,128.3500
1914,1461,2024-07-04 11:56:00,ACH / Check,519.3800
1915,1744,2024-07-04 14:14:00,ACH / Check,292.2900
1916,1935,2024-07-05 09:19:00,Mobile Wallet,378.4300
1917,1586,2024-07-05 09:41:00,ACH / Check,189.0000
1918,1938,2024-07-05 11:41:00,Mastercard,777.1600
1919,1708,2024-07-05 11:52:00,ACH / Check,541.0400
1920,1937,2024-07-05 12:12:00,Mastercard,133.9500
1921,1939,2024-07-05 12:22:00,Visa,123.1300
1922,1940,2024-07-05 12:54:00,Debit Card,194.1700
1923,1941,2024-07-05 13:43:00,Mastercard,348.6000
1924,1943,2024-07-05 15:09:00,Mastercard,1179.4900
1925,1942,2024-07-05 15:26:00,Visa,706.2400
1926,1944,2024-07-05 15:32:00,Mastercard,252.4700
1927,1946,2024-07-05 15:52:00,Debit Card,728.6300
1928,1945,2024-07-05 16:02:00,Visa,1001.8300
1929,1948,2024-07-06 10:49:00,Cash,783.4700
1930,1947,2024-07-06 11:28:00,Cash,341.3100
1931,1950,2024-07-06 11:49:00,American Express,235.3400
1932,1952,2024-07-06 11:56:00,Visa,84.0000
1933,1865,2024-07-07 11:55:00,ACH / Check,176.2400
1934,1818,2024-07-07 12:55:00,ACH / Check,343.0000
1935,1554,2024-07-07 13:51:00,ACH / Check,541.0400
1936,1596,2024-07-07 16:28:00,ACH / Check,541.0400
1937,1958,2024-07-08 09:10:00,Mastercard,133.9500
1938,1815,2024-07-08 09:35:00,ACH / Check,237.8800
1939,1956,2024-07-08 09:47:00,Debit Card,354.5500
1940,1954,2024-07-08 10:06:00,Debit Card,140.0000
1941,1959,2024-07-08 10:36:00,Visa,265.5200
1942,1960,2024-07-08 11:03:00,Debit Card,296.6600
1943,1961,2024-07-08 12:23:00,Cash,349.1200
1944,1964,2024-07-08 13:19:00,Cash,84.0000
1945,1962,2024-07-08 13:42:00,Visa,348.6000
1946,1963,2024-07-08 14:05:00,Debit Card,671.0200
1947,1709,2024-07-08 14:33:00,ACH / Check,641.3100
1948,1965,2024-07-08 15:12:00,Visa,444.9800
1949,1967,2024-07-08 16:38:00,Visa,133.9500
1950,1968,2024-07-08 16:47:00,Mastercard,636.2400
1951,1970,2024-07-08 17:16:00,Mastercard,273.9500
1952,1973,2024-07-09 08:37:00,Mobile Wallet,228.9900
1953,1972,2024-07-09 08:49:00,Visa,362.6000
1954,1969,2024-07-09 09:00:00,Cash,698.2200
1955,1971,2024-07-09 09:27:00,Visa,170.7000
1956,1977,2024-07-09 10:01:00,Mastercard,509.6000
1957,1975,2024-07-09 10:09:00,Mastercard,156.3300
1958,1974,2024-07-09 10:18:00,Visa,321.3300
1959,1978,2024-07-09 10:40:00,Cash,285.55
1960,1978,2024-07-09 10:41:00,Visa,205.3300
1961,1976,2024-07-09 11:07:00,American Express,128.3500
1962,1979,2024-07-09 11:49:00,American Express,256.7900
1963,1983,2024-07-09 12:26:00,Visa,348.6000
1964,1980,2024-07-09 12:29:00,Visa,188.7600
1965,1799,2024-07-09 12:36:00,ACH / Check,235.6700
1966,1981,2024-07-09 13:07:00,Cash,140.49
1967,1984,2024-07-09 13:08:00,Discover,203.6600
1968,1981,2024-07-09 13:08:00,Visa,208.1100
1969,1985,2024-07-09 15:15:00,Mobile Wallet,475.4400
1970,1988,2024-07-10 08:13:00,Mastercard,243.8500
1971,1813,2024-07-10 08:52:00,ACH / Check,340.5500
1972,1990,2024-07-10 10:57:00,Visa,228.9900
1973,1989,2024-07-10 11:11:00,Visa,244.8400
1974,1992,2024-07-10 11:27:00,American Express,254.6800
1975,1993,2024-07-10 11:27:00,Mastercard,70.0000
1976,1994,2024-07-10 12:42:00,Debit Card,517.7600
1977,1991,2024-07-10 12:48:00,Cash,168.34
1978,1991,2024-07-10 12:49:00,Mastercard,288.2100
1979,1995,2024-07-10 13:49:00,Visa,235.3400
1980,1996,2024-07-10 14:01:00,Cash,133.9500
1981,1716,2024-07-10 14:07:00,ACH / Check,128.3500
1982,1997,2024-07-10 15:32:00,American Express,227.0500
1983,2000,2024-07-10 15:41:00,Visa,536.9300
1984,1998,2024-07-10 16:04:00,Visa,188.8400
1985,1999,2024-07-10 16:50:00,Visa,378.4300
1986,1703,2024-07-11 06:34:00,ACH / Check,340.5500
1987,2001,2024-07-11 09:24:00,Visa,343.1900
1988,2003,2024-07-11 10:08:00,Mastercard,123.1300
1989,1848,2024-07-11 10:15:00,ACH / Check,128.3500
1990,2005,2024-07-11 13:20:00,Cash,133.6600
1991,2006,2024-07-11 13:36:00,Debit Card,446.7900
1992,2008,2024-07-11 14:10:00,Discover,194.1700
1993,2010,2024-07-11 14:30:00,Debit Card,104.8400
1994,2009,2024-07-11 15:22:00,Visa,235.3400
1995,2007,2024-07-11 15:22:00,Mobile Wallet,1648.2500
1996,2012,2024-07-11 15:38:00,Mastercard,194.1700
1997,2011,2024-07-11 15:44:00,Visa,354.5500
1998,2013,2024-07-11 17:09:00,Discover,265.5200
1999,1847,2024-07-11 18:53:00,ACH / Check,128.3500
2000,2014,2024-07-12 09:06:00,Debit Card,424.5500
2001,2015,2024-07-12 09:48:00,Cash,128.3500
2002,2017,2024-07-12 10:00:00,Cash,340.5500
2003,2018,2024-07-12 10:39:00,Mastercard,349.5200
2004,2016,2024-07-12 11:32:00,Visa,123.1300
2005,2019,2024-07-12 11:43:00,Mobile Wallet,123.1300
2006,2022,2024-07-12 12:23:00,Visa,248.7200
2007,2023,2024-07-12 13:19:00,Visa,248.7200
2008,2024,2024-07-12 15:01:00,Visa,342.7600
2009,2025,2024-07-12 15:18:00,Debit Card,348.6000
2010,2026,2024-07-12 15:20:00,Mastercard,492.1300
2011,1618,2024-07-13 08:42:00,ACH / Check,128.3500
2012,2027,2024-07-13 10:21:00,Debit Card,477.1100
2013,1564,2024-07-13 10:50:00,ACH / Check,576.7000
2014,2031,2024-07-13 11:44:00,American Express,338.6600
2015,2030,2024-07-13 12:11:00,Mastercard,235.3400
2016,2029,2024-07-13 12:52:00,Visa,133.9500
2017,2032,2024-07-13 13:26:00,Mastercard,541.0400
2018,1882,2024-07-13 16:09:00,ACH / Check,544.5000
2019,1568,2024-07-14 09:55:00,ACH / Check,128.3500
2020,1949,2024-07-14 11:14:00,ACH / Check,128.3500
2021,2034,2024-07-15 08:01:00,Visa,767.2200
2022,1836,2024-07-15 08:24:00,ACH / Check,1214.4900
2023,2036,2024-07-15 08:32:00,American Express,359.5100
2024,2037,2024-07-15 10:06:00,Mastercard,133.9500
2025,1835,2024-07-15 11:08:00,ACH / Check,371.5200
2026,2035,2024-07-15 11:18:00,Visa,690.9000
2027,2040,2024-07-15 12:23:00,Mastercard,133.9500
2028,1838,2024-07-15 12:24:00,ACH / Check,128.3500
2029,2041,2024-07-15 12:53:00,Cash,258.8400
2030,2042,2024-07-15 16:28:00,American Express,128.3500
2031,2045,2024-07-15 16:52:00,Mastercard,767.2200
2032,2046,2024-07-16 07:55:00,Cash,451.8900
2033,2051,2024-07-16 10:56:00,Cash,512.9800
2034,2049,2024-07-16 11:18:00,Cash,123.1300
2035,2048,2024-07-16 11:51:00,Visa,566.2400
2036,1730,2024-07-16 12:01:00,ACH / Check,126.0000
2037,2053,2024-07-16 12:03:00,Mastercard,203.9500
2038,2054,2024-07-16 12:23:00,Mobile Wallet,133.9500
2039,2055,2024-07-16 12:41:00,Debit Card,652.9800
2040,2052,2024-07-16 12:53:00,Mobile Wallet,123.1300
2041,2056,2024-07-16 13:10:00,Visa,895.0000
2042,2057,2024-07-16 14:34:00,Visa,413.7800
2043,2058,2024-07-16 15:04:00,Visa,1580.9600
2044,2059,2024-07-16 16:14:00,Mobile Wallet,534.0500
2045,2061,2024-07-17 08:47:00,Cash,270.3400
2046,2062,2024-07-17 09:16:00,Visa,818.9000
2047,2064,2024-07-17 09:26:00,American Express,210.0000
2048,2065,2024-07-17 09:37:00,Visa,303.7600
2049,2060,2024-07-17 09:46:00,Visa,566.2400
2050,1686,2024-07-17 10:54:00,ACH / Check,128.3500
2051,2067,2024-07-17 11:37:00,Mobile Wallet,123.1300
2052,2063,2024-07-17 11:38:00,Visa,566.2400
2053,2068,2024-07-17 11:58:00,Mastercard,133.9500
2054,2073,2024-07-17 13:41:00,Cash,164.98
2055,2073,2024-07-17 13:42:00,Mastercard,371.7000
2056,2071,2024-07-17 13:57:00,Visa,130.1300
2057,2072,2024-07-17 14:08:00,Visa,243.5300
2058,2070,2024-07-17 14:08:00,Debit Card,628.5800
2059,2074,2024-07-17 15:01:00,Cash,807.4300
2060,2075,2024-07-17 16:26:00,Mastercard,161.6600
2061,1986,2024-07-17 17:02:00,ACH / Check,230.8400
2062,1621,2024-07-18 08:56:00,ACH / Check,230.8400
2063,2076,2024-07-18 09:12:00,Visa,467.8800
2064,2077,2024-07-18 10:03:00,Debit Card,123.1300
2065,2078,2024-07-18 10:15:00,Debit Card,170.7000
2066,2081,2024-07-18 10:43:00,Debit Card,533.3000
2067,2079,2024-07-18 11:41:00,American Express,133.9500
2068,2080,2024-07-18 11:41:00,Visa,354.5500
2069,1636,2024-07-18 12:00:00,ACH / Check,300.7600
2070,2082,2024-07-18 12:54:00,Debit Card,354.5500
2071,1753,2024-07-18 13:09:00,ACH / Check,237.8800
2072,2083,2024-07-18 13:10:00,Debit Card,416.1500
2073,2086,2024-07-18 13:31:00,Visa,235.3400
2074,2084,2024-07-18 13:37:00,Cash,354.5500
2075,2087,2024-07-18 14:30:00,American Express,690.9000
2076,2085,2024-07-18 14:40:00,Visa,978.5300
2077,1957,2024-07-19 08:34:00,ACH / Check,625.2700
2078,2090,2024-07-19 09:22:00,Debit Card,140.0000
2079,2089,2024-07-19 09:28:00,Visa,340.5500
2080,2091,2024-07-19 09:54:00,Mobile Wallet,566.2400
2081,1966,2024-07-19 11:24:00,ACH / Check,128.3500
2082,1930,2024-07-19 12:43:00,ACH / Check,128.3500
2083,2096,2024-07-19 13:00:00,Debit Card,273.6600
2084,2095,2024-07-19 13:01:00,Mobile Wallet,207.1300
2085,2100,2024-07-19 14:36:00,Cash,194.1700
2086,1790,2024-07-19 15:12:00,ACH / Check,128.3500
2087,2097,2024-07-19 15:21:00,Visa,566.2400
2088,1722,2024-07-20 08:12:00,ACH / Check,128.3500
2089,2101,2024-07-20 08:34:00,Visa,354.5500
2090,2102,2024-07-20 09:30:00,Cash,1356.9600
2091,2103,2024-07-20 12:35:00,Visa,354.5500
2092,2105,2024-07-20 12:43:00,Visa,254.6600
2093,1825,2024-07-22 06:47:00,ACH / Check,75.6000
2094,2108,2024-07-22 08:36:00,Mastercard,544.5800
2095,2106,2024-07-22 08:36:00,Debit Card,441.2300
2096,2112,2024-07-22 09:11:00,Debit Card,354.5500
2097,2110,2024-07-22 09:50:00,Discover,317.4800
2098,2109,2024-07-22 10:38:00,Cash,978.5300
2099,2107,2024-07-22 10:51:00,Cash,133.9500
2100,2113,2024-07-22 10:57:00,Debit Card,256.7900
2101,1816,2024-07-22 12:56:00,ACH / Check,128.3500
2102,2116,2024-07-22 13:32:00,Visa,700.2000
2103,2114,2024-07-22 13:56:00,Visa,690.9000
2104,1758,2024-07-22 14:09:00,ACH / Check,980.8300
2105,2117,2024-07-22 14:37:00,Visa,533.7600
2106,2115,2024-07-22 14:54:00,American Express,140.0000
2107,2118,2024-07-22 16:43:00,Mastercard,566.2400
2108,2121,2024-07-23 07:47:00,Mastercard,235.3400
2109,2122,2024-07-23 09:25:00,Visa,544.5800
2110,2124,2024-07-23 11:12:00,Debit Card,249.3400
2111,2120,2024-07-23 11:29:00,Mobile Wallet,354.5500
2112,2123,2024-07-23 11:51:00,Visa,170.7000
2113,2126,2024-07-23 13:10:00,Visa,473.6300
2114,2125,2024-07-23 13:24:00,Cash,459.3900
2115,2129,2024-07-23 14:26:00,Mobile Wallet,716.5200
2116,2127,2024-07-23 14:42:00,Mastercard,123.1300
2117,2131,2024-07-23 14:51:00,Debit Card,180.5300
2118,1913,2024-07-23 15:35:00,ACH / Check,189.0000
2119,2128,2024-07-23 15:43:00,American Express,1619.6200
2120,2130,2024-07-23 15:56:00,Cash,65.82
2121,2130,2024-07-23 15:57:00,Visa,197.3100
2122,2132,2024-07-23 16:12:00,Cash,123.1300
2123,2133,2024-07-24 08:14:00,Visa,217.9500
2124,2135,2024-07-24 12:04:00,Visa,133.6600
2125,2139,2024-07-24 13:08:00,Mastercard,126.0000
2126,2136,2024-07-24 13:11:00,Mastercard,70.0000
2127,2137,2024-07-24 13:16:00,Visa,861.0100
2128,2138,2024-07-24 14:18:00,Mobile Wallet,263.1300
2129,2143,2024-07-24 14:49:00,Visa,123.1300
2130,2142,2024-07-24 15:01:00,Debit Card,528.6900
2131,2141,2024-07-24 15:33:00,Mastercard,270.3400
2132,2140,2024-07-24 15:44:00,Mastercard,354.5500
2133,2145,2024-07-24 16:20:00,Discover,265.5200
2134,2147,2024-07-24 17:00:00,Debit Card,317.4800
2135,2144,2024-07-24 17:16:00,Cash,206.0000
2136,2148,2024-07-25 08:23:00,Debit Card,297.9800
2137,2146,2024-07-25 08:50:00,Visa,748.4700
2138,2038,2024-07-25 09:09:00,ACH / Check,290.0500
2139,2150,2024-07-25 09:59:00,Discover,348.6000
2140,2149,2024-07-25 10:36:00,Visa,354.5500
2141,2152,2024-07-25 11:10:00,Visa,349.5300
2142,2153,2024-07-25 11:30:00,Debit Card,75.6000
2143,2151,2024-07-25 11:42:00,Mobile Wallet,392.8800
2144,2002,2024-07-25 11:59:00,ACH / Check,343.0000
2145,2155,2024-07-25 12:43:00,Debit Card,362.6000
2146,2159,2024-07-25 14:40:00,Mobile Wallet,362.0400
2147,2157,2024-07-25 15:05:00,Debit Card,326.9300
2148,2156,2024-07-25 15:59:00,Mastercard,354.5500
2149,2160,2024-07-25 16:20:00,Mastercard,566.2400
2150,1821,2024-07-25 16:31:00,ACH / Check,128.3500
2151,2039,2024-07-26 08:34:00,ACH / Check,248.7200
2152,2047,2024-07-26 09:09:00,ACH / Check,221.3400
2153,2161,2024-07-26 09:19:00,Mastercard,348.6000
2154,2162,2024-07-26 11:02:00,Mobile Wallet,609.6300
2155,2164,2024-07-26 12:03:00,Mobile Wallet,133.9500
2156,2163,2024-07-26 12:39:00,Cash,447.0500
2157,2165,2024-07-26 14:03:00,Mobile Wallet,470.6100
2158,1880,2024-07-26 14:05:00,ACH / Check,300.7600
2159,2166,2024-07-26 14:30:00,Discover,273.9500
2160,2169,2024-07-26 15:02:00,Mastercard,616.6400
2161,2168,2024-07-26 15:09:00,Mobile Wallet,362.6000
2162,2170,2024-07-26 16:54:00,Mobile Wallet,377.5200
2163,2066,2024-07-27 07:23:00,ACH / Check,254.3500
2164,2173,2024-07-27 08:54:00,Mobile Wallet,194.1700
2165,2175,2024-07-27 09:02:00,Debit Card,697.2200
2166,2174,2024-07-27 09:40:00,Mastercard,455.4300
2167,2171,2024-07-27 10:27:00,American Express,690.9000
2168,2176,2024-07-27 10:47:00,Visa,133.9500
2169,2177,2024-07-27 11:47:00,Discover,248.7200
2170,2178,2024-07-27 13:44:00,Cash,1048.0800
2171,1807,2024-07-28 06:08:00,ACH / Check,75.6000
2172,1879,2024-07-28 10:21:00,ACH / Check,343.0000
2173,2182,2024-07-29 07:54:00,Debit Card,673.7600
2174,2180,2024-07-29 09:32:00,Mastercard,84.0000
2175,2179,2024-07-29 09:44:00,Cash,53.45
2176,2179,2024-07-29 09:45:00,Visa,188.5900
2177,2183,2024-07-29 10:08:00,Cash,340.1700
2178,1764,2024-07-29 10:23:00,ACH / Check,135.2000
2179,2181,2024-07-29 11:18:00,Discover,859.3200
2180,2188,2024-07-29 12:22:00,Cash,227.6000
2181,2185,2024-07-29 12:32:00,Visa,242.0400
2182,2189,2024-07-29 13:09:00,Debit Card,859.3200
2183,2191,2024-07-29 13:20:00,Visa,895.0000
2184,2190,2024-07-29 13:42:00,Discover,143.6000
2185,2192,2024-07-29 13:44:00,Debit Card,191.3500
2186,1911,2024-07-29 14:24:00,ACH / Check,1353.0900
2187,2193,2024-07-29 14:41:00,Visa,123.1300
2188,2194,2024-07-29 16:51:00,Visa,530.6600
2189,2196,2024-07-30 08:14:00,Mobile Wallet,297.9800
2190,2197,2024-07-30 09:19:00,Cash,781.2200
2191,2195,2024-07-30 10:48:00,Mobile Wallet,235.3400
2192,2198,2024-07-30 10:53:00,Visa,133.9500
2193,2199,2024-07-30 12:10:00,Mobile Wallet,467.8500
2194,2202,2024-07-30 14:12:00,Visa,690.9000
2195,2200,2024-07-30 14:19:00,Debit Card,1599.3000
2196,2203,2024-07-30 15:01:00,Mastercard,1271.6800
2197,2201,2024-07-30 15:37:00,Debit Card,175.0000
2198,2204,2024-07-30 16:06:00,Mastercard,209.5300
2199,2205,2024-07-30 16:21:00,Mobile Wallet,690.9000
2200,2207,2024-07-30 17:06:00,Cash,690.9000
2201,2206,2024-07-30 17:11:00,Visa,347.6300
2202,1831,2024-07-30 17:45:00,ACH / Check,482.8400
2203,2020,2024-07-31 08:20:00,ACH / Check,254.3500
2204,2004,2024-07-31 08:39:00,ACH / Check,128.3500
2205,2208,2024-07-31 10:12:00,Visa,293.8400
2206,2211,2024-07-31 10:24:00,Visa,123.1300
2207,2210,2024-07-31 10:27:00,Cash,235.3400
2208,2213,2024-07-31 10:48:00,Debit Card,133.9500
2209,2212,2024-07-31 11:11:00,Visa,354.5500
2210,2209,2024-07-31 11:39:00,Mobile Wallet,326.9300
2211,2214,2024-07-31 12:14:00,Visa,261.0600
2212,2216,2024-07-31 12:19:00,Mastercard,207.1300
2213,2218,2024-07-31 12:55:00,Mobile Wallet,488.5000
2214,2221,2024-07-31 13:10:00,Debit Card,506.6400
2215,2215,2024-07-31 13:14:00,Visa,235.3400
2216,1819,2024-07-31 13:17:00,ACH / Check,128.3500
2217,2219,2024-07-31 14:01:00,Visa,123.1300
2218,2217,2024-07-31 14:17:00,Mobile Wallet,100.6400
2219,2220,2024-07-31 14:36:00,Visa,348.6000
2220,2222,2024-07-31 16:30:00,Debit Card,140.0000
2221,2223,2024-07-31 16:33:00,Cash,303.1200
2222,2227,2024-07-31 16:35:00,Mastercard,432.6100
2223,2224,2024-07-31 16:39:00,Discover,783.9100
2224,2226,2024-07-31 16:56:00,Visa,459.1000
2225,2225,2024-07-31 17:29:00,Mastercard,229.1700
2226,2229,2024-08-01 09:34:00,Debit Card,678.2400
2227,2231,2024-08-01 10:21:00,Mastercard,104.8400
2228,2230,2024-08-01 10:28:00,Cash,273.9500
2229,2228,2024-08-01 10:55:00,Mastercard,254.6800
2230,2234,2024-08-01 11:19:00,Debit Card,75.6000
2231,2235,2024-08-01 11:41:00,Mastercard,154.0000
2232,2237,2024-08-01 12:53:00,Visa,354.5500
2233,2238,2024-08-01 15:35:00,Visa,354.5500
2234,2241,2024-08-01 15:39:00,American Express,468.7600
2235,2242,2024-08-01 16:10:00,Mobile Wallet,326.9300
2236,2240,2024-08-01 16:45:00,Cash,243.8500
2237,2244,2024-08-01 16:58:00,Visa,123.1300
2238,2243,2024-08-01 17:07:00,American Express,348.6000
2239,2245,2024-08-02 08:29:00,Debit Card,512.9800
2240,1936,2024-08-02 08:33:00,ACH / Check,201.6000
2241,2248,2024-08-02 12:49:00,Visa,217.0400
2242,2251,2024-08-02 12:54:00,American Express,335.0500
2243,2249,2024-08-02 13:47:00,Visa,221.3400
2244,2250,2024-08-02 13:55:00,Visa,354.5500
2245,2252,2024-08-02 14:27:00,Discover,1356.9600
2246,2253,2024-08-02 15:42:00,Mastercard,1319.4900
2247,2256,2024-08-02 16:20:00,Mobile Wallet,541.0400
2248,2257,2024-08-03 11:00:00,Mastercard,195.4600
2249,2259,2024-08-03 11:19:00,Visa,133.9500
2250,2260,2024-08-03 12:47:00,Discover,140.9500
2251,1783,2024-08-03 13:04:00,ACH / Check,126.0000
2252,2258,2024-08-03 13:10:00,Cash,235.3400
2253,2263,2024-08-05 08:49:00,Visa,665.9000
2254,2262,2024-08-05 08:58:00,American Express,207.1300
2255,2261,2024-08-05 11:15:00,Mobile Wallet,348.6000
2256,2268,2024-08-05 11:27:00,Visa,243.8500
2257,2265,2024-08-05 11:33:00,Visa,123.1300
2258,2267,2024-08-05 11:38:00,Discover,104.8400
2259,2266,2024-08-05 11:50:00,Visa,265.5200
2260,2269,2024-08-05 12:18:00,Mobile Wallet,637.6300
2261,2270,2024-08-05 12:37:00,Cash,224.0000
2262,2272,2024-08-05 14:26:00,Debit Card,343.0000
2263,2274,2024-08-05 14:30:00,Mastercard,117.5300
2264,2273,2024-08-05 15:39:00,Visa,354.5500
2265,2275,2024-08-05 15:41:00,Mastercard,243.8500
2266,1987,2024-08-05 18:26:00,ACH / Check,191.3500
2267,2276,2024-08-06 09:36:00,Cash,1109.1800
2268,2278,2024-08-06 10:03:00,Visa,354.5500
2269,2280,2024-08-06 13:34:00,Mastercard,345.7000
2270,2281,2024-08-06 14:02:00,American Express,987.5600
2271,2283,2024-08-06 14:03:00,American Express,326.9300
2272,2285,2024-08-06 14:34:00,Debit Card,1141.6600
2273,2284,2024-08-06 15:16:00,Mastercard,706.2400
2274,2282,2024-08-06 15:29:00,Visa,389.6000
2275,2286,2024-08-06 15:38:00,Debit Card,223.7600
2276,2288,2024-08-06 16:10:00,American Express,348.6000
2277,2287,2024-08-06 16:47:00,Mastercard,341.3100
2278,2289,2024-08-07 08:07:00,Debit Card,349.5200
2279,2290,2024-08-07 09:47:00,Mastercard,543.3100
2280,2291,2024-08-07 10:28:00,Debit Card,879.6600
2281,2292,2024-08-07 11:12:00,American Express,84.0000
2282,2293,2024-08-07 11:34:00,Discover,170.7000
2283,2297,2024-08-07 12:07:00,Visa,133.9500
2284,2294,2024-08-07 12:19:00,Cash,354.5500
2285,2093,2024-08-07 12:47:00,ACH / Check,519.3800
2286,2296,2024-08-07 12:52:00,Visa,636.1100
2287,2295,2024-08-07 12:56:00,Mastercard,104.8400
2288,2298,2024-08-07 13:54:00,Mastercard,913.5100
2289,2299,2024-08-07 15:26:00,Debit Card,519.3800
2290,2303,2024-08-08 08:07:00,Mobile Wallet,381.8900
2291,2301,2024-08-08 08:43:00,Visa,267.6200
2292,2304,2024-08-08 08:59:00,Visa,1476.1700
2293,2305,2024-08-08 09:35:00,Mobile Wallet,490.8800
2294,2302,2024-08-08 09:45:00,Visa,677.2600
2295,2307,2024-08-08 12:04:00,Mobile Wallet,217.9500
2296,2309,2024-08-08 12:27:00,Mobile Wallet,217.9500
2297,2306,2024-08-08 12:49:00,Debit Card,250.8200
2298,2311,2024-08-08 13:19:00,Mastercard,235.3400
2299,2313,2024-08-08 13:57:00,Mobile Wallet,243.8500
2300,2310,2024-08-08 14:06:00,Mastercard,859.3200
2301,2312,2024-08-08 14:34:00,Visa,368.5500
2302,2315,2024-08-08 16:30:00,Mastercard,105.0000
2303,2314,2024-08-08 16:40:00,Visa,169.1700
2304,2319,2024-08-08 16:44:00,Mastercard,588.2300
2305,2317,2024-08-08 16:51:00,American Express,257.0400
2306,2318,2024-08-09 10:06:00,Cash,1106.8300
2307,2316,2024-08-09 10:24:00,Mastercard,637.6300
2308,2320,2024-08-09 10:32:00,Visa,820.0300
2309,2324,2024-08-09 12:06:00,American Express,483.4700
2310,2323,2024-08-09 12:10:00,Cash,604.0400
2311,2321,2024-08-09 12:26:00,Visa,117.5300
2312,2325,2024-08-09 13:45:00,Mobile Wallet,648.9000
2313,2326,2024-08-09 14:08:00,Debit Card,453.3900
2314,2327,2024-08-09 14:42:00,Visa,314.8400
2315,1883,2024-08-09 14:43:00,ACH / Check,128.3500
2316,2328,2024-08-09 16:15:00,American Express,279.5300
2317,2329,2024-08-09 16:35:00,Mobile Wallet,1570.6200
2318,2134,2024-08-10 05:57:00,ACH / Check,343.0000
2319,1887,2024-08-10 06:17:00,ACH / Check,198.3300
2320,2331,2024-08-10 10:56:00,Cash,544.5800
2321,2247,2024-08-10 11:04:00,ACH / Check,228.9900
2322,2330,2024-08-10 11:11:00,Mobile Wallet,334.8800
2323,2332,2024-08-10 11:23:00,Mastercard,249.3400
2324,2334,2024-08-10 11:26:00,Cash,382.9200
2325,2333,2024-08-10 11:51:00,Mobile Wallet,1476.1700
2326,2335,2024-08-10 11:59:00,Debit Card,466.9300
2327,2111,2024-08-10 13:03:00,ACH / Check,416.1500
2328,1951,2024-08-11 13:20:00,ACH / Check,180.1700
2329,2337,2024-08-12 08:49:00,Mastercard,254.6800
2330,2338,2024-08-12 10:05:00,Mobile Wallet,1194.8900
2331,2339,2024-08-12 10:07:00,Debit Card,70.0000
2332,2340,2024-08-12 10:11:00,Mastercard,326.9300
2333,2050,2024-08-12 11:18:00,ACH / Check,128.3500
2334,2341,2024-08-12 11:37:00,Debit Card,235.3400
2335,2342,2024-08-12 12:10:00,Mastercard,433.3200
2336,2345,2024-08-12 14:53:00,Visa,265.5200
2337,1928,2024-08-12 15:14:00,ACH / Check,715.8000
2338,2348,2024-08-12 15:22:00,Mastercard,317.4800
2339,2351,2024-08-12 16:33:00,Visa,326.9300
2340,2346,2024-08-12 16:35:00,Mastercard,1681.5200
2341,2353,2024-08-12 16:44:00,Mastercard,530.1100
2342,2350,2024-08-12 16:54:00,Mastercard,566.2400
2343,2254,2024-08-12 16:55:00,ACH / Check,609.2000
2344,2354,2024-08-12 17:07:00,Mastercard,133.9500
2345,2349,2024-08-12 17:08:00,Debit Card,194.1700
2346,2352,2024-08-12 17:17:00,Debit Card,614.5800
2347,1982,2024-08-13 08:54:00,ACH / Check,517.7600
2348,2356,2024-08-13 09:46:00,Visa,84.0000
2349,2357,2024-08-13 11:59:00,Visa,133.6600
2350,2360,2024-08-13 12:30:00,Debit Card,348.6000
2351,2361,2024-08-13 12:35:00,Mastercard,123.1300
2352,2362,2024-08-13 12:54:00,Mastercard,130.1300
2353,2363,2024-08-13 13:33:00,Mobile Wallet,123.1300
2354,2365,2024-08-13 13:36:00,Debit Card,267.6200
2355,1891,2024-08-13 13:39:00,ACH / Check,343.0000
2356,2369,2024-08-13 14:19:00,Visa,209.5300
2357,2367,2024-08-13 14:23:00,Visa,648.9000
2358,2368,2024-08-13 14:43:00,Cash,375.3400
2359,2366,2024-08-13 15:27:00,Visa,254.6600
2360,2371,2024-08-13 15:59:00,Cash,783.4700
2361,2372,2024-08-13 17:24:00,Visa,551.3900
2362,2094,2024-08-14 07:11:00,ACH / Check,203.9500
2363,2375,2024-08-14 09:17:00,Mastercard,207.1300
2364,2373,2024-08-14 09:18:00,Debit Card,425.3900
2365,2374,2024-08-14 10:22:00,Mastercard,84.0000
2366,2370,2024-08-14 11:20:00,Visa,392.7100
2367,2378,2024-08-14 12:57:00,Debit Card,697.5600
2368,2377,2024-08-14 13:07:00,Mastercard,566.2400
2369,2380,2024-08-14 13:35:00,Mobile Wallet,348.6000
2370,2381,2024-08-14 15:34:00,Cash,322.7100
2371,2043,2024-08-14 17:00:00,ACH / Check,648.9000
2372,2382,2024-08-14 17:27:00,Mobile Wallet,394.6800
2373,2232,2024-08-15 07:26:00,ACH / Check,403.2700
2374,2383,2024-08-15 09:20:00,Visa,612.6300
2375,1920,2024-08-15 09:24:00,ACH / Check,230.8400
2376,2385,2024-08-15 10:12:00,Visa,348.6000
2377,2386,2024-08-15 12:35:00,Cash,188.7600
2378,2387,2024-08-15 12:37:00,American Express,471.3600
2379,2388,2024-08-15 12:42:00,Mobile Wallet,265.5200
2380,2186,2024-08-15 13:20:00,ACH / Check,128.3500
2381,2390,2024-08-15 13:28:00,Cash,433.5900
2382,2389,2024-08-15 14:03:00,Debit Card,354.5500
2383,2391,2024-08-15 14:29:00,Mastercard,316.1900
2384,2392,2024-08-15 15:44:00,Mobile Wallet,456.3800
2385,1916,2024-08-15 15:52:00,ACH / Check,340.5500
2386,2393,2024-08-16 08:56:00,Debit Card,327.8300
2387,2394,2024-08-16 09:06:00,Mastercard,326.9300
2388,2396,2024-08-16 10:50:00,Mastercard,126.0000
2389,2397,2024-08-16 11:45:00,Cash,123.1300
2390,2395,2024-08-16 11:52:00,Mobile Wallet,159.8800
2391,2400,2024-08-16 13:46:00,Debit Card,348.6000
2392,2399,2024-08-16 13:57:00,Discover,354.5500
2393,2401,2024-08-16 14:04:00,Visa,691.5200
2394,2402,2024-08-16 14:13:00,Debit Card,128.3500
2395,2403,2024-08-16 14:23:00,Debit Card,224.0000
2396,2069,2024-08-16 14:31:00,ACH / Check,343.0000
2397,2405,2024-08-16 16:42:00,Visa,394.6600
2398,2404,2024-08-16 17:03:00,Cash,224.37
2399,2404,2024-08-16 17:04:00,Debit Card,174.3400
2400,2407,2024-08-16 17:15:00,Mastercard,424.5500
2401,2264,2024-08-17 09:16:00,ACH / Check,227.0500
2402,2246,2024-08-17 09:33:00,ACH / Check,75.6000
2403,2409,2024-08-17 10:05:00,Visa,133.9500
2404,2408,2024-08-17 10:30:00,Debit Card,243.8800
2405,2411,2024-08-17 10:36:00,Visa,265.5200
2406,2406,2024-08-17 11:14:00,Visa,455.4300
2407,2044,2024-08-17 13:07:00,ACH / Check,343.0000
2408,2414,2024-08-17 13:13:00,Cash,235.6700
2409,2413,2024-08-17 13:21:00,Mobile Wallet,1036.8300
2410,1953,2024-08-18 09:30:00,ACH / Check,237.8800
2411,2417,2024-08-19 07:45:00,Visa,84.0000
2412,2415,2024-08-19 08:41:00,Visa,566.2400
2413,2418,2024-08-19 08:50:00,Debit Card,1381.8600
2414,2420,2024-08-19 09:39:00,Visa,265.5200
2415,2419,2024-08-19 10:00:00,Debit Card,543.3100
2416,2421,2024-08-19 10:33:00,Visa,123.1300
2417,2416,2024-08-19 10:36:00,Visa,566.2400
2418,2427,2024-08-19 10:45:00,Cash,607.5800
2419,2423,2024-08-19 11:12:00,American Express,394.6600
2420,2429,2024-08-19 11:48:00,Mastercard,252.4700
2421,2426,2024-08-19 12:06:00,Cash,348.6000
2422,2158,2024-08-19 12:23:00,ACH / Check,1283.6700
2423,2431,2024-08-19 14:03:00,Visa,334.1700
2424,2432,2024-08-19 14:52:00,Cash,123.1300
2425,2436,2024-08-19 15:10:00,Discover,637.6300
2426,2435,2024-08-19 16:04:00,Cash,123.1300
2427,2433,2024-08-19 16:31:00,American Express,554.8900
2428,2438,2024-08-19 16:35:00,Visa,550.0100
2429,2154,2024-08-20 09:05:00,ACH / Check,75.6000
2430,2439,2024-08-20 10:10:00,American Express,123.1300
2431,2440,2024-08-20 10:59:00,Cash,126.0000
2432,2441,2024-08-20 12:59:00,Visa,377.8100
2433,2442,2024-08-20 13:07:00,Cash,133.9500
2434,2443,2024-08-20 13:13:00,Debit Card,209.5200
2435,2444,2024-08-20 14:55:00,Debit Card,341.3100
2436,2445,2024-08-20 15:06:00,American Express,63.0000
2437,1955,2024-08-20 15:06:00,ACH / Check,631.0300
2438,2446,2024-08-20 15:31:00,Visa,159.8800
2439,2447,2024-08-20 16:18:00,Debit Card,342.7600
2440,2450,2024-08-21 09:30:00,Visa,690.9000
2441,2448,2024-08-21 10:58:00,Discover,566.2400
2442,2452,2024-08-21 11:51:00,Debit Card,133.9500
2443,2456,2024-08-21 13:12:00,Visa,634.8300
2444,2167,2024-08-21 13:28:00,ACH / Check,128.3500
2445,2453,2024-08-21 13:36:00,Visa,447.0500
2446,2455,2024-08-21 13:41:00,Visa,341.3100
2447,2454,2024-08-21 13:58:00,Mastercard,383.6300
2448,2457,2024-08-21 14:03:00,Debit Card,128.3500
2449,2459,2024-08-21 15:34:00,Cash,1476.1700
2450,2458,2024-08-21 15:49:00,Visa,1117.6800
2451,2461,2024-08-21 17:05:00,Mastercard,348.6000
2452,2460,2024-08-21 17:20:00,Cash,250.8200
2453,2462,2024-08-22 08:21:00,Discover,652.9800
2454,2308,2024-08-22 09:18:00,ACH / Check,941.3600
2455,2464,2024-08-22 10:57:00,Debit Card,296.6600
2456,2088,2024-08-22 11:44:00,ACH / Check,128.3500
2457,2463,2024-08-22 12:15:00,Cash,638.6000
2458,2465,2024-08-22 13:12:00,Visa,594.2400
2459,2469,2024-08-22 13:24:00,Cash,1179.4900
2460,2466,2024-08-22 13:36:00,American Express,252.4700
2461,2472,2024-08-22 13:45:00,Debit Card,113.2400
2462,2470,2024-08-22 14:01:00,Mastercard,382.0400
2463,2468,2024-08-22 14:33:00,Visa,369.0000
2464,2471,2024-08-22 14:55:00,Mastercard,133.9500
2465,2473,2024-08-22 17:04:00,Mobile Wallet,1476.1700
2466,2279,2024-08-23 08:52:00,ACH / Check,1555.5200
2467,2474,2024-08-23 09:31:00,Mastercard,104.8400
2468,2475,2024-08-23 10:40:00,Visa,326.9300
2469,2476,2024-08-23 10:54:00,Debit Card,194.1700
2470,2477,2024-08-23 11:24:00,Debit Card,365.9900
2471,2480,2024-08-23 11:37:00,Mastercard,161.6600
2472,2379,2024-08-23 12:15:00,ACH / Check,343.0000
2473,2478,2024-08-23 12:30:00,Visa,311.8900
2474,2033,2024-08-23 12:42:00,ACH / Check,250.3600
2475,2481,2024-08-23 13:27:00,Debit Card,84.0000
2476,2482,2024-08-23 13:36:00,Mobile Wallet,84.0000
2477,2119,2024-08-23 14:02:00,ACH / Check,343.0000
2478,2483,2024-08-23 14:46:00,Mastercard,981.6000
2479,2488,2024-08-24 09:37:00,Cash,630.4300
2480,2486,2024-08-24 09:40:00,American Express,683.3200
2481,2484,2024-08-24 09:43:00,Visa,370.3500
2482,2485,2024-08-24 10:02:00,Mobile Wallet,354.5500
2483,2487,2024-08-24 10:03:00,Visa,163.7000
2484,2490,2024-08-24 10:21:00,Mastercard,123.1300
2485,2489,2024-08-24 10:52:00,Debit Card,70.0000
2486,2491,2024-08-24 13:56:00,Debit Card,332.3500
2487,2239,2024-08-24 15:57:00,ACH / Check,340.5500
2488,2028,2024-08-25 08:41:00,ACH / Check,163.6400
2489,2099,2024-08-25 11:47:00,ACH / Check,343.0000
2490,2021,2024-08-25 12:45:00,ACH / Check,281.1800
2491,2098,2024-08-25 13:14:00,ACH / Check,128.3500
2492,2494,2024-08-26 09:24:00,Visa,70.0000
2493,2493,2024-08-26 09:32:00,Mastercard,254.6800
2494,2496,2024-08-26 09:52:00,Visa,228.9900
2495,2092,2024-08-26 09:53:00,ACH / Check,63.0000
2496,2495,2024-08-26 10:22:00,Debit Card,217.9500
2497,2498,2024-08-26 11:00:00,Visa,348.6000
2498,2492,2024-08-26 11:08:00,Visa,697.2200
2499,2497,2024-08-26 12:02:00,Debit Card,180.1700
2500,2500,2024-08-26 12:19:00,Cash,341.3100
2501,2499,2024-08-26 12:44:00,Mastercard,783.4700
2502,2502,2024-08-26 13:06:00,Visa,376.8200
2503,2507,2024-08-26 14:10:00,Mastercard,378.7900
2504,2508,2024-08-26 14:33:00,Visa,252.0000
2505,2506,2024-08-26 14:38:00,Visa,140.0000
2506,2511,2024-08-26 15:02:00,Mobile Wallet,326.9300
2507,2505,2024-08-26 15:50:00,American Express,194.1700
2508,2509,2024-08-26 16:05:00,Visa,455.4300
2509,2513,2024-08-27 07:46:00,Visa,297.7100
2510,2514,2024-08-27 08:30:00,Cash,490.9100
2511,2233,2024-08-27 09:30:00,ACH / Check,126.0000
2512,2516,2024-08-27 10:30:00,Debit Card,340.5500
2513,2515,2024-08-27 10:33:00,Mobile Wallet,123.1300
2514,2517,2024-08-27 10:35:00,Debit Card,406.4000
2515,2520,2024-08-27 14:43:00,Debit Card,541.0400
2516,2523,2024-08-27 15:59:00,Visa,140.0000
2517,2521,2024-08-27 16:51:00,Mastercard,480.9300
2518,2524,2024-08-28 07:54:00,American Express,270.3400
2519,2522,2024-08-28 08:32:00,Mobile Wallet,1476.1700
2520,2525,2024-08-28 09:44:00,Mastercard,140.0000
2521,2527,2024-08-28 10:03:00,Debit Card,319.3400
2522,2529,2024-08-28 10:30:00,Visa,690.9000
2523,2528,2024-08-28 10:52:00,Mastercard,133.9500
2524,2526,2024-08-28 10:55:00,Mastercard,188.7600
2525,2530,2024-08-28 11:53:00,Mastercard,207.1300
2526,2531,2024-08-28 13:42:00,Mobile Wallet,133.6600
2527,2532,2024-08-28 13:53:00,Visa,396.9300
2528,2533,2024-08-28 14:48:00,Cash,356.8400
2529,2534,2024-08-28 16:33:00,Visa,348.6000
2530,2535,2024-08-28 17:13:00,Discover,133.6600
2531,2538,2024-08-29 08:24:00,Debit Card,408.6600
2532,2536,2024-08-29 08:24:00,Visa,311.8900
2533,2539,2024-08-29 08:30:00,Cash,826.3800
2534,2537,2024-08-29 10:49:00,Mastercard,1036.8300
2535,2540,2024-08-29 11:18:00,Visa,424.1000
2536,2542,2024-08-29 13:33:00,Mobile Wallet,140.0000
2537,2543,2024-08-29 13:57:00,Debit Card,549.1500
2538,2547,2024-08-29 14:57:00,Debit Card,104.8400
2539,2553,2024-08-29 15:17:00,Debit Card,70.0000
2540,2546,2024-08-29 15:21:00,Visa,528.3400
2541,2545,2024-08-29 15:23:00,Debit Card,154.0000
2542,2300,2024-08-29 15:45:00,ACH / Check,343.0000
2543,2550,2024-08-29 16:00:00,Debit Card,123.1300
2544,2549,2024-08-29 16:12:00,Debit Card,1486.7000
2545,2548,2024-08-29 16:16:00,Mastercard,133.9500
2546,2554,2024-08-29 16:59:00,Debit Card,326.9300
2547,2552,2024-08-29 17:13:00,American Express,522.9200
2548,2557,2024-08-30 09:57:00,Debit Card,389.5500
2549,2556,2024-08-30 10:43:00,American Express,727.0500
2550,2560,2024-08-30 11:37:00,Mastercard,292.2900
2551,2563,2024-08-30 11:58:00,Mobile Wallet,451.2000
2552,2562,2024-08-30 12:01:00,Visa,1179.4900
2553,2559,2024-08-30 12:19:00,Debit Card,382.9200
2554,2564,2024-08-30 12:49:00,Debit Card,288.6200
2555,2565,2024-08-30 12:57:00,Visa,227.0500
2556,2561,2024-08-30 13:04:00,Mobile Wallet,311.8900
2557,2568,2024-08-30 14:16:00,Mastercard,486.7400
2558,2570,2024-08-30 15:29:00,Discover,534.7700
2559,2569,2024-08-30 16:09:00,Visa,123.1300
2560,2573,2024-08-30 16:12:00,Visa,133.9500
2561,2571,2024-08-30 16:31:00,Mastercard,70.0000
2562,2572,2024-08-30 16:59:00,Mastercard,354.5500
2563,2336,2024-08-31 08:35:00,ACH / Check,818.9000
2564,2574,2024-08-31 09:32:00,Visa,235.3400
2565,2577,2024-08-31 11:27:00,Cash,340.5500
2566,2576,2024-08-31 12:30:00,American Express,358.4600
2567,2580,2024-08-31 13:27:00,Visa,133.6600
2568,2579,2024-08-31 13:39:00,Visa,616.2200
2569,2187,2024-09-01 12:32:00,ACH / Check,128.3500
2570,2412,2024-09-01 14:06:00,ACH / Check,126.0000
2571,2172,2024-09-01 15:35:00,ACH / Check,726.1500
2572,2104,2024-09-02 11:12:00,ACH / Check,63.0000
2573,2410,2024-09-02 11:48:00,ACH / Check,128.3500
2574,2582,2024-09-03 08:26:00,Cash,243.8500
2575,2583,2024-09-03 08:43:00,Cash,123.1300
2576,2581,2024-09-03 09:35:00,Mobile Wallet,882.7400
2577,2585,2024-09-03 10:15:00,Mastercard,227.9600
2578,2584,2024-09-03 10:53:00,Debit Card,509.2900
2579,2590,2024-09-03 12:48:00,Mastercard,587.1000
2580,2236,2024-09-03 12:52:00,ACH / Check,425.1500
2581,2587,2024-09-03 13:00:00,Mastercard,537.3600
2582,2589,2024-09-03 13:33:00,Debit Card,123.1300
2583,2593,2024-09-03 15:05:00,Visa,690.9000
2584,2592,2024-09-03 15:29:00,Debit Card,566.2400
2585,2271,2024-09-03 15:55:00,ACH / Check,519.3800
2586,2596,2024-09-03 17:04:00,Debit Card,487.9900
2587,2598,2024-09-04 08:22:00,Visa,650.2400
2588,2599,2024-09-04 09:01:00,Mastercard,343.6600
2589,2601,2024-09-04 09:18:00,Mastercard,348.6000
2590,2603,2024-09-04 10:11:00,Visa,203.9500
2591,2602,2024-09-04 10:19:00,Mastercard,326.9300
2592,2607,2024-09-04 11:01:00,Visa,362.6000
2593,2606,2024-09-04 11:14:00,Mobile Wallet,399.1800
2594,2610,2024-09-04 11:32:00,Debit Card,354.5500
2595,2605,2024-09-04 11:34:00,Visa,354.5500
2596,2608,2024-09-04 11:40:00,Visa,297.9800
2597,2609,2024-09-04 11:53:00,Visa,690.9000
2598,2604,2024-09-04 12:39:00,American Express,239.9900
2599,2613,2024-09-04 13:46:00,American Express,515.7600
2600,2615,2024-09-04 14:52:00,Debit Card,451.8900
2601,2617,2024-09-04 16:05:00,Cash,123.1300
2602,2614,2024-09-04 16:07:00,Cash,297.9800
2603,2619,2024-09-05 07:51:00,Cash,299.0000
2604,2620,2024-09-05 08:53:00,Discover,210.0000
2605,2622,2024-09-05 09:52:00,Mastercard,252.4700
2606,2623,2024-09-05 09:57:00,Visa,133.9500
2607,2621,2024-09-05 10:34:00,Visa,828.9000
2608,2624,2024-09-05 11:55:00,Debit Card,217.6600
2609,2626,2024-09-05 13:15:00,Debit Card,133.9500
2610,2625,2024-09-05 14:12:00,American Express,719.4200
2611,2629,2024-09-05 15:14:00,Visa,122.4600
2612,2630,2024-09-05 15:15:00,Mastercard,321.5400
2613,2627,2024-09-05 15:30:00,Visa,1319.4900
2614,2631,2024-09-05 16:11:00,American Express,433.5200
2615,2632,2024-09-05 16:44:00,Mastercard,533.7600
2616,2634,2024-09-05 17:28:00,Cash,637.6300
2617,2637,2024-09-06 09:02:00,Mastercard,133.9500
2618,2633,2024-09-06 09:25:00,American Express,154.0000
2619,2635,2024-09-06 09:51:00,Visa,677.3600
2620,2636,2024-09-06 10:27:00,Mastercard,328.7600
2621,2638,2024-09-06 11:32:00,Visa,133.9500
2622,2640,2024-09-06 11:41:00,Visa,133.6600
2623,2639,2024-09-06 11:59:00,Cash,451.4400
2624,2642,2024-09-06 12:02:00,Mastercard,133.9500
2625,2646,2024-09-06 15:45:00,Visa,533.7600
2626,2644,2024-09-06 16:07:00,Debit Card,1016.6900
2627,2645,2024-09-06 16:25:00,Visa,800.6500
2628,2518,2024-09-07 10:13:00,ACH / Check,203.9500
2629,2648,2024-09-07 12:30:00,Mobile Wallet,361.6300
2630,2650,2024-09-07 13:10:00,Mastercard,707.6300
2631,2479,2024-09-07 13:21:00,ACH / Check,128.3500
2632,2652,2024-09-07 13:26:00,Mobile Wallet,224.0000
2633,2649,2024-09-07 13:48:00,Visa,273.6600
2634,2425,2024-09-08 07:48:00,ACH / Check,75.6000
2635,2184,2024-09-08 09:04:00,ACH / Check,193.1300
2636,2347,2024-09-08 15:34:00,ACH / Check,1490.1700
2637,2653,2024-09-09 08:52:00,Visa,203.9500
2638,2656,2024-09-09 09:06:00,Debit Card,104.8400
2639,2655,2024-09-09 10:14:00,Mobile Wallet,199.0000
2640,2659,2024-09-09 11:20:00,Cash,242.0400
2641,2661,2024-09-09 12:40:00,Visa,529.5300
2642,2662,2024-09-09 13:38:00,Cash,327.8300
2643,2660,2024-09-09 13:41:00,Cash,97.43
2644,2660,2024-09-09 13:42:00,Visa,146.4200
2645,2663,2024-09-09 14:40:00,Visa,572.5800
2646,2355,2024-09-10 06:51:00,ACH / Check,227.0500
2647,2666,2024-09-10 09:03:00,Discover,348.6000
2648,2277,2024-09-10 10:10:00,ACH / Check,519.3800
2649,2668,2024-09-10 10:15:00,Visa,104.8400
2650,2665,2024-09-10 10:35:00,Debit Card,133.9500
2651,2669,2024-09-10 10:47:00,Visa,133.9500
2652,2667,2024-09-10 11:17:00,Mobile Wallet,566.2400
2653,2671,2024-09-10 11:27:00,Discover,143.6000
2654,2674,2024-09-10 11:32:00,Visa,637.6300
2655,2673,2024-09-10 11:53:00,Visa,546.4000
2656,2675,2024-09-10 15:09:00,Debit Card,462.7100
2657,2677,2024-09-10 16:30:00,Debit Card,143.6000
2658,2676,2024-09-10 16:31:00,Mobile Wallet,70.0000
2659,2424,2024-09-11 06:44:00,ACH / Check,452.6800
2660,2678,2024-09-11 08:34:00,Cash,95.12
2661,2678,2024-09-11 08:35:00,Mastercard,231.8100
2662,2679,2024-09-11 09:51:00,Mobile Wallet,123.1300
2663,2680,2024-09-11 11:10:00,Mobile Wallet,348.6000
2664,2682,2024-09-11 12:41:00,Debit Card,547.6800
2665,2681,2024-09-11 13:06:00,Visa,123.1300
2666,2683,2024-09-11 14:24:00,Visa,354.5500
2667,2588,2024-09-11 14:43:00,ACH / Check,126.0000
2668,2686,2024-09-11 15:12:00,Debit Card,326.9300
2669,2255,2024-09-11 16:11:00,ACH / Check,228.9900
2670,2684,2024-09-11 16:22:00,Discover,123.1300
2671,2689,2024-09-11 16:25:00,Debit Card,210.0000
2672,2685,2024-09-11 16:35:00,Visa,133.9500
2673,2690,2024-09-12 09:46:00,Mobile Wallet,1117.6800
2674,2343,2024-09-12 11:47:00,ACH / Check,128.3500
2675,2364,2024-09-12 11:52:00,ACH / Check,471.3600
2676,2376,2024-09-12 12:37:00,ACH / Check,63.0000
2677,2694,2024-09-12 12:48:00,Debit Card,378.4300
2678,2692,2024-09-12 13:04:00,Debit Card,300.7600
2679,2567,2024-09-12 13:11:00,ACH / Check,75.6000
2680,2697,2024-09-12 13:37:00,Visa,566.2400
2681,2698,2024-09-12 13:50:00,Cash,343.0000
2682,2695,2024-09-12 13:58:00,Cash,81.9000
2683,2696,2024-09-12 14:22:00,Cash,1063.3700
2684,2586,2024-09-13 09:35:00,ACH / Check,203.9500
2685,2701,2024-09-13 10:17:00,Mobile Wallet,941.3600
2686,2702,2024-09-13 11:59:00,American Express,488.6000
2687,2704,2024-09-13 13:29:00,Discover,130.1300
2688,2467,2024-09-13 13:31:00,ACH / Check,303.1100
2689,2703,2024-09-13 13:51:00,Mobile Wallet,128.3500
2690,2705,2024-09-13 14:22:00,Visa,210.0000
2691,2706,2024-09-13 14:34:00,Cash,163.21
2692,2706,2024-09-13 14:35:00,Mastercard,383.1900
2693,2566,2024-09-13 15:20:00,ACH / Check,726.5100
2694,2594,2024-09-13 16:15:00,ACH / Check,663.5100
2695,2708,2024-09-13 16:54:00,Mobile Wallet,140.9500
2696,2707,2024-09-13 16:54:00,Mobile Wallet,84.0000
2697,2597,2024-09-13 18:14:00,ACH / Check,300.8800
2698,2709,2024-09-14 08:27:00,Mastercard,305.3400
2699,2710,2024-09-14 10:22:00,Visa,438.5500
2700,2711,2024-09-14 10:29:00,Mastercard,847.6300
2701,2628,2024-09-14 10:53:00,ACH / Check,943.5300
2702,2712,2024-09-14 11:36:00,Mastercard,412.5200
2703,2713,2024-09-14 11:41:00,Visa,188.8400
2704,2715,2024-09-14 13:24:00,Visa,203.9500
2705,2618,2024-09-14 18:14:00,ACH / Check,126.0000
2706,2422,2024-09-15 12:31:00,ACH / Check,694.1400
2707,2578,2024-09-16 09:15:00,ACH / Check,340.5500
2708,2717,2024-09-16 10:18:00,American Express,322.7100
2709,2541,2024-09-16 10:32:00,ACH / Check,465.4700
2710,2611,2024-09-16 10:51:00,ACH / Check,128.3500
2711,2718,2024-09-16 11:03:00,Mastercard,430.8000
2712,2720,2024-09-16 11:13:00,Debit Card,210.0000
2713,2719,2024-09-16 11:44:00,Debit Card,123.1300
2714,2722,2024-09-16 12:55:00,Visa,354.5500
2715,2721,2024-09-16 13:07:00,American Express,307.5200
2716,2723,2024-09-16 14:11:00,Debit Card,378.4300
2717,2724,2024-09-16 14:29:00,Discover,133.9500
2718,2726,2024-09-16 15:18:00,Visa,104.8400
2719,2725,2024-09-16 15:32:00,Visa,437.9800
2720,2727,2024-09-17 08:43:00,Visa,194.1700
2721,2728,2024-09-17 08:54:00,Mastercard,133.9500
2722,2358,2024-09-17 09:12:00,ACH / Check,533.9500
2723,2729,2024-09-17 10:54:00,Mastercard,349.5200
2724,2575,2024-09-17 12:00:00,ACH / Check,128.3500
2725,2732,2024-09-17 12:24:00,Mastercard,324.3200
2726,2730,2024-09-17 12:27:00,American Express,466.0400
2727,2733,2024-09-17 12:52:00,Mobile Wallet,349.5200
2728,2734,2024-09-17 14:02:00,Cash,190.66
2729,2734,2024-09-17 14:03:00,Visa,132.0500
2730,2735,2024-09-17 15:00:00,Visa,566.2400
2731,2737,2024-09-17 15:41:00,Cash,522.0400
2732,2736,2024-09-17 16:14:00,Visa,427.5500
2733,2740,2024-09-18 07:45:00,Visa,363.8600
2734,2738,2024-09-18 10:31:00,Mobile Wallet,133.9500
2735,2741,2024-09-18 12:43:00,Debit Card,506.2400
2736,2742,2024-09-18 13:10:00,Cash,70.0000
2737,2746,2024-09-18 13:41:00,Visa,328.7600
2738,2744,2024-09-18 14:00:00,Cash,53.32
2739,2744,2024-09-18 14:01:00,Debit Card,80.6300
2740,2745,2024-09-18 14:15:00,Debit Card,283.6000
2741,2747,2024-09-18 15:14:00,Debit Card,348.6000
2742,2748,2024-09-18 15:38:00,Visa,628.5800
2743,2749,2024-09-18 16:48:00,Mastercard,378.7100
2744,2752,2024-09-18 17:28:00,Mastercard,123.1300
2745,2751,2024-09-19 08:48:00,Visa,194.1700
2746,2753,2024-09-19 09:36:00,Visa,354.5500
2747,2755,2024-09-19 10:21:00,Visa,117.5300
2748,2612,2024-09-19 10:51:00,ACH / Check,75.6000
2749,2754,2024-09-19 11:31:00,Mastercard,536.9300
2750,2758,2024-09-19 11:47:00,Visa,84.0000
2751,2757,2024-09-19 13:02:00,Mastercard,275.7000
2752,2759,2024-09-19 13:50:00,Visa,826.3800
2753,2760,2024-09-19 14:07:00,Visa,334.8800
2754,2763,2024-09-19 15:27:00,Visa,104.8400
2755,2761,2024-09-19 16:21:00,Mastercard,441.2300
2756,2762,2024-09-19 16:34:00,Cash,133.9500
2757,2766,2024-09-20 09:12:00,Cash,348.6000
2758,2767,2024-09-20 10:27:00,Visa,123.1300
2759,2768,2024-09-20 10:40:00,Debit Card,230.8400
2760,2764,2024-09-20 10:44:00,Visa,243.8500
2761,2769,2024-09-20 10:51:00,Visa,388.3200
2762,2765,2024-09-20 11:06:00,Cash,221.3400
2763,2437,2024-09-20 12:07:00,ACH / Check,128.3500
2764,2770,2024-09-20 12:48:00,Cash,328.7600
2765,2773,2024-09-20 15:03:00,Visa,720.2400
2766,2774,2024-09-20 16:19:00,Debit Card,227.9600
2767,2775,2024-09-21 10:59:00,Debit Card,248.7200
2768,2777,2024-09-21 11:46:00,Mastercard,104.8400
2769,2779,2024-09-21 11:51:00,Cash,210.0000
2770,2776,2024-09-21 12:29:00,Visa,508.5600
2771,2780,2024-09-21 12:49:00,Discover,935.7400
2772,2778,2024-09-21 13:23:00,Visa,566.2400
2773,2781,2024-09-21 13:57:00,Mobile Wallet,706.2400
2774,2555,2024-09-21 14:49:00,ACH / Check,128.3500
2775,2783,2024-09-23 09:29:00,Mastercard,273.9500
2776,2784,2024-09-23 10:43:00,Mastercard,84.0000
2777,2786,2024-09-23 10:49:00,Visa,123.1300
2778,2787,2024-09-23 11:01:00,Mobile Wallet,84.0000
2779,2785,2024-09-23 11:22:00,Visa,210.0000
2780,2788,2024-09-23 11:35:00,Debit Card,383.6300
2781,2790,2024-09-23 12:38:00,Visa,519.3800
2782,2322,2024-09-23 12:51:00,ACH / Check,1151.4900
2783,2789,2024-09-23 13:23:00,Mobile Wallet,689.3700
2784,2791,2024-09-23 13:31:00,Visa,267.6200
2785,2430,2024-09-23 13:44:00,ACH / Check,1054.6800
2786,2344,2024-09-23 14:17:00,ACH / Check,174.7600
2787,2792,2024-09-23 16:06:00,American Express,258.7600
2788,2794,2024-09-23 17:13:00,Visa,1141.6600
2789,2795,2024-09-24 08:51:00,Debit Card,254.6800
2790,2796,2024-09-24 09:37:00,Mastercard,126.0000
2791,2793,2024-09-24 09:41:00,Debit Card,480.9300
2792,2798,2024-09-24 10:27:00,Debit Card,460.5900
2793,2799,2024-09-24 11:21:00,American Express,343.0000
2794,2800,2024-09-24 11:52:00,Discover,133.9500
2795,2797,2024-09-24 11:54:00,Visa,287.9500
2796,2804,2024-09-24 14:52:00,Mobile Wallet,362.6000
2797,2802,2024-09-24 14:55:00,Mastercard,637.6300
2798,2805,2024-09-24 14:58:00,Cash,443.7900
2799,2801,2024-09-24 15:06:00,Visa,494.5500
2800,2806,2024-09-24 16:08:00,Cash,71.40
2801,2806,2024-09-24 16:09:00,Debit Card,132.5500
2802,2807,2024-09-24 16:26:00,Debit Card,541.0400
2803,2809,2024-09-25 09:08:00,Visa,170.7000
2804,2811,2024-09-25 09:39:00,Visa,159.8800
2805,2600,2024-09-25 09:46:00,ACH / Check,128.3500
2806,2808,2024-09-25 10:28:00,Mastercard,766.4300
2807,2813,2024-09-25 13:02:00,Debit Card,637.6300
2808,2812,2024-09-25 13:03:00,Cash,256.7900
2809,2591,2024-09-25 13:05:00,ACH / Check,466.5500
2810,2817,2024-09-25 15:23:00,American Express,188.7600
2811,2815,2024-09-25 15:33:00,Visa,396.7900
2812,2595,2024-09-25 15:48:00,ACH / Check,980.8300
2813,2816,2024-09-25 16:36:00,Debit Card,1307.9600
2814,2820,2024-09-26 09:18:00,American Express,348.6000
2815,2819,2024-09-26 10:40:00,American Express,242.0400
2816,2821,2024-09-26 11:21:00,Debit Card,544.5800
2817,2823,2024-09-26 11:27:00,Visa,354.5500
2818,2822,2024-09-26 11:32:00,Mobile Wallet,238.5000
2819,2825,2024-09-26 11:48:00,Visa,209.5300
2820,2826,2024-09-26 11:50:00,Visa,211.6700
2821,2359,2024-09-26 13:06:00,ACH / Check,541.0400
2822,2828,2024-09-26 13:43:00,American Express,403.5500
2823,2827,2024-09-26 15:07:00,American Express,254.7000
2824,2829,2024-09-26 15:55:00,Debit Card,993.9000
2825,2831,2024-09-26 16:39:00,Debit Card,133.9500
2826,2834,2024-09-27 09:48:00,Debit Card,133.9500
2827,2384,2024-09-27 10:00:00,ACH / Check,126.0000
2828,2833,2024-09-27 10:39:00,American Express,617.7600
2829,2837,2024-09-27 11:32:00,Visa,130.1300
2830,2835,2024-09-27 12:38:00,Visa,270.0400
2831,2838,2024-09-27 13:41:00,Cash,133.9500
2832,2840,2024-09-27 13:46:00,Debit Card,594.2400
2833,2839,2024-09-27 15:06:00,Mobile Wallet,248.7200
2834,2841,2024-09-27 15:52:00,Debit Card,488.2100
2835,2551,2024-09-27 16:03:00,ACH / Check,228.9900
2836,2449,2024-09-27 18:16:00,ACH / Check,429.1100
2837,2670,2024-09-28 09:51:00,ACH / Check,75.6000
2838,2843,2024-09-28 10:48:00,Discover,84.0000
2839,2847,2024-09-28 11:48:00,Visa,170.7000
2840,2846,2024-09-28 12:18:00,Mastercard,194.1700
2841,2714,2024-09-28 13:19:00,ACH / Check,571.9900
2842,2845,2024-09-28 13:43:00,Mastercard,543.3100
2843,2641,2024-09-28 14:08:00,ACH / Check,191.3500
2844,2654,2024-09-28 16:36:00,ACH / Check,389.6000
2845,2434,2024-09-29 16:43:00,ACH / Check,128.3500
2846,2510,2024-09-29 17:08:00,ACH / Check,1297.8600
2847,2848,2024-09-30 09:29:00,Visa,544.5800
2848,2519,2024-09-30 09:34:00,ACH / Check,128.3500
2849,2398,2024-09-30 10:13:00,ACH / Check,630.6300
2850,2852,2024-09-30 10:27:00,Visa,727.3400
2851,2428,2024-09-30 11:15:00,ACH / Check,128.3500
2852,2857,2024-09-30 11:53:00,Mobile Wallet,558.6000
2853,2853,2024-09-30 12:07:00,Visa,267.6200
2854,2856,2024-09-30 12:27:00,Visa,235.3400
2855,2855,2024-09-30 12:32:00,Visa,541.0400
2856,2854,2024-09-30 12:34:00,Mastercard,245.6600
2857,2860,2024-09-30 13:02:00,Mastercard,533.7600
2858,2858,2024-09-30 13:12:00,Discover,697.2200
2859,2743,2024-09-30 13:58:00,ACH / Check,930.4300
2860,2859,2024-09-30 14:01:00,Visa,348.6000
2861,2862,2024-09-30 14:09:00,Mastercard,437.3700
2862,2863,2024-09-30 14:56:00,Mobile Wallet,593.3900
2863,2865,2024-09-30 15:10:00,Debit Card,732.2200
2864,2866,2024-09-30 15:12:00,Debit Card,123.1300
2865,2867,2024-10-01 07:53:00,American Express,533.7600
2866,2869,2024-10-01 10:59:00,Visa,133.9500
2867,2871,2024-10-01 11:32:00,Mastercard,256.7900
2868,2731,2024-10-01 12:13:00,ACH / Check,541.0400
2869,2874,2024-10-01 12:39:00,Visa,789.1200
2870,2870,2024-10-01 12:56:00,Visa,541.0700
2871,2873,2024-10-01 13:16:00,Cash,133.9500
2872,2872,2024-10-01 13:41:00,Mastercard,348.6000
2873,2875,2024-10-01 14:36:00,Debit Card,699.9100
2874,2877,2024-10-01 15:25:00,Mobile Wallet,324.3200
2875,2876,2024-10-01 16:11:00,Cash,70.0000
2876,2699,2024-10-01 16:42:00,ACH / Check,648.9000
2877,2879,2024-10-02 08:24:00,American Express,217.9500
2878,2880,2024-10-02 10:11:00,Mastercard,267.6200
2879,2558,2024-10-02 10:24:00,ACH / Check,174.7600
2880,2881,2024-10-02 10:52:00,Mastercard,195.4600
2881,2451,2024-10-02 12:53:00,ACH / Check,340.5500
2882,2750,2024-10-02 14:36:00,ACH / Check,203.9500
2883,2882,2024-10-02 15:29:00,American Express,649.3500
2884,2883,2024-10-02 15:40:00,Debit Card,348.6000
2885,2544,2024-10-03 09:37:00,ACH / Check,198.0600
2886,2501,2024-10-03 09:38:00,ACH / Check,128.3500
2887,2504,2024-10-03 10:31:00,ACH / Check,303.1100
2888,2888,2024-10-03 12:37:00,Visa,133.9500
2889,2887,2024-10-03 12:52:00,Debit Card,778.3400
2890,2885,2024-10-03 12:53:00,Visa,348.6000
2891,2884,2024-10-03 12:56:00,Debit Card,229.1700
2892,2688,2024-10-03 13:30:00,ACH / Check,609.6300
2893,2889,2024-10-03 14:26:00,Visa,70.0000
2894,2512,2024-10-03 14:52:00,ACH / Check,541.0400
2895,2890,2024-10-03 14:54:00,Debit Card,1170.4900
2896,2893,2024-10-03 16:49:00,Visa,117.5300
2897,2895,2024-10-04 07:53:00,Mastercard,486.7400
2898,2897,2024-10-04 09:58:00,Mobile Wallet,517.7600
2899,2892,2024-10-04 10:03:00,Mobile Wallet,256.7900
2900,2896,2024-10-04 10:06:00,Mobile Wallet,340.4500
2901,2894,2024-10-04 10:34:00,Debit Card,445.5500
2902,2898,2024-10-04 11:02:00,Discover,322.7100
2903,2900,2024-10-04 11:26:00,American Express,254.6600
2904,2899,2024-10-04 11:45:00,Cash,123.1300
2905,2901,2024-10-04 12:55:00,Mobile Wallet,1609.8300
2906,2902,2024-10-04 12:57:00,Mastercard,541.0400
2907,2903,2024-10-04 15:29:00,Mastercard,877.4300
2908,2905,2024-10-04 17:15:00,Visa,217.6600
2909,2691,2024-10-05 08:12:00,ACH / Check,306.1700
2910,2907,2024-10-05 11:11:00,Mobile Wallet,163.7600
2911,2910,2024-10-05 12:34:00,Debit Card,1343.3300
2912,2912,2024-10-05 13:41:00,American Express,566.2400
2913,2503,2024-10-06 11:05:00,ACH / Check,541.0400
2914,2915,2024-10-07 08:24:00,Mastercard,317.4800
2915,2911,2024-10-07 10:50:00,Cash,348.6000
2916,2658,2024-10-07 11:07:00,ACH / Check,749.5400
2917,2918,2024-10-07 11:36:00,Cash,311.8900
2918,2919,2024-10-07 12:19:00,Mastercard,70.0000
2919,2923,2024-10-07 12:31:00,Visa,273.9500
2920,2921,2024-10-07 13:17:00,Debit Card,128.3500
2921,2924,2024-10-07 13:24:00,Debit Card,326.9300
2922,2920,2024-10-07 13:27:00,Visa,566.2400
2923,2616,2024-10-07 14:04:00,ACH / Check,378.7100
2924,2927,2024-10-07 14:12:00,Cash,104.8400
2925,2926,2024-10-07 15:32:00,Debit Card,133.9500
2926,2925,2024-10-07 15:36:00,Cash,322.4200
2927,2929,2024-10-07 15:38:00,Debit Card,614.5800
2928,2851,2024-10-08 07:19:00,ACH / Check,128.3500
2929,2930,2024-10-08 09:16:00,Visa,733.3400
2930,2932,2024-10-08 09:30:00,Visa,235.3400
2931,2931,2024-10-08 10:22:00,Visa,550.9300
2932,2935,2024-10-08 10:45:00,Mastercard,398.1200
2933,2936,2024-10-08 11:43:00,Discover,123.1300
2934,2933,2024-10-08 11:44:00,Mastercard,150.6000
2935,2934,2024-10-08 11:58:00,Visa,75.6000
2936,2937,2024-10-08 13:00:00,Mobile Wallet,512.1000
2937,2938,2024-10-08 13:33:00,Visa,322.7900
2938,2939,2024-10-08 13:38:00,Visa,544.5800
2939,2941,2024-10-08 13:50:00,Visa,133.9500
2940,2943,2024-10-08 15:31:00,Cash,84.0000
2941,2810,2024-10-09 07:47:00,ACH / Check,63.0000
2942,2946,2024-10-09 10:13:00,Discover,135.2000
2943,2944,2024-10-09 10:24:00,Mobile Wallet,159.8800
2944,2945,2024-10-09 11:00:00,Cash,133.9500
2945,2948,2024-10-09 11:58:00,Mastercard,381.8900
2946,2949,2024-10-09 12:16:00,Mastercard,203.9500
2947,2950,2024-10-09 12:42:00,American Express,209.5200
2948,2955,2024-10-09 12:54:00,American Express,211.6700
2949,2952,2024-10-09 12:58:00,American Express,123.1300
2950,2951,2024-10-09 13:50:00,Visa,104.8400
2951,2953,2024-10-09 13:57:00,Visa,123.1300
2952,2957,2024-10-09 15:30:00,Cash,637.6300
2953,2956,2024-10-09 15:47:00,Mastercard,123.1300
2954,2958,2024-10-09 16:32:00,Mobile Wallet,280.0000
2955,2959,2024-10-09 17:18:00,Cash,175.0000
2956,2960,2024-10-09 17:19:00,American Express,302.6300
2957,2651,2024-10-10 11:54:00,ACH / Check,128.3500
2958,2961,2024-10-10 12:17:00,Debit Card,140.0000
2959,2962,2024-10-10 12:58:00,Cash,123.1300
2960,2964,2024-10-10 14:38:00,Visa,348.6000
2961,2963,2024-10-10 14:52:00,Visa,133.9500
2962,2966,2024-10-10 14:59:00,Mastercard,1593.1500
2963,2965,2024-10-10 15:12:00,Debit Card,690.9000
2964,2739,2024-10-10 18:05:00,ACH / Check,250.8200
2965,2672,2024-10-11 09:51:00,ACH / Check,397.8600
2966,2968,2024-10-11 10:28:00,Cash,76.44
2967,2968,2024-10-11 10:29:00,Visa,57.5100
2968,2974,2024-10-11 11:30:00,Mastercard,760.9000
2969,2970,2024-10-11 11:50:00,Mastercard,104.8400
2970,2973,2024-10-11 12:45:00,Visa,326.9300
2971,2976,2024-10-11 12:49:00,American Express,348.6000
2972,2978,2024-10-11 13:09:00,Visa,334.1700
2973,2977,2024-10-11 13:22:00,Debit Card,324.3300
2974,2975,2024-10-11 13:26:00,Visa,321.3300
2975,2980,2024-10-11 13:39:00,Cash,706.2400
2976,2979,2024-10-11 14:10:00,Debit Card,362.6000
2977,2984,2024-10-11 14:33:00,Mastercard,123.1300
2978,2983,2024-10-11 14:56:00,Mobile Wallet,468.7600
2979,2981,2024-10-11 15:11:00,Visa,326.9300
2980,2986,2024-10-11 15:49:00,Discover,1381.8600
2981,2988,2024-10-11 17:20:00,Visa,407.6200
2982,2987,2024-10-12 09:31:00,Visa,636.2400
2983,2693,2024-10-12 11:09:00,ACH / Check,75.6000
2984,2989,2024-10-12 11:15:00,Debit Card,287.6600
2985,2992,2024-10-12 12:45:00,Discover,482.2700
2986,2782,2024-10-12 13:26:00,ACH / Check,250.8200
2987,2993,2024-10-12 13:48:00,Visa,123.1300
2988,2647,2024-10-12 15:01:00,ACH / Check,128.3500
2989,2643,2024-10-13 10:28:00,ACH / Check,673.8500
2990,2994,2024-10-14 08:13:00,Visa,842.6500
2991,2996,2024-10-14 10:18:00,Visa,163.7000
2992,2995,2024-10-14 10:39:00,Visa,560.4300
2993,2997,2024-10-14 11:17:00,Debit Card,980.8300
2994,3000,2024-10-14 11:33:00,Cash,451.8900
2995,2664,2024-10-14 11:58:00,ACH / Check,466.5500
2996,2999,2024-10-14 12:35:00,Mobile Wallet,133.9500
2997,2687,2024-10-14 13:08:00,ACH / Check,128.3500
2998,3001,2024-10-14 13:37:00,Mobile Wallet,133.9500
2999,3002,2024-10-14 14:01:00,Cash,482.5600
3000,3004,2024-10-14 14:34:00,American Express,1179.4900
3001,3006,2024-10-14 14:44:00,Mobile Wallet,348.6000
3002,3005,2024-10-14 14:46:00,American Express,684.5800
3003,3003,2024-10-14 15:06:00,Discover,700.2000
3004,2864,2024-10-14 16:38:00,ACH / Check,174.7600
3005,3007,2024-10-14 17:26:00,Cash,116.26
3006,3007,2024-10-14 17:27:00,Visa,93.2700
3007,3008,2024-10-15 08:21:00,Mobile Wallet,230.8400
3008,3009,2024-10-15 08:42:00,Cash,1251.6300
3009,3010,2024-10-15 08:47:00,Mastercard,401.0900
3010,2657,2024-10-15 09:31:00,ACH / Check,468.9000
3011,3012,2024-10-15 10:04:00,Visa,194.1700
3012,3011,2024-10-15 10:46:00,Cash,453.4400
3013,3014,2024-10-15 11:28:00,Mobile Wallet,311.8900
3014,3015,2024-10-15 12:22:00,Visa,551.2100
3015,3017,2024-10-15 12:28:00,Cash,227.0500
3016,3016,2024-10-15 12:43:00,Debit Card,1326.2500
3017,3019,2024-10-15 13:31:00,Mastercard,529.8200
3018,3018,2024-10-15 13:38:00,Mobile Wallet,523.3900
3019,3021,2024-10-15 14:11:00,Debit Card,566.2400
3020,3025,2024-10-15 15:07:00,Mobile Wallet,140.0000
3021,3020,2024-10-15 15:14:00,Debit Card,133.6600
3022,3022,2024-10-15 15:39:00,Visa,1368.2500
3023,3023,2024-10-15 16:12:00,Debit Card,317.4800
3024,3024,2024-10-15 16:23:00,Mastercard,254.6800
3025,2832,2024-10-16 08:18:00,ACH / Check,128.3500
3026,2850,2024-10-16 08:21:00,ACH / Check,191.3500
3027,3026,2024-10-16 09:25:00,American Express,637.6300
3028,3028,2024-10-16 11:05:00,Cash,70.0000
3029,3031,2024-10-16 11:26:00,American Express,194.1700
3030,3030,2024-10-16 12:00:00,Mastercard,227.9600
3031,3032,2024-10-16 13:30:00,Visa,84.0000
3032,3034,2024-10-16 13:42:00,American Express,370.3500
3033,3036,2024-10-16 13:54:00,Discover,265.5200
3034,3035,2024-10-16 14:16:00,American Express,223.1000
3035,3033,2024-10-16 14:33:00,Cash,376.3600
3036,3037,2024-10-16 14:43:00,Visa,209.5300
3037,3039,2024-10-16 15:49:00,Mastercard,725.3200
3038,3038,2024-10-16 16:44:00,Discover,1368.2500
3039,2700,2024-10-16 17:01:00,ACH / Check,180.1700
3040,3040,2024-10-16 17:02:00,Visa,238.7900
3041,3043,2024-10-17 11:01:00,American Express,466.9300
3042,3042,2024-10-17 11:51:00,Mastercard,541.0400
3043,3045,2024-10-17 12:46:00,Discover,340.5500
3044,3047,2024-10-17 12:48:00,Debit Card,143.6000
3045,3050,2024-10-17 13:17:00,Visa,328.7600
3046,3046,2024-10-17 13:31:00,Debit Card,448.4300
3047,3049,2024-10-17 13:36:00,Mobile Wallet,133.9500
3048,3048,2024-10-17 14:21:00,Debit Card,332.3500
3049,3053,2024-10-17 14:51:00,Mastercard,133.6600
3050,3055,2024-10-17 15:28:00,Debit Card,830.8900
3051,3051,2024-10-17 15:38:00,American Express,133.9500
3052,3052,2024-10-17 15:43:00,Visa,1381.8600
3053,3054,2024-10-17 16:52:00,Debit Card,117.5300
3054,3056,2024-10-18 09:06:00,Visa,749.5400
3055,3057,2024-10-18 09:18:00,Mastercard,265.5200
3056,3060,2024-10-18 10:20:00,Visa,343.7100
3057,3058,2024-10-18 10:47:00,Visa,133.9500
3058,3059,2024-10-18 10:50:00,Debit Card,382.0400
3059,2756,2024-10-18 11:12:00,ACH / Check,189.0000
3060,3061,2024-10-18 11:12:00,American Express,533.7600
3061,2803,2024-10-18 12:03:00,ACH / Check,75.6000
3062,2772,2024-10-18 12:27:00,ACH / Check,519.3800
3063,3062,2024-10-18 12:30:00,Debit Card,267.6200
3064,2844,2024-10-18 12:52:00,ACH / Check,75.6000
3065,3064,2024-10-18 13:03:00,Visa,218.8500
3066,3065,2024-10-18 13:41:00,Mobile Wallet,128.3500
3067,3063,2024-10-18 13:59:00,Visa,273.9500
3068,3067,2024-10-18 14:32:00,Mastercard,651.4700
3069,3066,2024-10-18 14:36:00,Visa,238.7900
3070,3068,2024-10-18 15:32:00,Mobile Wallet,383.6300
3071,3069,2024-10-18 16:44:00,Visa,133.9500
3072,3070,2024-10-18 17:15:00,Discover,152.8800
3073,2972,2024-10-19 09:34:00,ACH / Check,128.3500
3074,3075,2024-10-19 10:16:00,Visa,104.8400
3075,3073,2024-10-19 10:56:00,American Express,188.7600
3076,3074,2024-10-19 11:42:00,Mobile Wallet,84.0000
3077,3071,2024-10-19 11:44:00,Debit Card,135.2000
3078,2830,2024-10-19 12:49:00,ACH / Check,1297.8600
3079,3078,2024-10-19 13:00:00,Cash,418.8800
3080,3079,2024-10-19 13:17:00,Mastercard,333.1300
3081,2922,2024-10-20 09:00:00,ACH / Check,648.9000
3082,2861,2024-10-20 11:52:00,ACH / Check,128.3500
3083,3080,2024-10-21 10:14:00,Debit Card,755.0000
3084,3083,2024-10-21 11:39:00,Cash,597.7400
3085,3082,2024-10-21 11:53:00,Debit Card,128.3500
3086,3081,2024-10-21 12:06:00,Mobile Wallet,175.0000
3087,3086,2024-10-21 13:03:00,American Express,328.7600
3088,3084,2024-10-21 13:13:00,Mobile Wallet,349.5200
3089,3089,2024-10-21 14:01:00,American Express,105.0000
3090,3088,2024-10-21 14:04:00,Mastercard,566.2400
3091,3087,2024-10-21 14:05:00,Visa,188.7600
3092,3090,2024-10-21 14:35:00,Visa,133.9500
3093,3091,2024-10-21 15:40:00,American Express,265.5200
3094,3092,2024-10-22 08:53:00,Visa,454.2700
3095,3093,2024-10-22 10:55:00,Mastercard,140.0000
3096,3094,2024-10-22 12:08:00,Debit Card,322.7100
3097,3095,2024-10-22 12:35:00,Debit Card,384.3700
3098,3096,2024-10-22 12:38:00,Discover,628.5800
3099,3098,2024-10-22 12:49:00,Mastercard,663.3900
3100,3097,2024-10-22 13:19:00,Debit Card,84.0000
3101,3102,2024-10-22 14:52:00,Mastercard,265.5200
3102,3101,2024-10-22 15:23:00,Discover,133.9500
3103,3103,2024-10-22 15:32:00,American Express,235.3400
3104,3104,2024-10-22 16:32:00,Visa,1424.3300
3105,2906,2024-10-23 06:47:00,ACH / Check,128.3500
3106,3107,2024-10-23 10:50:00,Visa,133.9500
3107,3108,2024-10-23 11:34:00,American Express,217.9500
3108,3109,2024-10-23 11:47:00,Visa,533.7600
3109,3111,2024-10-23 12:57:00,Mastercard,340.7900
3110,3110,2024-10-23 14:41:00,Mastercard,697.2200
3111,3114,2024-10-23 15:38:00,Visa,203.6600
3112,3112,2024-10-23 15:46:00,Mastercard,281.1800
3113,3115,2024-10-23 16:08:00,Cash,133.9500
3114,3116,2024-10-23 16:09:00,Cash,123.1300
3115,3117,2024-10-23 16:25:00,American Express,354.5500
3116,3118,2024-10-23 16:27:00,Visa,401.4800
3117,2716,2024-10-24 07:19:00,ACH / Check,340.5500
3118,3121,2024-10-24 09:24:00,Visa,254.6800
3119,3123,2024-10-24 10:56:00,Visa,152.8800
3120,3122,2024-10-24 11:45:00,Visa,387.9800
3121,3126,2024-10-24 12:23:00,Visa,133.9500
3122,3124,2024-10-24 12:35:00,Visa,230.8400
3123,3125,2024-10-24 12:49:00,American Express,440.3800
3124,3128,2024-10-24 13:23:00,Mastercard,238.5000
3125,3129,2024-10-24 14:07:00,Cash,454.3500
3126,3130,2024-10-24 17:05:00,Visa,117.5300
3127,3132,2024-10-25 09:08:00,Cash,194.1700
3128,3137,2024-10-25 10:25:00,Mobile Wallet,152.8800
3129,3135,2024-10-25 10:45:00,Visa,123.1300
3130,3136,2024-10-25 11:01:00,Visa,462.4200
3131,2836,2024-10-25 11:18:00,ACH / Check,63.0000
3132,3138,2024-10-25 12:45:00,Mastercard,261.3300
3133,2814,2024-10-25 13:03:00,ACH / Check,248.7200
3134,3139,2024-10-25 13:33:00,Mobile Wallet,227.9600
3135,3142,2024-10-25 14:17:00,Cash,133.9500
3136,3143,2024-10-25 14:41:00,Mastercard,873.1200
3137,3141,2024-10-25 15:11:00,Mastercard,307.5200
3138,3144,2024-10-25 16:08:00,Visa,566.2400
3139,3148,2024-10-25 16:17:00,Mobile Wallet,326.9300
3140,3145,2024-10-25 17:06:00,Mastercard,312.0400
3141,3149,2024-10-25 17:09:00,Visa,1036.8300
3142,3150,2024-10-26 09:45:00,Mobile Wallet,328.7600
3143,3151,2024-10-26 10:22:00,Discover,150.0000
3144,3153,2024-10-26 12:34:00,Visa,159.8800
3145,2913,2024-10-26 12:55:00,ACH / Check,343.0000
3146,3152,2024-10-26 13:12:00,Visa,209.5300
3147,3154,2024-10-26 13:37:00,Mastercard,70.0000
3148,2971,2024-10-28 09:05:00,ACH / Check,735.6300
3149,3157,2024-10-28 09:08:00,Visa,755.0000
3150,3156,2024-10-28 09:24:00,Mobile Wallet,439.3100
3151,3158,2024-10-28 10:29:00,Debit Card,755.0000
3152,2886,2024-10-28 10:31:00,ACH / Check,75.6000
3153,3159,2024-10-28 10:44:00,Debit Card,421.9600
3154,3160,2024-10-28 10:47:00,Cash,606.4800
3155,3161,2024-10-28 12:16:00,Debit Card,188.7600
3156,3164,2024-10-28 12:23:00,Mastercard,242.0400
3157,3163,2024-10-28 12:24:00,Visa,354.5500
3158,3165,2024-10-28 14:48:00,Mastercard,133.9500
3159,3168,2024-10-28 14:55:00,Mastercard,188.8400
3160,3169,2024-10-28 16:18:00,Visa,307.0500
3161,3167,2024-10-28 16:54:00,American Express,566.2400
3162,3171,2024-10-28 17:14:00,Mobile Wallet,140.9500
3163,3174,2024-10-29 07:54:00,Cash,637.6300
3164,3172,2024-10-29 08:31:00,Mobile Wallet,392.7100
3165,3175,2024-10-29 11:29:00,Mobile Wallet,348.6000
3166,3179,2024-10-29 13:43:00,Mastercard,133.6600
3167,3181,2024-10-29 14:41:00,Debit Card,637.6300
3168,3180,2024-10-29 14:44:00,Mastercard,235.3400
3169,3182,2024-10-29 15:17:00,Debit Card,328.7600
3170,3183,2024-10-29 17:08:00,Debit Card,292.2900
3171,2849,2024-10-30 09:14:00,ACH / Check,128.3500
3172,3184,2024-10-30 10:26:00,Debit Card,117.5300
3173,3186,2024-10-30 10:54:00,Mastercard,70.0000
3174,3185,2024-10-30 11:24:00,Visa,176.2400
3175,3187,2024-10-30 12:00:00,Mastercard,396.7900
3176,3191,2024-10-30 12:46:00,Cash,650.2400
3177,3188,2024-10-30 13:16:00,Visa,123.1300
3178,3192,2024-10-30 15:01:00,Mastercard,100.6400
3179,3194,2024-10-30 15:25:00,Mastercard,424.1000
3180,3196,2024-10-31 09:33:00,Visa,105.0000
3181,3197,2024-10-31 09:36:00,Visa,558.6000
3182,3195,2024-10-31 10:45:00,Mobile Wallet,551.3100
3183,3199,2024-10-31 12:04:00,Mastercard,303.1100
3184,3198,2024-10-31 12:37:00,Cash,206.2900
3185,3203,2024-10-31 12:58:00,Visa,133.9500
3186,2818,2024-10-31 13:04:00,ACH / Check,519.3800
3187,3200,2024-10-31 13:07:00,Debit Card,800.6500
3188,3201,2024-10-31 13:41:00,Debit Card,117.5300
3189,3205,2024-10-31 14:05:00,Discover,980.8300
3190,3206,2024-10-31 14:53:00,Visa,117.5300
3191,3204,2024-10-31 15:20:00,Debit Card,853.9000
3192,3208,2024-10-31 16:02:00,Visa,882.7400
3193,3207,2024-10-31 16:03:00,Discover,174.8400
3194,2967,2024-10-31 16:16:00,ACH / Check,239.9900
3195,3210,2024-10-31 17:02:00,Mastercard,252.4700
3196,3215,2024-11-01 13:12:00,Mobile Wallet,128.3500
3197,3213,2024-11-01 13:15:00,Visa,237.8800
3198,3212,2024-11-01 13:52:00,Debit Card,690.9000
3199,2891,2024-11-01 14:30:00,ACH / Check,541.0400
3200,3217,2024-11-01 14:51:00,Visa,700.2000
3201,3216,2024-11-01 15:03:00,Mastercard,309.2100
3202,3219,2024-11-01 16:11:00,Visa,466.3200
3203,3220,2024-11-01 16:30:00,Mobile Wallet,263.1300
3204,2908,2024-11-02 07:41:00,ACH / Check,198.3300
3205,2824,2024-11-02 09:10:00,ACH / Check,343.0000
3206,3222,2024-11-02 10:21:00,Visa,471.4800
3207,3225,2024-11-02 10:22:00,Cash,566.2400
3208,2947,2024-11-02 10:59:00,ACH / Check,128.3500
3209,3224,2024-11-02 11:07:00,Mobile Wallet,667.7100
3210,3223,2024-11-02 11:26:00,Debit Card,133.9500
3211,3227,2024-11-02 11:48:00,Visa,457.5600
3212,3226,2024-11-02 12:02:00,Cash,53.19
3213,3226,2024-11-02 12:03:00,Mastercard,80.7600
3214,3229,2024-11-02 12:24:00,Mastercard,566.2400
3215,3228,2024-11-02 12:28:00,Visa,133.6600
3216,3230,2024-11-02 13:04:00,Visa,1333.4900
3217,3131,2024-11-03 18:29:00,ACH / Check,198.0600
3218,3233,2024-11-04 09:26:00,Visa,243.8500
3219,3231,2024-11-04 09:52:00,Mastercard,123.1300
3220,3237,2024-11-04 12:22:00,Mastercard,382.9200
3221,3236,2024-11-04 12:37:00,Mastercard,297.9800
3222,2771,2024-11-04 12:41:00,ACH / Check,508.5600
3223,3240,2024-11-04 13:36:00,American Express,336.6600
3224,3242,2024-11-04 14:49:00,Cash,1356.9600
3225,3243,2024-11-04 17:04:00,Visa,156.3300
3226,3027,2024-11-04 20:01:00,ACH / Check,541.0400
3227,3246,2024-11-05 10:58:00,Mastercard,307.0500
3228,3247,2024-11-05 12:21:00,Debit Card,133.9500
3229,3248,2024-11-05 14:46:00,Mobile Wallet,596.7500
3230,3119,2024-11-05 18:44:00,ACH / Check,128.3500
3231,3120,2024-11-05 19:10:00,ACH / Check,128.3500
3232,3251,2024-11-06 08:34:00,Visa,336.4700
3233,3252,2024-11-06 09:03:00,Mastercard,602.4300
3234,3250,2024-11-06 09:54:00,Cash,243.8500
3235,3253,2024-11-06 10:59:00,Debit Card,267.6200
3236,3255,2024-11-06 11:05:00,American Express,377.5900
3237,3254,2024-11-06 11:42:00,Debit Card,123.1300
3238,2909,2024-11-06 12:33:00,ACH / Check,228.9900
3239,3258,2024-11-06 13:21:00,Debit Card,317.4800
3240,3257,2024-11-06 14:27:00,Cash,328.7600
3241,3259,2024-11-06 15:54:00,Visa,243.8500
3242,3260,2024-11-06 16:01:00,Visa,406.4000
3243,3263,2024-11-07 07:58:00,Visa,382.9200
3244,3264,2024-11-07 08:59:00,Cash,818.9000
3245,3266,2024-11-07 09:19:00,Visa,238.5000
3246,3265,2024-11-07 10:22:00,Visa,544.5800
3247,3261,2024-11-07 10:37:00,American Express,824.5700
3248,3262,2024-11-07 10:55:00,Visa,574.8800
3249,3267,2024-11-07 11:40:00,Debit Card,133.9500
3250,3268,2024-11-07 11:55:00,Visa,293.5900
3251,3269,2024-11-07 13:01:00,Visa,126.0000
3252,3270,2024-11-07 14:26:00,Visa,335.4600
3253,3272,2024-11-07 15:11:00,Visa,406.4000
3254,2916,2024-11-08 06:16:00,ACH / Check,387.3300
3255,3013,2024-11-08 08:02:00,ACH / Check,128.3500
3256,3275,2024-11-08 08:52:00,Debit Card,168.1300
3257,3276,2024-11-08 09:55:00,Visa,823.5600
3258,3278,2024-11-08 11:35:00,Mastercard,265.5200
3259,3277,2024-11-08 11:57:00,American Express,254.3500
3260,3279,2024-11-08 12:14:00,Cash,706.2400
3261,2842,2024-11-09 07:23:00,ACH / Check,128.3500
3262,3283,2024-11-09 10:17:00,American Express,566.2400
3263,3289,2024-11-09 11:10:00,Visa,297.9800
3264,3290,2024-11-09 11:31:00,Visa,207.1300
3265,3286,2024-11-09 11:33:00,Mastercard,377.5200
3266,3285,2024-11-09 11:33:00,Debit Card,203.9500
3267,3284,2024-11-09 11:48:00,Debit Card,1036.8300
3268,3288,2024-11-09 12:50:00,Visa,406.4000
3269,2878,2024-11-09 17:54:00,ACH / Check,340.5500
3270,3202,2024-11-10 10:12:00,ACH / Check,100.6400
3271,3085,2024-11-10 14:04:00,ACH / Check,128.3500
3272,3221,2024-11-10 17:24:00,ACH / Check,645.3800
3273,3296,2024-11-11 07:49:00,Mastercard,853.9000
3274,3293,2024-11-11 08:05:00,Cash,133.9500
3275,3106,2024-11-11 08:28:00,ACH / Check,196.4900
3276,3297,2024-11-11 08:44:00,Mastercard,210.0000
3277,3294,2024-11-11 08:56:00,Mastercard,209.5300
3278,3295,2024-11-11 09:33:00,Cash,57.61
3279,3295,2024-11-11 09:34:00,Mastercard,82.3900
3280,3076,2024-11-11 10:04:00,ACH / Check,347.6300
3281,3291,2024-11-11 10:09:00,Mobile Wallet,243.8500
3282,3140,2024-11-11 10:27:00,ACH / Check,100.6400
3283,3299,2024-11-11 10:28:00,Discover,451.1500
3284,3300,2024-11-11 11:11:00,American Express,490.8800
3285,3302,2024-11-11 12:03:00,Discover,217.9500
3286,2940,2024-11-11 12:18:00,ACH / Check,313.3600
3287,3099,2024-11-11 12:52:00,ACH / Check,473.6300
3288,3305,2024-11-11 13:15:00,Mastercard,566.2400
3289,3303,2024-11-11 13:19:00,Mastercard,482.2700
3290,3301,2024-11-11 13:24:00,Cash,412.9800
3291,3304,2024-11-11 13:43:00,Mastercard,427.2600
3292,2985,2024-11-11 15:15:00,ACH / Check,128.3500
3293,3312,2024-11-11 16:08:00,Mastercard,123.1300
3294,3311,2024-11-11 16:42:00,Visa,394.6800
3295,3314,2024-11-11 16:46:00,Mobile Wallet,437.9800
3296,3310,2024-11-11 17:04:00,Mobile Wallet,133.9500
3297,3308,2024-11-11 17:12:00,Visa,482.5600
3298,3313,2024-11-12 07:45:00,Mobile Wallet,133.6600
3299,3134,2024-11-12 08:26:00,ACH / Check,203.9500
3300,3317,2024-11-12 13:19:00,Visa,521.1500
3301,2904,2024-11-12 13:29:00,ACH / Check,75.6000
3302,3318,2024-11-12 13:41:00,Mobile Wallet,328.7600
3303,3319,2024-11-12 16:32:00,Visa,381.8900
3304,3322,2024-11-12 17:01:00,Cash,298.7000
3305,3324,2024-11-13 09:10:00,Cash,136.79
3306,3324,2024-11-13 09:11:00,Debit Card,129.2100
3307,3321,2024-11-13 11:26:00,Mobile Wallet,133.9500
3308,3328,2024-11-13 11:47:00,Mastercard,133.9500
3309,3329,2024-11-13 12:47:00,Debit Card,273.6600
3310,3327,2024-11-13 13:13:00,Visa,392.7100
3311,3330,2024-11-13 13:24:00,Cash,123.1300
3312,3331,2024-11-13 14:01:00,Mastercard,343.0000
3313,2914,2024-11-13 16:29:00,ACH / Check,475.9900
3314,3333,2024-11-13 16:40:00,Visa,267.6200
3315,2917,2024-11-14 08:14:00,ACH / Check,128.3500
3316,3335,2024-11-14 09:35:00,Discover,391.0500
3317,3336,2024-11-14 09:38:00,Mobile Wallet,133.9500
3318,3334,2024-11-14 10:02:00,Discover,378.4300
3319,3029,2024-11-14 11:13:00,ACH / Check,378.7100
3320,3338,2024-11-14 11:14:00,Mastercard,123.1300
3321,3339,2024-11-14 11:16:00,Visa,123.1300
3322,3337,2024-11-14 11:50:00,Mastercard,314.3600
3323,3342,2024-11-14 12:22:00,American Express,1092.8300
3324,3155,2024-11-14 12:36:00,ACH / Check,541.0400
3325,3340,2024-11-14 13:16:00,Mobile Wallet,530.5900
3326,3343,2024-11-14 13:27:00,Visa,566.2400
3327,3344,2024-11-14 13:38:00,Cash,193.1300
3328,2868,2024-11-15 07:53:00,ACH / Check,2376.1400
3329,3346,2024-11-15 08:27:00,Cash,307.0500
3330,3211,2024-11-15 08:43:00,ACH / Check,237.7600
3331,3350,2024-11-15 11:11:00,Cash,777.6300
3332,2954,2024-11-15 11:29:00,ACH / Check,295.8500
3333,3348,2024-11-15 11:55:00,Visa,248.7200
3334,3353,2024-11-15 11:59:00,Mastercard,70.0000
3335,3352,2024-11-15 12:22:00,Cash,140.0000
3336,3351,2024-11-15 13:43:00,Mobile Wallet,104.8400
3337,3356,2024-11-15 15:00:00,Visa,104.8400
3338,2998,2024-11-16 09:06:00,ACH / Check,532.0000
3339,3357,2024-11-16 11:11:00,Cash,135.2000
3340,3358,2024-11-16 11:59:00,Cash,243.8500
3341,3359,2024-11-16 12:07:00,Visa,326.9300
3342,3361,2024-11-16 13:44:00,Mobile Wallet,209.5300
3343,3281,2024-11-16 15:41:00,ACH / Check,363.8800
3344,2990,2024-11-17 10:12:00,ACH / Check,340.5500
3345,2928,2024-11-17 11:54:00,ACH / Check,778.8000
3346,3362,2024-11-18 09:11:00,American Express,389.5500
3347,3363,2024-11-18 09:17:00,Visa,424.1700
3348,3367,2024-11-18 09:54:00,Visa,273.9500
3349,3364,2024-11-18 09:57:00,Visa,622.2800
3350,3105,2024-11-18 10:48:00,ACH / Check,300.6800
3351,2969,2024-11-18 10:52:00,ACH / Check,128.3500
3352,3360,2024-11-18 10:55:00,Debit Card,307.5200
3353,3366,2024-11-18 11:18:00,Mastercard,273.9500
3354,3369,2024-11-18 12:12:00,Cash,824.5700
3355,3374,2024-11-18 14:30:00,Mobile Wallet,558.6000
3356,3370,2024-11-18 14:36:00,Visa,1319.4900
3357,3371,2024-11-18 15:03:00,Mastercard,354.5500
3358,3372,2024-11-18 15:45:00,Visa,357.0400
3359,3375,2024-11-18 16:06:00,Mobile Wallet,123.1300
3360,3373,2024-11-18 16:14:00,Debit Card,243.8500
3361,2982,2024-11-18 16:28:00,ACH / Check,191.3500
3362,3377,2024-11-18 16:55:00,Mastercard,265.5200
3363,3376,2024-11-18 17:28:00,Debit Card,252.4700
3364,3298,2024-11-19 07:29:00,ACH / Check,303.1100
3365,3077,2024-11-19 08:25:00,ACH / Check,128.3500
3366,3378,2024-11-19 09:43:00,Visa,629.2400
3367,3379,2024-11-19 10:29:00,Mobile Wallet,1496.9600
3368,3381,2024-11-19 10:52:00,Debit Card,123.1300
3369,3380,2024-11-19 11:42:00,Debit Card,377.7800
3370,3382,2024-11-19 13:52:00,Debit Card,224.0000
3371,3385,2024-11-19 14:47:00,Cash,1117.6800
3372,3384,2024-11-19 15:02:00,Visa,405.5200
3373,3386,2024-11-19 15:37:00,Debit Card,209.5300
3374,3387,2024-11-19 16:47:00,American Express,235.3400
3375,3388,2024-11-20 07:58:00,Visa,684.5800
3376,3390,2024-11-20 08:28:00,Cash,84.0000
3377,3389,2024-11-20 09:32:00,Visa,386.1300
3378,3391,2024-11-20 10:25:00,Mastercard,188.8400
3379,3239,2024-11-20 10:50:00,ACH / Check,180.1700
3380,3392,2024-11-20 11:48:00,Visa,540.0700
3381,3395,2024-11-20 13:01:00,Debit Card,1171.4100
3382,3393,2024-11-20 13:31:00,Visa,324.3200
3383,3394,2024-11-20 13:37:00,Discover,354.5500
3384,3396,2024-11-20 14:15:00,Visa,84.0000
3385,3397,2024-11-20 15:18:00,American Express,755.0000
3386,3399,2024-11-20 16:05:00,Cash,70.0000
3387,3245,2024-11-20 17:12:00,ACH / Check,1590.1500
3388,3133,2024-11-21 06:48:00,ACH / Check,128.3500
3389,3234,2024-11-21 07:19:00,ACH / Check,198.3300
3390,3403,2024-11-21 08:22:00,Mastercard,273.9500
3391,3402,2024-11-21 08:33:00,Mobile Wallet,566.2400
3392,3404,2024-11-21 09:47:00,Discover,558.6000
3393,3401,2024-11-21 09:57:00,Debit Card,303.1100
3394,3406,2024-11-21 10:15:00,Mastercard,123.1300
3395,3405,2024-11-21 10:49:00,Cash,239.9900
3396,3408,2024-11-21 11:27:00,Mastercard,72.3300
3397,3407,2024-11-21 11:30:00,Cash,736.5900
3398,3409,2024-11-21 13:32:00,Debit Card,273.9500
3399,3410,2024-11-21 14:34:00,Mastercard,123.1300
3400,3413,2024-11-21 15:08:00,Discover,349.5200
3401,3411,2024-11-21 15:30:00,Visa,313.2800
3402,3414,2024-11-21 15:35:00,American Express,394.6600
3403,3417,2024-11-22 08:05:00,American Express,72.3300
3404,3415,2024-11-22 08:14:00,Visa,537.3600
3405,3416,2024-11-22 09:34:00,Mastercard,266.1100
3406,3418,2024-11-22 10:22:00,Mastercard,295.8500
3407,2991,2024-11-22 11:56:00,ACH / Check,425.3900
3408,3209,2024-11-22 12:47:00,ACH / Check,575.1400
3409,3419,2024-11-22 13:34:00,Cash,199.0000
3410,3422,2024-11-22 14:45:00,Cash,133.9500
3411,2942,2024-11-22 15:01:00,ACH / Check,980.8300
3412,3315,2024-11-22 15:25:00,ACH / Check,128.3500
3413,3425,2024-11-22 17:16:00,Mastercard,830.1300
3414,3072,2024-11-23 09:41:00,ACH / Check,128.3500
3415,3426,2024-11-23 11:05:00,Visa,671.0800
3416,3428,2024-11-23 11:52:00,American Express,243.8500
3417,3427,2024-11-23 12:16:00,Debit Card,210.0000
3418,3432,2024-11-25 09:27:00,Visa,317.4800
3419,3429,2024-11-25 09:48:00,Mastercard,209.5300
3420,3431,2024-11-25 10:25:00,Visa,154.0000
3421,3433,2024-11-25 10:55:00,Mobile Wallet,133.9500
3422,3438,2024-11-25 12:10:00,Debit Card,456.3800
3423,3435,2024-11-25 12:36:00,Visa,104.8400
3424,3437,2024-11-25 12:37:00,Cash,643.82
3425,3437,2024-11-25 12:38:00,Visa,578.6900
3426,3441,2024-11-25 15:02:00,Mobile Wallet,1036.8300
3427,3444,2024-11-25 15:31:00,Visa,378.4300
3428,3440,2024-11-25 16:12:00,Mastercard,420.8800
3429,3443,2024-11-25 16:39:00,Discover,541.2400
3430,3442,2024-11-25 16:43:00,Visa,133.6600
3431,3445,2024-11-25 17:12:00,Visa,194.1700
3432,3173,2024-11-25 17:35:00,ACH / Check,541.0400
3433,3446,2024-11-26 09:30:00,Debit Card,210.0000
3434,3448,2024-11-26 10:02:00,Discover,447.0500
3435,3451,2024-11-26 11:26:00,Mastercard,210.0000
3436,3292,2024-11-26 11:51:00,ACH / Check,254.3500
3437,3450,2024-11-26 11:53:00,Visa,445.0400
3438,3449,2024-11-26 12:26:00,Debit Card,257.8500
3439,3453,2024-11-26 14:02:00,Cash,84.0000
3440,3455,2024-11-26 14:17:00,Discover,230.8400
3441,3177,2024-11-26 14:29:00,ACH / Check,366.1100
3442,3458,2024-11-26 14:57:00,Debit Card,783.4700
3443,3459,2024-11-26 14:59:00,Visa,377.7800
3444,3456,2024-11-26 15:01:00,American Express,328.7600
3445,3461,2024-11-26 15:49:00,Visa,566.2400
3446,3460,2024-11-26 16:31:00,Mobile Wallet,217.9500
3447,3462,2024-11-26 17:18:00,Debit Card,354.5500
3448,3463,2024-11-27 08:04:00,Debit Card,853.9000
3449,3176,2024-11-27 09:09:00,ACH / Check,302.6300
3450,3465,2024-11-27 10:11:00,Mastercard,420.8800
3451,3466,2024-11-27 10:18:00,Mobile Wallet,188.7600
3452,3464,2024-11-27 10:23:00,Visa,128.3500
3453,3467,2024-11-27 11:13:00,Visa,84.0000
3454,3468,2024-11-27 12:09:00,Mastercard,341.3100
3455,3044,2024-11-27 12:29:00,ACH / Check,300.7600
3456,3469,2024-11-27 13:05:00,Mastercard,210.0000
3457,3471,2024-11-27 13:34:00,Visa,140.0000
3458,3470,2024-11-27 14:01:00,Cash,593.3900
3459,3100,2024-11-27 14:55:00,ACH / Check,128.3500
3460,3127,2024-11-27 15:11:00,ACH / Check,541.0400
3461,3473,2024-11-27 15:22:00,Mobile Wallet,327.8500
3462,3472,2024-11-27 16:16:00,Mastercard,143.6000
3463,3244,2024-11-28 18:07:00,ACH / Check,100.6400
3464,3475,2024-11-29 10:07:00,Mobile Wallet,209.5300
3465,3256,2024-11-29 10:46:00,ACH / Check,75.6000
3466,3476,2024-11-29 10:56:00,American Express,175.0000
3467,3478,2024-11-29 11:19:00,Cash,224.0000
3468,3474,2024-11-29 11:34:00,Visa,382.0400
3469,3480,2024-11-29 12:31:00,Debit Card,123.1300
3470,3477,2024-11-29 12:41:00,Debit Card,140.0000
3471,3484,2024-11-29 13:34:00,Cash,133.9500
3472,3482,2024-11-29 14:02:00,Mobile Wallet,1176.8300
3473,3214,2024-11-29 14:13:00,ACH / Check,75.6000
3474,3249,2024-11-29 16:12:00,ACH / Check,128.3500
3475,3486,2024-11-29 16:48:00,Debit Card,566.2400
3476,3489,2024-11-30 08:51:00,American Express,1225.5900
3477,3490,2024-11-30 08:57:00,Visa,339.9800
3478,3488,2024-11-30 09:22:00,Debit Card,378.4300
3479,3491,2024-11-30 10:56:00,Mastercard,63.0000
3480,3493,2024-11-30 11:10:00,Cash,317.4800
3481,3496,2024-11-30 11:18:00,Mobile Wallet,70.0000
3482,3492,2024-11-30 11:44:00,Mastercard,629.2400
3483,3494,2024-11-30 11:56:00,Mobile Wallet,133.9500
3484,3041,2024-11-30 11:59:00,ACH / Check,331.4700
3485,3495,2024-11-30 12:27:00,Mobile Wallet,217.6600
3486,3497,2024-11-30 13:45:00,Visa,140.9500
3487,3113,2024-11-30 15:05:00,ACH / Check,75.6000
3488,3162,2024-12-01 10:53:00,ACH / Check,128.3500
3489,3146,2024-12-01 15:20:00,ACH / Check,748.4700
3490,3368,2024-12-02 09:56:00,ACH / Check,669.2200
3491,3498,2024-12-02 10:29:00,Mobile Wallet,104.8400
3492,3170,2024-12-02 12:09:00,ACH / Check,541.0400
3493,3502,2024-12-02 12:30:00,Mastercard,224.0000
3494,3501,2024-12-02 12:39:00,Visa,544.5800
3495,3307,2024-12-02 12:50:00,ACH / Check,522.3900
3496,3504,2024-12-02 14:31:00,Discover,842.6500
3497,3507,2024-12-02 14:52:00,Mobile Wallet,252.4700
3498,3505,2024-12-02 15:03:00,Mobile Wallet,907.2200
3499,3323,2024-12-02 15:30:00,ACH / Check,541.0400
3500,3506,2024-12-02 15:54:00,Visa,783.4700
3501,3508,2024-12-02 16:49:00,American Express,1381.8600
3502,3345,2024-12-02 17:00:00,ACH / Check,351.4500
3503,3509,2024-12-02 17:26:00,Cash,502.1100
3504,3510,2024-12-03 09:26:00,Mobile Wallet,377.5200
3505,3513,2024-12-03 11:47:00,Cash,84.0000
3506,3515,2024-12-03 11:49:00,Cash,117.5300
3507,3306,2024-12-03 12:06:00,ACH / Check,180.1700
3508,3514,2024-12-03 12:10:00,Visa,343.0000
3509,3271,2024-12-03 12:44:00,ACH / Check,128.3500
3510,3516,2024-12-03 13:13:00,Debit Card,399.4700
3511,3424,2024-12-03 14:54:00,ACH / Check,406.0000
3512,3517,2024-12-03 16:02:00,Debit Card,341.3100
3513,3518,2024-12-04 09:09:00,Mastercard,1451.8600
3514,3519,2024-12-04 10:34:00,Visa,209.5300
3515,3520,2024-12-04 11:25:00,American Express,326.9300
3516,3521,2024-12-04 11:56:00,Debit Card,133.9500
3517,3522,2024-12-04 12:40:00,Visa,396.9300
3518,3527,2024-12-04 13:40:00,Mastercard,322.1300
3519,3525,2024-12-04 13:46:00,Visa,519.3800
3520,3524,2024-12-04 13:57:00,Mastercard,953.7600
3521,3528,2024-12-04 14:39:00,Mastercard,784.2000
3522,3529,2024-12-04 16:12:00,Mastercard,348.6000
3523,3530,2024-12-05 09:11:00,Visa,1013.3300
3524,3531,2024-12-05 09:12:00,Visa,1036.8300
3525,3533,2024-12-05 10:20:00,Visa,170.7000
3526,3535,2024-12-05 11:49:00,Visa,70.0000
3527,3434,2024-12-05 12:01:00,ACH / Check,340.5500
3528,3539,2024-12-05 12:01:00,Cash,133.9500
3529,3540,2024-12-05 12:14:00,Mastercard,366.9800
3530,3538,2024-12-05 12:16:00,Visa,566.2400
3531,3532,2024-12-05 12:18:00,Mastercard,490.4000
3532,3537,2024-12-05 12:20:00,Mobile Wallet,170.7000
3533,3536,2024-12-05 12:23:00,Mastercard,113.2400
3534,3541,2024-12-05 14:21:00,Mastercard,117.5300
3535,3545,2024-12-05 14:37:00,Mobile Wallet,193.1300
3536,3544,2024-12-05 14:39:00,Mobile Wallet,407.6200
3537,3549,2024-12-06 09:45:00,Debit Card,133.9500
3538,3546,2024-12-06 09:49:00,Cash,623.2700
3539,3548,2024-12-06 10:39:00,Visa,140.9500
3540,3550,2024-12-06 10:52:00,Visa,129.0000
3541,3454,2024-12-06 11:05:00,ACH / Check,128.3500
3542,3552,2024-12-06 12:48:00,American Express,594.2400
3543,3282,2024-12-06 14:16:00,ACH / Check,254.3500
3544,3553,2024-12-06 14:49:00,Visa,140.0000
3545,3554,2024-12-06 15:15:00,Mastercard,133.6600
3546,3555,2024-12-06 15:37:00,Mobile Wallet,650.2400
3547,3147,2024-12-06 18:07:00,ACH / Check,353.3000
3548,3557,2024-12-07 08:45:00,Mobile Wallet,192.6600
3549,3556,2024-12-07 09:08:00,Mobile Wallet,349.5300
3550,3562,2024-12-07 11:21:00,Debit Card,238.7900
3551,3563,2024-12-07 12:04:00,Mobile Wallet,123.1300
3552,3564,2024-12-07 12:44:00,American Express,123.1300
3553,3561,2024-12-07 12:58:00,Visa,217.9500
3554,3189,2024-12-09 09:19:00,ACH / Check,128.3500
3555,3566,2024-12-09 10:13:00,Visa,369.0000
3556,3568,2024-12-09 11:50:00,Debit Card,287.6600
3557,3238,2024-12-09 12:20:00,ACH / Check,248.7200
3558,3570,2024-12-09 12:39:00,Mobile Wallet,70.0000
3559,3571,2024-12-09 13:17:00,Cash,699.9100
3560,3423,2024-12-09 15:34:00,ACH / Check,1177.3200
3561,3574,2024-12-09 17:01:00,Visa,826.4600
3562,3576,2024-12-09 17:09:00,Cash,133.9500
3563,3583,2024-12-10 09:36:00,Visa,467.3900
3564,3581,2024-12-10 09:52:00,Mastercard,1197.5100
3565,3584,2024-12-10 10:01:00,American Express,84.0000
3566,3585,2024-12-10 10:21:00,Visa,326.9300
3567,3590,2024-12-10 15:54:00,Debit Card,544.5800
3568,3589,2024-12-10 16:02:00,Visa,256.7900
3569,3588,2024-12-10 16:15:00,Mastercard,1179.4900
3570,3592,2024-12-11 08:10:00,Mobile Wallet,209.5200
3571,3593,2024-12-11 09:52:00,Visa,265.5200
3572,3594,2024-12-11 09:57:00,Mastercard,317.2900
3573,3190,2024-12-11 10:37:00,ACH / Check,522.1000
3574,3597,2024-12-11 10:52:00,Cash,140.0000
3575,3596,2024-12-11 11:51:00,Visa,123.1300
3576,3599,2024-12-11 12:58:00,Discover,273.6600
3577,3601,2024-12-11 13:42:00,Debit Card,1117.6800
3578,3600,2024-12-11 13:58:00,Cash,84.0000
3579,3598,2024-12-11 14:12:00,Visa,541.0400
3580,3602,2024-12-11 14:18:00,Mobile Wallet,267.6200
3581,3604,2024-12-11 15:17:00,Mastercard,348.6000
3582,3603,2024-12-11 15:31:00,Mastercard,123.1300
3583,3605,2024-12-11 16:04:00,Mastercard,243.8500
3584,3608,2024-12-11 16:22:00,Discover,140.0000
3585,3606,2024-12-11 16:38:00,Cash,451.8900
3586,3607,2024-12-11 17:29:00,Debit Card,123.1300
3587,3609,2024-12-12 09:28:00,Visa,243.8500
3588,3610,2024-12-12 10:28:00,Discover,652.9800
3589,3166,2024-12-12 10:49:00,ACH / Check,519.3800
3590,3479,2024-12-12 10:54:00,ACH / Check,1183.0300
3591,3611,2024-12-12 11:36:00,Discover,386.1300
3592,3178,2024-12-12 11:40:00,ACH / Check,469.0000
3593,3612,2024-12-12 12:36:00,Visa,326.9300
3594,3615,2024-12-12 12:40:00,Cash,159.8800
3595,3613,2024-12-12 13:00:00,Discover,368.8200
3596,3614,2024-12-12 13:20:00,Mastercard,341.3100
3597,3487,2024-12-12 14:39:00,ACH / Check,281.1800
3598,3617,2024-12-12 15:05:00,Visa,188.7600
3599,3616,2024-12-12 15:18:00,Mastercard,242.0400
3600,3511,2024-12-12 20:19:00,ACH / Check,196.4900
3601,3618,2024-12-13 09:06:00,Cash,348.6000
3602,3620,2024-12-13 10:01:00,Mastercard,606.7500
3603,3621,2024-12-13 10:13:00,Visa,133.9500
3604,3622,2024-12-13 10:15:00,Cash,326.9300
3605,3619,2024-12-13 11:06:00,Visa,133.9500
3606,3235,2024-12-13 12:10:00,ACH / Check,541.0400
3607,3625,2024-12-13 12:23:00,Debit Card,163.7000
3608,3624,2024-12-13 12:38:00,Cash,84.0000
3609,3626,2024-12-13 14:16:00,Discover,377.5200
3610,3627,2024-12-13 14:30:00,Cash,133.9500
3611,3628,2024-12-13 16:12:00,Mastercard,123.1300
3612,3218,2024-12-13 16:19:00,ACH / Check,340.5500
3613,3631,2024-12-13 16:20:00,Cash,105.0000
3614,3630,2024-12-13 16:25:00,Mastercard,140.9500
3615,3632,2024-12-14 09:14:00,Debit Card,566.2400
3616,3325,2024-12-14 09:31:00,ACH / Check,291.9900
3617,3629,2024-12-14 10:33:00,Debit Card,140.0000
3618,3280,2024-12-14 11:02:00,ACH / Check,128.3500
3619,3193,2024-12-14 12:12:00,ACH / Check,180.1700
3620,3635,2024-12-14 13:20:00,Mobile Wallet,1117.6800
3621,3633,2024-12-14 13:38:00,Mobile Wallet,1190.0100
3622,3341,2024-12-14 14:22:00,ACH / Check,128.3500
3623,3273,2024-12-14 15:51:00,ACH / Check,254.3500
3624,3398,2024-12-15 14:48:00,ACH / Check,203.9500
3625,3636,2024-12-16 07:52:00,Visa,324.3200
3626,3640,2024-12-16 09:19:00,Visa,699.9100
3627,3634,2024-12-16 09:28:00,Mobile Wallet,328.7600
3628,3638,2024-12-16 10:11:00,Visa,652.9800
3629,3639,2024-12-16 10:27:00,Mobile Wallet,741.0800
3630,3642,2024-12-16 10:53:00,Visa,341.3100
3631,3645,2024-12-16 11:03:00,Mobile Wallet,273.9500
3632,3643,2024-12-16 11:13:00,Debit Card,349.5200
3633,3646,2024-12-16 12:23:00,Mastercard,188.7600
3634,3316,2024-12-16 12:30:00,ACH / Check,291.9900
3635,3647,2024-12-16 13:17:00,American Express,154.0000
3636,3648,2024-12-16 13:44:00,Discover,123.1300
3637,3650,2024-12-16 15:04:00,Debit Card,140.0000
3638,3274,2024-12-16 16:11:00,ACH / Check,340.5500
3639,3655,2024-12-17 09:37:00,Debit Card,117.5300
3640,3232,2024-12-17 09:50:00,ACH / Check,128.3500
3641,3654,2024-12-17 10:08:00,Mastercard,159.8800
3642,3657,2024-12-17 10:10:00,Debit Card,194.1700
3643,3652,2024-12-17 10:24:00,Cash,518.4300
3644,3660,2024-12-17 10:51:00,Debit Card,394.6600
3645,3656,2024-12-17 10:58:00,Discover,117.5300
3646,3241,2024-12-17 12:55:00,ACH / Check,235.6700
3647,3662,2024-12-17 13:52:00,Debit Card,432.6100
3648,3661,2024-12-17 14:06:00,Debit Card,105.0000
3649,3663,2024-12-17 14:56:00,Cash,133.9500
3650,3664,2024-12-17 15:07:00,Cash,236.84
3651,3664,2024-12-17 15:08:00,Visa,394.9100
3652,3665,2024-12-17 15:44:00,Visa,185.6600
3653,3666,2024-12-17 16:58:00,Debit Card,84.0000
3654,3287,2024-12-18 08:03:00,ACH / Check,248.7200
3655,3436,2024-12-18 08:59:00,ACH / Check,667.0400
3656,3668,2024-12-18 09:06:00,Mastercard,133.9500
3657,3667,2024-12-18 11:11:00,Visa,133.9500
3658,3670,2024-12-18 11:55:00,Cash,123.1300
3659,3669,2024-12-18 12:04:00,Mastercard,406.4000
3660,3672,2024-12-18 12:17:00,American Express,566.2400
3661,3671,2024-12-18 12:40:00,Visa,1117.6800
3662,3572,2024-12-18 13:12:00,ACH / Check,128.3500
3663,3673,2024-12-18 13:57:00,American Express,398.7600
3664,3542,2024-12-18 14:00:00,ACH / Check,303.1100
3665,3674,2024-12-18 15:04:00,Debit Card,235.3400
3666,3677,2024-12-18 16:03:00,Debit Card,609.6300
3667,3675,2024-12-18 16:11:00,Debit Card,308.7900
3668,3676,2024-12-18 16:11:00,Mastercard,1225.5900
3669,3680,2024-12-19 11:10:00,Cash,133.9500
3670,3683,2024-12-19 11:31:00,American Express,596.7600
3671,3682,2024-12-19 11:42:00,Discover,123.1300
3672,3687,2024-12-19 12:02:00,Visa,188.7600
3673,3688,2024-12-19 12:27:00,Cash,41.26
3674,3688,2024-12-19 12:28:00,Debit Card,147.5000
3675,3685,2024-12-19 12:32:00,Mobile Wallet,493.2100
3676,3686,2024-12-19 13:35:00,Visa,84.0000
3677,3690,2024-12-19 13:47:00,Discover,566.2400
3678,3439,2024-12-19 13:57:00,ACH / Check,669.2200
3679,3320,2024-12-19 16:32:00,ACH / Check,324.3300
3680,3691,2024-12-20 09:22:00,Debit Card,243.8500
3681,3693,2024-12-20 10:36:00,Cash,123.1300
3682,3692,2024-12-20 11:35:00,Visa,123.1300
3683,3694,2024-12-20 12:25:00,Visa,227.9600
3684,3695,2024-12-20 14:11:00,Discover,697.2200
3685,3698,2024-12-20 15:10:00,Mastercard,818.9000
3686,3696,2024-12-20 15:19:00,Mastercard,209.5300
3687,3697,2024-12-20 15:32:00,Debit Card,126.0000
3688,3701,2024-12-21 08:33:00,Mastercard,295.8500
3689,3700,2024-12-21 09:40:00,Mastercard,117.5300
3690,3481,2024-12-21 09:42:00,ACH / Check,227.0500
3691,3703,2024-12-21 10:15:00,Mastercard,140.0000
3692,3705,2024-12-21 11:29:00,Mastercard,188.7600
3693,3707,2024-12-21 13:01:00,Cash,194.1700
3694,3706,2024-12-21 13:11:00,Mastercard,117.5300
3695,3704,2024-12-21 13:13:00,Visa,252.4700
3696,3355,2024-12-21 13:17:00,ACH / Check,263.5500
3697,3347,2024-12-22 10:46:00,ACH / Check,128.3500
3698,3420,2024-12-23 09:51:00,ACH / Check,250.8200
3699,3708,2024-12-23 10:22:00,Cash,140.0000
3700,3710,2024-12-23 10:48:00,Visa,203.9500
3701,3709,2024-12-23 11:22:00,Visa,406.4000
3702,3712,2024-12-23 12:26:00,American Express,123.1300
3703,3711,2024-12-23 12:41:00,Mastercard,254.6800
3704,3713,2024-12-23 13:24:00,Visa,311.8900
3705,3483,2024-12-23 14:07:00,ACH / Check,128.3500
3706,3716,2024-12-23 14:37:00,Mastercard,265.5200
3707,3715,2024-12-23 14:48:00,Cash,544.5800
3708,3717,2024-12-23 15:58:00,Debit Card,544.5800
3709,3332,2024-12-23 16:13:00,ACH / Check,343.0000
3710,3718,2024-12-23 17:19:00,American Express,551.3900
3711,3719,2024-12-24 09:45:00,Mastercard,365.1700
3712,3721,2024-12-24 11:19:00,Visa,697.2200
3713,3720,2024-12-24 11:31:00,Cash,311.8900
3714,3309,2024-12-24 12:51:00,ACH / Check,248.7200
3715,3722,2024-12-24 13:53:00,Mobile Wallet,117.5300
3716,3723,2024-12-24 16:10:00,American Express,1438.2500
3717,3573,2024-12-24 17:20:00,ACH / Check,128.3500
3718,3637,2024-12-25 08:36:00,ACH / Check,128.3500
3719,3383,2024-12-25 12:02:00,ACH / Check,201.6000
3720,3569,2024-12-25 13:29:00,ACH / Check,669.4000
3721,3577,2024-12-25 17:07:00,ACH / Check,63.0000
3722,3365,2024-12-26 06:27:00,ACH / Check,128.3500
3723,3725,2024-12-26 10:23:00,Visa,72.3300
3724,3727,2024-12-26 10:57:00,Discover,133.9500
3725,3728,2024-12-26 11:18:00,Mobile Wallet,317.2900
3726,3729,2024-12-26 11:55:00,Visa,462.7100
3727,3400,2024-12-26 12:42:00,ACH / Check,969.9800
3728,3326,2024-12-26 12:45:00,ACH / Check,128.3500
3729,3731,2024-12-26 12:55:00,Visa,1179.4900
3730,3503,2024-12-26 14:08:00,ACH / Check,68.1300
3731,3735,2024-12-26 14:30:00,Visa,311.8900
3732,3736,2024-12-26 15:06:00,Mobile Wallet,1092.6800
3733,3740,2024-12-26 15:34:00,Cash,133.9500
3734,3734,2024-12-26 15:40:00,Visa,551.3900
3735,3733,2024-12-26 16:00:00,Visa,1179.4900
3736,3737,2024-12-26 16:30:00,Debit Card,263.1300
3737,3739,2024-12-26 16:31:00,Debit Card,133.9500
3738,3738,2024-12-26 16:32:00,Mobile Wallet,437.9800
3739,3741,2024-12-27 08:33:00,Mastercard,242.0400
3740,3745,2024-12-27 09:47:00,Mobile Wallet,123.1300
3741,3543,2024-12-27 10:30:00,ACH / Check,519.3800
3742,3743,2024-12-27 10:36:00,Visa,128.3500
3743,3748,2024-12-27 10:51:00,Debit Card,774.6200
3744,3746,2024-12-27 11:11:00,Visa,507.9800
3745,3750,2024-12-27 12:44:00,Visa,437.9800
3746,3751,2024-12-27 13:09:00,American Express,341.3100
3747,3752,2024-12-27 15:59:00,Mastercard,913.5100
3748,3754,2024-12-27 16:30:00,Mastercard,133.6600
3749,3447,2024-12-28 07:34:00,ACH / Check,128.3500
3750,3755,2024-12-28 10:16:00,Visa,748.4700
3751,3595,2024-12-28 10:17:00,ACH / Check,450.5100
3752,3757,2024-12-28 10:19:00,Cash,79.29
3753,3757,2024-12-28 10:20:00,Mastercard,54.6600
3754,3753,2024-12-28 11:02:00,Mastercard,758.4700
3755,3760,2024-12-28 11:09:00,Cash,123.1300
3756,3354,2024-12-28 11:14:00,ACH / Check,519.3800
3757,3761,2024-12-28 12:31:00,Mastercard,104.8400
3758,3523,2024-12-29 13:56:00,ACH / Check,604.0400
3759,3349,2024-12-30 09:08:00,ACH / Check,138.6000
3760,3762,2024-12-30 09:17:00,Visa,628.6000
3761,3763,2024-12-30 09:48:00,Mobile Wallet,123.1300
3762,3764,2024-12-30 10:31:00,Mobile Wallet,104.8400
3763,3689,2024-12-30 10:49:00,ACH / Check,128.3500
3764,3767,2024-12-30 12:32:00,Visa,133.9500
3765,3768,2024-12-30 13:44:00,Visa,327.8500
3766,3769,2024-12-30 14:21:00,Debit Card,133.6600
3767,3770,2024-12-30 15:13:00,American Express,254.6800
3768,3771,2024-12-30 15:24:00,Discover,258.7600
3769,3772,2024-12-30 15:54:00,Visa,104.8400
3770,3774,2024-12-30 16:47:00,American Express,273.9500
3771,3775,2024-12-31 09:15:00,Visa,1459.4900
3772,3773,2024-12-31 09:50:00,American Express,566.2400
3773,3776,2024-12-31 09:54:00,Visa,697.2200
3774,3777,2024-12-31 11:00:00,Mastercard,231.7900
3775,3780,2024-12-31 11:05:00,Debit Card,133.9500
3776,3779,2024-12-31 11:06:00,Mastercard,867.2900
3777,3551,2024-12-31 11:51:00,ACH / Check,392.8800
3778,3778,2024-12-31 12:07:00,Debit Card,283.6000
3779,3781,2024-12-31 12:28:00,Discover,375.9900
3780,3783,2024-12-31 13:28:00,Mastercard,70.0000
3781,3784,2024-12-31 14:12:00,Debit Card,631.0300
3782,3785,2024-12-31 14:34:00,Mastercard,140.0000
3783,3786,2024-12-31 15:42:00,Mobile Wallet,541.0400
3784,3579,2024-12-31 16:36:00,ACH / Check,2376.1400
3785,3586,2025-01-01 08:46:00,ACH / Check,75.6000
3786,3641,2025-01-01 09:40:00,ACH / Check,128.3500
3787,3787,2025-01-02 07:58:00,Mastercard,285.8500
3788,3500,2025-01-02 08:09:00,ACH / Check,275.3900
3789,3788,2025-01-02 11:31:00,Visa,141.0800
3790,3485,2025-01-02 11:47:00,ACH / Check,616.6400
3791,3789,2025-01-02 11:47:00,Discover,408.9200
3792,3792,2025-01-02 12:31:00,Mastercard,179.7300
3793,3790,2025-01-02 12:31:00,Mobile Wallet,141.0800
3794,3791,2025-01-02 12:34:00,Visa,129.8200
3795,3793,2025-01-02 12:53:00,Discover,603.9600
3796,3795,2025-01-02 13:18:00,Visa,90.0000
3797,3798,2025-01-02 13:40:00,Discover,330.5200
3798,3794,2025-01-02 14:22:00,Cash,410.3800
3799,3797,2025-01-02 15:09:00,Discover,315.1200
3800,3799,2025-01-03 08:36:00,Visa,958.9100
3801,3801,2025-01-03 09:30:00,Debit Card,141.0800
3802,3800,2025-01-03 09:40:00,American Express,185.3500
3803,3644,2025-01-03 10:48:00,ACH / Check,128.3500
3804,3802,2025-01-03 11:59:00,Visa,909.7800
3805,3806,2025-01-03 12:12:00,Cash,255.2400
3806,3805,2025-01-03 13:02:00,American Express,1235.4700
3807,3803,2025-01-03 13:06:00,Mastercard,341.7800
3808,3804,2025-01-03 13:45:00,Debit Card,801.7500
3809,3808,2025-01-03 15:22:00,Debit Card,142.5300
3810,3807,2025-01-03 15:34:00,Mastercard,433.2500
3811,3809,2025-01-04 09:26:00,Debit Card,596.8200
3812,3430,2025-01-04 11:18:00,ACH / Check,198.3300
3813,3565,2025-01-04 12:53:00,ACH / Check,541.0400
3814,3814,2025-01-04 13:14:00,Cash,238.2100
3815,3421,2025-01-04 14:04:00,ACH / Check,135.2000
3816,3714,2025-01-05 10:05:00,ACH / Check,250.3600
3817,3730,2025-01-05 12:27:00,ACH / Check,439.4800
3818,3412,2025-01-05 13:14:00,ACH / Check,541.0400
3819,3659,2025-01-06 10:08:00,ACH / Check,230.8400
3820,3816,2025-01-06 10:19:00,Visa,880.4200
3821,3817,2025-01-06 10:30:00,Debit Card,179.7300
3822,3819,2025-01-06 11:50:00,Mobile Wallet,574.2800
3823,3820,2025-01-06 11:56:00,Discover,165.0000
3824,3623,2025-01-06 12:16:00,ACH / Check,631.0300
3825,3823,2025-01-06 13:34:00,Discover,141.0800
3826,3822,2025-01-06 13:36:00,Cash,574.3100
3827,3824,2025-01-06 14:27:00,American Express,206.3300
3828,3679,2025-01-06 14:38:00,ACH / Check,980.8300
3829,3826,2025-01-06 14:57:00,Cash,204.8200
3830,3825,2025-01-06 14:57:00,Mastercard,1114.6800
3831,3827,2025-01-06 15:43:00,Mastercard,364.3100
3832,3742,2025-01-06 17:14:00,ACH / Check,517.7600
3833,3828,2025-01-07 08:43:00,Mobile Wallet,731.7400
3834,3830,2025-01-07 11:38:00,Cash,57.25
3835,3830,2025-01-07 11:39:00,Mastercard,83.8300
3836,3832,2025-01-07 11:57:00,Cash,272.3500
3837,3829,2025-01-07 12:20:00,Visa,596.8200
3838,3831,2025-01-07 12:24:00,Debit Card,141.0800
3839,3833,2025-01-07 12:39:00,Mastercard,130.5300
3840,3457,2025-01-07 12:53:00,ACH / Check,128.3500
3841,3834,2025-01-07 14:02:00,Debit Card,135.0800
3842,3837,2025-01-07 14:07:00,Mobile Wallet,345.2400
3843,3836,2025-01-07 14:29:00,Debit Card,553.2500
3844,3724,2025-01-07 14:39:00,ACH / Check,715.8000
3845,3838,2025-01-07 15:40:00,Mastercard,187.5000
3846,3839,2025-01-07 15:54:00,Visa,252.8800
3847,3452,2025-01-08 08:36:00,ACH / Check,128.3500
3848,3840,2025-01-08 08:37:00,American Express,896.4900
3849,3843,2025-01-08 09:51:00,Visa,596.8200
3850,3842,2025-01-08 11:28:00,Mastercard,129.8200
3851,3844,2025-01-08 11:31:00,Mobile Wallet,586.2400
3852,3845,2025-01-08 14:20:00,Visa,141.0800
3853,3547,2025-01-09 07:19:00,ACH / Check,128.3500
3854,3560,2025-01-09 07:25:00,ACH / Check,196.4900
3855,3567,2025-01-09 08:27:00,ACH / Check,609.6300
3856,3558,2025-01-09 08:28:00,ACH / Check,128.3500
3857,3847,2025-01-09 09:03:00,Visa,125.0000
3858,3846,2025-01-09 09:43:00,Cash,435.1200
3859,3849,2025-01-09 10:18:00,Visa,129.8200
3860,3848,2025-01-09 11:07:00,Visa,168.4700
3861,3851,2025-01-09 11:09:00,Debit Card,123.8200
3862,3850,2025-01-09 11:38:00,Discover,168.4700
3863,3526,2025-01-09 13:16:00,ACH / Check,519.3800
3864,3578,2025-01-09 13:32:00,ACH / Check,128.3500
3865,3852,2025-01-09 14:00:00,Debit Card,549.9400
3866,3854,2025-01-09 14:39:00,Visa,746.9300
3867,3853,2025-01-09 15:18:00,Cash,141.0800
3868,3855,2025-01-09 16:10:00,Visa,150.0000
3869,3856,2025-01-09 16:30:00,Mastercard,350.7100
3870,3858,2025-01-09 17:13:00,Debit Card,221.4300
3871,3860,2025-01-10 10:27:00,Visa,667.8300
3872,3861,2025-01-10 10:57:00,Discover,393.9600
3873,3857,2025-01-10 11:06:00,Cash,81.0000
3874,3859,2025-01-10 11:19:00,Cash,596.8200
3875,3862,2025-01-10 11:24:00,Debit Card,279.8200
3876,3575,2025-01-10 12:48:00,ACH / Check,425.1500
3877,3863,2025-01-10 13:03:00,Visa,574.3800
3878,3864,2025-01-10 13:26:00,Visa,168.4700
3879,3866,2025-01-10 13:52:00,Mastercard,240.8900
3880,3869,2025-01-10 15:11:00,Debit Card,444.5000
3881,3870,2025-01-10 15:27:00,Visa,893.0100
3882,3868,2025-01-10 16:05:00,Visa,272.3500
3883,3872,2025-01-10 16:23:00,Cash,641.9300
3884,3871,2025-01-10 16:56:00,American Express,673.5600
3885,3873,2025-01-11 11:26:00,Debit Card,217.5300
3886,3874,2025-01-11 11:30:00,Mobile Wallet,179.7300
3887,3875,2025-01-11 11:34:00,Debit Card,141.0800
3888,3876,2025-01-11 13:58:00,Visa,596.8200
3889,3580,2025-01-11 17:55:00,ACH / Check,519.3800
3890,3499,2025-01-12 09:44:00,ACH / Check,541.0400
3891,3582,2025-01-12 10:23:00,ACH / Check,227.0500
3892,3880,2025-01-13 08:01:00,Mastercard,555.3300
3893,3883,2025-01-13 09:34:00,Mastercard,668.0200
3894,3882,2025-01-13 10:05:00,Debit Card,731.7400
3895,3878,2025-01-13 10:13:00,Mastercard,671.9300
3896,3877,2025-01-13 10:43:00,Cash,106.28
3897,3877,2025-01-13 10:44:00,Debit Card,163.8400
3898,3884,2025-01-13 11:18:00,Mastercard,270.1200
3899,3887,2025-01-13 11:29:00,Visa,185.7100
3900,3886,2025-01-13 12:03:00,Visa,364.3100
3901,3885,2025-01-13 12:22:00,Cash,468.5600
3902,3888,2025-01-13 12:42:00,Debit Card,358.3100
3903,3891,2025-01-13 13:25:00,Mobile Wallet,141.0800
3904,3889,2025-01-13 13:34:00,Mobile Wallet,141.0800
3905,3890,2025-01-13 14:11:00,Mastercard,425.7100
3906,3892,2025-01-13 14:21:00,Cash,265.5300
3907,3893,2025-01-13 14:50:00,Debit Card,561.5800
3908,3896,2025-01-13 15:54:00,Mobile Wallet,315.1500
3909,3898,2025-01-13 16:38:00,Debit Card,151.9800
3910,3512,2025-01-14 05:47:00,ACH / Check,128.3500
3911,3900,2025-01-14 08:42:00,Discover,97.5000
3912,3902,2025-01-14 09:05:00,Visa,303.8900
3913,3901,2025-01-14 09:46:00,Mastercard,1095.9000
3914,3899,2025-01-14 09:55:00,Visa,427.9400
3915,3905,2025-01-14 10:32:00,Mobile Wallet,129.8200
3916,3904,2025-01-14 10:57:00,Mastercard,105.8500
3917,3908,2025-01-14 12:30:00,Mobile Wallet,123.8200
3918,3906,2025-01-14 12:58:00,American Express,123.8200
3919,3907,2025-01-14 14:28:00,Visa,713.0400
3920,3909,2025-01-14 15:28:00,Visa,129.8200
3921,3910,2025-01-15 09:56:00,Mobile Wallet,151.9800
3922,3911,2025-01-15 10:18:00,Visa,151.9800
3923,3759,2025-01-15 10:57:00,ACH / Check,423.2300
3924,3912,2025-01-15 11:11:00,Mobile Wallet,129.8200
3925,3914,2025-01-15 11:13:00,Visa,362.3500
3926,3916,2025-01-15 13:24:00,Debit Card,165.0000
3927,3915,2025-01-15 13:50:00,Visa,179.7300
3928,3587,2025-01-15 14:48:00,ACH / Check,423.4700
3929,3920,2025-01-15 16:01:00,Visa,921.0300
3930,3919,2025-01-15 16:22:00,Mobile Wallet,812.2200
3931,3921,2025-01-15 16:49:00,Visa,265.7100
3932,3923,2025-01-16 08:25:00,Debit Card,221.4300
3933,3924,2025-01-16 09:56:00,Debit Card,130.5300
3934,3926,2025-01-16 09:58:00,Debit Card,1061.0700
3935,3928,2025-01-16 11:08:00,Visa,150.0000
3936,3927,2025-01-16 11:51:00,Visa,196.4300
3937,3758,2025-01-16 11:57:00,ACH / Check,347.6300
3938,3651,2025-01-16 12:06:00,ACH / Check,519.3800
3939,3930,2025-01-16 12:08:00,Cash,150.0000
3940,3931,2025-01-16 12:51:00,Mastercard,279.8200
3941,3933,2025-01-16 14:25:00,Mastercard,603.9600
3942,3932,2025-01-16 15:14:00,Visa,312.8500
3943,3935,2025-01-16 15:44:00,Visa,129.8200
3944,3938,2025-01-16 16:22:00,Discover,330.1700
3945,3937,2025-01-16 17:04:00,Mobile Wallet,390.1700
3946,3936,2025-01-16 17:24:00,Mastercard,423.8900
3947,3534,2025-01-17 08:44:00,ACH / Check,343.0000
3948,3941,2025-01-17 10:41:00,Visa,403.2500
3949,3940,2025-01-17 11:12:00,Mobile Wallet,283.5000
3950,3942,2025-01-17 11:22:00,Debit Card,168.4700
3951,3946,2025-01-17 13:01:00,Visa,141.0800
3952,3943,2025-01-17 13:26:00,Debit Card,590.6800
3953,3947,2025-01-17 15:02:00,Visa,240.8900
3954,3948,2025-01-17 16:07:00,Debit Card,373.1300
3955,3726,2025-01-18 07:05:00,ACH / Check,481.2000
3956,3811,2025-01-18 08:19:00,ACH / Check,135.0800
3957,3835,2025-01-18 09:49:00,ACH / Check,185.7100
3958,3949,2025-01-18 09:50:00,Debit Card,221.4300
3959,3951,2025-01-18 10:23:00,American Express,129.8200
3960,3684,2025-01-18 12:43:00,ACH / Check,250.8200
3961,3953,2025-01-18 13:51:00,Visa,123.8200
3962,3952,2025-01-18 13:58:00,Visa,150.0000
3963,3815,2025-01-19 06:38:00,ACH / Check,135.0800
3964,3658,2025-01-19 11:17:00,ACH / Check,128.3500
3965,3591,2025-01-19 16:24:00,ACH / Check,300.8800
3966,3954,2025-01-20 09:19:00,Visa,141.0800
3967,3955,2025-01-20 11:18:00,Cash,561.5800
3968,3957,2025-01-20 13:10:00,Mobile Wallet,160.9700
3969,3958,2025-01-20 13:42:00,Mastercard,909.8400
3970,3960,2025-01-20 13:45:00,Mastercard,75.0000
3971,3956,2025-01-20 14:18:00,Debit Card,172.5300
3972,3961,2025-01-20 14:47:00,Mobile Wallet,129.8200
3973,3963,2025-01-20 15:40:00,Debit Card,622.8600
3974,3962,2025-01-20 15:50:00,Debit Card,270.1500
3975,3559,2025-01-21 06:23:00,ACH / Check,128.3500
3976,3967,2025-01-21 09:27:00,American Express,3030.5600
3977,3964,2025-01-21 10:38:00,Mastercard,129.8200
3978,3965,2025-01-21 10:46:00,American Express,200.7100
3979,3972,2025-01-21 12:23:00,Debit Card,105.8500
3980,3968,2025-01-21 12:55:00,Mobile Wallet,279.8200
3981,3969,2025-01-21 13:26:00,Visa,335.4600
3982,3971,2025-01-21 13:35:00,Mastercard,292.5300
3983,3970,2025-01-21 13:40:00,Mastercard,397.7700
3984,3975,2025-01-21 16:51:00,Visa,335.4600
3985,3974,2025-01-21 17:10:00,Mobile Wallet,742.8300
3986,3977,2025-01-22 09:53:00,Discover,172.2300
3987,3978,2025-01-22 10:15:00,Visa,186.8500
3988,3976,2025-01-22 10:46:00,Visa,596.8200
3989,3982,2025-01-22 11:52:00,Debit Card,84.0500
3990,3981,2025-01-22 12:02:00,Debit Card,129.8200
3991,3702,2025-01-22 12:19:00,ACH / Check,128.3500
3992,3979,2025-01-22 12:28:00,Debit Card,409.9400
3993,3980,2025-01-22 13:11:00,Mastercard,270.1200
3994,3649,2025-01-22 13:23:00,ACH / Check,365.6500
3995,3983,2025-01-22 13:47:00,Visa,142.5300
3996,3984,2025-01-22 15:49:00,Discover,219.8200
3997,3987,2025-01-23 07:48:00,Cash,364.3100
3998,3986,2025-01-23 11:10:00,Debit Card,530.1400
3999,3989,2025-01-23 11:38:00,Cash,292.6200
4000,3991,2025-01-23 13:07:00,Visa,401.4200
4001,3992,2025-01-23 13:09:00,Mobile Wallet,596.8200
4002,3994,2025-01-23 13:22:00,Debit Card,309.5200
4003,3993,2025-01-23 13:57:00,Visa,361.2800
4004,3796,2025-01-23 14:42:00,ACH / Check,630.5200
4005,3997,2025-01-23 14:56:00,Visa,1385.4700
4006,3995,2025-01-23 15:21:00,Visa,308.4300
4007,3998,2025-01-23 15:21:00,Debit Card,364.3100
4008,3999,2025-01-23 15:48:00,Cash,88.03
4009,3999,2025-01-23 15:49:00,Mastercard,161.1200
4010,3894,2025-01-23 16:43:00,ACH / Check,135.0800
4011,3681,2025-01-24 07:38:00,ACH / Check,248.7200
4012,4002,2025-01-24 08:04:00,Debit Card,258.8900
4013,4001,2025-01-24 10:53:00,Mastercard,403.2500
4014,4003,2025-01-24 10:56:00,American Express,341.7600
4015,4006,2025-01-24 11:46:00,Mastercard,206.3300
4016,4004,2025-01-24 11:49:00,Mobile Wallet,371.4300
4017,4007,2025-01-24 12:13:00,Cash,141.0800
4018,4005,2025-01-24 12:45:00,Mobile Wallet,101.2500
4019,4008,2025-01-24 13:45:00,American Express,311.0600
4020,4011,2025-01-24 14:58:00,Mastercard,1385.4700
4021,4012,2025-01-25 08:28:00,Cash,270.1200
4022,4013,2025-01-25 09:52:00,Visa,364.3100
4023,4014,2025-01-25 10:16:00,Visa,129.8200
4024,4015,2025-01-25 10:23:00,Visa,283.6100
4025,4018,2025-01-25 12:25:00,American Express,673.3900
4026,4020,2025-01-25 12:48:00,American Express,373.6100
4027,4019,2025-01-25 12:52:00,Visa,596.8200
4028,4022,2025-01-25 13:18:00,Mobile Wallet,574.2800
4029,4021,2025-01-27 10:28:00,Visa,221.4200
4030,4024,2025-01-27 11:29:00,Discover,461.7800
4031,4023,2025-01-27 11:31:00,Visa,141.0800
4032,4025,2025-01-27 12:16:00,Mobile Wallet,664.2800
4033,4026,2025-01-27 13:15:00,Debit Card,628.2500
4034,4027,2025-01-27 13:41:00,Visa,204.0500
4035,4031,2025-01-27 14:14:00,Mobile Wallet,598.4000
4036,4034,2025-01-27 14:14:00,Mastercard,141.0800
4037,4029,2025-01-27 14:19:00,American Express,129.8200
4038,4036,2025-01-27 14:28:00,Discover,141.0800
4039,4035,2025-01-27 14:53:00,Debit Card,291.0800
4040,4028,2025-01-27 15:03:00,Mastercard,272.3500
4041,4033,2025-01-27 15:36:00,American Express,151.9800
4042,4030,2025-01-27 15:36:00,Cash,596.8200
4043,3653,2025-01-28 06:04:00,ACH / Check,221.3400
4044,4041,2025-01-28 09:22:00,Debit Card,2777.5000
4045,4039,2025-01-28 10:43:00,Cash,682.11
4046,4039,2025-01-28 10:44:00,Debit Card,744.5300
4047,4045,2025-01-28 11:24:00,Visa,141.0800
4048,4048,2025-01-29 08:54:00,Discover,110.3500
4049,4047,2025-01-29 09:41:00,Mobile Wallet,279.8200
4050,4049,2025-01-29 10:36:00,Visa,290.7100
4051,4050,2025-01-29 11:12:00,American Express,141.0800
4052,3782,2025-01-29 12:32:00,ACH / Check,517.7600
4053,4053,2025-01-29 13:02:00,Debit Card,142.5300
4054,4052,2025-01-29 13:13:00,Mobile Wallet,150.0000
4055,3922,2025-01-29 14:46:00,ACH / Check,240.8900
4056,4054,2025-01-29 16:31:00,Debit Card,200.7100
4057,4056,2025-01-30 08:06:00,Mastercard,563.0400
4058,3821,2025-01-30 08:30:00,ACH / Check,569.8200
4059,4055,2025-01-30 08:34:00,Discover,341.0300
4060,4057,2025-01-30 10:34:00,Debit Card,206.3300
4061,3881,2025-01-30 10:43:00,ACH / Check,240.8900
4062,4059,2025-01-30 11:56:00,Mastercard,240.8900
4063,3895,2025-01-30 12:21:00,ACH / Check,135.0800
4064,4060,2025-01-30 12:34:00,Cash,81.0000
4065,4063,2025-01-30 13:42:00,Mobile Wallet,362.3500
4066,4062,2025-01-30 14:24:00,American Express,596.8200
4067,4066,2025-01-30 14:24:00,Visa,1446.3200
4068,4068,2025-01-30 15:41:00,Visa,565.0100
4069,3678,2025-01-30 16:14:00,ACH / Check,128.3500
4070,4067,2025-01-30 16:15:00,Mobile Wallet,889.5600
4071,3699,2025-01-30 17:22:00,ACH / Check,295.1900
4072,4069,2025-01-31 09:27:00,Mobile Wallet,381.0800
4073,4072,2025-01-31 10:17:00,Mobile Wallet,566.8100
4074,4071,2025-01-31 11:43:00,Mastercard,129.8200
4075,4074,2025-01-31 13:34:00,Visa,150.0000
4076,4073,2025-01-31 14:12:00,Debit Card,240.0000
4077,4075,2025-01-31 14:47:00,Visa,574.2800
4078,4076,2025-01-31 15:27:00,Mobile Wallet,673.3900
4079,4077,2025-01-31 15:30:00,Debit Card,262.3300
4080,4079,2025-01-31 15:36:00,Mobile Wallet,364.3100
4081,4081,2025-01-31 16:20:00,Visa,97.5000
4082,4080,2025-02-01 09:23:00,Visa,596.8200
4083,4084,2025-02-01 10:46:00,Cash,105.8500
4084,4085,2025-02-01 11:02:00,Cash,200.42
4085,4085,2025-02-01 11:03:00,Debit Card,156.0000
4086,4087,2025-02-01 13:05:00,Visa,260.3500
4087,4086,2025-02-01 13:35:00,Mastercard,246.0800
4088,3747,2025-02-02 08:41:00,ACH / Check,250.8200
4089,4090,2025-02-03 08:56:00,Visa,141.0800
4090,4089,2025-02-03 10:45:00,Mobile Wallet,141.0800
4091,4092,2025-02-03 11:09:00,Mobile Wallet,135.0800
4092,4091,2025-02-03 11:12:00,Mastercard,141.0800
4093,4094,2025-02-03 11:20:00,American Express,774.6600
4094,4097,2025-02-03 12:13:00,Visa,204.8200
4095,4093,2025-02-03 12:32:00,American Express,141.0800
4096,3990,2025-02-03 12:46:00,ACH / Check,344.4300
4097,4098,2025-02-03 12:48:00,Mastercard,168.4700
4098,4096,2025-02-03 13:26:00,Visa,142.9800
4099,4095,2025-02-03 13:42:00,Cash,225.0000
4100,4100,2025-02-03 14:24:00,Visa,141.0800
4101,4102,2025-02-03 15:22:00,Visa,839.1100
4102,4101,2025-02-03 15:24:00,Cash,292.5300
4103,4106,2025-02-03 16:25:00,Visa,358.6100
4104,4103,2025-02-03 17:11:00,Visa,141.0800
4105,4109,2025-02-04 09:11:00,Mastercard,105.8500
4106,3744,2025-02-04 09:15:00,ACH / Check,508.5600
4107,4107,2025-02-04 10:34:00,Debit Card,401.0600
4108,4110,2025-02-04 11:04:00,Visa,110.3500
4109,4111,2025-02-04 12:56:00,Mastercard,899.0600
4110,4115,2025-02-04 16:05:00,Visa,293.8200
4111,3879,2025-02-04 16:15:00,ACH / Check,346.6100
4112,4118,2025-02-04 17:00:00,Debit Card,889.5600
4113,4114,2025-02-04 17:13:00,Cash,144.23
4114,4114,2025-02-04 17:14:00,Mastercard,228.9000
4115,3973,2025-02-04 17:29:00,ACH / Check,358.3100
4116,4037,2025-02-04 17:41:00,ACH / Check,569.8200
4117,4120,2025-02-05 08:56:00,Visa,141.0800
4118,4116,2025-02-05 09:47:00,Visa,129.8200
4119,4121,2025-02-05 09:54:00,Visa,141.0800
4120,4117,2025-02-05 11:02:00,Debit Card,151.9800
4121,3732,2025-02-05 14:06:00,ACH / Check,343.0000
4122,4124,2025-02-05 14:20:00,Cash,150.0000
4123,4123,2025-02-05 14:37:00,American Express,150.0000
4124,4125,2025-02-05 14:58:00,Mastercard,187.5000
4125,4126,2025-02-05 15:14:00,Mastercard,258.8900
4126,4127,2025-02-05 15:42:00,American Express,571.8200
4127,4129,2025-02-05 17:05:00,Visa,1463.5400
4128,4128,2025-02-05 17:17:00,Visa,364.3100
4129,4133,2025-02-06 10:33:00,Cash,200.3500
4130,4131,2025-02-06 10:37:00,Visa,292.5300
4131,3765,2025-02-06 11:11:00,ACH / Check,128.3500
4132,4132,2025-02-06 11:55:00,Debit Card,206.3300
4133,4134,2025-02-06 16:02:00,Debit Card,371.4200
4134,3897,2025-02-06 18:22:00,ACH / Check,675.6700
4135,4044,2025-02-07 06:29:00,ACH / Check,253.2100
4136,4137,2025-02-07 08:32:00,Mastercard,1498.1200
4137,4043,2025-02-07 08:53:00,ACH / Check,135.0800
4138,4139,2025-02-07 09:31:00,Visa,341.7600
4139,4138,2025-02-07 09:47:00,Mobile Wallet,75.0000
4140,4141,2025-02-07 10:22:00,Mastercard,358.3100
4141,4140,2025-02-07 11:30:00,Visa,269.7300
4142,4142,2025-02-07 13:01:00,Cash,178.98
4143,4142,2025-02-07 13:02:00,Visa,179.3300
4144,4146,2025-02-07 14:01:00,Mastercard,370.2500
4145,4144,2025-02-07 14:42:00,Mastercard,141.0800
4146,4143,2025-02-07 14:54:00,American Express,142.5300
4147,4145,2025-02-07 15:24:00,Debit Card,371.4200
4148,4147,2025-02-07 16:12:00,Cash,218.3200
4149,4148,2025-02-07 16:56:00,Discover,547.2800
4150,4000,2025-02-07 19:36:00,ACH / Check,641.9300
4151,4051,2025-02-08 07:30:00,ACH / Check,81.0000
4152,3810,2025-02-08 09:33:00,ACH / Check,135.0800
4153,4149,2025-02-08 09:42:00,Visa,380.4600
4154,4042,2025-02-08 10:04:00,ACH / Check,135.0800
4155,4150,2025-02-08 10:50:00,Visa,141.0800
4156,4155,2025-02-08 10:53:00,American Express,150.0000
4157,4151,2025-02-08 10:54:00,American Express,686.8200
4158,4153,2025-02-08 11:13:00,Discover,932.4500
4159,4156,2025-02-08 11:26:00,American Express,454.3100
4160,3944,2025-02-08 11:41:00,ACH / Check,67.5000
4161,3841,2025-02-08 11:57:00,ACH / Check,135.0800
4162,4152,2025-02-08 12:03:00,Debit Card,129.8200
4163,4157,2025-02-08 12:08:00,American Express,141.0800
4164,4154,2025-02-08 12:42:00,Mastercard,168.4700
4165,4158,2025-02-08 12:44:00,Visa,373.1300
4166,3950,2025-02-09 06:09:00,ACH / Check,358.1300
4167,3988,2025-02-09 07:13:00,ACH / Check,130.5300
4168,3756,2025-02-09 08:31:00,ACH / Check,376.3600
4169,3865,2025-02-09 12:29:00,ACH / Check,569.8200
4170,4159,2025-02-10 08:00:00,Mastercard,720.3300
4171,4160,2025-02-10 09:04:00,Cash,482.1300
4172,4161,2025-02-10 09:16:00,Debit Card,141.0800
4173,3766,2025-02-10 11:37:00,ACH / Check,180.1700
4174,4165,2025-02-10 12:00:00,Mobile Wallet,931.2500
4175,4164,2025-02-10 12:27:00,Discover,574.2800
4176,3749,2025-02-10 12:47:00,ACH / Check,128.3500
4177,4163,2025-02-10 12:57:00,Mastercard,150.0000
4178,4166,2025-02-10 13:34:00,Visa,90.0000
4179,4167,2025-02-10 13:52:00,Visa,90.0000
4180,4170,2025-02-10 15:12:00,Visa,110.3500
4181,4169,2025-02-10 15:18:00,Mobile Wallet,216.0800
4182,4173,2025-02-11 10:45:00,Debit Card,1182.1800
4183,4174,2025-02-11 11:52:00,Visa,90.0000
4184,3985,2025-02-11 12:44:00,ACH / Check,411.9200
4185,4065,2025-02-11 12:58:00,ACH / Check,700.3500
4186,4176,2025-02-11 13:19:00,Mobile Wallet,267.8500
4187,4175,2025-02-11 13:20:00,Mobile Wallet,542.3000
4188,4177,2025-02-11 16:46:00,Mobile Wallet,112.5000
4189,4178,2025-02-12 09:04:00,Visa,191.3300
4190,3812,2025-02-12 09:24:00,ACH / Check,358.3100
4191,3813,2025-02-12 10:22:00,ACH / Check,1114.6800
4192,4182,2025-02-12 10:25:00,Visa,141.0800
4193,4180,2025-02-12 10:31:00,Debit Card,129.8200
4194,4179,2025-02-12 10:34:00,Cash,141.0800
4195,4184,2025-02-12 12:59:00,Mastercard,243.8300
4196,4032,2025-02-12 12:59:00,ACH / Check,358.3100
4197,4186,2025-02-12 14:28:00,Mobile Wallet,281.4200
4198,4185,2025-02-12 15:31:00,Visa,221.4300
4199,4187,2025-02-12 16:07:00,Mobile Wallet,439.3100
4200,4189,2025-02-12 16:25:00,Visa,934.2600
4201,4190,2025-02-12 16:47:00,Debit Card,229.6700
4202,3903,2025-02-13 06:10:00,ACH / Check,135.0800
4203,4191,2025-02-13 08:07:00,Discover,358.6100
4204,4192,2025-02-13 08:50:00,Cash,19.55
4205,4192,2025-02-13 08:51:00,Mastercard,57.0000
4206,4016,2025-02-13 09:30:00,ACH / Check,135.0800
4207,4193,2025-02-13 10:49:00,Mobile Wallet,75.0000
4208,4195,2025-02-13 12:58:00,Visa,90.0000
4209,4197,2025-02-13 13:18:00,Debit Card,75.0000
4210,4194,2025-02-13 13:32:00,Mastercard,596.8200
4211,4200,2025-02-14 08:45:00,Mastercard,617.5100
4212,4199,2025-02-14 09:17:00,Visa,142.5300
4213,4070,2025-02-14 09:42:00,ACH / Check,135.0800
4214,4201,2025-02-14 10:40:00,Debit Card,141.0800
4215,4202,2025-02-14 11:28:00,Visa,75.0000
4216,4204,2025-02-14 12:35:00,American Express,191.0800
4217,4205,2025-02-14 12:36:00,Visa,360.2500
4218,4207,2025-02-14 14:19:00,Cash,129.8200
4219,4105,2025-02-14 15:20:00,ACH / Check,1498.1200
4220,4208,2025-02-14 16:19:00,Mastercard,571.8200
4221,4209,2025-02-14 16:57:00,Visa,412.6600
4222,3939,2025-02-15 07:26:00,ACH / Check,265.5300
4223,4211,2025-02-15 08:29:00,Visa,358.3100
4224,4210,2025-02-15 08:31:00,Mastercard,755.5200
4225,4009,2025-02-15 09:39:00,ACH / Check,263.4200
4226,4212,2025-02-15 12:10:00,Visa,232.5300
4227,4046,2025-02-15 15:36:00,ACH / Check,173.3500
4228,3913,2025-02-16 07:31:00,ACH / Check,569.8200
4229,3996,2025-02-16 14:34:00,ACH / Check,265.6100
4230,4217,2025-02-17 09:58:00,Mastercard,482.1300
4231,4218,2025-02-17 10:20:00,Cash,36.43
4232,4218,2025-02-17 10:21:00,Visa,143.3000
4233,4216,2025-02-17 10:50:00,Debit Card,270.1500
4234,4122,2025-02-17 11:34:00,ACH / Check,263.4200
4235,4222,2025-02-17 12:10:00,Mastercard,364.3100
4236,4220,2025-02-17 12:24:00,Cash,596.8200
4237,4223,2025-02-17 12:56:00,Mobile Wallet,252.1200
4238,4219,2025-02-17 13:06:00,Visa,225.0000
4239,4225,2025-02-17 13:29:00,Cash,364.3100
4240,4221,2025-02-17 14:00:00,Mobile Wallet,563.0400
4241,4227,2025-02-17 14:34:00,American Express,216.0800
4242,4230,2025-02-17 16:33:00,American Express,135.0800
4243,4228,2025-02-17 16:42:00,Mobile Wallet,330.5200
4244,4229,2025-02-17 17:01:00,Visa,81.0000
4245,4010,2025-02-18 09:57:00,ACH / Check,628.2800
4246,4234,2025-02-18 10:34:00,Mastercard,255.2400
4247,4232,2025-02-18 11:03:00,Visa,204.8200
4248,4231,2025-02-18 11:10:00,Visa,596.8200
4249,4233,2025-02-18 11:28:00,Mastercard,1235.4700
4250,4236,2025-02-18 11:45:00,Cash,72.28
4251,4236,2025-02-18 11:46:00,Debit Card,113.0700
4252,4237,2025-02-18 12:41:00,Cash,231.0800
4253,4235,2025-02-18 12:42:00,Cash,76.5500
4254,3934,2025-02-18 12:55:00,ACH / Check,135.0800
4255,4238,2025-02-18 13:23:00,Mastercard,90.0000
4256,4240,2025-02-18 14:00:00,Mobile Wallet,151.9800
4257,4241,2025-02-18 14:34:00,Visa,225.0000
4258,4239,2025-02-18 14:38:00,Mastercard,129.8200
4259,4244,2025-02-19 09:12:00,Mobile Wallet,141.0800
4260,4242,2025-02-19 09:40:00,Visa,746.9300
4261,4246,2025-02-19 09:42:00,Visa,186.8500
4262,4247,2025-02-19 10:58:00,Mastercard,341.7800
4263,4243,2025-02-19 11:04:00,Debit Card,446.3300
4264,4248,2025-02-19 11:45:00,Debit Card,279.8200
4265,4251,2025-02-19 11:48:00,Visa,874.2700
4266,4249,2025-02-19 11:58:00,Debit Card,141.0800
4267,4250,2025-02-19 12:15:00,Visa,82.5000
4268,3929,2025-02-19 13:08:00,ACH / Check,409.9400
4269,4252,2025-02-19 14:28:00,Debit Card,403.2500
4270,4254,2025-02-19 15:09:00,Mastercard,637.3200
4271,4256,2025-02-19 16:50:00,Mobile Wallet,650.8200
4272,4255,2025-02-19 16:58:00,American Express,386.0600
4273,3818,2025-02-20 06:26:00,ACH / Check,715.8600
4274,4258,2025-02-20 08:47:00,Visa,364.3100
4275,3867,2025-02-20 10:27:00,ACH / Check,637.3200
4276,4136,2025-02-20 10:48:00,ACH / Check,409.9400
4277,4259,2025-02-20 11:22:00,Cash,635.7800
4278,4260,2025-02-20 11:30:00,Cash,129.8200
4279,4263,2025-02-20 11:33:00,Debit Card,110.3500
4280,3945,2025-02-20 13:00:00,ACH / Check,371.3800
4281,4264,2025-02-20 13:17:00,Mobile Wallet,931.2500
4282,4183,2025-02-21 07:53:00,ACH / Check,202.5800
4283,4265,2025-02-21 10:06:00,Mobile Wallet,1238.4300
4284,4266,2025-02-21 10:17:00,Mastercard,141.0800
4285,4271,2025-02-21 14:16:00,Cash,510.2500
4286,4273,2025-02-21 14:55:00,Debit Card,630.3300
4287,4275,2025-02-21 15:03:00,Visa,240.1700
4288,4270,2025-02-21 15:23:00,Cash,425.7100
4289,4272,2025-02-21 15:45:00,Visa,595.8100
4290,4274,2025-02-21 16:07:00,American Express,141.0800
4291,4276,2025-02-21 16:24:00,Visa,692.3000
4292,4277,2025-02-21 16:49:00,Debit Card,291.0800
4293,4278,2025-02-21 16:50:00,Mastercard,291.0800
4294,4279,2025-02-22 08:16:00,Cash,129.8200
4295,4280,2025-02-22 10:15:00,Mastercard,129.8200
4296,4282,2025-02-22 10:32:00,American Express,75.0000
4297,4038,2025-02-22 17:04:00,ACH / Check,2679.8500
4298,4181,2025-02-24 09:24:00,ACH / Check,135.0000
4299,4286,2025-02-24 10:13:00,Mastercard,390.1700
4300,4285,2025-02-24 10:15:00,Visa,341.7600
4301,3966,2025-02-24 10:21:00,ACH / Check,81.0000
4302,4284,2025-02-24 10:46:00,American Express,563.0400
4303,4287,2025-02-24 11:14:00,Visa,141.0800
4304,4288,2025-02-24 12:01:00,Visa,401.4200
4305,4289,2025-02-24 13:26:00,Visa,364.3100
4306,4291,2025-02-24 15:02:00,Visa,150.0000
4307,4292,2025-02-24 15:12:00,Visa,350.7100
4308,4296,2025-02-24 15:27:00,Visa,240.1700
4309,4293,2025-02-24 15:32:00,Debit Card,315.1900
4310,4295,2025-02-24 16:18:00,Visa,387.2200
4311,4297,2025-02-24 17:06:00,Cash,206.3300
4312,4298,2025-02-25 08:04:00,Mobile Wallet,570.4700
4313,4299,2025-02-25 08:35:00,American Express,2829.8500
4314,4300,2025-02-25 10:04:00,Mastercard,671.8200
4315,4088,2025-02-25 12:06:00,ACH / Check,1114.6800
4316,4301,2025-02-25 12:09:00,American Express,468.4700
4317,4215,2025-02-25 12:53:00,ACH / Check,320.7800
4318,4302,2025-02-25 13:09:00,Visa,440.1900
4319,4305,2025-02-25 14:18:00,Visa,135.0000
4320,4064,2025-02-25 14:32:00,ACH / Check,135.0800
4321,4303,2025-02-25 14:36:00,Mobile Wallet,225.0000
4322,4307,2025-02-25 14:59:00,Debit Card,270.1200
4323,4309,2025-02-25 17:19:00,Visa,281.4200
4324,4311,2025-02-26 10:37:00,Visa,920.9000
4325,4312,2025-02-26 11:12:00,Mastercard,1185.9000
4326,4310,2025-02-26 11:43:00,Debit Card,350.3500
4327,4078,2025-02-26 12:07:00,ACH / Check,278.0600
4328,4313,2025-02-26 12:43:00,Mastercard,1013.0400
4329,4319,2025-02-26 13:59:00,Cash,354.8200
4330,4314,2025-02-26 14:13:00,Visa,364.3100
4331,4317,2025-02-26 14:15:00,Mastercard,206.3300
4332,4318,2025-02-26 14:22:00,Visa,805.3600
4333,4316,2025-02-26 14:25:00,Mobile Wallet,150.0000
4334,4321,2025-02-26 15:48:00,Visa,596.7600
4335,4320,2025-02-26 16:51:00,Cash,563.0400
4336,4322,2025-02-26 17:18:00,Visa,129.8200
4337,4323,2025-02-27 08:11:00,Visa,240.0000
4338,4017,2025-02-27 08:27:00,ACH / Check,641.9300
4339,4324,2025-02-27 09:44:00,Debit Card,129.8200
4340,4325,2025-02-27 10:08:00,Mastercard,141.0800
4341,4162,2025-02-27 11:36:00,ACH / Check,135.0800
4342,4327,2025-02-27 13:16:00,Mastercard,692.3000
4343,3918,2025-02-27 13:45:00,ACH / Check,1475.5500
4344,4330,2025-02-27 13:48:00,Visa,692.3000
4345,4253,2025-02-27 13:52:00,ACH / Check,265.6100
4346,4329,2025-02-27 14:37:00,Visa,648.2500
4347,4171,2025-02-27 15:05:00,ACH / Check,569.8200
4348,4331,2025-02-27 15:31:00,Debit Card,525.7100
4349,4082,2025-02-27 17:09:00,ACH / Check,432.1900
4350,3925,2025-02-28 06:08:00,ACH / Check,772.3200
4351,4334,2025-02-28 10:28:00,Debit Card,123.8200
4352,4335,2025-02-28 12:26:00,Discover,476.5400
4353,4336,2025-02-28 13:24:00,Debit Card,716.2100
4354,4337,2025-02-28 13:25:00,Visa,574.2800
4355,4338,2025-02-28 13:56:00,Visa,371.4200
4356,3917,2025-02-28 15:22:00,ACH / Check,81.0000
4357,4342,2025-03-01 09:57:00,Cash,110.3500
4358,4340,2025-03-01 11:04:00,Mobile Wallet,75.0000
4359,4343,2025-03-01 11:29:00,Visa,341.7800
4360,4341,2025-03-01 11:51:00,Visa,500.7100
4361,4345,2025-03-01 12:55:00,American Express,150.0000
4362,4346,2025-03-01 13:06:00,Mastercard,206.3300
4363,4344,2025-03-01 13:55:00,Mobile Wallet,90.0000
4364,4104,2025-03-01 18:20:00,ACH / Check,512.3000
4365,4262,2025-03-02 10:52:00,ACH / Check,358.3100
4366,4058,2025-03-02 12:18:00,ACH / Check,135.0800
4367,4188,2025-03-02 13:42:00,ACH / Check,135.0800
4368,4347,2025-03-03 08:49:00,Visa,240.0000
4369,4172,2025-03-03 08:59:00,ACH / Check,320.7800
4370,4348,2025-03-03 09:17:00,American Express,129.8200
4371,4349,2025-03-03 09:30:00,Visa,231.0800
4372,4351,2025-03-03 10:22:00,Cash,371.4200
4373,4352,2025-03-03 10:28:00,Visa,179.7300
4374,4350,2025-03-03 11:59:00,Mastercard,202.5800
4375,4353,2025-03-03 12:48:00,Mobile Wallet,129.8200
4376,4354,2025-03-03 13:07:00,Cash,325.63
4377,4354,2025-03-03 13:08:00,Debit Card,271.1900
4378,4355,2025-03-03 15:15:00,Visa,292.5300
4379,4356,2025-03-03 15:21:00,Mastercard,531.2600
4380,4357,2025-03-03 15:45:00,Cash,380.7100
4381,4358,2025-03-03 16:35:00,Visa,217.5300
4382,4359,2025-03-03 17:16:00,Mobile Wallet,209.4200
4383,4361,2025-03-04 09:16:00,Visa,641.7800
4384,4365,2025-03-04 10:51:00,Cash,73.55
4385,4365,2025-03-04 10:52:00,Visa,67.5300
4386,4364,2025-03-04 11:11:00,Cash,129.8200
4387,4363,2025-03-04 11:12:00,Mastercard,135.0800
4388,4366,2025-03-04 11:27:00,Mastercard,129.8200
4389,4224,2025-03-04 13:45:00,ACH / Check,202.5000
4390,4367,2025-03-04 13:51:00,Visa,565.0100
4391,4368,2025-03-04 14:40:00,Mobile Wallet,315.1900
4392,4370,2025-03-04 15:44:00,Cash,1046.7600
4393,4371,2025-03-04 16:08:00,Visa,105.8500
4394,4369,2025-03-04 16:22:00,Cash,150.0000
4395,4083,2025-03-05 06:46:00,ACH / Check,270.0800
4396,4372,2025-03-05 08:50:00,Visa,596.8200
4397,4374,2025-03-05 09:05:00,American Express,110.3500
4398,4376,2025-03-05 09:17:00,Visa,958.9100
4399,4377,2025-03-05 13:20:00,Mastercard,364.3100
4400,4380,2025-03-05 14:11:00,Visa,364.3100
4401,4379,2025-03-05 14:20:00,Debit Card,1182.1800
4402,4378,2025-03-05 14:28:00,Cash,267.8500
4403,4381,2025-03-05 14:56:00,Debit Card,470.8500
4404,4382,2025-03-05 15:28:00,Debit Card,151.9800
4405,4383,2025-03-05 16:35:00,Cash,684.6300
4406,4385,2025-03-06 10:30:00,Mastercard,141.0800
4407,3959,2025-03-06 11:31:00,ACH / Check,265.6100
4408,4386,2025-03-06 11:52:00,Mobile Wallet,129.8200
4409,4388,2025-03-06 12:43:00,Mobile Wallet,315.0000
4410,4206,2025-03-06 12:45:00,ACH / Check,547.2800
4411,4387,2025-03-06 12:49:00,Visa,216.0800
4412,4389,2025-03-06 14:36:00,Debit Card,110.3500
4413,4391,2025-03-06 16:14:00,Visa,643.2500
4414,4390,2025-03-06 16:19:00,Cash,105.8500
4415,4393,2025-03-07 08:57:00,Mastercard,896.9300
4416,4396,2025-03-07 11:25:00,Mobile Wallet,596.8200
4417,4395,2025-03-07 11:37:00,Mastercard,150.0000
4418,4400,2025-03-07 11:59:00,Visa,262.3300
4419,4398,2025-03-07 12:09:00,Mastercard,141.0800
4420,4399,2025-03-07 12:30:00,Visa,252.8800
4421,4401,2025-03-07 13:37:00,Debit Card,313.5800
4422,4404,2025-03-07 14:05:00,Mastercard,141.0800
4423,4402,2025-03-07 14:05:00,Visa,677.8200
4424,4403,2025-03-07 14:27:00,Discover,150.0000
4425,4040,2025-03-08 07:06:00,ACH / Check,450.3300
4426,4405,2025-03-08 11:03:00,Debit Card,165.0000
4427,4406,2025-03-08 11:29:00,Debit Card,313.2100
4428,4409,2025-03-08 11:53:00,American Express,225.0000
4429,4061,2025-03-08 12:03:00,ACH / Check,560.8100
4430,4407,2025-03-08 12:26:00,Visa,666.5700
4431,4113,2025-03-09 12:32:00,ACH / Check,240.8900
4432,4130,2025-03-09 18:13:00,ACH / Check,569.8200
4433,4412,2025-03-10 09:33:00,Debit Card,746.8200
4434,4414,2025-03-10 10:06:00,Visa,574.2800
4435,4413,2025-03-10 10:13:00,Mobile Wallet,521.5100
4436,4214,2025-03-10 10:20:00,ACH / Check,657.4400
4437,4417,2025-03-10 10:32:00,Cash,420.1200
4438,4418,2025-03-10 11:15:00,Mastercard,551.7600
4439,4415,2025-03-10 11:18:00,American Express,165.0000
4440,4268,2025-03-10 11:59:00,ACH / Check,569.8200
4441,4339,2025-03-10 12:10:00,ACH / Check,270.0800
4442,4419,2025-03-10 12:41:00,Debit Card,596.8200
4443,4421,2025-03-10 13:02:00,Mastercard,345.2400
4444,4422,2025-03-10 13:40:00,Mobile Wallet,574.2800
4445,4423,2025-03-10 14:25:00,Mastercard,574.2800
4446,4426,2025-03-10 15:33:00,Visa,446.5100
4447,4425,2025-03-10 15:38:00,Visa,129.8200
4448,4424,2025-03-10 15:40:00,Visa,656.1700
4449,4427,2025-03-10 15:59:00,Debit Card,258.8900
4450,4257,2025-03-11 06:05:00,ACH / Check,135.0800
4451,4429,2025-03-11 08:57:00,Mastercard,350.7100
4452,4428,2025-03-11 09:06:00,Visa,596.8200
4453,4430,2025-03-11 09:31:00,Visa,105.8500
4454,4119,2025-03-11 10:31:00,ACH / Check,334.2100
4455,4431,2025-03-11 13:10:00,Visa,251.4300
4456,4435,2025-03-11 14:41:00,Mastercard,263.4200
4457,4436,2025-03-11 15:51:00,Cash,596.8200
4458,4437,2025-03-11 16:51:00,Debit Card,405.1700
4459,4440,2025-03-12 11:14:00,Visa,403.2500
4460,4438,2025-03-12 11:15:00,Visa,275.7100
4461,4441,2025-03-12 12:12:00,Discover,141.0800
4462,4442,2025-03-12 12:49:00,Cash,43.91
4463,4442,2025-03-12 12:50:00,Debit Card,128.3200
4464,4444,2025-03-12 14:47:00,Mobile Wallet,686.7400
4465,4443,2025-03-12 15:14:00,Visa,515.5400
4466,4445,2025-03-12 15:31:00,Visa,281.4200
4467,4446,2025-03-12 15:34:00,Debit Card,733.9100
4468,4333,2025-03-12 15:36:00,ACH / Check,320.7100
4469,4447,2025-03-13 09:26:00,Cash,1358.4000
4470,4448,2025-03-13 11:11:00,Mastercard,219.8200
4471,4449,2025-03-13 11:29:00,Visa,341.7800
4472,4450,2025-03-13 11:35:00,Cash,225.0800
4473,4454,2025-03-13 13:07:00,Debit Card,358.3100
4474,4451,2025-03-13 13:22:00,Visa,412.6900
4475,4453,2025-03-13 14:15:00,Visa,326.4300
4476,4452,2025-03-13 14:24:00,Discover,420.1500
4477,4135,2025-03-13 14:57:00,ACH / Check,793.7900
4478,4455,2025-03-13 15:09:00,Debit Card,270.1200
4479,4456,2025-03-13 15:22:00,Mobile Wallet,90.0000
4480,4459,2025-03-14 09:24:00,Mastercard,1095.9000
4481,4458,2025-03-14 09:32:00,American Express,265.6100
4482,4461,2025-03-14 11:00:00,Debit Card,209.4300
4483,4460,2025-03-14 11:01:00,Mobile Wallet,286.6500
4484,4462,2025-03-14 12:15:00,Cash,270.1500
4485,4463,2025-03-14 12:34:00,Discover,664.3200
4486,4466,2025-03-14 13:01:00,Mastercard,123.8200
4487,4464,2025-03-14 13:16:00,Visa,845.6000
4488,4467,2025-03-14 13:36:00,Debit Card,266.7100
4489,4469,2025-03-14 14:15:00,Visa,263.4200
4490,4468,2025-03-14 15:28:00,Visa,602.2200
4491,4470,2025-03-14 16:32:00,Mobile Wallet,335.4600
4492,4471,2025-03-14 16:38:00,Debit Card,135.0800
4493,4472,2025-03-15 09:22:00,Discover,141.0800
4494,4476,2025-03-15 12:37:00,Debit Card,240.0000
4495,4474,2025-03-15 12:50:00,Visa,371.4200
4496,4477,2025-03-15 13:05:00,Debit Card,641.7800
4497,4473,2025-03-15 13:52:00,Visa,596.8200
4498,4326,2025-03-16 08:18:00,ACH / Check,81.0000
4499,4108,2025-03-16 08:53:00,ACH / Check,641.9300
4500,4411,2025-03-16 11:27:00,ACH / Check,547.2800
4501,4168,2025-03-16 11:59:00,ACH / Check,358.1300
4502,4478,2025-03-17 09:26:00,Debit Card,141.0800
4503,4475,2025-03-17 10:41:00,Visa,934.6200
4504,4480,2025-03-17 11:45:00,Visa,90.0000
4505,4479,2025-03-17 11:47:00,Visa,341.7800
4506,4483,2025-03-17 15:07:00,American Express,151.9800
4507,4484,2025-03-17 15:49:00,Mastercard,313.5800
4508,4482,2025-03-17 15:54:00,American Express,90.0000
4509,4384,2025-03-18 09:12:00,ACH / Check,135.0800
4510,4486,2025-03-18 09:53:00,Mastercard,179.7300
4511,4485,2025-03-18 10:04:00,American Express,675.1900
4512,4488,2025-03-18 11:20:00,Cash,70.78
4513,4488,2025-03-18 11:21:00,Mastercard,135.3000
4514,4198,2025-03-18 11:36:00,ACH / Check,135.0800
4515,4489,2025-03-18 12:50:00,American Express,75.0000
4516,4491,2025-03-18 13:47:00,Visa,596.8200
4517,4493,2025-03-18 13:53:00,Visa,1463.5400
4518,4495,2025-03-18 14:10:00,American Express,420.1500
4519,4490,2025-03-18 14:10:00,Mastercard,671.9300
4520,4494,2025-03-18 15:35:00,Mastercard,857.1700
4521,4492,2025-03-18 15:38:00,Mobile Wallet,129.8200
4522,4496,2025-03-18 16:42:00,Cash,2829.8500
4523,4499,2025-03-18 16:45:00,Mastercard,364.3100
4524,4267,2025-03-19 07:39:00,ACH / Check,240.8900
4525,4501,2025-03-19 09:06:00,Mastercard,733.9100
4526,4500,2025-03-19 10:24:00,Visa,704.1100
4527,4099,2025-03-19 10:38:00,ACH / Check,263.4200
4528,4503,2025-03-19 10:40:00,Visa,110.3500
4529,4502,2025-03-19 11:19:00,Mastercard,382.7000
4530,4498,2025-03-19 11:29:00,Mobile Wallet,596.8200
4531,4505,2025-03-19 11:41:00,Debit Card,692.8500
4532,4506,2025-03-19 11:54:00,Debit Card,135.0800
4533,4509,2025-03-19 12:12:00,Mobile Wallet,596.8200
4534,4510,2025-03-19 13:12:00,Mobile Wallet,596.8200
4535,4508,2025-03-19 13:14:00,Visa,403.2500
4536,4504,2025-03-19 13:18:00,Debit Card,105.8500
4537,4507,2025-03-19 13:30:00,Cash,200.89
4538,4511,2025-03-19 13:30:00,Visa,129.8200
4539,4507,2025-03-19 13:31:00,Visa,215.8700
4540,4512,2025-03-19 13:37:00,American Express,141.0800
4541,4515,2025-03-19 13:58:00,Mobile Wallet,1463.5400
4542,4514,2025-03-19 14:58:00,Visa,547.2800
4543,4513,2025-03-19 15:24:00,Visa,409.9400
4544,4516,2025-03-19 15:44:00,Visa,366.0800
4545,4517,2025-03-19 16:06:00,Visa,141.0800
4546,4518,2025-03-19 16:52:00,Discover,142.5300
4547,4520,2025-03-19 17:18:00,Debit Card,150.0000
4548,4522,2025-03-20 10:07:00,Debit Card,148.5800
4549,4112,2025-03-20 10:38:00,ACH / Check,337.5800
4550,4519,2025-03-20 11:12:00,Visa,369.2400
4551,4524,2025-03-20 11:56:00,Mastercard,141.0800
4552,4526,2025-03-20 12:35:00,American Express,255.2400
4553,4525,2025-03-20 13:10:00,Visa,335.4600
4554,4527,2025-03-20 15:50:00,Debit Card,141.0800
4555,4529,2025-03-20 16:29:00,Visa,129.8200
4556,4528,2025-03-20 17:14:00,Mobile Wallet,110.3500
4557,4531,2025-03-21 07:48:00,Debit Card,1569.1700
4558,4532,2025-03-21 08:59:00,Visa,135.0800
4559,4530,2025-03-21 09:38:00,Visa,731.7400
4560,4420,2025-03-21 10:17:00,ACH / Check,135.0800
4561,4533,2025-03-21 11:03:00,Cash,141.0800
4562,4534,2025-03-21 12:25:00,Mastercard,141.0800
4563,4536,2025-03-21 12:57:00,Mastercard,281.3300
4564,4537,2025-03-21 13:32:00,Debit Card,571.8200
4565,4538,2025-03-21 13:49:00,Debit Card,341.7600
4566,4539,2025-03-21 14:21:00,Mastercard,129.8200
4567,4540,2025-03-21 14:49:00,Visa,342.2500
4568,4542,2025-03-21 15:40:00,Visa,240.8900
4569,4541,2025-03-21 16:00:00,Mastercard,187.5000
4570,4543,2025-03-21 17:14:00,Debit Card,151.9800
4571,4544,2025-03-22 09:47:00,Visa,267.8500
4572,4545,2025-03-22 10:35:00,Debit Card,1004.0900
4573,4196,2025-03-22 11:17:00,ACH / Check,240.9300
4574,4547,2025-03-22 12:46:00,Mastercard,123.8200
4575,4392,2025-03-22 14:17:00,ACH / Check,388.2800
4576,4439,2025-03-23 08:34:00,ACH / Check,448.1000
4577,4315,2025-03-23 13:31:00,ACH / Check,135.0800
4578,4203,2025-03-23 13:33:00,ACH / Check,585.3300
4579,4549,2025-03-24 07:51:00,Visa,292.2300
4580,4548,2025-03-24 09:40:00,Mastercard,206.3300
4581,4553,2025-03-24 10:28:00,Mastercard,150.0000
4582,4394,2025-03-24 10:38:00,ACH / Check,135.0800
4583,4226,2025-03-24 11:00:00,ACH / Check,569.8200
4584,4554,2025-03-24 11:43:00,Cash,281.4200
4585,4555,2025-03-24 11:56:00,Visa,129.8200
4586,4552,2025-03-24 11:59:00,Cash,91.24
4587,4552,2025-03-24 12:00:00,Mastercard,190.1800
4588,4561,2025-03-24 12:56:00,Mastercard,125.0000
4589,4556,2025-03-24 13:19:00,Mobile Wallet,265.6100
4590,4562,2025-03-24 13:50:00,Debit Card,130.5700
4591,4558,2025-03-24 13:54:00,Mastercard,1385.4700
4592,4559,2025-03-24 14:21:00,Visa,258.8900
4593,4566,2025-03-24 14:23:00,Debit Card,695.7800
4594,4567,2025-03-24 14:51:00,Mobile Wallet,141.0800
4595,4565,2025-03-24 14:53:00,Debit Card,141.0800
4596,4564,2025-03-24 15:05:00,Visa,75.0000
4597,4568,2025-03-25 08:38:00,Debit Card,596.8200
4598,4571,2025-03-25 09:32:00,Cash,663.6000
4599,4569,2025-03-25 10:09:00,Mobile Wallet,405.2400
4600,4570,2025-03-25 10:33:00,Mastercard,129.8200
4601,4572,2025-03-25 10:43:00,American Express,168.4700
4602,4573,2025-03-25 13:51:00,Cash,423.9500
4603,4465,2025-03-25 14:43:00,ACH / Check,297.1900
4604,4574,2025-03-25 14:49:00,Cash,150.0000
4605,4576,2025-03-25 16:25:00,Visa,364.3100
4606,4577,2025-03-25 17:12:00,Debit Card,367.5300
4607,4579,2025-03-25 17:23:00,American Express,742.8300
4608,4584,2025-03-26 10:39:00,Mastercard,141.0800
4609,4582,2025-03-26 10:42:00,Discover,141.0800
4610,4408,2025-03-26 10:42:00,ACH / Check,81.0000
4611,4583,2025-03-26 11:40:00,Mobile Wallet,311.0600
4612,4457,2025-03-26 12:45:00,ACH / Check,569.8200
4613,4587,2025-03-26 13:17:00,Debit Card,671.9300
4614,4588,2025-03-26 13:27:00,Mastercard,206.3300
4615,4586,2025-03-26 14:11:00,Debit Card,281.4200
4616,4589,2025-03-26 15:03:00,Visa,420.1500
4617,4590,2025-03-26 15:52:00,Debit Card,358.1300
4618,4592,2025-03-26 16:53:00,Mastercard,797.5200
4619,4591,2025-03-26 17:18:00,Cash,143.97
4620,4591,2025-03-26 17:19:00,Debit Card,571.3900
4621,4593,2025-03-27 08:51:00,Mobile Wallet,141.0800
4622,4594,2025-03-27 10:31:00,Debit Card,310.6700
4623,4596,2025-03-27 10:52:00,Mastercard,932.4500
4624,4261,2025-03-27 11:35:00,ACH / Check,344.4300
4625,4595,2025-03-27 11:43:00,Cash,130.5300
4626,4304,2025-03-27 11:59:00,ACH / Check,81.0000
4627,4597,2025-03-27 12:00:00,Visa,142.5300
4628,4598,2025-03-27 12:09:00,Mastercard,219.0800
4629,4601,2025-03-27 12:18:00,Visa,135.0800
4630,4602,2025-03-27 12:51:00,Debit Card,240.1700
4631,4603,2025-03-27 13:11:00,Debit Card,574.2800
4632,4599,2025-03-27 13:29:00,American Express,350.7100
4633,4607,2025-03-27 13:29:00,Mastercard,496.5100
4634,4605,2025-03-27 13:31:00,Visa,563.0400
4635,4608,2025-03-27 13:59:00,Visa,364.3100
4636,4606,2025-03-27 14:03:00,Visa,596.8200
4637,4609,2025-03-27 14:10:00,American Express,168.4700
4638,4604,2025-03-27 14:33:00,Visa,637.3200
4639,4610,2025-03-27 15:08:00,Mastercard,596.8200
4640,4611,2025-03-27 15:31:00,Debit Card,275.7100
4641,4612,2025-03-27 15:58:00,American Express,185.3500
4642,4613,2025-03-27 17:15:00,Visa,569.8200
4643,4614,2025-03-28 09:06:00,Visa,81.0000
4644,4615,2025-03-28 09:30:00,Debit Card,379.3100
4645,4290,2025-03-28 09:51:00,ACH / Check,358.1300
4646,4617,2025-03-28 10:09:00,Mobile Wallet,142.5300
4647,4616,2025-03-28 10:49:00,Mastercard,168.4700
4648,4620,2025-03-28 11:20:00,Visa,129.8200
4649,4618,2025-03-28 11:59:00,Debit Card,141.0800
4650,4619,2025-03-28 12:17:00,Visa,291.0800
4651,4621,2025-03-28 12:29:00,Mastercard,513.6000
4652,4624,2025-03-28 13:56:00,Visa,202.5000
4653,4622,2025-03-28 14:04:00,Mastercard,187.5000
4654,4623,2025-03-28 14:31:00,Visa,90.0000
4655,4625,2025-03-28 14:46:00,Visa,373.1300
4656,4627,2025-03-29 09:46:00,Mastercard,129.8200
4657,4626,2025-03-29 10:23:00,Visa,221.4300
4658,4628,2025-03-29 12:01:00,Mastercard,780.5700
4659,4629,2025-03-29 13:32:00,Visa,574.2800
4660,4632,2025-03-29 13:45:00,Mastercard,315.1900
4661,4281,2025-03-30 08:14:00,ACH / Check,135.0800
4662,4373,2025-03-30 09:28:00,ACH / Check,135.0800
4663,4410,2025-03-30 14:31:00,ACH / Check,135.0800
4664,4634,2025-03-31 08:39:00,Visa,726.6300
4665,4633,2025-03-31 09:54:00,Cash,1526.5500
4666,4631,2025-03-31 11:07:00,Visa,141.0800
4667,4636,2025-03-31 11:17:00,Debit Card,225.0000
4668,4213,2025-03-31 11:17:00,ACH / Check,398.4600
4669,4637,2025-03-31 11:53:00,Mastercard,252.8800
4670,4639,2025-03-31 12:59:00,Mobile Wallet,399.9600
4671,4640,2025-03-31 13:19:00,Mastercard,671.9300
4672,4641,2025-03-31 14:27:00,Visa,371.4200
4673,4643,2025-03-31 15:53:00,Mastercard,81.0000
4674,4645,2025-03-31 16:48:00,Visa,797.5200
4675,4647,2025-04-01 09:12:00,Debit Card,129.8200
4676,4649,2025-04-01 09:17:00,Discover,150.0000
4677,4646,2025-04-01 09:39:00,Debit Card,440.7100
4678,4652,2025-04-01 10:52:00,Cash,1178.6700
4679,4653,2025-04-01 10:53:00,Mobile Wallet,240.1700
4680,4650,2025-04-01 10:53:00,Cash,110.3500
4681,4654,2025-04-01 11:21:00,Cash,738.7400
4682,4657,2025-04-01 12:53:00,Visa,315.1900
4683,4662,2025-04-01 13:13:00,Cash,135.0800
4684,4663,2025-04-01 13:42:00,Debit Card,596.8200
4685,4656,2025-04-01 13:45:00,Cash,129.8200
4686,4658,2025-04-01 14:05:00,Debit Card,746.9300
4687,4660,2025-04-01 14:19:00,Mastercard,409.9400
4688,4659,2025-04-01 14:32:00,Mobile Wallet,675.6700
4689,4661,2025-04-01 14:56:00,Mastercard,286.6500
4690,4665,2025-04-01 14:59:00,Visa,836.5200
4691,4664,2025-04-01 15:09:00,Mastercard,1347.1800
4692,4669,2025-04-02 10:05:00,Visa,141.0800
4693,4667,2025-04-02 10:18:00,Debit Card,664.2800
4694,4668,2025-04-02 10:35:00,Visa,141.0800
4695,4269,2025-04-02 10:51:00,ACH / Check,477.2500
4696,4375,2025-04-02 11:29:00,ACH / Check,135.0800
4697,4671,2025-04-02 12:05:00,Debit Card,410.7400
4698,4670,2025-04-02 12:18:00,Visa,1182.1800
4699,4673,2025-04-02 14:12:00,Cash,574.2800
4700,4674,2025-04-02 14:45:00,American Express,139.5500
4701,4676,2025-04-02 16:32:00,Mastercard,373.1300
4702,4677,2025-04-03 09:00:00,Mastercard,788.0400
4703,4678,2025-04-03 11:09:00,Visa,129.8200
4704,4679,2025-04-03 11:28:00,Mastercard,219.8200
4705,4682,2025-04-03 12:53:00,American Express,312.8500
4706,4360,2025-04-03 12:55:00,ACH / Check,135.0800
4707,4680,2025-04-03 13:26:00,Debit Card,141.0800
4708,4683,2025-04-03 14:27:00,Visa,275.7100
4709,4686,2025-04-03 15:35:00,Visa,339.1500
4710,4687,2025-04-03 16:17:00,Mastercard,371.4300
4711,4688,2025-04-03 16:23:00,Discover,876.4400
4712,4308,2025-04-03 16:55:00,ACH / Check,358.3100
4713,4283,2025-04-04 07:28:00,ACH / Check,81.0000
4714,4690,2025-04-04 08:31:00,American Express,75.0000
4715,4689,2025-04-04 09:14:00,Visa,381.0800
4716,4691,2025-04-04 10:52:00,Visa,226.5500
4717,4693,2025-04-04 11:18:00,Visa,150.0000
4718,4694,2025-04-04 11:58:00,Visa,135.0800
4719,4692,2025-04-04 12:03:00,Visa,90.0000
4720,4696,2025-04-04 13:27:00,Mobile Wallet,883.9100
4721,4328,2025-04-04 14:07:00,ACH / Check,617.0400
4722,4699,2025-04-04 14:38:00,Mastercard,341.7600
4723,4701,2025-04-04 16:06:00,Cash,258.8200
4724,4245,2025-04-05 08:09:00,ACH / Check,81.0000
4725,4700,2025-04-05 08:49:00,Visa,589.3100
4726,4704,2025-04-05 09:22:00,Visa,454.3100
4727,4702,2025-04-05 09:45:00,Debit Card,420.1200
4728,4705,2025-04-05 10:03:00,Mobile Wallet,90.0000
4729,4706,2025-04-05 10:43:00,Discover,192.5300
4730,4703,2025-04-05 10:58:00,Visa,2660.7900
4731,4707,2025-04-05 11:16:00,Debit Card,341.7600
4732,4709,2025-04-05 11:34:00,Discover,129.8200
4733,4708,2025-04-05 11:58:00,Debit Card,899.0600
4734,4710,2025-04-05 12:16:00,Cash,596.8200
4735,4711,2025-04-05 12:36:00,Mobile Wallet,549.9600
4736,4712,2025-04-05 13:01:00,Debit Card,571.8200
4737,4550,2025-04-05 15:09:00,ACH / Check,637.3200
4738,4332,2025-04-06 16:55:00,ACH / Check,378.2400
4739,4716,2025-04-07 08:43:00,Visa,514.3100
4740,4432,2025-04-07 09:25:00,ACH / Check,185.7100
4741,4718,2025-04-07 10:31:00,Mobile Wallet,129.8200
4742,4481,2025-04-07 11:50:00,ACH / Check,416.4700
4743,4416,2025-04-07 12:07:00,ACH / Check,1220.5300
4744,4721,2025-04-07 12:18:00,American Express,168.4700
4745,4723,2025-04-07 13:39:00,Cash,132.28
4746,4723,2025-04-07 13:40:00,Visa,240.8500
4747,4725,2025-04-07 13:45:00,Mobile Wallet,141.0800
4748,4580,2025-04-08 04:54:00,ACH / Check,709.4300
4749,4729,2025-04-08 08:12:00,Visa,671.9300
4750,4727,2025-04-08 09:24:00,Debit Card,151.9800
4751,4728,2025-04-08 10:12:00,Debit Card,842.8500
4752,4726,2025-04-08 10:25:00,Mastercard,596.8200
4753,4557,2025-04-08 11:21:00,ACH / Check,569.8200
4754,4306,2025-04-08 16:07:00,ACH / Check,371.4600
4755,4734,2025-04-09 08:17:00,Cash,279.8200
4756,4736,2025-04-09 08:28:00,Debit Card,376.6500
4757,4737,2025-04-09 09:30:00,Mastercard,75.0000
4758,4735,2025-04-09 09:33:00,Mobile Wallet,141.0800
4759,4738,2025-04-09 09:57:00,Cash,373.1300
4760,4739,2025-04-09 10:29:00,Mastercard,129.8200
4761,4521,2025-04-09 11:14:00,ACH / Check,270.0800
4762,4742,2025-04-09 12:21:00,Mastercard,270.1200
4763,4294,2025-04-09 12:41:00,ACH / Check,1340.4700
4764,4746,2025-04-09 13:51:00,Cash,373.1300
4765,4740,2025-04-09 14:08:00,Visa,596.8200
4766,4741,2025-04-09 14:18:00,Mastercard,364.3100
4767,4743,2025-04-09 14:50:00,Debit Card,315.1500
4768,4744,2025-04-09 15:19:00,Debit Card,379.3100
4769,4747,2025-04-09 15:27:00,Mastercard,815.8900
4770,4745,2025-04-09 15:47:00,Cash,410.6300
4771,4748,2025-04-09 16:24:00,Visa,141.0800
4772,4751,2025-04-10 09:04:00,Mastercard,270.1200
4773,4750,2025-04-10 09:17:00,Mobile Wallet,135.0800
4774,4753,2025-04-10 10:29:00,Mobile Wallet,90.0000
4775,4754,2025-04-10 11:00:00,Mobile Wallet,405.5200
4776,4756,2025-04-10 11:47:00,Mobile Wallet,226.5500
4777,4757,2025-04-10 12:12:00,Visa,141.0800
4778,4755,2025-04-10 12:25:00,Visa,129.8200
4779,4758,2025-04-10 12:28:00,Mastercard,185.3500
4780,4759,2025-04-10 12:48:00,Debit Card,165.0000
4781,4760,2025-04-10 13:12:00,Visa,129.8200
4782,4761,2025-04-10 14:40:00,Visa,398.4600
4783,4763,2025-04-10 14:55:00,Mastercard,971.9300
4784,4762,2025-04-10 14:58:00,Mastercard,403.2500
4785,4764,2025-04-10 16:17:00,Visa,141.0800
4786,4766,2025-04-11 11:14:00,American Express,141.0800
4787,4767,2025-04-11 11:15:00,Visa,200.7100
4788,4768,2025-04-11 13:03:00,American Express,129.8200
4789,4560,2025-04-11 14:40:00,ACH / Check,732.9900
4790,4774,2025-04-11 15:00:00,Mastercard,722.9300
4791,4770,2025-04-11 15:00:00,American Express,364.3100
4792,4771,2025-04-11 15:17:00,Mobile Wallet,206.3300
4793,4773,2025-04-11 15:56:00,Debit Card,343.2400
4794,4775,2025-04-11 16:36:00,Visa,536.0400
4795,4397,2025-04-12 09:09:00,ACH / Check,320.7800
4796,4777,2025-04-12 09:48:00,Visa,574.2800
4797,4776,2025-04-12 11:07:00,Visa,731.7400
4798,4779,2025-04-12 11:27:00,Cash,255.2400
4799,4780,2025-04-12 12:12:00,Visa,844.5600
4800,4600,2025-04-13 09:58:00,ACH / Check,135.0800
4801,4535,2025-04-13 10:50:00,ACH / Check,569.8200
4802,4781,2025-04-14 09:11:00,Visa,706.7400
4803,4782,2025-04-14 12:00:00,Mastercard,141.0800
4804,4783,2025-04-14 12:46:00,Mobile Wallet,200.7100
4805,4785,2025-04-14 12:52:00,Mastercard,540.1900
4806,4784,2025-04-14 12:57:00,American Express,249.1500
4807,4788,2025-04-14 15:08:00,Mobile Wallet,129.8200
4808,4787,2025-04-14 16:12:00,Mastercard,206.3300
4809,4789,2025-04-14 16:35:00,Debit Card,465.1900
4810,4790,2025-04-14 17:26:00,Debit Card,563.0400
4811,4585,2025-04-15 09:47:00,ACH / Check,142.9800
4812,4793,2025-04-15 11:14:00,American Express,206.3300
4813,4719,2025-04-15 11:37:00,ACH / Check,135.0800
4814,4795,2025-04-15 11:45:00,Mobile Wallet,422.1400
4815,4794,2025-04-15 12:14:00,Debit Card,308.4300
4816,4681,2025-04-15 13:09:00,ACH / Check,191.3300
4817,4799,2025-04-15 13:11:00,Mobile Wallet,262.3300
4818,4797,2025-04-15 13:23:00,Debit Card,123.8200
4819,4796,2025-04-15 13:29:00,Visa,231.0800
4820,4798,2025-04-15 14:21:00,Visa,358.1300
4821,4800,2025-04-15 15:20:00,Debit Card,135.0800
4822,4801,2025-04-15 15:56:00,Mastercard,67.5000
4823,4362,2025-04-16 08:24:00,ACH / Check,148.5000
4824,4804,2025-04-16 08:28:00,Cash,316.7800
4825,4805,2025-04-16 08:35:00,Debit Card,141.0800
4826,4802,2025-04-16 09:40:00,Cash,150.0000
4827,4807,2025-04-16 10:50:00,Debit Card,150.0000
4828,4808,2025-04-16 11:15:00,Mobile Wallet,596.8200
4829,4806,2025-04-16 11:18:00,Mastercard,90.0000
4830,4809,2025-04-16 12:18:00,Debit Card,129.8200
4831,4810,2025-04-16 13:01:00,Mobile Wallet,744.2200
4832,4814,2025-04-16 13:12:00,Discover,260.3500
4833,4811,2025-04-16 13:27:00,Cash,110.3500
4834,4815,2025-04-16 14:41:00,Mastercard,165.0000
4835,4813,2025-04-16 14:44:00,Visa,936.1600
4836,4812,2025-04-16 14:55:00,Visa,123.8200
4837,4818,2025-04-16 15:31:00,Visa,281.4200
4838,4817,2025-04-16 15:42:00,Visa,141.0800
4839,4819,2025-04-16 15:50:00,Debit Card,141.0800
4840,4816,2025-04-16 16:11:00,American Express,569.8200
4841,4820,2025-04-16 17:17:00,Debit Card,525.7100
4842,4821,2025-04-17 08:50:00,Visa,1414.7200
4843,4822,2025-04-17 10:54:00,American Express,168.4700
4844,4823,2025-04-17 11:20:00,Mastercard,110.3500
4845,4825,2025-04-17 11:57:00,Visa,129.8200
4846,4826,2025-04-17 12:02:00,Debit Card,266.7100
4847,4827,2025-04-17 13:00:00,American Express,630.5700
4848,4831,2025-04-17 15:46:00,Cash,707.5100
4849,4830,2025-04-17 15:48:00,Visa,217.5300
4850,4433,2025-04-18 10:46:00,ACH / Check,427.7200
4851,4833,2025-04-18 11:11:00,Debit Card,432.2600
4852,4832,2025-04-18 11:20:00,Discover,226.9800
4853,4697,2025-04-18 11:49:00,ACH / Check,263.4200
4854,4642,2025-04-18 12:40:00,ACH / Check,135.0000
4855,4836,2025-04-18 13:58:00,American Express,265.6100
4856,4434,2025-04-18 14:36:00,ACH / Check,641.9300
4857,4835,2025-04-18 14:48:00,Visa,81.0000
4858,4666,2025-04-18 15:30:00,ACH / Check,135.0800
4859,4837,2025-04-18 15:44:00,Visa,219.8200
4860,4839,2025-04-18 16:35:00,Mastercard,596.8200
4861,4838,2025-04-18 17:24:00,Debit Card,168.4700
4862,4841,2025-04-19 09:48:00,Visa,270.1200
4863,4840,2025-04-19 10:21:00,Visa,593.0400
4864,4842,2025-04-19 12:42:00,Cash,569.8200
4865,4844,2025-04-19 13:19:00,Debit Card,431.7600
4866,4843,2025-04-19 13:32:00,American Express,141.0800
4867,4772,2025-04-19 15:17:00,ACH / Check,547.2800
4868,4578,2025-04-20 15:41:00,ACH / Check,333.1100
4869,4717,2025-04-21 09:47:00,ACH / Check,455.7800
4870,4848,2025-04-21 09:51:00,Visa,141.0800
4871,4851,2025-04-21 10:26:00,Mobile Wallet,596.8200
4872,4853,2025-04-21 10:35:00,Visa,1141.7500
4873,4850,2025-04-21 11:07:00,American Express,442.9400
4874,4849,2025-04-21 11:19:00,Visa,141.0800
4875,4487,2025-04-21 11:33:00,ACH / Check,240.9300
4876,4852,2025-04-21 11:54:00,Debit Card,671.9300
4877,4855,2025-04-21 12:18:00,Mobile Wallet,281.4200
4878,4856,2025-04-21 12:25:00,Discover,407.0400
4879,4857,2025-04-21 12:34:00,Mastercard,217.5300
4880,4858,2025-04-21 12:39:00,Discover,231.0800
4881,4854,2025-04-21 12:57:00,Mobile Wallet,224.1500
4882,4859,2025-04-21 14:10:00,Mastercard,341.7600
4883,4860,2025-04-21 15:23:00,Discover,480.5200
4884,4862,2025-04-21 15:36:00,Debit Card,915.8100
4885,4865,2025-04-22 11:00:00,Debit Card,270.1200
4886,4575,2025-04-22 12:38:00,ACH / Check,135.0800
4887,4866,2025-04-22 12:44:00,Debit Card,249.1500
4888,4869,2025-04-22 12:49:00,Discover,420.5200
4889,4868,2025-04-22 12:50:00,Visa,129.8200
4890,4867,2025-04-22 13:04:00,Debit Card,360.2500
4891,4870,2025-04-22 13:36:00,Debit Card,129.8200
4892,4872,2025-04-22 15:43:00,Visa,240.9300
4893,4871,2025-04-22 15:51:00,Visa,358.3100
4894,4873,2025-04-23 08:37:00,Debit Card,141.0800
4895,4874,2025-04-23 09:05:00,Mastercard,90.0000
4896,4875,2025-04-23 09:55:00,Debit Card,129.8200
4897,4878,2025-04-23 10:49:00,Visa,200.3500
4898,4879,2025-04-23 10:55:00,Visa,135.0800
4899,4880,2025-04-23 11:42:00,Mobile Wallet,391.8800
4900,4882,2025-04-23 13:40:00,Visa,437.5000
4901,4885,2025-04-23 13:40:00,Mastercard,645.4800
4902,4881,2025-04-23 13:47:00,American Express,341.4300
4903,4884,2025-04-23 13:48:00,Visa,401.0600
4904,4883,2025-04-23 13:59:00,Visa,135.0800
4905,4786,2025-04-23 15:00:00,ACH / Check,105.8500
4906,4887,2025-04-23 15:08:00,Debit Card,418.2400
4907,4886,2025-04-23 15:48:00,Cash,221.4300
4908,4889,2025-04-23 16:15:00,Visa,267.8500
4909,4888,2025-04-23 16:42:00,Visa,216.0000
4910,4731,2025-04-24 09:40:00,ACH / Check,240.8900
4911,4891,2025-04-24 12:09:00,Discover,150.0000
4912,4892,2025-04-24 12:26:00,Mobile Wallet,266.0800
4913,4896,2025-04-24 14:32:00,Visa,513.6000
4914,4898,2025-04-24 14:37:00,Mobile Wallet,129.8200
4915,4894,2025-04-24 14:50:00,Visa,281.4200
4916,4893,2025-04-24 15:02:00,Mobile Wallet,240.9300
4917,4897,2025-04-24 15:04:00,Mobile Wallet,709.4200
4918,4899,2025-04-24 15:27:00,Debit Card,219.8200
4919,4895,2025-04-24 15:34:00,Mastercard,217.5300
4920,4900,2025-04-24 16:38:00,Cash,563.0400
4921,4901,2025-04-25 10:36:00,Mastercard,90.0000
4922,4904,2025-04-25 10:49:00,American Express,277.2600
4923,4902,2025-04-25 10:51:00,Cash,187.5000
4924,4905,2025-04-25 10:53:00,Debit Card,808.9100
4925,4903,2025-04-25 10:55:00,Mastercard,129.8200
4926,4906,2025-04-25 13:34:00,Visa,141.0800
4927,4910,2025-04-25 13:43:00,Mastercard,129.8200
4928,4907,2025-04-25 14:13:00,Visa,141.0800
4929,4909,2025-04-25 14:19:00,American Express,202.5000
4930,4911,2025-04-25 14:54:00,Mastercard,129.8200
4931,4914,2025-04-25 15:42:00,Discover,258.8900
4932,4913,2025-04-25 16:14:00,Mastercard,141.0800
4933,4916,2025-04-25 17:25:00,Mobile Wallet,206.3300
4934,4918,2025-04-26 08:29:00,Visa,746.8200
4935,4920,2025-04-26 10:17:00,American Express,2679.8500
4936,4917,2025-04-26 10:42:00,Debit Card,652.7800
4937,4921,2025-04-26 11:42:00,Cash,821.7400
4938,4923,2025-04-26 13:54:00,Mastercard,150.0000
4939,4752,2025-04-27 06:13:00,ACH / Check,81.0000
4940,4497,2025-04-27 14:24:00,ACH / Check,991.1700
4941,4635,2025-04-28 07:31:00,ACH / Check,135.0800
4942,4925,2025-04-28 08:32:00,Visa,731.2100
4943,4924,2025-04-28 09:03:00,Mastercard,825.8100
4944,4581,2025-04-28 09:52:00,ACH / Check,135.0800
4945,4926,2025-04-28 10:07:00,Discover,141.0800
4946,4698,2025-04-28 10:52:00,ACH / Check,569.8200
4947,4927,2025-04-28 11:00:00,Visa,179.7300
4948,4928,2025-04-28 12:03:00,Mobile Wallet,142.5300
4949,4638,2025-04-28 12:06:00,ACH / Check,400.6100
4950,4523,2025-04-28 12:35:00,ACH / Check,81.0000
4951,4929,2025-04-28 13:23:00,Debit Card,135.0800
4952,4930,2025-04-28 14:19:00,Visa,574.2800
4953,4933,2025-04-28 15:12:00,Discover,141.0800
4954,4932,2025-04-28 15:48:00,Visa,150.0000
4955,4934,2025-04-28 15:58:00,Mobile Wallet,373.1300
4956,4803,2025-04-28 17:48:00,ACH / Check,732.9900
4957,4720,2025-04-29 07:05:00,ACH / Check,451.3200
4958,4778,2025-04-29 09:25:00,ACH / Check,265.6100
4959,4936,2025-04-29 10:19:00,Cash,671.8200
4960,4939,2025-04-29 10:47:00,Mobile Wallet,675.7100
4961,4938,2025-04-29 11:36:00,Visa,251.4300
4962,4941,2025-04-29 12:17:00,Visa,427.9400
4963,4942,2025-04-29 12:51:00,Debit Card,110.3500
4964,4940,2025-04-29 12:58:00,Debit Card,329.7200
4965,4943,2025-04-29 13:57:00,Visa,150.0000
4966,4944,2025-04-29 14:58:00,Mastercard,150.0000
4967,4945,2025-04-29 15:30:00,Mobile Wallet,367.6200
4968,4551,2025-04-30 09:30:00,ACH / Check,547.2800
4969,4947,2025-04-30 10:30:00,Visa,290.7100
4970,4949,2025-04-30 11:39:00,Debit Card,258.8900
4971,4948,2025-04-30 11:45:00,Cash,148.5800
4972,4829,2025-04-30 12:02:00,ACH / Check,370.2500
4973,4946,2025-04-30 12:19:00,Debit Card,141.0800
4974,4951,2025-04-30 13:31:00,American Express,168.4700
4975,4950,2025-04-30 13:33:00,American Express,270.1500
4976,4954,2025-04-30 15:13:00,Mobile Wallet,166.5500
4977,4953,2025-04-30 15:18:00,Debit Card,373.1300
4978,4952,2025-04-30 15:26:00,Visa,185.7100
4979,4955,2025-04-30 15:47:00,Visa,267.8500
4980,4958,2025-05-01 09:22:00,Mobile Wallet,409.9400
4981,4655,2025-05-01 09:34:00,ACH / Check,216.0800
4982,4956,2025-05-01 10:40:00,Mastercard,390.1700
4983,4959,2025-05-01 10:42:00,Visa,410.6300
4984,4957,2025-05-01 11:27:00,Visa,718.3200
4985,4961,2025-05-01 12:00:00,Cash,364.3100
4986,4960,2025-05-01 13:11:00,Discover,806.0400
4987,4695,2025-05-01 13:14:00,ACH / Check,135.0800
4988,4962,2025-05-01 13:32:00,American Express,141.0800
4989,4963,2025-05-01 14:03:00,Mobile Wallet,557.1300
4990,4964,2025-05-01 14:35:00,Visa,274.5500
4991,4965,2025-05-01 15:32:00,American Express,608.9700
4992,4966,2025-05-01 17:02:00,Mastercard,225.0000
4993,4968,2025-05-02 10:18:00,Visa,335.7600
4994,4969,2025-05-02 10:34:00,Visa,291.0800
4995,4970,2025-05-02 10:39:00,Mastercard,403.2500
4996,4972,2025-05-02 12:21:00,American Express,232.5300
4997,4973,2025-05-02 12:34:00,Cash,255.2400
4998,4974,2025-05-02 12:59:00,Visa,187.5000
4999,4976,2025-05-02 13:28:00,Discover,371.4300
5000,4977,2025-05-02 13:45:00,Mastercard,90.0000
5001,4979,2025-05-02 14:29:00,American Express,249.1500
5002,4978,2025-05-02 14:38:00,Mobile Wallet,423.9500
5003,4980,2025-05-02 15:02:00,Visa,648.8400
5004,4644,2025-05-02 15:11:00,ACH / Check,297.1900
5005,4981,2025-05-02 15:32:00,Visa,1050.8100
5006,4982,2025-05-02 17:14:00,Debit Card,407.0400
5007,4983,2025-05-03 09:19:00,Mastercard,991.1700
5008,4984,2025-05-03 09:51:00,Mobile Wallet,465.1900
5009,4987,2025-05-03 10:52:00,Visa,1113.9800
5010,4563,2025-05-03 10:59:00,ACH / Check,135.0800
5011,4985,2025-05-03 11:15:00,American Express,523.1300
5012,4986,2025-05-03 12:00:00,Debit Card,812.8900
5013,4988,2025-05-03 12:01:00,Mobile Wallet,373.1300
5014,4989,2025-05-03 12:38:00,Mobile Wallet,450.1500
5015,4990,2025-05-03 13:02:00,Debit Card,141.0800
5016,4724,2025-05-03 14:22:00,ACH / Check,569.8200
5017,4546,2025-05-04 16:21:00,ACH / Check,648.7100
5018,4648,2025-05-05 07:21:00,ACH / Check,263.4200
5019,4993,2025-05-05 10:16:00,Discover,129.8200
5020,4992,2025-05-05 10:37:00,Visa,359.5000
5021,4994,2025-05-05 10:49:00,Mobile Wallet,267.8500
5022,4997,2025-05-05 11:49:00,Visa,141.0800
5023,4999,2025-05-05 12:29:00,Visa,1236.9800
5024,4998,2025-05-05 12:34:00,Mobile Wallet,553.2500
5025,4996,2025-05-05 12:36:00,Mobile Wallet,129.8200
5026,4995,2025-05-05 12:45:00,Mastercard,341.7600
5027,5000,2025-05-05 13:45:00,Discover,373.1300
5028,5001,2025-05-05 13:56:00,Mastercard,350.7100
5029,5002,2025-05-05 14:15:00,Mastercard,129.8200
5030,5006,2025-05-05 14:37:00,Visa,206.3300
5031,5008,2025-05-05 15:26:00,Mastercard,364.3100
5032,5007,2025-05-05 15:31:00,Visa,574.2800
5033,5005,2025-05-05 16:16:00,Discover,315.1200
5034,5009,2025-05-05 16:57:00,American Express,356.4200
5035,5010,2025-05-06 08:15:00,Visa,403.2500
5036,5012,2025-05-06 10:11:00,Debit Card,281.4200
5037,5013,2025-05-06 10:12:00,Discover,513.9600
5038,5015,2025-05-06 10:38:00,Discover,364.3100
5039,5016,2025-05-06 11:00:00,American Express,191.3300
5040,5014,2025-05-06 11:30:00,American Express,1401.6400
5041,5017,2025-05-06 13:51:00,Visa,523.1300
5042,5020,2025-05-07 09:23:00,Mobile Wallet,216.0000
5043,5022,2025-05-07 12:50:00,Discover,137.3200
5044,5023,2025-05-07 14:00:00,Mobile Wallet,474.6600
5045,5024,2025-05-07 14:26:00,Cash,249.1500
5046,4685,2025-05-07 14:49:00,ACH / Check,130.5300
5047,5025,2025-05-07 16:23:00,Discover,797.5200
5048,5026,2025-05-07 16:46:00,Debit Card,246.0800
5049,4749,2025-05-07 19:01:00,ACH / Check,666.5700
5050,4792,2025-05-07 19:46:00,ACH / Check,894.1600
5051,5028,2025-05-08 08:29:00,Cash,545.7500
5052,5029,2025-05-08 09:39:00,Debit Card,1262.3900
5053,5030,2025-05-08 11:18:00,Mastercard,129.8200
5054,5031,2025-05-08 12:13:00,Visa,671.9300
5055,5033,2025-05-08 12:38:00,Mastercard,574.2800
5056,5032,2025-05-08 13:25:00,Cash,123.8200
5057,5038,2025-05-08 13:43:00,American Express,425.8100
5058,4922,2025-05-08 13:47:00,ACH / Check,358.3100
5059,5034,2025-05-08 13:49:00,Visa,1385.4700
5060,5039,2025-05-08 14:51:00,Cash,763.08
5061,5039,2025-05-08 14:52:00,Mastercard,673.1000
5062,5037,2025-05-08 14:58:00,Cash,113.10
5063,5037,2025-05-08 14:59:00,Visa,89.4800
5064,5040,2025-05-08 15:04:00,Visa,141.0800
5065,4834,2025-05-09 09:24:00,ACH / Check,135.0800
5066,4672,2025-05-09 10:22:00,ACH / Check,130.5300
5067,5042,2025-05-09 11:12:00,Visa,90.0000
5068,5043,2025-05-09 11:24:00,Cash,115.97
5069,5043,2025-05-09 11:25:00,Visa,225.7900
5070,5044,2025-05-09 11:59:00,Mobile Wallet,125.0000
5071,5046,2025-05-09 12:17:00,Debit Card,365.7100
5072,5047,2025-05-09 12:57:00,Visa,129.8200
5073,5048,2025-05-09 15:36:00,Debit Card,446.5100
5074,5049,2025-05-10 09:34:00,American Express,350.7100
5075,5051,2025-05-10 10:11:00,Visa,341.7800
5076,5053,2025-05-10 10:30:00,Visa,191.3200
5077,5052,2025-05-10 10:53:00,Debit Card,1292.5300
5078,5054,2025-05-10 10:57:00,American Express,168.4700
5079,5058,2025-05-10 11:56:00,Mobile Wallet,1235.4700
5080,5056,2025-05-10 12:16:00,Cash,195.8600
5081,5057,2025-05-10 12:18:00,American Express,141.0800
5082,5059,2025-05-10 13:36:00,Visa,110.3500
5083,5061,2025-05-12 09:01:00,Mobile Wallet,206.3300
5084,5060,2025-05-12 09:27:00,Visa,364.3100
5085,5064,2025-05-12 09:35:00,Discover,151.9800
5086,5063,2025-05-12 11:12:00,Mobile Wallet,129.8200
5087,5065,2025-05-12 11:13:00,Mobile Wallet,129.8200
5088,5062,2025-05-12 11:25:00,Mobile Wallet,281.4200
5089,5066,2025-05-12 11:50:00,Mastercard,358.3100
5090,5068,2025-05-12 11:54:00,Debit Card,141.0800
5091,5069,2025-05-12 12:06:00,Debit Card,589.3100
5092,5070,2025-05-12 12:22:00,Debit Card,216.0800
5093,4630,2025-05-12 12:25:00,ACH / Check,1035.9000
5094,5067,2025-05-12 12:30:00,Mastercard,129.8200
5095,5072,2025-05-12 14:30:00,Mastercard,270.1200
5096,5073,2025-05-12 15:19:00,Visa,292.5300
5097,5071,2025-05-12 15:38:00,Mobile Wallet,352.8600
5098,5076,2025-05-12 16:06:00,Debit Card,224.1500
5099,5074,2025-05-12 16:06:00,Mobile Wallet,596.8200
5100,5077,2025-05-12 16:45:00,Visa,240.9300
5101,5079,2025-05-12 17:29:00,Visa,379.3100
5102,5080,2025-05-13 08:47:00,Visa,651.2200
5103,5081,2025-05-13 09:28:00,Mobile Wallet,90.0000
5104,5078,2025-05-13 10:05:00,Cash,129.8200
5105,5083,2025-05-13 10:45:00,Visa,123.8200
5106,5075,2025-05-13 10:45:00,Visa,1463.5400
5107,5082,2025-05-13 10:49:00,Debit Card,899.0600
5108,5085,2025-05-13 10:58:00,American Express,574.2800
5109,5084,2025-05-13 11:32:00,Discover,379.3100
5110,5087,2025-05-13 13:06:00,Visa,378.2500
5111,5088,2025-05-13 13:49:00,Visa,76.5500
5112,5089,2025-05-13 14:03:00,Cash,142.5300
5113,5090,2025-05-13 15:18:00,Mobile Wallet,200.7100
5114,5091,2025-05-13 15:22:00,Discover,141.0800
5115,4769,2025-05-13 15:22:00,ACH / Check,258.8300
5116,5092,2025-05-13 16:50:00,Debit Card,420.1200
5117,5093,2025-05-14 09:40:00,Visa,1296.6100
5118,5094,2025-05-14 09:40:00,Mastercard,281.4200
5119,5098,2025-05-14 10:41:00,Mastercard,129.8200
5120,5100,2025-05-14 11:21:00,Debit Card,358.3100
5121,5101,2025-05-14 11:44:00,Debit Card,344.4000
5122,4732,2025-05-14 12:00:00,ACH / Check,135.0800
5123,5102,2025-05-14 12:17:00,Debit Card,417.8500
5124,5097,2025-05-14 12:18:00,Mobile Wallet,75.0000
5125,4651,2025-05-14 12:30:00,ACH / Check,358.1300
5126,5099,2025-05-14 13:12:00,Debit Card,358.1300
5127,5104,2025-05-14 13:17:00,Debit Card,141.0800
5128,5105,2025-05-14 14:04:00,Visa,141.0800
5129,5103,2025-05-14 14:19:00,Mobile Wallet,123.8200
5130,5107,2025-05-14 14:44:00,Mastercard,872.5200
5131,5106,2025-05-14 15:17:00,Mastercard,245.1500
5132,4713,2025-05-14 15:20:00,ACH / Check,1498.1200
5133,5110,2025-05-15 09:18:00,Visa,105.8500
5134,4684,2025-05-15 10:49:00,ACH / Check,569.8200
5135,5113,2025-05-15 13:44:00,Debit Card,141.0800
5136,5112,2025-05-15 13:48:00,Visa,371.4300
5137,5114,2025-05-15 14:27:00,Visa,90.0000
5138,4675,2025-05-15 15:01:00,ACH / Check,270.0800
5139,5115,2025-05-15 15:35:00,Debit Card,1498.1200
5140,5117,2025-05-15 16:34:00,Visa,200.7100
5141,5116,2025-05-15 17:13:00,Mobile Wallet,343.2400
5142,5120,2025-05-16 09:41:00,Mobile Wallet,187.5000
5143,5119,2025-05-16 10:08:00,Discover,495.1500
5144,5121,2025-05-16 10:41:00,Discover,808.2900
5145,5118,2025-05-16 10:56:00,Cash,341.7600
5146,5122,2025-05-16 12:09:00,Mobile Wallet,129.8200
5147,4722,2025-05-16 13:03:00,ACH / Check,416.5100
5148,5123,2025-05-16 13:31:00,Debit Card,484.3000
5149,5126,2025-05-16 13:41:00,Mastercard,267.9000
5150,5125,2025-05-16 14:38:00,Mastercard,1235.4700
5151,5129,2025-05-16 15:41:00,Visa,538.2100
5152,5127,2025-05-16 15:42:00,Cash,123.8200
5153,5130,2025-05-16 15:56:00,Visa,420.1500
5154,4890,2025-05-17 10:19:00,ACH / Check,270.0800
5155,4975,2025-05-17 10:34:00,ACH / Check,258.8300
5156,5131,2025-05-17 11:17:00,Mastercard,252.1200
5157,5134,2025-05-17 12:36:00,Mastercard,707.1700
5158,5133,2025-05-17 12:52:00,Visa,179.7300
5159,5135,2025-05-17 13:15:00,Cash,523.1300
5160,5137,2025-05-17 13:16:00,Visa,341.7600
5161,4845,2025-05-17 15:07:00,ACH / Check,240.8900
5162,4730,2025-05-18 11:34:00,ACH / Check,135.0800
5163,4714,2025-05-18 14:22:00,ACH / Check,135.0000
5164,5027,2025-05-18 14:43:00,ACH / Check,839.8900
5165,4846,2025-05-19 07:08:00,ACH / Check,844.5600
5166,5139,2025-05-19 08:17:00,Debit Card,168.4700
5167,5136,2025-05-19 08:25:00,Visa,876.4200
5168,5138,2025-05-19 08:35:00,Visa,75.0000
5169,5142,2025-05-19 10:28:00,Debit Card,373.1300
5170,5140,2025-05-19 10:36:00,Visa,129.8200
5171,5143,2025-05-19 11:25:00,Visa,129.8200
5172,5144,2025-05-19 11:41:00,Visa,266.4300
5173,4824,2025-05-19 12:09:00,ACH / Check,135.0000
5174,4715,2025-05-19 12:12:00,ACH / Check,358.1300
5175,5150,2025-05-19 12:21:00,Debit Card,403.2500
5176,5151,2025-05-19 13:32:00,Cash,129.8200
5177,5148,2025-05-19 13:46:00,Mobile Wallet,255.2400
5178,5155,2025-05-19 14:11:00,Cash,240.0000
5179,5153,2025-05-19 14:29:00,Mastercard,117.8500
5180,5152,2025-05-19 15:17:00,Cash,147.05
5181,5152,2025-05-19 15:18:00,Debit Card,217.2600
5182,4765,2025-05-19 16:22:00,ACH / Check,556.1600
5183,5157,2025-05-19 16:27:00,Visa,515.6600
5184,4919,2025-05-20 07:13:00,ACH / Check,81.0000
5185,5158,2025-05-20 09:02:00,Cash,446.5100
5186,5160,2025-05-20 09:23:00,Visa,141.0800
5187,5159,2025-05-20 09:54:00,Visa,906.4100
5188,5161,2025-05-20 10:33:00,Mastercard,420.1200
5189,5162,2025-05-20 11:09:00,Mastercard,129.8200
5190,5164,2025-05-20 11:18:00,Debit Card,141.0800
5191,5165,2025-05-20 14:24:00,Mastercard,97.5000
5192,5167,2025-05-20 14:49:00,Visa,1114.6800
5193,5168,2025-05-20 15:03:00,Visa,373.1300
5194,5166,2025-05-20 15:25:00,Mastercard,81.0000
5195,5169,2025-05-20 17:01:00,Mastercard,505.3800
5196,5171,2025-05-20 17:12:00,American Express,243.2400
5197,5173,2025-05-21 08:32:00,Cash,65.47
5198,5173,2025-05-21 08:33:00,Mastercard,75.6100
5199,5176,2025-05-21 08:50:00,Visa,90.0000
5200,5175,2025-05-21 08:50:00,Mastercard,664.3200
5201,5174,2025-05-21 09:14:00,Mastercard,286.6500
5202,5172,2025-05-21 09:32:00,Mastercard,563.0400
5203,5170,2025-05-21 10:14:00,Mastercard,129.8200
5204,5178,2025-05-21 10:56:00,Visa,249.1500
5205,5180,2025-05-21 11:33:00,Debit Card,255.2400
5206,5177,2025-05-21 11:38:00,Visa,596.8200
5207,4861,2025-05-21 12:00:00,ACH / Check,105.8500
5208,5181,2025-05-21 12:14:00,Debit Card,296.3300
5209,5182,2025-05-21 13:34:00,Mastercard,90.0000
5210,5183,2025-05-21 14:17:00,Debit Card,129.8200
5211,5184,2025-05-21 14:41:00,Mastercard,364.3100
5212,5036,2025-05-21 15:04:00,ACH / Check,342.2500
5213,5185,2025-05-21 15:50:00,Mastercard,141.0800
5214,5186,2025-05-21 15:55:00,Mastercard,746.5400
5215,5187,2025-05-21 16:50:00,Visa,141.0800
5216,5189,2025-05-22 08:41:00,Debit Card,341.7600
5217,4876,2025-05-22 09:08:00,ACH / Check,135.0800
5218,5188,2025-05-22 10:52:00,Visa,2970.9200
5219,5190,2025-05-22 11:16:00,Debit Card,254.3500
5220,5192,2025-05-22 11:26:00,Debit Card,225.0000
5221,5050,2025-05-22 11:31:00,ACH / Check,451.3200
5222,5191,2025-05-22 11:32:00,Cash,364.3100
5223,4733,2025-05-22 12:06:00,ACH / Check,135.0800
5224,5193,2025-05-22 12:53:00,Cash,406.7600
5225,5194,2025-05-22 14:54:00,Visa,422.3500
5226,5195,2025-05-22 15:18:00,Visa,135.0800
5227,5196,2025-05-22 16:04:00,American Express,129.8200
5228,5197,2025-05-22 16:32:00,Visa,1129.4600
5229,5199,2025-05-22 17:28:00,Mastercard,535.0000
5230,5200,2025-05-23 08:14:00,Visa,630.5700
5231,5202,2025-05-23 09:00:00,Cash,2904.8500
5232,5035,2025-05-23 11:03:00,ACH / Check,202.5800
5233,5206,2025-05-23 11:21:00,Mobile Wallet,378.2400
5234,5205,2025-05-23 11:24:00,Cash,141.0800
5235,5204,2025-05-23 11:52:00,Mastercard,135.0800
5236,5208,2025-05-23 12:28:00,Mobile Wallet,596.8200
5237,5210,2025-05-23 13:23:00,Mastercard,123.8200
5238,5207,2025-05-23 13:29:00,Debit Card,157.5300
5239,5209,2025-05-23 13:40:00,Debit Card,112.5000
5240,5211,2025-05-23 16:20:00,Visa,150.0000
5241,5109,2025-05-23 16:47:00,ACH / Check,135.0800
5242,5212,2025-05-23 17:24:00,Mobile Wallet,1550.6200
5243,5215,2025-05-24 11:20:00,American Express,141.0800
5244,4828,2025-05-24 13:33:00,ACH / Check,358.3100
5245,4863,2025-05-24 17:44:00,ACH / Check,686.7400
5246,4935,2025-05-26 13:52:00,ACH / Check,358.1300
5247,5220,2025-05-27 09:12:00,Cash,1463.5400
5248,5218,2025-05-27 10:28:00,Debit Card,123.8200
5249,5086,2025-05-27 10:37:00,ACH / Check,270.0800
5250,5225,2025-05-27 11:56:00,Debit Card,172.2300
5251,5226,2025-05-27 12:24:00,Visa,75.0000
5252,4931,2025-05-27 12:57:00,ACH / Check,135.0800
5253,5223,2025-05-27 13:03:00,Debit Card,335.7600
5254,5227,2025-05-27 13:57:00,Visa,671.9300
5255,5229,2025-05-27 14:03:00,American Express,473.0600
5256,5230,2025-05-27 14:51:00,Mobile Wallet,255.2400
5257,5232,2025-05-27 15:56:00,Visa,216.0800
5258,5231,2025-05-27 16:31:00,Cash,547.2800
5259,5233,2025-05-27 16:35:00,Debit Card,255.2400
5260,5234,2025-05-27 16:59:00,Visa,249.1500
5261,5236,2025-05-28 10:22:00,Visa,364.3100
5262,5239,2025-05-28 11:04:00,Mastercard,279.8200
5263,5237,2025-05-28 12:01:00,Debit Card,502.6500
5264,5242,2025-05-28 12:17:00,Cash,379.3100
5265,5240,2025-05-28 12:19:00,Mastercard,746.8200
5266,5241,2025-05-28 13:10:00,Mastercard,191.3200
5267,5243,2025-05-28 13:17:00,Mastercard,482.0400
5268,4908,2025-05-28 14:04:00,ACH / Check,400.6100
5269,5246,2025-05-28 15:10:00,Cash,141.0800
5270,5245,2025-05-28 15:22:00,Visa,270.1500
5271,5247,2025-05-28 16:02:00,Visa,697.9400
5272,5248,2025-05-28 16:03:00,Mastercard,364.3100
5273,5252,2025-05-29 09:02:00,Debit Card,373.1300
5274,5249,2025-05-29 09:10:00,Mobile Wallet,452.1300
5275,5255,2025-05-29 10:09:00,Debit Card,920.9000
5276,5250,2025-05-29 10:29:00,Mobile Wallet,165.0000
5277,5045,2025-05-29 10:57:00,ACH / Check,202.5000
5278,5253,2025-05-29 11:41:00,Visa,416.7600
5279,5256,2025-05-29 11:53:00,Visa,141.0800
5280,5259,2025-05-29 12:53:00,Mobile Wallet,491.7600
5281,5257,2025-05-29 12:56:00,Visa,243.8300
5282,5261,2025-05-29 14:14:00,Cash,117.88
5283,5261,2025-05-29 14:15:00,Mastercard,253.5400
5284,5260,2025-05-29 15:32:00,Debit Card,249.1500
5285,5262,2025-05-29 15:36:00,Mastercard,473.0600
5286,4791,2025-05-29 16:22:00,ACH / Check,130.5300
5287,5266,2025-05-29 17:15:00,Visa,731.7400
5288,5267,2025-05-30 08:37:00,Visa,358.6100
5289,5265,2025-05-30 09:00:00,Mastercard,221.4300
5290,5263,2025-05-30 09:25:00,Visa,165.0000
5291,5132,2025-05-30 09:28:00,ACH / Check,216.0800
5292,5269,2025-05-30 09:49:00,American Express,315.1900
5293,5264,2025-05-30 09:50:00,Debit Card,899.0600
5294,5268,2025-05-30 09:50:00,American Express,90.0000
5295,5273,2025-05-30 12:16:00,Visa,279.0300
5296,5154,2025-05-30 12:22:00,ACH / Check,243.2400
5297,5271,2025-05-30 12:41:00,Visa,142.5300
5298,5272,2025-05-30 12:59:00,Debit Card,354.8200
5299,5274,2025-05-30 13:27:00,Mobile Wallet,290.7100
5300,5276,2025-05-30 14:28:00,Debit Card,255.2400
5301,5275,2025-05-30 14:28:00,Debit Card,129.8200
5302,5277,2025-05-30 16:09:00,American Express,401.0600
5303,5278,2025-05-30 16:31:00,Mastercard,753.9600
5304,5280,2025-05-31 08:57:00,Visa,141.0800
5305,5146,2025-05-31 09:20:00,ACH / Check,351.0800
5306,5279,2025-05-31 10:13:00,American Express,1049.0600
5307,5281,2025-05-31 12:07:00,American Express,330.5200
5308,5285,2025-05-31 13:37:00,Mastercard,150.0000
5309,5282,2025-05-31 13:46:00,Cash,733.9100
5310,5179,2025-06-01 09:27:00,ACH / Check,240.9300
5311,5216,2025-06-01 11:23:00,ACH / Check,703.9100
5312,5128,2025-06-01 16:51:00,ACH / Check,279.0300
5313,4864,2025-06-02 07:27:00,ACH / Check,358.3100
5314,4967,2025-06-02 07:29:00,ACH / Check,240.8900
5315,5287,2025-06-02 08:08:00,Mastercard,317.3500
5316,5284,2025-06-02 08:24:00,American Express,206.3300
5317,5286,2025-06-02 09:25:00,Mastercard,844.2400
5318,5288,2025-06-02 10:14:00,Visa,422.4900
5319,5289,2025-06-02 10:51:00,Cash,70.27
5320,5289,2025-06-02 10:52:00,Mastercard,149.5500
5321,5290,2025-06-02 11:30:00,Visa,258.8900
5322,5292,2025-06-02 11:38:00,Debit Card,364.3100
5323,4877,2025-06-02 11:39:00,ACH / Check,555.9600
5324,5293,2025-06-02 11:50:00,Debit Card,470.7600
5325,5149,2025-06-02 11:59:00,ACH / Check,560.8100
5326,5291,2025-06-02 13:11:00,Cash,473.0600
5327,5295,2025-06-02 13:32:00,Visa,231.0800
5328,5296,2025-06-02 14:12:00,Mastercard,379.3100
5329,5300,2025-06-02 14:24:00,Visa,1463.5400
5330,5301,2025-06-02 14:45:00,Mastercard,117.8500
5331,5297,2025-06-02 14:48:00,Debit Card,141.0800
5332,5298,2025-06-02 14:53:00,Visa,525.7100
5333,5304,2025-06-02 16:15:00,Mastercard,373.1300
5334,5302,2025-06-02 17:11:00,Mobile Wallet,157.5300
5335,5305,2025-06-02 17:14:00,Visa,179.7300
5336,5308,2025-06-03 09:22:00,Mastercard,1031.9300
5337,5021,2025-06-03 10:05:00,ACH / Check,234.1500
5338,5307,2025-06-03 10:16:00,American Express,218.8300
5339,4847,2025-06-03 10:21:00,ACH / Check,142.9800
5340,5306,2025-06-03 10:26:00,Mastercard,129.8200
5341,5310,2025-06-03 10:49:00,Mastercard,150.0000
5342,5309,2025-06-03 10:49:00,Visa,1049.0600
5343,5312,2025-06-03 13:04:00,Cash,150.0000
5344,5313,2025-06-03 13:05:00,Debit Card,141.0800
5345,4915,2025-06-03 13:06:00,ACH / Check,135.0800
5346,5315,2025-06-03 14:35:00,Visa,1095.9000
5347,5314,2025-06-03 15:13:00,Mobile Wallet,788.0400
5348,5320,2025-06-03 15:32:00,Visa,172.2300
5349,5319,2025-06-03 15:46:00,Visa,270.1500
5350,5317,2025-06-03 16:23:00,Mobile Wallet,664.2100
5351,4937,2025-06-04 08:00:00,ACH / Check,135.0800
5352,5321,2025-06-04 08:54:00,Debit Card,141.0800
5353,5221,2025-06-04 09:48:00,ACH / Check,1035.9000
5354,5322,2025-06-04 10:53:00,Visa,234.1500
5355,5323,2025-06-04 11:34:00,American Express,216.0800
5356,5324,2025-06-04 11:47:00,Visa,341.7600
5357,5325,2025-06-04 12:20:00,Mobile Wallet,135.0800
5358,5326,2025-06-04 15:10:00,Visa,885.0600
5359,5328,2025-06-04 15:31:00,Mobile Wallet,1553.5400
5360,5329,2025-06-04 15:48:00,Visa,141.0800
5361,5330,2025-06-04 16:13:00,Visa,731.7400
5362,5327,2025-06-04 16:28:00,Debit Card,406.6800
5363,5331,2025-06-04 16:58:00,Debit Card,630.3300
5364,5336,2025-06-05 08:24:00,American Express,427.9400
5365,5333,2025-06-05 10:07:00,Debit Card,454.3100
5366,5332,2025-06-05 10:35:00,Mastercard,267.8500
5367,5334,2025-06-05 11:16:00,Visa,358.1300
5368,5337,2025-06-05 11:26:00,Visa,151.9800
5369,5003,2025-06-05 11:48:00,ACH / Check,130.5300
5370,5338,2025-06-05 11:55:00,Mobile Wallet,226.4300
5371,5340,2025-06-05 13:11:00,Visa,1300.8400
5372,5341,2025-06-05 13:38:00,Cash,141.0800
5373,5343,2025-06-05 14:00:00,Mastercard,465.1900
5374,5342,2025-06-05 15:00:00,Mastercard,141.0800
5375,5018,2025-06-05 15:04:00,ACH / Check,135.0800
5376,5344,2025-06-05 15:40:00,Visa,560.6300
5377,5345,2025-06-05 15:52:00,Mastercard,735.0600
5378,5349,2025-06-05 16:40:00,Visa,1279.0900
5379,5348,2025-06-05 16:56:00,Cash,231.0800
5380,5145,2025-06-06 08:24:00,ACH / Check,105.8500
5381,5350,2025-06-06 08:58:00,Debit Card,110.3500
5382,5351,2025-06-06 10:22:00,Visa,141.0800
5383,5352,2025-06-06 11:12:00,Visa,141.0800
5384,5353,2025-06-06 11:13:00,Debit Card,333.8900
5385,5354,2025-06-06 13:33:00,Visa,380.4600
5386,5258,2025-06-06 14:06:00,ACH / Check,135.0000
5387,5355,2025-06-06 14:49:00,Visa,574.2800
5388,5356,2025-06-06 14:54:00,Visa,364.3100
5389,5358,2025-06-07 09:15:00,Debit Card,782.2800
5390,5359,2025-06-07 11:12:00,Debit Card,931.2500
5391,5361,2025-06-07 12:00:00,Mobile Wallet,87.5000
5392,5360,2025-06-07 12:45:00,Visa,472.8600
5393,5362,2025-06-07 12:55:00,Visa,141.0800
5394,5363,2025-06-07 13:51:00,Visa,1385.4700
5395,5156,2025-06-07 15:09:00,ACH / Check,493.3100
5396,5111,2025-06-08 08:46:00,ACH / Check,1751.3300
5397,5228,2025-06-08 09:57:00,ACH / Check,425.6300
5398,4912,2025-06-08 11:47:00,ACH / Check,265.6100
5399,5365,2025-06-09 09:03:00,Visa,713.0400
5400,5366,2025-06-09 09:12:00,Mobile Wallet,179.7300
5401,5367,2025-06-09 09:50:00,Visa,141.0800
5402,5011,2025-06-09 10:06:00,ACH / Check,135.0800
5403,5368,2025-06-09 10:48:00,Visa,238.2100
5404,5369,2025-06-09 11:25:00,Mobile Wallet,141.0800
5405,5370,2025-06-09 12:10:00,Cash,249.1500
5406,5372,2025-06-09 12:11:00,Mastercard,505.9800
5407,4991,2025-06-09 12:14:00,ACH / Check,704.8900
5408,5373,2025-06-09 12:56:00,Mastercard,263.4200
5409,5376,2025-06-09 13:25:00,Debit Card,358.3100
5410,5377,2025-06-09 13:54:00,Mastercard,505.3800
5411,5380,2025-06-09 14:05:00,Visa,645.0900
5412,5378,2025-06-09 14:10:00,Visa,341.7600
5413,5379,2025-06-09 14:44:00,Debit Card,1498.1200
5414,5374,2025-06-09 14:51:00,Visa,135.0800
5415,5382,2025-06-09 15:58:00,Debit Card,589.3100
5416,5381,2025-06-09 16:13:00,Visa,379.3100
5417,5383,2025-06-09 16:36:00,Cash,378.9700
5418,5384,2025-06-09 17:26:00,Visa,373.1300
5419,5224,2025-06-10 08:11:00,ACH / Check,358.3100
5420,5387,2025-06-10 09:53:00,Visa,686.8200
5421,5388,2025-06-10 10:20:00,Debit Card,150.0000
5422,4971,2025-06-10 10:47:00,ACH / Check,240.9300
5423,5391,2025-06-10 11:06:00,Debit Card,129.8200
5424,5386,2025-06-10 11:24:00,Debit Card,829.3500
5425,5390,2025-06-10 11:33:00,Debit Card,891.0300
5426,5393,2025-06-10 11:57:00,Debit Card,500.6300
5427,5389,2025-06-10 12:20:00,Debit Card,373.1300
5428,5394,2025-06-10 12:39:00,Mobile Wallet,292.6200
5429,5392,2025-06-10 12:49:00,Mastercard,191.3200
5430,5395,2025-06-10 13:17:00,American Express,112.5000
5431,5397,2025-06-10 14:37:00,Mobile Wallet,899.0600
5432,5396,2025-06-10 15:29:00,Visa,465.1900
5433,5399,2025-06-10 15:48:00,Visa,303.8900
5434,5400,2025-06-10 16:40:00,Visa,246.0800
5435,5404,2025-06-11 08:53:00,Visa,141.0800
5436,5403,2025-06-11 09:00:00,Debit Card,187.5000
5437,5402,2025-06-11 09:06:00,Cash,225.56
5438,5402,2025-06-11 09:07:00,Visa,731.1800
5439,5405,2025-06-11 09:25:00,Visa,373.1300
5440,5401,2025-06-11 09:40:00,Mastercard,249.1500
5441,5406,2025-06-11 09:49:00,Debit Card,75.0000
5442,5407,2025-06-11 11:47:00,Mastercard,249.1500
5443,5410,2025-06-11 12:58:00,Visa,151.9800
5444,5408,2025-06-11 13:03:00,Visa,217.5300
5445,5411,2025-06-11 13:13:00,Visa,141.0800
5446,5041,2025-06-11 13:24:00,ACH / Check,358.1300
5447,5409,2025-06-11 14:01:00,Debit Card,457.2300
5448,5412,2025-06-11 16:13:00,Debit Card,258.8900
5449,5055,2025-06-12 08:00:00,ACH / Check,135.0800
5450,5413,2025-06-12 08:18:00,Mobile Wallet,382.6800
5451,5414,2025-06-12 09:27:00,Debit Card,160.9700
5452,5415,2025-06-12 11:25:00,Mobile Wallet,373.1300
5453,5417,2025-06-12 13:16:00,Visa,278.0600
5454,5419,2025-06-12 14:14:00,Cash,241.69
5455,5419,2025-06-12 14:15:00,Mastercard,206.2800
5456,5421,2025-06-12 14:17:00,Debit Card,364.3100
5457,5424,2025-06-12 16:16:00,Debit Card,1048.9100
5458,5147,2025-06-13 08:02:00,ACH / Check,270.0800
5459,5426,2025-06-13 10:01:00,American Express,204.8200
5460,5425,2025-06-13 10:11:00,Mobile Wallet,335.4600
5461,5141,2025-06-13 10:12:00,ACH / Check,236.3800
5462,5423,2025-06-13 10:13:00,Mobile Wallet,234.1500
5463,5427,2025-06-13 12:20:00,Visa,129.8200
5464,5429,2025-06-13 12:25:00,Mastercard,1103.6700
5465,5428,2025-06-13 12:49:00,Mobile Wallet,547.2800
5466,5435,2025-06-13 12:51:00,Visa,90.0000
5467,5432,2025-06-13 13:13:00,Mobile Wallet,141.0800
5468,5430,2025-06-13 13:21:00,Mastercard,373.1300
5469,5434,2025-06-13 13:42:00,Mastercard,129.8200
5470,5437,2025-06-13 14:42:00,Debit Card,270.0800
5471,5438,2025-06-13 16:12:00,Cash,258.6100
5472,5439,2025-06-13 16:50:00,Debit Card,364.2800
5473,5441,2025-06-14 09:40:00,Visa,788.0400
5474,5440,2025-06-14 09:57:00,Debit Card,265.6100
5475,5442,2025-06-14 12:34:00,Visa,1347.1800
5476,5444,2025-06-14 12:35:00,Discover,150.0000
5477,5446,2025-06-14 13:09:00,Debit Card,141.0800
5478,5445,2025-06-14 13:58:00,Debit Card,445.8100
5479,5303,2025-06-14 15:15:00,ACH / Check,560.8100
5480,5283,2025-06-15 10:21:00,ACH / Check,409.9400
5481,5004,2025-06-15 13:43:00,ACH / Check,135.0800
5482,5448,2025-06-16 07:57:00,Visa,373.1300
5483,5449,2025-06-16 09:30:00,Debit Card,523.0100
5484,5163,2025-06-16 09:39:00,ACH / Check,135.0800
5485,5450,2025-06-16 09:49:00,Mobile Wallet,378.9700
5486,5452,2025-06-16 10:26:00,American Express,75.0000
5487,5095,2025-06-16 11:07:00,ACH / Check,754.2400
5488,5447,2025-06-16 11:21:00,Visa,573.8400
5489,5451,2025-06-16 11:29:00,Visa,206.3300
5490,5453,2025-06-16 12:12:00,Cash,502.9500
5491,5457,2025-06-16 13:38:00,Debit Card,1286.6900
5492,5460,2025-06-16 13:55:00,Mobile Wallet,281.4200
5493,5458,2025-06-16 14:12:00,Debit Card,545.7800
5494,5459,2025-06-16 14:35:00,Visa,249.1500
5495,5461,2025-06-16 14:42:00,Cash,179.7300
5496,5464,2025-06-16 15:21:00,Mobile Wallet,1238.4300
5497,5462,2025-06-16 16:33:00,Mobile Wallet,240.8900
5498,5466,2025-06-17 11:15:00,Debit Card,607.6800
5499,5467,2025-06-17 11:20:00,Visa,258.8900
5500,5468,2025-06-17 11:44:00,Mobile Wallet,569.8200
5501,5469,2025-06-17 11:53:00,Visa,150.0000
5502,5470,2025-06-17 13:37:00,Mobile Wallet,589.0400
5503,5474,2025-06-17 14:13:00,Cash,420.1200
5504,5473,2025-06-17 14:43:00,Mobile Wallet,157.5300
5505,5471,2025-06-17 14:52:00,Mastercard,737.8900
5506,5475,2025-06-17 15:17:00,Discover,258.8900
5507,5385,2025-06-17 17:13:00,ACH / Check,358.3100
5508,5476,2025-06-17 17:21:00,Debit Card,931.2500
5509,5477,2025-06-17 17:28:00,Mastercard,1660.9700
5510,5481,2025-06-18 09:10:00,Debit Card,123.8200
5511,5479,2025-06-18 09:18:00,Mobile Wallet,255.2400
5512,5480,2025-06-18 09:28:00,Mastercard,148.5800
5513,5478,2025-06-18 09:28:00,American Express,1182.1800
5514,5483,2025-06-18 11:45:00,Visa,135.0800
5515,5482,2025-06-18 12:06:00,Cash,283.6100
5516,5486,2025-06-18 12:47:00,Cash,216.0800
5517,5484,2025-06-18 13:35:00,Mastercard,589.0400
5518,5488,2025-06-18 14:02:00,Mobile Wallet,129.8200
5519,5487,2025-06-18 14:07:00,Visa,168.7500
5520,5489,2025-06-18 14:22:00,Mastercard,90.0000
5521,5490,2025-06-18 15:06:00,American Express,123.8200
5522,5491,2025-06-18 15:46:00,Discover,321.8600
5523,5493,2025-06-18 17:23:00,Debit Card,446.5100
5524,5496,2025-06-19 10:02:00,Mastercard,141.8300
5525,5214,2025-06-19 10:28:00,ACH / Check,135.0000
5526,5495,2025-06-19 10:59:00,Mastercard,379.3100
5527,5096,2025-06-19 11:04:00,ACH / Check,240.8900
5528,5500,2025-06-19 13:43:00,Visa,649.2800
5529,5498,2025-06-19 14:10:00,Visa,348.8600
5530,5499,2025-06-19 14:49:00,Mobile Wallet,141.0800
5531,5501,2025-06-19 15:25:00,Cash,296.3600
5532,5503,2025-06-20 08:46:00,Debit Card,141.0800
5533,5507,2025-06-20 08:58:00,Visa,341.7600
5534,5508,2025-06-20 09:02:00,Visa,226.4300
5535,5506,2025-06-20 09:34:00,Cash,630.3300
5536,5505,2025-06-20 10:26:00,Visa,75.0000
5537,5504,2025-06-20 10:34:00,Visa,258.8900
5538,5509,2025-06-20 11:56:00,Cash,360.2500
5539,5235,2025-06-20 13:45:00,ACH / Check,135.0000
5540,5511,2025-06-20 15:12:00,Debit Card,252.1500
5541,5514,2025-06-20 16:58:00,Debit Card,574.2800
5542,5019,2025-06-20 19:45:00,ACH / Check,358.1300
5543,5515,2025-06-21 08:19:00,American Express,75.0000
5544,5513,2025-06-21 08:46:00,Visa,750.5700
5545,5517,2025-06-21 08:54:00,American Express,141.0800
5546,5516,2025-06-21 09:51:00,Cash,896.9300
5547,5512,2025-06-21 10:29:00,Visa,861.5600
5548,5519,2025-06-21 11:55:00,Discover,135.0800
5549,5520,2025-06-21 13:16:00,Visa,332.8500
5550,5203,2025-06-22 07:09:00,ACH / Check,81.0000
5551,5420,2025-06-22 12:12:00,ACH / Check,216.0800
5552,5526,2025-06-23 10:54:00,American Express,75.0000
5553,5527,2025-06-23 11:15:00,Debit Card,373.1300
5554,5523,2025-06-23 12:02:00,American Express,281.4200
5555,5528,2025-06-23 12:03:00,Mastercard,482.0400
5556,5525,2025-06-23 12:05:00,Mobile Wallet,270.1500
5557,5529,2025-06-23 12:56:00,Visa,141.0800
5558,5530,2025-06-23 14:30:00,Mobile Wallet,358.1300
5559,5531,2025-06-23 14:30:00,Debit Card,76.5500
5560,5533,2025-06-23 14:41:00,Visa,249.1500
5561,5534,2025-06-23 14:54:00,Mastercard,348.8600
5562,5535,2025-06-23 15:42:00,Debit Card,684.6300
5563,5537,2025-06-24 08:06:00,Mastercard,1523.9700
5564,5538,2025-06-24 09:51:00,Visa,542.3000
5565,5543,2025-06-24 10:24:00,Mobile Wallet,569.0200
5566,5539,2025-06-24 10:26:00,Discover,141.0800
5567,5540,2025-06-24 10:50:00,Visa,425.7100
5568,5541,2025-06-24 10:54:00,Mobile Wallet,358.1300
5569,5542,2025-06-24 11:17:00,Visa,379.3100
5570,5544,2025-06-24 11:20:00,Visa,172.5300
5571,5545,2025-06-24 11:28:00,Mastercard,356.3300
5572,5108,2025-06-24 13:01:00,ACH / Check,135.0800
5573,5547,2025-06-24 13:17:00,Mobile Wallet,563.0400
5574,5546,2025-06-24 13:39:00,Mastercard,390.2300
5575,5548,2025-06-24 13:55:00,Cash,95.60
5576,5548,2025-06-24 13:56:00,Debit Card,163.2900
5577,5549,2025-06-24 13:56:00,Visa,364.3100
5578,5550,2025-06-24 14:41:00,Cash,1385.4700
5579,5552,2025-06-24 14:50:00,Mastercard,141.0800
5580,5551,2025-06-24 16:14:00,Visa,246.5200
5581,5554,2025-06-24 16:53:00,Debit Card,110.3500
5582,5553,2025-06-24 16:58:00,Mastercard,294.8200
5583,5555,2025-06-25 08:39:00,Visa,536.1400
5584,5556,2025-06-25 09:39:00,Debit Card,150.0000
5585,5557,2025-06-25 11:21:00,Visa,302.3200
5586,5558,2025-06-25 11:49:00,Mobile Wallet,1550.6200
5587,5560,2025-06-25 12:22:00,Mastercard,485.4600
5588,5559,2025-06-25 13:21:00,Mobile Wallet,168.4700
5589,5561,2025-06-25 14:57:00,Visa,249.1500
5590,5562,2025-06-25 15:19:00,American Express,686.8200
5591,5563,2025-06-25 15:48:00,American Express,1463.5400
5592,5566,2025-06-25 16:39:00,Mobile Wallet,75.0000
5593,5565,2025-06-25 17:08:00,Debit Card,549.4000
5594,5567,2025-06-26 10:22:00,Mastercard,231.0800
5595,5570,2025-06-26 10:28:00,Discover,904.6900
5596,5569,2025-06-26 10:48:00,Debit Card,749.9200
5597,5571,2025-06-26 11:15:00,Mobile Wallet,204.8200
5598,5572,2025-06-26 11:16:00,American Express,491.7600
5599,5573,2025-06-26 11:28:00,Debit Card,364.3100
5600,5574,2025-06-26 11:33:00,Visa,1009.0200
5601,5576,2025-06-26 11:38:00,Discover,286.6500
5602,5577,2025-06-26 11:52:00,Mastercard,206.3300
5603,5578,2025-06-26 12:44:00,Mobile Wallet,339.1500
5604,5581,2025-06-26 13:11:00,Mobile Wallet,483.4800
5605,5575,2025-06-26 13:14:00,Visa,112.5000
5606,5582,2025-06-26 13:15:00,Mastercard,255.2400
5607,5580,2025-06-26 13:33:00,Visa,129.8200
5608,5585,2025-06-26 13:43:00,Visa,301.6500
5609,5579,2025-06-26 13:46:00,Visa,209.4300
5610,5583,2025-06-26 13:48:00,Cash,1385.4700
5611,5584,2025-06-26 14:17:00,American Express,330.5200
5612,5587,2025-06-26 14:50:00,American Express,471.5800
5613,5588,2025-06-26 15:57:00,Mobile Wallet,477.4400
5614,5590,2025-06-26 16:25:00,Visa,322.8600
5615,5589,2025-06-26 17:29:00,Mobile Wallet,379.3100
5616,5591,2025-06-27 07:52:00,Mobile Wallet,364.3100
5617,5595,2025-06-27 08:41:00,Cash,204.8200
5618,5593,2025-06-27 08:43:00,Visa,573.8400
5619,5592,2025-06-27 09:05:00,Visa,90.0000
5620,5594,2025-06-27 09:28:00,Cash,364.3100
5621,5238,2025-06-27 09:37:00,ACH / Check,675.6700
5622,5596,2025-06-27 09:39:00,Visa,695.6600
5623,5598,2025-06-27 10:28:00,Mobile Wallet,141.0800
5624,5597,2025-06-27 10:40:00,Debit Card,75.0000
5625,5599,2025-06-27 10:52:00,Mastercard,1687.1700
5626,5294,2025-06-27 11:40:00,ACH / Check,248.8300
5627,5600,2025-06-27 13:24:00,Cash,49.51
5628,5600,2025-06-27 13:25:00,Visa,93.0200
5629,5602,2025-06-27 13:29:00,Visa,341.7600
5630,5465,2025-06-27 14:17:00,ACH / Check,317.4600
5631,5603,2025-06-27 14:19:00,American Express,364.3100
5632,5601,2025-06-27 14:23:00,Visa,204.8200
5633,5605,2025-06-27 14:29:00,Visa,425.6300
5634,5604,2025-06-27 15:34:00,Cash,409.9400
5635,5606,2025-06-27 15:36:00,American Express,1426.4300
5636,5607,2025-06-27 15:49:00,Visa,187.5000
5637,5608,2025-06-27 16:13:00,Cash,255.2400
5638,5463,2025-06-27 17:02:00,ACH / Check,547.2800
5639,5609,2025-06-27 17:17:00,Cash,233.8900
5640,5198,2025-06-27 18:00:00,ACH / Check,135.0800
5641,5610,2025-06-28 09:55:00,Mastercard,665.6600
5642,5612,2025-06-28 10:32:00,Visa,373.1300
5643,5614,2025-06-28 10:51:00,Mastercard,899.0600
5644,5318,2025-06-28 12:02:00,ACH / Check,1479.3900
5645,5613,2025-06-28 12:06:00,Visa,254.3500
5646,5616,2025-06-28 12:53:00,Mobile Wallet,219.8200
5647,5618,2025-06-28 13:29:00,Cash,249.1500
5648,5617,2025-06-28 13:59:00,Mastercard,249.1500
5649,5124,2025-06-28 14:57:00,ACH / Check,142.9800
5650,5347,2025-06-28 17:31:00,ACH / Check,569.8200
5651,5201,2025-06-28 19:55:00,ACH / Check,1633.1900
5652,5371,2025-06-29 11:23:00,ACH / Check,409.6900
5653,5454,2025-06-29 11:46:00,ACH / Check,547.2800
5654,5219,2025-06-29 14:21:00,ACH / Check,191.3300
5655,5502,2025-06-29 15:25:00,ACH / Check,545.0200
5656,5621,2025-06-30 08:02:00,Visa,141.0800
5657,5619,2025-06-30 08:05:00,Visa,112.5000
5658,5622,2025-06-30 08:45:00,Mobile Wallet,480.5200
5659,5623,2025-06-30 10:09:00,Debit Card,150.0000
5660,5624,2025-06-30 10:10:00,American Express,255.2400
5661,5620,2025-06-30 10:49:00,Visa,373.1300
5662,5625,2025-06-30 11:35:00,Visa,204.8200
5663,5629,2025-06-30 12:09:00,Visa,341.7600
5664,5626,2025-06-30 12:20:00,Cash,335.4600
5665,5628,2025-06-30 12:39:00,Debit Card,664.3200
5666,5630,2025-06-30 12:45:00,Visa,495.2400
5667,5418,2025-06-30 12:46:00,ACH / Check,358.1300
5668,5627,2025-06-30 13:25:00,Mastercard,671.8200
5669,5631,2025-06-30 13:37:00,Mobile Wallet,135.0000
5670,5634,2025-06-30 14:02:00,Cash,889.5600
5671,5632,2025-06-30 14:30:00,Visa,579.2100
5672,5633,2025-06-30 14:32:00,Debit Card,221.3300
5673,5635,2025-06-30 15:02:00,Debit Card,1463.5400
5674,5636,2025-06-30 16:21:00,Mastercard,252.1500
5675,5637,2025-06-30 17:17:00,Debit Card,283.6100
5676,5639,2025-07-01 09:19:00,Mastercard,123.8200
5677,5638,2025-07-01 10:09:00,Mastercard,129.8200
5678,5640,2025-07-01 11:10:00,Visa,2829.8500
5679,5642,2025-07-01 12:04:00,Cash,1182.1800
5680,5645,2025-07-01 12:23:00,Visa,416.7800
5681,5641,2025-07-01 12:48:00,Cash,74.73
5682,5641,2025-07-01 12:49:00,Mastercard,174.4200
5683,5647,2025-07-01 13:00:00,Mobile Wallet,489.3200
5684,5648,2025-07-01 13:49:00,Cash,364.3100
5685,5649,2025-07-01 13:53:00,Debit Card,258.8900
5686,5217,2025-07-01 15:07:00,ACH / Check,844.5600
5687,5650,2025-07-01 15:17:00,Debit Card,1058.3400
5688,5652,2025-07-01 15:41:00,Mastercard,129.8200
5689,5213,2025-07-01 15:48:00,ACH / Check,479.4200
5690,5651,2025-07-01 15:57:00,Mobile Wallet,399.1500
5691,5653,2025-07-01 16:10:00,Mastercard,448.1300
5692,5655,2025-07-01 16:44:00,American Express,347.4100
5693,5656,2025-07-02 08:21:00,Visa,565.0100
5694,5658,2025-07-02 08:44:00,Cash,290.7100
5695,5654,2025-07-02 09:16:00,Mobile Wallet,904.6900
5696,5660,2025-07-02 09:43:00,Visa,291.0800
5697,5659,2025-07-02 09:52:00,Visa,746.5100
5698,5657,2025-07-02 10:17:00,Visa,1508.5400
5699,5663,2025-07-02 12:32:00,Mastercard,615.7100
5700,5662,2025-07-02 13:02:00,Mobile Wallet,823.9100
5701,5664,2025-07-02 13:13:00,Visa,232.5300
5702,5666,2025-07-02 13:28:00,Visa,594.5800
5703,5667,2025-07-02 14:22:00,Visa,341.7600
5704,5665,2025-07-02 14:25:00,Mastercard,129.8200
5705,5671,2025-07-02 14:43:00,Visa,255.2400
5706,5670,2025-07-02 15:01:00,Debit Card,231.0800
5707,5669,2025-07-02 15:15:00,Visa,373.1300
5708,5676,2025-07-02 16:34:00,Mastercard,123.8200
5709,5673,2025-07-02 16:38:00,Mobile Wallet,150.0000
5710,5675,2025-07-02 16:49:00,Debit Card,350.7100
5711,5672,2025-07-02 16:58:00,Mobile Wallet,633.4800
5712,5677,2025-07-02 17:02:00,Cash,266.7100
5713,5678,2025-07-03 08:06:00,Visa,249.1500
5714,5674,2025-07-03 08:13:00,Visa,1158.4900
5715,5680,2025-07-03 10:36:00,Mastercard,206.3300
5716,5681,2025-07-03 11:33:00,Mobile Wallet,373.1300
5717,5683,2025-07-03 13:06:00,Cash,209.4300
5718,5686,2025-07-03 14:19:00,Visa,234.1500
5719,5685,2025-07-03 15:04:00,Visa,360.2500
5720,5335,2025-07-03 19:09:00,ACH / Check,641.9300
5721,5416,2025-07-04 09:26:00,ACH / Check,488.6600
5722,5222,2025-07-04 11:39:00,ACH / Check,72.0500
5723,5251,2025-07-04 18:41:00,ACH / Check,641.9300
5724,5689,2025-07-05 09:21:00,Cash,53.13
5725,5688,2025-07-05 09:21:00,Mobile Wallet,358.1300
5726,5689,2025-07-05 09:22:00,Visa,87.9500
5727,5690,2025-07-05 09:57:00,Mastercard,869.0700
5728,5691,2025-07-05 10:56:00,American Express,141.0800
5729,5692,2025-07-05 11:41:00,Mobile Wallet,192.5300
5730,5364,2025-07-05 12:22:00,ACH / Check,234.1500
5731,5693,2025-07-05 12:58:00,American Express,596.8200
5732,5696,2025-07-05 13:00:00,Mobile Wallet,1401.6400
5733,5699,2025-07-05 13:10:00,Visa,491.1600
5734,5698,2025-07-05 13:54:00,Visa,300.0000
5735,5518,2025-07-06 09:50:00,ACH / Check,135.0800
5736,5431,2025-07-06 13:59:00,ACH / Check,135.0800
5737,5299,2025-07-06 15:19:00,ACH / Check,265.5300
5738,5568,2025-07-06 18:34:00,ACH / Check,1114.6800
5739,5702,2025-07-07 08:10:00,Mobile Wallet,251.4300
5740,5701,2025-07-07 08:17:00,Visa,417.9400
5741,5704,2025-07-07 09:05:00,Mobile Wallet,135.0800
5742,5697,2025-07-07 10:10:00,Debit Card,707.5100
5743,5703,2025-07-07 10:38:00,Visa,110.3500
5744,5707,2025-07-07 11:48:00,Debit Card,141.0800
5745,5705,2025-07-07 11:55:00,Visa,315.1900
5746,5710,2025-07-07 12:58:00,Visa,1550.6200
5747,5712,2025-07-07 13:44:00,Cash,371.4200
5748,5709,2025-07-07 14:04:00,Visa,1735.9700
5749,5715,2025-07-07 14:26:00,Mobile Wallet,664.2800
5750,5711,2025-07-07 14:46:00,Mobile Wallet,1426.6400
5751,5714,2025-07-07 14:52:00,Mastercard,1426.6400
5752,5398,2025-07-07 15:59:00,ACH / Check,358.1300
5753,5717,2025-07-07 17:12:00,Debit Card,1028.6700
5754,5719,2025-07-08 09:00:00,Discover,200.7100
5755,5718,2025-07-08 09:55:00,Debit Card,281.4200
5756,5722,2025-07-08 10:32:00,Visa,81.0000
5757,5721,2025-07-08 10:53:00,Visa,141.0800
5758,5254,2025-07-08 12:01:00,ACH / Check,401.7800
5759,5723,2025-07-08 12:24:00,Visa,899.0600
5760,5724,2025-07-08 12:24:00,Mastercard,525.7100
5761,5726,2025-07-08 12:56:00,Mastercard,417.9400
5762,5728,2025-07-08 12:58:00,Cash,371.8100
5763,5727,2025-07-08 13:09:00,Visa,731.7400
5764,5729,2025-07-08 13:12:00,Visa,573.8400
5765,5725,2025-07-08 13:59:00,Cash,85.60
5766,5725,2025-07-08 14:00:00,Visa,148.5500
5767,5422,2025-07-08 14:55:00,ACH / Check,991.1700
5768,5731,2025-07-08 15:22:00,Debit Card,1385.4700
5769,5510,2025-07-08 15:45:00,ACH / Check,202.5800
5770,5735,2025-07-08 15:56:00,Visa,364.3100
5771,5734,2025-07-08 16:09:00,Visa,523.1300
5772,5732,2025-07-08 16:12:00,Mobile Wallet,90.0000
5773,5733,2025-07-08 16:16:00,Visa,1182.1800
5774,5736,2025-07-09 08:07:00,Visa,391.8800
5775,5737,2025-07-09 08:24:00,Debit Card,668.0200
5776,5357,2025-07-09 08:28:00,ACH / Check,135.0800
5777,5740,2025-07-09 10:18:00,Debit Card,129.8200
5778,5741,2025-07-09 11:00:00,Debit Card,393.9600
5779,5742,2025-07-09 11:08:00,Debit Card,608.0300
5780,5743,2025-07-09 11:29:00,Mastercard,896.9300
5781,5739,2025-07-09 12:04:00,Debit Card,179.7300
5782,5745,2025-07-09 12:36:00,American Express,191.3300
5783,5744,2025-07-09 12:48:00,Mastercard,569.8200
5784,5746,2025-07-09 15:04:00,Mastercard,1426.6400
5785,5748,2025-07-09 15:28:00,Visa,141.0800
5786,5749,2025-07-09 15:44:00,Mastercard,675.6700
5787,5752,2025-07-09 16:50:00,Mobile Wallet,399.1500
5788,5311,2025-07-10 09:00:00,ACH / Check,398.4900
5789,5751,2025-07-10 10:00:00,Visa,554.6800
5790,5756,2025-07-10 10:16:00,Visa,142.5300
5791,5472,2025-07-10 10:38:00,ACH / Check,536.0400
5792,5755,2025-07-10 11:05:00,Visa,150.0000
5793,5759,2025-07-10 12:22:00,Debit Card,379.3100
5794,5760,2025-07-10 12:29:00,Debit Card,129.8200
5795,5758,2025-07-10 13:10:00,Discover,270.1200
5796,5763,2025-07-10 13:28:00,Cash,260.3500
5797,5761,2025-07-10 14:05:00,Visa,364.3100
5798,5764,2025-07-10 14:15:00,Mastercard,206.3300
5799,5492,2025-07-10 14:16:00,ACH / Check,67.5000
5800,5765,2025-07-10 14:18:00,Debit Card,934.2600
5801,5762,2025-07-10 14:29:00,Debit Card,358.3100
5802,5767,2025-07-10 16:50:00,Debit Card,718.8600
5803,5768,2025-07-11 07:51:00,Visa,129.8200
5804,5270,2025-07-11 10:09:00,ACH / Check,321.9300
5805,5769,2025-07-11 10:40:00,Mobile Wallet,315.1900
5806,5770,2025-07-11 11:09:00,Mastercard,563.0400
5807,5773,2025-07-11 11:20:00,Debit Card,141.0800
5808,5774,2025-07-11 11:37:00,Visa,206.3300
5809,5586,2025-07-11 11:44:00,ACH / Check,1373.5400
5810,5775,2025-07-11 12:34:00,Cash,574.2800
5811,5776,2025-07-11 13:44:00,Mastercard,315.1900
5812,5777,2025-07-11 13:44:00,Visa,224.1500
5813,5778,2025-07-11 13:50:00,Visa,281.4200
5814,5780,2025-07-11 15:15:00,Debit Card,373.1300
5815,5779,2025-07-11 16:25:00,Debit Card,238.5300
5816,5783,2025-07-11 16:33:00,Debit Card,466.6800
5817,5781,2025-07-11 17:01:00,Mobile Wallet,742.8300
5818,5782,2025-07-11 17:09:00,Cash,281.4200
5819,5786,2025-07-12 10:33:00,American Express,373.1300
5820,5787,2025-07-12 10:52:00,Mobile Wallet,266.7900
5821,5785,2025-07-12 11:38:00,Debit Card,369.2700
5822,5791,2025-07-12 12:02:00,Debit Card,364.3100
5823,5784,2025-07-12 12:07:00,Debit Card,416.7600
5824,5788,2025-07-12 12:26:00,American Express,325.7000
5825,5789,2025-07-12 12:54:00,Debit Card,358.1300
5826,5790,2025-07-12 13:04:00,Mobile Wallet,316.6800
5827,5792,2025-07-12 13:08:00,Cash,200.7100
5828,5433,2025-07-12 13:16:00,ACH / Check,547.2800
5829,5244,2025-07-12 14:04:00,ACH / Check,543.8400
5830,5521,2025-07-13 09:19:00,ACH / Check,861.5600
5831,5684,2025-07-13 10:39:00,ACH / Check,1498.1200
5832,5375,2025-07-13 13:05:00,ACH / Check,135.0800
5833,5644,2025-07-13 13:39:00,ACH / Check,543.8400
5834,5794,2025-07-14 08:48:00,Mastercard,123.8200
5835,5793,2025-07-14 08:54:00,Mastercard,653.1300
5836,5795,2025-07-14 10:30:00,Visa,420.1200
5837,5796,2025-07-14 10:44:00,Debit Card,129.8200
5838,5797,2025-07-14 10:57:00,Visa,225.0000
5839,5798,2025-07-14 11:55:00,Mobile Wallet,344.4300
5840,5800,2025-07-14 14:00:00,American Express,1020.5700
5841,5346,2025-07-14 14:23:00,ACH / Check,135.0800
5842,5803,2025-07-14 14:27:00,Visa,364.3100
5843,5802,2025-07-14 14:36:00,Mastercard,270.1500
5844,5804,2025-07-14 14:42:00,Cash,122.03
5845,5804,2025-07-14 14:43:00,Visa,133.2100
5846,5801,2025-07-14 15:11:00,Mastercard,258.8900
5847,5808,2025-07-14 16:21:00,Mastercard,1051.0500
5848,5805,2025-07-14 16:26:00,Visa,1175.4300
5849,5687,2025-07-14 16:28:00,ACH / Check,371.4600
5850,5807,2025-07-14 16:30:00,Visa,856.7400
5851,5810,2025-07-14 16:34:00,Mobile Wallet,341.7600
5852,5811,2025-07-14 16:39:00,Debit Card,141.0800
5853,5806,2025-07-14 16:58:00,Visa,416.3600
5854,5813,2025-07-15 08:33:00,Mastercard,1236.9800
5855,5809,2025-07-15 09:17:00,Visa,255.2400
5856,5643,2025-07-15 09:41:00,ACH / Check,135.0800
5857,5339,2025-07-15 09:46:00,ACH / Check,135.0000
5858,5815,2025-07-15 11:20:00,Mastercard,454.3100
5859,5812,2025-07-15 11:28:00,Debit Card,480.3300
5860,5818,2025-07-15 11:50:00,Visa,141.0800
5861,5817,2025-07-15 11:53:00,Mastercard,1009.4100
5862,5814,2025-07-15 12:01:00,Cash,141.0800
5863,5816,2025-07-15 12:49:00,Mobile Wallet,141.0800
5864,5820,2025-07-15 13:01:00,Debit Card,566.7600
5865,5822,2025-07-15 13:16:00,Mobile Wallet,272.3500
5866,5819,2025-07-15 13:27:00,Cash,403.2600
5867,5716,2025-07-15 13:48:00,ACH / Check,427.7200
5868,5825,2025-07-15 13:58:00,Discover,240.0000
5869,5821,2025-07-15 14:15:00,Visa,308.4300
5870,5823,2025-07-15 14:53:00,Visa,403.2500
5871,5436,2025-07-15 14:54:00,ACH / Check,358.0000
5872,5824,2025-07-15 14:59:00,Debit Card,125.3500
5873,5827,2025-07-15 15:27:00,Visa,324.1500
5874,5828,2025-07-15 16:41:00,Mastercard,129.8200
5875,5829,2025-07-15 17:09:00,Debit Card,179.7300
5876,5831,2025-07-16 09:48:00,Mobile Wallet,836.5200
5877,5832,2025-07-16 10:12:00,Mobile Wallet,745.3200
5878,5833,2025-07-16 10:35:00,Cash,272.3500
5879,5834,2025-07-16 11:40:00,Mastercard,671.9300
5880,5836,2025-07-16 13:16:00,Visa,360.2500
5881,5838,2025-07-16 13:52:00,Visa,356.3300
5882,5316,2025-07-16 13:54:00,ACH / Check,135.0800
5883,5835,2025-07-16 14:10:00,Mobile Wallet,649.2800
5884,5837,2025-07-16 14:41:00,Visa,536.0400
5885,5841,2025-07-16 16:26:00,Visa,551.0600
5886,5839,2025-07-16 16:39:00,Mobile Wallet,806.7400
5887,5843,2025-07-17 08:46:00,Debit Card,345.2400
5888,5844,2025-07-17 09:53:00,Visa,479.4300
5889,5443,2025-07-17 10:26:00,ACH / Check,135.0800
5890,5846,2025-07-17 11:13:00,Mobile Wallet,232.5300
5891,5850,2025-07-17 12:03:00,Mastercard,141.0800
5892,5848,2025-07-17 12:20:00,Visa,296.3300
5893,5853,2025-07-17 12:42:00,Debit Card,151.9800
5894,5847,2025-07-17 12:59:00,Mobile Wallet,731.7400
5895,5852,2025-07-17 13:03:00,Discover,225.0000
5896,5851,2025-07-17 13:28:00,Visa,330.5200
5897,5849,2025-07-17 13:38:00,Visa,330.9200
5898,5856,2025-07-17 14:09:00,Debit Card,281.4200
5899,5855,2025-07-17 14:13:00,Mastercard,574.2800
5900,5713,2025-07-17 14:26:00,ACH / Check,270.0800
5901,5859,2025-07-17 15:08:00,Mobile Wallet,496.6800
5902,5861,2025-07-17 16:06:00,Cash,574.2800
5903,5857,2025-07-17 16:09:00,Mastercard,335.7600
5904,5860,2025-07-17 17:16:00,American Express,1426.6400
5905,5862,2025-07-17 17:19:00,Mobile Wallet,283.6100
5906,5863,2025-07-18 09:02:00,Visa,371.8100
5907,5866,2025-07-18 10:20:00,Debit Card,291.0800
5908,5864,2025-07-18 10:27:00,Visa,964.5600
5909,5865,2025-07-18 10:34:00,Visa,373.1300
5910,5869,2025-07-18 12:51:00,Mobile Wallet,358.1300
5911,5871,2025-07-18 13:24:00,Visa,225.0000
5912,5870,2025-07-18 13:26:00,American Express,569.8200
5913,5876,2025-07-18 13:38:00,Debit Card,589.0400
5914,5877,2025-07-18 13:54:00,Visa,665.6600
5915,5872,2025-07-18 14:16:00,Discover,240.1700
5916,5873,2025-07-18 14:39:00,Mobile Wallet,249.1500
5917,5874,2025-07-18 14:39:00,Cash,196.73
5918,5874,2025-07-18 14:40:00,Mastercard,167.5800
5919,5875,2025-07-18 14:48:00,Debit Card,907.8700
5920,5878,2025-07-18 15:08:00,Mobile Wallet,150.0000
5921,5879,2025-07-18 15:36:00,Mastercard,360.2500
5922,5880,2025-07-18 15:55:00,Debit Card,240.1700
5923,5882,2025-07-18 16:44:00,Cash,416.7600
5924,5881,2025-07-18 16:52:00,American Express,258.8900
5925,5883,2025-07-19 08:16:00,Mobile Wallet,270.1200
5926,5884,2025-07-19 08:45:00,Mastercard,281.4200
5927,5885,2025-07-19 09:14:00,Cash,150.0000
5928,5886,2025-07-19 10:42:00,Visa,141.0800
5929,5887,2025-07-19 11:49:00,Debit Card,364.3100
5930,5888,2025-07-19 12:18:00,Visa,407.0400
5931,5890,2025-07-19 13:10:00,Mastercard,442.9400
5932,5889,2025-07-19 13:34:00,Visa,76.5500
5933,5646,2025-07-19 14:05:00,ACH / Check,135.0800
5934,5456,2025-07-20 13:14:00,ACH / Check,135.0800
5935,5893,2025-07-21 09:24:00,Cash,206.3600
5936,5891,2025-07-21 09:53:00,Mastercard,335.7600
5937,5522,2025-07-21 09:57:00,ACH / Check,135.0800
5938,5894,2025-07-21 11:12:00,Mastercard,373.1300
5939,5895,2025-07-21 11:14:00,Debit Card,362.3500
5940,5896,2025-07-21 11:18:00,Mastercard,294.8200
5941,5532,2025-07-21 11:21:00,ACH / Check,547.2800
5942,5897,2025-07-21 11:40:00,Debit Card,996.5600
5943,5898,2025-07-21 12:00:00,Debit Card,463.1300
5944,5902,2025-07-21 12:59:00,Cash,596.8200
5945,5900,2025-07-21 13:18:00,Visa,219.8200
5946,5901,2025-07-21 13:56:00,Visa,373.1300
5947,5899,2025-07-21 14:12:00,Mobile Wallet,283.6100
5948,5905,2025-07-21 16:08:00,Mobile Wallet,90.0000
5949,5903,2025-07-21 16:19:00,Mobile Wallet,150.0000
5950,5906,2025-07-21 16:24:00,Mastercard,842.0900
5951,5911,2025-07-22 09:24:00,Discover,141.0800
5952,5909,2025-07-22 09:35:00,Mobile Wallet,141.0800
5953,5910,2025-07-22 09:55:00,Mobile Wallet,872.8200
5954,5907,2025-07-22 10:21:00,Mastercard,1296.6100
5955,5908,2025-07-22 10:31:00,Mastercard,945.9000
5956,5913,2025-07-22 11:25:00,Debit Card,446.5100
5957,5912,2025-07-22 11:41:00,Mastercard,270.1500
5958,5916,2025-07-22 11:52:00,Debit Card,76.5500
5959,5917,2025-07-22 12:28:00,Mastercard,90.0000
5960,5915,2025-07-22 13:28:00,Mobile Wallet,356.3600
5961,5918,2025-07-22 13:40:00,Visa,1660.9700
5962,5920,2025-07-22 13:48:00,Cash,857.1700
5963,5919,2025-07-22 14:11:00,Mastercard,574.2800
5964,5923,2025-07-22 16:44:00,Mobile Wallet,465.1900
5965,5924,2025-07-23 09:16:00,Visa,427.9400
5966,5928,2025-07-23 09:59:00,Debit Card,899.0600
5967,5926,2025-07-23 10:23:00,American Express,364.3100
5968,5927,2025-07-23 10:58:00,Cash,90.0000
5969,5930,2025-07-23 12:10:00,Visa,129.8200
5970,5771,2025-07-23 12:19:00,ACH / Check,216.0800
5971,5931,2025-07-23 13:18:00,American Express,200.3500
5972,5935,2025-07-23 13:45:00,Mobile Wallet,429.8200
5973,5934,2025-07-23 14:46:00,American Express,984.6200
5974,5936,2025-07-23 15:00:00,Visa,337.5300
5975,5564,2025-07-23 16:22:00,ACH / Check,135.0800
5976,5611,2025-07-24 08:12:00,ACH / Check,686.7400
5977,5938,2025-07-24 08:43:00,Mastercard,364.3100
5978,5941,2025-07-24 10:14:00,Mobile Wallet,421.6800
5979,5937,2025-07-24 10:49:00,Visa,391.6800
5980,5940,2025-07-24 10:52:00,Cash,341.7600
5981,5942,2025-07-24 11:20:00,Cash,574.2800
5982,5772,2025-07-24 11:29:00,ACH / Check,135.0800
5983,5945,2025-07-24 12:43:00,Debit Card,123.8200
5984,5947,2025-07-24 13:34:00,Debit Card,358.3100
5985,5944,2025-07-24 13:54:00,Debit Card,1182.1800
5986,5948,2025-07-24 17:10:00,Visa,655.3800
5987,5949,2025-07-25 08:10:00,Debit Card,1516.6400
5988,5708,2025-07-25 09:35:00,ACH / Check,135.0800
5989,5950,2025-07-25 10:50:00,Visa,416.7600
5990,5952,2025-07-25 10:54:00,Mastercard,401.4200
5991,5951,2025-07-25 11:02:00,Mastercard,165.0000
5992,5615,2025-07-25 11:43:00,ACH / Check,202.5800
5993,5953,2025-07-25 12:45:00,American Express,484.3000
5994,5955,2025-07-25 14:06:00,Mastercard,90.0000
5995,5954,2025-07-25 14:49:00,Mastercard,671.1000
5996,5956,2025-07-25 14:56:00,Mobile Wallet,388.7000
5997,5959,2025-07-25 15:47:00,Visa,532.7200
5998,5962,2025-07-25 15:52:00,Mobile Wallet,151.9800
5999,5963,2025-07-25 16:13:00,Visa,292.5300
6000,5960,2025-07-25 16:51:00,American Express,1686.9900
6001,5961,2025-07-25 17:03:00,Debit Card,258.8900
6002,5964,2025-07-25 17:11:00,American Express,141.0800
6003,5965,2025-07-26 13:33:00,Mastercard,300.0000
6004,5830,2025-07-26 15:30:00,ACH / Check,513.2400
6005,5845,2025-07-27 06:42:00,ACH / Check,81.0000
6006,5969,2025-07-28 10:48:00,Mobile Wallet,366.0800
6007,5967,2025-07-28 10:53:00,Visa,374.9400
6008,5968,2025-07-28 11:08:00,Mastercard,596.8200
6009,5966,2025-07-28 11:15:00,Mastercard,417.9400
6010,5970,2025-07-28 11:33:00,Debit Card,364.3100
6011,5971,2025-07-28 12:50:00,Debit Card,75.0000
6012,5972,2025-07-28 12:53:00,Visa,420.1200
6013,5973,2025-07-28 13:37:00,Mobile Wallet,532.0300
6014,5975,2025-07-28 13:57:00,Mobile Wallet,281.4200
6015,5977,2025-07-28 14:28:00,Cash,649.2800
6016,5974,2025-07-28 14:39:00,Discover,129.8200
6017,5976,2025-07-28 15:05:00,Mobile Wallet,861.5600
6018,5978,2025-07-28 15:24:00,Visa,166.5500
6019,5979,2025-07-28 16:53:00,Discover,500.7100
6020,5980,2025-07-28 17:00:00,Mobile Wallet,373.1300
6021,5981,2025-07-29 08:24:00,Debit Card,341.7600
6022,5985,2025-07-29 09:55:00,Mastercard,341.7800
6023,5983,2025-07-29 09:57:00,Visa,280.9700
6024,5868,2025-07-29 10:07:00,ACH / Check,1035.9000
6025,5984,2025-07-29 10:19:00,Visa,249.1500
6026,5986,2025-07-29 11:23:00,Discover,641.7800
6027,5988,2025-07-29 12:14:00,Discover,191.3300
6028,5668,2025-07-29 13:12:00,ACH / Check,370.2500
6029,5989,2025-07-29 14:10:00,Mastercard,260.3500
6030,5854,2025-07-29 14:36:00,ACH / Check,1633.1200
6031,5700,2025-07-29 14:53:00,ACH / Check,401.7800
6032,5991,2025-07-29 15:08:00,Mastercard,1182.1800
6033,5990,2025-07-29 15:27:00,Debit Card,231.0800
6034,5995,2025-07-30 09:25:00,Visa,264.1500
6035,5524,2025-07-30 09:44:00,ACH / Check,416.5100
6036,5993,2025-07-30 10:06:00,Debit Card,270.1500
6037,5994,2025-07-30 10:53:00,Mobile Wallet,686.7400
6038,6000,2025-07-30 10:53:00,American Express,141.0800
6039,5997,2025-07-30 11:07:00,Mobile Wallet,373.1300
6040,5455,2025-07-30 11:08:00,ACH / Check,135.0800
6041,5999,2025-07-30 11:45:00,Visa,150.0000
6042,5661,2025-07-30 12:08:00,ACH / Check,889.6200
6043,5998,2025-07-30 12:22:00,Mastercard,216.0800
6044,6006,2025-07-30 12:57:00,Visa,249.1500
6045,6005,2025-07-30 13:12:00,Visa,596.8200
6046,6002,2025-07-30 13:15:00,American Express,315.1900
6047,6004,2025-07-30 13:49:00,Visa,555.2400
6048,6010,2025-07-30 15:09:00,Visa,150.0000
6049,6007,2025-07-30 15:14:00,Visa,150.0000
6050,6008,2025-07-30 16:00:00,Discover,1526.5500
6051,6009,2025-07-30 17:14:00,Debit Card,406.6900
6052,5757,2025-07-31 08:59:00,ACH / Check,135.0800
6053,6013,2025-07-31 09:48:00,Mastercard,341.7600
6054,5925,2025-07-31 10:16:00,ACH / Check,67.5000
6055,6012,2025-07-31 10:27:00,Visa,373.1300
6056,6018,2025-07-31 11:08:00,Debit Card,141.0800
6057,6015,2025-07-31 11:16:00,Cash,373.1300
6058,6011,2025-07-31 11:20:00,Visa,309.5200
6059,6016,2025-07-31 11:32:00,Mastercard,675.3600
6060,6019,2025-07-31 11:35:00,Visa,249.1500
6061,6014,2025-07-31 11:52:00,Visa,301.9800
6062,6020,2025-07-31 12:04:00,Mastercard,341.7600
6063,6017,2025-07-31 12:57:00,Mobile Wallet,141.0800
6064,5485,2025-07-31 13:12:00,ACH / Check,135.0800
6065,5842,2025-07-31 13:47:00,ACH / Check,544.0100
6066,6021,2025-07-31 14:41:00,Visa,760.1400
6067,6025,2025-07-31 15:58:00,Visa,315.1900
6068,6022,2025-07-31 16:14:00,American Express,310.4600
6069,6024,2025-07-31 16:22:00,Debit Card,1130.9000
6070,6029,2025-07-31 16:47:00,American Express,364.3100
6071,6026,2025-07-31 16:53:00,Visa,358.1300
6072,6028,2025-07-31 17:06:00,Visa,788.0400
6073,5494,2025-08-01 07:32:00,ACH / Check,135.0800
6074,6030,2025-08-01 09:42:00,Debit Card,1550.6200
6075,6033,2025-08-01 10:20:00,Cash,33.70
6076,6033,2025-08-01 10:21:00,Visa,116.3000
6077,6031,2025-08-01 10:54:00,Visa,484.0100
6078,6035,2025-08-01 11:08:00,Mobile Wallet,505.3800
6079,6027,2025-08-01 11:19:00,Mastercard,150.0000
6080,6034,2025-08-01 12:00:00,Mobile Wallet,141.0800
6081,6036,2025-08-01 12:47:00,Mastercard,224.1500
6082,6040,2025-08-01 13:30:00,Mastercard,141.0800
6083,6041,2025-08-01 13:43:00,Cash,225.0000
6084,6042,2025-08-01 17:04:00,Visa,630.5700
6085,6043,2025-08-02 09:41:00,Mobile Wallet,221.4300
6086,6045,2025-08-02 11:08:00,Debit Card,251.4300
6087,6044,2025-08-02 11:58:00,Visa,350.3500
6088,6046,2025-08-02 12:13:00,Cash,110.3500
6089,5695,2025-08-02 12:47:00,ACH / Check,358.3100
6090,5497,2025-08-03 08:41:00,ACH / Check,358.3100
6091,5706,2025-08-03 09:41:00,ACH / Check,135.0800
6092,6048,2025-08-04 10:08:00,Cash,90.0000
6093,5682,2025-08-04 10:29:00,ACH / Check,135.0000
6094,6051,2025-08-04 10:53:00,Debit Card,514.2100
6095,6049,2025-08-04 11:13:00,Mastercard,614.7800
6096,6050,2025-08-04 11:36:00,Mastercard,179.7300
6097,6052,2025-08-04 12:02:00,Mastercard,123.8200
6098,6056,2025-08-04 12:51:00,Cash,130.5700
6099,5946,2025-08-04 12:51:00,ACH / Check,142.9800
6100,6057,2025-08-04 13:22:00,Debit Card,141.0800
6101,6058,2025-08-04 13:32:00,Mastercard,364.3100
6102,6055,2025-08-04 13:41:00,Mastercard,76.5500
6103,6053,2025-08-04 13:51:00,Mobile Wallet,381.0800
6104,6062,2025-08-04 15:02:00,Debit Card,195.8600
6105,6059,2025-08-04 15:05:00,Debit Card,1426.6400
6106,6060,2025-08-04 15:44:00,Cash,270.0000
6107,6061,2025-08-04 16:09:00,Visa,1550.6200
6108,6063,2025-08-04 16:21:00,Debit Card,129.8200
6109,5922,2025-08-04 17:48:00,ACH / Check,191.3300
6110,6065,2025-08-05 08:42:00,Mastercard,150.0000
6111,6066,2025-08-05 09:16:00,Debit Card,216.0800
6112,6067,2025-08-05 10:59:00,Visa,292.5300
6113,6070,2025-08-05 11:30:00,Visa,291.5600
6114,6069,2025-08-05 11:47:00,Cash,51.64
6115,6069,2025-08-05 11:48:00,Debit Card,89.4400
6116,6071,2025-08-05 12:35:00,Debit Card,358.1300
6117,6073,2025-08-05 12:44:00,Visa,420.1200
6118,5747,2025-08-05 12:55:00,ACH / Check,358.1300
6119,6072,2025-08-05 13:13:00,Cash,335.4600
6120,5536,2025-08-05 13:27:00,ACH / Check,263.4200
6121,5892,2025-08-05 13:27:00,ACH / Check,484.0100
6122,6074,2025-08-05 13:49:00,Mastercard,335.4600
6123,6075,2025-08-05 15:36:00,Debit Card,266.4300
6124,6076,2025-08-05 15:58:00,Debit Card,249.1500
6125,6077,2025-08-05 16:38:00,Debit Card,1035.9000
6126,6078,2025-08-06 08:28:00,Mastercard,358.1300
6127,6079,2025-08-06 09:42:00,Mastercard,994.6900
6128,6081,2025-08-06 09:43:00,Visa,373.1300
6129,6082,2025-08-06 10:21:00,Mastercard,135.0000
6130,6080,2025-08-06 11:02:00,Mobile Wallet,75.0000
6131,6083,2025-08-06 11:33:00,Visa,90.0000
6132,6084,2025-08-06 12:23:00,Mastercard,129.8200
6133,6085,2025-08-06 13:14:00,Visa,231.0800
6134,6088,2025-08-06 13:54:00,Debit Card,444.5400
6135,6086,2025-08-06 13:57:00,Mastercard,142.5300
6136,6089,2025-08-06 14:02:00,Mobile Wallet,206.3300
6137,6087,2025-08-06 14:29:00,Cash,117.87
6138,6087,2025-08-06 14:30:00,Debit Card,197.1300
6139,6091,2025-08-06 14:44:00,Visa,260.3500
6140,6090,2025-08-06 15:19:00,Visa,373.1300
6141,6092,2025-08-06 17:02:00,Mastercard,331.7900
6142,6093,2025-08-07 09:41:00,Debit Card,137.3200
6143,6095,2025-08-07 10:40:00,Mastercard,344.4300
6144,6096,2025-08-07 12:39:00,Visa,270.1200
6145,6100,2025-08-07 14:38:00,Mobile Wallet,502.9500
6146,6097,2025-08-07 14:44:00,Visa,1463.5400
6147,6098,2025-08-07 15:20:00,Debit Card,440.8500
6148,6102,2025-08-07 15:51:00,Cash,219.8200
6149,6101,2025-08-07 16:31:00,Mobile Wallet,630.5400
6150,6106,2025-08-08 08:23:00,Visa,439.3100
6151,6107,2025-08-08 09:13:00,Visa,291.0800
6152,6108,2025-08-08 09:58:00,Mastercard,364.3100
6153,6109,2025-08-08 10:36:00,American Express,452.1100
6154,6105,2025-08-08 11:13:00,Visa,135.0800
6155,6111,2025-08-08 11:19:00,Mastercard,76.5500
6156,6103,2025-08-08 11:22:00,Visa,150.0000
6157,6110,2025-08-08 11:25:00,Visa,465.1900
6158,6112,2025-08-08 12:43:00,Debit Card,225.0000
6159,6114,2025-08-08 14:19:00,Visa,198.0300
6160,6113,2025-08-08 14:59:00,Mastercard,493.1300
6161,5720,2025-08-09 09:08:00,ACH / Check,135.0000
6162,6118,2025-08-09 09:45:00,Debit Card,1105.4000
6163,6117,2025-08-09 11:12:00,Mastercard,141.0800
6164,6121,2025-08-09 11:52:00,American Express,373.1300
6165,6120,2025-08-09 12:23:00,Visa,673.2500
6166,6123,2025-08-09 13:31:00,Visa,707.5500
6167,6122,2025-08-09 13:49:00,Cash,1182.1800
6168,5738,2025-08-10 07:44:00,ACH / Check,378.2400
6169,5826,2025-08-10 11:33:00,ACH / Check,991.1700
6170,5750,2025-08-10 15:32:00,ACH / Check,358.1300
6171,6125,2025-08-11 08:58:00,Visa,686.7400
6172,6126,2025-08-11 08:58:00,Cash,1056.8800
6173,6124,2025-08-11 09:11:00,Mobile Wallet,359.5000
6174,6127,2025-08-11 10:18:00,Visa,125.0000
6175,6129,2025-08-11 11:56:00,Mastercard,936.5600
6176,6131,2025-08-11 13:05:00,Visa,2829.8500
6177,6133,2025-08-11 13:14:00,Mobile Wallet,382.5300
6178,6134,2025-08-11 13:36:00,Visa,129.8200
6179,6135,2025-08-11 16:32:00,Visa,150.0000
6180,6138,2025-08-11 17:10:00,Debit Card,129.8200
6181,6136,2025-08-11 17:19:00,Mastercard,141.0800
6182,6137,2025-08-12 09:12:00,Visa,221.4300
6183,6142,2025-08-12 09:31:00,Mastercard,231.0800
6184,5799,2025-08-12 09:32:00,ACH / Check,358.1300
6185,6139,2025-08-12 09:32:00,Mastercard,592.3900
6186,6140,2025-08-12 09:35:00,Mastercard,135.0800
6187,6141,2025-08-12 09:40:00,Cash,141.0800
6188,6144,2025-08-12 11:05:00,Debit Card,157.5300
6189,6146,2025-08-12 12:23:00,Discover,297.8600
6190,6147,2025-08-12 12:33:00,Cash,151.9800
6191,6148,2025-08-12 12:55:00,Cash,434.39
6192,6148,2025-08-12 12:56:00,Mastercard,852.0800
6193,6149,2025-08-12 13:28:00,Debit Card,151.9800
6194,6153,2025-08-12 15:47:00,Mobile Wallet,296.4300
6195,6151,2025-08-12 16:25:00,Mastercard,1460.4700
6196,6156,2025-08-12 17:15:00,Debit Card,1170.9000
6197,6150,2025-08-12 17:25:00,Mastercard,1426.6400
6198,6157,2025-08-13 08:19:00,Debit Card,713.0400
6199,6159,2025-08-13 08:26:00,Debit Card,740.6800
6200,6152,2025-08-13 08:40:00,Debit Card,536.0400
6201,6158,2025-08-13 09:31:00,Visa,341.7600
6202,6160,2025-08-13 09:45:00,American Express,76.5500
6203,6163,2025-08-13 10:05:00,Mastercard,191.3200
6204,5679,2025-08-13 10:05:00,ACH / Check,135.0800
6205,6161,2025-08-13 10:47:00,Cash,110.3500
6206,6155,2025-08-13 11:06:00,Mastercard,135.0800
6207,6164,2025-08-13 11:20:00,Visa,240.1700
6208,6166,2025-08-13 13:09:00,Mobile Wallet,481.8400
6209,6167,2025-08-13 13:16:00,Mastercard,141.0800
6210,6168,2025-08-13 14:29:00,Debit Card,141.0800
6211,6169,2025-08-13 15:40:00,Discover,485.1500
6212,6170,2025-08-13 15:52:00,American Express,695.7800
6213,6171,2025-08-13 17:09:00,American Express,328.2100
6214,6173,2025-08-13 17:27:00,Visa,90.0000
6215,6174,2025-08-14 08:50:00,Mastercard,585.3300
6216,6175,2025-08-14 09:34:00,Visa,341.7600
6217,6172,2025-08-14 09:40:00,Cash,844.2400
6218,6178,2025-08-14 12:55:00,Cash,364.3100
6219,5694,2025-08-14 13:17:00,ACH / Check,333.1100
6220,6180,2025-08-14 13:58:00,Cash,427.9400
6221,5840,2025-08-14 14:05:00,ACH / Check,493.2100
6222,6179,2025-08-14 14:38:00,Mobile Wallet,379.3100
6223,6181,2025-08-14 14:48:00,Cash,190.29
6224,6181,2025-08-14 14:49:00,Visa,174.0200
6225,6183,2025-08-14 15:04:00,American Express,141.0800
6226,6182,2025-08-14 15:24:00,Debit Card,1135.7700
6227,6184,2025-08-14 16:48:00,Discover,480.5200
6228,6001,2025-08-15 10:04:00,ACH / Check,135.0800
6229,6185,2025-08-15 10:13:00,Debit Card,955.6200
6230,6186,2025-08-15 10:38:00,Mobile Wallet,315.1900
6231,6188,2025-08-15 11:26:00,Discover,317.4600
6232,6187,2025-08-15 11:51:00,Visa,376.9900
6233,6190,2025-08-15 12:29:00,Mobile Wallet,129.8200
6234,6189,2025-08-15 12:55:00,Visa,90.0000
6235,6191,2025-08-15 13:40:00,American Express,547.2800
6236,6194,2025-08-15 14:15:00,Mobile Wallet,358.3100
6237,6192,2025-08-15 14:26:00,Visa,373.1300
6238,6195,2025-08-15 15:14:00,Debit Card,1263.1800
6239,6197,2025-08-15 17:07:00,Cash,270.1500
6240,6199,2025-08-16 08:18:00,Mobile Wallet,574.2800
6241,6198,2025-08-16 09:11:00,Mastercard,654.5900
6242,6201,2025-08-16 10:32:00,Debit Card,485.7500
6243,6196,2025-08-16 11:46:00,Visa,185.3500
6244,6094,2025-08-16 11:49:00,ACH / Check,321.9300
6245,6203,2025-08-16 12:21:00,Debit Card,269.7300
6246,6204,2025-08-16 13:11:00,Debit Card,105.8500
6247,5858,2025-08-17 11:04:00,ACH / Check,135.0800
6248,5921,2025-08-17 12:56:00,ACH / Check,358.1300
6249,5957,2025-08-17 15:01:00,ACH / Check,209.4200
6250,5992,2025-08-17 15:12:00,ACH / Check,135.0800
6251,6207,2025-08-18 08:39:00,American Express,221.4300
6252,6208,2025-08-18 08:42:00,American Express,1028.6700
6253,5867,2025-08-18 09:23:00,ACH / Check,135.0800
6254,6205,2025-08-18 09:52:00,Visa,90.0000
6255,6206,2025-08-18 10:20:00,Cash,683.62
6256,6206,2025-08-18 10:21:00,Visa,701.8500
6257,6209,2025-08-18 10:54:00,Mastercard,175.7100
6258,6212,2025-08-18 12:15:00,Visa,129.8200
6259,6210,2025-08-18 12:17:00,Debit Card,252.1500
6260,6211,2025-08-18 12:39:00,Visa,671.9300
6261,6213,2025-08-18 12:50:00,Mastercard,917.0900
6262,6214,2025-08-18 12:59:00,Cash,523.1300
6263,6216,2025-08-18 15:28:00,Cash,365.5900
6264,6219,2025-08-18 15:34:00,Mobile Wallet,150.0000
6265,6218,2025-08-18 15:42:00,Mobile Wallet,281.4200
6266,6220,2025-08-18 17:25:00,Mobile Wallet,502.6500
6267,6223,2025-08-19 08:33:00,Visa,105.8500
6268,5754,2025-08-19 08:54:00,ACH / Check,135.0800
6269,6222,2025-08-19 09:14:00,Mastercard,90.0000
6270,6221,2025-08-19 09:46:00,Visa,364.3100
6271,6224,2025-08-19 10:32:00,Mobile Wallet,110.3500
6272,6226,2025-08-19 11:32:00,Mastercard,90.0000
6273,6228,2025-08-19 11:44:00,Mobile Wallet,270.0800
6274,6229,2025-08-19 11:47:00,Debit Card,206.3300
6275,6230,2025-08-19 14:26:00,Mastercard,290.7100
6276,5987,2025-08-20 08:33:00,ACH / Check,216.0800
6277,6232,2025-08-20 08:39:00,Visa,129.8200
6278,6233,2025-08-20 10:16:00,Mobile Wallet,551.0600
6279,6236,2025-08-20 11:58:00,Mastercard,390.2300
6280,6235,2025-08-20 12:02:00,Mobile Wallet,249.1500
6281,6238,2025-08-20 13:52:00,Mastercard,150.0000
6282,6240,2025-08-20 15:12:00,Visa,641.7800
6283,6237,2025-08-20 15:45:00,Mastercard,731.7400
6284,6239,2025-08-20 15:52:00,Debit Card,373.1300
6285,6244,2025-08-21 08:32:00,Cash,371.4200
6286,6241,2025-08-21 09:10:00,American Express,596.8200
6287,6243,2025-08-21 09:20:00,Visa,341.7600
6288,6245,2025-08-21 09:31:00,Debit Card,434.5000
6289,6246,2025-08-21 09:39:00,Visa,341.7600
6290,5753,2025-08-21 10:26:00,ACH / Check,722.9300
6291,6247,2025-08-21 10:30:00,Visa,364.3100
6292,6248,2025-08-21 11:14:00,Mobile Wallet,129.8200
6293,6242,2025-08-21 11:22:00,Mobile Wallet,150.0000
6294,5730,2025-08-21 11:25:00,ACH / Check,923.3100
6295,6054,2025-08-21 11:49:00,ACH / Check,317.3800
6296,6252,2025-08-21 12:00:00,Visa,265.6100
6297,6250,2025-08-21 13:10:00,Visa,1550.6200
6298,6251,2025-08-21 13:31:00,Debit Card,141.0800
6299,6255,2025-08-21 14:25:00,Mobile Wallet,731.7400
6300,6253,2025-08-21 14:32:00,Visa,150.0000
6301,6154,2025-08-21 15:33:00,ACH / Check,375.9600
6302,6254,2025-08-21 15:42:00,Visa,1095.9000
6303,6257,2025-08-21 16:30:00,Mastercard,931.2500
6304,6256,2025-08-21 16:41:00,Debit Card,530.1300
6305,6259,2025-08-21 16:58:00,Debit Card,272.3500
6306,5904,2025-08-21 17:30:00,ACH / Check,358.1300
6307,6261,2025-08-22 10:36:00,Mastercard,317.4600
6308,6263,2025-08-22 13:05:00,Visa,150.0000
6309,6262,2025-08-22 13:17:00,Visa,267.8500
6310,6264,2025-08-22 13:49:00,Mastercard,379.3100
6311,6265,2025-08-22 14:00:00,Cash,279.8200
6312,6267,2025-08-22 15:42:00,Mastercard,364.3100
6313,6269,2025-08-22 15:54:00,Mastercard,569.8200
6314,6270,2025-08-22 16:27:00,Visa,596.8200
6315,6268,2025-08-22 16:57:00,American Express,403.2500
6316,5766,2025-08-22 17:23:00,ACH / Check,81.0000
6317,6273,2025-08-23 08:49:00,Debit Card,643.2500
6318,6272,2025-08-23 09:19:00,Visa,281.4200
6319,6271,2025-08-23 10:26:00,Discover,833.0700
6320,6274,2025-08-23 10:35:00,Mastercard,267.8500
6321,6276,2025-08-23 11:35:00,American Express,225.0000
6322,6165,2025-08-23 11:43:00,ACH / Check,240.8900
6323,6275,2025-08-23 11:46:00,Visa,110.3500
6324,6278,2025-08-23 12:07:00,Visa,580.3800
6325,6193,2025-08-23 12:10:00,ACH / Check,135.0800
6326,6280,2025-08-23 12:44:00,Mobile Wallet,364.3100
6327,6279,2025-08-23 12:49:00,Visa,315.1900
6328,6281,2025-08-23 13:21:00,Cash,206.3300
6329,5914,2025-08-23 14:05:00,ACH / Check,191.3300
6330,6115,2025-08-23 16:07:00,ACH / Check,135.0800
6331,6119,2025-08-24 09:41:00,ACH / Check,135.0800
6332,6132,2025-08-24 09:46:00,ACH / Check,135.0800
6333,6047,2025-08-24 10:13:00,ACH / Check,254.3500
6334,6023,2025-08-24 17:14:00,ACH / Check,344.4200
6335,6285,2025-08-25 11:02:00,Visa,407.0400
6336,6288,2025-08-25 11:53:00,Mobile Wallet,141.0800
6337,6287,2025-08-25 12:39:00,Visa,151.9800
6338,6290,2025-08-25 12:42:00,Debit Card,529.2800
6339,6145,2025-08-25 12:47:00,ACH / Check,641.9300
6340,6291,2025-08-25 13:04:00,Visa,232.5300
6341,6293,2025-08-25 13:08:00,Cash,90.0000
6342,6292,2025-08-25 13:46:00,Visa,90.0000
6343,6294,2025-08-25 14:07:00,Cash,364.3100
6344,6297,2025-08-25 15:13:00,Debit Card,596.8200
6345,6296,2025-08-25 15:21:00,Mastercard,216.0800
6346,6299,2025-08-25 16:24:00,Cash,1691.6900
6347,6298,2025-08-25 17:09:00,Visa,378.9700
6348,6301,2025-08-26 10:06:00,Visa,141.0800
6349,6302,2025-08-26 11:04:00,Visa,75.0000
6350,6300,2025-08-26 11:06:00,Mastercard,352.8600
6351,6305,2025-08-26 11:28:00,American Express,564.3100
6352,6306,2025-08-26 12:17:00,Visa,217.6200
6353,6307,2025-08-26 15:25:00,Visa,440.7100
6354,6308,2025-08-26 17:12:00,Visa,362.3500
6355,6309,2025-08-27 07:55:00,Cash,844.4300
6356,6312,2025-08-27 08:42:00,Discover,405.2400
6357,6162,2025-08-27 08:43:00,ACH / Check,738.5400
6358,6311,2025-08-27 09:14:00,Mobile Wallet,1157.1800
6359,6314,2025-08-27 10:51:00,Visa,200.7100
6360,6316,2025-08-27 11:22:00,Debit Card,240.8900
6361,6317,2025-08-27 11:47:00,Mastercard,431.7600
6362,6315,2025-08-27 12:53:00,Visa,90.0000
6363,6318,2025-08-27 13:37:00,Visa,427.9400
6364,6319,2025-08-27 13:43:00,Visa,1385.4700
6365,6321,2025-08-27 14:18:00,Debit Card,234.1500
6366,6320,2025-08-27 14:20:00,Mobile Wallet,377.0200
6367,6322,2025-08-27 14:42:00,Cash,1475.4700
6368,6325,2025-08-27 14:57:00,Cash,899.0600
6369,6324,2025-08-27 15:06:00,Mastercard,373.1300
6370,6323,2025-08-27 15:24:00,Debit Card,1550.6200
6371,6328,2025-08-28 08:14:00,American Express,523.1300
6372,6327,2025-08-28 08:45:00,Cash,249.8500
6373,6330,2025-08-28 09:57:00,Mastercard,1095.9000
6374,5929,2025-08-28 10:14:00,ACH / Check,358.3100
6375,6329,2025-08-28 11:05:00,Debit Card,731.7400
6376,6333,2025-08-28 11:14:00,Mastercard,528.9700
6377,6334,2025-08-28 11:19:00,Mastercard,373.1300
6378,6332,2025-08-28 11:21:00,Mastercard,569.8200
6379,6335,2025-08-28 13:18:00,Visa,231.0800
6380,6338,2025-08-28 14:56:00,Visa,346.6100
6381,6336,2025-08-28 14:57:00,Cash,150.0000
6382,6337,2025-08-28 14:58:00,Visa,1298.4100
6383,6339,2025-08-28 15:09:00,Debit Card,258.8200
6384,6340,2025-08-28 17:22:00,Debit Card,1550.6200
6385,6342,2025-08-28 17:26:00,Mastercard,528.8600
6386,6200,2025-08-29 08:35:00,ACH / Check,569.8200
6387,6341,2025-08-29 08:42:00,American Express,407.0400
6388,6343,2025-08-29 10:33:00,Mastercard,221.4300
6389,6345,2025-08-29 11:06:00,Visa,431.7600
6390,6346,2025-08-29 11:13:00,Mobile Wallet,141.0800
6391,6003,2025-08-29 11:38:00,ACH / Check,358.3100
6392,6344,2025-08-29 11:59:00,Mobile Wallet,373.1300
6393,6349,2025-08-29 13:07:00,Mobile Wallet,731.7400
6394,6348,2025-08-29 13:34:00,Mobile Wallet,231.0800
6395,6351,2025-08-29 13:40:00,Mastercard,157.5300
6396,6347,2025-08-29 13:41:00,Discover,512.4900
6397,6350,2025-08-29 13:55:00,Visa,373.1300
6398,5933,2025-08-29 14:09:00,ACH / Check,378.2400
6399,6352,2025-08-29 14:43:00,Mastercard,315.1500
6400,6355,2025-08-29 15:08:00,Visa,341.0000
6401,6356,2025-08-29 15:16:00,Cash,135.0000
6402,6039,2025-08-29 15:34:00,ACH / Check,81.0000
6403,6353,2025-08-29 16:15:00,Mastercard,596.8200
6404,6357,2025-08-29 17:29:00,Visa,283.6100
6405,6359,2025-08-30 09:20:00,Visa,574.2800
6406,6360,2025-08-30 12:42:00,Mastercard,1070.9000
6407,6068,2025-08-31 06:47:00,ACH / Check,416.5100
6408,6130,2025-08-31 12:23:00,ACH / Check,388.2800
6409,6038,2025-08-31 12:53:00,ACH / Check,358.1300
6410,5982,2025-09-01 16:37:00,ACH / Check,317.4600
6411,6363,2025-09-02 08:37:00,Visa,405.2400
6412,6365,2025-09-02 09:25:00,Mastercard,272.3500
6413,6362,2025-09-02 10:28:00,Debit Card,821.9300
6414,6370,2025-09-02 12:15:00,Cash,339.42
6415,6370,2025-09-02 12:16:00,Visa,896.0500
6416,6368,2025-09-02 12:44:00,Cash,498.9500
6417,5958,2025-09-02 12:57:00,ACH / Check,243.2400
6418,6367,2025-09-02 13:11:00,Visa,249.1500
6419,6372,2025-09-02 13:41:00,Cash,345.2400
6420,6369,2025-09-02 14:05:00,Visa,596.8200
6421,6373,2025-09-02 14:32:00,Mastercard,1550.6200
6422,6371,2025-09-02 14:49:00,Visa,150.0000
6423,6374,2025-09-02 14:55:00,Debit Card,602.0700
6424,6378,2025-09-02 16:00:00,Mobile Wallet,110.3500
6425,6377,2025-09-02 16:06:00,Cash,311.4300
6426,6375,2025-09-02 16:22:00,Cash,410.6300
6427,6381,2025-09-02 16:53:00,Mobile Wallet,141.0800
6428,6382,2025-09-03 08:07:00,Debit Card,502.9500
6429,6384,2025-09-03 09:51:00,Mastercard,251.4300
6430,6380,2025-09-03 10:26:00,Cash,369.2300
6431,6387,2025-09-03 10:36:00,Discover,232.5300
6432,6383,2025-09-03 10:37:00,American Express,258.8900
6433,6385,2025-09-03 10:58:00,Visa,75.0000
6434,6386,2025-09-03 11:14:00,Visa,406.6800
6435,6391,2025-09-03 12:04:00,Cash,365.0600
6436,6390,2025-09-03 12:23:00,American Express,605.3300
6437,6388,2025-09-03 12:28:00,Visa,112.5000
6438,6394,2025-09-03 13:08:00,Mastercard,258.8200
6439,6392,2025-09-03 13:56:00,Debit Card,515.5900
6440,6395,2025-09-03 14:13:00,Visa,991.1700
6441,5932,2025-09-03 14:20:00,ACH / Check,135.0800
6442,6396,2025-09-03 14:39:00,Mastercard,112.5000
6443,6393,2025-09-03 14:44:00,Visa,382.5300
6444,6398,2025-09-03 15:03:00,Mobile Wallet,135.0800
6445,6399,2025-09-03 16:13:00,Visa,445.8600
6446,6400,2025-09-03 16:14:00,Visa,160.9700
6447,5939,2025-09-04 07:22:00,ACH / Check,135.0800
6448,6403,2025-09-04 10:52:00,Mastercard,141.0800
6449,6215,2025-09-04 11:27:00,ACH / Check,358.3100
6450,6404,2025-09-04 12:18:00,Visa,270.1500
6451,6405,2025-09-04 12:30:00,American Express,1550.6200
6452,6407,2025-09-04 14:21:00,Mastercard,135.0800
6453,6409,2025-09-04 14:46:00,Visa,514.3100
6454,6406,2025-09-04 14:56:00,Debit Card,1095.9000
6455,6408,2025-09-04 14:59:00,Debit Card,1040.1300
6456,6099,2025-09-04 15:34:00,ACH / Check,358.1300
6457,5996,2025-09-05 09:27:00,ACH / Check,270.0800
6458,6410,2025-09-05 09:28:00,American Express,1456.1800
6459,6234,2025-09-05 09:48:00,ACH / Check,337.5800
6460,6412,2025-09-05 10:22:00,Mobile Wallet,868.7400
6461,6415,2025-09-05 11:14:00,Visa,125.0000
6462,6416,2025-09-05 11:20:00,Mastercard,373.1300
6463,6417,2025-09-05 11:34:00,Debit Card,358.3100
6464,6414,2025-09-05 11:39:00,Mastercard,110.3500
6465,6419,2025-09-05 12:38:00,Visa,270.1200
6466,6418,2025-09-05 12:51:00,Mastercard,613.1300
6467,6421,2025-09-05 16:07:00,Visa,455.9500
6468,6422,2025-09-05 16:34:00,Visa,355.9700
6469,6420,2025-09-05 17:11:00,Debit Card,423.9500
6470,6424,2025-09-06 11:27:00,Visa,341.7800
6471,6425,2025-09-06 12:00:00,Visa,470.8500
6472,6427,2025-09-06 13:35:00,Visa,1693.1500
6473,5943,2025-09-07 13:38:00,ACH / Check,265.6100
6474,6428,2025-09-08 10:25:00,Visa,324.1500
6475,6429,2025-09-08 10:38:00,Visa,292.5300
6476,6430,2025-09-08 11:03:00,Mobile Wallet,142.5300
6477,6432,2025-09-08 11:41:00,Debit Card,141.0800
6478,6436,2025-09-08 13:18:00,Visa,397.8600
6479,6434,2025-09-08 13:32:00,Mastercard,206.3300
6480,6437,2025-09-08 16:16:00,Debit Card,1182.1800
6481,6438,2025-09-08 16:51:00,Debit Card,1095.9000
6482,6064,2025-09-08 18:20:00,ACH / Check,372.5600
6483,6441,2025-09-09 08:28:00,Mobile Wallet,1182.1800
6484,6439,2025-09-09 10:21:00,American Express,347.3500
6485,6442,2025-09-09 10:32:00,Visa,125.0000
6486,6443,2025-09-09 11:21:00,Visa,141.0800
6487,6449,2025-09-09 14:16:00,Mastercard,1095.9000
6488,6444,2025-09-09 14:41:00,Mastercard,358.1300
6489,6446,2025-09-09 15:06:00,Visa,412.6800
6490,6445,2025-09-09 15:29:00,Visa,272.3500
6491,6448,2025-09-09 15:29:00,Debit Card,129.8200
6492,6451,2025-09-09 15:52:00,Visa,630.3300
6493,6452,2025-09-09 17:23:00,Mobile Wallet,76.5500
6494,6455,2025-09-10 08:25:00,Cash,105.8500
6495,6453,2025-09-10 09:07:00,Visa,596.8200
6496,6454,2025-09-10 09:58:00,Cash,297.1800
6497,6266,2025-09-10 10:01:00,ACH / Check,1498.1200
6498,6457,2025-09-10 11:18:00,Visa,182.2500
6499,6460,2025-09-10 12:33:00,Debit Card,202.5000
6500,6458,2025-09-10 12:55:00,Visa,707.1700
6501,6459,2025-09-10 13:09:00,American Express,405.1200
6502,6463,2025-09-10 13:19:00,Mastercard,1235.4700
6503,6461,2025-09-10 13:44:00,Visa,266.7100
6504,6462,2025-09-10 14:31:00,Visa,409.9400
6505,6464,2025-09-10 14:50:00,Debit Card,344.8200
6506,6467,2025-09-10 15:29:00,Visa,474.9400
6507,6466,2025-09-10 15:54:00,Mobile Wallet,75.0000
6508,6469,2025-09-10 16:26:00,American Express,172.2300
6509,6468,2025-09-10 17:01:00,Cash,527.74
6510,6468,2025-09-10 17:02:00,Visa,568.1600
6511,6366,2025-09-11 07:37:00,ACH / Check,135.0800
6512,6128,2025-09-11 07:51:00,ACH / Check,1035.9000
6513,6472,2025-09-11 08:49:00,Mobile Wallet,321.9300
6514,6249,2025-09-11 10:04:00,ACH / Check,202.5800
6515,6470,2025-09-11 10:49:00,Debit Card,185.7100
6516,6474,2025-09-11 11:12:00,Cash,320.7100
6517,6473,2025-09-11 11:27:00,Mobile Wallet,357.9700
6518,6475,2025-09-11 11:38:00,Discover,129.8200
6519,6289,2025-09-11 11:41:00,ACH / Check,358.3100
6520,6479,2025-09-11 11:41:00,Mastercard,202.5800
6521,6478,2025-09-11 12:14:00,Mastercard,281.4200
6522,6480,2025-09-11 12:51:00,Debit Card,150.0000
6523,6483,2025-09-11 12:56:00,Mastercard,249.1500
6524,6481,2025-09-11 13:02:00,Cash,141.0800
6525,6258,2025-09-11 13:23:00,ACH / Check,198.0300
6526,6482,2025-09-11 13:44:00,Debit Card,500.7100
6527,6485,2025-09-11 13:52:00,Mobile Wallet,506.8400
6528,6484,2025-09-11 13:58:00,Mobile Wallet,373.1300
6529,6486,2025-09-11 14:18:00,Mobile Wallet,90.0000
6530,6487,2025-09-11 15:18:00,Debit Card,358.0000
6531,6217,2025-09-11 16:05:00,ACH / Check,1479.3900
6532,6489,2025-09-12 08:14:00,Debit Card,416.7800
6533,6492,2025-09-12 10:16:00,Visa,322.8600
6534,6491,2025-09-12 10:29:00,Visa,90.0000
6535,6493,2025-09-12 10:52:00,Debit Card,364.3100
6536,6495,2025-09-12 11:18:00,Cash,350.7100
6537,6494,2025-09-12 11:27:00,Debit Card,341.7600
6538,6037,2025-09-12 13:38:00,ACH / Check,358.3100
6539,6496,2025-09-12 14:25:00,Mastercard,733.9100
6540,6497,2025-09-12 16:13:00,Mastercard,373.6100
6541,6498,2025-09-12 16:45:00,Visa,512.3000
6542,6032,2025-09-13 08:46:00,ACH / Check,135.0800
6543,6503,2025-09-13 10:40:00,Mobile Wallet,129.8200
6544,6500,2025-09-13 10:47:00,Cash,90.0000
6545,6499,2025-09-13 11:27:00,Cash,401.7100
6546,6504,2025-09-13 11:31:00,Mobile Wallet,817.0900
6547,6506,2025-09-13 12:08:00,Mastercard,281.4200
6548,6508,2025-09-13 13:35:00,Visa,721.3300
6549,6510,2025-09-13 13:42:00,Visa,141.0800
6550,6227,2025-09-14 08:54:00,ACH / Check,135.0800
6551,6511,2025-09-15 09:25:00,Visa,141.0800
6552,6513,2025-09-15 09:46:00,Cash,54.47
6553,6513,2025-09-15 09:47:00,Debit Card,146.2400
6554,6512,2025-09-15 10:13:00,Visa,420.1200
6555,6518,2025-09-15 10:13:00,Discover,349.2600
6556,6519,2025-09-15 11:01:00,Visa,315.1900
6557,6514,2025-09-15 11:07:00,Visa,701.9300
6558,6517,2025-09-15 11:17:00,Cash,234.1500
6559,6521,2025-09-15 12:12:00,Visa,403.2500
6560,6520,2025-09-15 12:44:00,Debit Card,150.0000
6561,6523,2025-09-15 14:02:00,American Express,396.3200
6562,6522,2025-09-15 14:28:00,Debit Card,247.3500
6563,6524,2025-09-15 14:36:00,American Express,341.7600
6564,6525,2025-09-15 15:30:00,Cash,249.1500
6565,6528,2025-09-15 16:38:00,Debit Card,410.6300
6566,6326,2025-09-15 16:38:00,ACH / Check,1103.4000
6567,6260,2025-09-15 18:58:00,ACH / Check,240.9300
6568,6176,2025-09-16 07:09:00,ACH / Check,135.0800
6569,6532,2025-09-16 08:46:00,Debit Card,1426.6400
6570,6529,2025-09-16 08:59:00,Visa,403.2500
6571,6530,2025-09-16 09:33:00,Cash,345.46
6572,6530,2025-09-16 09:34:00,Visa,251.3600
6573,6531,2025-09-16 09:53:00,Mastercard,232.5300
6574,6533,2025-09-16 10:10:00,Cash,179.7300
6575,6536,2025-09-16 10:31:00,American Express,67.5000
6576,6143,2025-09-16 10:36:00,ACH / Check,202.5800
6577,6537,2025-09-16 11:09:00,Visa,255.2400
6578,6540,2025-09-16 12:39:00,Visa,1426.6400
6579,6539,2025-09-16 13:15:00,American Express,341.7600
6580,6402,2025-09-16 14:53:00,ACH / Check,135.0800
6581,6543,2025-09-16 15:21:00,Mobile Wallet,232.5300
6582,6541,2025-09-16 15:29:00,Visa,315.1900
6583,6542,2025-09-16 15:47:00,Debit Card,90.0000
6584,6544,2025-09-16 16:08:00,American Express,341.7600
6585,6547,2025-09-17 09:46:00,Mastercard,471.5800
6586,6546,2025-09-17 09:48:00,Debit Card,630.5400
6587,6545,2025-09-17 09:51:00,Mastercard,1257.1800
6588,6304,2025-09-17 10:16:00,ACH / Check,265.6100
6589,6177,2025-09-17 11:34:00,ACH / Check,135.0800
6590,6549,2025-09-17 12:45:00,Visa,360.2500
6591,6550,2025-09-17 12:54:00,Visa,344.4200
6592,6552,2025-09-17 15:26:00,Debit Card,630.5700
6593,6553,2025-09-17 15:57:00,Visa,141.0800
6594,6554,2025-09-17 16:10:00,American Express,240.0000
6595,6556,2025-09-18 07:49:00,Discover,1229.3800
6596,6555,2025-09-18 07:57:00,Mastercard,493.2500
6597,6561,2025-09-18 09:45:00,Cash,73.31
6598,6561,2025-09-18 09:46:00,Visa,229.0100
6599,6560,2025-09-18 10:01:00,Debit Card,737.8900
6600,6557,2025-09-18 10:16:00,Visa,686.8200
6601,6565,2025-09-18 10:30:00,Mastercard,129.8200
6602,6563,2025-09-18 10:44:00,Mobile Wallet,318.5000
6603,6558,2025-09-18 10:47:00,Debit Card,355.9700
6604,6564,2025-09-18 10:54:00,Visa,129.8200
6605,6566,2025-09-18 10:55:00,Mobile Wallet,358.3100
6606,6116,2025-09-18 12:17:00,ACH / Check,288.1200
6607,6567,2025-09-18 14:35:00,Discover,388.2800
6608,6568,2025-09-18 14:50:00,Mastercard,129.8200
6609,6570,2025-09-18 15:09:00,Visa,364.3100
6610,6569,2025-09-18 15:53:00,Visa,283.5800
6611,6572,2025-09-19 09:24:00,Visa,364.3100
6612,6571,2025-09-19 09:54:00,Debit Card,562.7000
6613,6573,2025-09-19 10:25:00,Mastercard,373.1300
6614,6574,2025-09-19 11:59:00,Visa,76.5500
6615,6576,2025-09-19 12:51:00,Mobile Wallet,293.0600
6616,6577,2025-09-19 14:07:00,Mobile Wallet,335.4600
6617,6580,2025-09-19 14:24:00,Mastercard,1651.6400
6618,6579,2025-09-19 14:25:00,Visa,260.3500
6619,6578,2025-09-19 14:51:00,Mastercard,141.0800
6620,6582,2025-09-19 15:33:00,Visa,341.7600
6621,6581,2025-09-19 17:08:00,Debit Card,150.0000
6622,6584,2025-09-19 17:23:00,Mobile Wallet,341.7600
6623,6586,2025-09-20 09:45:00,Cash,281.4200
6624,6587,2025-09-20 10:25:00,Visa,321.9300
6625,6583,2025-09-20 10:34:00,Visa,331.7900
6626,6585,2025-09-20 11:51:00,Discover,731.7400
6627,6588,2025-09-20 12:00:00,Visa,141.0800
6628,6590,2025-09-20 12:38:00,Cash,445.8100
6629,6589,2025-09-20 13:24:00,Mastercard,240.8500
6630,6202,2025-09-21 07:56:00,ACH / Check,186.8500
6631,6104,2025-09-21 19:23:00,ACH / Check,996.5600
6632,6591,2025-09-22 07:46:00,Visa,542.0900
6633,6389,2025-09-22 09:13:00,ACH / Check,569.8200
6634,6595,2025-09-22 09:54:00,Mobile Wallet,341.7600
6635,6594,2025-09-22 09:56:00,Visa,141.0800
6636,6596,2025-09-22 10:22:00,Visa,315.1700
6637,6277,2025-09-22 11:31:00,ACH / Check,358.3100
6638,6597,2025-09-22 12:00:00,Visa,281.4200
6639,6600,2025-09-22 12:13:00,Mobile Wallet,1103.6700
6640,6598,2025-09-22 13:00:00,Mastercard,596.8200
6641,6601,2025-09-22 13:30:00,Mobile Wallet,129.8200
6642,6603,2025-09-22 13:57:00,Mobile Wallet,403.2500
6643,6602,2025-09-22 14:19:00,American Express,151.9800
6644,6605,2025-09-22 14:33:00,Debit Card,354.8200
6645,6604,2025-09-22 15:22:00,Visa,258.8900
6646,6607,2025-09-22 17:13:00,Mobile Wallet,90.0000
6647,6609,2025-09-23 09:51:00,Mobile Wallet,141.0800
6648,6608,2025-09-23 10:03:00,Visa,3204.2700
6649,6611,2025-09-23 10:10:00,American Express,277.5000
6650,6613,2025-09-23 10:27:00,Cash,219.8200
6651,6612,2025-09-23 10:53:00,Debit Card,191.3300
6652,6615,2025-09-23 11:23:00,Visa,142.5300
6653,6303,2025-09-23 12:58:00,ACH / Check,1127.1800
6654,6619,2025-09-23 13:48:00,Mastercard,814.4600
6655,6616,2025-09-23 14:03:00,Discover,632.4700
6656,6617,2025-09-23 14:23:00,Visa,219.8200
6657,6618,2025-09-23 15:07:00,Visa,141.0800
6658,6620,2025-09-23 15:48:00,Cash,99.59
6659,6620,2025-09-23 15:49:00,Mastercard,273.5400
6660,6283,2025-09-24 08:34:00,ACH / Check,358.1300
6661,6623,2025-09-24 10:19:00,Mobile Wallet,141.0800
6662,6624,2025-09-24 10:44:00,Mastercard,75.0000
6663,6622,2025-09-24 11:12:00,Visa,249.8500
6664,6625,2025-09-24 11:26:00,Debit Card,130.5300
6665,6626,2025-09-24 13:53:00,Mobile Wallet,221.4200
6666,6627,2025-09-24 14:05:00,Discover,547.2800
6667,6628,2025-09-24 15:31:00,Mobile Wallet,585.3300
6668,6629,2025-09-24 17:22:00,Mobile Wallet,416.0600
6669,6631,2025-09-25 09:12:00,Cash,596.8200
6670,6633,2025-09-25 10:05:00,Visa,335.4600
6671,6632,2025-09-25 10:15:00,Cash,373.1300
6672,6635,2025-09-25 10:55:00,Cash,216.0800
6673,6636,2025-09-25 11:04:00,Visa,896.9300
6674,6630,2025-09-25 11:15:00,Debit Card,449.8600
6675,6634,2025-09-25 11:36:00,Mobile Wallet,464.1600
6676,6638,2025-09-25 12:43:00,Cash,141.0800
6677,6637,2025-09-25 12:46:00,American Express,270.1200
6678,6639,2025-09-25 12:46:00,Visa,596.8200
6679,6640,2025-09-25 12:59:00,Visa,574.2800
6680,6641,2025-09-25 13:30:00,Mobile Wallet,373.1300
6681,6642,2025-09-25 13:52:00,Mastercard,373.1300
6682,6644,2025-09-25 15:24:00,Visa,565.0100
6683,6646,2025-09-25 16:07:00,Visa,296.4200
6684,6647,2025-09-25 16:29:00,Visa,81.0000
6685,6650,2025-09-26 09:01:00,Debit Card,524.8600
6686,6651,2025-09-26 09:08:00,Mastercard,141.0800
6687,6652,2025-09-26 09:30:00,Visa,141.0800
6688,6649,2025-09-26 09:39:00,Visa,141.0800
6689,6654,2025-09-26 10:51:00,Debit Card,373.1300
6690,6423,2025-09-26 10:57:00,ACH / Check,135.0800
6691,6653,2025-09-26 12:18:00,Visa,596.8200
6692,6655,2025-09-26 12:39:00,Mastercard,686.8200
6693,6657,2025-09-26 12:57:00,Debit Card,341.7600
6694,6658,2025-09-26 13:54:00,Cash,168.4700
6695,6660,2025-09-26 14:43:00,Debit Card,1559.8500
6696,6662,2025-09-26 15:37:00,Cash,141.0800
6697,6661,2025-09-26 16:19:00,Visa,129.8200
6698,6411,2025-09-26 16:35:00,ACH / Check,493.3800
6699,6225,2025-09-27 11:23:00,ACH / Check,265.6100
6700,6666,2025-09-27 13:09:00,Mastercard,311.4300
6701,6665,2025-09-27 13:35:00,Mastercard,373.1300
6702,6668,2025-09-29 10:37:00,Mobile Wallet,206.3300
6703,6671,2025-09-29 10:55:00,Cash,100.52
6704,6435,2025-09-29 10:55:00,ACH / Check,358.3100
6705,6671,2025-09-29 10:56:00,Debit Card,169.6300
6706,6670,2025-09-29 11:15:00,Cash,129.8200
6707,6669,2025-09-29 12:20:00,Visa,335.4600
6708,6674,2025-09-29 13:07:00,Visa,90.0000
6709,6505,2025-09-29 13:21:00,ACH / Check,263.4200
6710,6673,2025-09-29 13:34:00,Visa,574.2800
6711,6676,2025-09-29 13:36:00,Visa,373.1300
6712,6675,2025-09-29 14:10:00,Visa,341.7600
6713,6677,2025-09-29 16:06:00,Visa,373.1300
6714,6679,2025-09-29 16:49:00,Debit Card,403.2500
6715,6680,2025-09-30 08:36:00,Debit Card,720.3300
6716,6682,2025-09-30 09:26:00,Mobile Wallet,90.0000
6717,6313,2025-09-30 09:43:00,ACH / Check,432.1900
6718,6681,2025-09-30 11:10:00,Debit Card,129.8200
6719,6678,2025-09-30 11:25:00,Visa,733.9100
6720,6516,2025-09-30 11:51:00,ACH / Check,1172.0200
6721,6684,2025-09-30 12:43:00,Visa,448.0000
6722,6685,2025-09-30 12:46:00,Debit Card,129.8200
6723,6686,2025-09-30 13:08:00,Mastercard,684.6300
6724,6687,2025-09-30 14:45:00,Mobile Wallet,373.6200
6725,6688,2025-09-30 14:56:00,Mastercard,358.1300
6726,6690,2025-10-01 11:17:00,Mastercard,225.0000
6727,6696,2025-10-01 12:19:00,Mobile Wallet,75.0000
6728,6697,2025-10-01 12:57:00,Visa,1351.0700
6729,6698,2025-10-01 13:22:00,Visa,243.8300
6730,6699,2025-10-01 13:42:00,Mastercard,373.1300
6731,6703,2025-10-01 13:56:00,Visa,129.8200
6732,6700,2025-10-01 14:01:00,Visa,179.7300
6733,6702,2025-10-01 14:54:00,Debit Card,81.0000
6734,6426,2025-10-01 14:59:00,ACH / Check,81.0000
6735,6509,2025-10-01 15:05:00,ACH / Check,409.9400
6736,6705,2025-10-01 15:22:00,Visa,150.0000
6737,6704,2025-10-01 15:28:00,Visa,794.1000
6738,6706,2025-10-01 17:22:00,Mobile Wallet,357.8500
6739,6379,2025-10-01 18:31:00,ACH / Check,1221.6100
6740,6707,2025-10-02 08:33:00,Visa,219.8200
6741,6708,2025-10-02 09:58:00,Cash,110.3500
6742,6551,2025-10-02 09:58:00,ACH / Check,321.8500
6743,6710,2025-10-02 10:33:00,American Express,682.3600
6744,6709,2025-10-02 11:13:00,Visa,341.7600
6745,6361,2025-10-02 12:36:00,ACH / Check,358.1300
6746,6593,2025-10-02 13:39:00,ACH / Check,266.7100
6747,6712,2025-10-02 14:09:00,Visa,664.3200
6748,6711,2025-10-02 14:24:00,American Express,231.0800
6749,6714,2025-10-02 15:43:00,Visa,206.3300
6750,6713,2025-10-02 15:49:00,Discover,322.8600
6751,6716,2025-10-02 16:43:00,Visa,350.7100
6752,6717,2025-10-02 16:47:00,Visa,354.8200
6753,6715,2025-10-02 16:59:00,Mastercard,241.9800
6754,6719,2025-10-03 09:20:00,Mobile Wallet,543.2900
6755,6718,2025-10-03 10:02:00,Mastercard,151.9800
6756,6231,2025-10-03 10:50:00,ACH / Check,344.4200
6757,6721,2025-10-03 10:52:00,American Express,141.0800
6758,6722,2025-10-03 11:53:00,Debit Card,200.7100
6759,6724,2025-10-03 12:30:00,Mobile Wallet,129.8200
6760,6723,2025-10-03 12:56:00,Visa,596.8200
6761,6726,2025-10-03 14:00:00,American Express,90.0000
6762,6727,2025-10-03 14:33:00,Visa,141.0800
6763,6725,2025-10-03 14:39:00,Mastercard,191.0800
6764,6295,2025-10-03 15:11:00,ACH / Check,130.5300
6765,6310,2025-10-03 15:57:00,ACH / Check,344.4200
6766,6729,2025-10-03 16:11:00,Mobile Wallet,142.5300
6767,6728,2025-10-03 16:17:00,Visa,348.8900
6768,6730,2025-10-03 16:35:00,Cash,245.1500
6769,6413,2025-10-04 09:35:00,ACH / Check,135.0000
6770,6732,2025-10-04 10:55:00,American Express,341.7800
6771,6735,2025-10-04 11:57:00,Discover,90.0000
6772,6734,2025-10-04 12:08:00,Mobile Wallet,596.8200
6773,6733,2025-10-04 12:51:00,Mastercard,129.8200
6774,6507,2025-10-04 13:07:00,ACH / Check,1035.9000
6775,6737,2025-10-04 13:21:00,Visa,686.8200
6776,6358,2025-10-04 14:54:00,ACH / Check,202.5800
6777,6599,2025-10-05 08:58:00,ACH / Check,569.8200
6778,6656,2025-10-05 12:08:00,ACH / Check,135.0800
6779,6743,2025-10-06 09:01:00,Visa,141.0800
6780,6477,2025-10-06 09:04:00,ACH / Check,135.0800
6781,6739,2025-10-06 09:04:00,Mobile Wallet,465.0000
6782,6610,2025-10-06 10:08:00,ACH / Check,135.0800
6783,6745,2025-10-06 10:27:00,Debit Card,498.9300
6784,6741,2025-10-06 10:36:00,Visa,90.0000
6785,6738,2025-10-06 10:49:00,Discover,219.8200
6786,6746,2025-10-06 11:03:00,Visa,272.3500
6787,6502,2025-10-06 11:05:00,ACH / Check,249.8500
6788,6740,2025-10-06 11:06:00,Debit Card,266.7100
6789,6744,2025-10-06 11:13:00,Visa,378.2000
6790,6747,2025-10-06 11:14:00,Visa,129.8200
6791,6736,2025-10-06 11:26:00,American Express,251.4300
6792,6749,2025-10-06 12:10:00,Visa,445.8100
6793,6748,2025-10-06 12:25:00,Visa,141.0800
6794,6751,2025-10-06 12:27:00,Visa,187.5000
6795,6282,2025-10-06 12:52:00,ACH / Check,536.0400
6796,6364,2025-10-06 14:21:00,ACH / Check,135.0800
6797,6753,2025-10-06 14:34:00,Debit Card,1463.5400
6798,6755,2025-10-06 16:31:00,Mastercard,221.4300
6799,6756,2025-10-06 17:19:00,Mastercard,416.4200
6800,6471,2025-10-06 18:04:00,ACH / Check,210.4800
6801,6759,2025-10-07 08:42:00,Mastercard,129.8200
6802,6760,2025-10-07 10:02:00,Visa,141.0800
6803,6762,2025-10-07 10:25:00,Cash,206.3300
6804,6761,2025-10-07 10:44:00,Cash,364.3100
6805,6765,2025-10-07 12:29:00,Visa,90.0000
6806,6769,2025-10-07 12:34:00,Visa,135.0800
6807,6771,2025-10-07 13:34:00,Mobile Wallet,373.1300
6808,6767,2025-10-07 13:39:00,Visa,403.2500
6809,6768,2025-10-07 13:42:00,Cash,373.1300
6810,6772,2025-10-07 13:56:00,Mastercard,814.4600
6811,6397,2025-10-07 14:41:00,ACH / Check,569.8200
6812,6770,2025-10-07 14:43:00,Visa,563.0400
6813,6773,2025-10-07 15:36:00,Mobile Wallet,200.0000
6814,6774,2025-10-07 16:24:00,Cash,97.5000
6815,6775,2025-10-07 16:37:00,Mastercard,427.9400
6816,6776,2025-10-07 17:24:00,Debit Card,123.8200
6817,6777,2025-10-08 09:37:00,Visa,1660.9700
6818,6780,2025-10-08 11:16:00,Mastercard,684.6300
6819,6779,2025-10-08 11:18:00,Visa,563.0400
6820,6778,2025-10-08 11:34:00,American Express,1775.6200
6821,6286,2025-10-08 11:36:00,ACH / Check,135.0800
6822,6284,2025-10-08 11:44:00,ACH / Check,216.0800
6823,6783,2025-10-08 13:51:00,Debit Card,358.1300
6824,6784,2025-10-08 13:59:00,Visa,549.2800
6825,6782,2025-10-08 14:37:00,Visa,416.7600
6826,6781,2025-10-08 14:50:00,Debit Card,789.6700
6827,6786,2025-10-08 15:15:00,Mobile Wallet,141.0800
6828,6785,2025-10-08 15:42:00,Mobile Wallet,123.8200
6829,6787,2025-10-08 17:07:00,Visa,75.0000
6830,6376,2025-10-08 17:27:00,ACH / Check,191.3300
6831,6693,2025-10-09 07:49:00,ACH / Check,547.2800
6832,6535,2025-10-09 09:35:00,ACH / Check,135.0800
6833,6789,2025-10-09 10:27:00,Visa,281.4200
6834,6788,2025-10-09 10:27:00,Cash,596.8200
6835,6790,2025-10-09 10:50:00,Visa,129.8200
6836,6791,2025-10-09 12:25:00,Debit Card,364.3100
6837,6526,2025-10-09 12:30:00,ACH / Check,135.0800
6838,6792,2025-10-09 12:48:00,Mastercard,135.0800
6839,6793,2025-10-09 13:26:00,Debit Card,367.2300
6840,6433,2025-10-09 13:28:00,ACH / Check,249.8500
6841,6795,2025-10-09 13:38:00,American Express,251.4300
6842,6794,2025-10-09 14:01:00,Visa,110.3500
6843,6648,2025-10-09 14:29:00,ACH / Check,585.3300
6844,6645,2025-10-09 14:52:00,ACH / Check,216.0800
6845,6800,2025-10-09 15:07:00,Visa,275.3800
6846,6354,2025-10-09 15:33:00,ACH / Check,135.0800
6847,6801,2025-10-09 15:59:00,Mobile Wallet,722.2200
6848,6802,2025-10-09 16:20:00,Visa,168.7500
6849,6803,2025-10-10 09:24:00,Debit Card,141.0800
6850,6804,2025-10-10 11:21:00,Visa,129.8200
6851,6331,2025-10-10 11:27:00,ACH / Check,216.0800
6852,6465,2025-10-10 12:27:00,ACH / Check,358.1300
6853,6694,2025-10-10 12:56:00,ACH / Check,105.8500
6854,6805,2025-10-10 14:19:00,Visa,142.5300
6855,6806,2025-10-10 15:24:00,Mastercard,373.1300
6856,6807,2025-10-10 16:08:00,Mobile Wallet,521.4700
6857,6809,2025-10-10 16:27:00,Mastercard,221.4300
6858,6456,2025-10-11 07:25:00,ACH / Check,211.5300
6859,6808,2025-10-11 08:34:00,Mobile Wallet,979.6900
6860,6810,2025-10-11 12:20:00,Mobile Wallet,129.8200
6861,6812,2025-10-11 13:32:00,Visa,150.0000
6862,6811,2025-10-11 13:55:00,Visa,1235.4700
6863,6813,2025-10-13 08:58:00,Mobile Wallet,141.0800
6864,6816,2025-10-13 09:28:00,Visa,797.5200
6865,6501,2025-10-13 09:46:00,ACH / Check,135.0800
6866,6814,2025-10-13 10:58:00,Mobile Wallet,480.3300
6867,6820,2025-10-13 11:00:00,Mastercard,330.5200
6868,6815,2025-10-13 11:00:00,Visa,1325.4700
6869,6822,2025-10-13 14:22:00,Mastercard,789.6700
6870,6825,2025-10-13 14:33:00,Visa,410.6300
6871,6824,2025-10-13 15:11:00,Debit Card,110.3500
6872,6826,2025-10-13 15:40:00,American Express,1861.0700
6873,6827,2025-10-13 17:23:00,Mobile Wallet,277.3200
6874,6488,2025-10-13 17:32:00,ACH / Check,425.6300
6875,6828,2025-10-14 09:06:00,Mobile Wallet,2510.7900
6876,6829,2025-10-14 10:36:00,Mobile Wallet,141.0800
6877,6833,2025-10-14 11:23:00,Visa,123.8200
6878,6832,2025-10-14 12:11:00,Debit Card,1332.1800
6879,6835,2025-10-14 12:16:00,Debit Card,168.4700
6880,6830,2025-10-14 12:34:00,American Express,75.0000
6881,6831,2025-10-14 12:42:00,Cash,385.6300
6882,6834,2025-10-14 12:59:00,Debit Card,135.0800
6883,6838,2025-10-14 13:10:00,Cash,85.65
6884,6838,2025-10-14 13:11:00,Debit Card,166.4700
6885,6841,2025-10-14 13:59:00,Debit Card,129.8200
6886,6840,2025-10-14 14:33:00,Cash,1099.7700
6887,6839,2025-10-14 14:33:00,Visa,141.0800
6888,6842,2025-10-14 14:35:00,Visa,251.4300
6889,6527,2025-10-14 14:44:00,ACH / Check,135.0800
6890,6754,2025-10-14 15:14:00,ACH / Check,252.1500
6891,6843,2025-10-14 15:47:00,Visa,258.8900
6892,6845,2025-10-14 17:00:00,Visa,2829.8500
6893,6844,2025-10-15 08:41:00,Cash,179.99
6894,6844,2025-10-15 08:42:00,Debit Card,266.5200
6895,6850,2025-10-15 11:16:00,Mastercard,728.0400
6896,6849,2025-10-15 11:22:00,Cash,125.55
6897,6849,2025-10-15 11:23:00,Mastercard,90.5300
6898,6848,2025-10-15 11:36:00,Mastercard,958.9100
6899,6846,2025-10-15 11:37:00,Visa,705.5700
6900,6515,2025-10-15 11:54:00,ACH / Check,1340.4700
6901,6851,2025-10-15 13:58:00,Debit Card,179.7300
6902,6852,2025-10-15 14:58:00,Mastercard,1576.0400
6903,6856,2025-10-15 15:29:00,Visa,574.2800
6904,6401,2025-10-15 19:13:00,ACH / Check,560.8100
6905,6440,2025-10-16 07:21:00,ACH / Check,240.9300
6906,6861,2025-10-16 08:29:00,Mobile Wallet,514.2100
6907,6859,2025-10-16 08:34:00,Mobile Wallet,129.8200
6908,6857,2025-10-16 10:00:00,Mobile Wallet,279.8200
6909,6860,2025-10-16 10:48:00,Visa,249.1500
6910,6862,2025-10-16 10:57:00,American Express,255.2400
6911,6863,2025-10-16 11:40:00,Mobile Wallet,1324.7200
6912,6864,2025-10-16 12:08:00,American Express,243.8300
6913,6866,2025-10-16 13:24:00,American Express,281.4200
6914,6867,2025-10-16 14:11:00,Mobile Wallet,1182.1800
6915,6869,2025-10-16 15:10:00,Mobile Wallet,141.0800
6916,6870,2025-10-16 15:15:00,Mobile Wallet,141.0800
6917,6868,2025-10-16 15:37:00,Mastercard,1205.4700
6918,6874,2025-10-17 09:08:00,Debit Card,258.8900
6919,6873,2025-10-17 09:10:00,Visa,281.4200
6920,6763,2025-10-17 10:29:00,ACH / Check,1176.8800
6921,6875,2025-10-17 10:41:00,Mobile Wallet,141.0800
6922,6878,2025-10-17 12:59:00,Mobile Wallet,129.8200
6923,6877,2025-10-17 13:04:00,Cash,403.2500
6924,6879,2025-10-17 13:24:00,Cash,401.0600
6925,6880,2025-10-17 13:39:00,Visa,129.8200
6926,6881,2025-10-17 14:26:00,Mastercard,315.1500
6927,6882,2025-10-17 15:15:00,Cash,821.8200
6928,6758,2025-10-17 15:30:00,ACH / Check,416.5100
6929,6883,2025-10-17 15:42:00,Debit Card,81.0000
6930,6884,2025-10-17 15:59:00,Debit Card,371.4200
6931,6886,2025-10-18 09:10:00,Cash,68.64
6932,6886,2025-10-18 09:11:00,Mastercard,61.1800
6933,6887,2025-10-18 10:37:00,Cash,281.4200
6934,6562,2025-10-18 11:37:00,ACH / Check,81.0000
6935,6891,2025-10-18 12:07:00,Mastercard,373.1300
6936,6892,2025-10-18 12:18:00,American Express,316.5500
6937,6893,2025-10-18 12:35:00,Cash,73.13
6938,6893,2025-10-18 12:36:00,Debit Card,277.2200
6939,6889,2025-10-18 12:52:00,Debit Card,110.3500
6940,6890,2025-10-18 13:27:00,Visa,448.1300
6941,6796,2025-10-18 13:44:00,ACH / Check,135.0800
6942,6643,2025-10-18 15:10:00,ACH / Check,297.1900
6943,6490,2025-10-19 07:53:00,ACH / Check,1182.1800
6944,6701,2025-10-19 12:43:00,ACH / Check,1024.6900
6945,6689,2025-10-19 13:41:00,ACH / Check,81.0000
6946,6757,2025-10-19 18:35:00,ACH / Check,371.4600
6947,6895,2025-10-20 08:04:00,Debit Card,731.7400
6948,6538,2025-10-20 08:33:00,ACH / Check,321.9300
6949,6896,2025-10-20 09:39:00,Mastercard,151.9800
6950,6897,2025-10-20 09:40:00,Mastercard,446.5100
6951,6898,2025-10-20 09:49:00,Debit Card,110.3500
6952,6894,2025-10-20 10:29:00,Debit Card,150.0000
6953,6621,2025-10-20 10:39:00,ACH / Check,358.3100
6954,6900,2025-10-20 11:49:00,American Express,75.0000
6955,6902,2025-10-20 12:17:00,Debit Card,129.8200
6956,6904,2025-10-20 13:00:00,Cash,671.9300
6957,6903,2025-10-20 13:23:00,Visa,270.1200
6958,6908,2025-10-20 13:43:00,Visa,350.7100
6959,6447,2025-10-20 13:56:00,ACH / Check,1114.6800
6960,6905,2025-10-20 14:18:00,American Express,129.8200
6961,6910,2025-10-20 14:25:00,Visa,379.3100
6962,6909,2025-10-20 14:42:00,Mobile Wallet,341.7600
6963,6911,2025-10-20 14:46:00,Visa,82.5000
6964,6907,2025-10-20 15:07:00,Visa,240.1700
6965,6906,2025-10-20 15:23:00,Discover,141.0800
6966,6913,2025-10-20 15:35:00,Visa,267.8500
6967,6914,2025-10-20 16:50:00,Visa,373.1300
6968,6917,2025-10-21 10:00:00,Mastercard,168.4700
6969,6818,2025-10-21 10:22:00,ACH / Check,450.3300
6970,6919,2025-10-21 10:54:00,Visa,186.8500
6971,6918,2025-10-21 11:38:00,Cash,230.19
6972,6918,2025-10-21 11:39:00,Visa,344.0900
6973,6921,2025-10-21 12:13:00,Visa,300.0000
6974,6920,2025-10-21 12:51:00,Cash,133.77
6975,6920,2025-10-21 12:52:00,Visa,297.9900
6976,6923,2025-10-21 15:12:00,Discover,341.7800
6977,6924,2025-10-21 15:23:00,Mobile Wallet,808.9100
6978,6925,2025-10-21 15:45:00,American Express,324.1500
6979,6450,2025-10-21 15:49:00,ACH / Check,1035.9000
6980,6926,2025-10-21 16:55:00,Visa,267.8500
6981,6431,2025-10-22 07:33:00,ACH / Check,569.8200
6982,6720,2025-10-22 08:41:00,ACH / Check,265.6100
6983,6928,2025-10-22 10:36:00,Discover,129.8200
6984,6927,2025-10-22 10:42:00,Cash,3035.7900
6985,6930,2025-10-22 10:48:00,Mobile Wallet,803.1800
6986,6929,2025-10-22 10:52:00,Mobile Wallet,258.8900
6987,6691,2025-10-22 11:21:00,ACH / Check,135.0800
6988,6575,2025-10-22 11:34:00,ACH / Check,265.6100
6989,6933,2025-10-22 14:23:00,American Express,474.6600
6990,6659,2025-10-22 14:48:00,ACH / Check,283.5800
6991,6934,2025-10-22 14:55:00,Mastercard,135.0800
6992,6938,2025-10-22 15:46:00,Debit Card,141.0800
6993,6937,2025-10-22 16:31:00,Visa,403.2500
6994,6935,2025-10-22 16:39:00,Debit Card,272.3500
6995,6939,2025-10-23 10:03:00,American Express,364.3100
6996,6941,2025-10-23 10:31:00,Mobile Wallet,364.3100
6997,6945,2025-10-23 11:54:00,Cash,81.0000
6998,6764,2025-10-23 12:00:00,ACH / Check,81.0000
6999,6942,2025-10-23 12:16:00,Mastercard,75.0000
7000,6947,2025-10-23 12:29:00,Mastercard,179.7300
7001,6946,2025-10-23 12:33:00,Mastercard,1585.3900
7002,6948,2025-10-23 12:33:00,Debit Card,317.4600
7003,6944,2025-10-23 12:47:00,Discover,231.0800
7004,6951,2025-10-23 14:22:00,Mobile Wallet,129.8200
7005,6950,2025-10-23 14:30:00,Debit Card,240.8900
7006,6949,2025-10-23 14:41:00,Mobile Wallet,341.7600
7007,6952,2025-10-23 15:25:00,Discover,148.5000
7008,6954,2025-10-23 17:12:00,Visa,315.1700
7009,6953,2025-10-23 17:26:00,Mobile Wallet,345.2400
7010,6955,2025-10-24 10:17:00,Visa,330.5200
7011,6957,2025-10-24 11:08:00,Debit Card,373.1300
7012,6958,2025-10-24 11:42:00,Mobile Wallet,129.8200
7013,6959,2025-10-24 13:09:00,Mastercard,75.0000
7014,6961,2025-10-24 13:18:00,Mobile Wallet,420.1500
7015,6962,2025-10-24 15:00:00,Mastercard,373.1300
7016,6963,2025-10-24 16:00:00,Debit Card,75.0000
7017,6965,2025-10-24 16:21:00,Visa,574.2800
7018,6968,2025-10-25 10:08:00,Visa,135.0000
7019,6548,2025-10-25 10:23:00,ACH / Check,270.0800
7020,6969,2025-10-25 12:13:00,Discover,142.5300
7021,6971,2025-10-25 12:39:00,Debit Card,364.3100
7022,6972,2025-10-25 12:47:00,Visa,151.9800
7023,6973,2025-10-25 12:50:00,Mobile Wallet,393.9600
7024,6975,2025-10-25 13:03:00,Cash,1325.4700
7025,6858,2025-10-25 13:13:00,ACH / Check,358.1300
7026,6974,2025-10-25 13:56:00,Mobile Wallet,596.8200
7027,6476,2025-10-26 09:19:00,ACH / Check,861.5600
7028,6865,2025-10-26 10:49:00,ACH / Check,202.5800
7029,6836,2025-10-26 12:33:00,ACH / Check,135.0800
7030,6664,2025-10-26 12:59:00,ACH / Check,135.0800
7031,6798,2025-10-26 14:12:00,ACH / Check,637.3200
7032,6980,2025-10-27 08:49:00,Debit Card,1666.6400
7033,6979,2025-10-27 08:55:00,Visa,350.7100
7034,6982,2025-10-27 08:56:00,Visa,411.9200
7035,6888,2025-10-27 09:19:00,ACH / Check,135.0800
7036,6981,2025-10-27 10:10:00,Mobile Wallet,123.8200
7037,6976,2025-10-27 10:50:00,Discover,150.0000
7038,6978,2025-10-27 11:04:00,American Express,135.0800
7039,6985,2025-10-27 12:01:00,Mobile Wallet,312.8500
7040,6987,2025-10-27 12:20:00,Visa,1235.4700
7041,6986,2025-10-27 13:12:00,Cash,129.8200
7042,6988,2025-10-27 13:35:00,Mastercard,596.8200
7043,6990,2025-10-27 14:00:00,Debit Card,617.1900
7044,6989,2025-10-27 14:02:00,Debit Card,750.2500
7045,6991,2025-10-27 15:21:00,Mobile Wallet,731.7400
7046,6992,2025-10-27 15:58:00,Visa,283.6100
7047,6994,2025-10-27 17:13:00,Visa,179.7300
7048,6995,2025-10-28 07:59:00,Mobile Wallet,2829.8500
7049,6993,2025-10-28 08:22:00,Debit Card,202.5000
7050,6996,2025-10-28 08:38:00,Cash,33.13
7051,6996,2025-10-28 08:39:00,Debit Card,101.9500
7052,6997,2025-10-28 09:57:00,Mobile Wallet,311.0600
7053,6998,2025-10-28 11:13:00,Discover,150.0000
7054,6999,2025-10-28 12:11:00,Mobile Wallet,480.5200
7055,7000,2025-10-28 12:20:00,Visa,151.9800
7056,7001,2025-10-28 13:57:00,Mastercard,1235.4700
7057,7003,2025-10-28 15:58:00,Mobile Wallet,746.9300
7058,7005,2025-10-28 16:10:00,Cash,364.3100
7059,7007,2025-10-28 16:39:00,Visa,151.9800
7060,7006,2025-10-28 17:14:00,Visa,172.2300
7061,7008,2025-10-29 08:57:00,Mastercard,123.8200
7062,7009,2025-10-29 09:14:00,Cash,123.8200
7063,6672,2025-10-29 10:17:00,ACH / Check,130.5300
7064,7010,2025-10-29 10:17:00,Visa,521.5100
7065,7014,2025-10-29 11:53:00,Mastercard,200.7100
7066,7011,2025-10-29 12:00:00,Visa,390.2300
7067,7012,2025-10-29 12:03:00,Mobile Wallet,129.8200
7068,7015,2025-10-29 14:10:00,Visa,291.0800
7069,6663,2025-10-29 15:01:00,ACH / Check,207.1200
7070,7016,2025-10-29 15:13:00,Visa,129.8200
7071,6872,2025-10-29 15:24:00,ACH / Check,135.0000
7072,7017,2025-10-29 16:07:00,Cash,2829.8500
7073,7019,2025-10-30 09:12:00,Mastercard,1225.7200
7074,6614,2025-10-30 09:56:00,ACH / Check,135.0800
7075,7020,2025-10-30 10:45:00,Discover,135.0800
7076,7023,2025-10-30 11:40:00,Visa,709.3000
7077,7022,2025-10-30 13:27:00,American Express,344.4300
7078,7025,2025-10-30 13:52:00,Debit Card,243.8300
7079,6559,2025-10-30 15:12:00,ACH / Check,384.8500
7080,7026,2025-10-30 15:20:00,Visa,130.5300
7081,7030,2025-10-30 15:48:00,Visa,200.3500
7082,7029,2025-10-30 15:48:00,Visa,364.3100
7083,7027,2025-10-30 15:58:00,Debit Card,782.1700
7084,7031,2025-10-30 15:58:00,Mastercard,703.6600
7085,7028,2025-10-30 16:36:00,Mobile Wallet,315.1900
7086,6534,2025-10-31 06:30:00,ACH / Check,263.4200
7087,7032,2025-10-31 09:25:00,Visa,290.7100
7088,7033,2025-10-31 10:30:00,Mobile Wallet,258.8900
7089,7036,2025-10-31 11:08:00,Visa,172.2300
7090,7038,2025-10-31 11:31:00,Cash,109.16
7091,7038,2025-10-31 11:32:00,Visa,262.6500
7092,7039,2025-10-31 12:59:00,Visa,342.8500
7093,7037,2025-10-31 13:04:00,Visa,123.8200
7094,7040,2025-10-31 13:24:00,Mastercard,309.0800
7095,7043,2025-10-31 13:45:00,Mastercard,724.2800
7096,7045,2025-10-31 14:05:00,Debit Card,536.0400
7097,7042,2025-10-31 14:16:00,Mastercard,446.5100
7098,7046,2025-10-31 14:20:00,Mastercard,258.8300
7099,7047,2025-10-31 14:45:00,Visa,110.3500
7100,7041,2025-10-31 15:02:00,Debit Card,731.7400
7101,7044,2025-10-31 15:20:00,Mastercard,206.3300
7102,7048,2025-10-31 16:51:00,Mastercard,90.0000
7103,7049,2025-10-31 17:19:00,Visa,251.4300
7104,7051,2025-11-01 13:28:00,Mobile Wallet,427.9400
7105,7054,2025-11-01 13:56:00,Visa,668.0200
7106,6819,2025-11-02 08:10:00,ACH / Check,135.0800
7107,6922,2025-11-02 10:30:00,ACH / Check,547.2800
7108,6606,2025-11-02 12:56:00,ACH / Check,81.0000
7109,6683,2025-11-02 12:56:00,ACH / Check,493.3800
7110,6797,2025-11-02 15:29:00,ACH / Check,358.1300
7111,6592,2025-11-02 15:42:00,ACH / Check,243.2400
7112,7052,2025-11-03 09:16:00,Mastercard,574.2800
7113,7055,2025-11-03 10:14:00,Visa,401.0600
7114,7061,2025-11-03 11:21:00,Debit Card,874.9900
7115,7059,2025-11-03 12:04:00,Debit Card,129.8200
7116,7064,2025-11-03 12:22:00,Visa,844.5600
7117,6667,2025-11-03 12:46:00,ACH / Check,130.5300
7118,7060,2025-11-03 12:53:00,Visa,135.0800
7119,7063,2025-11-03 13:21:00,Mobile Wallet,141.0800
7120,7066,2025-11-03 13:46:00,Mobile Wallet,1022.4500
7121,7067,2025-11-03 15:55:00,Mobile Wallet,491.7800
7122,7070,2025-11-03 16:08:00,Mastercard,399.1500
7123,7071,2025-11-03 16:18:00,Visa,141.0800
7124,7068,2025-11-03 16:32:00,Mobile Wallet,335.4600
7125,7069,2025-11-03 16:56:00,Debit Card,774.9900
7126,7072,2025-11-04 08:34:00,Debit Card,480.3300
7127,7074,2025-11-04 13:29:00,Debit Card,75.0000
7128,7075,2025-11-04 14:45:00,Visa,270.1500
7129,7076,2025-11-04 14:55:00,Mobile Wallet,825.8100
7130,7078,2025-11-04 16:05:00,Mobile Wallet,90.0000
7131,7080,2025-11-04 16:14:00,Visa,281.4200
7132,7079,2025-11-04 16:15:00,Mobile Wallet,150.0000
7133,7081,2025-11-05 08:46:00,American Express,291.0800
7134,7082,2025-11-05 10:31:00,Visa,285.0000
7135,7084,2025-11-05 10:35:00,Mastercard,150.0000
7136,7083,2025-11-05 10:51:00,Discover,385.0600
7137,7085,2025-11-05 10:53:00,Visa,217.5300
7138,7087,2025-11-05 11:59:00,Debit Card,129.8200
7139,7086,2025-11-05 12:12:00,Cash,93.21
7140,7086,2025-11-05 12:13:00,Visa,293.9100
7141,7089,2025-11-05 14:08:00,Visa,141.0800
7142,7088,2025-11-05 14:16:00,Mobile Wallet,283.6100
7143,7090,2025-11-05 15:23:00,Debit Card,357.8500
7144,7093,2025-11-06 09:55:00,Debit Card,561.2200
7145,7092,2025-11-06 10:56:00,Cash,825.8100
7146,7094,2025-11-06 11:26:00,Visa,135.0800
7147,7096,2025-11-06 15:27:00,Debit Card,240.8900
7148,7098,2025-11-06 16:24:00,Debit Card,141.0800
7149,6853,2025-11-06 16:25:00,ACH / Check,401.7800
7150,7097,2025-11-06 16:50:00,Debit Card,129.8200
7151,7099,2025-11-06 16:58:00,Mobile Wallet,358.3100
7152,7101,2025-11-07 08:32:00,Cash,457.7700
7153,7103,2025-11-07 08:45:00,Discover,110.3500
7154,7104,2025-11-07 08:50:00,Debit Card,141.0800
7155,7100,2025-11-07 09:39:00,Mobile Wallet,596.8200
7156,7102,2025-11-07 10:05:00,Mastercard,358.3100
7157,7105,2025-11-07 10:18:00,Cash,281.4200
7158,6752,2025-11-07 10:53:00,ACH / Check,234.1500
7159,6692,2025-11-07 10:54:00,ACH / Check,265.6100
7160,6931,2025-11-07 10:58:00,ACH / Check,135.0800
7161,7107,2025-11-07 11:29:00,Mastercard,253.2300
7162,7109,2025-11-07 12:16:00,Debit Card,129.8200
7163,6750,2025-11-07 12:32:00,ACH / Check,81.0000
7164,7108,2025-11-07 13:13:00,Visa,141.0800
7165,7110,2025-11-07 13:15:00,Visa,255.2400
7166,7111,2025-11-07 14:53:00,Debit Card,129.8200
7167,6964,2025-11-07 15:22:00,ACH / Check,240.8900
7168,6854,2025-11-07 15:45:00,ACH / Check,495.2200
7169,7112,2025-11-07 15:56:00,Cash,218.3200
7170,7114,2025-11-08 10:28:00,Mobile Wallet,408.8900
7171,7115,2025-11-08 10:30:00,Visa,553.2500
7172,7116,2025-11-08 12:53:00,Mastercard,405.2400
7173,7118,2025-11-08 13:56:00,Mastercard,141.0800
7174,6936,2025-11-08 14:01:00,ACH / Check,547.2800
7175,6799,2025-11-09 15:31:00,ACH / Check,135.0800
7176,7120,2025-11-10 09:41:00,Cash,141.0800
7177,6823,2025-11-10 11:18:00,ACH / Check,925.4300
7178,7124,2025-11-10 12:03:00,Visa,81.0000
7179,7122,2025-11-10 12:07:00,Mobile Wallet,141.0800
7180,7125,2025-11-10 12:21:00,Visa,221.3300
7181,7126,2025-11-10 12:29:00,Visa,371.8100
7182,7128,2025-11-10 13:32:00,Mobile Wallet,364.3100
7183,6837,2025-11-10 14:17:00,ACH / Check,135.0800
7184,7129,2025-11-10 14:45:00,Visa,129.8200
7185,7127,2025-11-10 15:17:00,Mastercard,569.8200
7186,7133,2025-11-10 15:23:00,Visa,744.6700
7187,7135,2025-11-10 16:22:00,Visa,358.3100
7188,7136,2025-11-10 16:32:00,Mastercard,168.4700
7189,7134,2025-11-10 16:40:00,Cash,81.28
7190,7134,2025-11-10 16:41:00,Debit Card,177.6100
7191,6695,2025-11-11 09:33:00,ACH / Check,1238.4800
7192,7138,2025-11-11 12:30:00,Discover,129.8200
7193,7139,2025-11-11 13:59:00,Mastercard,301.5500
7194,7141,2025-11-11 15:05:00,Visa,720.3300
7195,7143,2025-11-11 15:22:00,Mastercard,1026.5200
7196,7145,2025-11-11 16:03:00,Debit Card,249.1500
7197,7142,2025-11-11 16:19:00,Visa,251.4300
7198,7147,2025-11-12 10:09:00,Visa,563.0400
7199,6731,2025-11-12 10:56:00,ACH / Check,1249.7600
7200,7149,2025-11-12 10:59:00,Debit Card,76.5500
7201,7150,2025-11-12 11:09:00,Visa,253.2100
7202,7156,2025-11-12 13:36:00,Discover,258.8900
7203,7154,2025-11-12 13:53:00,Mastercard,129.8200
7204,7155,2025-11-12 13:53:00,Mastercard,258.6100
7205,7158,2025-11-12 14:02:00,American Express,1385.4700
7206,7161,2025-11-12 15:13:00,Mobile Wallet,814.2800
7207,7159,2025-11-12 16:31:00,Mastercard,569.8200
7208,7160,2025-11-12 17:13:00,Visa,216.0800
7209,6943,2025-11-13 10:17:00,ACH / Check,135.0800
7210,7166,2025-11-13 11:15:00,American Express,141.0800
7211,7167,2025-11-13 12:03:00,Mobile Wallet,291.0800
7212,7165,2025-11-13 12:35:00,Debit Card,270.1200
7213,7169,2025-11-13 14:40:00,Mobile Wallet,536.0400
7214,6742,2025-11-14 08:25:00,ACH / Check,358.3100
7215,7171,2025-11-14 08:52:00,Mobile Wallet,825.8100
7216,6932,2025-11-14 09:31:00,ACH / Check,216.0800
7217,7170,2025-11-14 10:15:00,Discover,270.1200
7218,7175,2025-11-14 10:17:00,Mobile Wallet,204.8200
7219,7174,2025-11-14 10:28:00,Debit Card,596.8200
7220,7173,2025-11-14 11:29:00,Cash,162.48
7221,7173,2025-11-14 11:30:00,Mastercard,182.7600
7222,7179,2025-11-14 13:08:00,Visa,81.0000
7223,6977,2025-11-14 13:30:00,ACH / Check,243.2400
7224,7178,2025-11-14 14:08:00,Cash,585.3300
7225,7181,2025-11-14 14:16:00,Debit Card,1463.5400
7226,7177,2025-11-14 14:17:00,Mastercard,733.9100
7227,7183,2025-11-14 16:02:00,Debit Card,596.8200
7228,7184,2025-11-14 16:10:00,Debit Card,371.4200
7229,7185,2025-11-14 16:58:00,Debit Card,251.4300
7230,6885,2025-11-14 19:44:00,ACH / Check,297.1900
7231,7186,2025-11-15 10:14:00,Mobile Wallet,90.0000
7232,7187,2025-11-15 10:30:00,Debit Card,281.4200
7233,7188,2025-11-15 11:59:00,American Express,363.5600
7234,6960,2025-11-15 13:27:00,ACH / Check,414.3000
7235,7018,2025-11-15 15:39:00,ACH / Check,135.0000
7236,6821,2025-11-16 08:21:00,ACH / Check,370.2500
7237,7058,2025-11-16 09:58:00,ACH / Check,569.8200
7238,7191,2025-11-17 11:05:00,Cash,33.47
7239,7191,2025-11-17 11:06:00,Debit Card,96.3500
7240,7189,2025-11-17 11:21:00,Visa,1310.4700
7241,7192,2025-11-17 11:32:00,Visa,390.1900
7242,7035,2025-11-17 11:35:00,ACH / Check,67.5000
7243,7194,2025-11-17 13:19:00,Mobile Wallet,733.9100
7244,7195,2025-11-17 14:04:00,Debit Card,129.8200
7245,7199,2025-11-17 14:20:00,Debit Card,580.3800
7246,7196,2025-11-17 14:38:00,American Express,849.7000
7247,7197,2025-11-17 14:56:00,Debit Card,350.7100
7248,7202,2025-11-17 15:02:00,Mobile Wallet,692.3000
7249,7200,2025-11-17 15:11:00,Cash,271.52
7250,7200,2025-11-17 15:12:00,Mastercard,233.7300
7251,7203,2025-11-17 15:21:00,American Express,231.0800
7252,7206,2025-11-17 17:03:00,Debit Card,513.6000
7253,7204,2025-11-17 17:13:00,Debit Card,549.6400
7254,7205,2025-11-17 17:15:00,Discover,150.0000
7255,7208,2025-11-18 09:10:00,Mastercard,380.2400
7256,7209,2025-11-18 09:19:00,Visa,425.7100
7257,7207,2025-11-18 09:34:00,Mastercard,258.8900
7258,7210,2025-11-18 10:22:00,Visa,563.0400
7259,7211,2025-11-18 11:39:00,Cash,559.3000
7260,6855,2025-11-18 13:08:00,ACH / Check,135.0800
7261,7212,2025-11-18 14:16:00,Mobile Wallet,291.0800
7262,7213,2025-11-18 14:51:00,Visa,341.7800
7263,7216,2025-11-18 15:04:00,Mobile Wallet,272.3500
7264,7215,2025-11-18 15:09:00,Visa,315.0000
7265,7217,2025-11-18 15:13:00,Debit Card,671.1000
7266,7214,2025-11-18 15:23:00,Visa,200.7100
7267,7220,2025-11-19 08:43:00,Cash,746.8200
7268,7219,2025-11-19 09:02:00,Visa,148.5800
7269,7222,2025-11-19 09:11:00,Cash,251.4300
7270,6766,2025-11-19 09:58:00,ACH / Check,207.1200
7271,7221,2025-11-19 10:27:00,Visa,129.8200
7272,7223,2025-11-19 11:42:00,Debit Card,547.2800
7273,7225,2025-11-19 13:36:00,Cash,491.7600
7274,7224,2025-11-19 14:03:00,Mobile Wallet,489.9400
7275,7226,2025-11-19 14:58:00,Mastercard,240.0000
7276,7227,2025-11-19 15:43:00,Mastercard,1463.5400
7277,7229,2025-11-19 15:54:00,Mobile Wallet,1095.9000
7278,7230,2025-11-19 16:17:00,Mastercard,129.8200
7279,7233,2025-11-20 08:11:00,Mastercard,566.4200
7280,7232,2025-11-20 08:28:00,Visa,575.5400
7281,6956,2025-11-20 09:04:00,ACH / Check,135.0800
7282,7234,2025-11-20 10:02:00,Mobile Wallet,75.0000
7283,7235,2025-11-20 10:53:00,Visa,141.0800
7284,7236,2025-11-20 11:11:00,Mobile Wallet,142.5300
7285,7238,2025-11-20 12:12:00,Visa,589.3100
7286,7151,2025-11-20 12:51:00,ACH / Check,455.7800
7287,7239,2025-11-20 13:00:00,Visa,315.1900
7288,7240,2025-11-20 13:09:00,Debit Card,341.4300
7289,7140,2025-11-20 13:39:00,ACH / Check,216.0000
7290,7241,2025-11-20 13:52:00,Visa,480.3300
7291,7144,2025-11-20 14:23:00,ACH / Check,265.6100
7292,7242,2025-11-20 14:29:00,Mobile Wallet,367.2300
7293,7244,2025-11-20 14:37:00,Visa,401.4300
7294,7246,2025-11-20 15:21:00,Visa,1245.9000
7295,7243,2025-11-20 15:36:00,American Express,305.2400
7296,7245,2025-11-20 16:44:00,Visa,335.4600
7297,6871,2025-11-20 18:23:00,ACH / Check,409.9400
7298,7247,2025-11-21 09:13:00,Discover,129.8200
7299,7249,2025-11-21 10:08:00,Mobile Wallet,151.9800
7300,7248,2025-11-21 10:30:00,Mobile Wallet,87.7500
7301,7250,2025-11-21 11:00:00,Mobile Wallet,141.0800
7302,7251,2025-11-21 12:52:00,Visa,141.0800
7303,7253,2025-11-21 13:18:00,Mobile Wallet,258.4700
7304,7254,2025-11-21 14:05:00,Visa,165.0000
7305,7256,2025-11-21 15:17:00,Visa,664.2800
7306,7255,2025-11-21 16:41:00,Mobile Wallet,141.0800
7307,7258,2025-11-22 09:10:00,Debit Card,129.8200
7308,7257,2025-11-22 10:13:00,Visa,603.9600
7309,6899,2025-11-22 11:10:00,ACH / Check,67.5000
7310,6912,2025-11-22 12:15:00,ACH / Check,135.0000
7311,7259,2025-11-22 12:40:00,Visa,179.7300
7312,7261,2025-11-22 12:41:00,Mastercard,505.3800
7313,7260,2025-11-22 12:45:00,Mastercard,403.2500
7314,7262,2025-11-22 13:40:00,Debit Card,466.6800
7315,6966,2025-11-22 16:02:00,ACH / Check,249.8500
7316,6817,2025-11-23 11:35:00,ACH / Check,81.0000
7317,7095,2025-11-23 11:39:00,ACH / Check,371.4600
7318,7168,2025-11-23 12:18:00,ACH / Check,81.0000
7319,7091,2025-11-23 18:30:00,ACH / Check,416.5100
7320,7265,2025-11-24 09:21:00,Mastercard,315.1900
7321,7264,2025-11-24 09:38:00,Debit Card,360.2500
7322,7266,2025-11-24 10:22:00,Discover,416.7600
7323,7263,2025-11-24 10:50:00,Mastercard,225.0000
7324,7270,2025-11-24 11:15:00,Mobile Wallet,150.0000
7325,7271,2025-11-24 13:12:00,Mobile Wallet,150.0000
7326,7274,2025-11-24 16:10:00,Cash,391.7700
7327,7272,2025-11-24 16:24:00,Visa,664.3200
7328,7273,2025-11-24 16:53:00,Debit Card,399.1500
7329,7034,2025-11-25 11:01:00,ACH / Check,135.0800
7330,7277,2025-11-25 11:49:00,Mastercard,317.4600
7331,7276,2025-11-25 11:56:00,Cash,240.8500
7332,7280,2025-11-25 13:19:00,Mobile Wallet,105.8500
7333,6915,2025-11-25 13:32:00,ACH / Check,320.7800
7334,7281,2025-11-25 15:30:00,Visa,135.0800
7335,7283,2025-11-25 15:44:00,Mastercard,110.3500
7336,7284,2025-11-25 16:23:00,Visa,75.0000
7337,7286,2025-11-25 17:22:00,Visa,142.5300
7338,6847,2025-11-26 08:39:00,ACH / Check,425.8100
7339,7057,2025-11-26 09:09:00,ACH / Check,557.1000
7340,7288,2025-11-26 10:08:00,Visa,438.9900
7341,7289,2025-11-26 10:44:00,Mastercard,341.7800
7342,7291,2025-11-26 11:22:00,Discover,788.1000
7343,7290,2025-11-26 11:50:00,Mastercard,90.0000
7344,7292,2025-11-26 12:41:00,Mastercard,373.1300
7345,7293,2025-11-26 15:02:00,Visa,451.3200
7346,7295,2025-11-26 16:19:00,Mobile Wallet,112.5000
7347,6916,2025-11-26 19:06:00,ACH / Check,337.5800
7348,7002,2025-11-27 11:10:00,ACH / Check,675.6700
7349,7119,2025-11-27 12:02:00,ACH / Check,320.7800
7350,6876,2025-11-27 13:12:00,ACH / Check,422.0900
7351,7190,2025-11-28 10:19:00,ACH / Check,216.0800
7352,7298,2025-11-28 10:33:00,Visa,258.8900
7353,7296,2025-11-28 10:41:00,Mastercard,452.1300
7354,7300,2025-11-28 10:49:00,Visa,141.0800
7355,7301,2025-11-28 11:10:00,Mobile Wallet,596.8200
7356,7299,2025-11-28 11:47:00,Visa,90.0000
7357,7123,2025-11-28 12:43:00,ACH / Check,569.8200
7358,7303,2025-11-28 12:43:00,Mobile Wallet,596.8200
7359,7304,2025-11-28 13:08:00,Mastercard,379.3100
7360,7306,2025-11-28 13:18:00,Visa,150.0000
7361,7307,2025-11-28 14:58:00,Mastercard,788.0400
7362,7308,2025-11-28 15:45:00,Visa,457.7200
7363,7309,2025-11-28 16:19:00,Debit Card,739.3500
7364,7312,2025-11-28 16:58:00,Mastercard,255.2400
7365,7313,2025-11-29 10:19:00,Mobile Wallet,371.4300
7366,7311,2025-11-29 10:20:00,Cash,348.8900
7367,7315,2025-11-29 10:42:00,Mobile Wallet,746.9300
7368,7117,2025-11-29 11:07:00,ACH / Check,675.6700
7369,7314,2025-11-29 12:12:00,Debit Card,90.0000
7370,7316,2025-11-29 12:17:00,Visa,417.9400
7371,7317,2025-11-29 12:41:00,Debit Card,315.0000
7372,7318,2025-11-29 12:57:00,American Express,403.2500
7373,7321,2025-11-29 13:05:00,Mastercard,812.8900
7374,7320,2025-11-29 13:35:00,Visa,129.8200
7375,7053,2025-11-30 15:17:00,ACH / Check,569.8200
7376,6940,2025-12-01 08:34:00,ACH / Check,135.0800
7377,7324,2025-12-01 09:10:00,Discover,501.2300
7378,7323,2025-12-01 09:10:00,American Express,574.3800
7379,7327,2025-12-01 09:24:00,Mobile Wallet,427.2600
7380,7325,2025-12-01 10:04:00,Mobile Wallet,364.3100
7381,7329,2025-12-01 10:20:00,Debit Card,200.3500
7382,7322,2025-12-01 10:42:00,Visa,857.1700
7383,7152,2025-12-01 10:50:00,ACH / Check,202.5800
7384,7330,2025-12-01 11:28:00,Mastercard,480.3300
7385,7331,2025-12-01 12:32:00,American Express,231.0800
7386,7332,2025-12-01 13:02:00,Visa,209.4300
7387,7218,2025-12-01 13:20:00,ACH / Check,738.6100
7388,7335,2025-12-01 13:23:00,Mobile Wallet,1332.1800
7389,7333,2025-12-01 13:50:00,Mobile Wallet,1332.1800
7390,7337,2025-12-01 14:50:00,Cash,352.59
7391,7337,2025-12-01 14:51:00,Visa,275.6600
7392,7338,2025-12-01 15:36:00,Mobile Wallet,505.3800
7393,7341,2025-12-01 17:04:00,American Express,1379.5100
7394,7339,2025-12-02 09:54:00,Debit Card,168.4700
7395,7340,2025-12-02 10:06:00,Visa,303.8900
7396,7342,2025-12-02 10:16:00,Mobile Wallet,270.1200
7397,6901,2025-12-02 10:37:00,ACH / Check,547.2800
7398,7345,2025-12-02 11:02:00,Mobile Wallet,456.2600
7399,7346,2025-12-02 11:26:00,American Express,252.8800
7400,7348,2025-12-02 12:39:00,Mastercard,150.0000
7401,7351,2025-12-02 14:05:00,Mastercard,596.8200
7402,7353,2025-12-02 15:36:00,Debit Card,461.0600
7403,7354,2025-12-02 15:42:00,Mastercard,168.4700
7404,7355,2025-12-02 15:52:00,Mobile Wallet,281.4200
7405,7357,2025-12-03 10:06:00,Mobile Wallet,141.0800
7406,7358,2025-12-03 10:11:00,Mastercard,1347.1800
7407,7362,2025-12-03 10:30:00,Mastercard,731.7400
7408,7363,2025-12-03 10:47:00,Visa,129.8200
7409,7361,2025-12-03 11:59:00,Mastercard,335.4600
7410,7360,2025-12-03 12:09:00,Cash,793.2500
7411,7366,2025-12-03 14:07:00,Mobile Wallet,150.0000
7412,7367,2025-12-03 15:44:00,Visa,609.5900
7413,7368,2025-12-03 16:32:00,Mastercard,403.2600
7414,7369,2025-12-04 08:44:00,Discover,263.4200
7415,7371,2025-12-04 08:45:00,Visa,150.0000
7416,7370,2025-12-04 09:12:00,Debit Card,206.3300
7417,7372,2025-12-04 10:36:00,Mastercard,90.0000
7418,7373,2025-12-04 11:07:00,American Express,403.2500
7419,7374,2025-12-04 11:45:00,Cash,350.7100
7420,7375,2025-12-04 12:14:00,Mobile Wallet,323.8900
7421,7376,2025-12-04 12:33:00,Mastercard,141.0800
7422,7377,2025-12-04 13:13:00,Visa,129.8200
7423,7379,2025-12-04 13:30:00,Debit Card,150.0000
7424,7381,2025-12-04 15:28:00,Mobile Wallet,258.8900
7425,7380,2025-12-04 15:30:00,American Express,110.3500
7426,7383,2025-12-04 15:52:00,Debit Card,1133.7500
7427,7382,2025-12-04 16:02:00,Debit Card,221.4300
7428,7385,2025-12-04 16:31:00,American Express,123.8200
7429,7384,2025-12-04 17:01:00,Cash,15.53
7430,7384,2025-12-04 17:02:00,Mastercard,61.0200
7431,7062,2025-12-05 08:24:00,ACH / Check,135.0800
7432,7388,2025-12-05 10:44:00,Mastercard,90.0000
7433,7386,2025-12-05 10:47:00,Visa,141.0800
7434,7387,2025-12-05 11:07:00,Mobile Wallet,255.2400
7435,7389,2025-12-05 11:12:00,Debit Card,249.8500
7436,6970,2025-12-05 12:31:00,ACH / Check,373.7000
7437,7391,2025-12-05 13:31:00,Mastercard,570.1500
7438,7392,2025-12-05 15:37:00,Mastercard,1015.1400
7439,7393,2025-12-05 15:40:00,Cash,186.8500
7440,7395,2025-12-05 16:19:00,Debit Card,630.3300
7441,7394,2025-12-06 08:31:00,Mastercard,186.8500
7442,7397,2025-12-06 09:13:00,Debit Card,1182.1800
7443,7398,2025-12-06 09:47:00,Visa,129.8200
7444,7400,2025-12-06 10:47:00,Debit Card,135.0800
7445,7396,2025-12-06 10:48:00,Mobile Wallet,258.8900
7446,7399,2025-12-06 10:52:00,Visa,135.0000
7447,7106,2025-12-06 11:50:00,ACH / Check,135.0000
7448,7401,2025-12-06 12:07:00,Mastercard,671.9300
7449,7132,2025-12-06 12:42:00,ACH / Check,346.6100
7450,7403,2025-12-06 13:26:00,Cash,1272.1800
7451,7402,2025-12-06 13:34:00,Mastercard,315.1900
7452,7021,2025-12-07 08:33:00,ACH / Check,202.5000
7453,6983,2025-12-07 11:40:00,ACH / Check,333.1500
7454,7162,2025-12-07 13:22:00,ACH / Check,135.0800
7455,7024,2025-12-07 13:33:00,ACH / Check,1277.5200
7456,7268,2025-12-08 08:04:00,ACH / Check,135.0800
7457,7405,2025-12-08 08:21:00,American Express,506.8400
7458,7408,2025-12-08 08:47:00,Debit Card,141.0800
7459,7404,2025-12-08 10:02:00,Visa,275.3500
7460,7252,2025-12-08 10:07:00,ACH / Check,240.9300
7461,7410,2025-12-08 10:25:00,Mobile Wallet,110.3500
7462,7413,2025-12-08 11:50:00,Debit Card,366.0800
7463,7180,2025-12-08 11:55:00,ACH / Check,451.3200
7464,7412,2025-12-08 12:18:00,Mobile Wallet,157.5300
7465,7415,2025-12-08 13:53:00,Mobile Wallet,283.6100
7466,7416,2025-12-08 14:00:00,American Express,380.4600
7467,7157,2025-12-08 14:15:00,ACH / Check,569.8200
7468,7418,2025-12-08 14:57:00,Mastercard,498.8600
7469,7417,2025-12-08 15:22:00,Mastercard,141.0800
7470,7421,2025-12-08 17:12:00,Mastercard,545.9500
7471,7121,2025-12-09 07:30:00,ACH / Check,370.2500
7472,7302,2025-12-09 08:17:00,ACH / Check,641.9300
7473,7422,2025-12-09 10:29:00,Mastercard,692.3000
7474,7419,2025-12-09 10:37:00,Visa,354.8200
7475,6967,2025-12-09 10:55:00,ACH / Check,135.0800
7476,7420,2025-12-09 11:06:00,Mobile Wallet,604.2800
7477,7423,2025-12-09 11:38:00,Mastercard,141.0800
7478,7426,2025-12-09 12:13:00,Debit Card,356.4200
7479,7425,2025-12-09 12:22:00,Debit Card,219.8200
7480,7427,2025-12-09 12:44:00,American Express,315.1900
7481,7278,2025-12-09 12:46:00,ACH / Check,263.4200
7482,7431,2025-12-09 17:04:00,Cash,97.5000
7483,7434,2025-12-09 17:13:00,Cash,330.5200
7484,7432,2025-12-09 17:15:00,Mobile Wallet,187.5000
7485,7163,2025-12-10 08:17:00,ACH / Check,135.0800
7486,7436,2025-12-10 09:00:00,Visa,129.8200
7487,7344,2025-12-10 09:50:00,ACH / Check,130.5300
7488,7438,2025-12-10 10:13:00,Debit Card,141.0800
7489,7437,2025-12-10 10:23:00,Visa,148.5800
7490,7439,2025-12-10 11:42:00,Visa,303.8900
7491,7441,2025-12-10 12:36:00,Visa,141.0800
7492,7440,2025-12-10 12:45:00,Cash,168.4700
7493,7442,2025-12-10 14:15:00,Visa,267.8500
7494,7443,2025-12-10 15:11:00,Visa,522.3600
7495,7146,2025-12-11 06:15:00,ACH / Check,861.5600
7496,7444,2025-12-11 09:01:00,Mastercard,513.7100
7497,7445,2025-12-11 09:56:00,Debit Card,258.8900
7498,6984,2025-12-11 10:06:00,ACH / Check,320.7800
7499,7447,2025-12-11 10:32:00,Discover,589.3100
7500,7359,2025-12-11 10:36:00,ACH / Check,135.0800
7501,7449,2025-12-11 10:57:00,Mastercard,382.5300
7502,7450,2025-12-11 11:01:00,Cash,596.8200
7503,7451,2025-12-11 11:32:00,Cash,42.25
7504,7451,2025-12-11 11:33:00,Mastercard,98.8300
7505,7448,2025-12-11 11:40:00,Visa,2510.7900
7506,7004,2025-12-11 12:25:00,ACH / Check,1114.6800
7507,7456,2025-12-11 13:05:00,Mastercard,105.8500
7508,7453,2025-12-11 13:14:00,Mastercard,231.0800
7509,7457,2025-12-11 13:16:00,Mastercard,889.5600
7510,7455,2025-12-11 13:50:00,Visa,405.1900
7511,7452,2025-12-11 14:18:00,American Express,341.7600
7512,7459,2025-12-11 14:56:00,Mastercard,141.0800
7513,7458,2025-12-11 15:08:00,Visa,200.7100
7514,7461,2025-12-11 15:26:00,Discover,240.8900
7515,7460,2025-12-11 16:25:00,Mobile Wallet,249.1500
7516,7463,2025-12-11 16:33:00,Visa,105.8500
7517,7462,2025-12-11 16:47:00,Visa,403.2500
7518,7464,2025-12-11 17:05:00,Visa,320.7800
7519,7297,2025-12-12 05:28:00,ACH / Check,572.7500
7520,7465,2025-12-12 09:29:00,Visa,81.0000
7521,7466,2025-12-12 09:40:00,Discover,542.3000
7522,7467,2025-12-12 10:28:00,Debit Card,571.8200
7523,7050,2025-12-12 10:59:00,ACH / Check,135.0800
7524,7471,2025-12-12 12:14:00,Mobile Wallet,416.7600
7525,7469,2025-12-12 12:33:00,Debit Card,495.2400
7526,7013,2025-12-12 13:48:00,ACH / Check,202.5800
7527,7472,2025-12-12 14:30:00,American Express,446.5100
7528,7131,2025-12-12 14:44:00,ACH / Check,249.8500
7529,7473,2025-12-12 15:02:00,Cash,258.8900
7530,7476,2025-12-13 10:01:00,Visa,196.4200
7531,7477,2025-12-13 11:40:00,Mastercard,206.3300
7532,7319,2025-12-13 11:51:00,ACH / Check,148.5000
7533,7481,2025-12-13 12:13:00,Mastercard,281.4200
7534,7479,2025-12-13 12:51:00,Cash,90.0000
7535,7482,2025-12-13 13:42:00,Mastercard,364.3100
7536,7077,2025-12-13 14:38:00,ACH / Check,81.0000
7537,7378,2025-12-14 14:31:00,ACH / Check,551.5100
7538,7483,2025-12-15 08:14:00,Mobile Wallet,707.1700
7539,7484,2025-12-15 09:11:00,Mastercard,129.8200
7540,7486,2025-12-15 09:29:00,Mastercard,221.4300
7541,7487,2025-12-15 09:36:00,Visa,200.7100
7542,7485,2025-12-15 09:43:00,Mobile Wallet,90.0000
7543,7267,2025-12-15 09:55:00,ACH / Check,342.2500
7544,7488,2025-12-15 10:52:00,Cash,341.7600
7545,7489,2025-12-15 11:11:00,Mastercard,90.0000
7546,7492,2025-12-15 11:43:00,Mastercard,580.7400
7547,7494,2025-12-15 11:49:00,Debit Card,1095.9000
7548,7491,2025-12-15 12:14:00,American Express,141.0800
7549,7496,2025-12-15 12:40:00,Visa,123.8200
7550,7490,2025-12-15 12:41:00,Visa,204.8200
7551,7495,2025-12-15 12:57:00,Debit Card,141.0800
7552,7073,2025-12-15 13:09:00,ACH / Check,135.0800
7553,7493,2025-12-15 13:27:00,Cash,75.70
7554,7493,2025-12-15 13:28:00,Visa,54.1200
7555,7499,2025-12-15 14:34:00,Mobile Wallet,221.4300
7556,7500,2025-12-16 09:50:00,Debit Card,596.8200
7557,7065,2025-12-16 10:42:00,ACH / Check,585.3300
7558,7502,2025-12-16 10:44:00,Debit Card,342.2500
7559,7504,2025-12-16 12:15:00,Visa,141.0800
7560,7503,2025-12-16 13:07:00,Mastercard,986.9300
7561,7056,2025-12-16 13:09:00,ACH / Check,202.5000
7562,7511,2025-12-16 13:25:00,Visa,360.2500
7563,7505,2025-12-16 13:58:00,Debit Card,423.9500
7564,7507,2025-12-16 13:59:00,American Express,324.2400
7565,7510,2025-12-16 14:44:00,Mobile Wallet,1049.0600
7566,7508,2025-12-16 14:57:00,Mastercard,1347.1800
7567,7512,2025-12-16 15:21:00,Cash,341.7800
7568,7513,2025-12-16 17:29:00,Mobile Wallet,733.9100
7569,7514,2025-12-17 07:46:00,Mobile Wallet,563.0400
7570,7515,2025-12-17 11:19:00,Visa,267.8500
7571,7328,2025-12-17 11:39:00,ACH / Check,135.0800
7572,7519,2025-12-17 12:12:00,Debit Card,187.5000
7573,7516,2025-12-17 12:23:00,Mastercard,547.7200
7574,7518,2025-12-17 12:30:00,Mastercard,652.7600
7575,7520,2025-12-17 13:02:00,Debit Card,110.3500
7576,7517,2025-12-17 13:13:00,Visa,141.0800
7577,7326,2025-12-17 13:20:00,ACH / Check,240.9300
7578,7521,2025-12-17 14:16:00,Visa,141.0800
7579,7130,2025-12-17 14:37:00,ACH / Check,135.0800
7580,7522,2025-12-17 15:44:00,Mobile Wallet,141.0800
7581,7294,2025-12-17 16:02:00,ACH / Check,1205.4700
7582,7525,2025-12-18 09:10:00,American Express,1454.5400
7583,7137,2025-12-18 09:11:00,ACH / Check,400.6100
7584,7414,2025-12-18 09:13:00,ACH / Check,375.9300
7585,7527,2025-12-18 11:07:00,Visa,715.3600
7586,7430,2025-12-18 11:39:00,ACH / Check,1205.4700
7587,7528,2025-12-18 12:51:00,Cash,132.73
7588,7528,2025-12-18 12:52:00,Visa,270.5200
7589,7530,2025-12-18 14:36:00,Mobile Wallet,90.0000
7590,7531,2025-12-18 15:45:00,Visa,344.5000
7591,7409,2025-12-19 07:40:00,ACH / Check,252.1500
7592,7411,2025-12-19 09:28:00,ACH / Check,216.0800
7593,7535,2025-12-19 10:47:00,American Express,269.7300
7594,7275,2025-12-19 11:15:00,ACH / Check,135.0800
7595,7533,2025-12-19 11:16:00,Visa,581.1800
7596,7532,2025-12-19 11:26:00,Mastercard,141.0800
7597,7536,2025-12-19 13:56:00,American Express,630.3300
7598,7538,2025-12-19 14:59:00,Mastercard,172.2300
7599,7537,2025-12-19 15:33:00,Visa,364.3100
7600,7539,2025-12-19 16:12:00,Visa,335.4600
7601,7172,2025-12-19 17:06:00,ACH / Check,351.0800
7602,7540,2025-12-19 17:07:00,Debit Card,225.0000
7603,7113,2025-12-20 06:43:00,ACH / Check,358.3100
7604,7164,2025-12-20 08:19:00,ACH / Check,81.0000
7605,7541,2025-12-20 08:48:00,Mastercard,281.4200
7606,7542,2025-12-20 10:03:00,Debit Card,842.0900
7607,7153,2025-12-20 10:06:00,ACH / Check,135.0800
7608,7545,2025-12-20 11:09:00,Mobile Wallet,255.2400
7609,7543,2025-12-20 11:19:00,Cash,129.8200
7610,7548,2025-12-20 12:46:00,Mobile Wallet,341.7800
7611,7547,2025-12-20 13:00:00,Debit Card,930.5700
7612,7549,2025-12-20 13:04:00,Debit Card,364.3100
7613,7182,2025-12-21 12:26:00,ACH / Check,1340.4700
7614,7364,2025-12-22 09:07:00,ACH / Check,202.5800
7615,7556,2025-12-22 10:27:00,American Express,341.7800
7616,7552,2025-12-22 10:34:00,Debit Card,291.0800
7617,7550,2025-12-22 10:40:00,Mobile Wallet,671.9300
7618,7551,2025-12-22 10:54:00,Visa,141.0800
7619,7553,2025-12-22 11:31:00,Mobile Wallet,341.7600
7620,7554,2025-12-22 11:47:00,Mobile Wallet,141.0800
7621,7558,2025-12-22 12:57:00,Mastercard,206.3600
7622,7557,2025-12-22 13:08:00,Visa,425.3500
7623,7562,2025-12-22 13:31:00,Mastercard,240.0000
7624,7563,2025-12-22 15:02:00,Visa,1445.5900
7625,7564,2025-12-22 15:04:00,Cash,137.84
7626,7564,2025-12-22 15:05:00,Mastercard,190.0400
7627,7561,2025-12-22 15:08:00,Mobile Wallet,137.3200
7628,7559,2025-12-22 15:15:00,Debit Card,1002.0600
7629,7565,2025-12-22 15:55:00,Cash,395.0800
7630,7567,2025-12-22 16:11:00,Cash,75.0000
7631,7566,2025-12-22 16:35:00,Visa,135.0800
7632,7569,2025-12-22 17:13:00,Debit Card,165.0000
7633,7570,2025-12-23 08:38:00,Discover,364.3100
7634,7573,2025-12-23 10:26:00,Visa,341.0000
7635,7572,2025-12-23 10:29:00,Mastercard,200.7100
7636,7176,2025-12-23 10:55:00,ACH / Check,320.7800
7637,7576,2025-12-23 11:25:00,Visa,129.8200
7638,7577,2025-12-23 11:47:00,Debit Card,596.8200
7639,7193,2025-12-23 12:25:00,ACH / Check,130.5300
7640,7575,2025-12-23 12:42:00,Visa,536.0400
7641,7574,2025-12-23 12:56:00,Mastercard,206.3600
7642,7579,2025-12-23 14:02:00,Debit Card,596.8200
7643,7581,2025-12-23 16:03:00,Visa,90.0000
7644,7583,2025-12-23 16:18:00,Visa,673.3900
7645,7584,2025-12-23 16:53:00,Visa,427.6200
7646,7269,2025-12-24 08:59:00,ACH / Check,135.0800
7647,7587,2025-12-24 10:18:00,Debit Card,270.1500
7648,7585,2025-12-24 11:07:00,Visa,341.7600
7649,7586,2025-12-24 11:11:00,Mastercard,258.8900
7650,7588,2025-12-24 12:02:00,Visa,129.8200
7651,7349,2025-12-24 12:46:00,ACH / Check,317.4600
7652,7589,2025-12-24 13:42:00,Mobile Wallet,341.7800
7653,7590,2025-12-24 15:24:00,Visa,291.0800
7654,7593,2025-12-24 16:01:00,Debit Card,373.1300
7655,7446,2025-12-25 10:50:00,ACH / Check,135.0800
7656,7279,2025-12-25 12:52:00,ACH / Check,569.8200
7657,7506,2025-12-25 13:15:00,ACH / Check,186.8500
7658,7336,2025-12-25 15:29:00,ACH / Check,148.5000
7659,7600,2025-12-26 09:43:00,Visa,890.8100
7660,7597,2025-12-26 09:53:00,Mobile Wallet,141.0800
7661,7599,2025-12-26 09:54:00,Mobile Wallet,255.2400
7662,7390,2025-12-26 10:02:00,ACH / Check,375.8900
7663,7598,2025-12-26 10:03:00,American Express,352.8600
7664,7596,2025-12-26 10:04:00,Debit Card,76.5500
7665,7148,2025-12-26 10:14:00,ACH / Check,105.8500
7666,7601,2025-12-26 10:39:00,Debit Card,142.5300
7667,7595,2025-12-26 10:45:00,Cash,178.61
7668,7595,2025-12-26 10:46:00,Visa,331.6400
7669,7603,2025-12-26 11:44:00,Visa,141.0800
7670,7605,2025-12-26 11:53:00,Visa,409.9400
7671,7604,2025-12-26 12:18:00,Debit Card,405.2400
7672,7607,2025-12-26 12:51:00,American Express,90.0000
7673,7606,2025-12-26 12:54:00,Mobile Wallet,300.0000
7674,7428,2025-12-26 14:07:00,ACH / Check,135.0000
7675,7609,2025-12-26 14:40:00,Visa,141.0800
7676,7231,2025-12-26 14:50:00,ACH / Check,202.5000
7677,7608,2025-12-26 14:55:00,Visa,315.1900
7678,7610,2025-12-26 17:29:00,Visa,403.2500
7679,7611,2025-12-27 09:55:00,Debit Card,1182.1800
7680,7198,2025-12-27 11:03:00,ACH / Check,135.0800
7681,7343,2025-12-27 11:09:00,ACH / Check,81.0000
7682,7612,2025-12-27 12:15:00,Visa,431.7800
7683,7619,2025-12-27 13:15:00,Visa,410.6300
7684,7617,2025-12-27 13:44:00,Visa,141.0800
7685,7615,2025-12-27 13:56:00,Cash,589.3100
7686,7356,2025-12-27 13:58:00,ACH / Check,270.0800
7687,7237,2025-12-28 08:58:00,ACH / Check,265.6100
7688,7470,2025-12-28 11:58:00,ACH / Check,569.8200
7689,7475,2025-12-28 18:10:00,ACH / Check,202.5800
7690,7305,2025-12-29 08:40:00,ACH / Check,569.8200
7691,7618,2025-12-29 09:09:00,Debit Card,90.0000
7692,7616,2025-12-29 09:41:00,Mastercard,364.3100
7693,7624,2025-12-29 10:36:00,Visa,281.4200
7694,7621,2025-12-29 10:50:00,Visa,425.7100
7695,7622,2025-12-29 10:58:00,Visa,90.0000
7696,7623,2025-12-29 11:12:00,Mastercard,341.7600
7697,7625,2025-12-29 12:48:00,Mastercard,341.7600
7698,7626,2025-12-29 12:49:00,Mobile Wallet,141.0800
7699,7627,2025-12-29 13:55:00,Mastercard,525.7100
7700,7628,2025-12-29 14:27:00,Mobile Wallet,596.8200
7701,7629,2025-12-29 14:53:00,Debit Card,252.8800
7702,7631,2025-12-29 15:05:00,Mastercard,249.1500
7703,7630,2025-12-29 15:21:00,Debit Card,630.3300
7704,7334,2025-12-29 15:49:00,ACH / Check,547.2800
7705,7407,2025-12-30 05:39:00,ACH / Check,135.0800
7706,7632,2025-12-30 07:55:00,Mobile Wallet,664.3200
7707,7633,2025-12-30 09:08:00,Mastercard,112.5000
7708,7480,2025-12-30 10:27:00,ACH / Check,135.0800
7709,7637,2025-12-30 11:22:00,Cash,774.9900
7710,7636,2025-12-30 11:22:00,Debit Card,110.3500
7711,7640,2025-12-30 13:07:00,Mastercard,502.6500
7712,7638,2025-12-30 13:50:00,Mastercard,142.5300
7713,7350,2025-12-30 14:06:00,ACH / Check,270.0800
7714,7643,2025-12-30 14:26:00,Mastercard,364.3100
7715,7639,2025-12-30 14:28:00,Mastercard,310.7400
7716,7642,2025-12-30 15:54:00,Mastercard,129.8200
7717,7644,2025-12-30 17:29:00,Visa,283.6100
7718,7555,2025-12-31 10:23:00,ACH / Check,602.2200
7719,7645,2025-12-31 11:14:00,Visa,129.8200
