vehicle_id,customer_id,vin,make,model,model_year
1,1,JTDRL7E5XBP737681,Toyota,Camry,2011
2,1,WBAGE2HH268520861,BMW,X5,2006
3,2,2C45AW5E45P553026,Dodge,Charger,2005
4,3,5UXJ8EUX6D3836416,BMW,X5,2013
5,4,5NPMNK8KXBY091854,Hyundai,Sonata,2011
6,5,5J6BTSKS66V954588,Honda,Accord,2006
7,6,5J60YXX49CR540242,Honda,Accord,2012
8,7,1FMNDTX7278551615,Ford,F-150,2007
9,7,1GKU2F510F2462513,GMC,Yukon,2015
10,7,3FAXTA3W4FJ416996,Ford,Explorer,2015
11,7,3FABX10U1CS902866,Ford,Explorer,2012
12,8,5N1XX7N92F6085015,Nissan,Frontier,2015
13,9,5TDY8J9F8D7434309,Toyota,Tundra,2013
14,10,1C4FYZRZ8H2323091,Jeep,Grand Cherokee,2017
15,11,3FA3JBDJXCX508958,Ford,Mustang,2012
16,12,3N10Z7BS9F8220798,Nissan,Rogue,2015
17,12,1GNBLLZP0DN629775,Chevrolet,Tahoe,2013
18,12,JTDRMMEC4GR864366,Toyota,Tacoma,2016
19,12,1GKSBU4Y8HF117302,GMC,Terrain,2017
20,12,1GCZYEYH0FN414818,Chevrolet,Equinox,2015
21,12,1FAPTKML5EX530961,Ford,F-150,2014
22,12,3C6X2HLJ7DC322565,Ram,1500,2013
23,13,WAUZDKX7299911270,Audi,A6,2009
24,14,3C6WEUPV8D0536023,Ram,2500,2013
25,15,1J4P95SL2CP228760,Jeep,Wrangler,2012
26,15,KMHE7E7R6BN445590,Hyundai,Sonata,2011
27,16,4T1F387Z7G0322371,Toyota,Tacoma,2016
28,16,1FMD9WE24EP872984,Ford,F-150,2014
29,16,1FTPTGC11FG257362,Ford,Expedition,2015
30,16,1G1SCY8F5JU083497,Chevrolet,Tahoe,2018
31,16,3N1Z5SUK5HT531504,Nissan,Rogue,2017
32,16,1FM29E8H3EW992881,Ford,F-150,2014
33,16,1G1DKFDP8FC237812,Chevrolet,Equinox,2015
34,17,2T10RH0B751576361,Toyota,Tacoma,2005
35,18,5TF9YNJL1AR302433,Toyota,RAV4,2010
36,18,1GK0B4E97JC392620,GMC,Acadia,2018
37,18,3N1RUAMGXD4953247,Nissan,Pathfinder,2013
38,18,1FTM20RY3GP720721,Ford,Explorer,2016
39,18,1FT1YCHF7BN104267,Ford,F-150,2011
40,18,2GN0AEU48HN869517,Chevrolet,Silverado 1500,2017
41,19,JTHAZTGY87W292428,Lexus,RX 350,2007
42,20,1FM41KKHXF9261193,Ford,Expedition,2015
43,20,5TFTR1N789L276520,Toyota,Camry,2009
44,21,5N1R3WB68CY120388,Nissan,Sentra,2012
45,22,KND4Y476XFL772881,Kia,Optima,2015
46,22,5TDW8RK998S741470,Toyota,Prius,2008
47,22,3MZM095A45E886083,Mazda,CX-9,2005
48,23,1C6F4TKYXB1569316,Ram,2500,2011
49,23,1C67WKE75BA476330,Ram,1500,2011
50,23,1C6NGHY43EM539260,Ram,1500,2014
51,23,1FT42R8K3FH316442,Ford,F-150,2015
52,24,3FABRG1085S804803,Ford,Focus,2005
53,24,1HGDD22D7DG750897,Honda,CR-V,2013
54,25,4JGYHRED09A788101,Mercedes-Benz,C-Class,2009
55,25,2T10DMJP8BN656340,Toyota,Camry,2011
56,25,2C46Y6SD8AJ180291,Dodge,Durango,2010
57,26,1FAHHXET984812740,Ford,Escape,2008
58,27,3N1UWP6K7CP819818,Nissan,Altima,2012
59,28,1N4DB9G036D891852,Nissan,Rogue,2006
60,29,3FAVK7CL7CK441951,Ford,Expedition,2012
61,29,1C3BWMMY77U859737,Dodge,Durango,2007
62,30,1C4LP90326D011140,Jeep,Grand Cherokee,2006
63,30,2T208UEM75H473451,Lexus,ES 350,2005
64,31,5XYK1VKR370801775,Kia,Optima,2007
65,32,5TFF92M62EB654276,Toyota,Tacoma,2014
66,33,WVWCNB0P988413622,Volkswagen,Jetta,2008
67,33,1N4TYF2179A842569,Nissan,Rogue,2009
68,34,WDD56AYM75Y040348,Mercedes-Benz,E-Class,2005
69,35,3VWD8N6C2AM785786,Volkswagen,Tiguan,2010
70,36,2HGER72X25R143139,Honda,CR-V,2005
71,37,1G1NAYND47Z635797,Chevrolet,Silverado 1500,2007
72,38,2T18XAU09EG577551,Toyota,Camry,2014
73,39,2HGB2XNU9AA486015,Honda,CR-V,2010
74,40,1N6TUSHM5GD529920,Nissan,Rogue,2016
75,41,1FAWXRER66W011310,Ford,Escape,2006
76,42,JTDLT69695H407841,Toyota,Camry,2005
77,43,1HG0K6L1353557753,Honda,Accord,2005
78,43,3N1V5BLS4CN910765,Nissan,Altima,2012
79,44,5TFU44WH8GT291009,Toyota,Tacoma,2016
80,45,1J4EE4HBX89806773,Jeep,Grand Cherokee,2008
81,46,5FN2C13W6D8470740,Honda,Pilot,2013
82,47,5TFHLM172H1023962,Toyota,Tacoma,2017
83,48,KL4VH6BN9C1545777,Buick,Encore,2012
84,49,1VW23L7T0FP755244,Volkswagen,Jetta,2015
85,50,KMHJFP4G6DL172651,Hyundai,Elantra,2013
86,51,2HGN7UFC5BG305686,Honda,CR-V,2011
87,52,2T1JK5BS197537434,Toyota,Corolla,2009
88,53,1J47AZ176FL283128,Jeep,Cherokee,2015
89,54,1J48E5B90HW025674,Jeep,Compass,2017
90,55,5J6XZJER896843255,Honda,Accord,2009
91,56,JTDSXM628GN499065,Toyota,Tacoma,2016
92,57,JM3NGUB378A094391,Mazda,CX-5,2008
93,58,2T1U1UMW6AB495824,Toyota,Corolla,2010
94,58,1C4WMDTC75X882679,Jeep,Wrangler,2005
95,59,JTDC85MX3CP682068,Toyota,Corolla,2012
96,60,4S321WDV4C4460659,Subaru,Forester,2012
97,61,1FMZD2FD1C2520615,Ford,F-150,2012
98,61,3C6VRZSG9EM969575,Ram,1500,2014
99,61,1FT6P7534EY580165,Ford,Escape,2014
100,61,JTD52D0R0GW908249,Toyota,RAV4,2016
101,61,1GCUXRXX3DA339761,Chevrolet,Silverado 1500,2013
102,61,2T1DUYN87G4426474,Toyota,RAV4,2016
103,61,1FM4YG1C2FS483542,Ford,Explorer,2015
104,62,JTDBRUSR1AH971853,Toyota,Corolla,2010
105,63,1N45F7YX5ED512809,Nissan,Altima,2014
106,63,1C45EB9CXAW926050,Jeep,Cherokee,2010
107,64,5NPZD3GD45L843681,Hyundai,Elantra,2005
108,65,5N1FZG0157B843154,Nissan,Maxima,2007
109,66,1FAPSRRYX59933256,Ford,Explorer,2005
110,67,5N1XZ7CPXCK522936,Nissan,Altima,2012
111,68,3FAV40156AS502922,Ford,Explorer,2010
112,68,1GTKY73X0H0708666,GMC,Acadia,2017
113,68,1GTSR5ZW8EE310703,GMC,Acadia,2014
114,68,JTDLUGFM3GM438759,Toyota,Highlander,2016
115,68,1C6T0S4M0D4952296,Ram,1500,2013
116,68,1GCE6L7J4EN723171,Chevrolet,Silverado 1500,2014
117,68,1GTELB5U7B8957556,GMC,Yukon,2011
118,68,2GNES4JE0ET332710,Chevrolet,Silverado 1500,2014
119,69,JTHA5WBN0D3773801,Lexus,GX 460,2013
120,70,2HGG8KUU48V593789,Honda,Pilot,2008
121,70,JTJJAWTN1G4075009,Lexus,IS 250,2016
122,71,5N1ZYJHB6CU410287,Nissan,Frontier,2012
123,71,2GNUNGFW7E3045144,Chevrolet,Tahoe,2014
124,71,1FT9DSF76EM840034,Ford,F-150,2014
125,71,1C6YJ034XFP301316,Ram,1500,2015
126,71,1FMP0KVV393075018,Ford,F-150,2009
127,71,3C6L2JK28H2905920,Ram,1500,2017
128,72,1FA6JPEP39G806320,Ford,F-150,2009
129,72,4T153G0W8EA726356,Toyota,Prius,2014
130,73,1FTW93YT0EZ558138,Ford,Focus,2014
131,74,5NMGG1WH3F5612913,Hyundai,Santa Fe,2015
132,75,4T14DS7BXJA797227,Toyota,Corolla,2018
133,76,JM305DFK5DN930509,Mazda,Mazda3,2013
134,77,5J6WV6H789D685512,Honda,Civic,2009
135,77,2T2AX1W995B326552,Lexus,RX 350,2005
136,77,3FAJBMEJ19X944640,Ford,Focus,2009
137,78,2T1LZS83986312525,Toyota,Camry,2008
138,79,5TDWJFB2XFD910726,Toyota,Tacoma,2015
139,80,1GKCZ2446CA090477,GMC,Acadia,2012
140,80,JTDPHM7N2BF577547,Toyota,Highlander,2011
141,81,4T1X5USM1CW185115,Toyota,Camry,2012
142,82,5NP6PVCXX55936831,Hyundai,Santa Fe,2005
143,83,1FAT87HW1DU880282,Ford,Fusion,2013
144,84,4T1TTAK0XG1619485,Toyota,RAV4,2016
145,85,2GNYC0174H2171048,Chevrolet,Silverado 1500,2017
146,85,1FAPT6SL5FJ011973,Ford,Escape,2015
147,85,1G146RWN2GB808588,Chevrolet,Equinox,2016
148,85,1GNAZ1376BV805054,Chevrolet,Silverado 1500,2011
149,85,1FMDRB453BP175726,Ford,Explorer,2011
150,86,JF1AZSKJ383317136,Subaru,Crosstrek,2008
151,87,1GTZ3SPJ259458389,GMC,Acadia,2005
152,88,JM3AXM766AM500151,Mazda,CX-5,2010
153,89,5UXZZM7A4H2466113,BMW,X5,2017
154,90,1GC9D1XK8CY929321,Chevrolet,Tahoe,2012
155,91,5TFJ9TS84E2499766,Toyota,Corolla,2014
156,92,1C4MY4JA3GV376889,Jeep,Grand Cherokee,2016
157,93,3N16WGCY651146401,Nissan,Sentra,2005
158,94,5TFEDR107FK782744,Toyota,Highlander,2015
159,95,2C472YNT28L230282,Dodge,Durango,2008
160,96,1G1N8SMG2A6678290,Chevrolet,Traverse,2010
161,96,2GNGT6AP076276370,Chevrolet,Silverado 1500,2007
162,96,1FM9MSK30GH600651,Ford,F-150,2016
163,96,1GT1581WX9Y766176,GMC,Yukon,2009
164,96,1FMS9EYP0CC234373,Ford,Expedition,2012
165,96,1FTDX27X1ES307519,Ford,Escape,2014
166,96,1GNWP7MC6FX255696,Chevrolet,Silverado 1500,2015
167,96,2GNF8JCD4GM170373,Chevrolet,Silverado 1500,2016
168,97,WAUSCJBC3E5388782,Audi,A6,2014
169,98,4T1JZ4MX08C826006,Toyota,Sienna,2008
170,99,2T1DGR6RX86422252,Toyota,Corolla,2008
171,100,1G1EUNV01GZ378018,Chevrolet,Silverado 1500,2016
172,101,WBACK63J557884544,BMW,X3,2005
173,101,JTD6BDE33DH616894,Toyota,RAV4,2013
174,102,4T1M6JNNXBF238945,Toyota,Camry,2011
175,103,1GTV5TP57EY163120,GMC,Sierra 1500,2014
176,103,5TFTJXSS7CE349875,Toyota,RAV4,2012
177,103,5N1Y05NT495619957,Nissan,Rogue,2009
178,103,1GTNET2PXG4150803,GMC,Yukon,2016
179,103,1GCY1ZNM7D6724626,Chevrolet,Silverado 1500,2013
180,104,2C42WUL36E6133395,Dodge,Durango,2014
181,105,3N1B2WTY3A6777513,Nissan,Altima,2010
182,105,1C6K6MPA593648000,Ram,2500,2009
183,106,5XYMX8P62FS160998,Kia,Soul,2015
184,107,5J691GZG5EL621778,Honda,CR-V,2014
185,108,4T12A9FC2G0347282,Toyota,Prius,2016
186,109,3FANSDCC574250991,Ford,Fusion,2007
187,110,5NM3SHF605A714096,Hyundai,Santa Fe,2005
188,111,2T21TTHV3DV374143,Lexus,IS 250,2013
189,112,1C6ZNE9K58N630208,Ram,1500,2008
190,112,1C6GS89F5DN946884,Ram,1500,2013
191,112,3FAW7L829GL620653,Ford,Escape,2016
192,113,5N1608M1XGB986174,Nissan,Altima,2016
193,114,1GKGCF0J4GZ902405,GMC,Acadia,2016
194,114,1GTABVGC7DC400394,GMC,Sierra 1500,2013
195,114,JTDSH8CK1GX252175,Toyota,Tundra,2016
196,115,3FAV7DN8X92590226,Ford,Explorer,2009
197,116,5XY3V0RZ9H9985263,Kia,Sportage,2017
198,117,1N6ZPZPY385889004,Nissan,Altima,2008
199,118,WDCC0GFV95E585271,Mercedes-Benz,GLC,2005
200,118,5TDX1XKB2FU066014,Toyota,Camry,2015
201,118,5NMV70NC88N024211,Hyundai,Elantra,2008
202,119,5N18CRXY35B602134,Nissan,Rogue,2005
203,119,55STEFFR3AU245402,Mercedes-Benz,GLC,2010
204,120,2HGL82FF691758280,Honda,CR-V,2009
205,120,1FT50Y3B5AS828369,Ford,Focus,2010
206,121,1GC6007385L089736,Chevrolet,Traverse,2005
207,122,5TFUFXZF255786796,Toyota,Tacoma,2005
208,123,1FAAV40G2D6908484,Ford,Expedition,2013
209,124,1C42E7T78CN745582,Jeep,Cherokee,2012
210,124,1GNANPB0XBR044914,Chevrolet,Malibu,2011
211,125,1J42GUEJ9AF392417,Jeep,Grand Cherokee,2010
212,126,KNDGJW3S1FL919279,Kia,Optima,2015
213,126,1J4MEU5Y657870417,Jeep,Compass,2005
214,127,3VWEMD6F1ES554819,Volkswagen,Jetta,2014
215,128,5TDBBJK4377788372,Toyota,Highlander,2007
216,129,5XY7795X85X182956,Kia,Sorento,2005
217,130,1C3LM17J05A117170,Dodge,Durango,2005
218,131,5TFZY5VC65H171540,Toyota,Corolla,2005
219,131,3FAPE5J3692887993,Ford,F-150,2009
220,132,WA1XJWKE2CF826920,Audi,Q7,2012
221,132,2C40Z9HE5AX289261,Dodge,Grand Caravan,2010
222,133,1FMCG0NK3BW310722,Ford,Explorer,2011
223,133,1FM8RE645DN307665,Ford,Escape,2013
224,134,2HGVGCFW35E999010,Honda,Civic,2005
225,134,WA1693ZF2BV039181,Audi,Q5,2011
226,135,1HGS3HBR7B8801413,Honda,Pilot,2011
227,136,5NM69YAW5AD508099,Hyundai,Elantra,2010
228,137,1C641H4F58D815883,Ram,1500,2008
229,138,1C6LMJ2X65W233362,Ram,1500,2005
230,139,4T1VTVRF666259689,Toyota,Camry,2006
231,140,1GNJLXNX593420060,Chevrolet,Silverado 1500,2009
232,141,KMH0CLGEXAX135565,Hyundai,Sonata,2010
233,142,1FAUYRBP1GT425640,Ford,Escape,2016
234,143,JTDNRYH6699615762,Toyota,RAV4,2009
235,143,5J6ZSRY966V700670,Honda,CR-V,2006
236,144,5NPHWD1L4A8305328,Hyundai,Sonata,2010
237,145,1C6PAY8R362788838,Ram,1500,2006
238,146,4T1L33KZ28M196637,Toyota,Tacoma,2008
239,147,JF1CYCB30DG861468,Subaru,Forester,2013
240,148,3FAS5LKJ38U786358,Ford,F-150,2008
241,149,WDDRD29L2FA715374,Mercedes-Benz,GLC,2015
242,150,5FN4FA1MXDY885688,Honda,Civic,2013
243,150,1G11ZBHS8FL331615,Chevrolet,Silverado 1500,2015
244,151,WBSTWU5N9CL988544,BMW,3 Series,2012
245,152,KMHMXSS436W584551,Hyundai,Elantra,2006
246,152,1C37D9WM99H476963,Chrysler,Pacifica,2009
247,153,1FAB9AG6XCH767574,Ford,Explorer,2012
248,154,1FM73VY93GE758796,Ford,F-150,2016
249,155,1J4JMAFA557465865,Jeep,Cherokee,2005
250,156,4T168JUN3BV069992,Toyota,Corolla,2011
251,157,WVWGFF6935T946847,Volkswagen,Tiguan,2005
252,158,1GNP6U3Z581964976,Chevrolet,Malibu,2008
253,159,3FABYF9X15W097924,Ford,Escape,2005
254,159,1C6TE78G8EK641733,Ram,1500,2014
255,160,1HG5T0LF9DK932609,Honda,Civic,2013
256,161,JTDR38KY29X090532,Toyota,Corolla,2009
257,162,1N4TPKKYXA1175140,Nissan,Altima,2010
258,162,5FNGMGJ32GN757433,Honda,Civic,2016
259,163,4JGC8J651ER421416,Mercedes-Benz,GLE,2014
260,164,1VWX2D4M89U025809,Volkswagen,Jetta,2009
261,165,3FAM043D3JK328150,Ford,Escape,2018
262,166,5NPCZZ9W1DT554720,Hyundai,Tucson,2013
263,166,5NP69FX85B3719701,Hyundai,Elantra,2011
264,167,KNDJTWSR7G0454914,Kia,Optima,2016
265,167,1C3SFJ770G4737660,Chrysler,300,2016
266,168,1N4T3NXS5FG141158,Nissan,Frontier,2015
267,168,1J4EA0Y275M933249,Jeep,Compass,2005
268,169,JTDM88EZ252408768,Toyota,Tundra,2005
269,170,JTD71DRU6E7783526,Toyota,Tacoma,2014
270,170,5J68L74C65X036940,Honda,Odyssey,2005
271,170,KNA0R8U01BD131946,Kia,Sorento,2011
272,171,1GCZ8H3X6HX867557,Chevrolet,Equinox,2017
273,171,3FAZ9TAR6K3974699,Ford,Explorer,2019
274,171,1FMBM1127DZ619790,Ford,Expedition,2013
275,171,1GN81Z732G3424106,Chevrolet,Tahoe,2016
276,171,3C6HM4BP6EM018409,Ram,2500,2014
277,171,1GK6UKSP9GS286311,GMC,Yukon,2016
278,172,WA1TVPKD9DT245885,Audi,A4,2013
279,173,2GNF5N52893818446,Chevrolet,Malibu,2009
280,173,1C4F0UZEXDG761020,Jeep,Wrangler,2013
281,174,KMHA1DL06AN516531,Hyundai,Elantra,2010
282,175,1FM5D8J86A4547841,Ford,F-150,2010
283,176,WAUN49SJ7EJ493064,Audi,Q7,2014
284,176,5UX0D55P2B1350698,BMW,X3,2011
285,176,1FT1NKP8777764875,Ford,Expedition,2007
286,177,1N6N6DPY8EW568103,Nissan,Rogue,2014
287,178,WVWV903Z9EX289724,Volkswagen,Atlas,2014
288,179,1HGFLXHD9D7070998,Honda,Pilot,2013
289,180,2GN3AS889HB267056,Chevrolet,Silverado 1500,2017
290,181,1C4U4ATV8F0389319,Jeep,Cherokee,2015
291,182,3FAWHKLZ058269319,Ford,Escape,2005
292,183,1GTSLRE688P086243,GMC,Acadia,2008
293,184,5UXJFEX43E5103950,BMW,3 Series,2014
294,184,5NPVNG4Z16T342011,Hyundai,Elantra,2006
295,184,2C3RBDVHXG1801299,Dodge,Charger,2016
296,185,1HGSZ7PX28S622398,Honda,Accord,2008
297,186,4JG0KHNP7DM686756,Mercedes-Benz,C-Class,2013
298,187,WA14D86A45G523471,Audi,Q5,2005
299,187,1GC5F3M9XGR453191,Chevrolet,Malibu,2016
300,188,3C6XVA7AXA8870955,Ram,2500,2010
301,189,JTDSMBZNXAF523841,Toyota,Tundra,2010
302,189,1FM02BN275Z770773,Ford,Expedition,2005
303,190,1FAYFBVJXDW084190,Ford,Focus,2013
304,191,3FAJHBU41CU607697,Ford,Focus,2012
305,192,2GN5KTNTXHS856475,Chevrolet,Malibu,2017
306,193,5N107YMR0EV749485,Nissan,Rogue,2014
307,194,5N1EJ2DK958772799,Nissan,Altima,2005
308,195,1GNHMX8B1H5367291,Chevrolet,Traverse,2017
309,195,4T1L9AKX4G2242447,Toyota,RAV4,2016
310,195,1C6JWG4R3G9614140,Ram,1500,2016
311,195,1GKS620L5AG066697,GMC,Terrain,2010
312,195,3FAKXWDJ0FD259979,Ford,F-150,2015
313,195,1C634FEW6A3790476,Ram,2500,2010
314,196,5NM9K4DM0FH918104,Hyundai,Tucson,2015
315,196,1GC0DGJ98DE386928,Chevrolet,Equinox,2013
316,197,1GNMHF4W1DD307632,Chevrolet,Traverse,2013
317,197,1G1BTETC8FY596772,Chevrolet,Equinox,2015
318,197,1C6CFNTN2DW109523,Ram,1500,2013
319,197,JTDMSTC89GC417737,Toyota,Tundra,2016
320,197,1GNEFGTU6EZ143458,Chevrolet,Equinox,2014
321,198,2T1725579FK510136,Toyota,RAV4,2015
322,198,5TD8GLNY8DY078394,Toyota,RAV4,2013
323,198,1FMXXTBS0AX435466,Ford,F-150,2010
324,199,JTDEK0C23EV632191,Toyota,RAV4,2014
325,200,4S4L64472HC683724,Subaru,Outback,2017
326,201,3FAFTMFM87T015772,Ford,Escape,2007
327,202,1GCERPTL9CY969389,Chevrolet,Impala,2012
328,203,1C4A62ES75M888366,Jeep,Grand Cherokee,2005
329,204,1C3XGL6K67D144910,Dodge,Durango,2007
330,205,5TF5FK996GP354978,Toyota,Corolla,2016
331,206,5TDNZCP93HN954637,Toyota,Tacoma,2017
332,206,1G1W34SZ5GE930938,Chevrolet,Equinox,2016
333,206,JTDDPXZZ4ET343617,Toyota,Highlander,2014
334,206,2GN96BDRXH7475637,Chevrolet,Silverado 1500,2017
335,206,1C6W1WTY5JZ685242,Ram,1500,2018
336,206,3N1EWF8B4GM457773,Nissan,Rogue,2016
337,206,1FAB4E641BZ497522,Ford,F-150,2011
338,207,1FACEBW115E878269,Ford,F-150,2005
339,208,JF1LMF5U969841339,Subaru,Forester,2006
340,209,JF1BX1053G9396622,Subaru,Impreza,2016
341,209,KNAX48RY45B476528,Kia,Forte,2005
342,210,5GASLC1F95X380038,Buick,Enclave,2005
343,211,3C6PB0CF77M665355,Ram,1500,2007
344,212,JTDJCL867GM003888,Toyota,Tacoma,2016
345,213,5TFP0TEN89T936089,Toyota,Camry,2009
346,214,JTD5KYMA49B764162,Toyota,Corolla,2009
347,215,4T1RYBD42BK209445,Toyota,Camry,2011
348,216,1GNSKZAJ3GJ781199,Chevrolet,Traverse,2016
349,216,1FT3VPJU8FG958759,Ford,F-150,2015
350,216,JTDUJFXB7EE156605,Toyota,Tacoma,2014
351,216,1FMZ9NYD6ES748189,Ford,F-150,2014
352,216,1GK7D6K39EH012612,GMC,Sierra 1500,2014
353,216,1FA5ZSCP4D4967974,Ford,Explorer,2013
354,216,JTDZF8JY6HC607376,Toyota,RAV4,2017
355,217,3MZKUG5268J719115,Mazda,Mazda3,2008
356,218,5TD9T33E2CP696338,Toyota,Tundra,2012
357,219,5XYV0TWZ3B0844343,Kia,Optima,2011
358,220,2C4085PB35J174525,Dodge,Grand Caravan,2005
359,221,1G1JUXLM1EH585687,Chevrolet,Cruze,2014
360,222,1J41V4EB778849930,Jeep,Compass,2007
361,222,2GN60GLT9A4538586,Chevrolet,Silverado 1500,2010
362,222,1GC4A0GV563797403,Chevrolet,Malibu,2006
363,223,1G1UWN6E9HJ128333,Chevrolet,Tahoe,2017
364,224,JTDM48F806E619646,Toyota,Corolla,2006
365,225,5TD8KTSC2CF899170,Toyota,Prius,2012
366,226,5NMVH6E66BX601470,Hyundai,Sonata,2011
367,227,1FM4Y3N725S538107,Ford,F-150,2005
368,227,1C6LBU9R4CU306350,Ram,1500,2012
369,227,1FM438780EB462615,Ford,Fusion,2014
370,228,KMH7DZH80DX802946,Hyundai,Santa Fe,2013
371,229,WA18ZD8V7HF382465,Audi,A4,2017
372,230,5NM43B7G0B0477455,Hyundai,Elantra,2011
373,230,1GTSUPZU7HJ553519,GMC,Sierra 1500,2017
374,231,2C3GCKC51JP566555,Dodge,Grand Caravan,2018
375,231,5FNBGMP3X8B518447,Honda,Civic,2008
376,232,5NMMMWY53G3573779,Hyundai,Elantra,2016
377,232,WBAH8LX51KC059720,BMW,X3,2019
378,233,4T1ZAD1Y9D9691025,Toyota,Corolla,2013
379,234,5J6X7J466GC676793,Honda,Accord,2016
380,235,KMHHFB7F85U593934,Hyundai,Tucson,2005
381,235,1GNGPL1J87V837781,Chevrolet,Cruze,2007
382,236,3C62M4Y18FE263149,Ram,1500,2015
383,236,5NMYZN0H1C2094750,Hyundai,Elantra,2012
384,236,1J412U9T2ER128739,Jeep,Wrangler,2014
385,237,1C6GBRHG29D682388,Ram,2500,2009
386,238,5FNTJ1RX05P340289,Honda,Accord,2005
387,239,1FT60UUK55J250443,Ford,F-150,2005
388,240,KNDCA9RG2D4330705,Kia,Soul,2013
389,241,1FAMP06F250421322,Ford,Mustang,2005
390,241,1FME5ECN35V214057,Ford,Explorer,2005
391,242,2HGLJ1N649L857698,Honda,CR-V,2009
392,243,1HG5FRWN29Z638109,Honda,Accord,2009
393,244,1FTH05E389N672551,Ford,F-150,2009
394,245,WDCJKR3T5AR599767,Mercedes-Benz,E-Class,2010
395,246,5XYS4YUAXDX027351,Kia,Soul,2013
396,247,1G1RRP8F09X252911,Chevrolet,Equinox,2009
397,247,4T15SC4V0A9128920,Toyota,Camry,2010
398,248,1GTVCCZH8D0138026,GMC,Sierra 1500,2013
399,249,1GC1JFHX4AA574697,Chevrolet,Silverado 1500,2010
400,250,5NPDK1MKXD4645901,Hyundai,Tucson,2013
401,250,1VW34XK98D8996237,Volkswagen,Jetta,2013
402,251,1J4NGSDL0EX526817,Jeep,Grand Cherokee,2014
403,251,1N6NTEAA5E7970228,Nissan,Maxima,2014
404,252,1C3JG49G9A4651858,Dodge,Charger,2010
405,253,5UXTCGC29B3181223,BMW,X5,2011
406,254,4T1N1L5Z39W048965,Toyota,RAV4,2009
407,255,WBSDP8UW65A173882,BMW,X5,2005
408,256,1C3V58SH2D1792603,Chrysler,300,2013
409,257,3N101DK11G6113190,Nissan,Sentra,2016
410,258,1FT1MBTM5AX974372,Ford,Escape,2010
411,259,5TDC62PK28Y066750,Toyota,RAV4,2008
412,260,WA1767YB1H6101630,Audi,A4,2017
413,261,1FTKF64E99S907554,Ford,Focus,2009
414,262,1FA2DBFS0DA320331,Ford,F-150,2013
415,262,5J6ZWLHS2CB891537,Honda,CR-V,2012
416,263,JTD4GGFCX7H814921,Toyota,Sienna,2007
417,264,KMHJWJG07EK142416,Hyundai,Tucson,2014
418,265,1C4HZVUG2CB468804,Jeep,Compass,2012
419,266,4S4LG2NK7GA217463,Subaru,Forester,2016
420,267,JTD68DTP48R709220,Toyota,Camry,2008
421,268,WAUXFM6SXEG446522,Audi,Q5,2014
422,269,WBS92W2W2HP456146,BMW,3 Series,2017
423,270,5J6FV1AV15M377510,Honda,Civic,2005
424,271,1G11M8CT7G5486101,Chevrolet,Silverado 1500,2016
425,272,WBA98VB7XCB193772,BMW,5 Series,2012
426,272,4JGPYREP692605493,Mercedes-Benz,C-Class,2009
427,273,1GN7BDDA4A5859767,Chevrolet,Equinox,2010
428,274,2GNTCCMK79F574740,Chevrolet,Malibu,2009
429,275,1C6L46FUXCC687500,Ram,1500,2012
430,276,1FMG15YR173291041,Ford,F-150,2007
431,276,3FAAL0DA8J3475517,Ford,F-150,2018
432,276,3C6RLEZU6DJ206842,Ram,1500,2013
433,277,5J642AFB8DY278088,Honda,CR-V,2013
434,278,5N115GD7X89680563,Nissan,Sentra,2008
435,279,1GNT964837J579700,Chevrolet,Silverado 1500,2007
436,279,1G1YZGSFXA3069922,Chevrolet,Tahoe,2010
437,279,3C6NPDY6363322488,Ram,1500,2006
438,280,JF1ZPJ504DV673714,Subaru,Forester,2013
439,281,1HG1ZMWY2BZ705560,Honda,Accord,2011
440,282,KNDPGXHZ4FY957120,Kia,Sorento,2015
441,283,1GTJ03B74A0714019,GMC,Sierra 1500,2010
442,283,1FMRPC5A7G4076252,Ford,F-150,2016
443,283,5N121H521G4319906,Nissan,Pathfinder,2016
444,283,1FME1AZ67BR479007,Ford,F-150,2011
445,283,1FTFDWCU4GB309305,Ford,Escape,2016
446,283,1FTZ0KY4XJZ843529,Ford,F-150,2018
447,284,JF1LY4E09HK409531,Subaru,Crosstrek,2017
448,284,1N6DA0FS05K730085,Nissan,Altima,2005
449,285,2C406M8N3BP926676,Dodge,Durango,2011
450,286,4T18YPDC5G4437385,Toyota,Tacoma,2016
451,287,1C3H9LX14EW594903,Dodge,Durango,2014
452,288,1HGVX59Y65W413182,Honda,Civic,2005
453,289,1GNK3D5635N948253,Chevrolet,Silverado 1500,2005
454,289,1G1BX0A65DD929020,Chevrolet,Equinox,2013
455,290,KNAKJLGZ1HB571585,Kia,Sportage,2017
456,291,3C630H7P762750888,Ram,1500,2006
457,292,1FAFBZFB7FY550040,Ford,F-150,2015
458,292,5N1L8BET7EB524225,Nissan,Rogue,2014
459,292,1GTYTJE68JN231326,GMC,Sierra 1500,2018
460,292,2GNLAAER7DH596322,Chevrolet,Equinox,2013
461,292,1GKBBXGF8H8507218,GMC,Yukon,2017
462,292,1C6D8SWW5HF491070,Ram,1500,2017
463,293,2C3BB1FY8KN755763,Dodge,Grand Caravan,2019
464,293,2GNV8WNF3CA490948,Chevrolet,Malibu,2012
465,294,WDCXH6KU29Y164398,Mercedes-Benz,C-Class,2009
466,295,1GCGE4CM15V664761,Chevrolet,Silverado 1500,2005
467,295,JTJ13S1F9C1805338,Lexus,ES 350,2012
468,296,5FNVWKDW36E117403,Honda,Accord,2006
469,296,WDC22PEA7G9902495,Mercedes-Benz,GLC,2016
470,297,1GCHGTU09FD298639,Chevrolet,Malibu,2015
471,297,4S4MRYN43GG489170,Subaru,Crosstrek,2016
472,298,5UXJ6LWW9EB721749,BMW,X5,2014
473,298,5N17192P39B333610,Nissan,Rogue,2009
474,299,2T2DYXYZXFV751661,Lexus,RX 350,2015
475,300,4T1397L545T533845,Toyota,Camry,2005
476,301,5TDZHEP455X989331,Toyota,Corolla,2005
477,302,2C3BC1AB6CF502954,Chrysler,Pacifica,2012
478,302,4T1H7Y9V395163880,Toyota,Corolla,2009
479,303,1GC327RG2AH469609,Chevrolet,Tahoe,2010
480,304,KNA9H8FF6AV014304,Kia,Sportage,2010
481,305,5FNMZ7CT25S684807,Honda,Accord,2005
482,306,WA1PAHB4X8A927226,Audi,Q7,2008
483,307,5TFET7T18FK344411,Toyota,RAV4,2015
484,308,KNADWJYV9EX063437,Kia,Forte,2014
485,309,1GKCZGJH3C8687369,GMC,Acadia,2012
486,309,55SVG6242G7159308,Mercedes-Benz,GLE,2016
487,310,2GNNRC3W2FH585236,Chevrolet,Silverado 1500,2015
488,310,2C3HD7168HP552043,Dodge,Challenger,2017
489,311,3VWBLJNU2A3552957,Volkswagen,Atlas,2010
490,312,5GA24WZ74BV741923,Buick,Encore,2011
491,313,3FATM0SM1HJ925419,Ford,Fusion,2017
492,313,1VW6K0P869V407866,Volkswagen,Tiguan,2009
493,314,3C6HJ4LMXEG235537,Ram,1500,2014
494,314,1GT31NP80BP840373,GMC,Sierra 1500,2011
495,314,1GCX712N5ER533585,Chevrolet,Silverado 1500,2014
496,315,4S3Y57YP3AS769855,Subaru,Forester,2010
497,315,5NM4SX5R764040457,Hyundai,Elantra,2006
498,316,1GNE73KS2HA713237,Chevrolet,Cruze,2017
499,317,1FAEWC3C09E754579,Ford,Mustang,2009
500,318,5NP5C46L3F9249372,Hyundai,Sonata,2015
501,318,4JGNZ3RS8EY614459,Mercedes-Benz,GLC,2014
502,319,KNATRC5139G660072,Kia,Optima,2009
503,320,1G4DHFWV3A0787488,Buick,Enclave,2010
504,321,1C4P87SW850684708,Jeep,Cherokee,2005
505,322,1GNDJW7V799914426,Chevrolet,Silverado 1500,2009
506,323,5NM546164DR873198,Hyundai,Tucson,2013
507,324,5TFSKSFP18A450300,Toyota,Sienna,2008
508,325,WBSELX9C3EF193700,BMW,5 Series,2014
509,326,5TFM4NZP8FG922423,Toyota,Sienna,2015
510,327,1GC09PPG6D5925361,Chevrolet,Silverado 1500,2013
511,327,2HGP80JV7EJ813267,Honda,Civic,2014
512,328,2C31721J0F2636545,Dodge,Challenger,2015
513,329,KMHCV7V18BT000432,Hyundai,Elantra,2011
514,330,1GCXVLVRXBY818476,Chevrolet,Cruze,2011
515,331,2C407DKKXHJ483448,Dodge,Challenger,2017
516,332,KND9CLXF9J6621309,Kia,Sorento,2018
517,333,KND3Z6MU2H0370624,Kia,Forte,2017
518,334,5TDW9N6M2G3959036,Toyota,Camry,2016
519,335,1GCNLJ8U1A4626659,Chevrolet,Equinox,2010
520,335,1N4RMW4D1J7707179,Nissan,Altima,2018
521,336,JTD8MPSX1EU630460,Toyota,Highlander,2014
522,337,JTHF04UD25N387836,Lexus,RX 350,2005
523,338,2C3B5SK09CW837090,Dodge,Grand Caravan,2012
524,339,1C6R7KS53DE436848,Ram,1500,2013
525,340,WVGFXGEN5HV574929,Volkswagen,Jetta,2017
526,341,1FTD5Y2W3JX757418,Ford,F-150,2018
527,341,1GK15BMH1HB353708,GMC,Terrain,2017
528,341,1GTYS9VD2HC962646,GMC,Sierra 1500,2017
529,341,1FAVAW4N6LL546063,Ford,Expedition,2020
530,341,5N1VLTFC9EC758551,Nissan,Rogue,2014
531,341,5N1740GK5E9465060,Nissan,Pathfinder,2014
532,342,5FNV76672F2168077,Honda,Civic,2015
533,343,5NP2TX2X18P932425,Hyundai,Sonata,2008
534,344,55SF0J0N68W038778,Mercedes-Benz,GLE,2008
535,344,4T1BATX89G4185179,Toyota,Tacoma,2016
536,345,1FM4AR5G2D5532232,Ford,Focus,2013
537,346,2T1EHK6D6CR414461,Toyota,RAV4,2012
538,346,4JGT1K1V7EL711101,Mercedes-Benz,GLC,2014
539,347,3C6BLU5G3DK868643,Ram,1500,2013
540,347,4T1H81XEXBR560590,Toyota,RAV4,2011
541,348,1FMF9BMP0CY478999,Ford,Explorer,2012
542,349,1C4FBBFA2D7529964,Jeep,Compass,2013
543,350,1GKJZJ8L5J3716041,GMC,Sierra 1500,2018
544,350,1FA50K8Y6GX429338,Ford,F-150,2016
545,350,1C60JFUZ1H4216041,Ram,1500,2017
546,351,1GT8M31A7BN673051,GMC,Sierra 1500,2011
547,352,KNDLGU1V05K036700,Kia,Optima,2005
548,353,JM1MV7FS1EM641856,Mazda,CX-9,2014
549,354,2GNVZRZM475223971,Chevrolet,Traverse,2007
550,354,1FM5366J4HL756949,Ford,Expedition,2017
551,354,3FA00XMC5DL205776,Ford,F-150,2013
552,354,3C6DUDGA1HA518504,Ram,2500,2017
553,354,1G106YLY1GC165247,Chevrolet,Tahoe,2016
554,354,1C61MYC80BE867484,Ram,2500,2011
555,354,1N40TK0Y1EZ941765,Nissan,Pathfinder,2014
556,354,3FANDP381FH198368,Ford,F-150,2015
557,355,5FNWL1P04FV181271,Honda,Civic,2015
558,355,4T1UDKS33CW558690,Toyota,Highlander,2012
559,355,1FAF1CWL8DW999003,Ford,Mustang,2013
560,356,3N1TXP4A8EX332312,Nissan,Sentra,2014
561,357,1FM8BTF81FH587940,Ford,Mustang,2015
562,358,4T1SWV617BU912667,Toyota,RAV4,2011
563,359,1C6Z1NB86KS224845,Ram,2500,2019
564,360,3C688KED1DU124145,Ram,1500,2013
565,361,1GKAVCRD9F0761278,GMC,Yukon,2015
566,362,2T1S1ER72E2339476,Toyota,Tundra,2014
567,363,2C3XMCES15B048079,Dodge,Grand Caravan,2005
568,364,1FTPJFVN6BR369752,Ford,F-150,2011
569,365,KNAAUKKT99K863079,Kia,Sorento,2009
570,365,5N1B9MGM4FF701690,Nissan,Altima,2015
571,366,1FMML4UX0EN868378,Ford,Explorer,2014
572,366,1GKVDVLR0H7290815,GMC,Acadia,2017
573,366,1GKZ2CJA6JN944520,GMC,Acadia,2018
574,367,1J4ENF730H4604771,Jeep,Cherokee,2017
575,368,3N1471JY9F7552059,Nissan,Altima,2015
576,369,2C3YPK5C3DR695331,Dodge,Durango,2013
577,370,1J4H3ZSU0B4238094,Jeep,Wrangler,2011
578,371,1GNL67T10D2979688,Chevrolet,Equinox,2013
579,372,JTD7HR1Y8AZ032966,Toyota,Camry,2010
580,372,5N1BVFP37KD371547,Nissan,Sentra,2019
581,373,5UXH4ZKDXHX598725,BMW,3 Series,2017
582,374,1G1MCD3L9C0073824,Chevrolet,Silverado 1500,2012
583,375,2GN8UCK25DB623360,Chevrolet,Traverse,2013
584,376,1HGKWAD1XED154698,Honda,Accord,2014
585,376,1GK94CRU05P770978,GMC,Sierra 1500,2005
586,377,1FT33P5F6CG955176,Ford,Escape,2012
587,378,2T2BDGJU3AC493733,Lexus,IS 250,2010
588,379,3FA0SHE92D6082424,Ford,Expedition,2013
589,380,1FM5T4C135A449630,Ford,F-150,2005
590,381,2C47JDUE477031711,Dodge,Durango,2007
591,382,2C4DWPA0X9G586874,Dodge,Challenger,2009
592,383,1J41H3ENXHE504941,Jeep,Cherokee,2017
593,384,1HGWU5EC5AP341869,Honda,Civic,2010
594,385,3FA11ALC2CL292714,Ford,Mustang,2012
595,386,3N1KLZS53FC306380,Nissan,Altima,2015
596,387,JF12N89266D627306,Subaru,Forester,2006
597,388,2C3NEDKK5BD231788,Dodge,Charger,2011
598,389,2T12CVH725T247645,Toyota,Camry,2005
599,390,1FA324R507N361258,Ford,Escape,2007
600,391,5J653X0G6C7554491,Honda,Odyssey,2012
601,391,5TF6GX1K7GR895071,Toyota,Highlander,2016
602,392,3C6VGK4RXKU766251,Ram,1500,2019
603,392,1FAV0F8G7JL053195,Ford,Explorer,2018
604,392,5N1CET9W4J9198873,Nissan,Frontier,2018
605,393,1HG6EKD9XF8506527,Honda,Civic,2015
606,394,1FAJT86LXKN453565,Ford,Explorer,2019
607,394,1C6TKW8T5HS937099,Ram,1500,2017
608,394,1N6BH3835L6019093,Nissan,Rogue,2020
609,394,1GCCYLAEXHJ127538,Chevrolet,Tahoe,2017
610,394,4T1LFEUN7C4197921,Toyota,RAV4,2012
611,394,2GNMWF6K8DY780107,Chevrolet,Silverado 1500,2013
612,394,1GCWNW017GN714406,Chevrolet,Equinox,2016
613,395,JM1YFZ28XB7958730,Mazda,Mazda6,2011
614,396,WBSF7GY395C514215,BMW,3 Series,2005
615,397,5XY6ASF566J412497,Kia,Sportage,2006
616,398,1GCJE0JD36G991363,Chevrolet,Silverado 1500,2006
617,399,2HGZCFAY3JU752450,Honda,Accord,2018
618,400,1G1VMGC79EP462527,Chevrolet,Silverado 1500,2014
619,401,1HGW2JF495T081687,Honda,Odyssey,2005
620,401,1VWRTFPM3CG088142,Volkswagen,Tiguan,2012
621,402,1GKMJM8X7E7195041,GMC,Sierra 1500,2014
622,403,5FNZKPAE25X162776,Honda,CR-V,2005
623,404,KNDLBYGD8JF497294,Kia,Sorento,2018
624,404,KNA7HZEJ15B920502,Kia,Soul,2005
625,405,JM1UDA2J57L233933,Mazda,Mazda3,2007
626,406,1GNS6WUH45X352353,Chevrolet,Silverado 1500,2005
627,407,2T100S3KXDH674292,Toyota,RAV4,2013
628,407,1GTH2JEK072689131,GMC,Terrain,2007
629,408,5FNLHL1U7JA364644,Honda,Accord,2018
630,409,3N1WTT8L98R598525,Nissan,Altima,2008
631,410,1N439HD56GD198373,Nissan,Altima,2016
632,410,3C6SB0KY3FA949949,Ram,2500,2015
633,411,KND5U2N378T602249,Kia,Sorento,2008
634,412,5NMFL6M35BG711338,Hyundai,Elantra,2011
635,413,3C6HERSF4LH897223,Ram,1500,2020
636,414,4T1USB6E5EJ271952,Toyota,RAV4,2014
637,415,1FMDJ0BD8F3727370,Ford,Explorer,2015
638,416,5NPA7EFW7DK714860,Hyundai,Sonata,2013
639,417,1FMSAJFY3CT373599,Ford,Mustang,2012
640,418,KNDBNZ3D65W759320,Kia,Soul,2005
641,418,3FAB27A0XH3961817,Ford,Fusion,2017
642,418,5J6RPWCF0HM438019,Honda,Accord,2017
643,419,1GK9GCMZ5E9863350,GMC,Acadia,2014
644,419,3N15JGYU8EN053517,Nissan,Pathfinder,2014
645,419,1GC3Z6TJ8JX124892,Chevrolet,Tahoe,2018
646,419,2T126GYP4KG620868,Toyota,Highlander,2019
647,420,1HGXFA7P7JZ830530,Honda,Civic,2018
648,420,1FALZ6L05ED747441,Ford,Escape,2014
649,421,1N69YZF87HV080135,Nissan,Maxima,2017
650,422,1G1JGBF38CP253830,Chevrolet,Tahoe,2012
651,423,2T20P5109FV814699,Lexus,RX 350,2015
652,424,5FNJ4WVTXFT689824,Honda,Civic,2015
653,425,1N45NBP9XAY729512,Nissan,Maxima,2010
654,425,WDCHMDX83KA345542,Mercedes-Benz,C-Class,2019
655,426,1N4246H4XLL609581,Nissan,Rogue,2020
656,426,2T1EP6C24J2254311,Toyota,RAV4,2018
657,426,1C68Y22N8JR416253,Ram,1500,2018
658,427,2GNEXG0Y1FJ755033,Chevrolet,Cruze,2015
659,428,5TDAUD5158V580628,Toyota,Corolla,2008
660,429,JTD01U5R3AU937950,Toyota,RAV4,2010
661,430,1GCTFUGJXAL198376,Chevrolet,Equinox,2010
662,431,3FATW2TL4EK678897,Ford,Fusion,2014
663,432,1C31VU1L4GP263930,Chrysler,300,2016
664,433,1C4WDM9B7D3297668,Jeep,Compass,2013
665,434,2GNVSRA82EP780317,Chevrolet,Equinox,2014
666,435,KNDDAVJX4CF952394,Kia,Optima,2012
667,436,1FMX593G3KB215076,Ford,Escape,2019
668,437,1C4AXFRG06L379222,Jeep,Wrangler,2006
669,438,5FNFLMER0DS601061,Honda,Pilot,2013
670,438,1FMD8NRW58M294247,Ford,Explorer,2008
671,439,3N141Z3T9HN336759,Nissan,Altima,2017
672,440,1FTT20615E6402444,Ford,Fusion,2014
673,441,1J44BVAU5H1652669,Jeep,Grand Cherokee,2017
674,441,KMHN4LF62CB916979,Hyundai,Sonata,2012
675,442,3FADEMLWXCT281456,Ford,Fusion,2012
676,443,1C63CL7098A444647,Ram,1500,2008
677,443,5TFZSJ1MXC7509081,Toyota,Highlander,2012
678,444,1GK3S6DB88H101374,GMC,Sierra 1500,2008
679,444,5XY5USX06A5705968,Kia,Optima,2010
680,444,2HGSR0PS4DU290890,Honda,CR-V,2013
681,445,5N19U8XKXHF183591,Nissan,Altima,2017
682,446,3FA5FPMSXJ6905671,Ford,Explorer,2018
683,447,1GTSJZDRXFE387011,GMC,Acadia,2015
684,448,1G4YW6HD8C7359714,Buick,LaCrosse,2012
685,449,1GC79AK378K186329,Chevrolet,Silverado 1500,2008
686,450,1FTB1U8RXGB880636,Ford,F-150,2016
687,450,3FA6M06P7FJ213172,Ford,Escape,2015
688,451,5NM56LC58GT050312,Hyundai,Tucson,2016
689,452,2GN63C6S0JR947209,Chevrolet,Impala,2018
690,453,1C61T8M01JK452167,Ram,1500,2018
691,453,3FA8YJJ79HF321017,Ford,Explorer,2017
692,453,1GCKK5ZS8JF907422,Chevrolet,Equinox,2018
693,453,1C6932JV1H6586938,Ram,1500,2017
694,454,5J6DB2247HG120219,Honda,Civic,2017
695,455,5NPLS7U72GA221841,Hyundai,Elantra,2016
696,455,JM1XXNUN7AG226235,Mazda,CX-9,2010
697,456,5FN9PDMP3CC505144,Honda,CR-V,2012
698,456,5NP2N1BSXEA318712,Hyundai,Elantra,2014
699,457,WBA77TXV95B734321,BMW,X3,2005
700,458,1FTJZUV4XDL396128,Ford,Mustang,2013
701,459,1GNN74UD65R436321,Chevrolet,Tahoe,2005
702,460,1FMXE5FF6JE483693,Ford,Escape,2018
703,461,1GTN4ELW083083981,GMC,Sierra 1500,2008
704,462,1GNTS03R2F8335330,Chevrolet,Malibu,2015
705,463,5NP7W1HY4FN466413,Hyundai,Santa Fe,2015
706,464,1C4LUBWG49Y126202,Jeep,Grand Cherokee,2009
707,465,1FT9DZ035E0917529,Ford,Mustang,2014
708,466,2GNCVJJPXGN999970,Chevrolet,Equinox,2016
709,467,1GK3TEEE5DT174094,GMC,Acadia,2013
710,467,1FMWCHGL7K4558755,Ford,F-150,2019
711,468,1GTBTWFL8GE152450,GMC,Yukon,2016
712,469,1N4071KPX6N604846,Nissan,Altima,2006
713,470,5NMPJGF9654333909,Hyundai,Sonata,2005
714,471,1J4DLRGZ6FU020752,Jeep,Grand Cherokee,2015
715,472,1C3JVC7X4F4089149,Chrysler,Pacifica,2015
716,473,5J6CSU6S0GV640191,Honda,Civic,2016
717,474,2GNWJZY58KV891710,Chevrolet,Silverado 1500,2019
718,474,3VWDTBEGXFA774643,Volkswagen,Tiguan,2015
719,475,5UXKMFGJ48G643032,BMW,5 Series,2008
720,476,5J635DME4D3566530,Honda,Accord,2013
721,477,4T1PG9610EX654022,Toyota,Camry,2014
722,478,JTDHTKFG2C4122124,Toyota,RAV4,2012
723,479,1GKBYWNN7CT172400,GMC,Sierra 1500,2012
724,480,2T11HCGF78G818358,Toyota,RAV4,2008
725,481,5TFWL0UMXHG753407,Toyota,Corolla,2017
726,482,2T1ST7HU2DD654293,Toyota,Tundra,2013
727,483,1FTY37MW8C9828618,Ford,Focus,2012
728,484,5NPLUZ3F87V789471,Hyundai,Elantra,2007
729,485,4T1G04GN28X391707,Toyota,Tacoma,2008
730,486,1J4ED55NXGV764313,Jeep,Wrangler,2016
731,487,2C3PDAPH653961789,Dodge,Challenger,2005
732,488,5TF2UVT58FP607880,Toyota,Sienna,2015
733,488,1FA3UUTZ8J1248341,Ford,F-150,2018
734,488,1FTNSBAR8JR293360,Ford,F-150,2018
735,488,5TDDPUBT1DN741156,Toyota,Tacoma,2013
736,488,2T16HJBN5F6977486,Toyota,RAV4,2015
737,488,1FTRJ6UY7H0191044,Ford,F-150,2017
738,489,5NPGHMAS1FM609194,Hyundai,Tucson,2015
739,490,1VWYTKAD4C2889429,Volkswagen,Tiguan,2012
740,491,1N4XHSH74D5500522,Nissan,Frontier,2013
741,492,KL479KD75EH380138,Buick,Encore,2014
742,493,JF1D23N36AM340270,Subaru,Impreza,2010
743,494,1N44GSWE9GA645381,Nissan,Rogue,2016
744,495,JTDULT6G15Y770019,Toyota,Tacoma,2005
745,496,1C666N2R9E7964054,Ram,2500,2014
746,496,5N1WHW7F4EX356672,Nissan,Rogue,2014
747,497,3C6HRW0N4HS254975,Ram,2500,2017
748,498,JTDEWW5Z65M032904,Toyota,Corolla,2005
749,499,1N68MGLT2JM133176,Nissan,Maxima,2018
750,500,5NPC0LEG0C4172435,Hyundai,Elantra,2012
751,500,3C6X4P860G9220910,Ram,1500,2016
752,500,WBAYTTVW29T802941,BMW,X5,2009
753,501,4S4RR6070FX445024,Subaru,Impreza,2015
754,502,3VWPMV679K8642193,Volkswagen,Jetta,2019
755,502,5TDD1N740HR005848,Toyota,Corolla,2017
756,503,1FASFXR91JY974564,Ford,F-150,2018
757,504,4T18WXVU0GU698128,Toyota,Camry,2016
758,505,1FTHTAM03HS161921,Ford,F-150,2017
759,505,5XY9RHC718A517207,Kia,Forte,2008
760,505,KND8AMEAXJ7588054,Kia,Soul,2018
761,506,1J4GN0WS4C0812893,Jeep,Wrangler,2012
762,507,1GKKWGFC8JN657591,GMC,Sierra 1500,2018
763,508,1FA44ECJ7AV112652,Ford,Focus,2010
764,509,1FMZBVK67KN245134,Ford,F-150,2019
765,510,3N1ND42U8CT510902,Nissan,Sentra,2012
766,510,JTDPGXDK3JJ926676,Toyota,RAV4,2018
767,511,1FMUJ7612EF109936,Ford,F-150,2014
768,512,1HGEKDJD25Z480104,Honda,Accord,2005
769,512,1GCNFEJT4E3443624,Chevrolet,Malibu,2014
770,513,WVWVZDPZ28F686543,Volkswagen,Jetta,2008
771,514,1GKHGFK43CW787209,GMC,Yukon,2012
772,515,55SJY6989C1063998,Mercedes-Benz,GLE,2012
773,516,5NP9SSGS95D272455,Hyundai,Elantra,2005
774,516,5TD8ATUS8DB246696,Toyota,RAV4,2013
775,517,1GCV5D219EV393821,Chevrolet,Malibu,2014
776,518,1FAHA8E77JE499250,Ford,Explorer,2018
777,519,5FNT8ZX78JH389578,Honda,CR-V,2018
778,519,2T1E40HVXK2144339,Toyota,Corolla,2019
779,520,1C35PYKM1F0278564,Chrysler,300,2015
780,521,2GNBY28E9F1188891,Chevrolet,Silverado 1500,2015
781,521,2T2U4BP5XCV274786,Lexus,RX 350,2012
782,522,4T11NM5D79Y518870,Toyota,Corolla,2009
783,523,1FTVJ4XT2FR246446,Ford,Escape,2015
784,523,5XY00EH36A2506288,Kia,Forte,2010
785,523,5FNEYYDX1F6354939,Honda,CR-V,2015
786,524,3FAHJEKS0F6703500,Ford,F-150,2015
787,524,1GTX4TBJ7JK418149,GMC,Yukon,2018
788,524,1GC4EURN89C381777,Chevrolet,Traverse,2009
789,524,1N6VR84H0LE726326,Nissan,Rogue,2020
790,524,2GNKY8C02HB115924,Chevrolet,Silverado 1500,2017
791,524,1GNJPLP57FZ200632,Chevrolet,Tahoe,2015
792,524,1FAW4L4E4FE409030,Ford,Escape,2015
793,525,1FM0DWTJ7GG991834,Ford,Explorer,2016
794,526,4T16N7AM7KC004372,Toyota,RAV4,2019
795,527,5UXKFSUJ9HA232641,BMW,X5,2017
796,528,1GKYAH1GXEL157586,GMC,Sierra 1500,2014
797,528,3N18Y5276HK725984,Nissan,Rogue,2017
798,528,1C6GVAG80J5282881,Ram,1500,2018
799,528,1GKMW8773KR140161,GMC,Yukon,2019
800,528,2GN3BLG56AM896732,Chevrolet,Equinox,2010
801,528,1FM3K4809JJ317265,Ford,Escape,2018
802,529,KMHJTXDM952961124,Hyundai,Tucson,2005
803,530,1HGME20C3FX697545,Honda,Pilot,2015
804,531,1G4VGTTX17A614275,Buick,Encore,2007
805,532,1G1RF7BCXL0564273,Chevrolet,Traverse,2020
806,533,KMH9NRF30GE722429,Hyundai,Tucson,2016
807,534,2GNBUZ6S9JD645994,Chevrolet,Equinox,2018
808,535,1GTMKNVJ56Z188125,GMC,Sierra 1500,2006
809,536,3C6V5YDB75B415714,Ram,1500,2005
810,537,2HGCJNKT595027382,Honda,CR-V,2009
811,537,1FTJLD4885U457381,Ford,Focus,2005
812,538,1GNR8T7S381033130,Chevrolet,Traverse,2008
813,539,5J6CUT4285W923260,Honda,CR-V,2005
814,540,1N4R65VN6GU243019,Nissan,Altima,2016
815,541,1GTW2ABT3DF644337,GMC,Yukon,2013
816,542,JF1CUS7P1DX587053,Subaru,Forester,2013
817,543,1N6L5R4A55Z928246,Nissan,Sentra,2005
818,543,5FN6X5A898W069489,Honda,CR-V,2008
819,544,2GNKFZ8M7EK506392,Chevrolet,Equinox,2014
820,545,5TFNKRX57AR726456,Toyota,Camry,2010
821,545,KNACB1R48DZ513627,Kia,Sorento,2013
822,546,3FA9GF856AJ437707,Ford,F-150,2010
823,547,KND8EBAJ1GJ967308,Kia,Soul,2016
824,547,JM35RTHL0F7730624,Mazda,Mazda3,2015
825,547,2T1B40DC252678642,Toyota,Tacoma,2005
826,548,WAUSJSSN152168961,Audi,A4,2005
827,549,3N1XN5405B4624130,Nissan,Altima,2011
828,549,55SLFE0J3HD030168,Mercedes-Benz,GLE,2017
829,550,5FNDJZ6Z5HM798358,Honda,Civic,2017
830,551,1C3F5NNF0H0346491,Dodge,Grand Caravan,2017
831,552,5UX4R6ET5FZ823541,BMW,5 Series,2015
832,552,2C44UYXE2LH193791,Dodge,Durango,2020
833,552,1HGUC64555U563385,Honda,Odyssey,2005
834,553,5GAY5CZY8FX343137,Buick,Enclave,2015
835,553,WAUNHZHB6E3922610,Audi,A4,2014
836,553,1GCJX44A8KK432546,Chevrolet,Malibu,2019
837,554,JTJD2MWK45H751278,Lexus,RX 350,2005
838,555,1HGBAGU59GA800290,Honda,Civic,2016
839,555,5J68ESL40AM257372,Honda,Pilot,2010
840,555,1GCE8CYZ2A7021265,Chevrolet,Silverado 1500,2010
841,556,5TDBW8KB97U253379,Toyota,Camry,2007
842,557,1FTMV74056B268333,Ford,Explorer,2006
843,557,1C643U6FXH2517180,Ram,1500,2017
844,557,3C6JVKZ08JN087540,Ram,1500,2018
845,557,3C6AEW377GY503632,Ram,1500,2016
846,557,1FAE09YS3HZ665312,Ford,Explorer,2017
847,557,1FM8TMKJ3G4130678,Ford,F-150,2016
848,557,1FAG5HJR5HZ997179,Ford,Explorer,2017
849,557,1GCSCBVS4H3465994,Chevrolet,Silverado 1500,2017
850,558,WBA48YAJ8J1292439,BMW,3 Series,2018
851,559,5N1CDVPS4A3957099,Nissan,Sentra,2010
852,560,2C3VT59A492911048,Dodge,Durango,2009
853,561,3FAA3FG91HE426274,Ford,Explorer,2017
854,562,2C31749N95H172072,Chrysler,Pacifica,2005
855,563,1HGNJ7482C9137051,Honda,Civic,2012
856,564,1G47MHB50H1210044,Buick,Enclave,2017
857,565,1C4XVRBW9LS244292,Jeep,Grand Cherokee,2020
858,565,5UXXLCKBXJB490893,BMW,X5,2018
859,566,2C41V7BV9H7971728,Dodge,Challenger,2017
860,567,5N19ARRW8F4950040,Nissan,Altima,2015
861,568,1J4MUKPB397600874,Jeep,Compass,2009
862,569,KMHNRB04357170986,Hyundai,Elantra,2005
863,569,1FA595H68HP251813,Ford,Focus,2017
864,570,1FM133XX8DE991028,Ford,Mustang,2013
865,571,3C6STRJ368X922719,Ram,1500,2008
866,572,1GCJJY8R2ED606824,Chevrolet,Silverado 1500,2014
867,573,1HGVCRKR1FJ078238,Honda,Accord,2015
868,574,5NP6C5UL8GN241208,Hyundai,Tucson,2016
869,575,5GAFV1070FX979888,Buick,Encore,2015
870,575,5N13GV3UXHM322925,Nissan,Altima,2017
871,575,JF1JFG7R8FU173904,Subaru,Crosstrek,2015
872,576,5UXJACHV3EW576851,BMW,3 Series,2014
873,576,1FTYFT7P395338401,Ford,Explorer,2009
874,576,3N10ZM5W2KF943847,Nissan,Pathfinder,2019
875,577,1C408LJK4BG195380,Jeep,Grand Cherokee,2011
876,578,5TFJJGNG3F7879851,Toyota,RAV4,2015
877,578,1GKB6D2Z4CW225716,GMC,Acadia,2012
878,578,5TFZ2B3GXG5125560,Toyota,Tacoma,2016
879,578,4T1RY89E1K2016868,Toyota,Highlander,2019
880,578,1GTHA6U09KF848200,GMC,Acadia,2019
881,578,JTDTKVG12EU125472,Toyota,RAV4,2014
882,579,3VW4R61V89N624506,Volkswagen,Passat,2009
883,580,WDDND4E955K417074,Mercedes-Benz,C-Class,2005
884,581,3FA9SBJ06G9659339,Ford,Mustang,2016
885,582,KNDAHCCRXJ1499491,Kia,Sportage,2018
886,583,1GK3UX2J1E5827813,GMC,Sierra 1500,2014
887,584,3C6K9JPW4H1718215,Ram,1500,2017
888,584,3FALHU1E8HR915235,Ford,Escape,2017
889,584,5TDD47KU8FA202398,Toyota,Tacoma,2015
890,584,1GKF89V05FN467365,GMC,Sierra 1500,2015
891,584,2GNN1YZJ4HV785183,Chevrolet,Silverado 1500,2017
892,585,3C6BLWNW7CL383918,Ram,1500,2012
893,586,1GNVV89X1FF512448,Chevrolet,Equinox,2015
894,587,1FA4AAFL4DL896741,Ford,F-150,2013
895,588,3MZEHRX22FP822682,Mazda,CX-9,2015
896,588,1FMS6D1285B428918,Ford,F-150,2005
897,589,1FAL4E0R5J4293391,Ford,F-150,2018
898,589,KNAH0YUZ0GV516959,Kia,Sportage,2016
899,590,1C4RR5DN9AS227970,Jeep,Grand Cherokee,2010
900,591,1FTL3VFU47N151980,Ford,F-150,2007
901,592,JTDDF2583DD576979,Toyota,Tacoma,2013
902,592,1C6ZLL0C4FR789159,Ram,1500,2015
903,593,5XYS95D78C1769267,Kia,Forte,2012
904,594,1GTBDJS71CU844493,GMC,Yukon,2012
905,595,1C6JX6R52J3918213,Ram,1500,2018
906,596,1FAU0S8Z1K9307777,Ford,Escape,2019
907,597,1J4MX2KG0GP044806,Jeep,Grand Cherokee,2016
908,598,2HGNNMNT1GA535842,Honda,Accord,2016
909,598,5GAH3W4K5F1064838,Buick,Encore,2015
910,599,WBSG0XFF8DZ240619,BMW,3 Series,2013
911,600,3N1U17AE2CN466562,Nissan,Altima,2012
912,601,1G1CG4T665U034064,Chevrolet,Silverado 1500,2005
913,602,4S44XLN7756679222,Subaru,Forester,2005
914,603,WDC1W6KZ4FB219665,Mercedes-Benz,C-Class,2015
915,604,1FA3C5XV0JT959648,Ford,Focus,2018
916,605,JTDTNJX097U719244,Toyota,RAV4,2007
917,606,3FA498BE4DN244865,Ford,F-150,2013
918,607,2T1K5CF00HB854223,Toyota,Highlander,2017
919,607,1GCRXWPN3JU833891,Chevrolet,Equinox,2018
920,607,1GKWJ1HP6G1153893,GMC,Sierra 1500,2016
921,607,1FT08DEU7JV989413,Ford,Expedition,2018
922,607,1GKCVHPZ8K1592055,GMC,Terrain,2019
923,607,2GN8E1E0XG7984263,Chevrolet,Equinox,2016
924,607,1FAWV4RX9G0385352,Ford,Explorer,2016
925,607,1C6H7FJE2H4257491,Ram,1500,2017
926,608,2GNTMT2V1EG753435,Chevrolet,Tahoe,2014
927,609,1C6L8RTG8J3217919,Ram,1500,2018
928,609,1FMCBRV23HD935662,Ford,Expedition,2017
929,609,5TDZKUMLXDB657453,Toyota,RAV4,2013
930,609,1N417FJ61DF369321,Nissan,Rogue,2013
931,609,3FA73VXT3JD343246,Ford,F-150,2018
932,610,3C6W2NAT8GK445963,Ram,2500,2016
933,611,5NPU19G28HT454681,Hyundai,Sonata,2017
934,611,4T1ZZYYEXL9842481,Toyota,Tacoma,2020
935,612,1FAAAEFT65L089908,Ford,Fusion,2005
936,612,5J6VUHN8XHM152051,Honda,Accord,2017
937,613,1N6BYV9H9D9160559,Nissan,Altima,2013
938,614,JTJYGFS72F9496979,Lexus,ES 350,2015
939,614,1C4LYZZZXES015371,Jeep,Compass,2014
940,615,5N1KH4ER956972339,Nissan,Altima,2005
941,616,2T2ZZ5P919W206486,Lexus,RX 350,2009
942,616,1C4NYFM01J6513834,Jeep,Cherokee,2018
943,617,2GNRXARR3C8727618,Chevrolet,Malibu,2012
944,618,1J4E9RB27FM157809,Jeep,Wrangler,2015
945,619,1N4R8YPS5EM847981,Nissan,Pathfinder,2014
946,620,5FNDBVY1XG1760881,Honda,Accord,2016
947,621,1GCUZA4F459536366,Chevrolet,Cruze,2005
948,622,5N19YNFDXGH984787,Nissan,Maxima,2016
949,622,2T1BVN754CC535092,Toyota,Tacoma,2012
950,623,2HG4CAZU0GD004584,Honda,Civic,2016
951,624,1HG4SNFRXAJ040906,Honda,Accord,2010
952,625,1GNNN6W78FS602227,Chevrolet,Tahoe,2015
953,625,5TFXRJCM6M7239770,Toyota,Highlander,2021
954,625,JTDAYXSW6CD031497,Toyota,RAV4,2012
955,625,1C63PZVW1H9448725,Ram,1500,2017
956,625,1G1T555UXGC835905,Chevrolet,Equinox,2016
957,625,1FANKU3A1KF757149,Ford,Escape,2019
958,626,3C6FZ87F1DU703920,Ram,1500,2013
959,626,5NM3BCPS3G9153640,Hyundai,Tucson,2016
960,627,WDCD9DV63J6688760,Mercedes-Benz,C-Class,2018
961,628,WVWGABGD6FK678796,Volkswagen,Jetta,2015
962,629,JTHWCNCD4E4722471,Lexus,RX 350,2014
963,630,KNASANBS9KJ017438,Kia,Sportage,2019
964,631,1J4PCHCW7HA733148,Jeep,Cherokee,2017
965,632,1G1D8URGX5R064981,Chevrolet,Traverse,2005
966,633,1G1A83K23KA348605,Chevrolet,Traverse,2019
967,634,4S3UD8W55B9549876,Subaru,Forester,2011
968,635,1N6VW71Y8HS580337,Nissan,Altima,2017
969,636,1GCG12R17DD681145,Chevrolet,Malibu,2013
970,637,1N42BKF795W671339,Nissan,Altima,2005
971,638,2GNS0XAN2DK844631,Chevrolet,Silverado 1500,2013
972,638,3C6T00BU7FF027971,Ram,1500,2015
973,638,1FM380967FP527992,Ford,Explorer,2015
974,638,2GN199BV5KH479660,Chevrolet,Tahoe,2019
975,638,1FTDBLFX3DK476722,Ford,F-150,2013
976,639,1C6BNMWW8JY077433,Ram,2500,2018
977,639,5TDNHXEL7BT263073,Toyota,Camry,2011
978,640,4T1VX6J94BU946854,Toyota,RAV4,2011
979,641,1GKN582T7A7849357,GMC,Acadia,2010
980,641,1C6WGJ2J25N895526,Ram,1500,2005
981,642,1FMCXNJV4MJ309897,Ford,Expedition,2021
982,643,1HGNAV0KXCP974101,Honda,Civic,2012
983,643,2HGWE7VA8FE255752,Honda,Civic,2015
984,644,1C3N1R0W3L9463167,Chrysler,300,2020
985,644,JTJM7B3Z383235390,Lexus,RX 350,2008
986,645,3C6W5940959809893,Ram,1500,2005
987,646,JTD2LXV615P128543,Toyota,Corolla,2005
988,647,1J4CXGV525F720842,Jeep,Grand Cherokee,2005
989,647,1GCK689B8B0899140,Chevrolet,Tahoe,2011
990,648,5FNTKNHM6C6337136,Honda,CR-V,2012
991,649,3C67VXDC4J6486545,Ram,1500,2018
992,649,5TDEHP3K7MJ349461,Toyota,Tundra,2021
993,649,2T1A7DAW4D8919718,Toyota,Tacoma,2013
994,649,1C6ZRSKN1LA419191,Ram,1500,2020
995,649,3FAUAN3T0CM980161,Ford,F-150,2012
996,649,1FAZ63D86H4194034,Ford,Escape,2017
997,650,1N69VW2J76Y358415,Nissan,Altima,2006
998,650,1G1WS0H98GL470303,Chevrolet,Equinox,2016
999,651,1G1B0L1P3G8663265,Chevrolet,Silverado 1500,2016
1000,652,3N1KA2Y61JT133044,Nissan,Sentra,2018
1001,653,5N1HSGFH1AL737559,Nissan,Sentra,2010
1002,654,3FAFMLB42CK628743,Ford,Explorer,2012
1003,655,4S33TAC0898004754,Subaru,Forester,2009
1004,656,1HG1JR4Y7A4507009,Honda,Accord,2010
1005,657,3FAR1DUZ3L7630105,Ford,Explorer,2020
1006,657,WAU5CPT06GK598835,Audi,Q5,2016
1007,658,1N6C0GHA2JU636025,Nissan,Rogue,2018
1008,659,5TF7VDZE7EN754478,Toyota,Highlander,2014
1009,660,5NM10UJ05KV028892,Hyundai,Santa Fe,2019
1010,661,2HGM5ME21B7983930,Honda,Pilot,2011
1011,662,1GNAE7RXXL9852796,Chevrolet,Silverado 1500,2020
1012,663,1G1U0E1TXBM173651,Chevrolet,Equinox,2011
1013,664,3C6N9K2Y2M9113830,Ram,2500,2021
1014,665,1FMKNS195CD349924,Ford,F-150,2012
1015,666,4S4YY4KK9G5446612,Subaru,Forester,2016
1016,667,1FAJKVKV0GF090834,Ford,Explorer,2016
1017,667,1FTSG75CXBC551356,Ford,Escape,2011
1018,667,1G1K3DXB2MZ475156,Chevrolet,Silverado 1500,2021
1019,667,1FTMEMKD5JM107191,Ford,F-150,2018
1020,668,5TFHRLPJ4FU202236,Toyota,RAV4,2015
1021,669,2GNJJTFX1LD095383,Chevrolet,Impala,2020
1022,670,5NPZRNBZ8CP549061,Hyundai,Tucson,2012
1023,671,5FN47P1P4FC947094,Honda,Odyssey,2015
1024,672,1FABNYYRXHG426556,Ford,F-150,2017
1025,673,1HGPH7PZ076732738,Honda,Accord,2007
1026,674,4T18F1NU6HN824811,Toyota,RAV4,2017
1027,675,1G1UKCU095R244880,Chevrolet,Traverse,2005
1028,675,1GN4L39R55F051176,Chevrolet,Impala,2005
1029,676,3C61S5F17GF954503,Ram,2500,2016
1030,677,2T132CE939L635927,Toyota,Camry,2009
1031,678,1FT623XG9JG354985,Ford,F-150,2018
1032,679,1GCF7KJK6GV009736,Chevrolet,Impala,2016
1033,680,1J4AW42M7D0704495,Jeep,Wrangler,2013
1034,681,4T11L5911C7236992,Toyota,RAV4,2012
1035,682,1C3UKYBC8FG128220,Chrysler,300,2015
1036,683,5N1AGYYAX9B127301,Nissan,Rogue,2009
1037,683,1C354X3H6EL400160,Dodge,Charger,2014
1038,684,4T1GMLN94DN084128,Toyota,Highlander,2013
1039,685,1J4B8FV1XKT886961,Jeep,Grand Cherokee,2019
1040,686,KNDTAL7967G033926,Kia,Optima,2007
1041,686,1FA2PU7TX7A469487,Ford,F-150,2007
1042,687,JM1FNFH909R958291,Mazda,Mazda3,2009
1043,687,3FAX6EN17HH411253,Ford,Escape,2017
1044,688,1C4T7XGY5FG317561,Jeep,Grand Cherokee,2015
1045,688,2HGH5S6S9FL228445,Honda,Pilot,2015
1046,688,3FAE959AXL6318059,Ford,Mustang,2020
1047,689,1C3BLXE84KJ840176,Chrysler,300,2019
1048,689,1FM2VCS16E6858510,Ford,F-150,2014
1049,689,1GNVBSM78JX429230,Chevrolet,Impala,2018
1050,690,2HGUD446XGS498665,Honda,Civic,2016
1051,691,1N4750G59HR448414,Nissan,Sentra,2017
1052,692,3FAD4U2L2D9681326,Ford,Explorer,2013
1053,692,1GNJTB26559904381,Chevrolet,Equinox,2005
1054,692,1GTMP2Y05MZ147977,GMC,Terrain,2021
1055,692,2GNCZVW31LX567364,Chevrolet,Tahoe,2020
1056,692,1GK2N51H4NC670706,GMC,Acadia,2022
1057,692,1GN8R2GRXLJ259190,Chevrolet,Traverse,2020
1058,693,1N4C9KWU7CU027532,Nissan,Altima,2012
1059,694,1FTYSBGP7BZ230142,Ford,Fusion,2011
1060,694,3FA4M9958JH319832,Ford,Explorer,2018
1061,694,5FN5W2L5XHD166258,Honda,Accord,2017
1062,695,1GTYLN3B5LD415008,GMC,Sierra 1500,2020
1063,695,2GN7BRYLXKD625126,Chevrolet,Equinox,2019
1064,695,1FTTB5Y8XKZ920017,Ford,F-150,2019
1065,696,KNA7UT0V55F965230,Kia,Forte,2005
1066,697,5TF9K8501EN693860,Toyota,RAV4,2014
1067,698,5TDAHCZ68MZ533553,Toyota,RAV4,2021
1068,699,5J68D47U5D2424995,Honda,Civic,2013
1069,700,1GCHLTZC8C8529985,Chevrolet,Malibu,2012
1070,700,5N1BM29T8GJ851176,Nissan,Altima,2016
1071,701,5TDRFLB71EF379055,Toyota,Tundra,2014
1072,701,1GTC3BJ41ML824904,GMC,Sierra 1500,2021
1073,701,1GN8CLD40L2511264,Chevrolet,Silverado 1500,2020
1074,701,1GTMWJY36HD102623,GMC,Sierra 1500,2017
1075,701,1GCSAUHM4EL696873,Chevrolet,Silverado 1500,2014
1076,701,1C61L9M29L1354875,Ram,1500,2020
1077,702,3FABVR3Y3H8702661,Ford,Fusion,2017
1078,703,2T23G6GC5LL841474,Lexus,RX 350,2020
1079,704,1GTVN4ZJXJR237215,GMC,Terrain,2018
1080,705,5J6F4FW07FG144650,Honda,CR-V,2015
1081,706,1C3ZDCG86K0305423,Chrysler,300,2019
1082,706,1N6CVRJ90FP737115,Nissan,Rogue,2015
1083,707,2HGGLRAF1F8992815,Honda,Accord,2015
1084,708,1FAG103R9JX831484,Ford,F-150,2018
1085,709,1FTNMEZ84LY182885,Ford,F-150,2020
1086,710,1C6Z1KYS0MS958045,Ram,2500,2021
1087,711,2HGTC9814J0747622,Honda,CR-V,2018
1088,712,2C3CMFR14EM435294,Dodge,Durango,2014
1089,713,KND0AWL3XKP576596,Kia,Soul,2019
1090,713,JTDHCK7V4DK835911,Toyota,Tacoma,2013
1091,714,1FM10L9A4GY584392,Ford,Fusion,2016
1092,714,1GKSW4DM5D9802156,GMC,Yukon,2013
1093,715,1N4H5L430HX744023,Nissan,Pathfinder,2017
1094,716,2GNJWFZGXDR416890,Chevrolet,Silverado 1500,2013
1095,716,1C6DD3KJ1LG843768,Ram,1500,2020
1096,716,1C6X033A2L7796869,Ram,1500,2020
1097,716,5TFDSMFS3KE375852,Toyota,RAV4,2019
1098,716,1GCWBFKY6C0723284,Chevrolet,Silverado 1500,2012
1099,716,1GKZJCKH98Y573215,GMC,Sierra 1500,2008
1100,717,4JGVCY773C2518218,Mercedes-Benz,C-Class,2012
1101,718,1FTKLCGY4M7066509,Ford,F-150,2021
1102,719,3FA8JBS03AZ053730,Ford,Mustang,2010
1103,720,WA14AEK6XJG161519,Audi,A6,2018
1104,721,WVW07N876HH540721,Volkswagen,Tiguan,2017
1105,722,5TFGB3AW3KF655962,Toyota,Camry,2019
1106,723,1HG811FZ25A926401,Honda,Odyssey,2005
1107,724,WDDCERT23L7433880,Mercedes-Benz,GLC,2020
1108,725,1FT42NTXXB8045840,Ford,Escape,2011
1109,726,3C668DR58GV275827,Ram,1500,2016
1110,727,3C6RA2HM4CG483135,Ram,1500,2012
1111,727,JTJ0PSHZ1K5751430,Lexus,GX 460,2019
1112,728,WBSUH4H01FT502263,BMW,3 Series,2015
1113,729,2T2JWPML252513278,Lexus,ES 350,2005
1114,730,1N46Z4V40CC273998,Nissan,Altima,2012
1115,731,1VW9YGRR85U811634,Volkswagen,Jetta,2005
1116,732,2HG9RCW43BP097225,Honda,CR-V,2011
1117,733,4T1U0R6M7J7828079,Toyota,Camry,2018
1118,733,1FMN6WP0X9P505442,Ford,F-150,2009
1119,733,WBA1C9UA5G9433626,BMW,X5,2016
1120,734,3FA1NK4C09A841484,Ford,Explorer,2009
1121,735,2C4T7F470G8152790,Dodge,Durango,2016
1122,736,5TDWL87F284825237,Toyota,Tundra,2008
1123,737,1N40062G4CJ540565,Nissan,Frontier,2012
1124,738,3FAMF04K5MH071188,Ford,F-150,2021
1125,739,1C4JRE456D5906160,Jeep,Wrangler,2013
1126,739,3FA13UX70E8807434,Ford,F-150,2014
1127,740,KNA9ZZ292F8166962,Kia,Sportage,2015
1128,741,3N1703R56CH059582,Nissan,Sentra,2012
1129,742,1GCAK0NH6FZ757518,Chevrolet,Malibu,2015
1130,743,WDDSSECHXB5187308,Mercedes-Benz,E-Class,2011
1131,744,1C3UETEG0JG765460,Chrysler,300,2018
1132,745,1FTLKA9V5A9782172,Ford,Focus,2010
1133,745,3MZV07UA1D7914788,Mazda,CX-5,2013
1134,746,4T1TG2AN3HJ032277,Toyota,RAV4,2017
1135,746,1GT37TZG9KF307399,GMC,Terrain,2019
1136,746,3C69B74K4MK101585,Ram,1500,2021
1137,747,WBSSNXH81LV379877,BMW,3 Series,2020
1138,748,JM1LHGXE6AZ995073,Mazda,CX-5,2010
1139,749,5N1WFZHN0F3912417,Nissan,Frontier,2015
1140,749,1FMDVC3X6C3504075,Ford,Focus,2012
1141,750,1FT32R36XFV991423,Ford,Expedition,2015
1142,751,4T1LGD3D8D8940547,Toyota,Camry,2013
1143,752,5XYZFP9S8LF223071,Kia,Sorento,2020
1144,752,WA14E6DAXGS222210,Audi,Q5,2016
1145,753,1GC8P7H60BE993621,Chevrolet,Equinox,2011
1146,753,3FARSNW80K5330247,Ford,Expedition,2019
1147,753,4T1XXYJE3LM007469,Toyota,Tacoma,2020
1148,754,1GNA5AAR7F5683438,Chevrolet,Equinox,2015
1149,755,JM3RE0ZZ9FS046294,Mazda,Mazda3,2015
1150,756,KL41J7NC49R394618,Buick,LaCrosse,2009
1151,757,1G1HY3SA0FP128461,Chevrolet,Silverado 1500,2015
1152,758,5XY9M9U58GH625041,Kia,Sorento,2016
1153,759,2C47F6CLXC2842255,Dodge,Grand Caravan,2012
1154,760,1C656LJF6K4872288,Ram,1500,2019
1155,760,5TFDKHM48MM328322,Toyota,Highlander,2021
1156,760,5TFKZ7MR5HY118235,Toyota,Highlander,2017
1157,760,1GN4HHZ00MD226282,Chevrolet,Silverado 1500,2021
1158,760,4T1NZD9A6G0618542,Toyota,Tacoma,2016
1159,761,WDCP45074JX608233,Mercedes-Benz,C-Class,2018
1160,762,WAUBDXZS484741697,Audi,A6,2008
1161,763,WAUXLD4M4FB071299,Audi,Q5,2015
1162,764,2T1KNRDL9H2537279,Toyota,RAV4,2017
1163,765,1VWG1L3Z4JC711205,Volkswagen,Tiguan,2018
1164,766,1GTENA5E1LC075522,GMC,Yukon,2020
1165,767,JM39R6WZ6HW697597,Mazda,CX-5,2017
1166,768,5TFSJ72X7HW632141,Toyota,Camry,2017
1167,769,1FA619TA7A2563445,Ford,F-150,2010
1168,769,2GN0JSP68BD140667,Chevrolet,Traverse,2011
1169,770,1HGZZL591FW509091,Honda,Pilot,2015
1170,770,JTD8F5849FU633412,Toyota,RAV4,2015
1171,771,3C60ATCV7HK917244,Ram,1500,2017
1172,771,1N4N1HC49HU290412,Nissan,Pathfinder,2017
1173,771,1GKPMTCC1J1953813,GMC,Sierra 1500,2018
1174,772,4JGA9AFM8JA552217,Mercedes-Benz,E-Class,2018
1175,773,5UXKT5M59JY687127,BMW,3 Series,2018
1176,774,JM3TVYZH9D6294403,Mazda,Mazda6,2013
1177,775,5XYCUEJV7AV538436,Kia,Forte,2010
1178,776,2C3PF9YS7JN836785,Dodge,Durango,2018
1179,776,5NMARS7X6DE312680,Hyundai,Elantra,2013
1180,777,2C4XS1C13CF477360,Dodge,Challenger,2012
1181,777,1N4ARD6828X838974,Nissan,Pathfinder,2008
1182,778,1J4RAWZF7ES122018,Jeep,Wrangler,2014
1183,779,5J6XGXVW784685578,Honda,Accord,2008
1184,780,WVGFT9E81M5984266,Volkswagen,Passat,2021
1185,781,1GC6JNMR18B371536,Chevrolet,Malibu,2008
1186,782,4S3DMX7E6G1934684,Subaru,Forester,2016
1187,783,4T1ABKBY6LU371198,Toyota,RAV4,2020
1188,784,5TDPED7K3J4899678,Toyota,Camry,2018
1189,785,1FTR2AM11KK795008,Ford,Mustang,2019
1190,786,1N69LLLA1FX319828,Nissan,Sentra,2015
1191,787,2GNLF2T28HS276223,Chevrolet,Silverado 1500,2017
1192,787,1FT8Z1LUXGV056244,Ford,Explorer,2016
1193,787,1FM583027GT616281,Ford,Explorer,2016
1194,788,1GC9ZUTJ0AX700571,Chevrolet,Malibu,2010
1195,789,1N651F6L2JY704756,Nissan,Pathfinder,2018
1196,789,2T1EZ4D26HA205544,Toyota,Tacoma,2017
1197,790,4T1VJGZD0B2505251,Toyota,Corolla,2011
1198,791,JTDZ3K9J3H3690102,Toyota,Highlander,2017
1199,791,3FACVZUA6LF719402,Ford,Escape,2020
1200,791,3N1M6AUJ1KD184327,Nissan,Rogue,2019
1201,791,1C6U5DBNXBE943299,Ram,1500,2011
1202,791,5TD3DEXR4GK008936,Toyota,Tundra,2016
1203,791,3C6WYK4W9J6972316,Ram,1500,2018
1204,791,1FMNHUTD2LE942393,Ford,Escape,2020
1205,791,1FAS4W9R3GU646255,Ford,F-150,2016
1206,792,1FMVNMN54FJ160980,Ford,F-150,2015
1207,793,JTH87U260FA079873,Lexus,ES 350,2015
1208,794,2GN2LA1K2F4641918,Chevrolet,Tahoe,2015
1209,794,WVGG0YAN5G3369898,Volkswagen,Tiguan,2016
1210,795,1N4PK8CZ9FP167335,Nissan,Sentra,2015
1211,796,1G1A615NXCV383989,Chevrolet,Silverado 1500,2012
1212,797,1HGVNCB71FP848831,Honda,Pilot,2015
1213,798,5TDJM86X0M3958676,Toyota,Camry,2021
1214,799,3FAK05X125S729157,Ford,Explorer,2005
1215,800,5TFV4P8T4FM919065,Toyota,Camry,2015
1216,801,1C47PMW56E2555096,Jeep,Wrangler,2014
1217,802,1N4RAMX25KP598069,Nissan,Rogue,2019
1218,803,1G19U68P9CZ518407,Chevrolet,Tahoe,2012
1219,804,4T1MT7KRXGA659989,Toyota,Prius,2016
1220,805,2GN76TUJ69U480022,Chevrolet,Silverado 1500,2009
1221,806,1GN0WAHW19T340225,Chevrolet,Malibu,2009
1222,807,1C622JXB467259646,Ram,1500,2006
1223,807,5TDGP36T1HJ611702,Toyota,Tundra,2017
1224,807,1N4XS6Z58K5773059,Nissan,Sentra,2019
1225,808,WVWCR449486248358,Volkswagen,Jetta,2008
1226,809,1C4LKC36454766127,Jeep,Wrangler,2005
1227,810,3C61V43ZXHL961475,Ram,1500,2017
1228,811,JTD3XCZZ5LV868563,Toyota,Camry,2020
1229,812,5XY32Z116E1036461,Kia,Soul,2014
1230,812,55SLH0T985V658957,Mercedes-Benz,GLC,2005
1231,813,2HGY81VP4K2315801,Honda,CR-V,2019
1232,813,JTDF9DYK3JE888633,Toyota,Tacoma,2018
1233,814,KNDA64D69FM308276,Kia,Soul,2015
1234,815,1G16AYV477R434335,Chevrolet,Traverse,2007
1235,816,KND0ABHJ2CH446016,Kia,Sorento,2012
1236,817,1N46L3Y67AE030702,Nissan,Sentra,2010
1237,818,5UX5GY7M45X370681,BMW,3 Series,2005
1238,819,1HG9W6EH1LE755593,Honda,Civic,2020
1239,820,5XYZRGN3855481122,Kia,Sorento,2005
1240,821,3N1B0FYS3DJ635075,Nissan,Altima,2013
1241,821,1HGC6H7W5DX646685,Honda,Accord,2013
1242,821,4JGBAM7B3FS287668,Mercedes-Benz,GLE,2015
1243,822,2T2C0WKP8FA893650,Lexus,RX 350,2015
1244,822,4S3FM3WD19P445085,Subaru,Forester,2009
1245,823,5FNN1J6796Z236063,Honda,Civic,2006
1246,824,1J453DZD1L2079790,Jeep,Wrangler,2020
1247,824,WBAMCM3UXHX277026,BMW,X3,2017
1248,825,4S48Y8PX9KF613100,Subaru,Forester,2019
1249,826,1FT5D5RY1G5834840,Ford,Expedition,2016
1250,827,KMHPM3PC3F9633015,Hyundai,Sonata,2015
1251,828,1FMYHAN54E9465639,Ford,F-150,2014
1252,829,1C60MGKS0J5345679,Ram,1500,2018
1253,830,2T2NB5036MX469696,Lexus,IS 250,2021
1254,831,5J6E746UXMS847017,Honda,CR-V,2021
1255,832,1GCBWEEL3JX856683,Chevrolet,Cruze,2018
1256,833,1C6EC5788NX793561,Ram,1500,2022
1257,833,1C6SHR9T9L2089313,Ram,1500,2020
1258,833,1FMYS9TZ2GH214049,Ford,Explorer,2016
1259,834,1GNYR9M8XLR085496,Chevrolet,Silverado 1500,2020
1260,835,1FT6MBDW5DH686520,Ford,Focus,2013
1261,836,3FA3VCEPXLR926003,Ford,Explorer,2020
1262,837,KL4GFH6P951505823,Buick,Encore,2005
1263,838,1N637RY0XHM576388,Nissan,Rogue,2017
1264,839,4S33RB0E0KT893251,Subaru,Impreza,2019
1265,840,1HGJLR6D35H742607,Honda,Accord,2005
1266,841,1J4WKF09XDZ802640,Jeep,Grand Cherokee,2013
1267,842,1FTRCBFU9JP011427,Ford,Fusion,2018
1268,843,1GCRRPVK6JV642713,Chevrolet,Traverse,2018
1269,843,1C609F9W0JF312552,Ram,1500,2018
1270,843,1C6GYHGZ5M1108311,Ram,1500,2021
1271,843,3C62G84M8LN951145,Ram,1500,2020
1272,843,2T1GXR4X3L2899653,Toyota,Tundra,2020
1273,843,1FM0GJN60NP975099,Ford,Escape,2022
1274,844,KND93TYF691227466,Kia,Soul,2009
1275,845,5XY5N04U3GZ644539,Kia,Optima,2016
1276,846,4T1BAF8J5A5667927,Toyota,Camry,2010
1277,847,WAUZ14B13LU997362,Audi,A4,2020
1278,847,5N16ACCV3GK768713,Nissan,Rogue,2016
1279,848,4S4FVSSJ3BL425061,Subaru,Outback,2011
1280,849,5TFXKXUL3MD079555,Toyota,Camry,2021
1281,850,5NM1ZTZB1EW558927,Hyundai,Sonata,2014
1282,850,1VWYGPD3X9B059261,Volkswagen,Passat,2009
1283,851,3FAHVL8437L033543,Ford,Explorer,2007
1284,851,1GCJHMMZ058942684,Chevrolet,Silverado 1500,2005
1285,852,1N6LX41J1K3383761,Nissan,Pathfinder,2019
1286,853,5TFN63HJ3AL872241,Toyota,Tacoma,2010
1287,853,1C6VD93A5F3825761,Ram,1500,2015
1288,854,WBA3F8ZC0N5921598,BMW,X3,2022
1289,854,1FAGX9BF4HA006721,Ford,F-150,2017
1290,855,3MZ28TU39CV760881,Mazda,CX-5,2012
1291,856,1C678CZ08F1046469,Ram,1500,2015
1292,857,JTDJ1964XKF523283,Toyota,Corolla,2019
1293,857,JTH02ANN7CL299668,Lexus,GX 460,2012
1294,858,1J4T54EAXD7535223,Jeep,Grand Cherokee,2013
1295,859,WAUB73L48GA175103,Audi,A4,2016
1296,860,1N62L0BA9LC690238,Nissan,Maxima,2020
1297,860,1HGND92F9FP539685,Honda,Pilot,2015
1298,861,1G12MCWF7G7465251,Chevrolet,Silverado 1500,2016
1299,862,1C6WR5366GK997850,Ram,1500,2016
1300,862,3FALSZW62D3826385,Ford,Escape,2013
1301,863,3FAG1ZLY9KW078157,Ford,Mustang,2019
1302,864,1FTSL4TE1GH140405,Ford,Escape,2016
1303,865,1FM50Z1C4G7658563,Ford,Explorer,2016
1304,866,2T175MWD5EX448306,Toyota,Sienna,2014
1305,867,5FNBGE2Y7EZ040497,Honda,Civic,2014
1306,868,5UXH41L32G0699255,BMW,X5,2016
1307,869,1GNCGJBE7BV858103,Chevrolet,Equinox,2011
1308,870,5FNJVV7R7DS478401,Honda,Pilot,2013
1309,870,3MZ14FSS1BY110216,Mazda,Mazda6,2011
1310,870,1C65ZLCJ6ER570368,Ram,2500,2014
1311,871,55SBXUXC0HG263689,Mercedes-Benz,GLC,2017
1312,872,1G47J3G54DR368953,Buick,Encore,2013
1313,873,1G1RLX0H2E6882721,Chevrolet,Tahoe,2014
1314,874,KMHPV45T6C0897478,Hyundai,Sonata,2012
1315,874,1G1L28XN6C3968106,Chevrolet,Cruze,2012
1316,875,3N15PYCL0FJ785250,Nissan,Sentra,2015
1317,876,3MZSV6VE6JB686652,Mazda,CX-5,2018
1318,877,WAUE4NF4XJE482849,Audi,A6,2018
1319,878,1C4FWRV61CN739282,Jeep,Grand Cherokee,2012
1320,879,5N1A5ESD3FC841476,Nissan,Altima,2015
1321,880,5XYFDXSM3GS882855,Kia,Forte,2016
1322,881,4T1C051RXES092393,Toyota,Tundra,2014
1323,882,5N14ZA395KH333835,Nissan,Sentra,2019
1324,882,5FNAHC8W5C0151635,Honda,CR-V,2012
1325,883,5FNGLPP3XCV174130,Honda,Accord,2012
1326,883,KNDA1G8L196575954,Kia,Soul,2009
1327,884,1FMKDBRB28P359648,Ford,F-150,2008
1328,885,2C4LC1S76E0410534,Dodge,Durango,2014
1329,885,JTJPR6CJXLF039723,Lexus,ES 350,2020
1330,886,1FTYT7E25M3141919,Ford,F-150,2021
1331,887,2C362LFM6A5966274,Chrysler,Pacifica,2010
1332,888,5FN93N277FN081450,Honda,Civic,2015
1333,889,1GTTNEH53MA329075,GMC,Terrain,2021
1334,890,1GC1HYV62G2840157,Chevrolet,Silverado 1500,2016
1335,890,1GN67YWR8H1983307,Chevrolet,Equinox,2017
1336,890,1G1ME6U06L9349351,Chevrolet,Silverado 1500,2020
1337,890,1FMLA4K27KT214445,Ford,Escape,2019
1338,891,1GKE67BBXME600372,GMC,Sierra 1500,2021
1339,891,5NPCED2A1ET197778,Hyundai,Santa Fe,2014
1340,892,1GNDACKE3KT556708,Chevrolet,Malibu,2019
1341,893,2C3N83LS8BR197316,Dodge,Durango,2011
1342,894,JTDVBF989A6722450,Toyota,Tacoma,2010
1343,895,2GNMZ52U8A7505315,Chevrolet,Silverado 1500,2010
1344,896,KMH2FR510KM106971,Hyundai,Sonata,2019
1345,897,KNDEZ0577MF209157,Kia,Optima,2021
1346,897,1GCGP3NG858419143,Chevrolet,Malibu,2005
1347,898,WAU8BLFB15M836923,Audi,A4,2005
1348,899,WBAHTVP96K6426932,BMW,X3,2019
1349,900,1J4ZKU37X6P158776,Jeep,Compass,2006
1350,900,5XYY5BR30MP414084,Kia,Sportage,2021
1351,901,1HGU4EY19JP569309,Honda,Accord,2018
1352,902,1N6T1GGB2HS684279,Nissan,Altima,2017
1353,902,5NMU37H9XLK225523,Hyundai,Tucson,2020
1354,903,KNA42C8P1N9725329,Kia,Sportage,2022
1355,904,2C3XCT9U8FG242496,Dodge,Grand Caravan,2015
1356,904,2T17P7DB4GZ549552,Toyota,Prius,2016
1357,905,1C3BWSTV0D3082105,Chrysler,Pacifica,2013
1358,906,JM3GLPMZ8BM313792,Mazda,CX-9,2011
1359,907,1G1YXPLRX96552089,Chevrolet,Tahoe,2009
1360,907,3MZGTZLTX56327480,Mazda,Mazda6,2005
1361,908,2T1MLE085AF945821,Toyota,Prius,2010
1362,908,KNDYU8G51BM441526,Kia,Sorento,2011
1363,909,4T1MGBZJ1L7127237,Toyota,Corolla,2020
1364,910,1FT86P2T9FR175592,Ford,Mustang,2015
1365,911,5NPD7N3Y6E7934627,Hyundai,Sonata,2014
1366,912,1N66YPTJ8LK690683,Nissan,Altima,2020
1367,913,4T1WNZ9E1M5439114,Toyota,Sienna,2021
1368,913,3C6YU9AV5HW946220,Ram,1500,2017
1369,913,5TDCHU155LK865555,Toyota,Tacoma,2020
1370,913,1GC2VB8J5ND245105,Chevrolet,Silverado 1500,2022
1371,913,3FA0HLMP8JZ237019,Ford,F-150,2018
1372,913,1G14A3YD0H8763634,Chevrolet,Tahoe,2017
1373,914,3N1B0VDL9MT823189,Nissan,Rogue,2021
1374,915,4S4R4YBK8ER500429,Subaru,Impreza,2014
1375,916,1HG0YE5A2FJ222518,Honda,Civic,2015
1376,917,1GN3SP4TXKA786639,Chevrolet,Equinox,2019
1377,918,3N1VXY978DZ812123,Nissan,Rogue,2013
1378,919,1HG19H67250574699,Honda,Accord,2005
1379,920,3MZWT49X0L4722088,Mazda,CX-9,2020
1380,921,1G1LYFMM9CU995681,Chevrolet,Equinox,2012
1381,922,1GC00UV14GC031351,Chevrolet,Silverado 1500,2016
1382,922,1FMLCART2G2099340,Ford,Explorer,2016
1383,922,3C6GJUM85H6372117,Ram,2500,2017
1384,922,3FAX6U631MW362843,Ford,Escape,2021
1385,922,5TFKC6CH2F9209927,Toyota,Tacoma,2015
1386,922,1G1VKY802G6705174,Chevrolet,Silverado 1500,2016
1387,923,JTDAG5VCXKK658531,Toyota,Sienna,2019
1388,924,KL4THXZE7FF717945,Buick,Encore,2015
1389,924,1FADTRK29BZ996916,Ford,F-150,2011
1390,925,JTJY3A8G2H0604465,Lexus,RX 350,2017
1391,926,1HG9UJM98GJ464282,Honda,Odyssey,2016
1392,926,3FAK8K114G4822513,Ford,Focus,2016
1393,927,1N4WEW5K0H9807799,Nissan,Sentra,2017
1394,928,1GTMFAAV36F532154,GMC,Yukon,2006
1395,928,5TFAT9K029W214639,Toyota,Corolla,2009
1396,929,1FT0C2TS7KT647154,Ford,F-150,2019
1397,929,1GKWA2VN6HW407504,GMC,Acadia,2017
1398,929,3C63HCJTXHF879995,Ram,1500,2017
1399,929,1G13SXP21MP090014,Chevrolet,Tahoe,2021
1400,929,5N17VKMT5EX657256,Nissan,Rogue,2014
1401,929,1FMASSFC3E5225009,Ford,Escape,2014
1402,930,1GNKU7SV7LJ359804,Chevrolet,Silverado 1500,2020
1403,930,1FAK9NKA3PC823022,Ford,Escape,2023
1404,930,3C6JWSEN5LZ406595,Ram,1500,2020
1405,930,1G1Y34UD3JT519857,Chevrolet,Tahoe,2018
1406,931,1N4RD9V875T695491,Nissan,Rogue,2005
1407,932,1FA3XG9K4EM688290,Ford,Focus,2014
1408,933,KNDSRJSB3BV973947,Kia,Optima,2011
1409,934,JTDG166D5EF131485,Toyota,Highlander,2014
1410,935,1FT4EXHS1MF503943,Ford,Escape,2021
1411,935,4T1CSXC98DS263546,Toyota,Tacoma,2013
1412,935,1FMSHUVY2LJ115794,Ford,F-150,2020
1413,935,5TFRFE0GXNU758816,Toyota,Tundra,2022
1414,935,1GTZE6XG8LA032627,GMC,Terrain,2020
1415,935,1C652GGY5K6098227,Ram,2500,2019
1416,935,1GCZXTRM4HF140295,Chevrolet,Equinox,2017
1417,936,5TDSHAZA9MB208612,Toyota,Tundra,2021
1418,937,3FAAXNTYXL3208219,Ford,F-150,2020
1419,937,5TD2ECFT4LX173425,Toyota,RAV4,2020
1420,937,1GNLC6SEXLY391901,Chevrolet,Silverado 1500,2020
1421,938,JTDJJT086K9724802,Toyota,Tacoma,2019
1422,938,1FABE3WV2MJ326449,Ford,F-150,2021
1423,938,1GTXG9H49GS479510,GMC,Sierra 1500,2016
1424,938,1G1TJ2S59LW943772,Chevrolet,Tahoe,2020
1425,938,1FAANHXT1PG407319,Ford,Expedition,2023
1426,938,1FMSHY0V5M7753296,Ford,Explorer,2021
1427,939,1GN0DNPR7A6562702,Chevrolet,Equinox,2010
1428,939,WVGECAM7XFV846170,Volkswagen,Jetta,2015
1429,940,2C4MFP4S697680425,Dodge,Charger,2009
1430,941,5FNY9MUM8BB987769,Honda,Civic,2011
1431,942,WBAATUS08KC074216,BMW,X5,2019
1432,943,KMHB4XHU382728470,Hyundai,Elantra,2008
1433,944,1C6NNNRRXCG771512,Ram,1500,2012
1434,944,5J6WEURD3H5312749,Honda,Accord,2017
1435,944,4T1764RG3GK318726,Toyota,Camry,2016
1436,945,1C676WG17LF434861,Ram,1500,2020
1437,946,KNA6AVXG68W115036,Kia,Sportage,2008
1438,946,1C343V7H8KK766748,Chrysler,Pacifica,2019
1439,947,2T1XT7L50JH322623,Toyota,Highlander,2018
1440,948,5TFFFBYUXA9646817,Toyota,RAV4,2010
1441,949,1FMEJ8P48FW868465,Ford,F-150,2015
1442,949,5TFKXVM43GW392624,Toyota,RAV4,2016
1443,950,1GNJ4ZLE0LE425334,Chevrolet,Traverse,2020
1444,950,1FTRT1SA4MH833945,Ford,F-150,2021
1445,950,1FA88AEW1JH751275,Ford,Explorer,2018
1446,951,KMHN49YK0HV686300,Hyundai,Elantra,2017
1447,951,5FNP9YJW6A1181006,Honda,Civic,2010
1448,952,1FTHYFDK9JJ271917,Ford,Mustang,2018
1449,953,1G17BKNE4FL844602,Chevrolet,Silverado 1500,2015
1450,954,1C35ZLUR7GK105465,Chrysler,Pacifica,2016
1451,954,5FN2YGWE3CZ263917,Honda,Civic,2012
1452,955,JTDZTRSP8LG969036,Toyota,Tundra,2020
1453,955,5TFJ2MUY65X334067,Toyota,Highlander,2005
1454,956,JTH31AR028R974281,Lexus,IS 250,2008
1455,957,1GTKJEL00K3036223,GMC,Acadia,2019
1456,958,1C6MXXBJ5M0145530,Ram,1500,2021
1457,958,2GNX608N2LK437215,Chevrolet,Equinox,2020
1458,958,3N1PVWMJ0BR663273,Nissan,Pathfinder,2011
1459,959,2HGB4D5AXLX392675,Honda,Accord,2020
1460,959,JF15ZFWU7BF748470,Subaru,Outback,2011
1461,960,5FNVYHHBXLN443831,Honda,CR-V,2020
1462,961,JM39HGFDXKC751098,Mazda,Mazda3,2019
1463,962,2T1VKTZM7LJ056692,Toyota,RAV4,2020
1464,963,2HGRFRXD9JS099695,Honda,Accord,2018
1465,964,WBS3YJSG3KS269535,BMW,5 Series,2019
1466,964,1GC3S1AF45Y263570,Chevrolet,Equinox,2005
1467,964,JTDP4YF04LX809862,Toyota,RAV4,2020
1468,965,1FMNCBJN19F824773,Ford,Escape,2009
1469,966,5FNS0E3R3JW408259,Honda,Pilot,2018
1470,966,4T1G8FDV6M8281286,Toyota,Camry,2021
1471,967,1N6A3VE92J1296213,Nissan,Pathfinder,2018
1472,968,2C451GM82N5500743,Dodge,Durango,2022
1473,968,1J4GPP8A6K8307591,Jeep,Cherokee,2019
1474,969,1FMS0KML6MY764833,Ford,Escape,2021
1475,969,3C65VPWU5KZ068153,Ram,1500,2019
1476,969,JTD9GLE80PP112964,Toyota,Sienna,2023
1477,969,1G1482A26JR568118,Chevrolet,Equinox,2018
1478,969,JTD6GKVRXNL768485,Toyota,Tacoma,2022
1479,969,3C6P2F147FU801177,Ram,1500,2015
1480,969,5TF5XM948E4957376,Toyota,Tacoma,2014
1481,970,2HG74W3E8MA539135,Honda,Civic,2021
1482,970,1FABYHSR2H0754580,Ford,F-150,2017
1483,971,1C61MBVD7L3195489,Ram,1500,2020
1484,972,1C4BW39W7HF961171,Jeep,Grand Cherokee,2017
1485,972,5TFRL0705EP617977,Toyota,Corolla,2014
1486,973,1N4NXFX52A5230851,Nissan,Rogue,2010
1487,974,2HG6HBCV5K7269770,Honda,Accord,2019
1488,975,JM33KBFZ4CC594692,Mazda,CX-5,2012
1489,976,WBAVCY6M3JP774660,BMW,3 Series,2018
1490,976,5N18V1A508F581895,Nissan,Altima,2008
1491,977,3MZB36F22HU487431,Mazda,Mazda3,2017
1492,978,4T1RA3KB9DG377438,Toyota,RAV4,2013
1493,979,JTHL3CEP2JG736795,Lexus,ES 350,2018
1494,979,1C42WM0D7KX404621,Jeep,Cherokee,2019
1495,979,1GNGH3RK6CR762592,Chevrolet,Cruze,2012
1496,980,WBS7ZB850L6066512,BMW,X5,2020
1497,981,1N6GWGH20B1759477,Nissan,Maxima,2011
1498,982,5FN6WLAP8JE195482,Honda,Civic,2018
1499,983,3N13WHGC9ND131462,Nissan,Frontier,2022
1500,983,2C3ZX1247JE832169,Dodge,Charger,2018
1501,984,4S35GZLR4BT262802,Subaru,Forester,2011
1502,985,KNDDPKB73M4641273,Kia,Sorento,2021
1503,986,1J4U9FU86HA705511,Jeep,Cherokee,2017
1504,986,1GKD2KV15AG569366,GMC,Sierra 1500,2010
1505,987,1GCJJT272H3882814,Chevrolet,Traverse,2017
1506,988,1FT2PX680KT581184,Ford,F-150,2019
1507,989,1FTD8R9K6LP276727,Ford,F-150,2020
1508,989,1FMZ1RBP6L0271158,Ford,Explorer,2020
1509,989,1G11RAZV3ND837929,Chevrolet,Silverado 1500,2022
1510,989,1C6LFD8P9KK121211,Ram,1500,2019
1511,990,1C6HC5313E5517516,Ram,1500,2014
1512,991,JTDL5TL67EW293609,Toyota,Tundra,2014
1513,992,1GNTPN7Z68V787567,Chevrolet,Malibu,2008
1514,993,JTD7M7W71DA916489,Toyota,RAV4,2013
1515,994,JTHFL1VE571993039,Lexus,ES 350,2007
1516,995,KNAMY53V2GC239232,Kia,Soul,2016
1517,996,1FMGGWTK6KY313772,Ford,F-150,2019
1518,997,2C35ZT9X5G5606340,Dodge,Challenger,2016
1519,998,1FA14UA27EG623491,Ford,Escape,2014
1520,999,4S3UZYJH9NS678641,Subaru,Forester,2022
1521,1000,1G138PU21CY444044,Chevrolet,Silverado 1500,2012
1522,1000,2GNFA0MM8H0068743,Chevrolet,Silverado 1500,2017
1523,1000,1C6HHYY16HL346756,Ram,1500,2017
1524,1000,1FTUBAZ41LL124429,Ford,F-150,2020
1525,1000,1GTFD7UM0PN744960,GMC,Acadia,2023
1526,1001,2C3EXZKB3AF801460,Dodge,Grand Caravan,2010
1527,1001,1FA1WMZX8EF904201,Ford,F-150,2014
1528,1002,WBSD34JU9L9360085,BMW,X5,2020
1529,1003,1G1CXZVE6MG742958,Chevrolet,Silverado 1500,2021
1530,1003,1G1ZCGH76J8707186,Chevrolet,Silverado 1500,2018
1531,1003,2T1APLF44HJ960334,Toyota,Sienna,2017
1532,1003,5N115T659JR538604,Nissan,Rogue,2018
1533,1003,4T1ERE1UXMG727794,Toyota,RAV4,2021
1534,1003,3FAPJ98UXH8996180,Ford,Escape,2017
1535,1003,1C6KM22U9JS945938,Ram,1500,2018
1536,1003,1GTVN7CP7K9144961,GMC,Sierra 1500,2019
1537,1004,4T1UV27D1A8332177,Toyota,Tundra,2010
1538,1004,WDCSLZ4V7JJ304040,Mercedes-Benz,C-Class,2018
1539,1005,KNA74TNC0NE487053,Kia,Optima,2022
1540,1006,3C6DKAYN7J5982451,Ram,1500,2018
1541,1006,1FT4H2U33E7847665,Ford,Explorer,2014
1542,1006,5TDVA8AR7N0828562,Toyota,Tacoma,2022
1543,1007,3C6RAM4W2LG156283,Ram,1500,2020
1544,1007,3FAF0Y7C8MP726849,Ford,F-150,2021
1545,1007,3FAUTSPG7PE934008,Ford,Explorer,2023
1546,1007,2GN2NGJW8GX392850,Chevrolet,Tahoe,2016
1547,1007,1GK185FC9P9511390,GMC,Sierra 1500,2023
1548,1007,1FAPJ94H3PM045992,Ford,Explorer,2023
1549,1007,1GN54GR29PY205469,Chevrolet,Equinox,2023
1550,1007,5TDTYJSB6HA779588,Toyota,Tacoma,2017
1551,1008,JF1NGRAY0M1156023,Subaru,Outback,2021
1552,1008,5GA2AYV96E1625064,Buick,Encore,2014
1553,1008,3FAL12UD99X642606,Ford,Mustang,2009
1554,1009,JTDPNCCT4M1955214,Toyota,Highlander,2021
1555,1010,JF1BHPFS3ES045051,Subaru,Outback,2014
1556,1010,1GK4TYCZ6E1316896,GMC,Sierra 1500,2014
1557,1011,3FAF0WMD3ES096092,Ford,Explorer,2014
1558,1011,KNA98X8B8JW378397,Kia,Optima,2018
1559,1012,1C6TTKKU2GD744970,Ram,2500,2016
1560,1012,5FNTZPED49J846692,Honda,CR-V,2009
1561,1013,KNDW2T9S158652144,Kia,Forte,2005
1562,1014,2T1JSRKY87W151480,Toyota,Prius,2007
1563,1015,5N15X20K3H7992504,Nissan,Sentra,2017
1564,1016,1GKT8F1Y1C8296430,GMC,Yukon,2012
1565,1017,2T1UWR7ZXLM611523,Toyota,Tacoma,2020
1566,1018,1GTSKTG78N0425934,GMC,Sierra 1500,2022
1567,1018,1GKZUK4A4H4227341,GMC,Sierra 1500,2017
1568,1018,2T1776UG6GK334639,Toyota,Tacoma,2016
1569,1019,JTJSY6XU3FE457231,Lexus,IS 250,2015
1570,1020,5TDYGXXNXKY910972,Toyota,Tundra,2019
1571,1020,1GCZCET18H8283261,Chevrolet,Equinox,2017
1572,1020,1GKMBJY75LY573134,GMC,Sierra 1500,2020
1573,1021,3C6TW6958HR770690,Ram,1500,2017
1574,1021,5FNPDUYEXDS805344,Honda,Civic,2013
1575,1021,WDDGJS0H5A9647218,Mercedes-Benz,C-Class,2010
1576,1022,3FAK0ARE7F0550666,Ford,F-150,2015
1577,1023,1FTF1XNM6KP406772,Ford,Fusion,2019
1578,1023,2C47D0LN2H5599020,Dodge,Challenger,2017
1579,1023,5TF62K7M7HK996678,Toyota,RAV4,2017
1580,1024,1G13T0PD0FG987625,Chevrolet,Equinox,2015
1581,1025,1C3001902GY330196,Dodge,Durango,2016
1582,1026,1C44BB1S0M3984150,Jeep,Wrangler,2021
1583,1027,3FAUW0LE7F7369570,Ford,Mustang,2015
1584,1028,JM383DSG9KJ751551,Mazda,Mazda6,2019
1585,1029,5NMCXMXX56W752977,Hyundai,Santa Fe,2006
1586,1029,4T1MF3MA6M1938195,Toyota,Corolla,2021
1587,1030,1C34SZJL1BJ675382,Dodge,Grand Caravan,2011
1588,1031,KMHLAMT79LF424283,Hyundai,Sonata,2020
1589,1032,1GC3F4Y09H8310040,Chevrolet,Equinox,2017
1590,1033,1GKHC8751NZ247240,GMC,Sierra 1500,2022
1591,1033,1C4JCLL41KP966699,Jeep,Grand Cherokee,2019
1592,1034,JTDS7T9F797618837,Toyota,RAV4,2009
1593,1034,1GCSSD5S99R430199,Chevrolet,Malibu,2009
1594,1035,1FM5DRN24K8721654,Ford,F-150,2019
1595,1035,1GCBBMZK9KM195607,Chevrolet,Tahoe,2019
1596,1035,1C69N0GR3JF649763,Ram,1500,2018
1597,1036,KNAM99ZH4MS551026,Kia,Sorento,2021
1598,1037,WA10NDB03EX039521,Audi,Q5,2014
1599,1037,1FTZ52YB9LB004547,Ford,Escape,2020
1600,1037,KNDM8JV62P8731117,Kia,Optima,2023
1601,1038,1GNYJ8DA7HG654652,Chevrolet,Tahoe,2017
1602,1038,JTDUESN90GW826280,Toyota,RAV4,2016
1603,1038,1G1WKEEX7A5805157,Chevrolet,Silverado 1500,2010
1604,1038,1FAW0GZW8DK489788,Ford,Expedition,2013
1605,1038,3C6MM0U3XLD467848,Ram,1500,2020
1606,1039,2C3FDZ7FXE6936000,Dodge,Durango,2014
1607,1039,JM30N3967JV444482,Mazda,Mazda3,2018
1608,1040,4JGM4SLN1BS304305,Mercedes-Benz,C-Class,2011
1609,1041,2T1A9C020NR030090,Toyota,RAV4,2022
1610,1042,2GN2WJBH4M3046632,Chevrolet,Tahoe,2021
1611,1043,5TFG4X2L7L5970552,Toyota,Tacoma,2020
1612,1043,JTHWHZY00EL368548,Lexus,ES 350,2014
1613,1044,2C4633RC65M134084,Dodge,Durango,2005
1614,1045,2GNEEXGB0KK119649,Chevrolet,Cruze,2019
1615,1045,3N1WCKEA6JN657640,Nissan,Sentra,2018
1616,1046,3FA9TXMX7GS463812,Ford,F-150,2016
1617,1047,2C44FJKF8GJ496025,Dodge,Charger,2016
1618,1048,2T1P2X594FR757343,Toyota,Corolla,2015
1619,1048,5FNLHE7N0L4014981,Honda,Civic,2020
1620,1049,WBADX0DV7BN464148,BMW,3 Series,2011
1621,1049,1J40M9CE7CD429675,Jeep,Cherokee,2012
1622,1050,5J62TNR49K6931514,Honda,Civic,2019
1623,1051,4S4DC1CF1GM982277,Subaru,Forester,2016
1624,1052,JTHV3MMV0H5885906,Lexus,ES 350,2017
1625,1052,1FM85JYL9D4108407,Ford,F-150,2013
1626,1053,1FTC568Y6JY703517,Ford,Fusion,2018
1627,1054,5J6RLVLU0DB272952,Honda,Pilot,2013
1628,1055,5TDWJDJM9NP043971,Toyota,Tacoma,2022
1629,1055,1N4XJCRE5NU990841,Nissan,Rogue,2022
1630,1055,1N6NJG681FJ463449,Nissan,Pathfinder,2015
1631,1056,4T1U4FXK3BP237264,Toyota,Camry,2011
1632,1057,55SMV9BW5H0377547,Mercedes-Benz,C-Class,2017
1633,1058,5N1X4D3R38V172778,Nissan,Sentra,2008
1634,1059,JM1RJJ653EP434747,Mazda,Mazda6,2014
1635,1060,2T1KL4TM5NR542713,Toyota,Corolla,2022
1636,1061,5TDYJ4B7X9M965660,Toyota,Camry,2009
1637,1062,2C4XLZR55DS522071,Dodge,Charger,2013
1638,1063,5UX43RHJ5P5175804,BMW,X5,2023
1639,1064,JTD670UE1MN076170,Toyota,RAV4,2021
1640,1064,1GT11W3B8MA901179,GMC,Acadia,2021
1641,1064,3FAD7TE56M3320375,Ford,Explorer,2021
1642,1064,1GN06UAJ9KF547837,Chevrolet,Equinox,2019
1643,1065,1N4F4S9C1L4709773,Nissan,Sentra,2020
1644,1065,JTDC84FG1K2265633,Toyota,Tacoma,2019
1645,1066,5FN6HJAU9NT789911,Honda,Civic,2022
1646,1066,JF1GAPLL6J3448310,Subaru,Crosstrek,2018
1647,1067,1FTY79ZL1JE224069,Ford,Escape,2018
1648,1068,4T1JA90Y2D8902132,Toyota,Camry,2013
1649,1069,1GTZ3WCW3J2689216,GMC,Sierra 1500,2018
1650,1070,1G1853671KU492617,Chevrolet,Silverado 1500,2019
1651,1070,1C6E6RH97FR811155,Ram,1500,2015
1652,1070,2T1WBAD55MF322689,Toyota,Tundra,2021
1653,1070,3FAP9H9P6LR800458,Ford,Escape,2020
1654,1070,3FABFGYN3JT190340,Ford,F-150,2018
1655,1070,1FAPP10V9NJ876200,Ford,F-150,2022
1656,1070,1GNHC34U2J7342025,Chevrolet,Silverado 1500,2018
1657,1071,5TDYY2J21K3748788,Toyota,Highlander,2019
1658,1071,1FAC1S5R1JU635760,Ford,F-150,2018
1659,1071,1G1W7GZ18L0403411,Chevrolet,Equinox,2020
1660,1071,5TFVY07D6MT673693,Toyota,Tundra,2021
1661,1071,1FT88AAL6JH606879,Ford,F-150,2018
1662,1072,KNAF4GCX4LS570959,Kia,Sportage,2020
1663,1073,5UXKHRJC474079219,BMW,3 Series,2007
1664,1074,1C33SDGS5FA741189,Dodge,Durango,2015
1665,1075,1C3AF2Z50NW511844,Dodge,Durango,2022
1666,1076,1GNL2M0E7E1937494,Chevrolet,Silverado 1500,2014
1667,1077,5N17BNCX4K9616454,Nissan,Pathfinder,2019
1668,1078,JF1KMU3U2FL069983,Subaru,Forester,2015
1669,1079,3C6YC5MW8J0656501,Ram,1500,2018
1670,1080,1HGDAHUG7HU832929,Honda,CR-V,2017
1671,1081,1GNECSK855L487866,Chevrolet,Silverado 1500,2005
1672,1082,1FMNY2KC0MX910349,Ford,F-150,2021
1673,1082,1GCT2P5L2P7683372,Chevrolet,Equinox,2023
1674,1082,1FMPPF8P8KX980398,Ford,Escape,2019
1675,1082,1N684FT21DT769180,Nissan,Rogue,2013
1676,1082,5TD0MHBW2K0035624,Toyota,Sienna,2019
1677,1082,3C6LK59H1ML703202,Ram,1500,2021
1678,1082,1GCJ7N0C2L9993718,Chevrolet,Equinox,2020
1679,1083,JTJRNHZ45ED675515,Lexus,GX 460,2014
1680,1084,4T1AK59S2RR459731,Toyota,Corolla,2024
1681,1085,5UXSSLJB1MA844454,BMW,X3,2021
1682,1086,1HGW94GL9F2875664,Honda,Accord,2015
1683,1087,1FMF1ZSP597796747,Ford,F-150,2009
1684,1088,1GNJC4AG4EP709874,Chevrolet,Tahoe,2014
1685,1089,JTHZD9NLXRY213764,Lexus,RX 350,2024
1686,1090,JTDFNCXC9L0775205,Toyota,RAV4,2020
1687,1091,2HGZ8P75XE5851402,Honda,Civic,2014
1688,1092,4T11EUZB8CX147286,Toyota,Tundra,2012
1689,1093,2T2P6YND5JZ766295,Lexus,ES 350,2018
1690,1093,KNAYS2DWXFA850662,Kia,Sportage,2015
1691,1094,1C3M8Y7Y8FG444414,Dodge,Challenger,2015
1692,1095,5FND5DHX2A1600667,Honda,Pilot,2010
1693,1096,KNA67L769HD158193,Kia,Sorento,2017
1694,1097,3N1U3JTN5JC578737,Nissan,Rogue,2018
1695,1098,1FAK3YXE0JM481464,Ford,F-150,2018
1696,1098,1FA29SV6XM0942348,Ford,Explorer,2021
1697,1098,1FAZVV9K2M9913229,Ford,F-150,2021
1698,1098,1C6CG6LR1P0323657,Ram,1500,2023
1699,1098,1GCT4Z0D1PT711532,Chevrolet,Tahoe,2023
1700,1098,1G1EJBVM8DF016629,Chevrolet,Silverado 1500,2013
1701,1098,2GNVLR1U4GH660607,Chevrolet,Tahoe,2016
1702,1098,1N4RKETE7KK356352,Nissan,Pathfinder,2019
1703,1099,5TD57PSN7EL373084,Toyota,Highlander,2014
1704,1100,KMHL0BHL1G5563283,Hyundai,Tucson,2016
1705,1101,1C6G1L7Z6JZ999584,Ram,1500,2018
1706,1101,3FAA0JML5GA371023,Ford,Escape,2016
1707,1101,5TDMC5JV0HB505688,Toyota,Tacoma,2017
1708,1101,1G15DT553KZ716429,Chevrolet,Silverado 1500,2019
1709,1102,1FMLJPX79PX812560,Ford,Fusion,2023
1710,1103,1C4UJ77T4HZ640906,Jeep,Grand Cherokee,2017
1711,1104,4S4MS5BG0N3482635,Subaru,Outback,2022
1712,1105,5N1CZH8H4N9293363,Nissan,Rogue,2022
1713,1105,1GKXG8BA6JT054440,GMC,Yukon,2018
1714,1105,1GCX1EMJ1NB059291,Chevrolet,Equinox,2022
1715,1105,1FAM1AB22DV740747,Ford,Escape,2013
1716,1105,1GNHMAPZ4G7525492,Chevrolet,Tahoe,2016
1717,1106,3FA6PF145K3893904,Ford,F-150,2019
1718,1106,KMH80XE63M1326640,Hyundai,Tucson,2021
1719,1107,5N1B3DFSXBX389817,Nissan,Maxima,2011
1720,1107,5TD98BPJ8LM803820,Toyota,Tundra,2020
1721,1108,1J4U7S9E5CV122653,Jeep,Grand Cherokee,2012
1722,1109,1G4LWGNF3N1184817,Buick,LaCrosse,2022
1723,1110,3FAA2NXGXGK774313,Ford,Fusion,2016
1724,1111,1FM8B10T3F3845941,Ford,F-150,2015
1725,1111,1FMTP4TD9PL440122,Ford,F-150,2023
1726,1111,1GKBPCJP8M4159708,GMC,Yukon,2021
1727,1111,1C69CAC02M0634715,Ram,1500,2021
1728,1111,1GTL5FZX1P6598818,GMC,Terrain,2023
1729,1111,5TDJ2J4C7F9198999,Toyota,Tacoma,2015
1730,1112,3MZRSYAT1DM471731,Mazda,CX-5,2013
1731,1113,5TF9VS8S35V957775,Toyota,Corolla,2005
1732,1113,1C38ZBMS1LG381583,Chrysler,300,2020
1733,1114,5NM1M0S72B3884753,Hyundai,Sonata,2011
1734,1114,5NMN61GK5HP540219,Hyundai,Sonata,2017
1735,1115,5TDSUJYP556074192,Toyota,Tacoma,2005
1736,1116,1N4U18M99HR225293,Nissan,Sentra,2017
1737,1117,WBA4UCZA97U616329,BMW,X5,2007
1738,1118,1FTJNJ4T1N3213039,Ford,F-150,2022
1739,1118,1FT01XNC0NP584873,Ford,F-150,2022
1740,1118,3C63PVBXXG4053397,Ram,2500,2016
1741,1118,4T1F6ZG73MP960549,Toyota,Tacoma,2021
1742,1118,1G1NLUJ82G1046158,Chevrolet,Equinox,2016
1743,1118,1GCKTEMR8NG597290,Chevrolet,Silverado 1500,2022
1744,1119,5NPUH0X84JS336716,Hyundai,Sonata,2018
1745,1120,5N1URYGJ9DZ497843,Nissan,Altima,2013
1746,1121,1FMBRRA66KY435947,Ford,Explorer,2019
1747,1122,WBSEE2JU9GJ510641,BMW,X5,2016
1748,1123,KMHMJS456N4881802,Hyundai,Elantra,2022
1749,1124,1FMW3U2M9K6127301,Ford,Explorer,2019
1750,1125,1VWYM73C6HN922807,Volkswagen,Jetta,2017
1751,1126,1FM0XKFH9GG466766,Ford,Fusion,2016
1752,1127,5TDKX1B43GY961948,Toyota,Tacoma,2016
1753,1128,1GCGJRHN5C4302185,Chevrolet,Malibu,2012
1754,1129,1FT5UAEN6BT346539,Ford,Expedition,2011
1755,1130,1G1TCZJ6XJR133821,Chevrolet,Silverado 1500,2018
1756,1131,1FMUHH8M376539907,Ford,Escape,2007
1757,1132,3N1H7CMP9MT593991,Nissan,Maxima,2021
1758,1132,1FMDAZ49XL7066359,Ford,Escape,2020
1759,1133,1FABL7KR7JJ831422,Ford,Expedition,2018
1760,1134,1HGBBHH56LU282855,Honda,Accord,2020
1761,1134,1G19TF751LC654150,Chevrolet,Tahoe,2020
1762,1135,1C4FM0Z20PD766316,Jeep,Grand Cherokee,2023
1763,1136,5TF2J1VW0HH865198,Toyota,Tundra,2017
1764,1136,5NPUHJM94HF709016,Hyundai,Elantra,2017
1765,1137,JF1ABYUP4F2477084,Subaru,Forester,2015
1766,1138,1GNVSMKN4L8814665,Chevrolet,Traverse,2020
1767,1138,5TFC2VB57JC486464,Toyota,RAV4,2018
1768,1138,1GCXHNDB3K5449985,Chevrolet,Equinox,2019
1769,1139,2GN0WP2A9GM269700,Chevrolet,Equinox,2016
1770,1139,2C4XVXSB951126554,Dodge,Grand Caravan,2005
1771,1140,3FALB74M7L5100952,Ford,F-150,2020
1772,1141,1C40HRLP556963499,Jeep,Compass,2005
1773,1141,1HGBWCL84MG451814,Honda,Odyssey,2021
1774,1142,1N4M1DJ65G3039626,Nissan,Altima,2016
1775,1143,1HG3KFKH0AH613155,Honda,Accord,2010
1776,1143,5NPDNT995M7284522,Hyundai,Sonata,2021
1777,1144,1C6D6MF82E0091484,Ram,1500,2014
1778,1145,5NMKZBRM6J3846213,Hyundai,Santa Fe,2018
1779,1146,2GNMZ7JR8GR755112,Chevrolet,Cruze,2016
1780,1147,1FTPJ8CT8M6184152,Ford,Escape,2021
1781,1147,5TDFCLJ53LR588059,Toyota,Highlander,2020
1782,1147,1C6XL3PE8FV551286,Ram,1500,2015
1783,1148,WBSXHE6Z5NR160865,BMW,X5,2022
1784,1148,2GN58YLJ5FU153963,Chevrolet,Silverado 1500,2015
1785,1149,5J66H49S0B7026648,Honda,Odyssey,2011
1786,1150,5J6W08JY4MS335036,Honda,Accord,2021
1787,1150,1GNJWX6L77U362320,Chevrolet,Tahoe,2007
1788,1151,2HGFGSB64JN630283,Honda,CR-V,2018
1789,1151,JTDD0S3F3DW713457,Toyota,Tacoma,2013
1790,1151,5NMUK5D689V137547,Hyundai,Tucson,2009
1791,1152,2HG9MT1005V572378,Honda,Accord,2005
1792,1153,1C60TVKY3NL041761,Ram,2500,2022
1793,1154,1GNK8XS16KG133072,Chevrolet,Tahoe,2019
1794,1154,2GN0RW419P6931004,Chevrolet,Tahoe,2023
1795,1154,1GT52RMH9HU346167,GMC,Sierra 1500,2017
1796,1154,1N4G7YNB1NF381564,Nissan,Rogue,2022
1797,1154,1GCG5A8S1KG068569,Chevrolet,Silverado 1500,2019
1798,1154,5TFUNDE02E3501674,Toyota,Highlander,2014
1799,1154,1GKU40NKXP4857840,GMC,Acadia,2023
1800,1154,1GKUDM4K7GB702411,GMC,Sierra 1500,2016
1801,1155,1GKZNW6J4N1023833,GMC,Sierra 1500,2022
1802,1155,3C64T7R83J4071080,Ram,1500,2018
1803,1155,3FA1CTTA0P1299263,Ford,Explorer,2023
1804,1155,1GTJHYJ96KX652589,GMC,Acadia,2019
1805,1156,5NMR77UA4C8977743,Hyundai,Elantra,2012
1806,1157,1FMGUZXV0EL368394,Ford,F-150,2014
1807,1157,5NM0T95T3DE059064,Hyundai,Elantra,2013
1808,1158,1GK9F8Y758K913573,GMC,Sierra 1500,2008
1809,1159,3FAJ7LZE4A1172585,Ford,F-150,2010
1810,1160,1FTXNVZ95NJ733769,Ford,Explorer,2022
1811,1160,3C6541XF6MD106747,Ram,1500,2021
1812,1160,2GNJT5VX8J0469855,Chevrolet,Silverado 1500,2018
1813,1160,2GNB94M92MV201682,Chevrolet,Silverado 1500,2021
1814,1160,1N4BL3F68RK490997,Nissan,Pathfinder,2024
1815,1160,1GNKKF102HU206324,Chevrolet,Silverado 1500,2017
1816,1160,3C68MRPC5LC769393,Ram,2500,2020
1817,1160,1GNU2HCS2LW288152,Chevrolet,Equinox,2020
1818,1161,5TDMHRX07L3242607,Toyota,Corolla,2020
1819,1161,1HG7AEJ34E1412457,Honda,CR-V,2014
1820,1161,1FMYEE2L8B8677660,Ford,F-150,2011
1821,1162,1VWVNDSF5E0497020,Volkswagen,Tiguan,2014
1822,1163,3N1HP09V1AE534200,Nissan,Frontier,2010
1823,1164,1GTY1TUM3MR950529,GMC,Yukon,2021
1824,1165,1FAS6EMX6C5562364,Ford,F-150,2012
1825,1166,3MZ20GN93BU113558,Mazda,Mazda3,2011
1826,1167,4T1GELN58N7472446,Toyota,RAV4,2022
1827,1168,4T1XHCUB3M9891659,Toyota,Tundra,2021
1828,1168,3FAD35HRXPV993958,Ford,Explorer,2023
1829,1168,2T1JY8023N9192103,Toyota,Tacoma,2022
1830,1168,3C61MDSK7L8800598,Ram,2500,2020
1831,1168,1FMUTJWM5PM830669,Ford,Explorer,2023
1832,1168,1C6J493C5PS453975,Ram,1500,2023
1833,1168,5N1M7UNG6LM852520,Nissan,Frontier,2020
1834,1168,1GNL4V2P5L8646706,Chevrolet,Silverado 1500,2020
1835,1169,2GNH98289MK739129,Chevrolet,Silverado 1500,2021
1836,1170,1J4J2CKP9HN281461,Jeep,Compass,2017
1837,1171,5FN9KPAUXLL038766,Honda,Civic,2020
1838,1172,3N1PA5MXXF7353773,Nissan,Sentra,2015
1839,1173,1C3WVZU02FL936157,Dodge,Charger,2015
1840,1173,JM38LXEY56P763317,Mazda,Mazda3,2006
1841,1173,JTJGF6K02D8074473,Lexus,ES 350,2013
1842,1174,2C45M4YLX59431104,Dodge,Charger,2005
1843,1175,3N1LB2ZR9ML988010,Nissan,Rogue,2021
1844,1175,1FAV19F65L4735238,Ford,F-150,2020
1845,1175,2GNVXZ2YXL6720899,Chevrolet,Silverado 1500,2020
1846,1175,1GKUKYRA2NZ068345,GMC,Sierra 1500,2022
1847,1175,1C6ZFHHE8BN701225,Ram,2500,2011
1848,1176,3C63XXLD1K6201739,Ram,1500,2019
1849,1176,1G1CWB754HB139209,Chevrolet,Tahoe,2017
1850,1177,1GN7611F29L466537,Chevrolet,Traverse,2009
1851,1178,5N1V47H93GS065022,Nissan,Rogue,2016
1852,1179,1GT7CA803HP206870,GMC,Sierra 1500,2017
1853,1180,2T17LAFJXLR429035,Toyota,Camry,2020
1854,1181,1VW5BN177H2666844,Volkswagen,Tiguan,2017
1855,1182,5XYPEAP00DK404005,Kia,Soul,2013
1856,1183,KMHY2S11XKV557189,Hyundai,Elantra,2019
1857,1184,5XY3PWSL85R842593,Kia,Soul,2005
1858,1185,1N6CXDHT3MZ257893,Nissan,Sentra,2021
1859,1186,1GKEY9VZ28W013839,GMC,Acadia,2008
1860,1187,5FN48FP94J3479280,Honda,Accord,2018
1861,1188,1G14J28C3J9977065,Chevrolet,Silverado 1500,2018
1862,1189,5NM66TYE1G6014618,Hyundai,Sonata,2016
1863,1190,2GNVEXBV4MF676805,Chevrolet,Tahoe,2021
1864,1191,1FM52K7F1GG902981,Ford,Focus,2016
1865,1191,1FA625GH0HP784024,Ford,Expedition,2017
1866,1192,1J4U2LPL5KX760149,Jeep,Cherokee,2019
1867,1193,2GNVRU4V4FF682221,Chevrolet,Impala,2015
1868,1194,1FMZF56L8FS303831,Ford,F-150,2015
1869,1195,5XYVFTF48KC645497,Kia,Optima,2019
1870,1196,5J6VL2714FW147204,Honda,Civic,2015
1871,1197,1C439UHV4L1500445,Jeep,Wrangler,2020
1872,1198,2T1Z3VEB7J1388174,Toyota,Camry,2018
1873,1199,JTJN7M8R9NJ078738,Lexus,IS 250,2022
1874,1200,1G1RAFZT4E7910262,Chevrolet,Impala,2014
1875,1201,5FNUA0VP4NB041230,Honda,CR-V,2022
1876,1201,2C3689GG6J8007191,Dodge,Grand Caravan,2018
1877,1201,3N18DHD44AX294361,Nissan,Rogue,2010
1878,1202,5TDC7NAX5AE504011,Toyota,Sienna,2010
1879,1203,WBANAJKH2F6734511,BMW,5 Series,2015
1880,1204,5TD6T2E97LL463883,Toyota,Tacoma,2020
1881,1204,JTDW5KSA3NP699457,Toyota,Tundra,2022
1882,1204,1GCYKSK96HA102476,Chevrolet,Tahoe,2017
1883,1205,5J635YGM69A514913,Honda,Accord,2009
1884,1205,JF1M6WRG9H7095931,Subaru,Outback,2017
1885,1206,1N4J5R5P586378474,Nissan,Altima,2008
1886,1206,1C4HSX9HXF2663667,Jeep,Wrangler,2015
1887,1207,5NPEKYVG8LN694952,Hyundai,Elantra,2020
1888,1208,1C4G3XBR6N8447838,Jeep,Grand Cherokee,2022
1889,1209,1FT8L4PV4BH869799,Ford,Escape,2011
1890,1210,1FTWD1NP7P4661373,Ford,F-150,2023
1891,1210,1FMTMM6C5LR000966,Ford,F-150,2020
1892,1210,3C6JCAVR7HJ203235,Ram,1500,2017
1893,1210,1GCZUDA9XMH430741,Chevrolet,Silverado 1500,2021
1894,1210,2T19LLC97MD384522,Toyota,Tacoma,2021
1895,1210,1GN4R7R9XLC618325,Chevrolet,Traverse,2020
1896,1210,1C6X0S005JA417188,Ram,1500,2018
1897,1210,5TF0UE8ZXMY706534,Toyota,RAV4,2021
1898,1211,1N6CAB3F3NR884134,Nissan,Altima,2022
1899,1211,2HGXBYAD27A549353,Honda,Civic,2007
1900,1212,1GN32HP48KZ498453,Chevrolet,Malibu,2019
1901,1213,KNDG509Z0EM829992,Kia,Optima,2014
1902,1213,5NPX512R9D5431416,Hyundai,Sonata,2013
1903,1214,1HG5JHRJ369943891,Honda,CR-V,2006
1904,1214,1C48PU1E7KG808646,Jeep,Grand Cherokee,2019
1905,1215,4S3Y1XJM77H016931,Subaru,Forester,2007
1906,1215,5TFECCEC7MB137755,Toyota,Camry,2021
1907,1216,4T12RTX1XHB267060,Toyota,Highlander,2017
1908,1217,1GNN45KS7M8641277,Chevrolet,Equinox,2021
1909,1217,1GTLK70E1MA374323,GMC,Acadia,2021
1910,1217,1GNW1TC7XNR292901,Chevrolet,Silverado 1500,2022
1911,1217,1FM9B13U2JL506802,Ford,Explorer,2018
1912,1217,2T14RMJF3MP137925,Toyota,RAV4,2021
1913,1217,3FATE5X43LB507644,Ford,F-150,2020
1914,1217,3FAJD5S24JA321355,Ford,Escape,2018
1915,1218,1C6RLAHM17H419859,Ram,2500,2007
1916,1219,2GNBGPYY29M139531,Chevrolet,Silverado 1500,2009
1917,1219,1C6YVUWV0HF878025,Ram,1500,2017
1918,1219,1FTV9YAW2MA727862,Ford,F-150,2021
1919,1219,1FT6PPEL8RP569472,Ford,F-150,2024
1920,1219,1C6D2D5V0FM415724,Ram,1500,2015
1921,1219,1FTMR6KD6N6353130,Ford,Explorer,2022
1922,1219,1GC7WRV58HN886945,Chevrolet,Equinox,2017
1923,1219,3FA1ZSMU5ML088724,Ford,Explorer,2021
1924,1220,1GCBJ5308NA870580,Chevrolet,Impala,2022
1925,1221,5TFG1XK55LR049885,Toyota,Tundra,2020
1926,1222,5NMMRT0M0NW030498,Hyundai,Tucson,2022
1927,1223,1C65KGU33N1634831,Ram,2500,2022
1928,1223,1GK9A2J53KP827239,GMC,Sierra 1500,2019
1929,1224,1N44KEBJ6F1350711,Nissan,Altima,2015
1930,1225,JTH9L5YA8CD174032,Lexus,ES 350,2012
1931,1226,5UXJW2P9876311457,BMW,3 Series,2007
1932,1227,5UX4VGNRXMT461695,BMW,X5,2021
1933,1228,4S47UKL65JL792141,Subaru,Forester,2018
1934,1229,1C6020HM5MZ769393,Ram,1500,2021
1935,1229,2T1V31K58JJ264470,Toyota,Tacoma,2018
1936,1229,2T10DZ598KS744895,Toyota,Highlander,2019
1937,1229,1GN6C1WA5KW499926,Chevrolet,Traverse,2019
1938,1230,4T10NZB16N0984012,Toyota,RAV4,2022
1939,1230,1FAHKNATXBX275801,Ford,Fusion,2011
1940,1231,5GAHSYC1XE7430523,Buick,LaCrosse,2014
1941,1232,WAU5V1XS450636395,Audi,Q5,2005
1942,1232,1GT7CLSY4LY772226,GMC,Yukon,2020
1943,1233,2C440HHX2HW528434,Dodge,Challenger,2017
1944,1234,2HG4D5EP5EN717041,Honda,Pilot,2014
1945,1235,2HGBNEBVX98542913,Honda,Civic,2009
1946,1236,1FM4L6MF7KN524867,Ford,Fusion,2019
1947,1236,3MZ0AB011LT754451,Mazda,Mazda3,2020
1948,1237,3N1U8CNU4KX249703,Nissan,Rogue,2019
1949,1238,2HGNZUGU6KG187746,Honda,Accord,2019
1950,1239,1C37XRXL8E8187211,Dodge,Durango,2014
1951,1240,1J4KUK1E661123690,Jeep,Cherokee,2006
1952,1241,2GN89P881KK768039,Chevrolet,Silverado 1500,2019
1953,1242,1N4C16BP59Y049657,Nissan,Rogue,2009
1954,1243,1GC5EZ4AXLW877160,Chevrolet,Equinox,2020
1955,1243,2GNUA23H5RU281876,Chevrolet,Tahoe,2024
1956,1243,1G1WZLMN1G9993353,Chevrolet,Silverado 1500,2016
1957,1243,5TDWW34A2LC449320,Toyota,RAV4,2020
1958,1244,2GN8TXP08NW164949,Chevrolet,Impala,2022
1959,1245,KNAMXU82XLM124183,Kia,Forte,2020
1960,1246,1GTJAF2R8J5445767,GMC,Acadia,2018
1961,1246,1FT906SR5LH964036,Ford,F-150,2020
1962,1246,1GTWHTRXXP6196007,GMC,Sierra 1500,2023
1963,1246,1N6HBATM9JE131513,Nissan,Pathfinder,2018
1964,1247,1GCLPBJ59JJ877015,Chevrolet,Equinox,2018
1965,1248,1FM4L8BAXL4851208,Ford,F-150,2020
1966,1249,5TD6U3A33MK231745,Toyota,Sienna,2021
1967,1250,1FMA6KX29CP758574,Ford,Mustang,2012
1968,1251,JM3XA5P61H0008730,Mazda,CX-9,2017
1969,1251,1FT95EU55B9749383,Ford,Explorer,2011
1970,1252,3MZEGK9H1MZ699986,Mazda,CX-5,2021
1971,1253,3N11019E3F4572035,Nissan,Rogue,2015
1972,1254,1FMC0RYK0MY374468,Ford,F-150,2021
1973,1254,2GNZ6ZFDXRY019529,Chevrolet,Silverado 1500,2024
1974,1254,1C6ZBD8W0NZ649759,Ram,1500,2022
1975,1254,1GNCFWHT7PB580687,Chevrolet,Equinox,2023
1976,1254,3N13NJE74MR146999,Nissan,Rogue,2021
1977,1254,3FAP72132MM080800,Ford,Escape,2021
1978,1254,4T1301JJ1J7142369,Toyota,RAV4,2018
1979,1254,3FA5WJEL6MM260800,Ford,Explorer,2021
1980,1255,JTHJ87XS0HG125949,Lexus,ES 350,2017
1981,1256,1FM4G0RA3FX391985,Ford,Focus,2015
1982,1257,1FA1344B9F4864356,Ford,F-150,2015
1983,1258,KNA3B0NV6HZ449277,Kia,Soul,2017
1984,1258,1FTCMSSD5HH247263,Ford,Focus,2017
1985,1258,2GN9S1448NL510639,Chevrolet,Malibu,2022
1986,1259,2T1XWR1Z9MA693849,Toyota,RAV4,2021
1987,1260,5FN510FH0FV418664,Honda,CR-V,2015
1988,1261,1HG3VD8G1D1422769,Honda,Accord,2013
1989,1262,1FTNFZDU1JL152453,Ford,F-150,2018
1990,1263,1C3KJWFE29Z152435,Chrysler,300,2009
1991,1264,1N6ZS4UR2HR853148,Nissan,Altima,2017
1992,1265,KNAZWSTU7P7672149,Kia,Soul,2023
1993,1266,1GTLFB6V8MF715489,GMC,Yukon,2021
1994,1267,1GCZGZ080J4676231,Chevrolet,Silverado 1500,2018
1995,1267,JTD4XNKE5KG568614,Toyota,Sienna,2019
1996,1267,3C69NADE8L6069472,Ram,2500,2020
1997,1268,1J4X5EMM0NJ554953,Jeep,Grand Cherokee,2022
1998,1269,1N6ELKVM8JA205630,Nissan,Rogue,2018
1999,1270,1HG4SM8F6G6841406,Honda,Civic,2016
2000,1271,1FMRMTRJ1K1680375,Ford,Focus,2019
2001,1272,WBSLXAM45JV810894,BMW,X3,2018
2002,1273,4S3MET8G6G6123301,Subaru,Crosstrek,2016
2003,1274,1J451MFE5GN379243,Jeep,Cherokee,2016
2004,1275,1GNX2WS75BA590769,Chevrolet,Equinox,2011
2005,1276,1GNDS1DA75Y033176,Chevrolet,Equinox,2005
2006,1277,5N1HP3DP85L869812,Nissan,Rogue,2005
2007,1278,JF1WHNN935M273544,Subaru,Forester,2005
2008,1279,1C4SX1100JZ163463,Jeep,Cherokee,2018
2009,1280,5TF3JJ756HA230777,Toyota,Tacoma,2017
2010,1281,5NPGE6XJ1DE928007,Hyundai,Tucson,2013
2011,1282,2T1FKVFG4M1167989,Toyota,Camry,2021
2012,1283,1FT9WFM61EC623847,Ford,Escape,2014
2013,1284,1FMFFJ2B3M9704782,Ford,F-150,2021
2014,1285,JTDWW2FT25K200136,Toyota,Highlander,2005
2015,1286,5TDMHM511C2561716,Toyota,Camry,2012
2016,1286,JTDL27TW2EC704464,Toyota,RAV4,2014
2017,1287,4T1GAFZB951807245,Toyota,Corolla,2005
2018,1288,2T1GA079XEY355662,Toyota,Corolla,2014
2019,1289,1C47HM2P3LR619569,Jeep,Grand Cherokee,2020
2020,1290,5N15F5YT0MS121410,Nissan,Sentra,2021
2021,1290,1N61JJAM4D4795901,Nissan,Pathfinder,2013
2022,1291,2T1AGZY89AY264150,Toyota,Prius,2010
2023,1292,5FNXT1XJXLM149150,Honda,Civic,2020
2024,1293,1GC4K3SN7KD967559,Chevrolet,Tahoe,2019
2025,1293,1C6NU6CN35B692052,Ram,1500,2005
2026,1294,KNALA33XXH0227290,Kia,Sportage,2017
2027,1294,3FAC33TU1FK461753,Ford,Focus,2015
2028,1295,4T17SABB6ET620057,Toyota,Camry,2014
2029,1295,WBSHB6WJ0LS551370,BMW,X3,2020
2030,1296,1G4SNY891E5592445,Buick,LaCrosse,2014
2031,1297,1G4JN3J77JT062350,Buick,Encore,2018
2032,1297,JM3EGF1T1NN916037,Mazda,CX-9,2022
2033,1298,2T1UFA915F3980793,Toyota,Tacoma,2015
2034,1299,1FMCV4CS2H2901592,Ford,F-150,2017
2035,1300,JM3TTTBB9EZ419432,Mazda,CX-5,2014
2036,1301,2GNKKC5R5LY744986,Chevrolet,Silverado 1500,2020
2037,1301,3C638TJF2PU631986,Ram,1500,2023
2038,1301,1G1AR8ZD7PS527460,Chevrolet,Silverado 1500,2023
2039,1301,1FAXN0LD7LE269205,Ford,Escape,2020
2040,1301,1GT3ZP0S1RC526453,GMC,Terrain,2024
2041,1301,1FTHU0EM8MX541455,Ford,Expedition,2021
2042,1301,1FA9W16D7N4548444,Ford,Explorer,2022
2043,1301,2T1XT66N6KT015638,Toyota,RAV4,2019
2044,1302,5N11UGUR9KZ937367,Nissan,Altima,2019
2045,1303,KL46E4AB3FL295292,Buick,Enclave,2015
2046,1303,1GCX4WWV6GU899538,Chevrolet,Tahoe,2016
2047,1304,4S3P0D2Z69S161519,Subaru,Forester,2009
2048,1305,JTHH71V4X7X487370,Lexus,IS 250,2007
2049,1305,1GCELW2D5LU418776,Chevrolet,Impala,2020
2050,1306,2C341XDK6M1543080,Chrysler,300,2021
2051,1307,1GN5VWM1X7M841038,Chevrolet,Traverse,2007
2052,1308,4S40VJ3X46J460647,Subaru,Forester,2006
2053,1309,2C4ZXXWR7FS427572,Dodge,Charger,2015
2054,1310,1N6GUG0T8LZ400732,Nissan,Frontier,2020
2055,1311,JF1VH9WP9HL210541,Subaru,Forester,2017
2056,1312,JTJ8BDJA6M6992043,Lexus,ES 350,2021
2057,1313,1C31RFGS9KZ765926,Dodge,Charger,2019
2058,1313,1GCPLELM3R1752672,Chevrolet,Silverado 1500,2024
2059,1314,1G1MLW2R6P0991991,Chevrolet,Silverado 1500,2023
2060,1315,1J4HCA738JS438975,Jeep,Cherokee,2018
2061,1315,1FMD7ZK73KZ521068,Ford,F-150,2019
2062,1315,3MZKR7C98F9047977,Mazda,CX-5,2015
2063,1316,1J41BEXX7E8358116,Jeep,Grand Cherokee,2014
2064,1317,WDCBVJTZ2H9629402,Mercedes-Benz,GLC,2017
2065,1318,WDCW1GCA2HZ652267,Mercedes-Benz,E-Class,2017
2066,1319,1GKNE4WTXLZ759372,GMC,Sierra 1500,2020
2067,1319,1FTARDNN0LE774551,Ford,Escape,2020
2068,1319,1G1SX4SG0GD664459,Chevrolet,Silverado 1500,2016
2069,1319,5TDYBN7Y7M0621109,Toyota,Tundra,2021
2070,1319,1N6LPJLF7HL576142,Nissan,Rogue,2017
2071,1319,1GCSBLWN0KG193199,Chevrolet,Silverado 1500,2019
2072,1320,4S3P7SKV2MB138339,Subaru,Outback,2021
2073,1321,5NMCS1UG4J8522202,Hyundai,Elantra,2018
2074,1322,3FA0L6C2XKD851929,Ford,Expedition,2019
2075,1323,5NM2WWXN650120225,Hyundai,Tucson,2005
2076,1324,1GN49EHM25T514022,Chevrolet,Silverado 1500,2005
2077,1325,WBAJGSMJ4DL432932,BMW,3 Series,2013
2078,1326,1HGZ103K2KS151559,Honda,Civic,2019
2079,1326,1FMVXP0KXJK447753,Ford,F-150,2018
2080,1327,WBA3JBCS2D0675340,BMW,3 Series,2013
2081,1327,KND2FMS68GP103071,Kia,Sorento,2016
2082,1328,5XY67MZCXEA165701,Kia,Sorento,2014
2083,1329,JTD64S8TXJG902477,Toyota,RAV4,2018
2084,1329,5N1J0ZEN1KV463215,Nissan,Pathfinder,2019
2085,1330,JM193PEA0AL924236,Mazda,CX-9,2010
2086,1331,5TFD7517455774736,Toyota,Tacoma,2005
2087,1332,5TD270BZ35A422063,Toyota,Camry,2005
2088,1333,5XY16RSS5H2644604,Kia,Sportage,2017
2089,1334,5J6D64031LE090956,Honda,Civic,2020
2090,1335,1G14LM5D9DJ829296,Chevrolet,Impala,2013
2091,1336,5TF09HT34HX947040,Toyota,RAV4,2017
2092,1337,JF1HJ89P757609248,Subaru,Forester,2005
2093,1338,1GCHJA380CG423194,Chevrolet,Silverado 1500,2012
2094,1338,1FTVGBCL7GK104676,Ford,Escape,2016
2095,1339,1G12N6YY9FD751292,Chevrolet,Silverado 1500,2015
2096,1340,KNACYTRA9NW083061,Kia,Soul,2022
2097,1341,4T1R6Z6T3CM074906,Toyota,Corolla,2012
2098,1341,5FNV413N0EF555751,Honda,Civic,2014
2099,1342,2T13Y57L65E877936,Toyota,Camry,2005
2100,1343,5FN3B6UT8G7063943,Honda,CR-V,2016
2101,1344,1GCD3GTG4PH883106,Chevrolet,Silverado 1500,2023
2102,1344,1GCU4RDT8NN739903,Chevrolet,Silverado 1500,2022
2103,1344,1C6NW67D7NB538018,Ram,1500,2022
2104,1344,1FTCY3E34NC367786,Ford,Explorer,2022
2105,1344,1GCLK1PS5JK993375,Chevrolet,Silverado 1500,2018
2106,1344,3C6P5VP8XP2482480,Ram,1500,2023
2107,1345,1C4ZPB7P2AA506717,Jeep,Wrangler,2010
2108,1346,5TDT3VJB2NR332227,Toyota,Camry,2022
2109,1347,1N4LTTW3XBP399376,Nissan,Frontier,2011
2110,1347,5N12XC695LD801141,Nissan,Maxima,2020
2111,1348,1GC44RG70JM756046,Chevrolet,Traverse,2018
2112,1349,KMH9RTB60BS741705,Hyundai,Elantra,2011
2113,1350,1J4U7VGL29J936259,Jeep,Grand Cherokee,2009
2114,1351,2HGK2SB81CJ426436,Honda,Accord,2012
2115,1352,5NM01GV12G1893847,Hyundai,Elantra,2016
2116,1353,5NPNJS368GR828433,Hyundai,Tucson,2016
2117,1354,3MZ6CE919A4093042,Mazda,CX-9,2010
2118,1355,1C6RXD1F3NA250791,Ram,2500,2022
2119,1356,1FM61UKN3HS504090,Ford,Explorer,2017
2120,1356,5FNH2TSW0L8187002,Honda,Pilot,2020
2121,1357,5J6E8DWF1KJ726037,Honda,Accord,2019
2122,1358,JM10X12G4GA149141,Mazda,Mazda3,2016
2123,1358,1FA9MZDZ5LY408756,Ford,Escape,2020
2124,1359,4T1YM24Y5GG178275,Toyota,Tacoma,2016
2125,1360,5J67LX1W3GY237444,Honda,Civic,2016
2126,1361,1FA16M4AXHE455018,Ford,F-150,2017
2127,1362,1C33GTBDXNJ939320,Dodge,Grand Caravan,2022
2128,1363,KMH9W13R0J8633778,Hyundai,Tucson,2018
2129,1364,JTDSX6ZE3JS530622,Toyota,RAV4,2018
2130,1365,1HGCSY32979660452,Honda,CR-V,2007
2131,1366,1FAF8GP0366619270,Ford,F-150,2006
2132,1367,1C652W4M0DD429757,Ram,1500,2013
2133,1368,1GKL0M9M6PV813211,GMC,Terrain,2023
2134,1369,2HGDXUZJ4L3052195,Honda,Accord,2020
2135,1370,KMHEN28X3JW297103,Hyundai,Elantra,2018
2136,1370,1FTTGC9E8HD147810,Ford,F-150,2017
2137,1371,1FA0D4FF8NR848482,Ford,F-150,2022
2138,1371,3FAFNW124LC718324,Ford,F-150,2020
2139,1371,5TF6J2TT8EG486936,Toyota,Tundra,2014
2140,1372,4JG4VFE87ED327933,Mercedes-Benz,GLE,2014
2141,1373,2GN9R1J13P0103774,Chevrolet,Traverse,2023
2142,1374,JTD452AP4CD936890,Toyota,RAV4,2012
2143,1375,5FNSAP956NZ621580,Honda,Accord,2022
2144,1376,WDCYSTBZ5JL701699,Mercedes-Benz,GLE,2018
2145,1377,1GC2033C4F8816610,Chevrolet,Silverado 1500,2015
2146,1378,1HGEUJWF76N250277,Honda,Accord,2006
2147,1379,KMHE43861L8316996,Hyundai,Sonata,2020
2148,1379,1C3P9ZPU9MZ810251,Dodge,Challenger,2021
2149,1380,1GKYPZZ22GK215146,GMC,Yukon,2016
2150,1380,1C4938541HH439634,Jeep,Grand Cherokee,2017
2151,1381,5UXXE0UV3EZ950229,BMW,3 Series,2014
2152,1382,1GTPSKPE7DN540024,GMC,Sierra 1500,2013
2153,1382,3FAV8GRN7BT102672,Ford,Fusion,2011
2154,1383,2GN85S6E0NK014951,Chevrolet,Equinox,2022
2155,1384,2T1H45VR5LU866289,Toyota,Prius,2020
2156,1385,5FNK9ZAK0N9962284,Honda,Civic,2022
2157,1386,1FTP2K1Y9KA361102,Ford,Explorer,2019
2158,1386,3N1F6WBA9N3899049,Nissan,Altima,2022
2159,1387,3FAY9P3T76N407214,Ford,Fusion,2006
2160,1387,4S3XGBEY3KD172846,Subaru,Impreza,2019
2161,1388,2GN8GY0A2KZ991711,Chevrolet,Silverado 1500,2019
2162,1389,1GKB4KPE0EX194526,GMC,Yukon,2014
2163,1390,JM3UX3NT1MN995616,Mazda,CX-5,2021
2164,1391,1FTL89ZJ0G4721103,Ford,Focus,2016
2165,1392,5NPSDCNJ8L4304031,Hyundai,Tucson,2020
2166,1393,2HG2MNA88EV226131,Honda,CR-V,2014
2167,1394,1G1EZL1N05L520933,Chevrolet,Equinox,2005
2168,1395,KNAB9WJ22E2258692,Kia,Forte,2014
2169,1396,1N6Y367BXKK911753,Nissan,Rogue,2019
2170,1397,1G1JKD0P2KF857299,Chevrolet,Tahoe,2019
2171,1397,1FAU4Z0B4LN277601,Ford,Escape,2020
2172,1397,1C65F4K98M4569756,Ram,1500,2021
2173,1397,1GTKH16D7HB536350,GMC,Sierra 1500,2017
2174,1398,1G19X07535T033349,Chevrolet,Equinox,2005
2175,1399,1GC6GPTZ5F8292148,Chevrolet,Equinox,2015
2176,1400,1N6S0JZXXGD748947,Nissan,Altima,2016
2177,1401,2HGHPP2X2N7760927,Honda,Civic,2022
2178,1401,2T10JUEU3HT625655,Toyota,Tacoma,2017
2179,1402,3FAGNWJ9X70862985,Ford,F-150,2007
2180,1403,4T11J5U36FF480064,Toyota,Camry,2015
2181,1404,1FAPZASU1HA582888,Ford,Fusion,2017
2182,1405,3N1PKE408GD181682,Nissan,Altima,2016
2183,1406,1G1SRTU49NC681318,Chevrolet,Tahoe,2022
2184,1407,5XYY72AP7CK261840,Kia,Optima,2012
2185,1408,2C3XN2MA2HS204411,Dodge,Charger,2017
2186,1409,1C44CFVA7JR259014,Jeep,Wrangler,2018
2187,1409,3C61T9X76KJ330026,Ram,1500,2019
2188,1410,5TFS227E1NG128438,Toyota,RAV4,2022
2189,1411,5N15KTU70JV848534,Nissan,Frontier,2018
2190,1412,JTDZ50WK0K7126757,Toyota,Tacoma,2019
2191,1412,2GN2YXJ11MX173199,Chevrolet,Tahoe,2021
2192,1412,1C6CYFUX2F2336821,Ram,1500,2015
2193,1412,1GN5LHPX9G4061145,Chevrolet,Silverado 1500,2016
2194,1413,1GN4B9UR8PB446248,Chevrolet,Tahoe,2023
2195,1413,1J4URMPJ9BT952150,Jeep,Grand Cherokee,2011
2196,1414,2T14YHNW6HT081934,Toyota,Tacoma,2017
2197,1415,5NMMFD71XEX475898,Hyundai,Tucson,2014
2198,1416,5FNZ3KKH7C2250855,Honda,CR-V,2012
2199,1417,5FNAP9BW7A0784505,Honda,CR-V,2010
2200,1418,2GN92RUA8KP134937,Chevrolet,Malibu,2019
2201,1418,5XYB8B786J6728285,Kia,Sorento,2018
2202,1418,1C4RK8W99H1747978,Jeep,Grand Cherokee,2017
2203,1419,1N6WTZY72JY312179,Nissan,Rogue,2018
2204,1420,1J4FM8RY7JL006152,Jeep,Cherokee,2018
2205,1421,1C6PPN4R9HF404351,Ram,1500,2017
2206,1422,WDCSK1MM0M6361599,Mercedes-Benz,GLE,2021
2207,1422,1HG017UC6BC337009,Honda,CR-V,2011
2208,1422,1C6HVN3T4PC488425,Ram,1500,2023
2209,1423,WAU9Y93J36E571029,Audi,A6,2006
2210,1424,1FTLU0VE3FR227397,Ford,Focus,2015
2211,1424,5J6GKE962M1122270,Honda,CR-V,2021
2212,1425,5FN9VEF41JM624834,Honda,Accord,2018
2213,1426,1FMWY3RD9F7124223,Ford,Explorer,2015
2214,1427,55S09VMF9E0780760,Mercedes-Benz,GLE,2014
2215,1428,1N4X0F3N1K9390197,Nissan,Sentra,2019
2216,1429,1FMSNEPC5G7072118,Ford,F-150,2016
2217,1430,2T1UVDF419A340163,Toyota,RAV4,2009
2218,1431,3N1JH0MZ8HL318472,Nissan,Rogue,2017
2219,1431,1FMXGR1A88F825131,Ford,F-150,2008
2220,1432,JTJD8T8M2F2668959,Lexus,RX 350,2015
2221,1432,5TF1MX5W7EJ851051,Toyota,Corolla,2014
2222,1433,JM3P0WCY2J3948927,Mazda,CX-5,2018
2223,1434,1FTSTMZ50JE567820,Ford,Explorer,2018
2224,1435,3N1UHEYCXBM892377,Nissan,Altima,2011
2225,1436,KND4E28L2D8490395,Kia,Optima,2013
2226,1437,5TD0J7519LN380043,Toyota,Prius,2020
2227,1438,4T1BA1BE0H7240054,Toyota,Highlander,2017
2228,1439,2GNKVGG58HX370315,Chevrolet,Tahoe,2017
2229,1439,3C6TWERNXNN438294,Ram,1500,2022
2230,1439,3C6NJ69K6PS686419,Ram,1500,2023
2231,1439,1GKEPUFV9J4261217,GMC,Terrain,2018
2232,1440,3N16RYYW295996108,Nissan,Pathfinder,2009
2233,1441,1FT0VYKP0NS970434,Ford,F-150,2022
2234,1441,5TFTLDESXLY555095,Toyota,RAV4,2020
2235,1441,1GNUP4WM1MH821962,Chevrolet,Silverado 1500,2021
2236,1441,2GN7RLE10N6896538,Chevrolet,Traverse,2022
2237,1441,1GTW28W04M2321639,GMC,Yukon,2021
2238,1441,3C61N9FM0NL389597,Ram,1500,2022
2239,1441,3C6U9PEU4PG385393,Ram,1500,2023
2240,1442,JF1XHCE58AX539011,Subaru,Forester,2010
2241,1443,2HG82ZEFXBD245524,Honda,CR-V,2011
2242,1444,JTDBPKV63G8187856,Toyota,RAV4,2016
2243,1445,1C4XBWG385T680988,Jeep,Cherokee,2005
2244,1445,1FA477GP2HT420898,Ford,Fusion,2017
2245,1445,WBABYFUF5FS461739,BMW,5 Series,2015
2246,1446,1J46859S276909203,Jeep,Wrangler,2007
2247,1446,1G1RJ0YH7CM437045,Chevrolet,Equinox,2012
2248,1447,4T12H0BP2HN281143,Toyota,RAV4,2017
2249,1448,WA14TWZP8MH666522,Audi,Q7,2021
2250,1449,3C6C0SMB48S647842,Ram,1500,2008
2251,1450,4T1H2A3J7FE868320,Toyota,RAV4,2015
2252,1451,JTDDEPXE4LL744006,Toyota,RAV4,2020
2253,1451,3FAGGMHR5JJ963907,Ford,F-150,2018
2254,1451,3C6B2LZD8KE342582,Ram,1500,2019
2255,1451,3C6BJSR24LC081203,Ram,1500,2020
2256,1451,1GTFZ4GM6L2294013,GMC,Sierra 1500,2020
2257,1451,1GNZZR766P4091541,Chevrolet,Traverse,2023
2258,1452,1G1KWD4Y2JU074361,Chevrolet,Equinox,2018
2259,1452,2C4AV5X99KB259921,Dodge,Charger,2019
2260,1453,1GKZ88BG8MG959978,GMC,Acadia,2021
2261,1453,1G1E9PVD4HR189140,Chevrolet,Traverse,2017
2262,1453,1C6CPD2J5L4439639,Ram,1500,2020
2263,1453,2GNJC5AS8H5183091,Chevrolet,Equinox,2017
2264,1453,3C6WFEXB1JT378367,Ram,1500,2018
2265,1453,1GK3RXJE3PS362574,GMC,Acadia,2023
2266,1453,1FT1T2EMXBN047994,Ford,F-150,2011
2267,1454,1HGSFUHL7GN403100,Honda,Civic,2016
2268,1454,4S3116XM0G8540358,Subaru,Crosstrek,2016
2269,1455,JTJ8YBX9880579307,Lexus,RX 350,2008
2270,1456,2GNMTZS53F2263863,Chevrolet,Silverado 1500,2015
2271,1457,1C6E3F210EJ202688,Ram,2500,2014
2272,1458,1N47W13D9HV129778,Nissan,Sentra,2017
2273,1459,1GCXPH8Z5LE736340,Chevrolet,Malibu,2020
2274,1460,1FM0FNFF1PZ989688,Ford,Escape,2023
2275,1461,WAU7XM3J4L8247692,Audi,A4,2020
2276,1462,1J469PYT8GU473794,Jeep,Wrangler,2016
2277,1463,1C6UTN135HY775994,Ram,1500,2017
2278,1463,3N1FA9LS0NM696097,Nissan,Frontier,2022
2279,1463,1GKPSESJ0FN686455,GMC,Sierra 1500,2015
2280,1463,1C6TEYR37NY244724,Ram,1500,2022
2281,1464,1GCT6Z7698X089015,Chevrolet,Silverado 1500,2008
2282,1465,2GN4FWNK6C8709441,Chevrolet,Tahoe,2012
2283,1466,1FA944314HH678857,Ford,Escape,2017
2284,1467,5J6661N86NE489456,Honda,Accord,2022
2285,1468,2C3ZKKHW5L8731968,Dodge,Durango,2020
2286,1468,2T1XPFVE7R2753146,Toyota,RAV4,2024
2287,1469,2T1V0DUL5B3118667,Toyota,RAV4,2011
2288,1469,2T11GHHGXK4480003,Toyota,Corolla,2019
2289,1470,1GCCC54Z7B5416028,Chevrolet,Silverado 1500,2011
2290,1471,1FAKE07H2GT960277,Ford,F-150,2016
2291,1472,4T1JX66Z5ED669515,Toyota,RAV4,2014
2292,1473,1HG5FDTVX8F063345,Honda,Accord,2008
2293,1473,2T29WUNR1JP096902,Lexus,RX 350,2018
2294,1473,1FTDKFM54BP213870,Ford,Focus,2011
2295,1474,5XYAJ1588E4273826,Kia,Sportage,2014
2296,1475,1HGV81CG0BM022641,Honda,Accord,2011
2297,1476,3N1NH2F73G7217890,Nissan,Maxima,2016
2298,1477,3FAYB80E3HF388528,Ford,Focus,2017
2299,1478,1FA2363K4JG346535,Ford,Escape,2018
2300,1478,5TFZTMF4XKM782819,Toyota,Highlander,2019
2301,1479,5TDGNL4998S415255,Toyota,RAV4,2008
2302,1480,WDCFT62D75Z955413,Mercedes-Benz,E-Class,2005
2303,1480,2C3J5E7T7MB990673,Dodge,Charger,2021
2304,1480,3FA8GR9W1EE699590,Ford,Explorer,2014
2305,1481,1FT3GWSF9H7354290,Ford,Focus,2017
2306,1482,1N6K4JNN27L435583,Nissan,Pathfinder,2007
2307,1482,4S4SMSZC0FT460722,Subaru,Outback,2015
2308,1482,1HG23VXU4M8579508,Honda,Pilot,2021
2309,1483,5XY6BPTK0J5960176,Kia,Optima,2018
2310,1484,4S4DSWZ37KK685726,Subaru,Forester,2019
2311,1484,1J4A6129156590826,Jeep,Cherokee,2005
2312,1485,3N1CZCDU3FA012249,Nissan,Altima,2015
2313,1486,1HGYN25E1CE344997,Honda,Civic,2012
2314,1487,1GKHYNY7XL1087046,GMC,Acadia,2020
2315,1487,3N1P75LD7GV468463,Nissan,Rogue,2016
2316,1488,WAUK5KWE8F3208091,Audi,A4,2015
2317,1488,KNAGL3JM3EF612090,Kia,Soul,2014
2318,1489,5J6X2L822NW955509,Honda,CR-V,2022
2319,1490,1FAY456V156613441,Ford,Mustang,2005
2320,1491,3FAA5HKF7KL872905,Ford,F-150,2019
2321,1492,4T1T4R096HP679792,Toyota,Tacoma,2017
2322,1493,1N6ZCVR63PK673699,Nissan,Sentra,2023
2323,1494,JTHAFR2S8KT234652,Lexus,RX 350,2019
2324,1494,JM1941C01HG831068,Mazda,Mazda3,2017
2325,1495,JTDF7FKG1LS239648,Toyota,Tacoma,2020
2326,1495,1C69RNR61MP859233,Ram,2500,2021
2327,1495,1GC0FAT99NH929904,Chevrolet,Silverado 1500,2022
2328,1495,1GNK9D4Y2L6873120,Chevrolet,Equinox,2020
2329,1496,1FTAKR18586874471,Ford,Explorer,2008
2330,1497,1GCRA23K2HD692277,Chevrolet,Silverado 1500,2017
2331,1497,5TDU958Z0RA285872,Toyota,Tacoma,2024
2332,1497,5TFLWZGL2K3210083,Toyota,Highlander,2019
2333,1497,1GC1073H6LL278953,Chevrolet,Silverado 1500,2020
2334,1498,1N6D8GM3XHU572136,Nissan,Pathfinder,2017
2335,1499,1FA1B9A64FK350451,Ford,F-150,2015
2336,1500,1GCYKFKJXJS486019,Chevrolet,Silverado 1500,2018
2337,1501,1N4EAYG23ME236343,Nissan,Altima,2021
2338,1501,1N4W54LF1FW526992,Nissan,Altima,2015
2339,1502,1C6FUBD23L6276994,Ram,1500,2020
2340,1503,1C6PM1KT9K7312884,Ram,1500,2019
2341,1504,1FTXSH7M5GS405928,Ford,Fusion,2016
2342,1504,JTD5R9W79B2079924,Toyota,Prius,2011
2343,1505,3N1AY0S37L3369226,Nissan,Altima,2020
2344,1506,2C307YMX5N0814670,Dodge,Charger,2022
2345,1507,5TF489XN657424264,Toyota,RAV4,2005
2346,1508,1C3U6GJB1EJ629412,Chrysler,300,2014
2347,1509,2GNAELX79DU441619,Chevrolet,Silverado 1500,2013
2348,1509,1GTN0JZV0JF793065,GMC,Acadia,2018
2349,1510,1FTJ43DU7MC395206,Ford,Explorer,2021
2350,1510,1FA7R3Z56L9231799,Ford,Fusion,2020
2351,1510,KMHMCUKL6FA129673,Hyundai,Tucson,2015
2352,1511,5NP9WPFM1J7829257,Hyundai,Sonata,2018
2353,1512,2HGL5WTVXGG896118,Honda,CR-V,2016
2354,1512,1FMGP7TL0K0622442,Ford,Explorer,2019
2355,1513,1GC3RPR39MW951213,Chevrolet,Silverado 1500,2021
2356,1513,1N4FFMSK2LZ451872,Nissan,Altima,2020
2357,1514,1G1S5W7A0CN936275,Chevrolet,Malibu,2012
2358,1515,1FTGB28T3PY715091,Ford,F-150,2023
2359,1515,3FASES933HK082402,Ford,Escape,2017
2360,1515,3C6XTVLH2KN166140,Ram,2500,2019
2361,1516,5XYL7XT00JK825686,Kia,Optima,2018
2362,1517,5FN70B2H680534710,Honda,Pilot,2008
2363,1517,JF1P1545892565960,Subaru,Impreza,2009
2364,1518,1FTL53NR2KA992059,Ford,Fusion,2019
2365,1519,1C4W2PK71GP188214,Jeep,Grand Cherokee,2016
2366,1520,1N6SRU2M8N8237301,Nissan,Sentra,2022
2367,1520,2C3AWSBX2M5443847,Dodge,Durango,2021
2368,1521,1GNCU05B7F6954754,Chevrolet,Silverado 1500,2015
2369,1522,2T1ZTJSSXJT426479,Toyota,Corolla,2018
2370,1523,WA1W6WWN1LK295062,Audi,Q5,2020
2371,1524,KNDE3J2C9BV585600,Kia,Soul,2011
2372,1525,1FTVYCYX6NG212303,Ford,Explorer,2022
2373,1525,1GTPVD7N1KT914087,GMC,Yukon,2019
2374,1525,2T1D43673NG478124,Toyota,Tacoma,2022
2375,1525,1FAS8RH19K8996606,Ford,Explorer,2019
2376,1525,1FAT03X1XM2446489,Ford,Escape,2021
2377,1525,1FACZ32G0LV459413,Ford,F-150,2020
2378,1525,3FAZS2UM5FK298062,Ford,Explorer,2015
2379,1526,1GCC0DL11L8845728,Chevrolet,Silverado 1500,2020
2380,1526,1GKVL8V55GY597162,GMC,Terrain,2016
2381,1526,3C6PYZGJ9MC984596,Ram,2500,2021
2382,1526,5TFU7LT54JF857118,Toyota,Tundra,2018
2383,1526,5TF5LPLM2HR960111,Toyota,Sienna,2017
2384,1527,JTDS35B785T522663,Toyota,Camry,2005
2385,1527,5GA8YCH759P871626,Buick,Encore,2009
2386,1528,1GC8U7DZ2M3451640,Chevrolet,Malibu,2021
2387,1528,4T1DL8RK6K3489240,Toyota,Tundra,2019
2388,1529,4S4JMND81KA123997,Subaru,Forester,2019
2389,1530,1N42AF782FS427333,Nissan,Sentra,2015
2390,1531,4S39VMZH45H671320,Subaru,Forester,2005
2391,1532,1C4J989Z8MH609659,Jeep,Wrangler,2021
2392,1533,1G1PHGZF087048407,Chevrolet,Silverado 1500,2008
2393,1534,4S3HPGSE2GJ317394,Subaru,Impreza,2016
2394,1535,WBSA6XGN0MA521869,BMW,3 Series,2021
2395,1535,JTDNU71NXAB247285,Toyota,RAV4,2010
2396,1536,3FAMZAY55HC996171,Ford,F-150,2017
2397,1537,1C6NVZ1199Z119930,Ram,1500,2009
2398,1538,5FNB328DX92091750,Honda,Odyssey,2009
2399,1538,5FNMLR8B7RC940632,Honda,CR-V,2024
2400,1539,WDC08T3W2LC802492,Mercedes-Benz,GLC,2020
2401,1540,1FMDB1W74L2416592,Ford,F-150,2020
2402,1540,1G1XE3DAXPB094092,Chevrolet,Cruze,2023
2403,1541,WBS6FRFWXGD267490,BMW,5 Series,2016
2404,1542,WVWLXS1R1D0079248,Volkswagen,Jetta,2013
2405,1542,2C35W2734HK930725,Dodge,Charger,2017
2406,1543,1C3SG6U99J5239202,Chrysler,Pacifica,2018
2407,1544,WVWM1AJH4E5169635,Volkswagen,Jetta,2014
2408,1545,1GNP1C6E9N8088336,Chevrolet,Equinox,2022
2409,1545,3C6WL3MK4NP465373,Ram,1500,2022
2410,1545,5TFX1XSS6MZ122415,Toyota,Tundra,2021
2411,1545,1FM8HUVX9P0635858,Ford,Escape,2023
2412,1545,1FAWW1NXXMZ798468,Ford,Escape,2021
2413,1545,JTDE3MAU9DJ598319,Toyota,Tundra,2013
2414,1545,5TDAGRWF8FU925832,Toyota,Tundra,2015
2415,1546,1C4S5PK84JP051029,Jeep,Cherokee,2018
2416,1547,5TDZ1DHN3H1410950,Toyota,Tacoma,2017
2417,1548,5FN8HHASXGL501073,Honda,Civic,2016
2418,1549,2GNF9WZ87F7234715,Chevrolet,Silverado 1500,2015
2419,1550,KNDKJPNN3JD960216,Kia,Soul,2018
2420,1551,WBAZ3B1V0CN562523,BMW,3 Series,2012
2421,1551,4T1BDC5M4HX875610,Toyota,Corolla,2017
2422,1552,5TFKTXHJ2F8278947,Toyota,Tacoma,2015
2423,1553,3FA5V7S41LL102534,Ford,F-150,2020
2424,1553,2HGN1XJ165S011286,Honda,Pilot,2005
2425,1554,4T1XT78L7ED208319,Toyota,Prius,2014
2426,1555,1FMC8KJP2BN399893,Ford,Explorer,2011
2427,1556,1C4GXH2E0N2027633,Jeep,Wrangler,2022
2428,1557,KL4ZRYMYXKJ774467,Buick,LaCrosse,2019
2429,1558,5N1UE1GFXJA038121,Nissan,Sentra,2018
2430,1559,1FM10AAH6GZ534598,Ford,Explorer,2016
2431,1559,4T1RZ6C00JP375905,Toyota,Camry,2018
2432,1559,5XY12B0T4D8480249,Kia,Forte,2013
2433,1560,WBA4JR1727D062417,BMW,5 Series,2007
2434,1561,1J43ZFCK4J5325767,Jeep,Cherokee,2018
2435,1562,1J4X5H66XLX079368,Jeep,Cherokee,2020
2436,1562,1C6TD0JDXF5510488,Ram,1500,2015
2437,1563,5N1LKHZC9J6348490,Nissan,Altima,2018
2438,1564,1C6BZR848MT987887,Ram,1500,2021
2439,1565,JM1U3APC3F3131137,Mazda,CX-9,2015
2440,1566,1N6NU5G10KC488130,Nissan,Frontier,2019
2441,1566,KMHVFXGL1CJ267333,Hyundai,Elantra,2012
2442,1567,3N15L3MF3AV639806,Nissan,Frontier,2010
2443,1568,5FNPC6GJ4L1703670,Honda,Civic,2020
2444,1569,1GKLRTZW9M4801895,GMC,Terrain,2021
2445,1569,1GKMA4NU3NS533669,GMC,Sierra 1500,2022
2446,1569,5N1KUCX20NP985190,Nissan,Rogue,2022
2447,1570,1C4BPLLV7KL998145,Jeep,Wrangler,2019
2448,1570,5TFE7SXE6PS915495,Toyota,Camry,2023
2449,1571,1HGEUR6S1DU446181,Honda,CR-V,2013
2450,1572,2T25R34C0GT019757,Lexus,IS 250,2016
2451,1572,1GC5BXC5XE1148786,Chevrolet,Silverado 1500,2014
2452,1573,5NMT4ZPP9HL604325,Hyundai,Santa Fe,2017
2453,1574,2HGN3H2F2F7245570,Honda,Pilot,2015
2454,1575,1FTMNEBG6HD474546,Ford,F-150,2017
2455,1575,1FTL5KY49LZ341699,Ford,Expedition,2020
2456,1575,1N64Z1LX5NG950047,Nissan,Frontier,2022
2457,1575,1GK8AY302H4104489,GMC,Terrain,2017
2458,1576,5TF1DMAFXNP836738,Toyota,Tacoma,2022
2459,1576,JTDV7W1R7PM065397,Toyota,RAV4,2023
2460,1576,1FAJCA344K8966975,Ford,Escape,2019
2461,1576,5TD34DBG7HG773241,Toyota,Tacoma,2017
2462,1576,1GNEKW6E8LS241942,Chevrolet,Silverado 1500,2020
2463,1576,5TFGX4WA7N9381267,Toyota,RAV4,2022
2464,1576,1GCATYK95LC294701,Chevrolet,Equinox,2020
2465,1576,1G134GVDXJL893969,Chevrolet,Equinox,2018
2466,1577,1G1SB4K91FT849933,Chevrolet,Traverse,2015
2467,1578,1FALJHE185R463538,Ford,Focus,2005
2468,1578,5J6AY5RL7EJ563808,Honda,Accord,2014
2469,1579,1G12PBM25JN094806,Chevrolet,Traverse,2018
2470,1580,1FAS3GWF5JT281206,Ford,Explorer,2018
2471,1581,5TF25T0F7FR441967,Toyota,Corolla,2015
2472,1582,5UXGUZ2X7MH127500,BMW,3 Series,2021
2473,1583,KMH35EDK554754000,Hyundai,Tucson,2005
2474,1584,1C4GMCZT69W097720,Jeep,Grand Cherokee,2009
2475,1585,3N1V2WL32FP040242,Nissan,Sentra,2015
2476,1586,1VW2M6UN9DW437565,Volkswagen,Jetta,2013
2477,1587,2C3ZL2675JA877401,Dodge,Grand Caravan,2018
2478,1588,JTDXZ72F1FU898351,Toyota,Tacoma,2015
2479,1589,5N1MYUA83HV412171,Nissan,Rogue,2017
2480,1590,JTJ0V1X80KA474446,Lexus,RX 350,2019
2481,1591,5TFY55ME3KM608873,Toyota,Prius,2019
2482,1592,5NPJGA0T3AW298141,Hyundai,Tucson,2010
2483,1593,2C49GN7A48M331600,Dodge,Durango,2008
2484,1594,1HGMZNH3XR2542048,Honda,Accord,2024
2485,1594,1GKV9BTE5BZ739687,GMC,Sierra 1500,2011
2486,1595,1HGTLR5M4N6147545,Honda,Accord,2022
2487,1595,WVWV65KD6MY645759,Volkswagen,Tiguan,2021
2488,1596,1GCALYYE7N5437854,Chevrolet,Impala,2022
2489,1596,2T1B91NL3JM578473,Toyota,Sienna,2018
2490,1596,3C6ZNTVR5GM536670,Ram,2500,2016
2491,1597,1GT7C49V2BG872833,GMC,Sierra 1500,2011
2492,1598,2GN5R1WZ0JL522376,Chevrolet,Traverse,2018
2493,1599,KMH6LSWL3LJ343006,Hyundai,Sonata,2020
2494,1600,3FAD5ZDJ0H6606220,Ford,Escape,2017
2495,1601,1FAPDH1Y2HH062234,Ford,Expedition,2017
2496,1602,1GCNG4JB8JY746174,Chevrolet,Equinox,2018
2497,1602,1GT6E6NJ0E3250067,GMC,Acadia,2014
2498,1602,1FA31HYK6MJ894137,Ford,Escape,2021
2499,1602,3N1SZM0J9L7603577,Nissan,Rogue,2020
2500,1602,3FAP8M6E9P6315608,Ford,Escape,2023
2501,1602,1G1DEBKH0J5138734,Chevrolet,Silverado 1500,2018
2502,1603,5J6G21BF3J9265888,Honda,Civic,2018
2503,1604,JF1RFKMS268210788,Subaru,Crosstrek,2006
2504,1605,3FAAYSXA7C4007980,Ford,Escape,2012
2505,1606,1C4L5KXH9K0176649,Jeep,Wrangler,2019
2506,1607,2C37F4KVX8X605755,Chrysler,300,2008
2507,1608,5NMTWTGX2EV223827,Hyundai,Elantra,2014
2508,1609,1GCRKPSK9GS421139,Chevrolet,Silverado 1500,2016
2509,1610,1FAMLTB61KP271578,Ford,F-150,2019
2510,1610,1GCYUJU05GX924295,Chevrolet,Tahoe,2016
2511,1610,4T1P7HBZ5ME175692,Toyota,Highlander,2021
2512,1610,1FMLNM029K1242542,Ford,F-150,2019
2513,1610,5TFBSBMW7NW707906,Toyota,Tacoma,2022
2514,1610,5TDMKAUJ2N9473222,Toyota,RAV4,2022
2515,1611,JF1K4KH459T853513,Subaru,Forester,2009
2516,1612,2GNGVB7L0NR982614,Chevrolet,Silverado 1500,2022
2517,1612,5TFA21E6X5M045481,Toyota,Corolla,2005
2518,1613,1FTESA341JZ833241,Ford,Expedition,2018
2519,1614,5XYFRW8D8D3729056,Kia,Soul,2013
2520,1615,5GAU3RC37KL034748,Buick,Enclave,2019
2521,1616,5FNPT1ZV4FG732154,Honda,Odyssey,2015
2522,1617,2T13K98B6KS766332,Toyota,Corolla,2019
2523,1618,WAUXCKHN2A3815363,Audi,A6,2010
2524,1619,5N1MR30K3H3295014,Nissan,Rogue,2017
2525,1620,5TD1CMYSXHH807236,Toyota,Camry,2017
2526,1621,4S3R0V4X464462073,Subaru,Forester,2006
2527,1621,1N6AL9NM5KH063012,Nissan,Sentra,2019
2528,1622,1N4C6LMU95E569438,Nissan,Pathfinder,2005
2529,1623,1FTJ85JB1F6285899,Ford,F-150,2015
2530,1624,1C37UPMK5NG746731,Chrysler,300,2022
2531,1625,3FACL0BD8MU635545,Ford,Mustang,2021
2532,1625,1HGPAH8U35K056528,Honda,Accord,2005
2533,1626,KND41CV68M4317312,Kia,Forte,2021
2534,1626,1G1DCDV04GD680294,Chevrolet,Traverse,2016
2535,1626,2GNULVNHXGJ020766,Chevrolet,Silverado 1500,2016
2536,1627,WA1X56U029J084028,Audi,Q5,2009
2537,1628,KNAGNSK41LR322896,Kia,Forte,2020
2538,1629,2GNS0YV73FD778373,Chevrolet,Silverado 1500,2015
2539,1630,1G16B34L69H222608,Chevrolet,Malibu,2009
2540,1631,KNDCVKT54AZ483703,Kia,Sorento,2010
2541,1632,2C4EDY9J4L4796201,Dodge,Charger,2020
2542,1632,1FM4Y2JJ4K7242869,Ford,Fusion,2019
2543,1633,4S3ML5NR6K4834427,Subaru,Crosstrek,2019
2544,1634,1HGPUWL11N8912236,Honda,Civic,2022
2545,1635,1GN1J25Y6F9012256,Chevrolet,Equinox,2015
2546,1635,1FT8N9UK5CS335295,Ford,F-150,2012
2547,1635,1J4HZ07K68Z079949,Jeep,Cherokee,2008
2548,1636,1N41FK9N7JB457395,Nissan,Pathfinder,2018
2549,1637,1J4DSC1E5GF544776,Jeep,Compass,2016
2550,1638,5TD3EW931BB619463,Toyota,Corolla,2011
2551,1638,WAUFAZXP8KC713659,Audi,A4,2019
2552,1639,3C62P2183LC711534,Ram,1500,2020
2553,1640,2GNGZYNNXFR580242,Chevrolet,Impala,2015
2554,1641,JTJKU1U71NC675854,Lexus,IS 250,2022
2555,1641,1FA5ML0CXGV840604,Ford,Fusion,2016
2556,1641,JF1U28NN0LV547068,Subaru,Outback,2020
2557,1642,3C6850K36K4349408,Ram,1500,2019
2558,1643,5NMHWNGD4KR241435,Hyundai,Elantra,2019
2559,1644,KMHJFC4678P220074,Hyundai,Elantra,2008
2560,1645,1FAJ15EX6N9935312,Ford,F-150,2022
2561,1646,3FARG3J14NV561267,Ford,F-150,2022
2562,1647,5TFGGC4H9J2647434,Toyota,RAV4,2018
2563,1648,5NPD300JXE3780615,Hyundai,Elantra,2014
2564,1649,1C6BYX404ML953004,Ram,1500,2021
2565,1650,4T1W7HRG7PU179527,Toyota,Camry,2023
2566,1651,WVWSNGWG95M249971,Volkswagen,Tiguan,2005
2567,1651,JTHR1YSK7FN320542,Lexus,RX 350,2015
2568,1652,1GTNE4X799K316001,GMC,Sierra 1500,2009
2569,1652,5FNNSJXH990209460,Honda,Accord,2009
2570,1653,4S3Y2AU10KG538262,Subaru,Impreza,2019
2571,1654,1GNB6TTN9JD254386,Chevrolet,Silverado 1500,2018
2572,1655,3FANP7DU9R4442931,Ford,Expedition,2024
2573,1656,KMHGRZLHXFL440708,Hyundai,Elantra,2015
2574,1657,2C3YTR7W1BF390596,Dodge,Durango,2011
2575,1658,5XY16CPT3G9963200,Kia,Soul,2016
2576,1659,1C6335K16NB437611,Ram,1500,2022
2577,1660,WAUTMD8P0BM656511,Audi,Q5,2011
2578,1661,1FM9ZBFC8KD337840,Ford,F-150,2019
2579,1662,5TD5B7DK05Y076680,Toyota,Corolla,2005
2580,1662,1VWE22725DB571526,Volkswagen,Jetta,2013
2581,1663,WBA01LXE4NK338381,BMW,X5,2022
2582,1664,5J6AZAGW8LK978744,Honda,Odyssey,2020
2583,1664,KMH4Z5U14D4926256,Hyundai,Elantra,2013
2584,1665,5NMKM3599EM545313,Hyundai,Elantra,2014
2585,1665,1GCVY4760PE722081,Chevrolet,Silverado 1500,2023
2586,1666,5NMCPG2S6DG697959,Hyundai,Sonata,2013
2587,1667,1C3SL24U55W380812,Chrysler,Pacifica,2005
2588,1668,5N16UN0F5MB925945,Nissan,Altima,2021
2589,1669,2C33D65M2DP063869,Dodge,Durango,2013
2590,1670,JTD6JNG34LF105436,Toyota,Corolla,2020
2591,1671,1HG41C4J067548181,Honda,Pilot,2006
2592,1672,JTDYH8YE77T751292,Toyota,Camry,2007
2593,1673,5TDU87GW2MH580882,Toyota,Prius,2021
2594,1673,1GCMZESB9CR021075,Chevrolet,Silverado 1500,2012
2595,1674,4T1S1YU06KJ061294,Toyota,Corolla,2019
2596,1675,5J6444L86J0511903,Honda,Accord,2018
2597,1676,1G1TTN541C7182647,Chevrolet,Malibu,2012
2598,1677,5FNR08EG8JW614074,Honda,CR-V,2018
2599,1678,1GT4P9A99PH362015,GMC,Sierra 1500,2023
2600,1679,5N1GYC0Y2M7665120,Nissan,Rogue,2021
2601,1680,2HG53T8W7D5332786,Honda,Civic,2013
2602,1681,1C462BMB7E2858444,Jeep,Grand Cherokee,2014
2603,1682,1C66VMYS1A7170196,Ram,1500,2010
2604,1683,1N4VSPMR3KY985776,Nissan,Pathfinder,2019
2605,1684,KNDJGHD575X957258,Kia,Sorento,2005
2606,1685,3FATKE0W6DM783505,Ford,Escape,2013
2607,1686,4JGCHUVL0HR896612,Mercedes-Benz,E-Class,2017
2608,1687,2GNSMK9L692053231,Chevrolet,Impala,2009
2609,1688,5N1DRGFT3D9942381,Nissan,Maxima,2013
2610,1689,WVWX3FT40A8986995,Volkswagen,Tiguan,2010
2611,1690,KMHANGX86L6926796,Hyundai,Sonata,2020
2612,1690,3N1SES7G3JC151964,Nissan,Altima,2018
2613,1690,3FASCU8C2M9517088,Ford,Mustang,2021
2614,1691,WVGHKAM49FG418522,Volkswagen,Passat,2015
2615,1692,1C43VSJ83KH915587,Jeep,Grand Cherokee,2019
2616,1692,5NP6RWXM6L2518930,Hyundai,Santa Fe,2020
2617,1693,1HGKLU8V2DG627689,Honda,Civic,2013
2618,1694,WA15PW968B1131633,Audi,Q5,2011
2619,1695,2C41KJBP8A0420406,Dodge,Grand Caravan,2010
2620,1696,3N11UG6K5G7628011,Nissan,Maxima,2016
2621,1697,1FMS9FX9171162710,Ford,Focus,2007
2622,1698,5N17M8H94J8780295,Nissan,Frontier,2018
2623,1698,1HGFSJVR178267064,Honda,Civic,2007
2624,1698,1HGPGST64FN944399,Honda,Civic,2015
2625,1699,1J41R5UV0MX648538,Jeep,Cherokee,2021
2626,1699,JF1LED156JZ771260,Subaru,Impreza,2018
2627,1700,1GNB15FP5JA837000,Chevrolet,Malibu,2018
2628,1701,2HG4ZDZH4JY745405,Honda,Civic,2018
2629,1702,2T1NCK6PXCK837688,Toyota,RAV4,2012
2630,1703,5TDGRXV48P1309172,Toyota,Tacoma,2023
2631,1704,WVWK6SCGXHE731707,Volkswagen,Jetta,2017
2632,1705,1C6HNBJPXFX379057,Ram,1500,2015
2633,1705,1GC4Z0JM3NG740794,Chevrolet,Tahoe,2022
2634,1705,1FMF25F95KN393189,Ford,Expedition,2019
2635,1705,1GKHDBG06M7882995,GMC,Sierra 1500,2021
2636,1705,1GC01EUM0M6982462,Chevrolet,Silverado 1500,2021
2637,1705,5TFCUZZY5CD290358,Toyota,RAV4,2012
2638,1706,JTD2YSAC2EM250054,Toyota,Sienna,2014
2639,1706,1GCG07YU4L6174105,Chevrolet,Equinox,2020
2640,1706,5TFFMS583H3720461,Toyota,RAV4,2017
2641,1706,JTD2PRK90L8517910,Toyota,Tacoma,2020
2642,1706,2GNSBB189J6814036,Chevrolet,Traverse,2018
2643,1706,4T1KWKSK1L1335781,Toyota,Highlander,2020
2644,1706,3FAR1UZ42JU724181,Ford,Expedition,2018
2645,1706,1GCK2EJ58LE147149,Chevrolet,Silverado 1500,2020
2646,1707,1GN2TKMF353402568,Chevrolet,Impala,2005
2647,1708,2GN81HLW8F3643946,Chevrolet,Silverado 1500,2015
2648,1709,1G17ELBX7FE763455,Chevrolet,Malibu,2015
2649,1710,5NP2F5UU9GV629904,Hyundai,Tucson,2016
2650,1710,5NMCPA0P2J3212036,Hyundai,Sonata,2018
2651,1710,5J6JYHJ11HB236539,Honda,Odyssey,2017
2652,1711,1N41S4T17L7418146,Nissan,Maxima,2020
2653,1712,3VW074GG4LC393883,Volkswagen,Passat,2020
2654,1713,5TFK2X7U9BY107461,Toyota,Corolla,2011
2655,1714,5J6CSH6G0EH627052,Honda,CR-V,2014
2656,1715,WBATL9V17LT991028,BMW,X5,2020
2657,1716,1FA65F6J2F6234344,Ford,F-150,2015
2658,1716,2HG46J6T3E9755567,Honda,Civic,2014
2659,1717,1N453KZV0FU900959,Nissan,Rogue,2015
2660,1717,1HG1XKMF5LM942599,Honda,Accord,2020
2661,1718,1J4EF6J78HR833632,Jeep,Wrangler,2017
2662,1719,5FNGN9ZHXJZ272367,Honda,Accord,2018
2663,1720,1C64H4CC95H744252,Ram,1500,2005
2664,1721,2T1P2SDM8K0224435,Toyota,Tacoma,2019
2665,1722,1FA260NGX7W813114,Ford,F-150,2007
2666,1723,3FAF88CDX8K236682,Ford,F-150,2008
2667,1724,1GCJCR18XGJ474031,Chevrolet,Cruze,2016
2668,1724,1GNSJ04B1KY126901,Chevrolet,Traverse,2019
2669,1725,5TFYT5CR1AA768874,Toyota,Tundra,2010
2670,1726,3MZEAEKM2D9132051,Mazda,CX-5,2013
2671,1726,WDC3YUB55HX219202,Mercedes-Benz,C-Class,2017
2672,1727,4S4L6GPA4M4000242,Subaru,Forester,2021
2673,1728,3FAZ20FE1KJ273086,Ford,Fusion,2019
2674,1728,3FARX1NZ7J2054833,Ford,Escape,2018
2675,1729,WAU8L54E8MU357158,Audi,Q7,2021
2676,1729,1GT5GM3U3MX668640,GMC,Terrain,2021
2677,1730,WDDE5W1D8J5223201,Mercedes-Benz,C-Class,2018
2678,1730,1G11B8D61HX550458,Chevrolet,Tahoe,2017
2679,1731,3VW0XTVW5KL151977,Volkswagen,Jetta,2019
2680,1732,4T1BN4R89HH716138,Toyota,Camry,2017
2681,1733,JTHU4WX71BW361294,Lexus,GX 460,2011
2682,1733,5J6MBX6N5HG586344,Honda,Pilot,2017
2683,1734,1GN2XGC4XD7643469,Chevrolet,Silverado 1500,2013
2684,1735,KNDUT8MA9FA490709,Kia,Optima,2015
2685,1736,4T1Z0J9K2P2849302,Toyota,Prius,2023
2686,1737,1GCBEJ3VXLL970223,Chevrolet,Impala,2020
2687,1738,1N6UZEP29KU106385,Nissan,Altima,2019
2688,1739,2C31W5KE2KH582579,Chrysler,300,2019
2689,1740,5NPTBGW23KD496689,Hyundai,Elantra,2019
2690,1741,5N1D13A96KE557736,Nissan,Frontier,2019
2691,1742,5NMEJ9542JN875375,Hyundai,Sonata,2018
2692,1742,1N4RNV552J9516194,Nissan,Altima,2018
2693,1743,5FNVJM9E0DD014565,Honda,Accord,2013
2694,1744,1GK8JZC33EC801011,GMC,Sierra 1500,2014
2695,1745,5TFV7D780FL202896,Toyota,Camry,2015
2696,1746,1GKK79P10PG186510,GMC,Sierra 1500,2023
2697,1747,2T1AFV33X5D079979,Toyota,Highlander,2005
2698,1748,JTJNAHV1294401054,Lexus,RX 350,2009
2699,1749,1N65EP2W5DD795544,Nissan,Frontier,2013
2700,1750,1GC4JL88XDS232254,Chevrolet,Malibu,2013
2701,1751,KMHKWK8718J211424,Hyundai,Elantra,2008
2702,1752,1GNBY6FU2M4130575,Chevrolet,Equinox,2021
2703,1752,2HG231C96M2956167,Honda,Pilot,2021
2704,1753,3N11U8GN6MS769080,Nissan,Frontier,2021
2705,1754,1FA3Z0R49EP220735,Ford,Escape,2014
2706,1755,5J6H0ZPE4FC259343,Honda,Accord,2015
2707,1756,1G4MAVHVXGW965754,Buick,Encore,2016
2708,1757,JM1BNH788JL276303,Mazda,CX-5,2018
2709,1758,1G1R87775FY897136,Chevrolet,Malibu,2015
2710,1759,WDD6854J651168896,Mercedes-Benz,C-Class,2005
2711,1760,5XYRC8F1XKU967470,Kia,Forte,2019
2712,1760,3N1KLRJV37B543265,Nissan,Frontier,2007
2713,1761,KNDXEMJ76GM824560,Kia,Sorento,2016
2714,1762,JTDM8K2T4H0659790,Toyota,Camry,2017
2715,1762,5FNNDJJ24G5422668,Honda,Accord,2016
2716,1763,3FA5P9TX5BD694785,Ford,Expedition,2011
2717,1763,2C3WRY8A1PG391851,Dodge,Challenger,2023
2718,1764,2T1WEWVA4AT637531,Toyota,RAV4,2010
2719,1765,1N6D997P154226513,Nissan,Rogue,2005
2720,1766,1FMK2HMXXH8711459,Ford,Focus,2017
2721,1767,1C3K2H7X7E1093626,Dodge,Charger,2014
2722,1768,1FMPDPAAX7G159105,Ford,F-150,2007
2723,1768,KMHKKZ8A3L7025003,Hyundai,Sonata,2020
2724,1769,1C38R92U1K4996552,Dodge,Durango,2019
2725,1770,5NPB0B1X3HF949150,Hyundai,Sonata,2017
2726,1771,1HG56V1Z7NK903175,Honda,Accord,2022
2727,1772,1GC9D9B77DM372458,Chevrolet,Tahoe,2013
2728,1773,3C6Z08Y78JS754711,Ram,1500,2018
2729,1774,1G1H8CDL4NV318000,Chevrolet,Traverse,2022
2730,1774,1FTWM4A6XLE565210,Ford,F-150,2020
2731,1774,2T1WRD7R2GD224196,Toyota,Tacoma,2016
2732,1774,3FADWZKF5PE451194,Ford,Explorer,2023
2733,1774,1FA7P29C2K3928211,Ford,F-150,2019
2734,1775,JTD5WZA7XL8894339,Toyota,Tacoma,2020
2735,1776,5TDWKZTH6G2160269,Toyota,Prius,2016
2736,1776,2T1DZPAU7LL894199,Toyota,Camry,2020
2737,1777,1FAY8L412CW368185,Ford,Escape,2012
2738,1778,KNA73C6R0A5879983,Kia,Forte,2010
2739,1779,1FTYWLJZ4HM297906,Ford,F-150,2017
2740,1779,1GKA48N35PD496298,GMC,Terrain,2023
2741,1779,1GK32AU94NA724981,GMC,Sierra 1500,2022
2742,1779,1FTA4W809PP241067,Ford,Explorer,2023
2743,1779,3FAAD8UG6NH323289,Ford,F-150,2022
2744,1780,5TF51TFR8B1729239,Toyota,RAV4,2011
2745,1781,WVG6HSHN8D6417489,Volkswagen,Jetta,2013
2746,1781,3MZ68AXG3FH395699,Mazda,CX-5,2015
2747,1782,1HGYGMWDXA9689303,Honda,CR-V,2010
2748,1783,JF1W7ANZ4K6012967,Subaru,Outback,2019
2749,1784,5TFPA3HS9M0818187,Toyota,Camry,2021
2750,1785,1G1PPX2W6PW627192,Chevrolet,Equinox,2023
2751,1785,1FM80T9B2KZ307198,Ford,F-150,2019
2752,1785,1C61L6MP4RU412649,Ram,1500,2024
2753,1785,1FA07PZ7XK9570550,Ford,Escape,2019
2754,1785,1GN4ZYLF6MS025475,Chevrolet,Silverado 1500,2021
2755,1785,1G1C3WHA7F5672808,Chevrolet,Tahoe,2015
2756,1785,1C63XA3P4HZ630285,Ram,1500,2017
2757,1786,1FT063CC2KF907593,Ford,F-150,2019
2758,1787,2C3M7C6W6KB569581,Dodge,Durango,2019
2759,1787,KNDACABT4JH685681,Kia,Sportage,2018
2760,1788,1C30CRW68KM625768,Dodge,Challenger,2019
2761,1789,1C4EFPRB9HF776069,Jeep,Cherokee,2017
2762,1790,5TFR8B331GP724931,Toyota,RAV4,2016
2763,1791,WBARE5EU2G5482420,BMW,3 Series,2016
2764,1792,5TDKUEPP5J9272420,Toyota,RAV4,2018
2765,1792,1FMRB08XXLV564595,Ford,Explorer,2020
2766,1793,KL45V79Z0DG237614,Buick,Enclave,2013
2767,1793,3MZ0K9MG9FG720761,Mazda,Mazda3,2015
2768,1794,1J40AZTG2FH002721,Jeep,Wrangler,2015
2769,1794,1N61FMVE2PP762212,Nissan,Rogue,2023
2770,1795,1FA6DMMX0MZ485602,Ford,Explorer,2021
2771,1796,2HGLMB8Y2M9367969,Honda,Civic,2021
2772,1797,1N621D504H0801884,Nissan,Maxima,2017
2773,1798,1FMEBDZW0MK540918,Ford,Escape,2021
2774,1798,5XY27F6T4R9638059,Kia,Forte,2024
2775,1799,3FAD04UD1K2845110,Ford,Focus,2019
2776,1800,4T1T9Y671G7023175,Toyota,Camry,2016
2777,1801,5J6J42LM2GC253455,Honda,Odyssey,2016
2778,1802,WAU3PU495JY548102,Audi,A4,2018
2779,1803,JM14RPGX5NT366495,Mazda,CX-5,2022
2780,1803,3N1LFDUJ7CR654233,Nissan,Rogue,2012
2781,1804,2C32BN9WXE1381282,Chrysler,300,2014
2782,1805,1C68G9M41L3468619,Ram,2500,2020
2783,1806,WAUV8YZD3EJ362325,Audi,A4,2014
2784,1806,5NMSH7GD28N432637,Hyundai,Santa Fe,2008
2785,1807,WBSPEBEH6EN258116,BMW,X3,2014
2786,1808,1C4EN8XD5KP135127,Jeep,Cherokee,2019
2787,1808,1FAS11BS1KZ243234,Ford,F-150,2019
2788,1809,5TDFV3K73FH329012,Toyota,Highlander,2015
2789,1810,1FMLVTU84K6551539,Ford,Escape,2019
2790,1810,2GNMDLYL8K9666027,Chevrolet,Equinox,2019
2791,1810,5TFD8AA81NF291486,Toyota,Tacoma,2022
2792,1810,3FACR3A46KU289817,Ford,Expedition,2019
2793,1810,2GNC655E8CH823408,Chevrolet,Equinox,2012
2794,1811,1FMHHC938L2841298,Ford,F-150,2020
2795,1812,5TDF9SKF3EF668840,Toyota,Prius,2014
2796,1813,5J6J047Z7LE908642,Honda,Accord,2020
2797,1813,1G1VP5SG4LL684376,Chevrolet,Equinox,2020
2798,1814,WA1VEJ2CXFY358229,Audi,Q5,2015
2799,1814,3N1SJDJK7GV987942,Nissan,Sentra,2016
2800,1815,KMHASTP50HX462932,Hyundai,Tucson,2017
2801,1815,JTDPV7VX6JY620255,Toyota,Tacoma,2018
2802,1816,5TDFMP7N9M1756315,Toyota,Corolla,2021
2803,1817,JTDSM7ZV57A893422,Toyota,Corolla,2007
2804,1818,KMH38LLF8JY675729,Hyundai,Tucson,2018
2805,1819,1FTRLVNYX71464747,Ford,Explorer,2007
2806,1820,5TFBWJL04K7428141,Toyota,Sienna,2019
2807,1821,JTH29XC87GK092357,Lexus,RX 350,2016
2808,1822,3N1XR7RC25C628049,Nissan,Frontier,2005
2809,1823,1C3PDUS065U055161,Dodge,Grand Caravan,2005
2810,1824,1GNHUHTG7B3527315,Chevrolet,Silverado 1500,2011
2811,1825,2T1XTCVR7L8580522,Toyota,RAV4,2020
2812,1826,2T1NTJKN9N8132816,Toyota,Camry,2022
2813,1827,1N4W3PXN5K4825271,Nissan,Rogue,2019
2814,1828,2GN0AL1Z7RS377746,Chevrolet,Traverse,2024
2815,1828,1C6LCN0B8KK978392,Ram,1500,2019
2816,1828,1C60JGGD4H2278664,Ram,1500,2017
2817,1829,1J4PAX0U1CS200685,Jeep,Grand Cherokee,2012
2818,1830,1FT6FA0F954211875,Ford,Fusion,2005
2819,1831,2GNN58MB0NH049730,Chevrolet,Malibu,2022
2820,1832,5TFE6MU42KS610613,Toyota,Highlander,2019
2821,1832,5TDHSKU02KM641013,Toyota,Highlander,2019
2822,1832,1GNBBH923LK221680,Chevrolet,Silverado 1500,2020
2823,1832,1FMJN1KB4J0447306,Ford,F-150,2018
2824,1832,1FMECZ9S5LF261074,Ford,F-150,2020
2825,1832,2GNMLXY00MC279543,Chevrolet,Silverado 1500,2021
2826,1833,KNDAAUFTXAS230161,Kia,Soul,2010
2827,1834,3FA78EAN7NY428522,Ford,Explorer,2022
2828,1834,1GT1D1YD9LN691185,GMC,Terrain,2020
2829,1834,3C65ZGXG3GL897777,Ram,1500,2016
2830,1834,3FA9X6SL9PD076343,Ford,F-150,2023
2831,1834,2GNUY5FL7E8215927,Chevrolet,Silverado 1500,2014
2832,1834,1FTHGF126LH925757,Ford,F-150,2020
2833,1834,1N6GWG7W9MX895708,Nissan,Frontier,2021
2834,1834,3FAL6D2A1K1864233,Ford,F-150,2019
2835,1835,1FTTK2WM5MR940421,Ford,Mustang,2021
2836,1836,WVWNW4JE6AL694070,Volkswagen,Jetta,2010
2837,1837,5J68EM1Z1LE524297,Honda,Civic,2020
2838,1837,5FN5PSHH7DB979059,Honda,Accord,2013
2839,1838,3FA7F00J6MB186833,Ford,F-150,2021
2840,1839,KNDGPZN1XJV663628,Kia,Forte,2018
2841,1840,1FM645NS9MZ848989,Ford,Fusion,2021
2842,1841,55SPL2ZG5ML928478,Mercedes-Benz,GLC,2021
2843,1842,1J459UDD5HN173487,Jeep,Grand Cherokee,2017
2844,1843,1G1AC98AX9F307370,Chevrolet,Silverado 1500,2009
2845,1844,5TFAHGJC7HW283374,Toyota,Tundra,2017
2846,1845,1GTANZTJ8FJ670963,GMC,Sierra 1500,2015
2847,1846,1C6V5S856BM904876,Ram,1500,2011
2848,1847,2T1DMTA30K0890056,Toyota,Camry,2019
2849,1848,1G1WDKMEXLP908329,Chevrolet,Silverado 1500,2020
2850,1848,1FTKNLAK9LL784397,Ford,Escape,2020
2851,1848,1FT3FVVGXK3433046,Ford,Explorer,2019
2852,1848,1C66B5MU38F480050,Ram,1500,2008
2853,1848,1FTFMWK74LX430067,Ford,F-150,2020
2854,1848,1FTNC47P3P1976427,Ford,Expedition,2023
2855,1848,1FMC1RDW8KH847374,Ford,F-150,2019
2856,1848,3N17MDVW1JT348730,Nissan,Rogue,2018
2857,1849,3C69SGE52M0962087,Ram,1500,2021
2858,1849,5FNW1YWN0JR072545,Honda,Civic,2018
2859,1850,JTDVPSXL4HY074290,Toyota,Highlander,2017
2860,1851,5N14VM8V67H892465,Nissan,Rogue,2007
2861,1852,1FTM54GR3DD308063,Ford,Fusion,2013
2862,1853,WA1LBJCF0H3270587,Audi,A4,2017
2863,1854,1C33BP042F7967474,Dodge,Grand Caravan,2015
2864,1855,WVGGJ08H9P8564436,Volkswagen,Passat,2023
2865,1856,KMHRU0BV9ML586461,Hyundai,Santa Fe,2021
2866,1857,1G1HAFB05LC153873,Chevrolet,Traverse,2020
2867,1858,3N1Y9X878HK424617,Nissan,Pathfinder,2017
2868,1858,3FAS8KBX7MM106297,Ford,Escape,2021
2869,1858,3C64850F9CG069756,Ram,1500,2012
2870,1858,1FALZ4JP2KN308627,Ford,F-150,2019
2871,1859,1C46ZWRHX83144130,Jeep,Grand Cherokee,2008
2872,1860,1FM2FC9S3G7514674,Ford,Expedition,2016
2873,1860,1N6GYGNU6CE529209,Nissan,Altima,2012
2874,1861,WBAW9CCT5NA842726,BMW,5 Series,2022
2875,1862,3MZ5TRDM5DL889446,Mazda,CX-5,2013
2876,1862,2GNR6K099G1515035,Chevrolet,Tahoe,2016
2877,1862,1VWVKX9L8M7472222,Volkswagen,Jetta,2021
2878,1863,2GNX6WWW7FB501610,Chevrolet,Silverado 1500,2015
2879,1864,5FNKX0DE5AC304657,Honda,CR-V,2010
2880,1865,1GCBN55C9GJ825503,Chevrolet,Malibu,2016
2881,1865,2HG0HTU96BJ856155,Honda,Accord,2011
2882,1866,2C4RS5VX2HA836767,Dodge,Charger,2017
2883,1867,1GCWH4PB2A5647408,Chevrolet,Malibu,2010
2884,1868,1G1AD9JS0KX660328,Chevrolet,Equinox,2019
2885,1868,1GCABWL83JW948345,Chevrolet,Equinox,2018
2886,1868,3C6REFV76M7196729,Ram,1500,2021
2887,1868,4T139PZZ6E4797895,Toyota,RAV4,2014
2888,1868,1FMPT0LB3LM803426,Ford,F-150,2020
2889,1868,1GN2U7PD5PU331990,Chevrolet,Tahoe,2023
2890,1869,5XYE8FMJ6HF510160,Kia,Sorento,2017
2891,1870,JM1GZG1R8L6922009,Mazda,Mazda6,2020
2892,1871,5XY69FV77L9545219,Kia,Optima,2020
2893,1872,1C31YWH68N6529231,Dodge,Charger,2022
2894,1873,4JGPNMBZ5LZ507250,Mercedes-Benz,GLE,2020
2895,1874,1J42BXKJ7KT007573,Jeep,Wrangler,2019
2896,1875,2HGDYXKE0HS792139,Honda,Civic,2017
2897,1876,3FA87PCFXHZ459206,Ford,F-150,2017
2898,1877,1HGN83RM0LJ434263,Honda,Odyssey,2020
2899,1878,1GCDJE976H2252234,Chevrolet,Equinox,2017
2900,1879,1FAUDGUU9FJ670229,Ford,F-150,2015
2901,1880,2GN7JGFL9EP829297,Chevrolet,Impala,2014
2902,1881,1FTWR08R8GB160593,Ford,F-150,2016
2903,1881,1N6KFFDZ3DP152819,Nissan,Altima,2013
2904,1882,1GT83PD17DN713864,GMC,Sierra 1500,2013
2905,1883,4JGKLMAK7G7536576,Mercedes-Benz,GLE,2016
2906,1884,5FNDRAZJXP3183745,Honda,CR-V,2023
2907,1885,JTDREP9V4A7224848,Toyota,Sienna,2010
2908,1886,KNA1Z4K59L7330979,Kia,Sportage,2020
2909,1887,1N4SR6A77CS360359,Nissan,Frontier,2012
2910,1887,1GCLND0B8MY960178,Chevrolet,Silverado 1500,2021
2911,1888,3N1UVZ1E2MM876043,Nissan,Pathfinder,2021
2912,1888,1GN0437Y1MU630049,Chevrolet,Silverado 1500,2021
2913,1888,1GKM4AW75JK710277,GMC,Yukon,2018
2914,1889,JTJMPCF34FK414487,Lexus,ES 350,2015
2915,1889,3C667AA70H5750225,Ram,1500,2017
2916,1889,1GK6ULL72DY405359,GMC,Yukon,2013
2917,1890,3FAM59A42C0047960,Ford,Focus,2012
2918,1891,5N1RH4YL0KH932690,Nissan,Rogue,2019
2919,1892,1GCABA8V7GM794101,Chevrolet,Silverado 1500,2016
2920,1893,WDDVPUV1XF2199765,Mercedes-Benz,C-Class,2015
2921,1893,1HG8MASX5JL319774,Honda,Civic,2018
2922,1893,1J40J47V2JB565193,Jeep,Grand Cherokee,2018
2923,1894,3VWDMM2Z8JV795829,Volkswagen,Jetta,2018
2924,1895,1GN78CJS6EK489600,Chevrolet,Silverado 1500,2014
2925,1896,JTD17TTB6RN726251,Toyota,RAV4,2024
2926,1896,1C6BBDL63KH518996,Ram,1500,2019
2927,1896,1G1CTLFU1KD493711,Chevrolet,Silverado 1500,2019
2928,1896,4T1UG8881LN891490,Toyota,Highlander,2020
2929,1896,1GTNX3LV5FP431167,GMC,Yukon,2015
2930,1896,3FA2DFUS8N7801585,Ford,Explorer,2022
2931,1896,3FAD5CCM5M2541276,Ford,Explorer,2021
2932,1896,1FT5DKS93MW436214,Ford,F-150,2021
2933,1897,2T12P4W28GR921044,Toyota,Tacoma,2016
2934,1897,KNDN63NR7K3372031,Kia,Forte,2019
2935,1897,5XYUF8X948U608193,Kia,Optima,2008
2936,1898,1J44YVG89MV366948,Jeep,Wrangler,2021
2937,1899,1GNEJ588XJC672830,Chevrolet,Silverado 1500,2018
2938,1900,1G4VMSJ30D2951609,Buick,LaCrosse,2013
2939,1901,JM3NGSJP56X436729,Mazda,Mazda6,2006
2940,1902,WDCL5VYW7PJ245316,Mercedes-Benz,C-Class,2023
2941,1903,1N6Y9N096GE602237,Nissan,Rogue,2016
2942,1903,5TD2AC5N6KY975885,Toyota,Tundra,2019
2943,1903,2GNHT21G7F5017893,Chevrolet,Silverado 1500,2015
2944,1903,3C6C7T5W5KP813007,Ram,1500,2019
2945,1903,1FAFP2E08JK100904,Ford,F-150,2018
2946,1903,1C6168GJXNN458422,Ram,1500,2022
2947,1904,3C6K5YCZ6MT362188,Ram,1500,2021
2948,1904,1GN33CCV8JF365643,Chevrolet,Silverado 1500,2018
2949,1904,1GTU0S394N6726827,GMC,Sierra 1500,2022
2950,1904,1C6UKVH44HF138110,Ram,1500,2017
2951,1904,1FAF7KYFXL9920038,Ford,F-150,2020
2952,1905,WBACZFW7XH5291984,BMW,3 Series,2017
2953,1905,1FM3V6J12JF524766,Ford,Explorer,2018
2954,1906,1N4VNS2F0EV669258,Nissan,Altima,2014
2955,1907,3FA2YVJE5DW048468,Ford,F-150,2013
2956,1908,3C6LSURP7FH897340,Ram,1500,2015
2957,1908,3C67UJJ44MN579637,Ram,1500,2021
2958,1908,1GTJ9Y4L5M5552244,GMC,Yukon,2021
2959,1908,2GNK40PA2N6433997,Chevrolet,Silverado 1500,2022
2960,1908,1N4VJ5PS2PG455477,Nissan,Frontier,2023
2961,1908,1FA3CBYB0KR344812,Ford,F-150,2019
2962,1908,3C6URN850J1923672,Ram,2500,2018
2963,1908,1FTFJR114L9677536,Ford,Explorer,2020
2964,1909,1HGHZSEV885981347,Honda,Accord,2008
2965,1909,1GKA0BNJ7LD462610,GMC,Sierra 1500,2020
2966,1910,2GNWNM237LT810692,Chevrolet,Impala,2020
2967,1911,1C42DFUE3LD907098,Jeep,Cherokee,2020
2968,1912,3FAM0HNW4P1171944,Ford,Explorer,2023
2969,1912,1GN3LKF39GF526191,Chevrolet,Traverse,2016
2970,1912,3C6SXCHH0JG701447,Ram,1500,2018
2971,1912,5N1E0ZWD4MF859191,Nissan,Pathfinder,2021
2972,1912,4T1GBBD38LS558661,Toyota,Sienna,2020
2973,1912,1G16H7YL2KS398953,Chevrolet,Silverado 1500,2019
2974,1912,1FAYFCG87M0839203,Ford,Escape,2021
2975,1912,2GN3TV0H0FL610951,Chevrolet,Traverse,2015
2976,1913,KNDN1A7H8LS761016,Kia,Forte,2020
2977,1914,JTDYTRBG0R2333387,Toyota,Camry,2024
2978,1914,WDDA9GGG8MS956705,Mercedes-Benz,C-Class,2021
2979,1914,55SV3LLJXA6906925,Mercedes-Benz,C-Class,2010
2980,1915,5J6MMSYHX98539536,Honda,Pilot,2009
2981,1915,2HGJLT2G6JD160560,Honda,Accord,2018
2982,1915,2GNM7VNS8G7456870,Chevrolet,Equinox,2016
2983,1916,2C4CLELU4J0687480,Dodge,Grand Caravan,2018
2984,1917,2T1LNYDR1FR119029,Toyota,Corolla,2015
2985,1918,JF1PHVXT8N1219641,Subaru,Forester,2022
2986,1919,3N1YULNZ1CP340857,Nissan,Sentra,2012
2987,1919,2T2AGAS07JG304103,Lexus,RX 350,2018
2988,1920,1N4PAE8WXAZ701746,Nissan,Rogue,2010
2989,1920,5TFTM5F75G3621813,Toyota,Camry,2016
2990,1921,1GNVH5JC3NJ271440,Chevrolet,Impala,2022
2991,1922,5NP7TYN13L7318651,Hyundai,Tucson,2020
2992,1922,3FA1HBT05LX629716,Ford,Escape,2020
2993,1923,5N17WH9X7G5781815,Nissan,Altima,2016
2994,1924,3N1EYGBC3MC482814,Nissan,Rogue,2021
2995,1924,3MZ9XZX99KW672555,Mazda,CX-5,2019
2996,1925,2GNH9EJE1PV204076,Chevrolet,Silverado 1500,2023
2997,1925,1GN707L92GA674891,Chevrolet,Silverado 1500,2016
2998,1926,5UXVUA6J9F6923081,BMW,3 Series,2015
2999,1927,1C45U5319KP664447,Jeep,Grand Cherokee,2019
3000,1927,1G1KY1MZ6CY933366,Chevrolet,Silverado 1500,2012
3001,1928,1G18895VXDD282109,Chevrolet,Silverado 1500,2013
3002,1929,1N4JNW9A8PR486962,Nissan,Altima,2023
3003,1930,2T14C5Z57KS439652,Toyota,Sienna,2019
3004,1931,JTDXW8G12PH200805,Toyota,Camry,2023
3005,1931,1C6F4M0U8MK471954,Ram,1500,2021
3006,1931,1C3DVKC64GS179239,Dodge,Charger,2016
3007,1932,1C6N92ZH7ER964329,Ram,1500,2014
3008,1932,5TD6B9JX6K0259270,Toyota,Tundra,2019
3009,1932,1GCVDDZG5J0179574,Chevrolet,Silverado 1500,2018
3010,1932,1FAX6JT51NS566020,Ford,F-150,2022
3011,1932,1G1Z7BZF1NA069196,Chevrolet,Tahoe,2022
3012,1932,5N17FUFS9JS394905,Nissan,Rogue,2018
3013,1933,1FMXYW3C3GZ646454,Ford,F-150,2016
3014,1934,5N1LGTTH3FN096578,Nissan,Rogue,2015
3015,1935,2T1ML37R77N361163,Toyota,RAV4,2007
3016,1935,5FNJPD8Z8L1697892,Honda,Odyssey,2020
3017,1936,2T23YLSX3KC650642,Lexus,RX 350,2019
3018,1936,5TDU0DWJ1CZ645063,Toyota,Corolla,2012
3019,1937,KND7M6KY7GH155519,Kia,Forte,2016
3020,1938,5GAZG6D695C469146,Buick,Enclave,2005
3021,1939,1G1FCDBR1FA689319,Chevrolet,Cruze,2015
3022,1940,JTHG529E6G4408871,Lexus,GX 460,2016
3023,1941,3C6LTW4N4AX818851,Ram,1500,2010
3024,1942,3N161GKD7HK840560,Nissan,Pathfinder,2017
3025,1943,WBA48LFT2F0989292,BMW,3 Series,2015
3026,1943,4JGPT9W17EB335080,Mercedes-Benz,GLC,2014
3027,1944,KNDAKU5T3LY614166,Kia,Forte,2020
3028,1945,5TFC5AYL3MJ322750,Toyota,Tundra,2021
3029,1946,3N13Y80U8E8075830,Nissan,Sentra,2014
3030,1946,1GTM79RL5M3958148,GMC,Acadia,2021
3031,1947,2GNKUBEG99R164551,Chevrolet,Equinox,2009
3032,1947,1FTNH4RU7KW440466,Ford,Mustang,2019
3033,1948,JTJXU9SDX74189487,Lexus,RX 350,2007
3034,1949,5TD67X871MP655421,Toyota,Sienna,2021
3035,1950,5J61G1EU1JM369603,Honda,Civic,2018
3036,1951,1C3PWLDD5NE889873,Dodge,Charger,2022
3037,1952,2T1ZTNCB3HY513711,Toyota,Corolla,2017
3038,1953,5TDJDUWG2C7970490,Toyota,Tacoma,2012
3039,1954,1FMA96W80HL136416,Ford,Fusion,2017
3040,1955,1FMRKXUZ0KR905638,Ford,Expedition,2019
3041,1956,WA1L1UR74NW484948,Audi,A6,2022
3042,1957,5XY12UBR5NX011627,Kia,Forte,2022
3043,1958,4T156SCG3EN795219,Toyota,RAV4,2014
3044,1958,1G1YPD179RP714594,Chevrolet,Silverado 1500,2024
3045,1958,1C6B43W65MN948629,Ram,2500,2021
3046,1958,1GTFZYZC6HF279314,GMC,Sierra 1500,2017
3047,1958,5TFMP65B6MV426147,Toyota,Tacoma,2021
3048,1958,2T1CNDKNXGB596075,Toyota,Tundra,2016
3049,1958,1FA0SST51KD541976,Ford,Explorer,2019
3050,1959,2T29VDTY1EB593707,Lexus,RX 350,2014
3051,1960,2GNRUEH07CG664662,Chevrolet,Silverado 1500,2012
3052,1960,1GTN17BEX66670343,GMC,Sierra 1500,2006
3053,1961,1GNX3FNN6LL636154,Chevrolet,Malibu,2020
3054,1962,5N1B93P61M7646179,Nissan,Altima,2021
3055,1963,1G40CVNS2GF077065,Buick,LaCrosse,2016
3056,1964,1C61XDCJ2CC275455,Ram,1500,2012
3057,1965,2GNXU9T27J8835800,Chevrolet,Tahoe,2018
3058,1966,3C69EN7E9M3422369,Ram,1500,2021
3059,1966,1GTL5DM54N2610510,GMC,Yukon,2022
3060,1966,1GTND6JK9G2062105,GMC,Sierra 1500,2016
3061,1967,1FTCKG914D0709366,Ford,Escape,2013
3062,1968,1FA30N4K7HA698253,Ford,F-150,2017
3063,1969,3FATE69J0D5808784,Ford,Mustang,2013
3064,1969,2T1ZVC1C1FP009882,Toyota,RAV4,2015
3065,1970,4T17KVG44M3669418,Toyota,Tundra,2021
3066,1970,5TD1VGD90ML376721,Toyota,RAV4,2021
3067,1971,1C4SZ0AL16J747021,Jeep,Grand Cherokee,2006
3068,1971,1C4PFMLSXL7859674,Jeep,Wrangler,2020
3069,1972,4S41JDMEXP8321503,Subaru,Forester,2023
3070,1973,4T1ZPUTY6ED074479,Toyota,Tacoma,2014
3071,1974,1FT0YFMN0J6581660,Ford,Mustang,2018
3072,1974,2C4T7703357693473,Dodge,Charger,2005
3073,1975,5NPESHRX45S654298,Hyundai,Elantra,2005
3074,1976,KMHR1NV3XKN121432,Hyundai,Tucson,2019
3075,1976,4T1LN613XFU430562,Toyota,Tundra,2015
3076,1977,JF11GWJF3N2407091,Subaru,Crosstrek,2022
3077,1977,1N6X696G6BY979563,Nissan,Rogue,2011
3078,1978,KNASXAU015K923942,Kia,Sorento,2005
3079,1979,5NPYWXUT2NZ241495,Hyundai,Santa Fe,2022
3080,1980,JTJLKGZDXP8070748,Lexus,RX 350,2023
3081,1981,KNAHDZLZX51897199,Kia,Forte,2005
3082,1982,5TFYHXN51JZ358844,Toyota,Tundra,2018
3083,1982,1GKV5SYS7PY635838,GMC,Sierra 1500,2023
3084,1982,5TFGPNTX0MH696706,Toyota,Highlander,2021
3085,1982,5TD3ZZS79LJ586447,Toyota,Tundra,2020
3086,1982,5TFFZS6G0JD071886,Toyota,Highlander,2018
3087,1982,1GNE2ZB47GH087760,Chevrolet,Silverado 1500,2016
3088,1982,3FA4K7FRXNK383171,Ford,Escape,2022
3089,1983,4T1YGJDF0H8954131,Toyota,Highlander,2017
3090,1983,1G1AG0UP9MA567890,Chevrolet,Traverse,2021
3091,1983,1G15X5CL7KS260612,Chevrolet,Traverse,2019
3092,1983,1C61P91S8NP713206,Ram,1500,2022
3093,1983,1FTL6M8Y3LB232062,Ford,Escape,2020
3094,1983,3FAGL0NN7MS464613,Ford,Expedition,2021
3095,1984,JM1GUMGF5DX611823,Mazda,CX-5,2013
3096,1985,1FT5WJHWXLT673512,Ford,F-150,2020
3097,1986,5TFMP5ZW1JV156778,Toyota,Tundra,2018
3098,1987,2GNUME2J8MH924106,Chevrolet,Silverado 1500,2021
3099,1987,4JG6C2ZR4LG486687,Mercedes-Benz,C-Class,2020
3100,1988,KNDLYG7N3PL797451,Kia,Optima,2023
3101,1989,JM1EYXV6XHK341118,Mazda,CX-5,2017
3102,1990,1HGXBK348AA368412,Honda,Accord,2010
3103,1990,1C4L8YAZ1FG470135,Jeep,Wrangler,2015
3104,1991,3C6HVYF78F5849484,Ram,1500,2015
3105,1992,1G1UPJT65HD915653,Chevrolet,Cruze,2017
3106,1993,JM1BSWV60P6251689,Mazda,CX-5,2023
3107,1994,1G12E4E16DK883561,Chevrolet,Malibu,2013
3108,1994,5TDGPT1F2LX784619,Toyota,Corolla,2020
3109,1995,1FTRXMWCXKB413902,Ford,Explorer,2019
3110,1995,5FNRTL542K3985623,Honda,CR-V,2019
3111,1995,2C48CUAXXFR627543,Dodge,Grand Caravan,2015
3112,1996,4T1J4ZA92ND527043,Toyota,Tundra,2022
3113,1996,5TFWDS181P3697329,Toyota,RAV4,2023
3114,1996,1GTNWY9XXJE324175,GMC,Terrain,2018
3115,1997,2C417L1687K557185,Dodge,Grand Caravan,2007
3116,1997,5J654SGU1K7833633,Honda,CR-V,2019
3117,1997,2T1CX5F49ET662513,Toyota,Sienna,2014
3118,1998,5TDZA4ZZ7FY874958,Toyota,Tundra,2015
3119,1999,3C62HKZ52DH194058,Ram,1500,2013
3120,2000,5N18CHKZ4B2594096,Nissan,Altima,2011
3121,2001,3MZUM5LB5J4528807,Mazda,CX-9,2018
3122,2002,JM3BTXHH5KG760350,Mazda,Mazda3,2019
3123,2003,5J67YJ4S7BM162884,Honda,Civic,2011
3124,2004,2HGDWTS2153065070,Honda,Accord,2005
3125,2004,5NMT2SV61M0584588,Hyundai,Tucson,2021
3126,2005,1J4ZL8HE5HL924449,Jeep,Cherokee,2017
3127,2006,4T1FRA7B5F5148293,Toyota,Tacoma,2015
3128,2007,1N6K74E0XGR751954,Nissan,Altima,2016
3129,2007,2T2SXHNW0FW436310,Lexus,RX 350,2015
3130,2008,WDC5T9M51R7963897,Mercedes-Benz,E-Class,2024
3131,2009,2T1CNMDJ9J2980933,Toyota,Corolla,2018
3132,2010,1GNMG0A60EZ445459,Chevrolet,Cruze,2014
3133,2011,1G4F2VP53B0600349,Buick,Encore,2011
3134,2012,4S4L2LTV1LK935905,Subaru,Impreza,2020
3135,2013,1GKZUG723D0228337,GMC,Acadia,2013
3136,2014,3MZW86EG3AG340958,Mazda,CX-5,2010
3137,2014,1FAF4VR33EC662949,Ford,F-150,2014
3138,2014,4S4NNAU18DF153773,Subaru,Forester,2013
3139,2015,1FAXR8LC25U624445,Ford,Escape,2005
3140,2015,WBSRW1G54JR724471,BMW,X3,2018
3141,2016,5TDMNLF78AY142326,Toyota,Tundra,2010
3142,2016,5NMJV3R78L2320360,Hyundai,Sonata,2020
3143,2016,3N1LGGCC4GK163988,Nissan,Sentra,2016
3144,2017,2T1ZD11X1EN964699,Toyota,Prius,2014
3145,2017,5N160WDJXMX033466,Nissan,Frontier,2021
3146,2017,2GNBU3SL5PG354234,Chevrolet,Malibu,2023
3147,2018,1N4X24C23K8356109,Nissan,Altima,2019
3148,2019,1N4E4KXK8MP649979,Nissan,Frontier,2021
3149,2019,3C6YKH7C9MF510776,Ram,1500,2021
3150,2019,1FAV4UMZ3KX814332,Ford,Escape,2019
3151,2019,3C623HMK6M4291141,Ram,2500,2021
3152,2020,1GN3JHXR6LY106768,Chevrolet,Silverado 1500,2020
3153,2020,3C648ZRH5GU367269,Ram,2500,2016
3154,2020,1FMNRPXS4MZ929047,Ford,Explorer,2021
3155,2020,1FAWJSMP9NB763890,Ford,F-150,2022
3156,2020,1G1UDGT40M3382153,Chevrolet,Silverado 1500,2021
3157,2021,3C6ULD0C2DM716614,Ram,1500,2013
3158,2021,WA16C9GJ286350740,Audi,A4,2008
3159,2022,1C32LK654G1011154,Chrysler,Pacifica,2016
3160,2023,4T1ZEBTT4DR129687,Toyota,RAV4,2013
3161,2024,4T1RF0D97DT691591,Toyota,Camry,2013
3162,2025,1GKFU88M6GW295282,GMC,Sierra 1500,2016
3163,2026,5J6776AT1BH339760,Honda,Civic,2011
3164,2027,1G45032G18S567492,Buick,Enclave,2008
3165,2028,4T1NU21M7PN425229,Toyota,Tundra,2023
3166,2028,1FMBA34N3HB296234,Ford,F-150,2017
3167,2029,1C4GY3V82GJ767148,Jeep,Grand Cherokee,2016
3168,2030,5J6U7D8E9K5647372,Honda,CR-V,2019
3169,2031,1C47LLTZ9E5594065,Jeep,Cherokee,2014
3170,2031,5TF3Z16M4BZ484756,Toyota,Camry,2011
3171,2032,5TFRHA7F5A6685918,Toyota,Camry,2010
3172,2033,4S4E1WGD4KH647435,Subaru,Outback,2019
3173,2033,5TDPXKPYXE4621594,Toyota,Camry,2014
3174,2034,5N1S6A2W77R406048,Nissan,Rogue,2007
3175,2034,KNAH7JE40K3772402,Kia,Forte,2019
3176,2035,4T1FTAWD7L1442494,Toyota,RAV4,2020
3177,2035,5TFWLFJJ1NH114044,Toyota,Tundra,2022
3178,2035,1FTBS71E6RK286330,Ford,Escape,2024
3179,2036,1C4AB7KG5A0908978,Jeep,Cherokee,2010
3180,2037,5XY1URSH1CF142216,Kia,Forte,2012
3181,2037,4JGMM961X57957191,Mercedes-Benz,GLC,2005
3182,2038,1C3RWYNW4NH624866,Dodge,Charger,2022
3183,2039,JTHF1NE09F9472360,Lexus,ES 350,2015
3184,2040,1N65H1P58JM521836,Nissan,Altima,2018
3185,2041,2C4K7A339KP228728,Dodge,Challenger,2019
3186,2041,3N1MAWRZ0ER628377,Nissan,Altima,2014
3187,2042,3MZJ9N6T8NW792512,Mazda,Mazda6,2022
3188,2043,JTDLB7660HZ034930,Toyota,Prius,2017
3189,2044,5FNV9M707GN620492,Honda,Civic,2016
3190,2045,3C6C24C64LV724999,Ram,2500,2020
3191,2046,WA1XF1MCXGM906029,Audi,Q7,2016
3192,2047,JTDH3RXB7D2184384,Toyota,Tacoma,2013
3193,2048,5N1XKFDG2EE011056,Nissan,Pathfinder,2014
3194,2049,4T1M403N9L9334083,Toyota,RAV4,2020
3195,2050,JTDVRR687BB733683,Toyota,Tundra,2011
3196,2050,1G4HDUC31PM920173,Buick,Enclave,2023
3197,2051,3N19C1F85F2909695,Nissan,Rogue,2015
3198,2052,1FTZPMSMX96818885,Ford,Explorer,2009
3199,2053,3VW6ZCHJ6F6212603,Volkswagen,Jetta,2015
3200,2054,2GNHRZEC8AT903319,Chevrolet,Equinox,2010
3201,2054,1C3LKRJK9FF195022,Chrysler,300,2015
3202,2055,5N1G698M8AM327616,Nissan,Frontier,2010
3203,2056,WVW3SRVCXDE338805,Volkswagen,Jetta,2013
3204,2057,JF18C0FK0FY732163,Subaru,Crosstrek,2015
3205,2057,5N1MT43A29Y575389,Nissan,Rogue,2009
3206,2058,1C6WGLDE8HW980140,Ram,2500,2017
3207,2059,5FNB0LFB79B792715,Honda,Pilot,2009
3208,2060,1G1992CX2AV401161,Chevrolet,Tahoe,2010
3209,2061,4T1T6SSK6FE158131,Toyota,Camry,2015
3210,2061,1G4X7H6U9K3554153,Buick,Encore,2019
3211,2062,1GTHD1B62GM141573,GMC,Sierra 1500,2016
3212,2063,1GT14G1X0MS931296,GMC,Acadia,2021
3213,2063,5FN6S1NM6MW344695,Honda,CR-V,2021
3214,2063,5UXTXRNG099461984,BMW,3 Series,2009
3215,2064,JF1LTD701KA180660,Subaru,Forester,2019
3216,2065,1C4GSX8X2EJ178318,Jeep,Grand Cherokee,2014
3217,2066,1J46EFJK1K3705142,Jeep,Compass,2019
3218,2067,KMHANTGP98F146878,Hyundai,Tucson,2008
3219,2068,1G15TEHC1L8213966,Chevrolet,Cruze,2020
3220,2069,JF1WYW1Z8DA308008,Subaru,Impreza,2013
3221,2069,4T1ZHYFMXM8828634,Toyota,RAV4,2021
3222,2070,1C3ZR0114AZ154667,Dodge,Challenger,2010
3223,2071,JF1ABMXW5G2164073,Subaru,Forester,2016
3224,2072,5XY8LKL31F5973401,Kia,Soul,2015
3225,2073,JM3WXP3Y4MK259883,Mazda,CX-5,2021
3226,2074,1FMDBPD18FK936994,Ford,Fusion,2015
3227,2075,KND6ENKLXL4306989,Kia,Optima,2020
3228,2076,5UX5BFX07C0801746,BMW,3 Series,2012
3229,2077,3C6LR1LE4KM909351,Ram,1500,2019
3230,2078,1C67G5K19L7980327,Ram,1500,2020
3231,2078,5TD7HR3B1L4446513,Toyota,Tacoma,2020
3232,2078,4T10C96H5NN251563,Toyota,Tacoma,2022
3233,2078,1FM6MD8L8EB510606,Ford,F-150,2014
3234,2079,5N1CDKEV68Z252100,Nissan,Altima,2008
3235,2080,5J6WP0J36MM179541,Honda,Accord,2021
3236,2081,5XYWF7ZU69R285984,Kia,Optima,2009
3237,2082,1GCFGLS68F3823999,Chevrolet,Silverado 1500,2015
3238,2083,1GTTGV097HK921300,GMC,Acadia,2017
3239,2083,1C6E62V57M1476614,Ram,1500,2021
3240,2083,5TDZMJVD5P4350698,Toyota,RAV4,2023
3241,2083,1GCT368U5JL046115,Chevrolet,Equinox,2018
3242,2083,5TD25AAE9N7520991,Toyota,Tacoma,2022
3243,2083,1FTWFL8E0M6679438,Ford,Escape,2021
3244,2083,1FTPB2JR1KY366066,Ford,F-150,2019
3245,2084,WAUF5DYCXGF906615,Audi,A4,2016
3246,2085,5J60B96P4MW621967,Honda,Odyssey,2021
3247,2086,JTDNDPLN2M0106448,Toyota,Highlander,2021
3248,2087,1GCKF82D3MF858958,Chevrolet,Equinox,2021
3249,2087,1GTY4U4Y9PR508925,GMC,Terrain,2023
3250,2087,1FMNUSEJXLP309177,Ford,F-150,2020
3251,2087,1GC39KWC2JK119013,Chevrolet,Equinox,2018
3252,2087,5N132G452NF645688,Nissan,Pathfinder,2022
3253,2088,5TFKC9N26ES740517,Toyota,Camry,2014
3254,2088,KNDT0HC67H3286256,Kia,Sorento,2017
3255,2088,5FNZ159X8EU709189,Honda,CR-V,2014
3256,2089,1G1AKTER4K7113699,Chevrolet,Equinox,2019
3257,2089,1GCAE9GF3KZ954356,Chevrolet,Silverado 1500,2019
3258,2089,1GNAVZDW9LG350531,Chevrolet,Equinox,2020
3259,2089,1FT9B6R11LE226181,Ford,F-150,2020
3260,2090,WAU5ES531LD461417,Audi,A4,2020
3261,2090,JTHZDK5E4LJ728414,Lexus,RX 350,2020
3262,2091,WBSU116S2LF255630,BMW,3 Series,2020
3263,2091,1C3LW7B69L6795013,Dodge,Charger,2020
3264,2092,5TD9RJ5F4DD822193,Toyota,Corolla,2013
3265,2093,JF113T5V7KP063338,Subaru,Forester,2019
3266,2093,1FMFCUJN096253101,Ford,F-150,2009
3267,2094,1C4TEHPE060876168,Jeep,Cherokee,2006
3268,2095,1N61LMGW3DR954706,Nissan,Frontier,2013
3269,2096,1J4L7TFB2HM348593,Jeep,Compass,2017
3270,2097,1FTPS3HV07B681542,Ford,Focus,2007
3271,2098,2C3K4Z4B5C9124566,Chrysler,300,2012
3272,2099,1FAWCH034NU451223,Ford,F-150,2022
3273,2100,2T1AMXRAXA3152548,Toyota,Corolla,2010
3274,2100,WA1K16B02F2997709,Audi,A4,2015
3275,2100,JTDSLVLG2ET973652,Toyota,Tundra,2014
3276,2101,4T1DZU3Y2M3978466,Toyota,Highlander,2021
3277,2101,JTD94CTK2P8700544,Toyota,Tacoma,2023
3278,2101,1GCRLUBA3JB832501,Chevrolet,Equinox,2018
3279,2102,1C3MMF0S9NB067139,Dodge,Grand Caravan,2022
3280,2103,1C4JTC8S1L7850248,Jeep,Grand Cherokee,2020
3281,2103,5J65AZ566LR628496,Honda,Accord,2020
3282,2104,JTDVA4YC8PU120723,Toyota,Tacoma,2023
3283,2105,2HGTUAHC9AY178235,Honda,CR-V,2010
3284,2106,1C4FFVF0163748261,Jeep,Grand Cherokee,2006
3285,2107,1FM5VXRB1JR686284,Ford,F-150,2018
3286,2108,2T1N5ZWW2H2973346,Toyota,Camry,2017
3287,2108,3C6HL4FS19N487702,Ram,1500,2009
3288,2109,3FAKVGRA6KV048424,Ford,Mustang,2019
3289,2109,5XYWH49Y2GR502553,Kia,Optima,2016
3290,2110,1C401M5775F145454,Jeep,Wrangler,2005
3291,2111,5N1T1EY6XHA489573,Nissan,Frontier,2017
3292,2112,1GKEJM3S7H3699018,GMC,Sierra 1500,2017
3293,2112,1GTUDJVC4NB636575,GMC,Acadia,2022
3294,2112,3N125E031FP607047,Nissan,Rogue,2015
3295,2112,1FT4WTET4M2962409,Ford,Explorer,2021
3296,2112,3N1RCYFEXLE453864,Nissan,Rogue,2020
3297,2112,3FA1SA5N3RL273528,Ford,F-150,2024
3298,2113,1C6LXBZE5M3700448,Ram,1500,2021
3299,2113,1FT06MK56KC239839,Ford,F-150,2019
3300,2113,3FAVY2J88J8395962,Ford,Explorer,2018
3301,2114,JF1CXTS37PU155526,Subaru,Impreza,2023
3302,2115,2HG5ZJL87M7725381,Honda,Civic,2021
3303,2116,WDD0N8YD2NJ798208,Mercedes-Benz,GLC,2022
3304,2116,1FMFPLRG6M7097492,Ford,Focus,2021
3305,2116,5TDX73B06HX275750,Toyota,Prius,2017
3306,2117,1FT37ZM46H2847080,Ford,Focus,2017
3307,2118,1GNWH1CS7FZ981283,Chevrolet,Equinox,2015
3308,2119,2C4AWLAP1G8076798,Dodge,Challenger,2016
3309,2120,1N40TDZP9FK141408,Nissan,Rogue,2015
3310,2121,1C6TJ9990L1886472,Ram,1500,2020
3311,2122,1C4TEN5S4HT238241,Jeep,Wrangler,2017
3312,2122,1FT2Z26V9ED635499,Ford,Escape,2014
3313,2123,5TDPRG5GXPL822213,Toyota,RAV4,2023
3314,2123,1FMWERN60L2066000,Ford,Explorer,2020
3315,2123,5TDJYUZ07N2701002,Toyota,RAV4,2022
3316,2124,1FT9NL173LB202407,Ford,F-150,2020
3317,2124,1FMKTMC55F8126386,Ford,Expedition,2015
3318,2124,1FT63C2L4JR074638,Ford,F-150,2018
3319,2124,2T1ANWLP9PY351428,Toyota,Tacoma,2023
3320,2125,JTJJNJ092AN056114,Lexus,ES 350,2010
3321,2126,1G1XZRNV8FF232633,Chevrolet,Malibu,2015
3322,2127,JTDG121F260549430,Toyota,Camry,2006
3323,2127,1C4YM5LV1FN596145,Jeep,Wrangler,2015
3324,2128,JTHECVM93AV206614,Lexus,RX 350,2010
3325,2129,KNAFUAD63E6510329,Kia,Optima,2014
3326,2130,3N1GZF5J299477781,Nissan,Sentra,2009
3327,2131,JTD8JSCA4DU640484,Toyota,Sienna,2013
3328,2132,2T1DFKP46AM294476,Toyota,Corolla,2010
3329,2133,5N1RTCWV1LZ798121,Nissan,Pathfinder,2020
3330,2133,1FAYXXUNXN8543111,Ford,Escape,2022
3331,2134,3FAFH92P6JA330815,Ford,F-150,2018
3332,2135,WAU7H2213H1548652,Audi,Q7,2017
3333,2136,3VWTEJCV564150927,Volkswagen,Jetta,2006
3334,2137,1GTPN59385W769540,GMC,Sierra 1500,2005
3335,2138,JF1HP88E7R7478522,Subaru,Impreza,2024
3336,2139,4S40685P8KW530196,Subaru,Outback,2019
3337,2140,1N429BWLX8H423621,Nissan,Rogue,2008
3338,2141,WVG57HGR0F1335682,Volkswagen,Passat,2015
3339,2141,1GK3U99W2M8378572,GMC,Sierra 1500,2021
3340,2142,1C3CMMN227K512980,Dodge,Challenger,2007
3341,2143,2HG6TMEV2LM456166,Honda,Odyssey,2020
3342,2143,2T172E000J1432919,Toyota,Tundra,2018
3343,2144,WBSFPDC1977227473,BMW,X3,2007
3344,2145,1GKM4PNR2JR934619,GMC,Yukon,2018
3345,2146,KND2MW3GXE1867612,Kia,Soul,2014
3346,2146,1C6JKNJR9LN808838,Ram,1500,2020
3347,2147,2GN4J2AU6K5314044,Chevrolet,Equinox,2019
3348,2147,1G10LYJ05RS155819,Chevrolet,Silverado 1500,2024
3349,2147,3C6YR3WA3P7924410,Ram,1500,2023
3350,2147,JTDWUBJA5NC835549,Toyota,RAV4,2022
3351,2147,3C6DGLB95LS767311,Ram,1500,2020
3352,2148,JTJR328L6E7848985,Lexus,ES 350,2014
3353,2148,1GN79KW19HT478676,Chevrolet,Equinox,2017
3354,2149,1N4CNHLAX63668418,Nissan,Sentra,2006
3355,2150,1FAY9C897FE379206,Ford,F-150,2015
3356,2151,1N4ABMFK3KV614650,Nissan,Rogue,2019
3357,2152,5TDFEAGW9G3077656,Toyota,Camry,2016
3358,2153,1FTC72P56JK814047,Ford,F-150,2018
3359,2154,3N14HNU67PY578069,Nissan,Rogue,2023
3360,2155,WDDAYGLN1GG062933,Mercedes-Benz,C-Class,2016
3361,2156,1FMY8DLY8KA137522,Ford,Escape,2019
3362,2156,3C60D7B77MS141225,Ram,1500,2021
3363,2156,2T1V44V22GD421935,Toyota,Tacoma,2016
3364,2156,2GNLYA5UXL9192357,Chevrolet,Traverse,2020
3365,2156,1GNYMEYL6JK762393,Chevrolet,Silverado 1500,2018
3366,2156,2T19UJVFXJC093048,Toyota,Tacoma,2018
3367,2156,5TDHV3P22HY911062,Toyota,RAV4,2017
3368,2157,5NP9T5T7174944012,Hyundai,Sonata,2007
3369,2158,1C3ZGWP2X8C156977,Dodge,Charger,2008
3370,2159,3N1986F50JR278004,Nissan,Maxima,2018
3371,2160,4T1G25210JW414207,Toyota,Tacoma,2018
3372,2160,2C307P2G7EM080992,Dodge,Grand Caravan,2014
3373,2160,5XYV3YM227H649739,Kia,Sorento,2007
3374,2161,1G18WGRC0KC580187,Chevrolet,Equinox,2019
3375,2161,3FASJP6C2HK559883,Ford,F-150,2017
3376,2162,1FTTLBEY0MJ120344,Ford,F-150,2021
3377,2162,1FMUWD2C0LX443249,Ford,Escape,2020
3378,2162,1FMJYUJEXM8385369,Ford,Escape,2021
3379,2162,1FM27DM74NN034707,Ford,Expedition,2022
3380,2162,1G18TKDT2MH762370,Chevrolet,Equinox,2021
3381,2162,2T14J0CW4PS202151,Toyota,Sienna,2023
3382,2162,5TDMU0ED9KS707602,Toyota,Tacoma,2019
3383,2162,2T1Y7R7D0PM158991,Toyota,RAV4,2023
3384,2163,5NP8G60278T211971,Hyundai,Elantra,2008
3385,2163,1C4SM5RA8DP423749,Jeep,Wrangler,2013
3386,2164,KMHY9YYA5JD163222,Hyundai,Tucson,2018
3387,2165,5UXJ2MEYXGD235270,BMW,5 Series,2016
3388,2166,4T1KRFLR4MB184327,Toyota,Prius,2021
3389,2167,2C3FKZLM1LZ684952,Chrysler,300,2020
3390,2167,5FNS3LYK1LE250150,Honda,Accord,2020
3391,2168,5UX5A92Y0GK274399,BMW,3 Series,2016
3392,2169,1FTT1Z7D7B4251596,Ford,Focus,2011
3393,2170,5UXD3TEH5EC345781,BMW,3 Series,2014
3394,2171,1N6GPXHB4LH882124,Nissan,Sentra,2020
3395,2172,5XYEW2BH6GN760968,Kia,Optima,2016
3396,2173,2GNNKZL13KE730713,Chevrolet,Silverado 1500,2019
3397,2173,5UXJKZHW3A3679529,BMW,5 Series,2010
3398,2174,5J63RU8E48K052199,Honda,Pilot,2008
3399,2174,WBA29S1C9GX770764,BMW,X3,2016
3400,2174,JM15D0MEXLW957611,Mazda,Mazda3,2020
3401,2175,WDCFE8264K1220468,Mercedes-Benz,C-Class,2019
3402,2175,5TFU8HA15EC353422,Toyota,Sienna,2014
3403,2176,2HGPZN6E3KR586465,Honda,Civic,2019
3404,2177,2C4XLM8A4LT244631,Dodge,Challenger,2020
3405,2178,1GK1LWMV0L4903481,GMC,Sierra 1500,2020
3406,2178,1GN13J7C3MN408946,Chevrolet,Silverado 1500,2021
3407,2178,5TFEVEG42DX979823,Toyota,Tundra,2013
3408,2178,3C691RX87N5521565,Ram,1500,2022
3409,2178,1FT2887D2GT677789,Ford,F-150,2016
3410,2178,1GKP4U4Z4M9771358,GMC,Sierra 1500,2021
3411,2178,1C67PKFG2HE679141,Ram,1500,2017
3412,2179,5J6SSDRK752740827,Honda,Accord,2005
3413,2180,4S3JGTPW0DR975434,Subaru,Impreza,2013
3414,2181,1HGPSDRW0J1185588,Honda,Civic,2018
3415,2181,1HGUZ1MX0CW023561,Honda,Civic,2012
3416,2182,JM3PAZPT8BE008490,Mazda,Mazda3,2011
3417,2183,4T1CVPBD2FF405978,Toyota,Highlander,2015
3418,2184,3C6DSSXK8KW761000,Ram,2500,2019
3419,2184,JTD98ZGT0NP951835,Toyota,Tundra,2022
3420,2184,1FTWBYMY1NL747046,Ford,F-150,2022
3421,2185,3FAS4LYG6D6603810,Ford,Escape,2013
3422,2186,1GNC2EG93JB236972,Chevrolet,Impala,2018
3423,2186,2HGUR6G93A8647490,Honda,Civic,2010
3424,2187,1GN8X9ZF3LE127060,Chevrolet,Equinox,2020
3425,2188,4T1BSUV52LS173232,Toyota,Corolla,2020
3426,2188,JTDKL3DJ3NN227715,Toyota,Sienna,2022
3427,2189,1FTPJEF40G7093281,Ford,Fusion,2016
3428,2190,3N19ZDM67CK456287,Nissan,Sentra,2012
3429,2191,5XYCL55265X386548,Kia,Sorento,2005
3430,2192,JM3JSPP778M526146,Mazda,Mazda3,2008
3431,2193,JM3ARXJJ6BK581805,Mazda,CX-5,2011
3432,2194,1C3ERSTL7LL553197,Dodge,Challenger,2020
3433,2194,1J4GG54Y6E6937800,Jeep,Grand Cherokee,2014
3434,2195,5NM5MHCD4RL922420,Hyundai,Elantra,2024
3435,2196,1HGDHLVM5GT811150,Honda,Civic,2016
3436,2196,JTDALPTY2LV004516,Toyota,Camry,2020
3437,2196,5TFVCBX66LZ835183,Toyota,Tacoma,2020
3438,2197,4T12JZUL1LL068479,Toyota,RAV4,2020
3439,2198,5NPKDEYN15K132336,Hyundai,Santa Fe,2005
3440,2199,1G17HCMB4K6696052,Chevrolet,Equinox,2019
3441,2199,3C68E92J8LJ254502,Ram,1500,2020
3442,2199,1GNGXZY29NE414478,Chevrolet,Tahoe,2022
3443,2200,4T1Y0MPP0FY820419,Toyota,Corolla,2015
3444,2200,KNAC4NMK6MM552642,Kia,Forte,2021
3445,2201,1C6YW7GV2KM606348,Ram,2500,2019
3446,2202,1VW6JTMR8CF675241,Volkswagen,Passat,2012
3447,2203,3MZ3K8VG8HF337392,Mazda,Mazda3,2017
3448,2204,2C3FH0KJ3E6352159,Chrysler,Pacifica,2014
3449,2205,5TDMZAR34P9367301,Toyota,Prius,2023
3450,2205,1N4BKGBY4LP229555,Nissan,Pathfinder,2020
3451,2206,1J4M8VBT0HE953489,Jeep,Wrangler,2017
3452,2207,5NPPTUBDXJG971854,Hyundai,Santa Fe,2018
3453,2207,5NMV3FWY3CD305890,Hyundai,Santa Fe,2012
3454,2208,1GT0J0AH9GT488472,GMC,Acadia,2016
3455,2209,1FMM0LYJ9JM376120,Ford,Expedition,2018
3456,2210,JM1SLGTC6DP226717,Mazda,CX-5,2013
3457,2211,1N6SSRG3XHF040745,Nissan,Rogue,2017
3458,2212,KNATPS6P6C7080311,Kia,Sorento,2012
3459,2213,KNAV8C0B5JU121115,Kia,Sorento,2018
3460,2214,2HGEYSL5XHE690447,Honda,Accord,2017
3461,2214,5TFMNMYG4JA714205,Toyota,Camry,2018
3462,2215,JTDLE96J183427975,Toyota,Camry,2008
3463,2216,1FMC227D6LG724131,Ford,F-150,2020
3464,2217,4S47A3JK2GW880117,Subaru,Forester,2016
3465,2217,3MZRNFNW8JD518670,Mazda,Mazda3,2018
3466,2218,1FMTNUS97D0002778,Ford,Focus,2013
3467,2219,1FAXYMGV75U137457,Ford,F-150,2005
3468,2220,5XYP99ST4GF458733,Kia,Sorento,2016
3469,2221,1HGUZEPF9H2041114,Honda,Accord,2017
3470,2221,5FNR5HE48HM016676,Honda,Civic,2017
3471,2222,2C3YFDXK3NR709085,Dodge,Durango,2022
3472,2223,2C3J97DK1J3177590,Dodge,Challenger,2018
3473,2224,2C3ZASVX9E0173091,Dodge,Challenger,2014
3474,2225,1VWY6BMG7KV488385,Volkswagen,Passat,2019
3475,2226,2GNJZR6Y4HB275481,Chevrolet,Tahoe,2017
3476,2227,3C64G1SL4D3580802,Ram,2500,2013
3477,2228,5FNY12FR1FV571166,Honda,CR-V,2015
3478,2229,55S0THLS6L1100029,Mercedes-Benz,E-Class,2020
3479,2229,JTDYA2KL4HG281564,Toyota,Tundra,2017
3480,2230,WBAUSXMV7NA203833,BMW,5 Series,2022
3481,2230,1J4G6YD51FB232003,Jeep,Grand Cherokee,2015
3482,2231,5N187ZDT4DG202114,Nissan,Rogue,2013
3483,2232,5TDEKV3E7KZ712839,Toyota,Sienna,2019
3484,2232,5GAVSC6A8HY290505,Buick,Enclave,2017
3485,2233,JTJ3DUJY2BC413713,Lexus,RX 350,2011
3486,2234,1FTMMN9B0F2156556,Ford,Explorer,2015
3487,2234,1G19Y65BX58134027,Chevrolet,Equinox,2005
3488,2235,JTDU0VBF4J1809514,Toyota,Corolla,2018
3489,2236,1FTDH3P30DX040794,Ford,F-150,2013
3490,2237,1GN4ZY5Z5LS095300,Chevrolet,Equinox,2020
3491,2237,5TD63G1R0P4368732,Toyota,Tacoma,2023
3492,2237,1FAJKRJT9HZ653452,Ford,Explorer,2017
3493,2237,2GNZXKAK4JJ068989,Chevrolet,Silverado 1500,2018
3494,2238,1G185GP89L9686198,Chevrolet,Malibu,2020
3495,2238,1G1MJA2K9BG009902,Chevrolet,Impala,2011
3496,2239,1N4STAD269Z600392,Nissan,Sentra,2009
3497,2240,5J6SP0BR4HA004097,Honda,Civic,2017
3498,2241,JM1M31RD4FH804462,Mazda,Mazda6,2015
3499,2242,WAU9GPST8JD655758,Audi,A6,2018
3500,2243,KMHCA3E21RD780128,Hyundai,Sonata,2024
3501,2244,1FA8Y0NJXKZ570492,Ford,Fusion,2019
3502,2245,2HG9EL1GXAV921387,Honda,CR-V,2010
3503,2245,4T1MUA3U354144230,Toyota,Camry,2005
3504,2246,1FMCFJKH57H609545,Ford,Fusion,2007
3505,2247,1N6W3VVY5GU293228,Nissan,Rogue,2016
3506,2248,2GNZU6RK0M2867946,Chevrolet,Cruze,2021
3507,2249,1GNB11SV9CS756186,Chevrolet,Equinox,2012
3508,2249,1FTVBHYP2B7091084,Ford,Escape,2011
3509,2250,5N14GHKZ2GJ848520,Nissan,Rogue,2016
3510,2251,3C6X7PN09K2285960,Ram,1500,2019
3511,2252,55SPHF506F3372122,Mercedes-Benz,E-Class,2015
3512,2253,1FTJLFMW8JZ672668,Ford,F-150,2018
3513,2254,2C3HC5UU0MZ329494,Dodge,Charger,2021
3514,2255,4T1DJ9CL1NR735593,Toyota,Tundra,2022
3515,2256,5FN4N3D44HG938004,Honda,Accord,2017
3516,2257,5J6DFUV53JL709592,Honda,CR-V,2018
3517,2258,5TF9Z7TB5FR293773,Toyota,Tundra,2015
3518,2258,1C3NYMSV6E5161384,Dodge,Charger,2014
3519,2258,5J69B7763LA406853,Honda,CR-V,2020
3520,2259,1GKH3E9L8K6194558,GMC,Terrain,2019
3521,2260,1GNNUA6Z8M2639430,Chevrolet,Equinox,2021
3522,2260,2GN9L6ML0KT344940,Chevrolet,Equinox,2019
3523,2260,1FAHL34K5JD284314,Ford,Explorer,2018
3524,2260,1C634A4YXH6797705,Ram,1500,2017
3525,2260,1FTHM3SSXPX913936,Ford,Explorer,2023
3526,2260,1GNDRYPZ5NP741583,Chevrolet,Traverse,2022
3527,2260,4T1S26EB7M7475427,Toyota,Tundra,2021
3528,2261,JTD3JXFE8AR395547,Toyota,Tacoma,2010
3529,2262,2HG3FU907DE340661,Honda,Civic,2013
3530,2263,5NM7S1AC0K6626380,Hyundai,Sonata,2019
3531,2264,WDDCYWKR0CJ613017,Mercedes-Benz,E-Class,2012
3532,2265,JTJ65LE08LK693377,Lexus,RX 350,2020
3533,2266,WBSXX9SZ2KV123677,BMW,3 Series,2019
3534,2266,4T16YKKM1J4155046,Toyota,Tundra,2018
3535,2267,5FN6LRD70KK809029,Honda,CR-V,2019
3536,2268,1C4D5JW6XLB894506,Jeep,Cherokee,2020
3537,2268,2T2028GX5JV626579,Lexus,RX 350,2018
3538,2268,2HGWTGMD7JA703707,Honda,Accord,2018
3539,2269,5J6291B26FG261498,Honda,Accord,2015
3540,2269,1GTK8H0B9EE640591,GMC,Sierra 1500,2014
3541,2270,5N13XLBA1GD139861,Nissan,Frontier,2016
3542,2270,1N6BBTWA0B5732894,Nissan,Frontier,2011
3543,2271,5TD3L2F34N8437342,Toyota,Camry,2022
3544,2272,5TFU18Z12FT136517,Toyota,Camry,2015
3545,2273,1GC5708V4DM639210,Chevrolet,Equinox,2013
3546,2274,2T2A52Y2256024055,Lexus,RX 350,2005
3547,2275,2HGMTPW275R659878,Honda,Odyssey,2005
3548,2275,2GNZ6V602EE164971,Chevrolet,Silverado 1500,2014
3549,2276,2C4TRH0M278212702,Dodge,Challenger,2007
3550,2277,2C4FHB9P0MN342288,Dodge,Durango,2021
3551,2278,5J6WC7ZA8HG088122,Honda,Civic,2017
3552,2279,3N1NTEU80L2175083,Nissan,Maxima,2020
3553,2279,1G1B0FUM8E2014452,Chevrolet,Impala,2014
3554,2279,3N1FWX51653264162,Nissan,Sentra,2005
3555,2280,JTJ6004D17P706478,Lexus,ES 350,2007
3556,2281,1C6JN5UZ4AE863231,Ram,1500,2010
3557,2282,1GKDWBBF0BM013389,GMC,Acadia,2011
3558,2283,1FA84GLV1LN402307,Ford,Escape,2020
3559,2284,2C34TRML2EZ362172,Chrysler,300,2014
3560,2285,1G45S4XAXLH848121,Buick,Encore,2020
3561,2286,1FT5H4KZX83170391,Ford,Escape,2008
3562,2286,1GNKW9SS0KU127912,Chevrolet,Malibu,2019
3563,2287,1J41AUU28MB603089,Jeep,Cherokee,2021
3564,2288,1HGLN88C0D9787126,Honda,Civic,2013
3565,2289,1G1GNHJ71NA740497,Chevrolet,Traverse,2022
3566,2290,4T1K5KT92EX655464,Toyota,Tundra,2014
3567,2291,3FALDDYT78U632970,Ford,F-150,2008
3568,2292,4S4913ST55L302169,Subaru,Outback,2005
3569,2293,2T13GRNK9L7022525,Toyota,Highlander,2020
3570,2294,5J6S00KR2H7516572,Honda,Accord,2017
3571,2295,1C3GU1F75L0746112,Chrysler,300,2020
3572,2295,5UXVNF4H3AB496734,BMW,3 Series,2010
3573,2296,WAU0Z8XZ6G9930593,Audi,Q7,2016
3574,2297,2C4BBCDZ4L5223771,Dodge,Charger,2020
3575,2297,2T1H98UW7FH480318,Toyota,Prius,2015
3576,2298,3N1ZHFUK8FJ912836,Nissan,Sentra,2015
3577,2299,2C4YC8M84CL001965,Dodge,Charger,2012
3578,2300,5TF4L78B7B8069313,Toyota,Camry,2011
3579,2301,1GKK3B860M0481155,GMC,Yukon,2021
3580,2302,2C3PK1437DB273299,Dodge,Charger,2013
3581,2302,2C378LMB48X558309,Chrysler,Pacifica,2008
3582,2302,1GCKK93K7DE960672,Chevrolet,Malibu,2013
3583,2303,1FARSEEC7HF552532,Ford,Fusion,2017
3584,2304,2GNDA8E92N3031729,Chevrolet,Cruze,2022
3585,2304,5XY8R1FEX8Y886362,Kia,Forte,2008
3586,2305,1G1BLPL99PT316663,Chevrolet,Malibu,2023
3587,2306,5TDCT6W99DB733860,Toyota,RAV4,2013
3588,2307,5XYDATCH6HM866746,Kia,Forte,2017
3589,2308,1HGHLC3266S665802,Honda,Accord,2006
3590,2309,3N1RPZL03K2222212,Nissan,Altima,2019
3591,2310,1HGX8D5K6NA007482,Honda,Odyssey,2022
3592,2311,2GN85XB4XF3005650,Chevrolet,Silverado 1500,2015
3593,2312,5TDPMDRH458237367,Toyota,Tundra,2005
3594,2313,1FTA85938CW263746,Ford,Escape,2012
3595,2313,1C6UPJB30J4955988,Ram,1500,2018
3596,2314,1C444J5T7L9779363,Jeep,Wrangler,2020
3597,2315,1C4YVAET9H3316827,Jeep,Grand Cherokee,2017
3598,2316,5NPS7NTW2HU762110,Hyundai,Santa Fe,2017
3599,2317,2GNDGWLU3RU477382,Chevrolet,Silverado 1500,2024
3600,2317,3N1486RZ4JS844506,Nissan,Rogue,2018
3601,2317,4T16L8L42JG059618,Toyota,Tacoma,2018
3602,2317,1FMFAXCS3LK411455,Ford,F-150,2020
3603,2317,1GTGJSPXXDJ236617,GMC,Sierra 1500,2013
3604,2317,1C6FWB9LXLE459570,Ram,1500,2020
3605,2317,2GNBW4V39NA313441,Chevrolet,Silverado 1500,2022
3606,2318,WVG9YEMY5G8302405,Volkswagen,Atlas,2016
3607,2319,2T11M203XED304989,Toyota,RAV4,2014
3608,2320,WDC50HPC2GM277184,Mercedes-Benz,GLC,2016
3609,2321,2GNGJHMU3EW417903,Chevrolet,Equinox,2014
3610,2322,1FTBA69P4JW622847,Ford,F-150,2018
3611,2323,JTHGRAM32KS374646,Lexus,GX 460,2019
3612,2324,2T1K3VTZ8LL422759,Toyota,Camry,2020
3613,2325,2C48GUYBXES044718,Dodge,Charger,2014
3614,2326,KNAXBXWE6FF911621,Kia,Soul,2015
3615,2327,2T2X2HL74H2189934,Lexus,GX 460,2017
3616,2328,5NPD0NSG6J3017024,Hyundai,Sonata,2018
3617,2329,1N4PFYGH7HW762196,Nissan,Maxima,2017
3618,2329,WDD7FGGC4MH364862,Mercedes-Benz,C-Class,2021
3619,2330,WA1EKRMB79G950323,Audi,Q5,2009
3620,2330,2T1JMTWU3BZ937676,Toyota,Camry,2011
3621,2331,5N1AF3GW0GN160497,Nissan,Altima,2016
3622,2332,5UXYADX49MG913450,BMW,X3,2021
3623,2333,1C6NWDGG49G544589,Ram,2500,2009
3624,2333,3C6BERLL0B9905157,Ram,1500,2011
3625,2334,1GTTPG9U3K6550915,GMC,Sierra 1500,2019
3626,2335,5UX0V8AA1BW536364,BMW,3 Series,2011
3627,2335,1GT4MC3RXKK421930,GMC,Terrain,2019
3628,2336,2T1YBFCT3KY100787,Toyota,Camry,2019
3629,2337,1FMKV91M5LR069999,Ford,Mustang,2020
3630,2338,JTDVAUEN9KZ681112,Toyota,Sienna,2019
3631,2339,2T1LVU571MX903886,Toyota,Corolla,2021
3632,2340,KMHXXZG64M4015118,Hyundai,Elantra,2021
3633,2341,1C40CNGM09W114278,Jeep,Grand Cherokee,2009
3634,2342,WAU4JM7DXK5631050,Audi,Q5,2019
3635,2343,1FT1R7B87FT452019,Ford,Escape,2015
3636,2344,5NPZH6WW8CL335414,Hyundai,Santa Fe,2012
3637,2345,5N1ZN47J9HG544607,Nissan,Altima,2017
3638,2346,5TD4RA6G9LW871684,Toyota,Camry,2020
3639,2346,4T19TJAR7J3623127,Toyota,Corolla,2018
3640,2347,4S3Y2DE84LV928744,Subaru,Forester,2020
3641,2347,1FTX9JNT0BU901813,Ford,F-150,2011
3642,2348,WBADWT1V2C6384910,BMW,X3,2012
3643,2349,5N1HVMSV4G8796635,Nissan,Frontier,2016
3644,2349,1GT0WJ2C5LJ386778,GMC,Sierra 1500,2020
3645,2349,2T1J8L1N1RZ198399,Toyota,Tacoma,2024
3646,2349,3FAZJDP16PR471435,Ford,Escape,2023
3647,2350,3N1M1YYH9HU728032,Nissan,Altima,2017
3648,2350,1FML9F1N1KV689111,Ford,Explorer,2019
3649,2350,1G1H136CXK9286465,Chevrolet,Traverse,2019
3650,2351,5TDJFJ401KW554918,Toyota,Corolla,2019
3651,2352,1N4G1Z43653107702,Nissan,Altima,2005
3652,2353,WDCZ3GHH3HE206469,Mercedes-Benz,GLC,2017
3653,2354,1N68BX202MW506562,Nissan,Sentra,2021
3654,2355,3FA3GJ0R08D504530,Ford,Focus,2008
3655,2356,1FT1NLZP3KS953152,Ford,F-150,2019
3656,2357,WBAM494W882266422,BMW,3 Series,2008
3657,2358,1FTV3KPF2KB675694,Ford,Explorer,2019
3658,2358,1FAPPGT82LX559815,Ford,F-150,2020
3659,2358,1FA6ED9U5LV505277,Ford,Escape,2020
3660,2358,1FMJ81567HF562639,Ford,F-150,2017
3661,2359,5NME7C7M79D245846,Hyundai,Elantra,2009
3662,2360,1FMZZ6891E9370100,Ford,F-150,2014
3663,2361,2T1JTLSF7C5198878,Toyota,Camry,2012
3664,2362,1G4S2PLR8L8166368,Buick,Encore,2020
3665,2363,1N6GZVKR7EN495396,Nissan,Sentra,2014
3666,2364,5J6ENR933AX007178,Honda,Civic,2010
3667,2364,5FN98WD03F6614735,Honda,Civic,2015
3668,2364,1FM1PDVN9CF875812,Ford,Mustang,2012
3669,2365,4T1J2KUMXAH821788,Toyota,Camry,2010
3670,2365,2T2HGAJV8GJ835317,Lexus,ES 350,2016
3671,2366,5N1YXZ06XC2794856,Nissan,Sentra,2012
3672,2367,2C3FCBB27F8349287,Chrysler,300,2015
3673,2367,5J6XN9KD9NX583102,Honda,Accord,2022
3674,2368,1GTXBGVG5KU711468,GMC,Yukon,2019
3675,2368,1HG8C1082HY402123,Honda,Odyssey,2017
3676,2368,2HGMNV769MW845194,Honda,Accord,2021
3677,2369,1N6DSKEP2K2865537,Nissan,Sentra,2019
3678,2370,1FMTX3G73JA892326,Ford,Focus,2018
3679,2371,2HGSV7VF59Y620076,Honda,Accord,2009
3680,2371,4T1K3X6R1MG058741,Toyota,Tacoma,2021
3681,2371,5FNYSR754NS958134,Honda,Odyssey,2022
3682,2372,1C6LW30T8LP377508,Ram,1500,2020
3683,2373,5XYK4RRE0LJ678412,Kia,Soul,2020
3684,2373,1GN2ASG4658381850,Chevrolet,Impala,2005
3685,2374,1GCEW1MS8D7753052,Chevrolet,Cruze,2013
3686,2375,1GK4THRT9FU073426,GMC,Yukon,2015
3687,2375,2T13BHWKXGR191860,Toyota,RAV4,2016
3688,2375,1G1HKZ07XLH830045,Chevrolet,Tahoe,2020
3689,2375,2T1DSMJ6XJ0473807,Toyota,Tacoma,2018
3690,2375,5TDBEPZU1MW582985,Toyota,Highlander,2021
3691,2375,1GKXW5K81HL003016,GMC,Terrain,2017
3692,2376,2T1X27578CT126852,Toyota,RAV4,2012
3693,2377,1C4DGHAX6N1725241,Jeep,Wrangler,2022
3694,2378,JF1FBHUH7KG254825,Subaru,Forester,2019
3695,2379,5N10WLKPXGG912173,Nissan,Maxima,2016
3696,2379,5FND0NYD3BW818020,Honda,Accord,2011
3697,2380,1C6J802S8D9515929,Ram,1500,2013
3698,2380,1FTYZUXY9PA020471,Ford,F-150,2023
3699,2380,3C6KUWNW7MC725835,Ram,1500,2021
3700,2380,1GTXK7NR1N8763713,GMC,Sierra 1500,2022
3701,2380,1C64SGTG1N9923093,Ram,1500,2022
3702,2381,1J4UM2HM0M8575287,Jeep,Compass,2021
3703,2382,1GNM4A3K7LP886023,Chevrolet,Malibu,2020
3704,2382,1N6DGZZD596330859,Nissan,Altima,2009
3705,2383,3N1AY4BHXH5412536,Nissan,Rogue,2017
3706,2384,3N1YGF7E1JU948380,Nissan,Altima,2018
3707,2385,JF1NKF302F5345577,Subaru,Forester,2015
3708,2385,1FTL4KTH7GF446861,Ford,Escape,2016
3709,2386,4T1LJ6CD0HK618197,Toyota,Tacoma,2017
3710,2386,3N1DDS5F499804817,Nissan,Pathfinder,2009
3711,2387,1FTR2N6Y7L7503433,Ford,Mustang,2020
3712,2388,JTDT8H6B1SS913435,Toyota,RAV4,2025
3713,2388,1FMULMYG0LD638210,Ford,F-150,2020
3714,2388,1GTCWM6K7PT708430,GMC,Sierra 1500,2023
3715,2388,1FT0XZXK4LD916617,Ford,F-150,2020
3716,2388,JTD9P9PX7L1372413,Toyota,Tacoma,2020
3717,2388,1N4DH1X71LP138988,Nissan,Rogue,2020
3718,2388,1FAB04KD4EE808884,Ford,F-150,2014
3719,2389,WBAVE5JD16A111615,BMW,X5,2006
3720,2390,2T1GLZAW4K4958512,Toyota,Tacoma,2019
3721,2391,2C38UP1J4J8808280,Dodge,Grand Caravan,2018
3722,2392,2T11C5D82DR913747,Toyota,Camry,2013
3723,2393,1C6F8E425EJ444933,Ram,1500,2014
3724,2394,1C6ECD1U5G8301095,Ram,2500,2016
3725,2395,1C4CH7TCXJD365025,Jeep,Cherokee,2018
3726,2395,2T2MZ34K9J7320949,Lexus,RX 350,2018
3727,2396,5TFJ87MT4CS939980,Toyota,RAV4,2012
3728,2397,KNDKULVW7LH282834,Kia,Soul,2020
3729,2398,5TDN27296BR472232,Toyota,Corolla,2011
3730,2398,5NPD09RS6N0096705,Hyundai,Elantra,2022
3731,2399,1C37X9NM7A8444736,Dodge,Charger,2010
3732,2400,4S44SKUC5E8742846,Subaru,Outback,2014
3733,2401,5TF1S5J06HP353128,Toyota,Camry,2017
3734,2402,JTD51EAR2AJ905204,Toyota,Camry,2010
3735,2402,3FAE16LM5NZ246964,Ford,F-150,2022
3736,2403,1J48KG9C1K3148785,Jeep,Wrangler,2019
3737,2404,2GN27ZKFXB9247701,Chevrolet,Equinox,2011
3738,2405,1GTCK78BX9E502696,GMC,Yukon,2009
3739,2406,1G1YRACD7HW298528,Chevrolet,Silverado 1500,2017
3740,2407,3FA80EFF9KU620220,Ford,Escape,2019
3741,2408,1G1L7N545LA342794,Chevrolet,Impala,2020
3742,2408,JM3R0R3Y55Y831507,Mazda,Mazda3,2005
3743,2409,5NPN6TMX7BB165601,Hyundai,Santa Fe,2011
3744,2410,1C3PEK98657696712,Chrysler,300,2005
3745,2410,1J4JHXBWXNE102465,Jeep,Grand Cherokee,2022
3746,2410,1GNZT2ZWXCR698318,Chevrolet,Silverado 1500,2012
3747,2411,KNAP9HCH0GJ452486,Kia,Forte,2016
3748,2412,1FMK0UZNXFH639262,Ford,Explorer,2015
3749,2413,1C4C05FU3MS811855,Jeep,Cherokee,2021
3750,2414,WAURV8GP0MH746558,Audi,Q5,2021
3751,2415,WDC2KTYH5C7158838,Mercedes-Benz,C-Class,2012
3752,2416,1FTYXW6C0FH302544,Ford,Mustang,2015
3753,2417,5TFGTL6X7MK049377,Toyota,Highlander,2021
3754,2417,1GCNV1H12MP731455,Chevrolet,Silverado 1500,2021
3755,2417,1C6SXB2T0N3133099,Ram,2500,2022
3756,2417,2GN8DVEU1P9334030,Chevrolet,Silverado 1500,2023
3757,2417,1FAWHXBNXN0297943,Ford,F-150,2022
3758,2418,5TFU5SKT6PF722859,Toyota,Camry,2023
3759,2419,WAUF829E2NN497587,Audi,A4,2022
3760,2420,5FN80JVJ2N8076626,Honda,Civic,2022
3761,2421,1GNK6VXF3N1822833,Chevrolet,Traverse,2022
3762,2422,5XYWFW5E1K9288905,Kia,Optima,2019
3763,2423,KNAK784X3LF509069,Kia,Forte,2020
3764,2424,5NM955X71DM584284,Hyundai,Tucson,2013
3765,2425,2GNBAPJ92GV085837,Chevrolet,Silverado 1500,2016
3766,2426,5XYSZY1K5J2651890,Kia,Soul,2018
3767,2427,WDCHN8G77F3531588,Mercedes-Benz,GLE,2015
3768,2428,1J4Y5TPM368952087,Jeep,Grand Cherokee,2006
3769,2429,3FAWV8R35EC919113,Ford,Expedition,2014
3770,2429,1J4KRB0B158257103,Jeep,Wrangler,2005
3771,2430,1J49PXCT0L5938910,Jeep,Grand Cherokee,2020
3772,2431,1N4J3BB71JS562454,Nissan,Pathfinder,2018
3773,2432,1FAM7PX48FH186224,Ford,Mustang,2015
3774,2433,1N4U08ZF5RK144741,Nissan,Rogue,2024
3775,2433,3N1W2GU69DM723864,Nissan,Frontier,2013
3776,2433,3FAPHM9Y2N8823703,Ford,F-150,2022
3777,2434,5XYPCZZY3DZ828759,Kia,Forte,2013
3778,2435,5NPG1S3N1N7213599,Hyundai,Sonata,2022
3779,2436,WDCLBJT93NV258427,Mercedes-Benz,C-Class,2022
3780,2437,1GNXF7GD5G2958412,Chevrolet,Impala,2016
3781,2438,2T16FP1G2JG367544,Toyota,Prius,2018
3782,2438,1C6WXDE07JK592497,Ram,1500,2018
3783,2439,WBAXDEXM37S066532,BMW,5 Series,2007
3784,2440,1C436V4E4KC496601,Jeep,Grand Cherokee,2019
3785,2440,3N10AS3A7CN959911,Nissan,Sentra,2012
3786,2441,5N1TNGZ287N497464,Nissan,Altima,2007
3787,2442,2C3J0JUU5K6709500,Chrysler,300,2019
3788,2443,2C3L4JG63KR862515,Chrysler,300,2019
3789,2443,4T14C3W10L7555371,Toyota,Camry,2020
3790,2444,1C40522E4HE094257,Jeep,Wrangler,2017
3791,2445,2GN7YNHU76V371424,Chevrolet,Silverado 1500,2006
3792,2446,1FAUDE7Z7BV198336,Ford,Explorer,2011
3793,2447,1GCWMBV02GJ924303,Chevrolet,Cruze,2016
3794,2448,4T1L0TZF3NY058565,Toyota,RAV4,2022
3795,2449,5TD50R7U4HY427755,Toyota,Camry,2017
3796,2449,1N4VXFJR0C0951875,Nissan,Altima,2012
3797,2449,5N16NY8C9DP774944,Nissan,Altima,2013
3798,2450,5FNWA8AD6GY559469,Honda,Accord,2016
3799,2451,1HGLVC9T6DH786599,Honda,Odyssey,2013
3800,2452,2GN445FP2NA805010,Chevrolet,Silverado 1500,2022
3801,2452,1GCVBAY26K9157882,Chevrolet,Silverado 1500,2019
3802,2452,1FA9N50J5K0882208,Ford,Escape,2019
3803,2452,1FMSENUS8LX873888,Ford,F-150,2020
3804,2452,1G1K30VG7MX645756,Chevrolet,Silverado 1500,2021
3805,2453,2C3G4S1SXPF460934,Dodge,Challenger,2023
3806,2454,1G4X6Y4T2KP248675,Buick,LaCrosse,2019
3807,2455,1HGKLVE57B1984361,Honda,Accord,2011
3808,2456,3N1NA38L0NY666696,Nissan,Frontier,2022
3809,2456,1G1RREXZ6RT815743,Chevrolet,Silverado 1500,2024
3810,2456,5TDXPBZ65SK192660,Toyota,Highlander,2025
3811,2456,1GN3CA5G1ER906989,Chevrolet,Silverado 1500,2014
3812,2457,WDDHMLSVXNP312011,Mercedes-Benz,GLC,2022
3813,2458,1FM3TUZL0JB159656,Ford,Escape,2018
3814,2459,5J6SE8FZ3NR248934,Honda,Civic,2022
3815,2459,5J6M6MK59BV240180,Honda,Accord,2011
3816,2460,1GC9HAKE3EL917924,Chevrolet,Malibu,2014
3817,2460,1N4TBZG91PL006727,Nissan,Altima,2023
3818,2461,1FA59KWC5LB759881,Ford,F-150,2020
3819,2461,1C6ZNEL35KD600964,Ram,1500,2019
3820,2461,1FACMTAP0P6526639,Ford,Escape,2023
3821,2461,1FTW8C3G3PR056997,Ford,F-150,2023
3822,2461,1FMTUG4B5KG702338,Ford,Expedition,2019
3823,2461,1GN6GPN25H5782181,Chevrolet,Silverado 1500,2017
3824,2462,1GCEZXUNX5P197929,Chevrolet,Silverado 1500,2005
3825,2463,1G1U05M36FS345025,Chevrolet,Traverse,2015
3826,2464,1J4JK47K1JP303398,Jeep,Wrangler,2018
3827,2465,KNAURB9A2P7927191,Kia,Forte,2023
3828,2466,2C3J07XR1MY862814,Chrysler,Pacifica,2021
3829,2466,1GTSN1XE1P6101329,GMC,Yukon,2023
3830,2467,1FT29ESD4K4133820,Ford,F-150,2019
3831,2468,JF16UN7P2FK068981,Subaru,Forester,2015
3832,2469,1N4J9AKJ0MT914121,Nissan,Altima,2021
3833,2469,1N6ZP7RV9K2754674,Nissan,Rogue,2019
3834,2470,5TDWCHSK5GM549283,Toyota,Camry,2016
3835,2471,1HGTSXYF150120777,Honda,Civic,2005
3836,2471,5NMVDSND8LJ105447,Hyundai,Santa Fe,2020
3837,2472,5NM32YXA1MP683374,Hyundai,Elantra,2021
3838,2473,5TFMXXL72EW285593,Toyota,Highlander,2014
3839,2473,5TFYUWA19N2242797,Toyota,Tacoma,2022
3840,2474,1FA3SA429JU488860,Ford,Explorer,2018
3841,2474,1FMTL7GN5RJ987712,Ford,Expedition,2024
3842,2474,1G1ZGJUE4HX156620,Chevrolet,Silverado 1500,2017
3843,2474,1GT9XXLL6P6266230,GMC,Terrain,2023
3844,2474,5TDCZCAGXJA408834,Toyota,Highlander,2018
3845,2475,1FMLDSC48FK542495,Ford,Mustang,2015
3846,2476,WDC53M75XRD651240,Mercedes-Benz,E-Class,2024
3847,2477,1FT0P9RS7PA263480,Ford,Escape,2023
3848,2477,5TF5WBKT8NR296847,Toyota,Highlander,2022
3849,2477,4T10RXL36MP718360,Toyota,Tundra,2021
3850,2477,1GNG87YH7J1511525,Chevrolet,Silverado 1500,2018
3851,2478,1GCJ87BR0LR445064,Chevrolet,Malibu,2020
3852,2479,3FA0TRRN9L4560293,Ford,Explorer,2020
3853,2479,1C3EDEKL6DR606262,Chrysler,300,2013
3854,2479,4JGWG7407L6100845,Mercedes-Benz,GLC,2020
3855,2480,1FAM1FKL2RA856504,Ford,F-150,2024
3856,2481,2T1KG8EB657680151,Toyota,Tacoma,2005
3857,2482,JTJPLET49P2299971,Lexus,IS 250,2023
3858,2483,4S4JJNPY7D7887826,Subaru,Outback,2013
3859,2484,5FN3MSYW3KS553042,Honda,CR-V,2019
3860,2485,5N1NHRRL7JV029625,Nissan,Maxima,2018
3861,2486,1G17CX6NXPP814538,Chevrolet,Tahoe,2023
3862,2486,1GKGGZWW7D7829966,GMC,Sierra 1500,2013
3863,2486,1FMGNYSF2MU468142,Ford,Expedition,2021
3864,2486,3FA5G75B6N1530232,Ford,F-150,2022
3865,2486,1FTXZX7F5LK722853,Ford,F-150,2020
3866,2487,5TFV41545C1872944,Toyota,Camry,2012
3867,2488,1G1PP0TY9NW131596,Chevrolet,Silverado 1500,2022
3868,2488,1GCYLG946GA690916,Chevrolet,Silverado 1500,2016
3869,2489,3N1WC2395K3719678,Nissan,Altima,2019
3870,2490,5UXXW14T6LG686997,BMW,X3,2020
3871,2491,JTDXE0CM0AC736774,Toyota,RAV4,2010
3872,2492,1VWG7E3C9HY964846,Volkswagen,Jetta,2017
3873,2493,2T1TS62E9RJ776872,Toyota,Highlander,2024
3874,2493,1GTHCLA55GY128185,GMC,Terrain,2016
3875,2493,1FAUNM0Y0L5728284,Ford,F-150,2020
3876,2493,1FAWH9GB4KP372942,Ford,Escape,2019
3877,2493,2GNK09MW8JC907236,Chevrolet,Silverado 1500,2018
3878,2493,1G1AEDAPXPA948881,Chevrolet,Silverado 1500,2023
3879,2493,1GKPXF197P2015558,GMC,Acadia,2023
3880,2493,3C62EUKG6JJ978134,Ram,1500,2018
3881,2494,JM1RGFKL1D4972945,Mazda,CX-5,2013
3882,2495,WVWKWUGD87A549683,Volkswagen,Tiguan,2007
3883,2496,JTH2KCY03JX523383,Lexus,RX 350,2018
3884,2497,5XYXTCGK4FE036206,Kia,Forte,2015
3885,2498,2HG7BLN0654882984,Honda,CR-V,2005
3886,2499,5FNR645K2KG260169,Honda,Civic,2019
3887,2499,5GAPF9XJ9H7647727,Buick,Encore,2017
3888,2499,1C4MEZMH5DY190389,Jeep,Grand Cherokee,2013
3889,2500,4T1DCED35H8450701,Toyota,Camry,2017
3890,2501,1N45H1S05CP834249,Nissan,Maxima,2012
3891,2502,1GTLT7EL9J0396267,GMC,Yukon,2018
3892,2502,1GCL0C9H5N2273180,Chevrolet,Cruze,2022
3893,2503,5TDH5JND1K2862245,Toyota,Tundra,2019
3894,2504,1HGW9X060K5616897,Honda,Accord,2019
3895,2505,5XY9A1ZK6FN758874,Kia,Optima,2015
3896,2506,2T1J0NNH2EL996916,Toyota,Sienna,2014
3897,2506,2T1MD0TG1A0998358,Toyota,RAV4,2010
3898,2507,1GKU08T75DF670000,GMC,Terrain,2013
3899,2508,5TDH5P7PXPL235555,Toyota,Camry,2023
3900,2508,3N12JMBL0NA521393,Nissan,Rogue,2022
3901,2509,KMH6315V9PG790911,Hyundai,Elantra,2023
3902,2510,1J4JREDNX9N203999,Jeep,Grand Cherokee,2009
3903,2511,KMH5MJNL1NW003511,Hyundai,Sonata,2022
3904,2512,JTD1KE393MS537395,Toyota,Tacoma,2021
3905,2512,1C6DWJ9T0KL691168,Ram,1500,2019
3906,2512,1FAJPTPP1NU536028,Ford,F-150,2022
3907,2512,1FTVNJ552LG805850,Ford,Escape,2020
3908,2513,2GN3Z950XG9232418,Chevrolet,Malibu,2016
3909,2513,WVGLSYM44GC916039,Volkswagen,Tiguan,2016
3910,2514,JTHPDUSD9G3628902,Lexus,ES 350,2016
3911,2515,KMH0XK0C3LZ476806,Hyundai,Elantra,2020
3912,2516,JTJN1LNU0LD210298,Lexus,ES 350,2020
3913,2517,1FM86DNR8EX516405,Ford,F-150,2014
3914,2518,1FTRNCDD0FR080425,Ford,Explorer,2015
3915,2519,2C3PB3F59DT843291,Chrysler,300,2013
3916,2520,5TFRH6996AT119689,Toyota,Camry,2010
3917,2521,5NPJD5S798Z431901,Hyundai,Sonata,2008
3918,2522,5N12C8EE0FF467715,Nissan,Frontier,2015
3919,2523,1G4XAVFW2FB682232,Buick,Enclave,2015
3920,2523,4T1D8MRE6MM625139,Toyota,Camry,2021
3921,2523,1G1C25LS6DS613695,Chevrolet,Impala,2013
3922,2524,4T1ZFD823HK084927,Toyota,RAV4,2017
3923,2524,KMHUX6ZUXK5171829,Hyundai,Elantra,2019
3924,2525,1FT748C32J9461864,Ford,F-150,2018
3925,2526,3N1DNC7Z2LT211798,Nissan,Rogue,2020
3926,2527,1G1DVDTW5MV807075,Chevrolet,Silverado 1500,2021
3927,2528,WBAZ77W53FU883914,BMW,X3,2015
3928,2529,3VWA91TX7J7164848,Volkswagen,Passat,2018
3929,2530,5XYB9EY14MN229687,Kia,Forte,2021
3930,2531,1FM0AMZR4PG426502,Ford,F-150,2023
3931,2531,3FAJA1TF4K2219231,Ford,Explorer,2019
3932,2531,1GNC8S4A8M7717402,Chevrolet,Equinox,2021
3933,2531,1FMAGNEG8N6464119,Ford,Escape,2022
3934,2531,1C68WXHZ4P2514243,Ram,2500,2023
3935,2532,1J44K88N37F008931,Jeep,Grand Cherokee,2007
3936,2533,5J6NRD2J95F643311,Honda,Accord,2005
3937,2534,JF13HF8B2L2108018,Subaru,Crosstrek,2020
3938,2535,1FTCS27X4GP042482,Ford,Explorer,2016
3939,2536,1FATHPB97H3383753,Ford,F-150,2017
3940,2537,5N15D4ZA4N7395582,Nissan,Rogue,2022
3941,2538,5TDY1DKF0FE686201,Toyota,Tundra,2015
3942,2538,3N1A2WCH176635116,Nissan,Altima,2007
3943,2539,JTD7G1334N4188012,Toyota,Camry,2022
3944,2540,1G1SZ4UA07G319692,Chevrolet,Silverado 1500,2007
3945,2541,2GN339XM3P0851089,Chevrolet,Traverse,2023
3946,2541,3FA4WM965MG250050,Ford,F-150,2021
3947,2541,2GNX1KVF0LM577498,Chevrolet,Silverado 1500,2020
3948,2541,1GNBXX5S2F1971857,Chevrolet,Tahoe,2015
3949,2541,4T1RMADE0KX064472,Toyota,RAV4,2019
3950,2541,5TF5J6UG8MT395336,Toyota,Tacoma,2021
3951,2542,3FAHSCK70GP733881,Ford,Mustang,2016
3952,2543,2C36ARDR2JL178527,Dodge,Charger,2018
3953,2543,5UXY32N05H0842017,BMW,X3,2017
3954,2544,55SLH7Y65EM069328,Mercedes-Benz,C-Class,2014
3955,2545,3FAPD5GX6NV834796,Ford,Escape,2022
3956,2545,JTDA27YH7FL418502,Toyota,Highlander,2015
3957,2545,3FAYJ1LH5KV599436,Ford,Expedition,2019
3958,2545,3N1AD31T1PL661555,Nissan,Pathfinder,2023
3959,2545,3C66TXHY8K2209333,Ram,1500,2019
3960,2546,5FNYYEPZ67H799532,Honda,Odyssey,2007
3961,2546,1GCBSE35291152232,Chevrolet,Tahoe,2009
3962,2547,1G1YMLA30H9966253,Chevrolet,Impala,2017
3963,2547,1FTYMPKT6H4760488,Ford,Expedition,2017
3964,2548,1N6R0RJ1955466665,Nissan,Frontier,2005
3965,2549,1C6MNNSE6C8498470,Ram,1500,2012
3966,2550,KNA4SVJC6HD931265,Kia,Sportage,2017
3967,2551,WVW8JK4M8H2087333,Volkswagen,Jetta,2017
3968,2552,1C3A1DMY2M4230716,Chrysler,Pacifica,2021
3969,2553,JTDHF9XK8HZ094536,Toyota,Tacoma,2017
3970,2553,4JGEJ9XR1EV197004,Mercedes-Benz,E-Class,2014
3971,2554,1G12XVH96KS221641,Chevrolet,Equinox,2019
3972,2554,1GT84LPUXMF918021,GMC,Yukon,2021
3973,2554,1GKNYCR88MG102155,GMC,Sierra 1500,2021
3974,2555,1GNYGSYY95R155130,Chevrolet,Malibu,2005
3975,2555,5NP4PPAZ8AR762087,Hyundai,Sonata,2010
3976,2556,1G1MJ41R0LH718441,Chevrolet,Equinox,2020
3977,2557,WA15GN5A7FB960181,Audi,A4,2015
3978,2558,JTDR5BFZ8GG278432,Toyota,RAV4,2016
3979,2559,5N1A9M7J1PX088621,Nissan,Rogue,2023
3980,2560,1FTJDRYV6G7800099,Ford,F-150,2016
3981,2561,1C3NWNXL7K8618880,Dodge,Durango,2019
3982,2562,2C4XHAR65KD291783,Dodge,Charger,2019
3983,2563,5TDK2MD63FB635194,Toyota,Camry,2015
3984,2564,1G4AE2678H3890422,Buick,Encore,2017
3985,2565,5N1ZB2V67KL959662,Nissan,Altima,2019
3986,2566,1GNP16GN4CG762010,Chevrolet,Silverado 1500,2012
3987,2566,5TFUE7ZZ2LD779976,Toyota,Tacoma,2020
3988,2567,5FNVY09Z3G7466665,Honda,CR-V,2016
3989,2568,1C3DH5D82KE957246,Dodge,Charger,2019
3990,2569,1HGFHP8KXD6969715,Honda,CR-V,2013
3991,2569,1J480T251JB131628,Jeep,Wrangler,2018
3992,2570,JTJB341L8NU768838,Lexus,RX 350,2022
3993,2571,JTDMF2HA8BF100985,Toyota,Tundra,2011
3994,2572,3FAPB9G71DG012083,Ford,Escape,2013
3995,2573,JF1NVWZG4DB705863,Subaru,Forester,2013
3996,2574,5FNL8DMK9PY167488,Honda,CR-V,2023
3997,2575,1FAB4U9M0KL410976,Ford,Fusion,2019
3998,2576,1GC76CDY8R4448829,Chevrolet,Equinox,2024
3999,2577,1GKM8LL76J9051055,GMC,Acadia,2018
4000,2578,1FMUAVS14DT158176,Ford,Explorer,2013
4001,2579,5FNB6LZ7652191201,Honda,Pilot,2005
4002,2580,JM1D5AXX9DU810396,Mazda,Mazda3,2013
4003,2581,WA1G65U00LK686130,Audi,A6,2020
4004,2582,5NM8H8SH37E202257,Hyundai,Elantra,2007
4005,2583,5TD787Z07N8654384,Toyota,Camry,2022
4006,2584,1GTBZGYM9G9846650,GMC,Yukon,2016
4007,2585,55S9WLRX5LA689272,Mercedes-Benz,GLE,2020
4008,2585,JTDTU35J7FP573370,Toyota,Camry,2015
4009,2586,2T2Z4HXZ99J604817,Lexus,RX 350,2009
4010,2587,1C3TCC0Z5MV172798,Dodge,Charger,2021
4011,2588,KMHD5JCN3H2604024,Hyundai,Elantra,2017
4012,2589,1C41C78L4JB129092,Jeep,Grand Cherokee,2018
4013,2590,2HGL8D6U4HW269291,Honda,CR-V,2017
4014,2591,1FMW3ZEG95S690508,Ford,F-150,2005
4015,2592,WAUDG9N64HH488524,Audi,Q7,2017
4016,2593,2GNV1S2B5LD696611,Chevrolet,Equinox,2020
4017,2593,JTDWJGWY5DA965529,Toyota,Tundra,2013
4018,2593,2GN48C20XNG611257,Chevrolet,Silverado 1500,2022
4019,2593,2T1MWN838K1355661,Toyota,Tacoma,2019
4020,2593,1FAHJP5W6N1493759,Ford,F-150,2022
4021,2593,1N4MJ5B44N2177986,Nissan,Rogue,2022
4022,2593,1FAWNZAF5KJ009573,Ford,F-150,2019
4023,2594,5FN9PKZY8KV854616,Honda,CR-V,2019
4024,2595,1N4HCWP69BY911039,Nissan,Altima,2011
4025,2596,1C4UST0AXRY338896,Jeep,Grand Cherokee,2024
4026,2597,5NPMT1432LX803876,Hyundai,Santa Fe,2020
4027,2598,5FN32C9D5CN899506,Honda,Pilot,2012
4028,2599,2HGTD7HP6RD769678,Honda,Civic,2024
4029,2600,5TDKREJR3LJ981750,Toyota,RAV4,2020
4030,2601,1HGG18XUXMH753269,Honda,CR-V,2021
4031,2602,3C6Z76H52KC323002,Ram,1500,2019
4032,2602,1GTGJ3JT2SZ557609,GMC,Sierra 1500,2025
4033,2602,5TFAS32C6NP119970,Toyota,Highlander,2022
4034,2602,1G1GB4KW1RP113499,Chevrolet,Traverse,2024
4035,2602,1GKGYX8Y0L9017055,GMC,Yukon,2020
4036,2603,1FMDTEZK7RS479103,Ford,Expedition,2024
4037,2604,2T20PHFXXDD336495,Lexus,ES 350,2013
4038,2605,1C4PFKFL9LU862866,Jeep,Wrangler,2020
4039,2605,1HG7R5S07KH607811,Honda,CR-V,2019
4040,2605,4T1CW2K29GU898263,Toyota,Camry,2016
4041,2606,5J6PLKLFXDF694887,Honda,CR-V,2013
4042,2606,5J65U8117LZ019610,Honda,Civic,2020
4043,2607,1GKU79DA755766293,GMC,Terrain,2005
4044,2607,KMHT9WRMXJH492174,Hyundai,Tucson,2018
4045,2607,2HGCBTR04S6285650,Honda,Civic,2025
4046,2608,1FAAB3VVXRB001913,Ford,Fusion,2024
4047,2609,JTHC52PN8HA753162,Lexus,ES 350,2017
4048,2610,5TF9XXJN8R2895681,Toyota,Tacoma,2024
4049,2611,1GN6Y6PZ7KD161720,Chevrolet,Traverse,2019
4050,2612,3FAA1B8T7K8950785,Ford,Escape,2019
4051,2613,1FMMETU42NJ937086,Ford,Focus,2022
4052,2614,JM3FP27H65S678767,Mazda,Mazda3,2005
4053,2615,3FAXWN6L1DD769823,Ford,Focus,2013
4054,2615,5N1PDNT18L9852564,Nissan,Rogue,2020
4055,2616,5NM97JRG8GH416820,Hyundai,Elantra,2016
4056,2616,1C4SVBXM9C8399270,Jeep,Wrangler,2012
4057,2616,1J4HW1290E8790390,Jeep,Grand Cherokee,2014
4058,2617,1FAVWHZF8C8806870,Ford,Escape,2012
4059,2618,1GCM0ETD0GS124541,Chevrolet,Tahoe,2016
4060,2619,1C6JWHWW9M8681674,Ram,1500,2021
4061,2619,2GNN9NPS0P1711588,Chevrolet,Silverado 1500,2023
4062,2619,5N1HW5JV1RM417413,Nissan,Rogue,2024
4063,2619,5TDXJ1GE1K7658125,Toyota,Tundra,2019
4064,2619,2GNNK8C97KY001385,Chevrolet,Tahoe,2019
4065,2619,3C6WKD186RA328977,Ram,1500,2024
4066,2619,1GK5NVWKXNA619532,GMC,Sierra 1500,2022
4067,2619,1FM073XA5PC221428,Ford,Explorer,2023
4068,2620,1HGNRW1C2E0697073,Honda,Accord,2014
4069,2621,1GNJSBWC9HY112845,Chevrolet,Equinox,2017
4070,2622,1C3BUK887BY651993,Chrysler,300,2011
4071,2623,3FA5BNKK97C116182,Ford,F-150,2007
4072,2624,2HGLJRRJ0BX671362,Honda,CR-V,2011
4073,2625,1N644YHD4MK250876,Nissan,Sentra,2021
4074,2626,KNAXDD5K6LD862251,Kia,Optima,2020
4075,2627,KNDF4JHV0NV799969,Kia,Optima,2022
4076,2628,1C6ZVZVEXL2824198,Ram,2500,2020
4077,2628,1C6CEVAB2N2896283,Ram,1500,2022
4078,2628,1GTYGFRJ5NW498343,GMC,Acadia,2022
4079,2628,JTD18R9V6MK109234,Toyota,Highlander,2021
4080,2628,2GNU6E1Y4P7565954,Chevrolet,Silverado 1500,2023
4081,2629,2T2RCGVW8ML665983,Lexus,RX 350,2021
4082,2630,1GN72VSF2JK604153,Chevrolet,Silverado 1500,2018
4083,2631,1FA9X8BB9B8440907,Ford,Explorer,2011
4084,2632,1FAFC2GK2GS178825,Ford,Focus,2016
4085,2633,5FNY19M31ND801087,Honda,CR-V,2022
4086,2634,2HG0C5TK3G1378668,Honda,Accord,2016
4087,2635,4S3M3EPR7A9262010,Subaru,Impreza,2010
4088,2636,3FA3Z9492PS596219,Ford,Explorer,2023
4089,2637,2HGKCNBN9H7147194,Honda,Civic,2017
4090,2638,55SFAC1U8FM797133,Mercedes-Benz,C-Class,2015
4091,2639,3N1VRHDN3JU978185,Nissan,Pathfinder,2018
4092,2639,1FTSTN2J098203095,Ford,Expedition,2009
4093,2639,2GNTJRS33NL800806,Chevrolet,Tahoe,2022
4094,2639,5N19F9TUXLB845063,Nissan,Rogue,2020
4095,2639,3FAVWZAF9MW788446,Ford,Explorer,2021
4096,2639,JTDV9K4S4R8608492,Toyota,Tacoma,2024
4097,2639,1FAZJRXU7N9223243,Ford,Explorer,2022
4098,2639,3FADXGU52RE321608,Ford,F-150,2024
4099,2640,2T1NTSES1HE193204,Toyota,Tacoma,2017
4100,2641,4S4HLWH75FH568278,Subaru,Forester,2015
4101,2642,1FAN77D64KM042648,Ford,Focus,2019
4102,2643,4T1XGKVM9G4015855,Toyota,Corolla,2016
4103,2644,1GCNA3BH4GM719052,Chevrolet,Tahoe,2016
4104,2645,3FAMN6980L1280610,Ford,Escape,2020
4105,2645,3C66MVD15HA062591,Ram,1500,2017
4106,2645,1FA06MJ78LU574530,Ford,Escape,2020
4107,2646,1HGLB3GL38T195046,Honda,Accord,2008
4108,2647,1N6ZX2SJ7MN416119,Nissan,Rogue,2021
4109,2648,5TFUYJ983P8135526,Toyota,Tundra,2023
4110,2648,3FAW5BVR6LW738945,Ford,F-150,2020
4111,2648,1FTY3YB41NC502804,Ford,Explorer,2022
4112,2648,1FMGPAK99HD620404,Ford,Escape,2017
4113,2648,5TDACX8S2PK973110,Toyota,RAV4,2023
4114,2648,2GNN9GEY5PC441457,Chevrolet,Equinox,2023
4115,2648,5TDNNE4X0MM862346,Toyota,Tacoma,2021
4116,2649,1FTDCFJD9KN800568,Ford,F-150,2019
4117,2649,3FACRRGW2LM346365,Ford,F-150,2020
4118,2649,1FT7NN2D1LK481007,Ford,F-150,2020
4119,2649,1C6YWKN0XK3588763,Ram,2500,2019
4120,2649,4T1E8BMW3KZ160229,Toyota,Tacoma,2019
4121,2650,2GNXYEXA3RY270164,Chevrolet,Silverado 1500,2024
4122,2650,1GNLAFHB9ES774897,Chevrolet,Malibu,2014
4123,2651,KNAGRA6V7HW152716,Kia,Optima,2017
4124,2652,2HG3ABLG8KD950757,Honda,Civic,2019
4125,2652,1N4KHKH95JF044578,Nissan,Altima,2018
4126,2653,3N1M64USXMP493581,Nissan,Rogue,2021
4127,2654,1GTVXB0T490252970,GMC,Terrain,2009
4128,2655,3N18N1AK7EN663304,Nissan,Rogue,2014
4129,2656,5TDHGZXA5P8029502,Toyota,Camry,2023
4130,2657,5FN6CRYH9MB021985,Honda,Odyssey,2021
4131,2658,WAUXV8CU0F9467160,Audi,Q7,2015
4132,2658,WVW6PTGN2A4357747,Volkswagen,Jetta,2010
4133,2659,KMH6V9GW1GW826367,Hyundai,Elantra,2016
4134,2660,2GNSRDX51F5468470,Chevrolet,Equinox,2015
4135,2661,1GC4304E2LA155341,Chevrolet,Silverado 1500,2020
4136,2662,JF1N39YD1P2530913,Subaru,Crosstrek,2023
4137,2663,1GT68FX3XM5918188,GMC,Yukon,2021
4138,2663,1GKK28222F2304576,GMC,Acadia,2015
4139,2664,1FTNTC427D7836618,Ford,Escape,2013
4140,2664,WBA8MCH31MJ705085,BMW,5 Series,2021
4141,2665,3N1ZPSS28K4211639,Nissan,Sentra,2019
4142,2665,1GCDAVWN6CL391687,Chevrolet,Tahoe,2012
4143,2665,1GCXMD3R1MZ925621,Chevrolet,Silverado 1500,2021
4144,2666,5N1TZ6YG85F618013,Nissan,Frontier,2005
4145,2667,5XY8V4CG4C9149826,Kia,Forte,2012
4146,2668,1C63ZR5B8PS808832,Ram,1500,2023
4147,2668,3FAG00NB8MD658781,Ford,F-150,2021
4148,2668,2GNLJKN79PM385509,Chevrolet,Silverado 1500,2023
4149,2668,1GKBT9411KT820021,GMC,Sierra 1500,2019
4150,2668,5N1H773V2PD296734,Nissan,Rogue,2023
4151,2668,1FM65DC42PC950718,Ford,F-150,2023
4152,2668,1C6742YV7NU463923,Ram,1500,2022
4153,2669,5NPCR72S7FB384710,Hyundai,Santa Fe,2015
4154,2669,4T1SRUST6MG956363,Toyota,Camry,2021
4155,2670,3FAC0CM44KG077437,Ford,Escape,2019
4156,2671,1FT2U6H02HM494321,Ford,F-150,2017
4157,2672,1FMGJEAC5LS870314,Ford,Mustang,2020
4158,2673,JTD4FCB02EA983103,Toyota,Tacoma,2014
4159,2674,1FT538CC4G8391180,Ford,F-150,2016
4160,2674,1G13GNM33P7719490,Chevrolet,Tahoe,2023
4161,2674,1FTR2CVDXSA207259,Ford,Explorer,2025
4162,2674,1GK3JLBB6G8113395,GMC,Sierra 1500,2016
4163,2674,1GC2DNGH3MK058281,Chevrolet,Tahoe,2021
4164,2674,2T15YG135K1184758,Toyota,RAV4,2019
4165,2674,1FMRW1PPXKH052361,Ford,Escape,2019
4166,2674,2GNDDVV72PF809680,Chevrolet,Tahoe,2023
4167,2675,5NMEE3F64FK638655,Hyundai,Santa Fe,2015
4168,2676,1G1VFY2A3DR846982,Chevrolet,Traverse,2013
4169,2676,1GC2K97M6BU700097,Chevrolet,Traverse,2011
4170,2677,1C3JAVZ79HC173805,Dodge,Grand Caravan,2017
4171,2677,1GCPLHCJ1A6718843,Chevrolet,Equinox,2010
4172,2678,1C4Y0N8F7G2058906,Jeep,Cherokee,2016
4173,2679,1FAW4N1J6H2812931,Ford,Escape,2017
4174,2679,JTDHCPX27NL305642,Toyota,RAV4,2022
4175,2679,5N1LPDG03MY655293,Nissan,Rogue,2021
4176,2680,4JGTV9H66MY779001,Mercedes-Benz,C-Class,2021
4177,2681,5NPDC0UZXN4295837,Hyundai,Sonata,2022
4178,2682,1C3W731T7GD655778,Chrysler,300,2016
4179,2683,WBAXU5417C0288958,BMW,X3,2012
4180,2683,5TFW852D3RF528125,Toyota,Sienna,2024
4181,2683,5TFU26DH2LC803913,Toyota,Corolla,2020
4182,2684,1GN5A3H319T216235,Chevrolet,Silverado 1500,2009
4183,2685,1FTGX6PC8GC185188,Ford,Explorer,2016
4184,2685,5TDLDTCL3HW493215,Toyota,Tacoma,2017
4185,2686,2C4REWMR0KM866520,Dodge,Charger,2019
4186,2687,3FAPSW7F4JT759296,Ford,F-150,2018
4187,2688,JM3V1S6Y5JR323458,Mazda,Mazda3,2018
4188,2689,1FML0SRY9HF046994,Ford,F-150,2017
4189,2689,5J6DJCLF4KC185584,Honda,Accord,2019
4190,2689,5TFPY7KZXJD720203,Toyota,Highlander,2018
4191,2690,5N1UY69C1FY370504,Nissan,Pathfinder,2015
4192,2690,JM1YDZLS9AC992227,Mazda,CX-5,2010
4193,2691,4S4DJM6M0AF673333,Subaru,Forester,2010
4194,2692,1GN6LP0SXF8664111,Chevrolet,Cruze,2015
4195,2693,JTDA01YM5SA202511,Toyota,Sienna,2025
4196,2693,1FAN75V40PT408443,Ford,F-150,2023
4197,2693,1GTNPCFMXJB508544,GMC,Terrain,2018
4198,2694,1G162TSH5JH390677,Chevrolet,Tahoe,2018
4199,2695,1J45DLH97ER532146,Jeep,Grand Cherokee,2014
4200,2696,3C6USYYS7MS475943,Ram,2500,2021
4201,2696,3FABJDF65KS362013,Ford,Explorer,2019
4202,2696,1GKAHXB74HZ213335,GMC,Sierra 1500,2017
4203,2696,3C68KL5E2NL176939,Ram,1500,2022
4204,2696,1FTYL8YA1JV403427,Ford,Escape,2018
4205,2696,3FAR5TLB2FL976645,Ford,F-150,2015
4206,2697,1N6LRGJA556756041,Nissan,Altima,2005
4207,2698,1G1KAZ1G0LR760329,Chevrolet,Silverado 1500,2020
4208,2698,3C6WN3E45PG854441,Ram,2500,2023
4209,2699,1HGVS1BU2LH272403,Honda,Civic,2020
4210,2700,2T17EYMD3S3753798,Toyota,Camry,2025
4211,2701,KMHUD5338GU827624,Hyundai,Elantra,2016
4212,2702,5FNWT3LA6JB558655,Honda,Civic,2018
4213,2703,3MZWP9Y08M4170217,Mazda,Mazda6,2021
4214,2704,1J4BG5MD9LF244966,Jeep,Grand Cherokee,2020
4215,2705,KNAL0K6N7BD976667,Kia,Forte,2011
4216,2706,1FMCVKHH8HR246718,Ford,Focus,2017
4217,2707,5NP2V3ZG7GX604983,Hyundai,Sonata,2016
4218,2708,2HG5AUKP6G8282513,Honda,Civic,2016
4219,2708,2GNW17BF5ME837161,Chevrolet,Silverado 1500,2021
4220,2709,3FA87P3C0NE490165,Ford,F-150,2022
4221,2710,JTD2DFVZ6KX347155,Toyota,Camry,2019
4222,2710,3VWNWM930D8792944,Volkswagen,Passat,2013
4223,2711,1GT215E62KW417670,GMC,Terrain,2019
4224,2712,3FAZNAJG2LR394699,Ford,Fusion,2020
4225,2713,2GNR6ZKT160180651,Chevrolet,Tahoe,2006
4226,2714,WDCHCM460P3140441,Mercedes-Benz,GLE,2023
4227,2714,1C66GXY35CY826496,Ram,1500,2012
4228,2715,5FNKTSNC7F6435289,Honda,Civic,2015
4229,2716,KNDKTTKW1N6330771,Kia,Optima,2022
4230,2717,3C6PZEMP6J9027737,Ram,1500,2018
4231,2717,1FA3S9N0467002179,Ford,F-150,2006
4232,2718,4T1TVHPA6SV847442,Toyota,Tacoma,2025
4233,2718,JM3WMAMM9MW584913,Mazda,Mazda6,2021
4234,2719,WVW576D2XKE826022,Volkswagen,Passat,2019
4235,2720,1N62UDYNXM0849267,Nissan,Maxima,2021
4236,2721,2GN0AZHL1LD440100,Chevrolet,Silverado 1500,2020
4237,2721,1G1L9V1F1N5954424,Chevrolet,Equinox,2022
4238,2722,3N12EHH10BJ486920,Nissan,Maxima,2011
4239,2723,1C3JXUF92D4688373,Chrysler,Pacifica,2013
4240,2724,1N403DSF9HS002223,Nissan,Rogue,2017
4241,2725,3FAFZXXE0EG437953,Ford,F-150,2014
4242,2726,5TDD74XT7JE398437,Toyota,RAV4,2018
4243,2727,2T1369S83K8048154,Toyota,Sienna,2019
4244,2727,1C4T503515Z016734,Jeep,Compass,2005
4245,2728,WAUVG3HD0H1777940,Audi,Q5,2017
4246,2729,5J6XEB481FB933859,Honda,CR-V,2015
4247,2730,2T2D4NU70PP423868,Lexus,ES 350,2023
4248,2731,2C31BAP54J4164222,Chrysler,Pacifica,2018
4249,2732,1FT0T9V36P8578367,Ford,F-150,2023
4250,2733,1FTLNCV67HX481636,Ford,Explorer,2017
4251,2734,2C4WJEYU0L9300241,Dodge,Durango,2020
4252,2735,WVWK83HH2G1253192,Volkswagen,Passat,2016
4253,2736,1HG8N4WT0HT755402,Honda,Civic,2017
4254,2736,1FTDRBR37DK668286,Ford,Mustang,2013
4255,2737,1FM2FN16XEN207599,Ford,Escape,2014
4256,2738,2HG3KZGBX6G220289,Honda,CR-V,2006
4257,2739,1C66J40H0PE721105,Ram,1500,2023
4258,2740,1G1ZNWGL660756087,Chevrolet,Equinox,2006
4259,2741,WVWEY92W6LV024721,Volkswagen,Jetta,2020
4260,2742,5TF0GT8H5J7983855,Toyota,Prius,2018
4261,2742,5NMS95PU6H7853900,Hyundai,Tucson,2017
4262,2743,1FMGKNM00DY738705,Ford,Mustang,2013
4263,2744,3FAUMZZ72SJ929365,Ford,F-150,2025
4264,2744,1FAW9EBL3GP898301,Ford,Fusion,2016
4265,2745,KMH6LT7Z0JD174566,Hyundai,Elantra,2018
4266,2746,2T11X6JC9CZ510933,Toyota,Tundra,2012
4267,2746,1J4AU8XB7MZ446348,Jeep,Grand Cherokee,2021
4268,2747,5TDZ29117DS265420,Toyota,Corolla,2013
4269,2748,JTDB40ZL1LF300819,Toyota,Camry,2020
4270,2749,WA1DK4KS4GY192059,Audi,A4,2016
4271,2750,4S3GYWRW4KG332566,Subaru,Outback,2019
4272,2751,3FAZTVTH4PA332325,Ford,Explorer,2023
4273,2751,5TD59SNA1D6445786,Toyota,RAV4,2013
4274,2751,3C6ML84M48K380931,Ram,1500,2008
4275,2751,5TF71WJL1N1391216,Toyota,Highlander,2022
4276,2751,1GKYLJK21P8849374,GMC,Sierra 1500,2023
4277,2751,4T1JZ0G05HC749933,Toyota,Tacoma,2017
4278,2751,1FT8HRKR9PS543032,Ford,Explorer,2023
4279,2751,1FANSP6X5M5981356,Ford,F-150,2021
4280,2752,1FMDKE9535Z392572,Ford,F-150,2005
4281,2753,1G154WVR3BZ895074,Chevrolet,Silverado 1500,2011
4282,2753,1FMMDGWX09X117268,Ford,Escape,2009
4283,2753,2T2PYPSW3KZ760295,Lexus,GX 460,2019
4284,2754,JF1FJDY90EP875987,Subaru,Forester,2014
4285,2755,1FT5M2YG7J2719305,Ford,Fusion,2018
4286,2756,1N62ED87XL4449571,Nissan,Rogue,2020
4287,2757,4T1UBSJP1NH875739,Toyota,Tundra,2022
4288,2757,1FMHGV0W9KD306800,Ford,Explorer,2019
4289,2757,1FMJ436J7R4738824,Ford,Explorer,2024
4290,2757,1GKXZE983MN223480,GMC,Sierra 1500,2021
4291,2757,3C6113S47NM906189,Ram,1500,2022
4292,2757,2T1YYJ4S7K4215262,Toyota,Tacoma,2019
4293,2757,1FA5EJFR3NC836738,Ford,Escape,2022
4294,2757,2T1RZS1FXFT765016,Toyota,Tundra,2015
4295,2758,1GCWRVFS9P4450917,Chevrolet,Equinox,2023
4296,2759,1FM628R36MW406909,Ford,Escape,2021
4297,2760,2GND2EPP1H8818332,Chevrolet,Equinox,2017
4298,2761,3MZ89WC97MZ410030,Mazda,CX-5,2021
4299,2761,1FTL3ZJA0FP584770,Ford,Focus,2015
4300,2762,1FTT2MWV2EJ557556,Ford,F-150,2014
4301,2763,5NMP7CNU8PX624491,Hyundai,Santa Fe,2023
4302,2763,3C69MHHB5JA644892,Ram,1500,2018
4303,2764,1FABBKH39H6342803,Ford,F-150,2017
4304,2764,55SJWY387H3481384,Mercedes-Benz,GLC,2017
4305,2765,KNA196NV7MS059166,Kia,Soul,2021
4306,2766,2T1ZNW62XHY132031,Toyota,Camry,2017
4307,2767,5NP90AYM152306612,Hyundai,Sonata,2005
4308,2768,1G46VS7B0E9593159,Buick,Encore,2014
4309,2769,2C46JG1F5G7363134,Dodge,Charger,2016
4310,2770,1GC71D079E8106939,Chevrolet,Equinox,2014
4311,2771,2T1T6YZG7MC696359,Toyota,Tacoma,2021
4312,2772,KL4TE2LL6GE930508,Buick,Enclave,2016
4313,2772,2HGJJLS84H4571996,Honda,Accord,2017
4314,2773,5TF8NHND2J1202560,Toyota,Tacoma,2018
4315,2773,1G1CXJJ94PP962064,Chevrolet,Silverado 1500,2023
4316,2773,1FTW00KTXN7416389,Ford,Explorer,2022
4317,2773,1GTYXAWS7NN615085,GMC,Sierra 1500,2022
4318,2773,5N17MXV04M6329125,Nissan,Rogue,2021
4319,2774,3N1YB0HT1DM964205,Nissan,Altima,2013
4320,2775,2T1EZBP33K8718533,Toyota,Highlander,2019
4321,2776,KNASYPFX0BB809615,Kia,Forte,2011
4322,2776,JM16WMST3LE146536,Mazda,CX-5,2020
4323,2776,1G1DU4E24J1836213,Chevrolet,Malibu,2018
4324,2777,1G1J3UT0XF0322984,Chevrolet,Equinox,2015
4325,2777,WDDLS1MF6LT527478,Mercedes-Benz,GLC,2020
4326,2778,3N1HMSX60G4121778,Nissan,Rogue,2016
4327,2779,4T1ZT9KA1HY076070,Toyota,Corolla,2017
4328,2780,1VW206B35KL956009,Volkswagen,Atlas,2019
4329,2780,JTD4LP2G3P9782229,Toyota,Corolla,2023
4330,2781,3MZHC7912E2269273,Mazda,Mazda3,2014
4331,2782,3FA3YE41X6C206742,Ford,Escape,2006
4332,2782,1C3FBJS04EE408085,Dodge,Durango,2014
4333,2783,1G1RFJT62DN408917,Chevrolet,Silverado 1500,2013
4334,2784,5FNX2HGU2HC896874,Honda,Civic,2017
4335,2784,WBA5CNSB6MH454184,BMW,5 Series,2021
4336,2785,1GNSYWPW4M3537643,Chevrolet,Malibu,2021
4337,2786,2GNDZF7A46W794923,Chevrolet,Traverse,2006
4338,2786,JM3ULCPA4CT208403,Mazda,CX-9,2012
4339,2787,3FA8WD8S0GW110739,Ford,Mustang,2016
4340,2788,1HGX02DH7H4891873,Honda,Pilot,2017
4341,2789,1FAR0S839J2182438,Ford,Explorer,2018
4342,2790,1VWF1CRZXE5710783,Volkswagen,Jetta,2014
4343,2791,1FTVTZ7M3KZ718275,Ford,Explorer,2019
4344,2791,1FMDW5E75M8782850,Ford,Escape,2021
4345,2791,1GKDV7BU9RD078458,GMC,Sierra 1500,2024
4346,2791,1FA4FLTP6K0718817,Ford,F-150,2019
4347,2791,5N1BUG2T9MN654805,Nissan,Rogue,2021
4348,2791,1GK5HYEA5LL303569,GMC,Acadia,2020
4349,2792,1FMT6D825H5905740,Ford,Escape,2017
4350,2792,5NM5M5HY9HA060462,Hyundai,Elantra,2017
4351,2793,WDD32BXP8HD179940,Mercedes-Benz,C-Class,2017
4352,2794,2C3E2BJK7G0582568,Chrysler,300,2016
4353,2795,1GCRXG789FY127962,Chevrolet,Silverado 1500,2015
4354,2796,5GAWAH0Y0FL009625,Buick,Encore,2015
4355,2797,1FTP4SCY4G7866427,Ford,Fusion,2016
4356,2797,5UXHVFNS5G6178316,BMW,X3,2016
4357,2798,KNATBX0R3HU011560,Kia,Sorento,2017
4358,2799,1FMTXP9U0JT368436,Ford,F-150,2018
4359,2800,5TDCBVH77CB219383,Toyota,Tacoma,2012
4360,2801,2C3U21SG6L4653357,Chrysler,Pacifica,2020
4361,2801,1N4PB6P47CK697671,Nissan,Rogue,2012
4362,2802,5TF5R4HG7K8817832,Toyota,Tundra,2019
4363,2802,3C6T6SMR0NJ084155,Ram,2500,2022
4364,2802,1FTYXLE98MD959813,Ford,Explorer,2021
4365,2802,1N6C5RTW2E9383796,Nissan,Frontier,2014
4366,2802,1N6WASTVXMG484604,Nissan,Pathfinder,2021
4367,2802,1GCPEUCK7LB074934,Chevrolet,Silverado 1500,2020
4368,2803,1FT1LG4V6PN664579,Ford,F-150,2023
4369,2804,1FTRJ7Z25M6565183,Ford,Focus,2021
4370,2805,1FTMJ00X1KY381841,Ford,Expedition,2019
4371,2805,1GC9J5LW6M0829355,Chevrolet,Traverse,2021
4372,2805,1GTAW5Z51PX234356,GMC,Sierra 1500,2023
4373,2805,3FA0ADTJ1KJ424299,Ford,F-150,2019
4374,2805,2T1LNA9Z4PW202070,Toyota,RAV4,2023
4375,2805,5TDR7R4H0N8649872,Toyota,RAV4,2022
4376,2806,3FAARPA85HZ880539,Ford,Explorer,2017
4377,2807,5NPKAN3E7MW628880,Hyundai,Elantra,2021
4378,2808,2GNZPU9J4JT216912,Chevrolet,Tahoe,2018
4379,2809,2T1JFVHE1J5371891,Toyota,Tacoma,2018
4380,2810,1FM5GMJX172462093,Ford,Escape,2007
4381,2811,1GNPPU4S9GS256253,Chevrolet,Traverse,2016
4382,2811,1G1TDMCH5JU531109,Chevrolet,Traverse,2018
4383,2812,1G178HYJ0GL257633,Chevrolet,Impala,2016
4384,2812,5UX6KX1A8JB242513,BMW,X3,2018
4385,2813,1GKW99FM1ME434536,GMC,Terrain,2021
4386,2813,4T1STFUD0KF367864,Toyota,RAV4,2019
4387,2813,1G1KJUAC4L5506680,Chevrolet,Equinox,2020
4388,2813,1GKVAVF83LS518792,GMC,Sierra 1500,2020
4389,2813,3C666YGE2KH410467,Ram,1500,2019
4390,2814,3FAUWS8F4M2319913,Ford,Explorer,2021
4391,2814,1GCJG8B1XKL517974,Chevrolet,Silverado 1500,2019
4392,2814,1GK1ALL60EX364487,GMC,Sierra 1500,2014
4393,2814,1GCMLL6N7K3407179,Chevrolet,Silverado 1500,2019
4394,2814,1GTPE5Y65N3124342,GMC,Terrain,2022
4395,2814,1GNB29PD9NG162795,Chevrolet,Silverado 1500,2022
4396,2815,2GNUPSS21FH989414,Chevrolet,Silverado 1500,2015
4397,2816,4T1MR2RY0CJ514212,Toyota,Tacoma,2012
4398,2816,1C6ZRNG27RA904654,Ram,2500,2024
4399,2816,1GC23BC87JU391526,Chevrolet,Tahoe,2018
4400,2817,5TF5VAWY4LR307116,Toyota,RAV4,2020
4401,2817,5J64GYUV7GS196626,Honda,Pilot,2016
4402,2818,2C32VLAFXLE870987,Chrysler,Pacifica,2020
4403,2818,2C45GFW57JN819917,Dodge,Charger,2018
4404,2819,JM1K6DZP77S418066,Mazda,CX-5,2007
4405,2820,1FTLP1DA8F0997708,Ford,Expedition,2015
4406,2821,1GTY5FS2XM3996806,GMC,Acadia,2021
4407,2822,4S46MTFK65R719325,Subaru,Impreza,2005
4408,2822,2GNAB9EM1KS336490,Chevrolet,Malibu,2019
4409,2823,2C3HV9P30MC511400,Chrysler,300,2021
4410,2823,1GC6T2301P9512297,Chevrolet,Silverado 1500,2023
4411,2823,2C3RPK1L7GT069900,Dodge,Charger,2016
4412,2824,1FTNBXLV3LG427861,Ford,Focus,2020
4413,2824,5FN5TLM66LX529717,Honda,Civic,2020
4414,2825,1HGN59Z56KB955985,Honda,Pilot,2019
4415,2825,1G1G5KX67G9630859,Chevrolet,Equinox,2016
4416,2826,5J6DZFCD15E334941,Honda,CR-V,2005
4417,2827,WA1T15FW4C6952644,Audi,A4,2012
4418,2827,5J6D9JVZ8D4699603,Honda,CR-V,2013
4419,2828,2C448MLP0FK755439,Dodge,Durango,2015
4420,2829,1FMBM4XZ5LG422214,Ford,Escape,2020
4421,2830,1C4BE3T43KZ127575,Jeep,Wrangler,2019
4422,2831,2C3JJ8ZU9MS309187,Dodge,Charger,2021
4423,2832,3VWTY6NB4GP254400,Volkswagen,Passat,2016
4424,2833,1C6P7VJ29G2145910,Ram,2500,2016
4425,2834,KNDKTZ9P0L5190121,Kia,Forte,2020
4426,2835,1FMMBPRL1L8771762,Ford,F-150,2020
4427,2836,KNA6SXTL7A5853838,Kia,Forte,2010
4428,2837,5NM13WB55EX237586,Hyundai,Elantra,2014
4429,2838,5TFYN13F3AE736199,Toyota,RAV4,2010
4430,2839,5TDWAV5N4EM945910,Toyota,Camry,2014
4431,2840,1C3L4MBC9EE055934,Dodge,Challenger,2014
4432,2841,2C3YN55R4P3442778,Dodge,Challenger,2023
4433,2842,1GNPBWH32H5824775,Chevrolet,Silverado 1500,2017
4434,2842,1GN7KG7E9KM708060,Chevrolet,Silverado 1500,2019
4435,2842,3C62BYGG5PN505576,Ram,1500,2023
4436,2842,1G1AK0U80L8753010,Chevrolet,Equinox,2020
4437,2843,2HGJR7PF4MK537442,Honda,Accord,2021
4438,2844,1C64JDD53C6026273,Ram,1500,2012
4439,2845,1C49WG6B0LV809660,Jeep,Grand Cherokee,2020
4440,2846,5UXZA5C37NS608423,BMW,X5,2022
4441,2847,4T1VPLB13LJ296571,Toyota,RAV4,2020
4442,2848,5TFPZX8T2EN154506,Toyota,Camry,2014
4443,2848,2T1TLFWM0K2613980,Toyota,Tacoma,2019
4444,2849,1GC49FSF75L005567,Chevrolet,Malibu,2005
4445,2850,1J4PL9LEXGE416436,Jeep,Compass,2016
4446,2851,4S3H5EJ96D9631867,Subaru,Outback,2013
4447,2851,JM374MYH4L3777179,Mazda,Mazda3,2020
4448,2852,1FAC7SJA0L5571318,Ford,Escape,2020
4449,2852,1FA18APB1RC116092,Ford,F-150,2024
4450,2852,3FA5JNWZ8N9803867,Ford,F-150,2022
4451,2852,1G1G7NKC7NW265493,Chevrolet,Silverado 1500,2022
4452,2853,WBAR0D146K1797915,BMW,X5,2019
4453,2853,2HG0V64X1EC855190,Honda,Accord,2014
4454,2854,WBADV0LR4JD454689,BMW,X5,2018
4455,2855,WVG665H31R1274170,Volkswagen,Passat,2024
4456,2856,5NM787VN0D3789242,Hyundai,Tucson,2013
4457,2856,1FT5NMRS3JR813491,Ford,F-150,2018
4458,2857,2C401S530KP742141,Dodge,Durango,2019
4459,2858,2C4RTW5GXN4822774,Dodge,Durango,2022
4460,2859,1C6KTYDL7L9311788,Ram,1500,2020
4461,2860,WAU0SZCG8FW787256,Audi,A4,2015
4462,2861,JM3TE94E9KF022000,Mazda,CX-5,2019
4463,2861,2HGLUVV95N7989008,Honda,Civic,2022
4464,2862,2T13FLFJ1NS350639,Toyota,Highlander,2022
4465,2862,JTJWT7FG1B7938207,Lexus,ES 350,2011
4466,2863,5J6C3X3AXGE108845,Honda,Civic,2016
4467,2863,KMH49AAS1KZ368405,Hyundai,Tucson,2019
4468,2864,5TDKEKF89LJ852759,Toyota,RAV4,2020
4469,2865,5N1B9EMY6E2863419,Nissan,Sentra,2014
4470,2866,2C3HCY46XDS996939,Dodge,Challenger,2013
4471,2866,1FAX63NFXDW393980,Ford,Mustang,2013
4472,2867,JTDL01R0254914109,Toyota,Tacoma,2005
4473,2868,3C6G41092JA650883,Ram,2500,2018
4474,2869,JTJ6TULK0BJ827271,Lexus,RX 350,2011
4475,2869,WBAJV5MY6EF284321,BMW,X3,2014
4476,2869,5XYKPWPA7E9728037,Kia,Forte,2014
4477,2870,5NMS02RL0MD210032,Hyundai,Tucson,2021
4478,2871,1GCNWYT716J694745,Chevrolet,Silverado 1500,2006
4479,2872,1N4EE7KE6N1903933,Nissan,Altima,2022
4480,2873,1GTHJ8VT6KT541234,GMC,Sierra 1500,2019
4481,2874,1C4XC4YW7JM792342,Jeep,Grand Cherokee,2018
4482,2874,KNA7JFU43K5199124,Kia,Optima,2019
4483,2875,2GN0MA3Y6S0005252,Chevrolet,Equinox,2025
4484,2875,2GNX790F6M5138638,Chevrolet,Silverado 1500,2021
4485,2875,1FA3DZ800HU691339,Ford,Escape,2017
4486,2875,JTDYKH2E4MP308385,Toyota,Highlander,2021
4487,2875,2T1FL6JW7HM532641,Toyota,Highlander,2017
4488,2875,5TDT413Y8LS922218,Toyota,Tacoma,2020
4489,2876,3FAV4CFL6HS591281,Ford,F-150,2017
4490,2877,1GNWR0KE9E0246987,Chevrolet,Cruze,2014
4491,2878,1GCJK2B36J3691598,Chevrolet,Tahoe,2018
4492,2879,5NMX1RVR2NT966734,Hyundai,Sonata,2022
4493,2880,3N1P2M648HA454794,Nissan,Pathfinder,2017
4494,2881,1GCURGF12FT346932,Chevrolet,Traverse,2015
4495,2882,1N465ZUV6LP806738,Nissan,Altima,2020
4496,2882,1GC6FVLL6H1907949,Chevrolet,Tahoe,2017
4497,2882,2C4XML1M5E6725551,Dodge,Charger,2014
4498,2883,WDC2NU1R4JN323576,Mercedes-Benz,C-Class,2018
4499,2884,1HGVL3YD7G6294382,Honda,CR-V,2016
4500,2885,WA10D4RV07N476993,Audi,Q7,2007
4501,2886,5TDWBM5W45E360240,Toyota,Tacoma,2005
4502,2886,1J4F7RDF7E8443404,Jeep,Wrangler,2014
4503,2886,JTDNDKW475P396118,Toyota,Tacoma,2005
4504,2887,3N1F4E54XML814210,Nissan,Rogue,2021
4505,2888,1FT1TH8RXJW945501,Ford,Escape,2018
4506,2888,5TFM39KR8ML461685,Toyota,Sienna,2021
4507,2889,WBSPEMWY0FY010356,BMW,X3,2015
4508,2890,5NPNJMG22PK253872,Hyundai,Elantra,2023
4509,2890,1J4548W93HP977130,Jeep,Cherokee,2017
4510,2891,1GTT09WJ3KP165861,GMC,Terrain,2019
4511,2892,4S3R43EK89H411572,Subaru,Forester,2009
4512,2893,5UX2R4ZJ2ND497309,BMW,3 Series,2022
4513,2894,JTHXHGDU5GK464587,Lexus,RX 350,2016
4514,2895,WA17JCSA8KB689791,Audi,Q5,2019
4515,2896,2T15U1AYX5B533545,Toyota,RAV4,2005
4516,2897,1FM4GEPMXLD943408,Ford,Expedition,2020
4517,2898,1FME15E4XNG785159,Ford,Mustang,2022
4518,2899,JTDGXTLG6LR394902,Toyota,RAV4,2020
4519,2900,JM3TAUEL4KE749966,Mazda,Mazda6,2019
4520,2901,3MZ427Y02H4704361,Mazda,Mazda3,2017
4521,2902,JTHWPZBD8NK510116,Lexus,ES 350,2022
4522,2903,2T1AJYML8MJ060815,Toyota,RAV4,2021
4523,2903,1GK2A3028MN808814,GMC,Acadia,2021
4524,2903,1GN7945S7RN337200,Chevrolet,Silverado 1500,2024
4525,2903,1FA3P77W3JC657019,Ford,F-150,2018
4526,2903,3FAY84LS3RV173618,Ford,F-150,2024
4527,2903,1G1PSX323PH601731,Chevrolet,Silverado 1500,2023
4528,2903,1GTPA9A41KS930689,GMC,Sierra 1500,2019
4529,2903,5TFJBYJBXP5227321,Toyota,Tacoma,2023
4530,2904,1GC69T265PU842774,Chevrolet,Silverado 1500,2023
4531,2905,5UX7J93P7KW312386,BMW,X5,2019
4532,2906,1GNNJ2PY2HZ956010,Chevrolet,Silverado 1500,2017
4533,2907,JM369L4E0J2477418,Mazda,CX-5,2018
4534,2908,5TFF80835NW854794,Toyota,Camry,2022
4535,2909,1GKKD8808NG790795,GMC,Yukon,2022
4536,2910,3FAAEN270CJ616545,Ford,F-150,2012
4537,2911,1HGYD93J3DE948886,Honda,Accord,2013
4538,2912,1GKDGR2PXG0986292,GMC,Yukon,2016
4539,2912,2HGHB8P38P2550486,Honda,Pilot,2023
4540,2913,1FTBN26M49M431315,Ford,F-150,2009
4541,2914,2HGJ2JZ375Z321355,Honda,Civic,2005
4542,2915,1GCL24WV4EG294759,Chevrolet,Tahoe,2014
4543,2916,WA16ZU4E5LW458819,Audi,Q5,2020
4544,2917,1FT354VN0ML402192,Ford,F-150,2021
4545,2917,1GKPSGP77NL261320,GMC,Sierra 1500,2022
4546,2917,1FM0HSLM4NR362184,Ford,Expedition,2022
4547,2918,4S31NGEZ3NN462360,Subaru,Outback,2022
4548,2919,1GTF19SLXBY582826,GMC,Yukon,2011
4549,2919,2HGHH7S79G7955388,Honda,Civic,2016
4550,2920,5NMR95XZ2RL393928,Hyundai,Sonata,2024
4551,2920,5TDRMT5N3N3326312,Toyota,Highlander,2022
4552,2921,1C4DDVJE4DT374452,Jeep,Grand Cherokee,2013
4553,2922,1FTV4UWE4KE114767,Ford,Escape,2019
4554,2923,1GTLB82388U485649,GMC,Sierra 1500,2008
4555,2924,2GN43MPT0L9934080,Chevrolet,Tahoe,2020
4556,2925,5J61AWU24CW081175,Honda,Accord,2012
4557,2926,5GAU6TB29PW888420,Buick,Enclave,2023
4558,2926,1GTJ66KS4NH925460,GMC,Acadia,2022
4559,2927,1HGS1ATS3RY298049,Honda,Civic,2024
4560,2928,2GN26HUV15Z875605,Chevrolet,Malibu,2005
4561,2929,2T2PJ6CDXEM919939,Lexus,GX 460,2014
4562,2930,4T1B28WA6MY958211,Toyota,RAV4,2021
4563,2930,1GK72UY15JD423104,GMC,Sierra 1500,2018
4564,2930,3N1YM7XS7PS390365,Nissan,Rogue,2023
4565,2930,1GCVXMF56ME397797,Chevrolet,Silverado 1500,2021
4566,2930,1G1NZCP93FS438454,Chevrolet,Equinox,2015
4567,2930,3FALAGN6XMB844700,Ford,Escape,2021
4568,2930,JTD98JMZ6PL707918,Toyota,RAV4,2023
4569,2931,1G15JN1R9PA193002,Chevrolet,Silverado 1500,2023
4570,2931,1N6MJ9JK4PL252374,Nissan,Rogue,2023
4571,2931,1FA0T2L64LZ974475,Ford,F-150,2020
4572,2931,3C6MCWZ50PL612648,Ram,1500,2023
4573,2931,5TF9FC9U8RG337968,Toyota,Tacoma,2024
4574,2931,1FAG4637XMB172664,Ford,F-150,2021
4575,2932,1FA9ZKFP395401934,Ford,F-150,2009
4576,2932,5XYDNMEE6NY652325,Kia,Optima,2022
4577,2933,1FMEU0JC65N400800,Ford,Fusion,2005
4578,2934,1C4331ZW0CK394481,Jeep,Wrangler,2012
4579,2934,1FMH0GAS6KF404120,Ford,Focus,2019
4580,2935,1N4E9EB03GY595627,Nissan,Altima,2016
4581,2936,KNDDV4UV3KZ222045,Kia,Soul,2019
4582,2937,1FA5MBL26PW504357,Ford,F-150,2023
4583,2937,3FAHXNV21BW741175,Ford,Escape,2011
4584,2938,1N4YDB5MXCN426337,Nissan,Altima,2012
4585,2939,KNA7DRM50R7954794,Kia,Sportage,2024
4586,2940,2T1KD7PZ88T878125,Toyota,Corolla,2008
4587,2940,1C4X5EMX0F1754233,Jeep,Cherokee,2015
4588,2940,2HG1D6GU4NY017053,Honda,CR-V,2022
4589,2941,5J6MEWGA4KB195039,Honda,Accord,2019
4590,2942,WBSU77M369G656677,BMW,3 Series,2009
4591,2943,2GNDA81D8D6531773,Chevrolet,Equinox,2013
4592,2944,1C44S3PU6GZ260219,Jeep,Compass,2016
4593,2944,5J61XGMPXMA428376,Honda,Accord,2021
4594,2945,1G14R1PP4KZ228283,Chevrolet,Impala,2019
4595,2946,1G17KEH44L2017267,Chevrolet,Silverado 1500,2020
4596,2946,4T1ETDRW0MB084354,Toyota,RAV4,2021
4597,2947,WBAVWWKS8AZ131144,BMW,X5,2010
4598,2948,1GTHHE9W8FF535969,GMC,Sierra 1500,2015
4599,2948,1N4H77CL1J9812715,Nissan,Sentra,2018
4600,2949,2C3RWP108FM980851,Dodge,Durango,2015
4601,2950,1HGSNEXE8NS758299,Honda,CR-V,2022
4602,2951,1N6LCW0426C855863,Nissan,Pathfinder,2006
4603,2952,3N1U3KPM1FZ985451,Nissan,Maxima,2015
4604,2953,1FA0AJA25K9292574,Ford,Escape,2019
4605,2954,1HG7EVY25FJ314024,Honda,Pilot,2015
4606,2955,2T17X3HB39M383026,Toyota,RAV4,2009
4607,2956,1C3B1CN78KE516047,Chrysler,Pacifica,2019
4608,2956,3N17KS65XBL906818,Nissan,Rogue,2011
4609,2956,5NP2UMEF16B860392,Hyundai,Tucson,2006
4610,2957,WVWUNEHKXGC424574,Volkswagen,Jetta,2016
4611,2958,2T1H2E0G1H3821892,Toyota,Camry,2017
4612,2959,2C4CBAXW8P3560147,Dodge,Challenger,2023
4613,2960,3FA1BARR8SJ483377,Ford,F-150,2025
4614,2961,4T1F36743NC172036,Toyota,Corolla,2022
4615,2962,1HGYJTAW9L5127858,Honda,Pilot,2020
4616,2962,1FMVK3RB3RE611039,Ford,F-150,2024
4617,2963,1N4N7MD86E9257651,Nissan,Pathfinder,2014
4618,2964,5NPL90939NH331377,Hyundai,Elantra,2022
4619,2965,4T1NU7F87PG459619,Toyota,Tundra,2023
4620,2965,1FTNRL699B2062097,Ford,Explorer,2011
4621,2966,JTDSK9JF9GX094634,Toyota,Corolla,2016
4622,2967,5NMD6HHL9AW453334,Hyundai,Tucson,2010
4623,2968,4T1FJGUN9DA397175,Toyota,Tacoma,2013
4624,2969,1GCNUK5Z85S423529,Chevrolet,Tahoe,2005
4625,2969,1FMR53W15N5851708,Ford,Mustang,2022
4626,2970,3FAPRW3K5PC805662,Ford,F-150,2023
4627,2971,1N4EM4917PK954049,Nissan,Altima,2023
4628,2972,3FAZ8TNP4LA579283,Ford,Fusion,2020
4629,2972,1C6YU76C3GD282081,Ram,1500,2016
4630,2973,1C4PJYEN3MJ442494,Jeep,Grand Cherokee,2021
4631,2974,1FTELAP59LF254423,Ford,Escape,2020
4632,2975,1GCZLVAFXLD642477,Chevrolet,Equinox,2020
4633,2975,2GN1UB0K1MT921543,Chevrolet,Equinox,2021
4634,2975,1GK88M6N5KV017487,GMC,Sierra 1500,2019
4635,2975,1GCUWMED5NZ438129,Chevrolet,Traverse,2022
4636,2975,1GTMUMYN6KT533260,GMC,Acadia,2019
4637,2976,3FASEHXB4CJ720541,Ford,Escape,2012
4638,2977,5FNUB3TU5HK214474,Honda,Accord,2017
4639,2978,2C4SFMBD5RE059201,Dodge,Durango,2024
4640,2979,WDC8T3106HS229528,Mercedes-Benz,C-Class,2017
4641,2980,WBSYKZM39M4733046,BMW,X5,2021
4642,2981,3FAMJRAX0MK213338,Ford,F-150,2021
4643,2982,WVWPWLY20EZ585878,Volkswagen,Jetta,2014
4644,2983,JTDR65ARXH9468549,Toyota,Camry,2017
4645,2984,5TF7XUH95PP350567,Toyota,Camry,2023
4646,2985,5NMKU8PZ8FC034290,Hyundai,Elantra,2015
4647,2986,JM39UDXW7LT474048,Mazda,Mazda3,2020
4648,2986,KMH41YA50BJ694754,Hyundai,Santa Fe,2011
4649,2987,JTHA9K022HR530063,Lexus,RX 350,2017
4650,2988,1C444PHE2DJ825102,Jeep,Compass,2013
4651,2989,1N4PFPJJ2N7825779,Nissan,Frontier,2022
4652,2990,KMH0JK3P7PC503398,Hyundai,Tucson,2023
4653,2991,WDDFMHETXBU209666,Mercedes-Benz,E-Class,2011
4654,2992,2T1VGFFZ2KJ346761,Toyota,Corolla,2019
4655,2993,3FAHC5R6XA4509001,Ford,Explorer,2010
4656,2994,3N18N9680CF640515,Nissan,Sentra,2012
4657,2994,5TFKZWKT9DH021669,Toyota,RAV4,2013
4658,2995,KNAGRA326G8763575,Kia,Forte,2016
4659,2996,JTJR8YBA1H3765214,Lexus,ES 350,2017
4660,2997,1GNCU0L01MS201453,Chevrolet,Silverado 1500,2021
4661,2997,4T1V2TG12P2270793,Toyota,Tundra,2023
4662,2997,1G1BRC995JD814584,Chevrolet,Equinox,2018
4663,2997,1N426BKE5RA496728,Nissan,Frontier,2024
4664,2997,3C6F3RDB5NW513861,Ram,1500,2022
4665,2998,3C65FVZH3G7200264,Ram,1500,2016
4666,2999,5FNSFH0P5KX712319,Honda,Civic,2019
4667,3000,1N4BGKS43HL752663,Nissan,Altima,2017
4668,3001,1VWPSBAMXJR734077,Volkswagen,Passat,2018
4669,3002,1GCA3L55XKN776806,Chevrolet,Malibu,2019
4670,3003,5N13DPJZ0R3987004,Nissan,Rogue,2024
4671,3004,1C450ZUC1H9498148,Jeep,Grand Cherokee,2017
4672,3004,1N66YB5J3CM856354,Nissan,Rogue,2012
4673,3005,JTDFYP8DXFP380158,Toyota,Corolla,2015
4674,3005,4T1D31S09JJ574373,Toyota,RAV4,2018
4675,3006,JTD0CM718F7609298,Toyota,Camry,2015
4676,3006,WBACGDCK1NX438809,BMW,3 Series,2022
4677,3007,2T1BYTHX1MX949629,Toyota,Sienna,2021
4678,3008,WDC19AXL6FC860597,Mercedes-Benz,GLE,2015
4679,3009,3N1JM7RR7D9932496,Nissan,Altima,2013
4680,3010,1FTZ51Z23MA254186,Ford,Fusion,2021
4681,3011,JTH0TFUX1FE397343,Lexus,ES 350,2015
4682,3012,1GTFLHRD38F495616,GMC,Sierra 1500,2008
4683,3013,2C3ZJA3Z6NG738516,Chrysler,Pacifica,2022
4684,3014,1C37MD9T1F4046045,Dodge,Durango,2015
4685,3015,5TF8PN405D6562033,Toyota,Camry,2013
4686,3016,2HGNX07Z3PG663095,Honda,Civic,2023
4687,3017,1HG5E8LH3D3659462,Honda,CR-V,2013
4688,3018,JM153Z2XXDE436911,Mazda,Mazda3,2013
4689,3019,5TDF18LA09N039352,Toyota,Tundra,2009
4690,3020,5NPV0NWK7FR741232,Hyundai,Sonata,2015
4691,3021,JTDLRT0X5LK411341,Toyota,RAV4,2020
4692,3022,WVW0CR123L1623848,Volkswagen,Atlas,2020
4693,3023,5NP09H1WXG3545009,Hyundai,Sonata,2016
4694,3024,1C356J4X1HY241908,Chrysler,Pacifica,2017
4695,3024,5N1G3UAL1DL285068,Nissan,Pathfinder,2013
4696,3025,1G10EEC64G8729329,Chevrolet,Silverado 1500,2016
4697,3026,1GCC59660LN277690,Chevrolet,Silverado 1500,2020
4698,3026,1GTV5MV5X54046292,GMC,Yukon,2005
4699,3026,1FMZ49AR7R5679707,Ford,Explorer,2024
4700,3027,JTHHUVR83EY440525,Lexus,ES 350,2014
4701,3027,1N4V9YZS5L5228720,Nissan,Sentra,2020
4702,3028,1GN5JR8G973917981,Chevrolet,Impala,2007
4703,3029,WDDTYLF22K5316320,Mercedes-Benz,C-Class,2019
4704,3029,1FAEWCSM7RW138544,Ford,Mustang,2024
4705,3030,JTHFYY0J8KB390135,Lexus,RX 350,2019
4706,3030,JTD3VC2B3E5776437,Toyota,RAV4,2014
4707,3031,1GTAFJG37AN225111,GMC,Yukon,2010
4708,3032,1VWSAY028MT143205,Volkswagen,Tiguan,2021
4709,3033,JTDWC3LT1NG497664,Toyota,Corolla,2022
4710,3034,JTHG55CG5HF947869,Lexus,RX 350,2017
4711,3034,1C6KSL1R3BN246135,Ram,1500,2011
4712,3035,1GTP53EA5EV302333,GMC,Yukon,2014
4713,3036,4T116MS3XAW964438,Toyota,Prius,2010
4714,3037,5N10KPZ88K5017948,Nissan,Rogue,2019
4715,3038,1N6MLNCK9GF681444,Nissan,Rogue,2016
4716,3039,3MZU0MNK6PY837142,Mazda,CX-9,2023
4717,3040,JTDVRM7B6JB917590,Toyota,Corolla,2018
4718,3041,1HGPMJXG9H5839754,Honda,Pilot,2017
4719,3042,1N4DY8FH0JN662435,Nissan,Sentra,2018
4720,3043,WAUNXY372HV332719,Audi,Q5,2017
4721,3044,5N1MXDE9XEU364577,Nissan,Altima,2014
4722,3045,5TFCY6D655T325403,Toyota,Tacoma,2005
4723,3046,1FM7MALJ4H8203847,Ford,Explorer,2017
4724,3047,1N4ANDP3190221820,Nissan,Rogue,2009
4725,3048,1FTULVAFXPT248061,Ford,F-150,2023
4726,3048,3C6SEF5KXS2880599,Ram,1500,2025
4727,3048,2T1K3JU70NN288486,Toyota,Tacoma,2022
4728,3048,3C6EP0T20LK765728,Ram,1500,2020
4729,3048,1FMS1SEG1RW694160,Ford,F-150,2024
4730,3048,2GNLJGXRXPR058891,Chevrolet,Equinox,2023
4731,3048,1FA2849T8RC777565,Ford,F-150,2024
4732,3048,1C6WA7K88LH073181,Ram,2500,2020
4733,3049,5TFCC82F4R8282629,Toyota,Tacoma,2024
4734,3049,5TDV4H469P1195178,Toyota,Highlander,2023
4735,3049,3N1W9L869PD312452,Nissan,Frontier,2023
4736,3049,3C6AUFRC6PK701225,Ram,1500,2023
4737,3049,2GNMEN2D2JR889379,Chevrolet,Silverado 1500,2018
4738,3050,3FA725R80DW491066,Ford,F-150,2013
4739,3050,KNAL6TJX6LY049733,Kia,Sorento,2020
4740,3050,5TFUHYCC1GJ494663,Toyota,Camry,2016
4741,3051,1C36MDF8XLA298725,Chrysler,Pacifica,2020
4742,3052,2HGHX29D5G3800961,Honda,Pilot,2016
4743,3053,JTJNYLP03FL610792,Lexus,GX 460,2015
4744,3053,2T143HHE1M9365058,Toyota,Camry,2021
4745,3054,1FM3HXTWXPN582614,Ford,F-150,2023
4746,3055,2C456NBUXAP652029,Dodge,Charger,2010
4747,3056,3N1S7M1T2HB671536,Nissan,Pathfinder,2017
4748,3057,2T2H9MYC6R2353040,Lexus,ES 350,2024
4749,3058,1FTWK9240GS470369,Ford,F-150,2016
4750,3059,WBAMJA9N6FM676468,BMW,3 Series,2015
4751,3060,5N1S3VT54D0858061,Nissan,Sentra,2013
4752,3061,WBAC3U9J1FV031421,BMW,3 Series,2015
4753,3061,2HGUERR1X7V248512,Honda,Civic,2007
4754,3062,JTHEDL3Y6CN816407,Lexus,RX 350,2012
4755,3063,2GNNM7BK7G1003288,Chevrolet,Impala,2016
4756,3064,3MZ1WRJ07MK918653,Mazda,CX-9,2021
4757,3065,5J6AF2JM86M270296,Honda,CR-V,2006
4758,3065,1J4UPK563JC106815,Jeep,Wrangler,2018
4759,3065,JTD411H09M6783895,Toyota,RAV4,2021
4760,3066,1GKARGDJ2D7126299,GMC,Sierra 1500,2013
4761,3067,WBA1MJEX4MB482189,BMW,X3,2021
4762,3068,1HG5K2TY3HV467734,Honda,CR-V,2017
4763,3069,1C6LFRG2XG9367198,Ram,1500,2016
4764,3069,WDDECNFT3J2966513,Mercedes-Benz,C-Class,2018
4765,3070,3FA2P7S92FR007085,Ford,Escape,2015
4766,3071,1FT6FUBY3PV325545,Ford,Escape,2023
4767,3072,3N1ZWEUVXD7873882,Nissan,Pathfinder,2013
4768,3073,1GNXUN1H8CX614236,Chevrolet,Silverado 1500,2012
4769,3073,1C6TF4WR2G2191192,Ram,1500,2016
4770,3073,5TDEBA9E2P8131133,Toyota,Corolla,2023
4771,3074,1GC6476D4P5419709,Chevrolet,Silverado 1500,2023
4772,3074,1FTZGRCN7PV956455,Ford,F-150,2023
4773,3074,1GT5P4JD8MH691828,GMC,Acadia,2021
4774,3074,1GCX6MGR7R3014658,Chevrolet,Silverado 1500,2024
4775,3074,2T1VT8H65PV994783,Toyota,Tundra,2023
4776,3075,2C44SDL95FY547332,Dodge,Charger,2015
4777,3076,1C45K4474P8222051,Jeep,Cherokee,2023
4778,3077,JTDXFRBZ6MP779432,Toyota,Highlander,2021
4779,3078,JTHVT7S93PP218970,Lexus,RX 350,2023
4780,3078,WA1ZR2AB4M7756981,Audi,A6,2021
4781,3078,1FA84NLP8JY444118,Ford,Fusion,2018
4782,3079,WDD8XWB52C9712204,Mercedes-Benz,GLC,2012
4783,3080,5XYHFVNS9MG178983,Kia,Forte,2021
4784,3081,2T1KNKBV0KN243612,Toyota,Tundra,2019
4785,3081,5TFARNT03NV995886,Toyota,Tundra,2022
4786,3081,3FA0J6PT0MH948237,Ford,Escape,2021
4787,3081,1C6XPZ4J9LH593887,Ram,1500,2020
4788,3081,3C6TALH63NV659460,Ram,1500,2022
4789,3081,1N6VC0B7XMU422702,Nissan,Rogue,2021
4790,3081,1GNAEJUY7RV753673,Chevrolet,Silverado 1500,2024
4791,3082,3FA1B76V7KT112235,Ford,Expedition,2019
4792,3082,1C61UGBA2N4367481,Ram,1500,2022
4793,3082,3C6JPXGW1RT864081,Ram,1500,2024
4794,3082,1GTLX05V7KB780468,GMC,Sierra 1500,2019
4795,3083,4JG1B53K9N3967586,Mercedes-Benz,C-Class,2022
4796,3084,1GKW09GH2PN788145,GMC,Yukon,2023
4797,3084,1GTGAR4K7LN054415,GMC,Yukon,2020
4798,3084,1FAD076F8MR014645,Ford,F-150,2021
4799,3084,2GN9PEZY3ND270902,Chevrolet,Equinox,2022
4800,3084,1FTU01AMXPW270656,Ford,Explorer,2023
4801,3084,1GK69M2N6NN638851,GMC,Sierra 1500,2022
4802,3084,2T1YW023XNY506346,Toyota,Tacoma,2022
4803,3084,1GNPFJBH9BL235642,Chevrolet,Tahoe,2011
4804,3085,1FTMD4DC0RK741426,Ford,F-150,2024
4805,3086,2HGEU1DMXDT055293,Honda,Accord,2013
4806,3086,5NPAG4659BA017176,Hyundai,Tucson,2011
4807,3087,5UXTFURG3RJ181183,BMW,X5,2024
4808,3087,1G1DYEX60LG698941,Chevrolet,Cruze,2020
4809,3088,1N4PG6R12M9584031,Nissan,Rogue,2021
4810,3088,3C6YPYCS4KT918471,Ram,1500,2019
4811,3088,1GT1DN2G7LG891481,GMC,Sierra 1500,2020
4812,3089,WDC8E0RR5NF216883,Mercedes-Benz,E-Class,2022
4813,3090,WBS92N1AX8J509906,BMW,X3,2008
4814,3090,JTHTF9RT7JP211314,Lexus,ES 350,2018
4815,3091,5UXYGX6C3D3174432,BMW,5 Series,2013
4816,3091,2C4CMVYT4MC159115,Dodge,Charger,2021
4817,3092,1GC5T9FZ9DD195022,Chevrolet,Malibu,2013
4818,3093,5FN1VGAN1RC040380,Honda,CR-V,2024
4819,3094,KMHKXN663HC841958,Hyundai,Tucson,2017
4820,3095,1C46JUW46N8237397,Jeep,Wrangler,2022
4821,3096,1N4WHSZZ95M402850,Nissan,Pathfinder,2005
4822,3097,3VWESGH75HH591001,Volkswagen,Tiguan,2017
4823,3098,1GNV2XXE2EH847323,Chevrolet,Equinox,2014
4824,3098,5FNGH8Z70KV961898,Honda,Accord,2019
4825,3098,JM3YEGG37NH351209,Mazda,Mazda6,2022
4826,3099,4S4YU9N30CN563406,Subaru,Outback,2012
4827,3100,JM1GDK1S15T510359,Mazda,Mazda6,2005
4828,3100,WVGWMKGD0HF035497,Volkswagen,Jetta,2017
4829,3101,JM1NRRLA8PR088970,Mazda,Mazda3,2023
4830,3102,JTHA3HBT8F2375132,Lexus,RX 350,2015
4831,3103,5J6XW1307N2571215,Honda,Accord,2022
4832,3103,1FTN3W2LXPV879878,Ford,Escape,2023
4833,3104,5J6RRMJ637L552294,Honda,Civic,2007
4834,3105,5FN3J3WV3N3069783,Honda,CR-V,2022
4835,3106,3FAP55LR3LV370139,Ford,F-150,2020
4836,3107,1N47Y5FD2KC649322,Nissan,Rogue,2019
4837,3108,JM11NW3G5D6327725,Mazda,CX-5,2013
4838,3109,5UX0D3HD2BU757540,BMW,5 Series,2011
4839,3110,1FAV586F8FE474670,Ford,Focus,2015
4840,3111,1FML8XM36K3202385,Ford,Escape,2019
4841,3112,1J4K0L2P8BG082018,Jeep,Compass,2011
4842,3113,5XYTU9RNXKE345503,Kia,Forte,2019
4843,3114,5NP2NULG2GY103265,Hyundai,Tucson,2016
4844,3115,WBAG0JPX3A2735856,BMW,3 Series,2010
4845,3116,1G16AJM207X360193,Chevrolet,Tahoe,2007
4846,3117,JTJJZVCL7NK968778,Lexus,ES 350,2022
4847,3118,3C67U69V9RJ230708,Ram,2500,2024
4848,3118,2T19WUVD4LV905090,Toyota,Tundra,2020
4849,3118,1GC0ZKM27MF822357,Chevrolet,Tahoe,2021
4850,3119,1GKJL9CK2LZ546851,GMC,Yukon,2020
4851,3119,1GTHMNXG4JM209792,GMC,Sierra 1500,2018
4852,3119,1GN0HB8J7LN382530,Chevrolet,Silverado 1500,2020
4853,3119,1G18XBUV7JW837173,Chevrolet,Tahoe,2018
4854,3120,55S5JJ539GG714648,Mercedes-Benz,C-Class,2016
4855,3121,1FTD77MD0A1281955,Ford,F-150,2010
4856,3122,5N1HNCN39KH246375,Nissan,Rogue,2019
4857,3123,1FAYG6EA9CJ199234,Ford,Escape,2012
4858,3123,5XY9CUS64MM464823,Kia,Soul,2021
4859,3124,1FASD56S6SS034623,Ford,Explorer,2025
4860,3125,2C3MK9DHXKU060135,Dodge,Grand Caravan,2019
4861,3126,2HGLXT6W3G0964894,Honda,Odyssey,2016
4862,3127,2GNJR7MX1JN797276,Chevrolet,Tahoe,2018
4863,3128,JTDRWC4XXHF161169,Toyota,Camry,2017
4864,3128,1GCNR9N84N3516107,Chevrolet,Equinox,2022
4865,3128,5TD4ES8P1NB127960,Toyota,Corolla,2022
4866,3129,2T1V7PHA887380657,Toyota,Tundra,2008
4867,3130,4S3ZET910E4263319,Subaru,Crosstrek,2014
4868,3131,1FMX0FPR2G5579505,Ford,Focus,2016
4869,3132,4S416RD44RV446720,Subaru,Impreza,2024
4870,3133,WAUWKCGH3B9861718,Audi,A4,2011
4871,3134,1J4CC2J6XN7360596,Jeep,Grand Cherokee,2022
4872,3134,JTJZ2LJV5KL079225,Lexus,GX 460,2019
4873,3135,1N4D7VGG5NT692815,Nissan,Rogue,2022
4874,3135,3FA41DAG3GH530518,Ford,F-150,2016
4875,3135,3FAC5NGGXJ4324365,Ford,F-150,2018
4876,3135,1N6X5ZHT2NZ365167,Nissan,Frontier,2022
4877,3135,3C6VVT483PM529286,Ram,1500,2023
4878,3135,1GKW05U18LV644593,GMC,Yukon,2020
4879,3135,5TFMM4289FW427263,Toyota,Tacoma,2015
4880,3136,2T1SX1JAXMS053906,Toyota,Tundra,2021
4881,3136,1G12LHPP5L4639823,Chevrolet,Traverse,2020
4882,3136,1FA0KUJU6PH110457,Ford,F-150,2023
4883,3136,1C67CG5S2M7056101,Ram,1500,2021
4884,3136,4T147RYJ9DJ686047,Toyota,Highlander,2013
4885,3137,WBAG7YE15FH733663,BMW,X3,2015
4886,3138,2GNDA2NJ5JS829522,Chevrolet,Traverse,2018
4887,3138,1J4YSM478JN266702,Jeep,Cherokee,2018
4888,3139,1GKGYFJGXM7332776,GMC,Sierra 1500,2021
4889,3139,1FTAU2JK8NK078300,Ford,F-150,2022
4890,3139,3FAWNHP49R4581095,Ford,F-150,2024
4891,3139,3FAHA9K00KD088930,Ford,F-150,2019
4892,3139,2GNUEHJH8NH246326,Chevrolet,Silverado 1500,2022
4893,3139,1GKXZK5F9MH401555,GMC,Sierra 1500,2021
4894,3140,3FA7Y2C0XLP707630,Ford,Escape,2020
4895,3141,5TD90FM38HX351281,Toyota,Camry,2017
4896,3142,JTJ13VUW6LS130572,Lexus,RX 350,2020
4897,3143,5J6U8ZAJ3KC713072,Honda,CR-V,2019
4898,3144,1N4MBUA77FK785442,Nissan,Maxima,2015
4899,3144,1FTUMPXH2KS471274,Ford,F-150,2019
4900,3144,KND3VNXF4N0936023,Kia,Forte,2022
4901,3145,KMH70LPE28J093655,Hyundai,Elantra,2008
4902,3146,2C4UJFSZ9GY693962,Dodge,Charger,2016
4903,3147,KNA016DT9MT480108,Kia,Sorento,2021
4904,3148,JTHEJXP27M4613040,Lexus,ES 350,2021
4905,3149,1GT42K71778702107,GMC,Yukon,2007
4906,3150,KNAAX42B58W629541,Kia,Forte,2008
4907,3151,2C42XA6FXG7915102,Dodge,Charger,2016
4908,3152,1GK2C1D04L5483620,GMC,Sierra 1500,2020
4909,3153,5XY753LN1FW303810,Kia,Sorento,2015
4910,3154,1HGUPRR33EA364821,Honda,Accord,2014
4911,3155,1C37RFFG1G7172314,Dodge,Grand Caravan,2016
4912,3156,1GKYVE6A46E531638,GMC,Yukon,2006
4913,3157,5J6UHHWS6L4748504,Honda,CR-V,2020
4914,3158,1G1JMDGVXGF938430,Chevrolet,Malibu,2016
4915,3158,5TFWZ7HE5N8914553,Toyota,Camry,2022
4916,3158,3FAW3ZAD8G1600173,Ford,Explorer,2016
4917,3159,5J6LVC5XXP9409998,Honda,Accord,2023
4918,3159,2HGAHKWH1ML551737,Honda,Civic,2021
4919,3160,1G4SY9LH0PT484151,Buick,Enclave,2023
4920,3161,4S4ABCZ44FT784546,Subaru,Crosstrek,2015
4921,3162,3N19212R0MB375763,Nissan,Altima,2021
4922,3163,JTDFYVS76GK305415,Toyota,Highlander,2016
4923,3164,5N1ZKNBYXMF308356,Nissan,Pathfinder,2021
4924,3165,JM18BUH11H8486106,Mazda,CX-5,2017
4925,3166,5NM2ZUXX1N1527232,Hyundai,Sonata,2022
4926,3167,3VWH15CW49N735692,Volkswagen,Tiguan,2009
4927,3168,1C6311M52B8500419,Ram,1500,2011
4928,3168,1C6HU8DA0NJ804218,Ram,1500,2022
4929,3169,3FAX6BWD6A1835190,Ford,F-150,2010
4930,3169,1FTZHPY65RF928816,Ford,F-150,2024
4931,3169,1GN2H7N01NC396455,Chevrolet,Silverado 1500,2022
4932,3169,1N6EV2AA5MP193699,Nissan,Rogue,2021
4933,3170,5XYHGCSSXC2082703,Kia,Soul,2012
4934,3171,1GN9LDMN5HG023974,Chevrolet,Tahoe,2017
4935,3171,2GNVDBLK1BZ547183,Chevrolet,Tahoe,2011
4936,3172,2HG3RHGK7PF476788,Honda,CR-V,2023
4937,3172,4T1GV4H74NW335044,Toyota,Corolla,2022
4938,3173,1GKJ91VV9E8134703,GMC,Sierra 1500,2014
4939,3174,5UX1CCR38NH539564,BMW,X5,2022
4940,3175,4S3CFZLK9MM594440,Subaru,Forester,2021
4941,3176,2T1DJ3WL6LK926176,Toyota,RAV4,2020
4942,3177,5NPMZPWG6LG254782,Hyundai,Santa Fe,2020
4943,3178,1GNKXY1W2G0027501,Chevrolet,Traverse,2016
4944,3179,1FAU78HM6RR864052,Ford,Escape,2024
4945,3179,1N489UK15MN716252,Nissan,Sentra,2021
4946,3180,KMHY009L0BV227030,Hyundai,Tucson,2011
4947,3181,1G19Y8P67FP000675,Chevrolet,Equinox,2015
4948,3182,1N6BAGM74LT737580,Nissan,Sentra,2020
4949,3182,1C4G4BAT0LZ655413,Jeep,Grand Cherokee,2020
4950,3183,1FAU3K032LF148849,Ford,F-150,2020
4951,3184,KNDAET839JF197223,Kia,Sportage,2018
4952,3185,2T1T2W420EG684222,Toyota,Highlander,2014
4953,3185,3C658TX18RZ808096,Ram,2500,2024
4954,3185,1GK2VDNW8NC781567,GMC,Terrain,2022
4955,3185,4T1F1PJ22GZ395526,Toyota,Sienna,2016
4956,3185,3FAUER2A0N6523739,Ford,Escape,2022
4957,3185,1GNVCH1V8L2595573,Chevrolet,Silverado 1500,2020
4958,3185,1N67LTEE9LZ458080,Nissan,Rogue,2020
4959,3186,KNAW4BRV3GC191086,Kia,Soul,2016
4960,3187,3C6LSEN41MY045032,Ram,2500,2021
4961,3188,5FNWY1TNXFA003813,Honda,Pilot,2015
4962,3189,1N4BFD8D3H6348766,Nissan,Sentra,2017
4963,3190,WDCMDLPGXMB049785,Mercedes-Benz,E-Class,2021
4964,3191,1G1496ZA4M2002844,Chevrolet,Equinox,2021
4965,3192,1C3BV4ZR7FW526994,Chrysler,Pacifica,2015
4966,3193,JTH4CBHZ7EP096665,Lexus,ES 350,2014
4967,3194,3N1WLLU4962259560,Nissan,Maxima,2006
4968,3195,1FTHVMGX1P7450978,Ford,F-150,2023
4969,3195,5NMPX4XV9FA482942,Hyundai,Sonata,2015
4970,3195,KL4AX3YJ7LY933229,Buick,LaCrosse,2020
4971,3196,JTD23L5C5JX262674,Toyota,Tacoma,2018
4972,3196,1FT4UXLA7LB898511,Ford,F-150,2020
4973,3197,5TFHRXZ79L1094394,Toyota,Camry,2020
4974,3197,2T1J9D29XN1638200,Toyota,Camry,2022
4975,3197,1C6FBJBJ6G0465965,Ram,1500,2016
4976,3198,1GTU5A3815R227890,GMC,Acadia,2005
4977,3199,JTH0RY1P3MG272022,Lexus,ES 350,2021
4978,3200,55SBP9549M3114949,Mercedes-Benz,C-Class,2021
4979,3201,1G18FEN40PT380257,Chevrolet,Equinox,2023
4980,3202,1GNZ7PLW3ML184356,Chevrolet,Silverado 1500,2021
4981,3202,2GNE4EZLXP5373422,Chevrolet,Silverado 1500,2023
4982,3202,1FA9UKE42MY581369,Ford,Explorer,2021
4983,3202,3FAMTZ1M8NH918533,Ford,F-150,2022
4984,3202,1FMYH9M6XH0998127,Ford,Escape,2017
4985,3202,3C64M7Z42K7234117,Ram,1500,2019
4986,3203,5TDYZH9S8RJ567357,Toyota,Camry,2024
4987,3204,1HGH76KLXDR948997,Honda,Odyssey,2013
4988,3205,1GN2XA1S2G4898945,Chevrolet,Silverado 1500,2016
4989,3205,3VW4CWSU7NL516553,Volkswagen,Jetta,2022
4990,3205,4S3RSS7Z0GB405517,Subaru,Impreza,2016
4991,3206,1C6D4J6C5LE078706,Ram,1500,2020
4992,3207,KNDPATWL1RM424064,Kia,Forte,2024
4993,3208,1C3W68TF2H9208173,Dodge,Charger,2017
4994,3209,1GCSFBFC2MJ949375,Chevrolet,Silverado 1500,2021
4995,3210,5UXMXBP29C8760030,BMW,3 Series,2012
4996,3210,1HGKB5KM7PD794595,Honda,Accord,2023
4997,3211,1HGB4MUK4L4646589,Honda,CR-V,2020
4998,3211,1C3F6SF44MG362011,Dodge,Charger,2021
4999,3212,1N45L40W7J6291769,Nissan,Maxima,2018
5000,3213,1GNFU2TU6RD331624,Chevrolet,Traverse,2024
5001,3214,4T1PP2R44MP937566,Toyota,Tacoma,2021
5002,3214,1N4L0CLA7G8624205,Nissan,Sentra,2016
5003,3215,4T12JG425J3340539,Toyota,Camry,2018
5004,3216,3FAT557U1CJ200298,Ford,F-150,2012
5005,3217,1G16FDXAXHK726469,Chevrolet,Malibu,2017
5006,3217,2T1T19854KF518635,Toyota,Corolla,2019
5007,3218,1HGEBAJX4GL828161,Honda,Pilot,2016
5008,3219,1J4NPEK1XC3698229,Jeep,Grand Cherokee,2012
5009,3220,1GCKH1U39KN710807,Chevrolet,Silverado 1500,2019
5010,3220,1C6W86ARXFM527667,Ram,2500,2015
5011,3221,5TFVX12V4LJ383777,Toyota,Highlander,2020
5012,3221,1GC2WE7F0PG143580,Chevrolet,Silverado 1500,2023
5013,3221,1C6BJ6955NH161838,Ram,1500,2022
5014,3221,1FA7KR3S8MD740975,Ford,F-150,2021
5015,3221,1GCG5TKN0LU446477,Chevrolet,Traverse,2020
5016,3222,5TDET6064MF028299,Toyota,Highlander,2021
5017,3222,1FAD6YG27JP763797,Ford,Escape,2018
5018,3222,3C6SMKWP0LA176716,Ram,1500,2020
5019,3223,1GNB0DWM5EH060740,Chevrolet,Silverado 1500,2014
5020,3224,5FN7BUJT4K7836569,Honda,Odyssey,2019
5021,3225,1G1JMTCM7KZ784869,Chevrolet,Silverado 1500,2019
5022,3225,3N1WZMBH6KX017851,Nissan,Altima,2019
5023,3226,KMHT5LZZ48U808983,Hyundai,Elantra,2008
5024,3227,5FN8DVK1490190566,Honda,CR-V,2009
5025,3228,3C69PT7T6C9305101,Ram,2500,2012
5026,3229,5UXAMEY885P460164,BMW,3 Series,2005
5027,3230,1C46J7SM6HR174792,Jeep,Compass,2017
5028,3231,1C6CGK6M9JV354769,Ram,2500,2018
5029,3232,1G47YWA515R558684,Buick,Encore,2005
5030,3232,2C3322609JC654164,Dodge,Grand Caravan,2018
5031,3233,2HG9GCRA1MV387016,Honda,CR-V,2021
5032,3234,2HGPX60K8J3224966,Honda,Civic,2018
5033,3235,5TDAG6EH86D967905,Toyota,Highlander,2006
5034,3236,2HGZH3ZCXNN198753,Honda,Pilot,2022
5035,3236,1FATPRD93LE414912,Ford,Explorer,2020
5036,3237,1C4NPFSV8J0362298,Jeep,Wrangler,2018
5037,3238,3VWLDJRM3E4723128,Volkswagen,Jetta,2014
5038,3239,5J6ZGBLF4LD260990,Honda,Pilot,2020
5039,3240,1HG66MN63HX169723,Honda,Odyssey,2017
5040,3240,1GK99Y9069K159173,GMC,Acadia,2009
5041,3240,2GNTBULU98X766052,Chevrolet,Malibu,2008
5042,3241,2T1LHLA63JJ220147,Toyota,Sienna,2018
5043,3242,3N1491784JW828292,Nissan,Altima,2018
5044,3243,5TDN262B8CP437895,Toyota,Highlander,2012
5045,3243,5TDN8UJK5K0762354,Toyota,Camry,2019
5046,3244,5XYWEMDU0L8591150,Kia,Optima,2020
5047,3245,1FT9X0914H5658494,Ford,Explorer,2017
5048,3245,1GN9LKLN9E9771987,Chevrolet,Silverado 1500,2014
5049,3246,1FMHLHPR2MC730311,Ford,Explorer,2021
5050,3247,4T1KHDD75J6614861,Toyota,Tundra,2018
5051,3248,1GTP0XVL1DV417145,GMC,Yukon,2013
5052,3249,1N4KY8M11F8618561,Nissan,Altima,2015
5053,3250,4JGSWFED8N3358390,Mercedes-Benz,C-Class,2022
5054,3251,2GNKDDNC5K5613598,Chevrolet,Silverado 1500,2019
5055,3252,WDCD28CZ3KV094704,Mercedes-Benz,E-Class,2019
5056,3253,5NPANAE20J6338553,Hyundai,Tucson,2018
5057,3254,JTD3WNWH79A168604,Toyota,Tacoma,2009
5058,3255,3C6MRF7E0M7090982,Ram,2500,2021
5059,3255,1N450WLN9KS540833,Nissan,Rogue,2019
5060,3255,1G14SHB71KH136140,Chevrolet,Silverado 1500,2019
5061,3256,1FMJW7BK7KA517697,Ford,F-150,2019
5062,3256,1C6Z0J4M9JR874779,Ram,1500,2018
5063,3256,1FT57CLJ6MM545798,Ford,Escape,2021
5064,3256,1FMY70ZF9PM836651,Ford,F-150,2023
5065,3256,5TD0T9YLXL5610353,Toyota,Sienna,2020
5066,3256,1FTA28PD2P4146499,Ford,Escape,2023
5067,3256,2GNB85G57N5950867,Chevrolet,Silverado 1500,2022
5068,3257,1FAUKA5Z8H2602076,Ford,F-150,2017
5069,3258,1FMJ0GXX6G7020991,Ford,Expedition,2016
5070,3259,1GCW4G405NP851176,Chevrolet,Silverado 1500,2022
5071,3260,JTJPNFG52P6346768,Lexus,RX 350,2023
5072,3261,5NMMJWCC4MN340671,Hyundai,Elantra,2021
5073,3262,JF1L1D063H1501532,Subaru,Forester,2017
5074,3263,1FM1ZYRU2K4237897,Ford,F-150,2019
5075,3264,2T1VETFF2L7781384,Toyota,Sienna,2020
5076,3265,1GCADH5A6KJ523741,Chevrolet,Silverado 1500,2019
5077,3266,3C6KVER55RC673315,Ram,1500,2024
5078,3267,1FA2G80G8K7858042,Ford,F-150,2019
5079,3268,1GTGND7P4JK893631,GMC,Terrain,2018
5080,3268,3C62XNV07L2468130,Ram,1500,2020
5081,3269,KNAJ4H2V9HX701197,Kia,Optima,2017
5082,3270,4T1PNDMF2MW983977,Toyota,Camry,2021
5083,3271,3FAUBUEU7LD249224,Ford,Explorer,2020
5084,3272,1C36YE6A7KA001292,Dodge,Charger,2019
5085,3273,1VWL5FGE6FA463280,Volkswagen,Jetta,2015
5086,3274,KNAV7C6E197200179,Kia,Sportage,2009
5087,3274,1C4MZAW78J7814567,Jeep,Wrangler,2018
5088,3275,3C6BHVVN8LK364285,Ram,1500,2020
5089,3276,1GTP4RDF9ES942050,GMC,Acadia,2014
5090,3277,3VWT2TDX9C3094870,Volkswagen,Tiguan,2012
5091,3278,3FAVBXU42DG726519,Ford,Escape,2013
5092,3279,3N1SU9JZX5N753793,Nissan,Altima,2005
5093,3280,5TF6EJ7R1LZ741702,Toyota,Camry,2020
5094,3281,1FM26XP20NA812030,Ford,Focus,2022
5095,3282,1GNXJ00C8M4669306,Chevrolet,Silverado 1500,2021
5096,3282,1GT6EGLA1M1126120,GMC,Acadia,2021
5097,3283,3FAY983B4G1189660,Ford,Explorer,2016
5098,3283,3FARBSKJ45X901061,Ford,F-150,2005
5099,3283,1GN4R5XU1J6975738,Chevrolet,Malibu,2018
5100,3284,WVGH69LU6F1995077,Volkswagen,Atlas,2015
5101,3284,2T10GK204JT171233,Toyota,Corolla,2018
5102,3285,5XYXVAHE2JP639370,Kia,Forte,2018
5103,3286,3FA5UVD98KC027524,Ford,Expedition,2019
5104,3287,1GKHH4YVXLR756927,GMC,Acadia,2020
5105,3287,JTDXVMY66NT789390,Toyota,Highlander,2022
5106,3287,4T11JJN68EX938987,Toyota,Tacoma,2014
5107,3287,3FAV41977HK590644,Ford,F-150,2017
5108,3287,1G1LJTCK3HY094194,Chevrolet,Silverado 1500,2017
5109,3287,1FA4BRHK7P3672514,Ford,Escape,2023
5110,3287,1FADGNKR8MY915858,Ford,Escape,2021
5111,3287,1FTB82GF9KE600896,Ford,Expedition,2019
5112,3288,1GT50AHW9CY805019,GMC,Sierra 1500,2012
5113,3289,1C4C06GM5E9866157,Jeep,Cherokee,2014
5114,3290,5NM3BAK47GG662056,Hyundai,Tucson,2016
5115,3291,1G19L3W67C1279370,Chevrolet,Silverado 1500,2012
5116,3291,1GKRN8V22G3131803,GMC,Yukon,2016
5117,3292,1HG2RT1EXJL799197,Honda,Accord,2018
5118,3293,1C4DMBHM27E384949,Jeep,Cherokee,2007
5119,3293,3FA7717T0DJ666804,Ford,Explorer,2013
5120,3294,1GNPPZ913KF032684,Chevrolet,Tahoe,2019
5121,3295,2T2X8KMH1FS853896,Lexus,IS 250,2015
5122,3295,1HG574XH4NX426696,Honda,Accord,2022
5123,3296,1C3WM8N86F5041034,Dodge,Grand Caravan,2015
5124,3297,55SDM2VA356624826,Mercedes-Benz,C-Class,2005
5125,3298,2HG39KUX6GW446694,Honda,Pilot,2016
5126,3299,1FADJ9YL9SS216525,Ford,Explorer,2025
5127,3299,2C3KW4E61GD392161,Chrysler,300,2016
5128,3300,2T1ZE5XG0DD609717,Toyota,Prius,2013
5129,3301,5J64BREG667448243,Honda,Accord,2006
5130,3302,5TDY7BP09DA741787,Toyota,RAV4,2013
5131,3302,1GNE5JL37K8652001,Chevrolet,Silverado 1500,2019
5132,3302,1FA8Y3801NT124503,Ford,Expedition,2022
5133,3302,1G18X22V8NP451333,Chevrolet,Silverado 1500,2022
5134,3302,1G1U2GPT3PE802326,Chevrolet,Equinox,2023
5135,3302,3C6DJPF20LU651864,Ram,2500,2020
5136,3302,1GC69THF1JB014862,Chevrolet,Silverado 1500,2018
5137,3302,2GN47XZA2NA795900,Chevrolet,Silverado 1500,2022
5138,3303,2C4G71BPXHL319291,Dodge,Charger,2017
5139,3303,5N1UKWJ848V420700,Nissan,Maxima,2008
5140,3304,5NPY70953JF867261,Hyundai,Tucson,2018
5141,3305,2HGN0XBP5K4317109,Honda,Civic,2019
5142,3306,JTDDN4LT3BF479739,Toyota,Corolla,2011
5143,3307,1HGS195F7PA219678,Honda,Civic,2023
5144,3308,1GN6E5AT4L4715403,Chevrolet,Malibu,2020
5145,3309,5N1U2AVE4BW730494,Nissan,Maxima,2011
5146,3310,5TF6SUUU1BM518588,Toyota,Corolla,2011
5147,3311,1J4BA0V43DK235997,Jeep,Cherokee,2013
5148,3311,1FMJXLVB9BM850516,Ford,F-150,2011
5149,3312,1C3CTF1M9EP970330,Chrysler,300,2014
5150,3313,1C6BZBT91K3152463,Ram,1500,2019
5151,3314,1FMRWCPC8KG730586,Ford,F-150,2019
5152,3315,1FT5U1473CC373332,Ford,Expedition,2012
5153,3315,KNAX9ZJS1D0512846,Kia,Sportage,2013
5154,3316,1C6Y89ZV1LR221760,Ram,2500,2020
5155,3316,2GNZNH9B8F6464852,Chevrolet,Silverado 1500,2015
5156,3317,WVGJ9N3RX8F315698,Volkswagen,Tiguan,2008
5157,3317,2T1V21M79A4367431,Toyota,Camry,2010
5158,3318,1GTG2BZG8JN105569,GMC,Sierra 1500,2018
5159,3318,1N6EWHJ98DF761231,Nissan,Rogue,2013
5160,3319,5FNEP3H75JP016706,Honda,Civic,2018
5161,3320,5N10YYC12PX120536,Nissan,Pathfinder,2023
5162,3321,5UXW1X7G18N290149,BMW,3 Series,2008
5163,3321,1N4AH16JXF5165185,Nissan,Sentra,2015
5164,3322,1GC5N5MJ8P1232504,Chevrolet,Equinox,2023
5165,3323,JM1X90LA5GX135372,Mazda,Mazda3,2016
5166,3324,1C4WGGSF1HD382026,Jeep,Cherokee,2017
5167,3324,1GNK8X5S6MP737390,Chevrolet,Cruze,2021
5168,3325,1GNB041XX56493807,Chevrolet,Cruze,2005
5169,3326,1FMSS21J3NN475182,Ford,F-150,2022
5170,3326,3N1U78115KY804793,Nissan,Pathfinder,2019
5171,3327,2HGN4WJK7P0109445,Honda,Civic,2023
5172,3327,WBARDKB78FA003746,BMW,5 Series,2015
5173,3328,JM30H1V51ME892732,Mazda,Mazda3,2021
5174,3328,5UXFCNSU1PA647833,BMW,X5,2023
5175,3329,2T1S5MTW0J2996737,Toyota,Corolla,2018
5176,3330,1GCWUWMSXFE413603,Chevrolet,Silverado 1500,2015
5177,3330,1C3CR4EM65L343735,Chrysler,Pacifica,2005
5178,3331,KNDULXYF0FW919450,Kia,Sportage,2015
5179,3332,5TDT839Y1KP575162,Toyota,Camry,2019
5180,3333,1N6TTZJ96EC345509,Nissan,Sentra,2014
5181,3334,4T1EMG5V3RC949198,Toyota,Tundra,2024
5182,3334,1FMAV6RS3MS478476,Ford,F-150,2021
5183,3334,1N4AP74C7ML969625,Nissan,Rogue,2021
5184,3334,1GCUJPSR297547195,Chevrolet,Equinox,2009
5185,3334,5TFVUBD76HR642579,Toyota,Highlander,2017
5186,3335,1N472VXE98C539398,Nissan,Frontier,2008
5187,3336,5FNKVUJZ0D1669994,Honda,Civic,2013
5188,3337,1GKGGV4H2H1036984,GMC,Yukon,2017
5189,3338,5NPEGT4U8R2339074,Hyundai,Elantra,2024
5190,3339,JTDVFU592NY547427,Toyota,Corolla,2022
5191,3340,5N1A08ZR4R1345300,Nissan,Rogue,2024
5192,3340,3C6FZ9K58NE225320,Ram,1500,2022
5193,3340,3C6UN0Y02RN581374,Ram,1500,2024
5194,3340,1N4WWJRG8J5518379,Nissan,Rogue,2018
5195,3340,1GTZTLER1GM288993,GMC,Terrain,2016
5196,3340,3C615GLJXL5729337,Ram,1500,2020
5197,3340,1G1H5T0K8G0617950,Chevrolet,Silverado 1500,2016
5198,3341,JM3UAX2A18B589743,Mazda,Mazda3,2008
5199,3342,3FAS2PYV0FD183276,Ford,Explorer,2015
5200,3343,5FNHP1X209S569781,Honda,CR-V,2009
5201,3344,5NM1C4MDX6T480604,Hyundai,Elantra,2006
5202,3345,KMHK0BSK7N3412677,Hyundai,Tucson,2022
5203,3345,1HG257FM5N4628313,Honda,Civic,2022
5204,3346,3N1K7LP32JW116991,Nissan,Altima,2018
5205,3347,1FMX1E2X0AW417497,Ford,Mustang,2010
5206,3348,3C6BC7S68D7909039,Ram,2500,2013
5207,3348,5N1MHBALXJP185273,Nissan,Rogue,2018
5208,3349,1N4P1H778NV824356,Nissan,Altima,2022
5209,3350,1G1L49S80FE501614,Chevrolet,Equinox,2015
5210,3351,4T1GRYU30GY631412,Toyota,Tacoma,2016
5211,3352,5UXXK5FM97C085878,BMW,5 Series,2007
5212,3353,2C327JB51M9336050,Dodge,Challenger,2021
5213,3354,1FT2BXHX3NA450480,Ford,F-150,2022
5214,3355,5N1M5CLB58L122909,Nissan,Rogue,2008
5215,3356,1GNNZMHY4N7624306,Chevrolet,Equinox,2022
5216,3357,WVGGSXZ47CR766049,Volkswagen,Tiguan,2012
5217,3357,WAUPLTSX6EK475274,Audi,Q5,2014
5218,3358,5NPMHTZYXBA832478,Hyundai,Sonata,2011
5219,3359,1C6TYN8V6HP480154,Ram,1500,2017
5220,3360,4T18968G8KZ236810,Toyota,Camry,2019
5221,3360,WA1RW1MS3G3322447,Audi,A4,2016
5222,3360,2T2JG0H70J9900687,Lexus,ES 350,2018
5223,3361,1FMTDN224FH222069,Ford,F-150,2015
5224,3362,5TFTNFWA75L597588,Toyota,Tundra,2005
5225,3362,1G1HZFAW6H4092243,Chevrolet,Silverado 1500,2017
5226,3363,3C6LF2326SW276201,Ram,1500,2025
5227,3364,3N1FVM9M9JU541963,Nissan,Altima,2018
5228,3364,5TDGF78G1FG737871,Toyota,Tundra,2015
5229,3365,1GCHYRS67FK191933,Chevrolet,Malibu,2015
5230,3366,1HG3ZENE9M9582722,Honda,Civic,2021
5231,3366,1FT3WRMX8RV647606,Ford,Mustang,2024
5232,3367,1FAT6RH99NE385674,Ford,Escape,2022
5233,3367,3FA076385HH893192,Ford,F-150,2017
5234,3367,1GKHBB4P0HK169035,GMC,Acadia,2017
5235,3367,1GNU36AS5NK799658,Chevrolet,Silverado 1500,2022
5236,3367,1GT5G1757NR721895,GMC,Sierra 1500,2022
5237,3367,1FAD5B93XMF322052,Ford,F-150,2021
5238,3367,2GNF491S6SM470341,Chevrolet,Silverado 1500,2025
5239,3368,1FTT659X5LC263027,Ford,Escape,2020
5240,3369,4S41LPKL2EP540889,Subaru,Outback,2014
5241,3370,1HGFZUA3XKM577454,Honda,CR-V,2019
5242,3371,1C4APCRU4MM840790,Jeep,Wrangler,2021
5243,3372,1HGLHM1T4KX523328,Honda,Accord,2019
5244,3373,1FMRUZ9A0N6090775,Ford,F-150,2022
5245,3373,3FA78CZ87LN657042,Ford,F-150,2020
5246,3373,1FARYTHL0LJ151831,Ford,Escape,2020
5247,3373,3C6VVRD23G0712242,Ram,1500,2016
5248,3373,1N6D9HD13HY677966,Nissan,Frontier,2017
5249,3373,2GNB8LM92P2804800,Chevrolet,Silverado 1500,2023
5250,3373,1C6DKPA64L4317257,Ram,1500,2020
5251,3373,3FAWJ2CM5NB323502,Ford,F-150,2022
5252,3374,2C3S1EG17NJ386465,Dodge,Durango,2022
5253,3374,WBS88LFGXKX558054,BMW,X3,2019
5254,3375,1G18RZB43DE773611,Chevrolet,Cruze,2013
5255,3376,4T1RYU0G1L6706699,Toyota,RAV4,2020
5256,3376,1C6EZ7B84KS670110,Ram,1500,2019
5257,3376,2GN52V3N5MV369080,Chevrolet,Silverado 1500,2021
5258,3376,3C6033104PZ377407,Ram,1500,2023
5259,3376,1FTSSEM37LD886669,Ford,F-150,2020
5260,3376,1N6TDZKA6R6724391,Nissan,Rogue,2024
5261,3376,1C67HF612M7655064,Ram,1500,2021
5262,3377,5TD5ZG8N4KZ400848,Toyota,Highlander,2019
5263,3378,3FA0A0D15NU529373,Ford,Explorer,2022
5264,3378,5J6MUKC00DZ942039,Honda,CR-V,2013
5265,3379,4T1RGS733G2393632,Toyota,Prius,2016
5266,3380,1GCXGCZ42K8686046,Chevrolet,Cruze,2019
5267,3380,5XYSRXZ34M5322835,Kia,Sorento,2021
5268,3381,5J62TBR48N7979423,Honda,Accord,2022
5269,3381,5FN86RSG4D6957165,Honda,CR-V,2013
5270,3382,3C6CVEDZ856365305,Ram,1500,2005
5271,3383,3C6PYFTJ4KF164426,Ram,1500,2019
5272,3384,1N4AT0WP1JP889812,Nissan,Rogue,2018
5273,3385,5XY73BWU2HC525392,Kia,Optima,2017
5274,3386,WA1ACSNCX6N807920,Audi,A4,2006
5275,3386,5NP6A7XS5AS881566,Hyundai,Santa Fe,2010
5276,3387,JTJ7JT3G1MK266608,Lexus,GX 460,2021
5277,3388,3VW5RJBN5HE363856,Volkswagen,Tiguan,2017
5278,3389,4S3B703J5H0850176,Subaru,Outback,2017
5279,3389,JTDDFFGY05W901470,Toyota,Tacoma,2005
5280,3390,2T1TNXS36JE011563,Toyota,Corolla,2018
5281,3390,1FALJ0FS8P9071705,Ford,F-150,2023
5282,3391,WBAF2UNG3FW358066,BMW,X3,2015
5283,3391,JM1WFSPG0A1861486,Mazda,CX-5,2010
5284,3392,3MZK7TPL2J6540651,Mazda,CX-9,2018
5285,3393,1N424CX20N5277477,Nissan,Altima,2022
5286,3394,1GNPURND7B4403835,Chevrolet,Silverado 1500,2011
5287,3395,5FN4T96C8L7960447,Honda,CR-V,2020
5288,3396,KMHRYZXW2MW920192,Hyundai,Elantra,2021
5289,3397,5FNFB70K1MA923924,Honda,Pilot,2021
5290,3398,5NMCGFRJ1NZ042704,Hyundai,Tucson,2022
5291,3399,JTDRMELB8AE689098,Toyota,Camry,2010
5292,3400,1GCJJNJP8HC427835,Chevrolet,Silverado 1500,2017
5293,3401,KNDBMRKL8J6285781,Kia,Forte,2018
5294,3402,5TFUYWBS5G1379982,Toyota,RAV4,2016
5295,3402,2HGSAZ914EZ081833,Honda,CR-V,2014
5296,3403,1C315NAL9FK401253,Dodge,Durango,2015
5297,3404,2HG0DJZL4BB847758,Honda,Civic,2011
5298,3405,1N6N7HW16PW980550,Nissan,Rogue,2023
5299,3405,1GTXZC4X9P0309246,GMC,Terrain,2023
5300,3405,1FATLA0T3GX888125,Ford,Explorer,2016
5301,3405,1GK1GJTW5RE765425,GMC,Sierra 1500,2024
5302,3405,1FMZY19S5JT687818,Ford,F-150,2018
5303,3405,2T1CFKB37M5527158,Toyota,Highlander,2021
5304,3405,1C6NRNNT9NC913557,Ram,1500,2022
5305,3406,JTHBLVWK9L5498937,Lexus,ES 350,2020
5306,3407,2HG2MVS00CG701006,Honda,Accord,2012
5307,3408,1C4CWFJP5FF889524,Jeep,Grand Cherokee,2015
5308,3409,1C647AZEXMK951437,Ram,1500,2021
5309,3410,5XYXLNDFXNM602232,Kia,Forte,2022
5310,3410,2T1H95VW2LB572089,Toyota,RAV4,2020
5311,3410,KL4D7TG84LF787363,Buick,Enclave,2020
5312,3411,2C46KSRG6N7610297,Dodge,Charger,2022
5313,3412,5GA3ZF2J28K112604,Buick,Enclave,2008
5314,3413,KNDH3NZS4H4283311,Kia,Forte,2017
5315,3414,4T1WXPC54NH709220,Toyota,Tundra,2022
5316,3415,JTJZLXNX5GX012396,Lexus,IS 250,2016
5317,3416,1GNJ0EB14H8448737,Chevrolet,Tahoe,2017
5318,3417,1HG5AVWD0HP613296,Honda,Accord,2017
5319,3417,JM317RPFXK1166402,Mazda,CX-5,2019
5320,3418,1GTKDD0A4JC995265,GMC,Acadia,2018
5321,3419,WAUPPKRG18B257249,Audi,Q5,2008
5322,3420,1C6KBGPS3L3125992,Ram,1500,2020
5323,3421,3FAXL6ETXHX505181,Ford,F-150,2017
5324,3422,4T1EVBWPXJ2359915,Toyota,Corolla,2018
5325,3423,3FADLNRNXNN482226,Ford,Escape,2022
5326,3424,5N112JFZ1BB899870,Nissan,Sentra,2011
5327,3425,1N6PLTA50L8941677,Nissan,Sentra,2020
5328,3426,1N6V0LY02F9064442,Nissan,Sentra,2015
5329,3427,1FASG25Z0HM983621,Ford,Focus,2017
5330,3428,1C68RDC09PJ377322,Ram,1500,2023
5331,3428,3C6RKGM80KH969050,Ram,1500,2019
5332,3428,3N1L341V1K7092629,Nissan,Rogue,2019
5333,3428,1GC1H24G5LH998989,Chevrolet,Silverado 1500,2020
5334,3428,3C6MTRFE2MP768376,Ram,1500,2021
5335,3429,2GN5DK646MB080304,Chevrolet,Equinox,2021
5336,3429,5TF30L1F0K7940133,Toyota,RAV4,2019
5337,3429,1FMEPJAS9PL954285,Ford,F-150,2023
5338,3429,1GT2KGX93E9448154,GMC,Acadia,2014
5339,3429,1GTRHNAMXK8504588,GMC,Sierra 1500,2019
5340,3429,3FATDEF44FL846948,Ford,Explorer,2015
5341,3429,JTD4YFAW7NE910965,Toyota,Tundra,2022
5342,3429,1GNMAY5N8L4346500,Chevrolet,Silverado 1500,2020
5343,3430,1FMG95KC1MG199493,Ford,Focus,2021
5344,3431,2C4FAN6Z2MR424334,Dodge,Challenger,2021
5345,3432,2C3U1PSXX96567049,Chrysler,300,2009
5346,3433,1J4DRVW20HG519737,Jeep,Grand Cherokee,2017
5347,3434,KMHF3Z8D7FF764121,Hyundai,Elantra,2015
5348,3434,JF1P50GX9L5594054,Subaru,Forester,2020
5349,3435,5FNN4YXJ3NB974295,Honda,Civic,2022
5350,3436,2T28JRCJ3NT808814,Lexus,ES 350,2022
5351,3437,2C3P6E154G7006548,Chrysler,300,2016
5352,3437,4T1FB8778LD023203,Toyota,Camry,2020
5353,3437,1C3359P68GR433458,Dodge,Durango,2016
5354,3438,5FNB6ZME9H2945303,Honda,Pilot,2017
5355,3438,4T17SPBM15F020162,Toyota,Corolla,2005
5356,3439,1J45JMVB4KK272413,Jeep,Compass,2019
5357,3439,1GCXGPCU0K0051843,Chevrolet,Equinox,2019
5358,3440,3MZSHLM3XMT304319,Mazda,CX-5,2021
5359,3441,1N6DD6H94D8975956,Nissan,Pathfinder,2013
5360,3442,1GKRFF480AM895450,GMC,Acadia,2010
5361,3443,5TDHS5CRX9H104815,Toyota,RAV4,2009
5362,3444,1J4NCYLK9A9292070,Jeep,Grand Cherokee,2010
5363,3445,1C3ZSBHY2MH503483,Chrysler,Pacifica,2021
5364,3445,3MZ0VC3T1MG130599,Mazda,Mazda3,2021
5365,3446,4S43U0FH1AW835016,Subaru,Impreza,2010
5366,3447,1J4EEERK9NB444265,Jeep,Grand Cherokee,2022
5367,3448,5TDYCWDR6LG694767,Toyota,Corolla,2020
5368,3448,1HGY6G6R6LM821327,Honda,Accord,2020
5369,3449,1GTMR5TH2H6234798,GMC,Yukon,2017
5370,3449,2T1ZXDKT4RB831270,Toyota,Corolla,2024
5371,3450,5XY8P31V5LA285256,Kia,Soul,2020
5372,3451,1GNFKVW3X9E291973,Chevrolet,Malibu,2009
5373,3452,2GNYP9L63FZ761775,Chevrolet,Impala,2015
5374,3452,2C4BK3RS9GV559336,Dodge,Charger,2016
5375,3453,1GT356EM85Y213817,GMC,Terrain,2005
5376,3453,1G4F7WUGXFD644361,Buick,Enclave,2015
5377,3454,KND9MT655JW856117,Kia,Sportage,2018
5378,3455,WBSJ5VF58NP424488,BMW,3 Series,2022
5379,3455,5FNPM3XG8R3077618,Honda,Civic,2024
5380,3456,3VWY3U7DXGJ424723,Volkswagen,Jetta,2016
5381,3457,1C4TF27HXF7489526,Jeep,Grand Cherokee,2015
5382,3458,3FAX41B1XGB460967,Ford,F-150,2016
5383,3458,3MZ7HMRS4K6017839,Mazda,CX-5,2019
5384,3459,5XY0M2DT982063833,Kia,Forte,2008
5385,3460,4T1U1JSG1HF306935,Toyota,Tacoma,2017
5386,3460,5XYG46GD7FP282719,Kia,Soul,2015
5387,3460,3N1TMPP2382775174,Nissan,Sentra,2008
5388,3461,5TFV7KEX3LR154530,Toyota,RAV4,2020
5389,3461,1FAU9JWX1PJ239424,Ford,F-150,2023
5390,3461,2T12DGX62NM977695,Toyota,Tacoma,2022
5391,3461,1FT4BDSK6ML643620,Ford,Expedition,2021
5392,3461,1C60A1EE3PM171665,Ram,1500,2023
5393,3461,1FTRB2DF1L7308752,Ford,F-150,2020
5394,3461,1FM4BP966MB833672,Ford,Explorer,2021
5395,3462,4T11DPV00H6514994,Toyota,RAV4,2017
5396,3463,1FT6LDN63HP292183,Ford,Focus,2017
5397,3464,3N1GEWCE4AV624213,Nissan,Rogue,2010
5398,3465,1FTKXMU8XGE334008,Ford,Explorer,2016
5399,3466,1N4M52RYXGB988366,Nissan,Altima,2016
5400,3467,4T1V9BW57K4828712,Toyota,RAV4,2019
5401,3468,4T1G1MSV7GR695672,Toyota,Highlander,2016
5402,3468,1FM68JA84PZ879305,Ford,F-150,2023
5403,3468,1G1WZVV20PS545629,Chevrolet,Equinox,2023
5404,3468,1FT7TMPH2JZ457475,Ford,F-150,2018
5405,3468,1GTSZ9Y50HN102772,GMC,Sierra 1500,2017
5406,3468,1FANH8L50FX548753,Ford,Explorer,2015
5407,3469,1FT0J3XP2NH468772,Ford,Escape,2022
5408,3470,1J4A8XPBXBG105338,Jeep,Wrangler,2011
5409,3471,WBS2EBVN3KX696298,BMW,X3,2019
5410,3471,1GT6M8L3XE4450287,GMC,Yukon,2014
5411,3472,5TDXBPST96P744181,Toyota,Prius,2006
5412,3473,5NMGYYRT5HB190590,Hyundai,Tucson,2017
5413,3474,1GK9R9BG8GR483727,GMC,Sierra 1500,2016
5414,3474,3FAKND6J7KR273141,Ford,F-150,2019
5415,3475,WA15H8NT8E6568589,Audi,Q5,2014
5416,3476,5J68XW4P1MR346224,Honda,Pilot,2021
5417,3477,2T1DAFDJ6KL584269,Toyota,Tacoma,2019
5418,3478,4JGCHG8L0CY007030,Mercedes-Benz,C-Class,2012
5419,3478,5FNW69GF8G1445448,Honda,Pilot,2016
5420,3478,2HGF4YZW4F2481206,Honda,CR-V,2015
5421,3479,5TDCT9E89HP333915,Toyota,Camry,2017
5422,3479,5FNFKAJX1DX058411,Honda,Accord,2013
5423,3480,KMHKGACD3GL128827,Hyundai,Tucson,2016
5424,3481,JTDUF03T8S3445044,Toyota,Highlander,2025
5425,3482,4T1V54Z6XJ5115291,Toyota,RAV4,2018
5426,3482,3C6C95F37K9565826,Ram,1500,2019
5427,3483,KNAE5F4T89R573278,Kia,Soul,2009
5428,3484,1GC2WUL97PB874479,Chevrolet,Equinox,2023
5429,3484,1FMUWVC34LG955181,Ford,F-150,2020
5430,3484,1FTJYMDF4LW329009,Ford,Escape,2020
5431,3484,5TFM6F463NS797194,Toyota,Tundra,2022
5432,3484,1C6G5UV22KW931821,Ram,1500,2019
5433,3484,1FA2PA1N3M2547686,Ford,F-150,2021
5434,3485,KNACPU5R0A2896360,Kia,Forte,2010
5435,3486,2HGXKMY82M1403659,Honda,Accord,2021
5436,3487,JF1U4U3F4AB090830,Subaru,Crosstrek,2010
5437,3488,WDCP1BTP1L5095962,Mercedes-Benz,GLE,2020
5438,3489,3VWGC9901P2942183,Volkswagen,Tiguan,2023
5439,3490,WVG46KGC5LH763712,Volkswagen,Jetta,2020
5440,3491,1GK3DBX80HV989509,GMC,Yukon,2017
5441,3491,3FAP7TUW8FC336832,Ford,Escape,2015
5442,3492,1FT3233M769224343,Ford,Escape,2006
5443,3492,1FMN6CTK771422590,Ford,F-150,2007
5444,3492,1J4M079R1LG629543,Jeep,Cherokee,2020
5445,3493,2C4Y06NA6KP763152,Dodge,Grand Caravan,2019
5446,3494,1FTX83340HJ435966,Ford,Escape,2017
5447,3494,1FT262UL5NH658457,Ford,F-150,2022
5448,3494,1C6JPB0Z6M2520036,Ram,1500,2021
5449,3494,5TDHHPWAXR6392346,Toyota,Highlander,2024
5450,3494,3FAEDM3V6ME398360,Ford,F-150,2021
5451,3495,1J4MDURZ7AN955925,Jeep,Grand Cherokee,2010
5452,3496,1C6Z57LR9KC103549,Ram,2500,2019
5453,3497,1GCASVAS6D4718954,Chevrolet,Impala,2013
5454,3498,5XYK9HCH4LN776737,Kia,Soul,2020
5455,3499,1VWR5V932J5567508,Volkswagen,Atlas,2018
5456,3500,4S4W0Z7S5GY535287,Subaru,Forester,2016
5457,3501,5TDC4MK1XNJ415075,Toyota,RAV4,2022
5458,3502,1GN3UZLM4KV662763,Chevrolet,Malibu,2019
5459,3503,JM1E2S3245S379590,Mazda,CX-5,2005
5460,3504,5TDYFDKK8LG536738,Toyota,Camry,2020
5461,3505,2T1486J39PG426655,Toyota,RAV4,2023
5462,3506,WA1ZHAV55JR960822,Audi,Q5,2018
5463,3507,1GNR9MV69PM019996,Chevrolet,Traverse,2023
5464,3508,1GKC7X337MA511765,GMC,Sierra 1500,2021
5465,3509,2C3T4DL92HN492806,Chrysler,Pacifica,2017
5466,3509,2HGBN2D63LH946499,Honda,Accord,2020
5467,3510,1FALWRP7XCH154696,Ford,Expedition,2012
5468,3511,2C3XSV8V5RM675479,Chrysler,300,2024
5469,3512,3FAG4E6J9AH497613,Ford,Explorer,2010
5470,3513,2T2RLMY00HN949057,Lexus,RX 350,2017
5471,3514,1N6Y56W4XHZ601888,Nissan,Frontier,2017
5472,3515,4T1WLKKE4GM226305,Toyota,Camry,2016
5473,3516,1N60BH87XFE782018,Nissan,Pathfinder,2015
5474,3517,1C4R0Z6X3D6901401,Jeep,Grand Cherokee,2013
5475,3518,1GK9GH2R3H3795086,GMC,Sierra 1500,2017
5476,3519,2C3RA8DY5G7353577,Chrysler,300,2016
5477,3520,2C3NMHC17KY079828,Dodge,Charger,2019
5478,3521,2T1HZDZH1NE560751,Toyota,RAV4,2022
5479,3521,1FTHS5MA8P4482584,Ford,F-150,2023
5480,3521,3FA3D0ZM7KE696394,Ford,Explorer,2019
5481,3521,1GNEXEXA4P3730684,Chevrolet,Tahoe,2023
5482,3521,1FA0NFL62KW754270,Ford,Escape,2019
5483,3521,5TDG1UTU8J0705544,Toyota,RAV4,2018
5484,3522,WVGNTP0G29N794045,Volkswagen,Tiguan,2009
5485,3523,4S3XYR0F8KX514253,Subaru,Impreza,2019
5486,3524,2C4GA1KVXJ2116266,Dodge,Charger,2018
5487,3525,5GA9NT115NU154349,Buick,Encore,2022
5488,3526,JTDG3HWY0HC895825,Toyota,Camry,2017
5489,3527,5XYEH25Z6FP480873,Kia,Optima,2015
5490,3527,2C30XTD24G9300945,Chrysler,300,2016
5491,3528,3FAYED3X4KK484017,Ford,F-150,2019
5492,3529,3C6VM26G2MB954927,Ram,1500,2021
5493,3529,1FMRLW0F9J7499064,Ford,Explorer,2018
5494,3529,1C6ANUJW2HZ244103,Ram,2500,2017
5495,3529,1FM0N0SM8RF053243,Ford,Explorer,2024
5496,3529,1FTMCSJZ2NY337826,Ford,Explorer,2022
5497,3529,1GKRJ1RS9S3129889,GMC,Yukon,2025
5498,3530,1G1KRJ688NN259744,Chevrolet,Silverado 1500,2022
5499,3531,WVW3H90Z3MT538057,Volkswagen,Tiguan,2021
5500,3532,5TF06RJZ0M4771167,Toyota,Highlander,2021
5501,3533,3FARBLWK6ML854629,Ford,F-150,2021
5502,3533,3C6KXSE60M4683390,Ram,1500,2021
5503,3533,1GNGMYS81PR696109,Chevrolet,Silverado 1500,2023
5504,3534,1FAEV8771HY562341,Ford,F-150,2017
5505,3535,5TD050S40CW236210,Toyota,Tundra,2012
5506,3536,1FT5PACNXK5310383,Ford,F-150,2019
5507,3537,5J600GWX7KY123483,Honda,Civic,2019
5508,3538,3FA26TX71K9860266,Ford,Explorer,2019
5509,3538,2HGYP4PC7E6832893,Honda,Accord,2014
5510,3539,1FMG4BZ077W988718,Ford,Focus,2007
5511,3540,1FA55EAX29T166358,Ford,Explorer,2009
5512,3541,5TF4JFK95M9739377,Toyota,Corolla,2021
5513,3541,4S3CJA4D4KV019749,Subaru,Forester,2019
5514,3542,1C42TFFW3GS954156,Jeep,Wrangler,2016
5515,3543,5NPXWU5T6P0826936,Hyundai,Elantra,2023
5516,3544,1GC91MVA48K104634,Chevrolet,Cruze,2008
5517,3545,3MZZCVSM1M7747617,Mazda,Mazda3,2021
5518,3545,1HG90KTE6B3306584,Honda,Accord,2011
5519,3545,1N6WDE9N6K1002789,Nissan,Frontier,2019
5520,3546,1GNDFRKA352416833,Chevrolet,Tahoe,2005
5521,3546,2C4VFF4H5BM016529,Dodge,Durango,2011
5522,3547,5J6GTUPE8NU989092,Honda,CR-V,2022
5523,3548,1GNCCVY157X758102,Chevrolet,Silverado 1500,2007
5524,3548,2C398CA71FZ361110,Chrysler,Pacifica,2015
5525,3549,5FNE2PHA9LX877231,Honda,Civic,2020
5526,3549,1N69E2JD4KH993915,Nissan,Rogue,2019
5527,3549,1N64BW3V1DY388463,Nissan,Maxima,2013
5528,3550,5XYM3ED16GY790007,Kia,Optima,2016
5529,3551,1C3FZ62M7R0529028,Dodge,Durango,2024
5530,3552,WBS07PBN7K2673235,BMW,X5,2019
5531,3553,1FTFEYN15PW923123,Ford,F-150,2023
5532,3554,5XYNY0HY9LN917201,Kia,Optima,2020
5533,3555,4T1LCXU30CW746463,Toyota,Tacoma,2012
5534,3556,1GN6M9YH583490532,Chevrolet,Silverado 1500,2008
5535,3557,1VWJYEWL75N618628,Volkswagen,Atlas,2005
5536,3558,WAUSKWG31LE449231,Audi,Q5,2020
5537,3558,1J4GTC384EH727640,Jeep,Cherokee,2014
5538,3559,5FNANNED5L8405403,Honda,Odyssey,2020
5539,3560,JTHLKDPA7E2447772,Lexus,RX 350,2014
5540,3560,3MZECGSP6BJ705626,Mazda,CX-9,2011
5541,3561,WAUVJ37N8NT779706,Audi,A4,2022
5542,3562,4S4WYNSS8C9683222,Subaru,Outback,2012
5543,3563,KNA4ZTBH3BB456963,Kia,Sorento,2011
5544,3564,1N43TMFW3KV492624,Nissan,Pathfinder,2019
5545,3564,3FA795KK3MU114437,Ford,Explorer,2021
5546,3564,1GKML2BK6P2461046,GMC,Sierra 1500,2023
5547,3564,JTDUVZ5W2J9186397,Toyota,Tundra,2018
5548,3564,1FAN7ZFN9LK565645,Ford,F-150,2020
5549,3564,1G10XLXB0RF399306,Chevrolet,Silverado 1500,2024
5550,3564,3C6T6BDB6NH742202,Ram,1500,2022
5551,3565,2T2VU6VA6K6766414,Lexus,RX 350,2019
5552,3566,1GKBMKT55MH432062,GMC,Terrain,2021
5553,3566,WDDNK2GT3KB631429,Mercedes-Benz,E-Class,2019
5554,3567,1C6YFBA77JX394203,Ram,1500,2018
5555,3567,5NMYNSZH18U240752,Hyundai,Santa Fe,2008
5556,3567,3FA8WVKH7ER774504,Ford,F-150,2014
5557,3568,KND5PVGF2HF826155,Kia,Sportage,2017
5558,3569,WVGK3W5L3MG927282,Volkswagen,Jetta,2021
5559,3569,JTDM4K7K37Z949508,Toyota,Camry,2007
5560,3570,1N66KY7S7GE798999,Nissan,Rogue,2016
5561,3571,1FMTVE0F8DS657423,Ford,F-150,2013
5562,3571,1J4WHKX57AP793235,Jeep,Wrangler,2010
5563,3572,5TFREP1JX72872404,Toyota,Tacoma,2007
5564,3573,1J4E2H4F5GD838647,Jeep,Grand Cherokee,2016
5565,3574,1FTM92UR4F0560038,Ford,Mustang,2015
5566,3575,WVWBGP6H8L9110045,Volkswagen,Jetta,2020
5567,3576,1N4T3JD73MZ022969,Nissan,Sentra,2021
5568,3577,1GNW6EW25P6207416,Chevrolet,Tahoe,2023
5569,3578,1C4UKU139NC726926,Jeep,Cherokee,2022
5570,3579,4S3966534EU643155,Subaru,Impreza,2014
5571,3580,JM3NCU496J2079541,Mazda,Mazda3,2018
5572,3581,3N1A83N25KZ096223,Nissan,Altima,2019
5573,3582,5FN3LGJN96E600600,Honda,Accord,2006
5574,3582,1GNF08RT3LS675606,Chevrolet,Tahoe,2020
5575,3583,1FA4U8ZH3G8067917,Ford,F-150,2016
5576,3583,1C68TLZX0NA529887,Ram,2500,2022
5577,3583,3FA8TZXR2PM648844,Ford,Explorer,2023
5578,3583,1FTKBW449L4459041,Ford,Explorer,2020
5579,3583,1FM4MBKB4K1002601,Ford,Escape,2019
5580,3583,1G1KCSHKXLT408762,Chevrolet,Tahoe,2020
5581,3583,3C67P7137LJ001698,Ram,1500,2020
5582,3583,1GT0SSXL5SX640298,GMC,Yukon,2025
5583,3584,JTD879ZG4ME060472,Toyota,Corolla,2021
5584,3585,5J66VKNW7NP007296,Honda,CR-V,2022
5585,3585,4T11ZWXD6C0535212,Toyota,Corolla,2012
5586,3586,3N1NNA530LC736267,Nissan,Sentra,2020
5587,3586,KNDUVM1K1HE693265,Kia,Sorento,2017
5588,3587,1FAEBME8781892636,Ford,Escape,2008
5589,3588,1HGRCV932MS357331,Honda,Odyssey,2021
5590,3589,1G1FW3JY6RE148208,Chevrolet,Equinox,2024
5591,3589,5N1DXA5P7J3219381,Nissan,Frontier,2018
5592,3589,2T1L2KR53RV555002,Toyota,Tacoma,2024
5593,3589,2GNJHZJG8RB575964,Chevrolet,Equinox,2024
5594,3589,1C62E84M6GT260067,Ram,2500,2016
5595,3589,1C6S50VR9J0157536,Ram,1500,2018
5596,3589,1GN1R4C1XN4917198,Chevrolet,Silverado 1500,2022
5597,3590,1FTGW77E3ML955576,Ford,F-150,2021
5598,3591,4T1RW9W4XH8497572,Toyota,Camry,2017
5599,3592,1GT1V9J61LE201376,GMC,Yukon,2020
5600,3593,2T1XA6GR7MX034802,Toyota,Prius,2021
5601,3594,KMHBH5S08N8592733,Hyundai,Tucson,2022
5602,3595,WDCVGPNPXM8907355,Mercedes-Benz,GLC,2021
5603,3596,1FTXPZ600D3778144,Ford,Fusion,2013
5604,3597,JF1K3RB27KB086598,Subaru,Forester,2019
5605,3598,2C4GC7NR180818655,Dodge,Grand Caravan,2008
5606,3598,1FTF3S830LS821570,Ford,Mustang,2020
5607,3599,1N62SY4C4NJ290652,Nissan,Rogue,2022
5608,3599,WBA6B1JH6G8910095,BMW,X5,2016
5609,3600,5TDGKN3L7N1820890,Toyota,Tacoma,2022
5610,3601,4T1NS32C7PK105363,Toyota,Camry,2023
5611,3602,KNASGUEW9HN763154,Kia,Optima,2017
5612,3603,2C4EELAX2FT718509,Dodge,Durango,2015
5613,3604,5NMLMG4N0JB974274,Hyundai,Sonata,2018
5614,3605,5NPY5L1P4JY420480,Hyundai,Tucson,2018
5615,3605,2GND1GMZ0MT675532,Chevrolet,Silverado 1500,2021
5616,3606,WVW0Y7GP2MA821539,Volkswagen,Tiguan,2021
5617,3607,JTDCTHZN0HH584060,Toyota,Tacoma,2017
5618,3608,5FNYMNG1698899655,Honda,Accord,2009
5619,3609,1J4ZTHA19LP557256,Jeep,Wrangler,2020
5620,3610,5UXZCZEL98L322215,BMW,X3,2008
5621,3611,1GTVUFCC4MY716328,GMC,Yukon,2021
5622,3612,1GCB1E924GA455428,Chevrolet,Equinox,2016
5623,3613,3N1FPJF29PZ732046,Nissan,Altima,2023
5624,3614,1C6S2DFD3MX216238,Ram,1500,2021
5625,3615,1J47C6YR9G3556063,Jeep,Grand Cherokee,2016
5626,3616,1GT4S9588NY183364,GMC,Yukon,2022
5627,3617,5UX6R7316MA436931,BMW,3 Series,2021
5628,3618,1VW0MTU607W928416,Volkswagen,Tiguan,2007
5629,3618,1FAHHX1T9MS063417,Ford,Focus,2021
5630,3619,1GTLNVLV25H210420,GMC,Sierra 1500,2005
5631,3619,5J66BRY2651181552,Honda,Civic,2005
5632,3620,55SY8U7H0R0971132,Mercedes-Benz,GLC,2024
5633,3621,1GTWUUED5F4546067,GMC,Terrain,2015
5634,3622,1FAEZGHW1M3752832,Ford,F-150,2021
5635,3623,JM3JFDWL75G504367,Mazda,CX-5,2005
5636,3624,1FAHVGG125E089050,Ford,Focus,2005
5637,3625,1FMFCWYN2L2753552,Ford,Escape,2020
5638,3625,5TD0XBCC7RY597782,Toyota,Tacoma,2024
5639,3625,1GTVHJDD4LC536468,GMC,Acadia,2020
5640,3626,WAUR5ZCX6SV895390,Audi,Q5,2025
5641,3626,5TF7KSAC0B6782345,Toyota,Corolla,2011
5642,3627,4T1L1REM8HT866139,Toyota,Camry,2017
5643,3628,1FA68WJM1MX533369,Ford,Escape,2021
5644,3628,1FMMHDY15J9816660,Ford,F-150,2018
5645,3628,1GCR881Y6NY846385,Chevrolet,Equinox,2022
5646,3628,3FAWM4SA4PR578985,Ford,Explorer,2023
5647,3628,1GCGN7SS2K6748756,Chevrolet,Silverado 1500,2019
5648,3629,5TD3FXVW5JM004615,Toyota,Sienna,2018
5649,3630,4T1GC3XX9FR299661,Toyota,Corolla,2015
5650,3630,1N4LX7385GE810147,Nissan,Altima,2016
5651,3631,5TF4HFMDXLU086277,Toyota,Camry,2020
5652,3632,1C4MBTLP6PZ828789,Jeep,Compass,2023
5653,3633,JTDKE90Y6NK889824,Toyota,Highlander,2022
5654,3633,1C41UVRL7DM239188,Jeep,Grand Cherokee,2013
5655,3634,5J6B7A734HN830385,Honda,Accord,2017
5656,3634,4S3P8EC48J6889065,Subaru,Crosstrek,2018
5657,3635,1GKM2FAS59V859555,GMC,Terrain,2009
5658,3635,1C6WN4UU8CV434861,Ram,1500,2012
5659,3635,JTDMP0829JM060081,Toyota,Camry,2018
5660,3636,5TFB5X8H1EP374029,Toyota,Prius,2014
5661,3637,1N6T3WB04PA066878,Nissan,Frontier,2023
5662,3638,KNA7HMAJ6DT764152,Kia,Optima,2013
5663,3638,WAUXLC6A4HV206652,Audi,A4,2017
5664,3639,1J4WZVF19JD894307,Jeep,Wrangler,2018
5665,3640,2GNBAEPJXHR696697,Chevrolet,Traverse,2017
5666,3640,JTJFZE5R5HR972699,Lexus,ES 350,2017
5667,3640,4T1RPUJL1HC072317,Toyota,Tacoma,2017
5668,3641,1GKM2BLM6CU288632,GMC,Yukon,2012
5669,3642,4S401MJT8J7079029,Subaru,Crosstrek,2018
5670,3643,2T1273EL4LT428317,Toyota,Camry,2020
5671,3644,3FABVML68P6091179,Ford,Expedition,2023
5672,3644,1GNBDNHW3N0133420,Chevrolet,Tahoe,2022
5673,3644,3C6T9DLY8S5542184,Ram,1500,2025
5674,3645,5TFYX4H69KY211166,Toyota,Tundra,2019
5675,3645,3C6H6P0F7RA465215,Ram,1500,2024
5676,3646,3C6TBS4S7B4012362,Ram,1500,2011
5677,3647,2C3NZ126XRE575255,Chrysler,Pacifica,2024
5678,3648,55SKNL1B4H6610981,Mercedes-Benz,C-Class,2017
5679,3648,JF1A1RCG5H0354399,Subaru,Forester,2017
5680,3649,JTD1L0553JN736306,Toyota,Sienna,2018
5681,3649,3FAKA0RJ2JC325308,Ford,F-150,2018
5682,3649,5NPFD31X4KX912654,Hyundai,Tucson,2019
5683,3650,4T1NAAKY1CZ151890,Toyota,RAV4,2012
5684,3651,1J47M86G0KH036632,Jeep,Cherokee,2019
5685,3652,4T1CB1YK9FH063252,Toyota,Tacoma,2015
5686,3653,2HGF8THU9G2022276,Honda,Odyssey,2016
5687,3654,2C3L5Y7U5JB714152,Dodge,Durango,2018
5688,3655,5J6V8U923GA145977,Honda,Accord,2016
5689,3656,1FTACS2TX5R753937,Ford,F-150,2005
5690,3657,1N4W18BR1PG078067,Nissan,Maxima,2023
5691,3658,JF1JYNY12MW853726,Subaru,Forester,2021
5692,3659,JM19R30318C810563,Mazda,CX-5,2008
5693,3660,1N655BUA4EM000828,Nissan,Maxima,2014
5694,3661,1GKU1TP9XHV270070,GMC,Terrain,2017
5695,3662,2T1E9L9W6LZ136791,Toyota,RAV4,2020
5696,3662,5TDL2YSU0SJ026108,Toyota,Corolla,2025
5697,3663,2T15HV0P7PX670937,Toyota,RAV4,2023
5698,3664,2HG9KT7U4P3222606,Honda,Odyssey,2023
5699,3665,5XYB6LJK3CD578294,Kia,Optima,2012
5700,3666,3FALZBEL1JN198121,Ford,Focus,2018
5701,3666,4S4PBELP5CK416449,Subaru,Forester,2012
5702,3667,1N4RK2YJ4KB994532,Nissan,Altima,2019
5703,3668,WA1121AY2L1828648,Audi,Q5,2020
5704,3669,2T168PEE3HP575848,Toyota,Corolla,2017
5705,3670,1G1DDU5W7K0419999,Chevrolet,Malibu,2019
5706,3671,3FAPVW1D7L8637956,Ford,Explorer,2020
5707,3672,3FAK9B70XKH954690,Ford,Fusion,2019
5708,3673,JTDWPW3Y5FN267690,Toyota,RAV4,2015
5709,3674,3N1BDBS23KW862482,Nissan,Frontier,2019
5710,3675,1GTL6PLEXKH102938,GMC,Acadia,2019
5711,3676,5N1MK8HS6JU921905,Nissan,Sentra,2018
5712,3677,KMH3BZNG4CL540919,Hyundai,Elantra,2012
5713,3678,1G125P9PXLV798381,Chevrolet,Silverado 1500,2020
5714,3679,JTH9MG9718C768261,Lexus,IS 250,2008
5715,3680,JM3XCXLB96E422153,Mazda,CX-5,2006
5716,3680,KNA9LE400MJ335519,Kia,Forte,2021
5717,3681,1HG44XKT0GV773930,Honda,Pilot,2016
5718,3682,1C42WBZU0GE260744,Jeep,Grand Cherokee,2016
5719,3683,3C6S61J74PW854582,Ram,1500,2023
5720,3683,3FALCHTN6K1046935,Ford,Expedition,2019
5721,3683,1C673W9Z1L5927744,Ram,2500,2020
5722,3683,1FTCBWFV0LD886845,Ford,F-150,2020
5723,3683,1GTS5ABW3LV982034,GMC,Sierra 1500,2020
5724,3683,5TFSMAND5RX050685,Toyota,Highlander,2024
5725,3684,1C4T1G943LV296616,Jeep,Grand Cherokee,2020
5726,3685,3C6U0AAZ5N9345818,Ram,1500,2022
5727,3685,1GCFAHRM1L0497608,Chevrolet,Traverse,2020
5728,3685,1G1U0PX33KH489663,Chevrolet,Equinox,2019
5729,3685,1GCS869S0S1809990,Chevrolet,Silverado 1500,2025
5730,3685,1C6WU5939PD909812,Ram,1500,2023
5731,3685,1GN1TX5B6LV955267,Chevrolet,Silverado 1500,2020
5732,3685,1FT21PG57N8948224,Ford,F-150,2022
5733,3685,1GCE4EAN8KR783309,Chevrolet,Tahoe,2019
5734,3686,1C341P5J3H8365072,Dodge,Durango,2017
5735,3687,WDDEUUYW9JZ578420,Mercedes-Benz,GLE,2018
5736,3687,WVGD87ZH3GG637974,Volkswagen,Jetta,2016
5737,3688,KL4FPAYT4LM051258,Buick,Enclave,2020
5738,3689,2GN39HP985A613427,Chevrolet,Silverado 1500,2005
5739,3690,2T1TZFCZ1LA198948,Toyota,Tacoma,2020
5740,3690,2GNTHUW39NB564824,Chevrolet,Traverse,2022
5741,3690,5TFPK88W9E3879536,Toyota,Tacoma,2014
5742,3691,4JGMW5U6XFN060189,Mercedes-Benz,E-Class,2015
5743,3691,2GN43X7G8JG955269,Chevrolet,Cruze,2018
5744,3692,1C6DD3G85LV491876,Ram,1500,2020
5745,3692,1C6GDLK22NA705345,Ram,1500,2022
5746,3692,1G17D8KK7JD209545,Chevrolet,Traverse,2018
5747,3693,2GNGKD2T7LT504881,Chevrolet,Traverse,2020
5748,3693,1N42LH0S6K6998323,Nissan,Pathfinder,2019
5749,3693,JTDU7ET38E1967148,Toyota,Highlander,2014
5750,3693,1FMN31039L0746151,Ford,Explorer,2020
5751,3694,55SCN1VE76F086056,Mercedes-Benz,C-Class,2006
5752,3695,1GC8WXCK0N4372459,Chevrolet,Equinox,2022
5753,3696,1FMW10SD5JE457536,Ford,Expedition,2018
5754,3697,5TF0TSAK2PM185335,Toyota,Highlander,2023
5755,3697,3FA9BVS94LC847479,Ford,Escape,2020
5756,3697,4T11Z5ZZ5RR918064,Toyota,Highlander,2024
5757,3697,1GN6S19P7NW973687,Chevrolet,Tahoe,2022
5758,3697,4T1FG8NU5SY996234,Toyota,Tundra,2025
5759,3697,1G1Y55P04ME482013,Chevrolet,Silverado 1500,2021
5760,3697,1FAA2P6N6N4721973,Ford,F-150,2022
5761,3697,1GC8ECLS2KA817745,Chevrolet,Silverado 1500,2019
5762,3698,WA1DRR5P95J310029,Audi,Q5,2005
5763,3698,JTH9HVGB4GD819552,Lexus,RX 350,2016
5764,3699,1C65X5R13F6395377,Ram,1500,2015
5765,3700,4T159KZR8NZ748115,Toyota,Sienna,2022
5766,3701,1GN8D45Z7MN222525,Chevrolet,Equinox,2021
5767,3702,5TFZTZBWXGN486060,Toyota,RAV4,2016
5768,3703,5XY2ZYNG9H9203790,Kia,Optima,2017
5769,3704,1G4AWSF31MA790596,Buick,LaCrosse,2021
5770,3705,5TFZ65EBXA6570728,Toyota,Prius,2010
5771,3706,2HGAT8YV6NX003912,Honda,Accord,2022
5772,3707,4S4U0UNZ5KX457067,Subaru,Outback,2019
5773,3707,KNDPWMFR9DA640136,Kia,Optima,2013
5774,3707,1C3XFF3Y0NA006002,Chrysler,300,2022
5775,3708,5TF23B5SXK8542409,Toyota,Highlander,2019
5776,3709,1C4XN5CK7D8561684,Jeep,Compass,2013
5777,3710,1GKEX8JJ9NN835598,GMC,Acadia,2022
5778,3710,2GNK8FV59RP317550,Chevrolet,Silverado 1500,2024
5779,3710,1GTENZ4M0P2091780,GMC,Sierra 1500,2023
5780,3710,1FTSGA4E6NG903202,Ford,Explorer,2022
5781,3710,3FAW25TEXNV268079,Ford,Explorer,2022
5782,3710,1GKWP9FY1GS337741,GMC,Terrain,2016
5783,3711,3C6KU20M6RA987900,Ram,1500,2024
5784,3711,1G12ZKAY2MC990189,Chevrolet,Silverado 1500,2021
5785,3711,2GNHHFHB7PA372784,Chevrolet,Traverse,2023
5786,3712,1GNU2G963N2825075,Chevrolet,Traverse,2022
5787,3712,1FTRSU69XKN043780,Ford,F-150,2019
5788,3713,1FAPJSYU9GS773312,Ford,Explorer,2016
5789,3713,JM1J50UE081368034,Mazda,Mazda6,2008
5790,3714,1C6AT0TY3K4593255,Ram,1500,2019
5791,3715,3FAHXGEL1PW172632,Ford,Expedition,2023
5792,3715,1GNV5XDS8KD492453,Chevrolet,Tahoe,2019
5793,3716,1GT1EHA51BB677547,GMC,Sierra 1500,2011
5794,3717,WAUTWHMP4PR023124,Audi,A4,2023
5795,3718,KNDCT67C2G6294418,Kia,Optima,2016
5796,3719,5TFPF5UD2HR610657,Toyota,Camry,2017
5797,3720,WDDP30EB1MS924723,Mercedes-Benz,GLC,2021
5798,3721,5TFRFDFJ0ML415286,Toyota,RAV4,2021
5799,3722,2T1CMKJJ2KL127362,Toyota,RAV4,2019
5800,3723,1C61CBCM3F8001120,Ram,1500,2015
5801,3724,JM1SH0CX1J4411654,Mazda,Mazda3,2018
5802,3725,5NP0VH7G3PB314163,Hyundai,Sonata,2023
5803,3726,2T1UJLG39NR568872,Toyota,Prius,2022
5804,3727,WDCJR8K32KH332505,Mercedes-Benz,C-Class,2019
5805,3728,1N4ZYHEV6NU112973,Nissan,Altima,2022
5806,3729,2C4PV42F4GY731349,Dodge,Durango,2016
5807,3729,WBAREC637EW983479,BMW,X5,2014
5808,3730,JM39V6G6793187617,Mazda,Mazda6,2009
5809,3731,1HGZGH434MZ841585,Honda,Accord,2021
5810,3731,5TFKP3XS3R3245402,Toyota,Corolla,2024
5811,3731,2GN7EMG04NM285218,Chevrolet,Traverse,2022
5812,3732,5XYY21H29H9754372,Kia,Sportage,2017
5813,3733,5FNJB8WS2MT290314,Honda,Civic,2021
5814,3734,1FTNMZMW1A6609946,Ford,F-150,2010
5815,3734,1C3YJTPK7KZ881162,Chrysler,Pacifica,2019
5816,3735,55SHGWAF8J4187039,Mercedes-Benz,E-Class,2018
5817,3736,1G1HM8D57DZ850214,Chevrolet,Silverado 1500,2013
5818,3737,3FAVK49W3J3623962,Ford,Fusion,2018
5819,3738,3N1BPPYZ2NA245584,Nissan,Rogue,2022
5820,3739,WBSGJ4462MX754072,BMW,X3,2021
5821,3740,2T1VHPMT4CY562900,Toyota,Highlander,2012
5822,3741,1C43SBHV5GU964955,Jeep,Wrangler,2016
5823,3742,5FNSZ12N1KB384646,Honda,CR-V,2019
5824,3743,1GNN76W50KR153975,Chevrolet,Equinox,2019
5825,3744,1FT52DR0680966338,Ford,Escape,2008
5826,3744,3MZKWS1K678494896,Mazda,Mazda3,2007
5827,3744,KMHZ04SK5C0488004,Hyundai,Santa Fe,2012
5828,3745,1N4Z855L9DN986322,Nissan,Rogue,2013
5829,3746,3FA99JV68HY164989,Ford,Fusion,2017
5830,3747,WA14E370XHB538032,Audi,A4,2017
5831,3747,5N1MZJEG65H478947,Nissan,Rogue,2005
5832,3747,1J4CZ5GN2F9787761,Jeep,Grand Cherokee,2015
5833,3748,1GNE3HZY29Z898525,Chevrolet,Impala,2009
5834,3749,3FA8PKNN5FN614630,Ford,F-150,2015
5835,3750,3MZW103G277825461,Mazda,Mazda6,2007
5836,3751,1FADZX3R8GP147765,Ford,F-150,2016
5837,3752,1FTY3DGVXHM496767,Ford,F-150,2017
5838,3753,1FM1WM8G2KS815070,Ford,Explorer,2019
5839,3753,3VWWE7BW5KR121628,Volkswagen,Tiguan,2019
5840,3754,1FML68MV4GG569847,Ford,F-150,2016
5841,3755,JTDHCFSWXGG439433,Toyota,Tacoma,2016
5842,3756,4T1TX9146J5432901,Toyota,Camry,2018
5843,3756,5NPTT59H5EL329228,Hyundai,Elantra,2014
5844,3756,1FM6DY1569G060434,Ford,F-150,2009
5845,3757,1GKXW73M7M9959695,GMC,Sierra 1500,2021
5846,3757,1C6DSTEA0PT438418,Ram,1500,2023
5847,3757,1C6T04D78KK521218,Ram,1500,2019
5848,3757,1GKLVMWV58K496460,GMC,Sierra 1500,2008
5849,3757,1FTCJ8HW4H2416275,Ford,Explorer,2017
5850,3757,3C6E24LG4MG414293,Ram,1500,2021
5851,3757,1GC57LU15PY667289,Chevrolet,Silverado 1500,2023
5852,3758,5XYRRM163KE133853,Kia,Sorento,2019
5853,3759,2C3FUEGU1SD439562,Dodge,Challenger,2025
5854,3760,2C4X4RV19LV056450,Dodge,Grand Caravan,2020
5855,3761,1C6ZM811XN8514276,Ram,1500,2022
5856,3761,5N1ZSTA14AW050498,Nissan,Rogue,2010
5857,3761,1J4319X738G397380,Jeep,Compass,2008
5858,3762,1N4BHA6KXN5120758,Nissan,Altima,2022
5859,3763,1N4R9VR92M4840197,Nissan,Rogue,2021
5860,3764,5TFHCKRM7KE405841,Toyota,Sienna,2019
5861,3764,5TFWKBNR9F8589423,Toyota,RAV4,2015
5862,3765,1FM1BN5V8C2397099,Ford,Escape,2012
5863,3766,1J4TB8N40LZ041188,Jeep,Cherokee,2020
5864,3767,4S3NZVNC2R1059022,Subaru,Impreza,2024
5865,3768,5NPVM9AFXC7019217,Hyundai,Elantra,2012
5866,3768,1HGCD8N58ER626923,Honda,Accord,2014
5867,3769,1GCLZSLU2FY894350,Chevrolet,Equinox,2015
5868,3769,3C6LW4LK3RX100108,Ram,1500,2024
5869,3769,1FTP86R41G0161173,Ford,F-150,2016
5870,3769,4T1PZKAL1HK416451,Toyota,Highlander,2017
5871,3769,1GKXTL0L7MD008858,GMC,Sierra 1500,2021
5872,3769,1FMKV70G1M6968510,Ford,Explorer,2021
5873,3770,2GNSMZK24DS584303,Chevrolet,Traverse,2013
5874,3771,55SDP7AA5HR841758,Mercedes-Benz,C-Class,2017
5875,3772,KMH2A9CH1NH510745,Hyundai,Elantra,2022
5876,3773,3C61HLFK6MU007195,Ram,1500,2021
5877,3774,1GN967198DB854893,Chevrolet,Malibu,2013
5878,3775,1FM3KBA43H8935135,Ford,Escape,2017
5879,3775,1G16R2P07KG267138,Chevrolet,Silverado 1500,2019
5880,3776,5N1A7T8CXJT999738,Nissan,Rogue,2018
5881,3777,4T1LT4704L0757355,Toyota,Highlander,2020
5882,3777,1FA75J7T4NF568736,Ford,Explorer,2022
5883,3777,1FAAVPUS5RW498156,Ford,Escape,2024
5884,3777,JTDHMUKY7KN306667,Toyota,Tacoma,2019
5885,3777,3C6BN6X65N3493926,Ram,2500,2022
5886,3777,3C6BH8B66PL297328,Ram,1500,2023
5887,3778,1C37R2YP1CP265768,Chrysler,Pacifica,2012
5888,3779,1GNDAA2J2MG701895,Chevrolet,Cruze,2021
5889,3779,1GNJ1WEN25F006600,Chevrolet,Silverado 1500,2005
5890,3779,1J40YSAE45N689317,Jeep,Wrangler,2005
5891,3780,1J4L1PCJ951497469,Jeep,Wrangler,2005
5892,3781,JM1YZ12Z0NT148603,Mazda,Mazda3,2022
5893,3782,1C3N6XWP7H2310491,Chrysler,300,2017
5894,3783,2T1WX1BY6JM111037,Toyota,Tundra,2018
5895,3784,1C3DN96G8GS824469,Chrysler,Pacifica,2016
5896,3785,2T1BD8CS5D3508405,Toyota,Prius,2013
5897,3785,3C6GHR8V7EL015656,Ram,1500,2014
5898,3786,55SMCEWH3N5277309,Mercedes-Benz,E-Class,2022
5899,3787,1FMXP0VZ596200375,Ford,F-150,2009
5900,3788,4T1CJU9S7CC122293,Toyota,Highlander,2012
5901,3789,4T1VA8H82PC345983,Toyota,Corolla,2023
5902,3790,JTD2FGCP7LL802931,Toyota,Camry,2020
5903,3791,3N1H1LUY9C9610410,Nissan,Maxima,2012
5904,3792,JTDXGY1R6P6892736,Toyota,Tundra,2023
5905,3792,WDDTPPX71EE211762,Mercedes-Benz,GLC,2014
5906,3793,JM1LTHWU4NJ698644,Mazda,CX-5,2022
5907,3794,KMHUT4673JE112358,Hyundai,Tucson,2018
5908,3795,KNA601WD3JH754486,Kia,Sorento,2018
5909,3796,1GCT6PC51GR429181,Chevrolet,Silverado 1500,2016
5910,3796,1J4GZ9R61C2301217,Jeep,Compass,2012
5911,3797,4S4764YM5SN395256,Subaru,Impreza,2025
5912,3798,5N1M00CE2GY195390,Nissan,Pathfinder,2016
5913,3799,1N61LKP93KW557199,Nissan,Pathfinder,2019
5914,3800,5NMU4TXC55H842962,Hyundai,Sonata,2005
5915,3801,1C6WB73N4P9108462,Ram,1500,2023
5916,3801,1FMZXP499P9550056,Ford,Escape,2023
5917,3801,3FAA9SSK6R3736094,Ford,Expedition,2024
5918,3802,1FTT04L46EN295762,Ford,F-150,2014
5919,3802,2GNW5PVL99P920917,Chevrolet,Silverado 1500,2009
5920,3802,4T1YE4G01NX762894,Toyota,Tacoma,2022
5921,3802,5TDR1PX3XS1753232,Toyota,Tacoma,2025
5922,3802,1GCGP95Z2EH326431,Chevrolet,Silverado 1500,2014
5923,3802,5TDZ4X2T2LY411006,Toyota,RAV4,2020
5924,3802,1G16ENBP0P9509703,Chevrolet,Equinox,2023
5925,3803,1G4KU0W40FH957547,Buick,Encore,2015
5926,3803,1HG1PVUG2M8451069,Honda,Pilot,2021
5927,3804,5TF5156T1R8332335,Toyota,RAV4,2024
5928,3805,1J4CVPBC3KD362599,Jeep,Grand Cherokee,2019
5929,3806,1G1BTT7P3C0500560,Chevrolet,Silverado 1500,2012
5930,3807,1FABJLCK3M8852635,Ford,Explorer,2021
5931,3808,1GKSV517099294368,GMC,Yukon,2009
5932,3809,1FAEZ7D0XJ4393679,Ford,Fusion,2018
5933,3810,1N6S6ZG59M8432037,Nissan,Frontier,2021
5934,3810,4T18LK211PE095494,Toyota,RAV4,2023
5935,3810,2GNMA2TXXJM556766,Chevrolet,Equinox,2018
5936,3810,1FT7733N8N3238328,Ford,F-150,2022
5937,3810,1FABZ1AN1G4587235,Ford,Explorer,2016
5938,3810,1GKTBFDE3RF611087,GMC,Sierra 1500,2024
5939,3811,1GNW9D7S45A242748,Chevrolet,Malibu,2005
5940,3811,1FAZXULS3JZ793076,Ford,Focus,2018
5941,3812,5FN6A1DE8A9369248,Honda,CR-V,2010
5942,3813,1GN774BH653227338,Chevrolet,Silverado 1500,2005
5943,3814,5UXHD18H7A8360696,BMW,3 Series,2010
5944,3815,1FMCG4BL1MK988786,Ford,Explorer,2021
5945,3815,1N4J3MC06MW937362,Nissan,Rogue,2021
5946,3816,5TFZG6114KJ174227,Toyota,Corolla,2019
5947,3816,1GNE12GXXC3379570,Chevrolet,Cruze,2012
5948,3817,3FAH3UYP7EK297308,Ford,F-150,2014
5949,3818,WAUSL0ZM1A5571908,Audi,Q7,2010
5950,3818,WVW44ABJ5KY678331,Volkswagen,Tiguan,2019
5951,3819,1FANDST40R6998946,Ford,F-150,2024
5952,3819,1GNCXFF94JK724563,Chevrolet,Silverado 1500,2018
5953,3819,1FTGTE1B28K074276,Ford,Escape,2008
5954,3820,1HG9XKZM2BH176462,Honda,Civic,2011
5955,3821,5TDTRPWK5HV631998,Toyota,RAV4,2017
5956,3822,2T1D01MP1PR400564,Toyota,Camry,2023
5957,3823,1N63S8M53GN238642,Nissan,Pathfinder,2016
5958,3824,1C30DFN23B6712802,Dodge,Charger,2011
5959,3825,2C4CDWHCXEE941804,Dodge,Challenger,2014
5960,3826,WDCGS0W97MM675528,Mercedes-Benz,E-Class,2021
5961,3826,2C3SWS779NH880676,Dodge,Charger,2022
5962,3827,1FTKBNDA8R2883931,Ford,Focus,2024
5963,3828,1VW9C10F9CZ927777,Volkswagen,Tiguan,2012
5964,3829,2C3DJKX34LS904211,Chrysler,Pacifica,2020
5965,3830,1GK1SRWS3RT619283,GMC,Sierra 1500,2024
5966,3831,5N11LLB62MN359255,Nissan,Pathfinder,2021
5967,3831,1FTNVJYU98F228668,Ford,F-150,2008
5968,3831,1C65E0U37MF714892,Ram,2500,2021
5969,3831,JTDA0HGD5NP241157,Toyota,RAV4,2022
5970,3831,2T1Z5ENN1LH206208,Toyota,Tacoma,2020
5971,3831,3C617KNC8GP042539,Ram,1500,2016
5972,3831,1FTGHTC45LV507049,Ford,F-150,2020
5973,3832,1J4L44HE1FU003445,Jeep,Compass,2015
5974,3833,1N4SFMAR8HA078954,Nissan,Altima,2017
5975,3834,1G1RTSC64G1988889,Chevrolet,Silverado 1500,2016
5976,3834,3C6NKHR01JY442589,Ram,1500,2018
5977,3834,JTDPW1TR0M5869946,Toyota,Sienna,2021
5978,3834,3C6J3JAJXRV041630,Ram,2500,2024
5979,3834,1GNZRYG37RV039591,Chevrolet,Silverado 1500,2024
5980,3834,1FTZ3PNN3NP495673,Ford,F-150,2022
5981,3834,1FA8G1XT0LA918291,Ford,F-150,2020
5982,3835,1HGNZFUE5G8952929,Honda,Odyssey,2016
5983,3836,1FM3PBH85JP038873,Ford,F-150,2018
5984,3837,1FMH8VEX58E584398,Ford,Expedition,2008
5985,3838,1FTA5SUX7ND132016,Ford,F-150,2022
5986,3838,5TDGE9EP5PX844040,Toyota,RAV4,2023
5987,3838,3FA3NLBG4NJ336725,Ford,F-150,2022
5988,3839,5FNG4PWA1N7936670,Honda,Civic,2022
5989,3839,2C4FSE4S3K1604081,Dodge,Challenger,2019
5990,3840,5XYRCKTS0HC024450,Kia,Sorento,2017
5991,3841,KNDBSC5G0K6988360,Kia,Optima,2019
5992,3841,5UXMR7M45K8693180,BMW,3 Series,2019
5993,3842,1N42UTW52P8855642,Nissan,Rogue,2023
5994,3843,JTDU2B1Z1HU415532,Toyota,Prius,2017
5995,3844,1N4DW56U3KH706509,Nissan,Rogue,2019
5996,3844,3FA97V8V2RU701526,Ford,F-150,2024
5997,3844,JTDE79ZF0M5005138,Toyota,Sienna,2021
5998,3844,3C6SYCJF2L9852979,Ram,2500,2020
5999,3844,1GK50Y49XLK619165,GMC,Sierra 1500,2020
6000,3844,1G1A7SR10LZ912157,Chevrolet,Silverado 1500,2020
6001,3845,WDDKV7GY3FJ189220,Mercedes-Benz,GLC,2015
6002,3846,3FAR9LM15G6648369,Ford,Escape,2016
6003,3847,1HGCVNZP666782436,Honda,Civic,2006
6004,3848,4T13DJ9T5NZ498313,Toyota,RAV4,2022
6005,3848,2C34TXKF8N5807944,Dodge,Durango,2022
6006,3848,5TD4CZAJ6CJ941755,Toyota,RAV4,2012
6007,3849,5N1TJ0SB9DS318617,Nissan,Sentra,2013
6008,3850,1HGPJUNZ5HR811344,Honda,CR-V,2017
6009,3851,1FACY60U2P8177811,Ford,F-150,2023
6010,3852,5TDM8HEC6BE755972,Toyota,Corolla,2011
6011,3853,2GNGG32G1C8479655,Chevrolet,Cruze,2012
6012,3854,JM147MCG8KA881931,Mazda,CX-9,2019
6013,3855,5J63RBDL8LD515824,Honda,Civic,2020
6014,3856,1J4BBGJL9L7156418,Jeep,Grand Cherokee,2020
6015,3856,1GNK0MDP9GU777133,Chevrolet,Equinox,2016
6016,3857,1C31SWMZXC5901480,Dodge,Challenger,2012
6017,3857,5FNMKZ1G0A9477873,Honda,Accord,2010
6018,3858,5TF4H6J43LT478575,Toyota,Tacoma,2020
6019,3859,WA16S8SP1K0013768,Audi,Q5,2019
6020,3860,1G4NFZUL7JP051948,Buick,LaCrosse,2018
6021,3861,4JGDVZUX5HL907766,Mercedes-Benz,GLC,2017
6022,3862,1FTGD80D8NY579622,Ford,F-150,2022
6023,3862,5J6WF2W01CR735785,Honda,Accord,2012
6024,3863,5TFC3TD98MJ223787,Toyota,RAV4,2021
6025,3863,1N6ZRHTW3JE261538,Nissan,Sentra,2018
6026,3864,5N1RRAFJ9P3255916,Nissan,Pathfinder,2023
6027,3865,1FAUM64W5NL742994,Ford,Escape,2022
6028,3866,JTD9NKCZX7P446401,Toyota,Tacoma,2007
6029,3866,3C642UB99GJ715826,Ram,1500,2016
6030,3867,1FAA4FBGXAB252078,Ford,F-150,2010
6031,3868,5NMNHLWZ2LG544788,Hyundai,Santa Fe,2020
6032,3869,JTJFSRESXHP142391,Lexus,ES 350,2017
6033,3870,3N1ASSUE959476855,Nissan,Altima,2005
6034,3871,1GKL93TL6FY682603,GMC,Terrain,2015
6035,3871,1C6ED0F46HU586168,Ram,1500,2017
6036,3871,1FMUSKFZ6K2585616,Ford,Escape,2019
6037,3871,1FA78TGA9FN823471,Ford,F-150,2015
6038,3871,1GCS2GXZ0MX957225,Chevrolet,Silverado 1500,2021
6039,3871,1C6Y8KZY4PG102846,Ram,1500,2023
6040,3871,1GNF9ZE84RC716521,Chevrolet,Silverado 1500,2024
6041,3872,1FAVHXH56HD952437,Ford,F-150,2017
6042,3873,1GCSHLKT0BH085937,Chevrolet,Silverado 1500,2011
6043,3874,1VW6YYBN5H6704923,Volkswagen,Tiguan,2017
6044,3875,KNDGS2WE7GE023120,Kia,Sportage,2016
6045,3875,5UX6R15UXEY691157,BMW,X3,2014
6046,3876,1C6HJ4AB1EN059132,Ram,1500,2014
6047,3877,1GNNH5BA6D2353927,Chevrolet,Silverado 1500,2013
6048,3878,1GC7HV107MC519697,Chevrolet,Silverado 1500,2021
6049,3878,1G11H1PXXH1574934,Chevrolet,Silverado 1500,2017
6050,3878,1G1KPV9T8M2801115,Chevrolet,Silverado 1500,2021
6051,3878,2GNMJA247N2191031,Chevrolet,Tahoe,2022
6052,3878,3C61GMPSXLU072458,Ram,1500,2020
6053,3879,3FA8CRBX6G1658008,Ford,Escape,2016
6054,3880,2C4MMYD08J7336822,Dodge,Charger,2018
6055,3881,1G1G30X99M0215465,Chevrolet,Tahoe,2021
6056,3881,1G1BT2HR9MN760962,Chevrolet,Malibu,2021
6057,3882,2GN7CL7Z9PW310247,Chevrolet,Silverado 1500,2023
6058,3882,5TDDL10H2F4417067,Toyota,Highlander,2015
6059,3882,1C6TEPXY6JK589846,Ram,2500,2018
6060,3882,1FMSX8S39MR813986,Ford,Escape,2021
6061,3882,1FMH07MF8JR433176,Ford,Expedition,2018
6062,3882,5TDYHHB57M7007374,Toyota,Highlander,2021
6063,3882,1GCCYL6C8M5552928,Chevrolet,Traverse,2021
6064,3882,2GNU7N6F4MZ374099,Chevrolet,Silverado 1500,2021
6065,3883,3VWDZ6H90F3282694,Volkswagen,Tiguan,2015
6066,3884,1FAEK0W8XLP641283,Ford,Mustang,2020
6067,3885,1C36NA0P4FG581442,Dodge,Grand Caravan,2015
6068,3886,1GNYK5ZZ2HY130216,Chevrolet,Silverado 1500,2017
6069,3886,1FA3JPT40LH602068,Ford,Fusion,2020
6070,3887,1GTE7S422G6275191,GMC,Yukon,2016
6071,3888,2C3SYNJS9FE745502,Dodge,Challenger,2015
6072,3889,1G14P1PL2MJ932924,Chevrolet,Silverado 1500,2021
6073,3890,1C6E8D5X9N3554758,Ram,1500,2022
6074,3891,5NM44PKDXLT995323,Hyundai,Santa Fe,2020
6075,3892,5NPA3YHSXKF366369,Hyundai,Elantra,2019
6076,3893,1FM3SZ3HXHB883207,Ford,Explorer,2017
6077,3893,2GNSAB4F0BC038248,Chevrolet,Tahoe,2011
6078,3893,1FABVNND6M8147682,Ford,F-150,2021
6079,3893,1GC1M3SD8G4309938,Chevrolet,Equinox,2016
6080,3893,1GTKUMJX6RY908015,GMC,Sierra 1500,2024
6081,3893,1FM94Y4U1HN226532,Ford,Expedition,2017
6082,3893,JTD8R8BN9PH396506,Toyota,Tacoma,2023
6083,3894,1FANNSL19NB904051,Ford,Fusion,2022
6084,3895,3C639JUK1JS131850,Ram,1500,2018
6085,3895,1FMMX7352KH016873,Ford,Explorer,2019
6086,3895,3C6X1YKV9LF760492,Ram,2500,2020
6087,3895,1FTCCMY72RE687878,Ford,F-150,2024
6088,3895,1GTPKT266PE542101,GMC,Sierra 1500,2023
6089,3895,1GTWVRSM3M4758879,GMC,Sierra 1500,2021
6090,3895,4T1U31VX5N0003953,Toyota,Highlander,2022
6091,3895,1FT5L5577PF212091,Ford,F-150,2023
6092,3896,5TD55TDY9PA507579,Toyota,RAV4,2023
6093,3897,5NPG984Y5JC072591,Hyundai,Santa Fe,2018
6094,3898,5TDVXLBZ6F5234615,Toyota,Prius,2015
6095,3898,1C4ANG2W2H0874507,Jeep,Cherokee,2017
6096,3899,1VWSKN9FX71711634,Volkswagen,Passat,2007
6097,3900,3C6FYGRZ4C4568788,Ram,1500,2012
6098,3900,2C347CBS0PR698708,Dodge,Challenger,2023
6099,3901,1FAE7FDR5LM432454,Ford,F-150,2020
6100,3902,1GNJVU6Z8D7368739,Chevrolet,Silverado 1500,2013
6101,3902,5N1430D949R305863,Nissan,Frontier,2009
6102,3903,5TF5ERXL3L8409868,Toyota,Tacoma,2020
6103,3904,3C6MYZ0AXL5109348,Ram,1500,2020
6104,3904,2T1RVGTL3R2200385,Toyota,Sienna,2024
6105,3904,1GCT2RZH0R3918699,Chevrolet,Tahoe,2024
6106,3904,2T1ANXK4XNL757211,Toyota,RAV4,2022
6107,3904,1FTDUAW81MC179983,Ford,F-150,2021
6108,3904,1FAM1HPA0LJ432250,Ford,F-150,2020
6109,3904,5TFULDMJ8HB217864,Toyota,Sienna,2017
6110,3904,1N6UBHZM8GT230164,Nissan,Pathfinder,2016
6111,3905,KNDP4MBE85D889987,Kia,Optima,2005
6112,3906,4T1S5LED1JE444818,Toyota,Tundra,2018
6113,3907,1N492M373D4098270,Nissan,Sentra,2013
6114,3908,4T1XL4NW1JG610097,Toyota,Tacoma,2018
6115,3909,JTHPXJ3B0J0740578,Lexus,ES 350,2018
6116,3910,WDDD8W3G1GL335515,Mercedes-Benz,E-Class,2016
6117,3911,2GNDH2KT9JH469525,Chevrolet,Silverado 1500,2018
6118,3912,KMHWX42V0BG651611,Hyundai,Elantra,2011
6119,3913,JM1NGY6F2LJ055902,Mazda,Mazda3,2020
6120,3913,4T124HMC2JN143113,Toyota,RAV4,2018
6121,3914,3C6W5JBG97P521419,Ram,1500,2007
6122,3915,1FML8YDX9LH025425,Ford,Explorer,2020
6123,3916,5FNWZK356HZ866017,Honda,Accord,2017
6124,3917,1FAW40602NG803774,Ford,Escape,2022
6125,3917,1C69XE5F4PT066869,Ram,1500,2023
6126,3917,1GKUEM4Y4H8742882,GMC,Yukon,2017
6127,3918,1C4VLTXH7FK830496,Jeep,Grand Cherokee,2015
6128,3919,1HGZF7A51EN923432,Honda,Civic,2014
6129,3920,5UX16RW09D2899643,BMW,3 Series,2013
6130,3921,3C6BUNCF1PE972323,Ram,2500,2023
6131,3922,KMHHJB280P1097697,Hyundai,Tucson,2023
6132,3923,5UX7XXYN3LK952176,BMW,X3,2020
6133,3924,5TF0DL9G6AZ265833,Toyota,RAV4,2010
6134,3925,3N1VUKL77RH687952,Nissan,Pathfinder,2024
6135,3926,3FA4G04S2FF844856,Ford,Escape,2015
6136,3926,1GK287AU6R4169820,GMC,Sierra 1500,2024
6137,3926,1GKWCZZJ3KP391189,GMC,Terrain,2019
6138,3926,1G12W78W4LT500991,Chevrolet,Silverado 1500,2020
6139,3926,5N1DU2636PH267783,Nissan,Rogue,2023
6140,3926,2GNFADPY4JV388155,Chevrolet,Silverado 1500,2018
6141,3926,1G12PPZK9MX843394,Chevrolet,Silverado 1500,2021
6142,3926,2T14XE0C2K2347008,Toyota,Highlander,2019
6143,3927,1GCMJACL27S040816,Chevrolet,Malibu,2007
6144,3928,3C6127VW3HA327613,Ram,2500,2017
6145,3929,JTDYM73S2EG489447,Toyota,Corolla,2014
6146,3930,3FAZUCXA2M1339834,Ford,F-150,2021
6147,3931,1GCNG8S64KA066632,Chevrolet,Cruze,2019
6148,3932,5N1R39SB9JM812503,Nissan,Altima,2018
6149,3933,1J42ZYZ45RP730505,Jeep,Wrangler,2024
6150,3933,1G1Z5A839KZ993678,Chevrolet,Cruze,2019
6151,3933,1FAJZHRN5PE325219,Ford,F-150,2023
6152,3934,KMH2YVGM6LS662600,Hyundai,Sonata,2020
6153,3935,1C4W4BXJ6JT658687,Jeep,Grand Cherokee,2018
6154,3936,5J6DVABP7F1635796,Honda,Accord,2015
6155,3936,3FAFSANR4N4094170,Ford,Fusion,2022
6156,3936,2GNF0AGE9FA841286,Chevrolet,Tahoe,2015
6157,3937,WBAFHX6V4HG074553,BMW,3 Series,2017
6158,3938,WDDW73T798W972730,Mercedes-Benz,C-Class,2008
6159,3939,1C3Z0S226EV872800,Dodge,Charger,2014
6160,3940,2GN5BTZN3NY248737,Chevrolet,Tahoe,2022
6161,3940,5UXNYY5B0LW205793,BMW,3 Series,2020
6162,3941,1N6R0FAZ7MZ035947,Nissan,Frontier,2021
6163,3942,1G1CLDU94JE860825,Chevrolet,Silverado 1500,2018
6164,3942,5N1HR403XNU497869,Nissan,Sentra,2022
6165,3942,2C30K3U44N8072061,Dodge,Grand Caravan,2022
6166,3943,5FNZHAV15PY723374,Honda,CR-V,2023
6167,3944,JTHYJ8AK6CW396188,Lexus,RX 350,2012
6168,3944,1GKL3JU4X5H415413,GMC,Yukon,2005
6169,3944,2C3XTSAE5MF894655,Dodge,Challenger,2021
6170,3945,1G1RPX871MD482823,Chevrolet,Silverado 1500,2021
6171,3946,3N1K520Z1FK708251,Nissan,Maxima,2015
6172,3946,WBSGX76E7NA500897,BMW,X5,2022
6173,3947,5TDNBA2PXL6452046,Toyota,Tacoma,2020
6174,3948,3FA1X6N46MU745603,Ford,F-150,2021
6175,3948,1GC0MYVX5MD581065,Chevrolet,Silverado 1500,2021
6176,3948,1C60W27CXFV960519,Ram,1500,2015
6177,3948,1GNF7A413M1843311,Chevrolet,Tahoe,2021
6178,3949,3N1LK3JN0MG356116,Nissan,Frontier,2021
6179,3950,1N41UMBU7ER647617,Nissan,Rogue,2014
6180,3951,1HG7K4U00LN028593,Honda,Accord,2020
6181,3952,1FTT4NYT4NC097557,Ford,Mustang,2022
6182,3952,KMHY5RAK1JP244334,Hyundai,Elantra,2018
6183,3953,1J4YGJB42NL478621,Jeep,Cherokee,2022
6184,3954,1GT1R87MXL7827419,GMC,Acadia,2020
6185,3955,1N6MK9YU4P6476005,Nissan,Rogue,2023
6186,3955,1FTGBMDT4RR182652,Ford,Expedition,2024
6187,3955,1FTHWVVW4LH015907,Ford,Explorer,2020
6188,3955,1C6BHHWH1P3422355,Ram,1500,2023
6189,3956,1FTMPP8V4JU372020,Ford,F-150,2018
6190,3956,3C6UKK6M3NX298961,Ram,1500,2022
6191,3956,3FA263AN5P8285917,Ford,F-150,2023
6192,3956,2GNYZUUYXMA513614,Chevrolet,Equinox,2021
6193,3956,2GNU3KW13LW328794,Chevrolet,Equinox,2020
6194,3957,2T2VSUFS1F9125287,Lexus,RX 350,2015
6195,3958,1FMBGECH7L5071330,Ford,Explorer,2020
6196,3959,5J6B02SM4G5472665,Honda,Accord,2016
6197,3960,1GN1CTL149U662937,Chevrolet,Silverado 1500,2009
6198,3961,4S451HD02J0877016,Subaru,Outback,2018
6199,3962,JM19GXYP7H8435866,Mazda,CX-9,2017
6200,3963,5TF3R0YS1FD919497,Toyota,Camry,2015
6201,3963,55SC9YPF2JD645410,Mercedes-Benz,GLE,2018
6202,3964,1J4EYSRF7MG668239,Jeep,Compass,2021
6203,3965,1C4W1T228L7046341,Jeep,Grand Cherokee,2020
6204,3966,1FTBWTU59MZ252231,Ford,Fusion,2021
6205,3967,JM368A998AZ796558,Mazda,Mazda3,2010
6206,3968,2C42FB7N1NL367459,Dodge,Grand Caravan,2022
6207,3969,1C60LGJD5E0800664,Ram,1500,2014
6208,3970,1GC1NRD28J9229299,Chevrolet,Silverado 1500,2018
6209,3971,5NPK1LL9785644077,Hyundai,Tucson,2008
6210,3972,2HG5ZUWV5M3203276,Honda,CR-V,2021
6211,3973,3N1RNLCH2LB232384,Nissan,Rogue,2020
6212,3974,1FTBTU2W9LJ911769,Ford,Fusion,2020
6213,3975,1GKE1CE238H832125,GMC,Acadia,2008
6214,3976,5TF7BL424K3181904,Toyota,Highlander,2019
6215,3976,4T1RNT5M7LU864493,Toyota,RAV4,2020
6216,3976,5NMXNV8W6K6246507,Hyundai,Tucson,2019
6217,3977,3FACG4LWXL3799136,Ford,F-150,2020
6218,3977,1FTG84EL55Z818132,Ford,Focus,2005
6219,3977,5TDVR2TJ6LF860099,Toyota,Tundra,2020
6220,3978,1C6N0CM75JS164341,Ram,1500,2018
6221,3978,2GNHVB2Y2JP307568,Chevrolet,Tahoe,2018
6222,3978,5TFW3UP00JH777084,Toyota,Sienna,2018
6223,3978,1FMADY3X7PR922098,Ford,F-150,2023
6224,3978,2T1PC6TM6PC498373,Toyota,RAV4,2023
6225,3979,3FA4S22A7HV250034,Ford,F-150,2017
6226,3979,1FTVBZE67M1055429,Ford,Escape,2021
6227,3979,1GC1KJZG4MJ870032,Chevrolet,Silverado 1500,2021
6228,3979,1GTD3WZ53S4784177,GMC,Yukon,2025
6229,3979,1GC13UX46KA970430,Chevrolet,Silverado 1500,2019
6230,3979,1FTDL4N73N4082308,Ford,Explorer,2022
6231,3979,1GTTZ3PS4MH246858,GMC,Terrain,2021
6232,3980,WVGFP3107FA777182,Volkswagen,Jetta,2015
6233,3981,JM3T6GZZXE9165506,Mazda,Mazda3,2014
6234,3981,5TF4ASC35HV699558,Toyota,RAV4,2017
6235,3982,1FA56AD81NS829591,Ford,Mustang,2022
6236,3983,5TDY1SB726R302165,Toyota,Camry,2006
6237,3984,1C30BUKE7EM218709,Chrysler,300,2014
6238,3985,1GTMWCAR3LD412666,GMC,Acadia,2020
6239,3985,1FMTJ7LF3RW727008,Ford,F-150,2024
6240,3985,1C6PRVS00R7018296,Ram,1500,2024
6241,3985,1FTLPHZ76MM682336,Ford,F-150,2021
6242,3985,1FMTZJ8W9NA423204,Ford,F-150,2022
6243,3985,3FASDRBU5L9692980,Ford,Expedition,2020
6244,3986,3FAV3NUS4NT685206,Ford,F-150,2022
6245,3986,5TDM7CWG1SV614377,Toyota,Tundra,2025
6246,3986,1GK2LR0K4L6694414,GMC,Yukon,2020
6247,3986,1GNX246C4PJ915933,Chevrolet,Silverado 1500,2023
6248,3986,5TFLE1AV9KR562248,Toyota,RAV4,2019
6249,3986,1GKJL3EA1JZ690373,GMC,Terrain,2018
6250,3987,2T1H5PE80LR754518,Toyota,Corolla,2020
6251,3988,1HG6LV9W1FW188752,Honda,Civic,2015
6252,3989,1GC9P5EZXPJ242967,Chevrolet,Silverado 1500,2023
6253,3989,1GCHPUNH8PT722233,Chevrolet,Traverse,2023
6254,3989,4T1PNPSN7LN150630,Toyota,Tacoma,2020
6255,3990,1N6JP5U96D2949095,Nissan,Sentra,2013
6256,3991,1FT93GWG4H4506198,Ford,Escape,2017
6257,3992,KND48ELL3KU242967,Kia,Sportage,2019
6258,3993,5FN1P91E9EP400634,Honda,Accord,2014
6259,3994,1GNU3DAR0CP333105,Chevrolet,Silverado 1500,2012
6260,3994,1C45F4LZ6HA296735,Jeep,Cherokee,2017
6261,3995,2T2E3S089J5255784,Lexus,ES 350,2018
6262,3996,1C4KUBP3690115871,Jeep,Grand Cherokee,2009
6263,3997,1FMAY3CB39A847817,Ford,F-150,2009
6264,3998,JF111VKW5CU389026,Subaru,Outback,2012
6265,3999,3FAZALZE2N6750664,Ford,F-150,2022
6266,4000,3FAK6W937LJ885409,Ford,Escape,2020
6267,4001,1FMCV2EH9KY833415,Ford,Explorer,2019
6268,4002,1C6P2HXY38M561100,Ram,2500,2008
6269,4002,1J48L6PH2C5114852,Jeep,Grand Cherokee,2012
6270,4003,KMHU96EL05A073637,Hyundai,Tucson,2005
6271,4004,WDCRPYAT5A0556018,Mercedes-Benz,C-Class,2010
6272,4005,5UX37SRW2D6090071,BMW,5 Series,2013
6273,4005,1C4BMEK61LR905018,Jeep,Grand Cherokee,2020
6274,4006,1GKTCNZ17GB430625,GMC,Sierra 1500,2016
6275,4007,5TDP5WXW7MM204539,Toyota,Highlander,2021
6276,4007,1GN434E24N8785259,Chevrolet,Silverado 1500,2022
6277,4007,JTD2TPC83HT071052,Toyota,Tundra,2017
6278,4007,1N6ZGTPY8MS939615,Nissan,Rogue,2021
6279,4007,1N4LDRC14PZ679695,Nissan,Pathfinder,2023
6280,4007,1N4VSM9J5ND637880,Nissan,Rogue,2022
6281,4008,KNDLP9S27K4391431,Kia,Forte,2019
6282,4009,2T1P0FR68LE346076,Toyota,Camry,2020
6283,4010,1HGZLXSF5C3258737,Honda,Odyssey,2012
6284,4011,1J45RAAH0GV282332,Jeep,Grand Cherokee,2016
6285,4012,3N15HS9P7KB153161,Nissan,Altima,2019
6286,4013,2T1N8Z7P38E010288,Toyota,Highlander,2008
6287,4014,1N45WNKH6MC649848,Nissan,Rogue,2021
6288,4014,1N4HX0ZXXC8499027,Nissan,Rogue,2012
6289,4015,1G12ULYK1FB181765,Chevrolet,Silverado 1500,2015
6290,4016,WBAPUHWZ6DK263379,BMW,5 Series,2013
6291,4017,1C6578D93NY913540,Ram,1500,2022
6292,4017,2T1T8STM1KH536757,Toyota,Highlander,2019
6293,4017,3FAE910D4RV070762,Ford,F-150,2024
6294,4017,1FA78Z7E5NX958777,Ford,F-150,2022
6295,4017,5TD0F4P55P9029077,Toyota,RAV4,2023
6296,4017,1FAD18ML9M6000959,Ford,Explorer,2021
6297,4018,2T1EH6KH6MK544833,Toyota,Camry,2021
6298,4018,3VW0RFR82MB541502,Volkswagen,Passat,2021
6299,4018,1VW94YHY6ER230503,Volkswagen,Jetta,2014
6300,4019,2T1F0F2X3PU177370,Toyota,Camry,2023
6301,4020,4T1F6D40XG3263109,Toyota,Corolla,2016
6302,4021,1C3123GH2L0522603,Dodge,Durango,2020
6303,4021,1GTWX4V78EF490744,GMC,Sierra 1500,2014
6304,4022,5UXJVNGH7FG456834,BMW,X5,2015
6305,4023,1GNDCVSM2D1502229,Chevrolet,Equinox,2013
6306,4024,1HGAB7013LD626950,Honda,Pilot,2020
6307,4025,1J4D3PA13HZ892626,Jeep,Grand Cherokee,2017
6308,4026,KNA5NCTB6HP799126,Kia,Soul,2017
6309,4027,1G1WFHLE3J5674087,Chevrolet,Silverado 1500,2018
6310,4028,2T2K8W8MXMK337364,Lexus,ES 350,2021
6311,4029,1N6DZUUB7L8613245,Nissan,Rogue,2020
6312,4029,1FTKW3ZH7M8906779,Ford,F-150,2021
6313,4029,2GN4JF3K1MY133227,Chevrolet,Equinox,2021
6314,4029,3FAVM4XZ1AZ254636,Ford,F-150,2010
6315,4030,5J6K06PR3K0647232,Honda,Civic,2019
6316,4031,5NM800M97FJ090387,Hyundai,Tucson,2015
6317,4032,2C33P3HV9DT843773,Dodge,Charger,2013
6318,4033,5J6KSDFD1FW511009,Honda,Accord,2015
6319,4033,WAU2D1WY6C5711836,Audi,A6,2012
6320,4034,2C4ZJTMJ6LM085183,Dodge,Challenger,2020
6321,4034,5UXH0NJX1BH150195,BMW,3 Series,2011
6322,4035,1C6EE8XC5C0372970,Ram,1500,2012
6323,4036,2GN294R05PJ917496,Chevrolet,Equinox,2023
6324,4037,4S3B9NAW6N7952630,Subaru,Crosstrek,2022
6325,4038,55SDH9FV0S1253602,Mercedes-Benz,C-Class,2025
6326,4039,2T1HW7YE5R1491447,Toyota,RAV4,2024
6327,4039,3C6BSB676SX339242,Ram,1500,2025
6328,4039,1GCKGVKV2P5450918,Chevrolet,Silverado 1500,2023
6329,4039,1FAKD5A76L7151609,Ford,Expedition,2020
6330,4039,1GNS3XTN1KX313107,Chevrolet,Tahoe,2019
6331,4040,1FAUKMNW8M0999768,Ford,Escape,2021
6332,4041,1FMWZKKW3G3694312,Ford,F-150,2016
6333,4042,5NPD2RWJ4CT685317,Hyundai,Elantra,2012
6334,4043,JTHHDPPC1BH410938,Lexus,ES 350,2011
6335,4043,5J6BBL9B1FN247719,Honda,Odyssey,2015
6336,4043,WVG2J7E6XKT282379,Volkswagen,Passat,2019
6337,4044,1FAKDCF92LM087553,Ford,F-150,2020
6338,4044,3C6UPJ3AXRF961847,Ram,1500,2024
6339,4044,1FA3N7VM7RD123731,Ford,Explorer,2024
6340,4044,1GK8V8FN5TP466545,GMC,Sierra 1500,2026
6341,4044,1GCUD0TZ3JE500254,Chevrolet,Silverado 1500,2018
6342,4044,3FATA5RY9ND438638,Ford,Explorer,2022
6343,4044,1FMTPT6V8M7657101,Ford,F-150,2021
6344,4044,1G160DXE4N7882994,Chevrolet,Equinox,2022
6345,4045,5FN3R7PM7FJ151731,Honda,Civic,2015
6346,4046,WAU5JMYS8HN311137,Audi,A4,2017
6347,4047,1GTEHWTW19M612618,GMC,Sierra 1500,2009
6348,4048,5NMK1B4W4GZ181544,Hyundai,Santa Fe,2016
6349,4049,5N1G8CY80PZ817778,Nissan,Sentra,2023
6350,4050,1GC2DL921NW482369,Chevrolet,Silverado 1500,2022
6351,4050,3C6RD9D35NV307125,Ram,1500,2022
6352,4050,JTD2GT5V1K2338458,Toyota,RAV4,2019
6353,4050,1FMYPXB59D1832820,Ford,Explorer,2013
6354,4050,1FMTTBE72E8082854,Ford,F-150,2014
6355,4050,4T14JH8B6PJ269686,Toyota,Tacoma,2023
6356,4050,1GC8XU1Y0N5049560,Chevrolet,Equinox,2022
6357,4050,5N1FAKRX9S1078045,Nissan,Frontier,2025
6358,4051,2T1RC3T46HD083119,Toyota,Corolla,2017
6359,4051,JTJEGYBS0B1282486,Lexus,RX 350,2011
6360,4052,1HG1UELX7MR866859,Honda,Accord,2021
