work_order_id,part_id,quantity,unit_cost,unit_price,was_in_stock
1,15,1,28.00,69.99,1
1,17,1,7.50,19.99,1
2,41,1,380.00,799.99,0
2,43,1,12.00,29.99,1
3,23,4,8.50,19.99,1
4,2,5,5.10,9.99,1
4,9,1,4.20,11.99,1
4,11,1,9.80,27.99,1
4,12,1,8.60,29.99,1
6,37,2,95.00,219.99,1
7,24,1,45.00,119.99,1
8,22,1,38.00,89.99,1
9,21,1,120.00,259.99,1
10,2,6,5.10,9.99,1
10,9,1,4.20,11.99,1
11,5,1,9.40,19.99,1
12,2,6,5.10,9.99,1
12,9,1,4.20,11.99,1
13,11,1,9.80,27.99,1
13,12,1,8.60,29.99,1
14,14,1,32.00,79.99,1
14,16,2,41.00,94.99,1
14,17,1,7.50,19.99,1
15,5,1,9.40,19.99,1
16,8,1,18.00,44.99,1
17,19,1,160.00,269.99,1
18,1,5,5.10,9.99,1
18,9,1,4.20,11.99,1
21,24,1,45.00,119.99,1
22,2,6,5.10,9.99,1
22,9,1,4.20,11.99,1
23,14,1,32.00,79.99,1
23,16,2,41.00,94.99,1
23,17,1,7.50,19.99,1
24,41,1,380.00,799.99,0
24,43,1,12.00,29.99,1
25,2,6,5.10,9.99,1
25,9,1,4.20,11.99,1
27,14,1,32.00,79.99,1
27,16,2,41.00,94.99,1
28,19,1,160.00,269.99,1
29,23,6,8.50,19.99,1
32,20,1,165.00,329.99,1
32,35,1,24.00,54.99,1
33,3,6,6.20,12.99,1
33,46,1,24.00,59.99,1
34,20,1,165.00,329.99,1
34,35,1,24.00,54.99,1
36,2,6,5.10,9.99,1
36,9,1,4.20,11.99,1
37,3,6,6.20,12.99,1
37,5,1,9.40,19.99,1
38,5,1,9.40,19.99,1
39,1,5,5.10,9.99,1
39,9,1,4.20,11.99,1
40,35,1,24.00,54.99,1
41,24,1,45.00,119.99,1
42,34,1,26.00,64.99,1
43,2,6,5.10,9.99,1
43,9,1,4.20,11.99,1
44,40,2,18.00,44.99,1
45,23,6,8.50,19.99,1
46,2,6,5.10,9.99,1
46,9,1,4.20,11.99,1
47,14,1,32.00,79.99,1
47,16,2,41.00,94.99,1
48,38,1,68.00,159.99,1
49,34,1,26.00,64.99,1
50,2,6,5.10,9.99,1
50,9,1,4.20,11.99,1
50,11,1,9.80,27.99,1
50,12,1,8.60,29.99,1
51,23,4,8.50,19.99,1
53,2,6,5.10,9.99,1
53,9,1,4.20,11.99,1
54,1,5,5.10,9.99,1
54,9,1,4.20,11.99,1
55,1,5,5.10,9.99,1
55,8,1,18.00,44.99,1
55,9,1,4.20,11.99,1
56,8,1,18.00,44.99,1
56,23,4,8.50,19.99,1
58,18,1,145.00,249.99,1
59,8,1,18.00,44.99,1
59,41,1,380.00,799.99,0
59,43,1,12.00,29.99,1
60,8,1,18.00,44.99,1
61,1,5,5.10,9.99,1
61,9,1,4.20,11.99,1
62,1,6,5.10,9.99,1
62,9,1,4.20,11.99,1
63,18,1,145.00,249.99,1
64,19,1,160.00,269.99,1
65,1,5,5.10,9.99,1
65,9,1,4.20,11.99,1
66,1,6,5.10,9.99,1
66,9,1,4.20,11.99,1
67,2,6,5.10,9.99,1
67,9,1,4.20,11.99,1
68,2,6,5.10,9.99,1
68,9,1,4.20,11.99,1
70,1,6,5.10,9.99,1
70,9,1,4.20,11.99,1
71,18,1,145.00,249.99,1
72,2,6,5.10,9.99,1
72,9,1,4.20,11.99,1
73,8,1,18.00,44.99,1
73,11,1,9.80,27.99,1
73,12,1,8.60,29.99,1
74,2,6,5.10,9.99,1
74,9,1,4.20,11.99,1
74,11,1,9.80,27.99,1
74,12,1,8.60,29.99,1
75,22,1,38.00,89.99,1
76,7,2,38.00,89.99,1
76,8,1,18.00,44.99,1
76,27,1,6.00,17.99,1
77,34,1,26.00,64.99,1
78,2,6,5.10,9.99,1
78,9,1,4.20,11.99,1
79,4,2,11.50,24.99,1
79,30,1,160.00,349.99,1
80,5,1,9.40,19.99,1
80,11,1,9.80,27.99,1
80,12,1,8.60,29.99,1
80,14,1,32.00,79.99,1
80,16,2,41.00,94.99,1
81,1,6,5.10,9.99,1
81,5,1,9.40,19.99,1
81,9,1,4.20,11.99,1
82,4,2,11.50,24.99,1
82,5,1,9.40,19.99,1
82,29,1,85.00,199.99,1
83,22,1,38.00,89.99,1
84,1,5,5.10,9.99,1
84,9,1,4.20,11.99,1
85,41,1,380.00,799.99,0
85,43,1,12.00,29.99,1
86,8,1,18.00,44.99,1
87,21,1,120.00,259.99,1
88,14,1,32.00,79.99,1
88,16,2,41.00,94.99,1
88,17,1,7.50,19.99,1
89,1,7,5.10,9.99,1
89,10,1,9.50,22.99,1
90,11,1,9.80,27.99,1
90,12,1,8.60,29.99,1
92,2,6,5.10,9.99,1
92,9,1,4.20,11.99,1
93,8,1,18.00,44.99,1
93,34,1,26.00,64.99,1
94,2,6,5.10,9.99,1
94,9,1,4.20,11.99,1
95,5,1,9.40,19.99,1
95,11,1,9.80,27.99,1
95,12,1,8.60,29.99,1
96,2,6,5.10,9.99,1
96,8,1,18.00,44.99,1
96,9,1,4.20,11.99,1
97,1,5,5.10,9.99,1
97,9,1,4.20,11.99,1
98,14,1,32.00,79.99,1
98,16,2,41.00,94.99,1
99,2,6,5.10,9.99,1
99,9,1,4.20,11.99,1
99,11,1,9.80,27.99,1
100,15,1,28.00,69.99,1
101,2,6,5.10,9.99,1
101,9,1,4.20,11.99,1
102,45,2,55.00,129.99,1
103,5,1,9.40,19.99,1
103,34,1,26.00,64.99,1
105,1,5,5.10,9.99,1
105,9,1,4.20,11.99,1
106,11,1,9.80,27.99,1
107,8,1,18.00,44.99,1
108,14,1,32.00,79.99,1
108,16,2,41.00,94.99,1
108,17,1,7.50,19.99,1
109,2,6,5.10,9.99,1
109,9,1,4.20,11.99,1
111,3,6,6.20,12.99,1
113,1,6,5.10,9.99,1
113,10,1,9.50,22.99,1
114,37,2,95.00,219.99,1
115,1,5,5.10,9.99,1
115,9,1,4.20,11.99,1
115,11,1,9.80,27.99,1
115,12,1,8.60,29.99,1
116,2,5,5.10,9.99,1
116,9,1,4.20,11.99,1
117,11,1,9.80,27.99,1
117,12,1,8.60,29.99,1
117,18,1,145.00,249.99,1
118,22,1,38.00,89.99,1
119,14,1,32.00,79.99,1
119,16,2,41.00,94.99,1
121,23,6,8.50,19.99,1
122,1,7,5.10,9.99,1
122,5,1,9.40,19.99,1
122,10,1,9.50,22.99,1
122,22,1,38.00,89.99,1
123,40,2,18.00,44.99,1
126,1,7,5.10,9.99,1
126,10,1,9.50,22.99,1
127,1,5,5.10,9.99,1
127,9,1,4.20,11.99,1
128,2,6,5.10,9.99,1
128,9,1,4.20,11.99,1
129,2,6,5.10,9.99,1
129,5,1,9.40,19.99,1
129,8,1,18.00,44.99,1
129,9,1,4.20,11.99,1
130,35,1,24.00,54.99,1
131,2,5,5.10,9.99,1
131,9,1,4.20,11.99,1
132,1,5,5.10,9.99,1
132,9,1,4.20,11.99,1
134,1,6,5.10,9.99,1
134,9,1,4.20,11.99,1
135,11,1,9.80,27.99,1
135,12,1,8.60,29.99,1
136,11,1,9.80,27.99,1
136,12,1,8.60,29.99,1
137,4,1,11.50,24.99,1
137,31,1,22.00,54.99,1
138,14,1,32.00,79.99,1
138,16,2,41.00,94.99,1
138,17,1,7.50,19.99,1
139,14,1,32.00,79.99,1
139,16,2,41.00,94.99,1
139,17,1,7.50,19.99,1
140,5,1,9.40,19.99,1
141,4,2,11.50,24.99,1
141,5,1,9.40,19.99,1
141,29,1,85.00,199.99,1
142,36,1,55.00,129.99,1
143,35,1,24.00,54.99,1
144,20,1,165.00,0.00,1
145,1,5,5.10,9.99,1
145,9,1,4.20,11.99,1
145,11,1,9.80,27.99,1
145,12,1,8.60,29.99,1
146,23,8,8.50,19.99,1
147,35,1,24.00,54.99,1
148,22,4,38.00,0.00,1
149,5,1,9.40,19.99,1
149,37,2,95.00,219.99,1
150,47,1,240.00,499.99,0
151,1,6,5.10,9.99,1
151,9,1,4.20,11.99,1
152,2,5,5.10,9.99,1
152,9,1,4.20,11.99,1
153,37,2,95.00,219.99,1
154,2,6,5.10,9.99,1
154,8,1,18.00,44.99,1
154,9,1,4.20,11.99,1
155,36,1,55.00,129.99,1
156,3,6,6.20,12.99,1
156,46,1,24.00,59.99,1
158,3,6,6.20,12.99,1
159,2,6,5.10,9.99,1
159,9,1,4.20,11.99,1
159,14,1,32.00,79.99,1
159,16,2,41.00,94.99,1
159,17,1,7.50,19.99,1
160,7,2,38.00,89.99,1
160,27,1,6.00,17.99,1
161,1,5,5.10,9.99,1
161,9,1,4.20,11.99,1
162,1,5,5.10,9.99,1
162,9,1,4.20,11.99,1
163,11,1,9.80,27.99,1
163,12,1,8.60,29.99,1
163,14,1,32.00,79.99,1
163,16,2,41.00,94.99,1
164,11,1,9.80,27.99,1
164,12,1,8.60,29.99,1
165,20,1,165.00,329.99,1
166,4,2,11.50,24.99,1
166,5,1,9.40,19.99,1
166,29,1,85.00,199.99,1
167,1,5,5.10,9.99,1
167,9,1,4.20,11.99,1
168,2,6,5.10,9.99,1
168,9,1,4.20,11.99,1
169,15,1,28.00,69.99,1
171,1,6,5.10,9.99,1
171,9,1,4.20,11.99,1
171,15,1,28.00,69.99,1
171,17,1,7.50,19.99,1
172,5,1,9.40,19.99,1
172,21,1,120.00,259.99,1
174,1,5,5.10,9.99,1
174,9,1,4.20,11.99,1
175,2,6,5.10,9.99,1
175,9,1,4.20,11.99,1
175,15,1,28.00,69.99,1
176,22,2,38.00,89.99,1
177,7,2,38.00,89.99,1
177,27,1,6.00,17.99,1
178,2,6,5.10,9.99,1
178,5,1,9.40,19.99,1
178,9,1,4.20,11.99,1
180,38,1,68.00,159.99,1
180,39,1,22.00,54.99,1
181,22,4,38.00,89.99,1
182,1,6,5.10,9.99,1
182,9,1,4.20,11.99,1
183,1,5,5.10,9.99,1
183,9,1,4.20,11.99,1
184,2,6,5.10,9.99,1
184,9,1,4.20,11.99,1
185,5,1,9.40,19.99,1
185,8,1,18.00,44.99,1
185,23,8,8.50,19.99,1
186,5,1,9.40,19.99,1
186,38,1,68.00,159.99,1
186,39,1,22.00,54.99,1
190,2,6,5.10,9.99,1
190,8,1,18.00,44.99,1
190,9,1,4.20,11.99,1
193,11,1,9.80,27.99,1
193,12,1,8.60,29.99,1
193,15,1,28.00,69.99,1
194,3,6,6.20,12.99,1
195,38,1,68.00,159.99,1
195,39,1,22.00,54.99,1
196,4,1,11.50,24.99,1
196,31,1,22.00,54.99,1
198,14,1,32.00,79.99,1
198,16,2,41.00,94.99,1
198,17,1,7.50,19.99,1
199,42,1,85.00,189.99,1
199,43,1,12.00,29.99,1
200,24,1,45.00,119.99,1
202,1,6,5.10,9.99,1
202,9,1,4.20,11.99,1
203,1,5,5.10,9.99,1
203,9,1,4.20,11.99,1
204,34,1,26.00,64.99,1
205,3,6,6.20,12.99,1
205,5,1,9.40,19.99,1
205,46,1,24.00,59.99,1
206,2,6,5.10,9.99,1
206,9,1,4.20,11.99,1
207,18,1,145.00,249.99,1
208,14,1,32.00,79.99,1
208,16,2,41.00,94.99,1
208,17,1,7.50,19.99,1
210,1,5,5.10,9.99,1
210,9,1,4.20,11.99,1
211,8,1,18.00,44.99,1
212,11,1,9.80,27.99,1
212,19,1,160.00,269.99,1
213,8,1,18.00,44.99,1
214,33,1,210.00,449.99,1
215,18,1,145.00,249.99,1
216,2,6,5.10,9.99,1
216,9,1,4.20,11.99,1
217,1,6,5.10,9.99,1
217,9,1,4.20,11.99,1
218,2,6,5.10,9.99,1
218,9,1,4.20,11.99,1
220,38,1,68.00,159.99,1
221,38,1,68.00,159.99,1
222,1,5,5.10,9.99,1
222,9,1,4.20,11.99,1
223,2,6,5.10,9.99,1
223,9,1,4.20,11.99,1
223,11,1,9.80,27.99,1
223,12,1,8.60,29.99,1
224,11,1,9.80,27.99,1
224,14,1,32.00,79.99,1
224,16,2,41.00,94.99,1
224,17,1,7.50,19.99,1
225,35,1,24.00,54.99,1
226,40,2,18.00,44.99,1
227,14,1,32.00,79.99,1
227,16,2,41.00,94.99,1
229,2,6,5.10,9.99,1
229,9,1,4.20,11.99,1
230,23,8,8.50,19.99,1
231,1,6,5.10,9.99,1
231,9,1,4.20,11.99,1
232,14,1,32.00,79.99,1
232,16,2,41.00,94.99,0
233,7,2,38.00,89.99,1
233,26,1,32.00,79.99,1
233,28,1,145.00,319.99,1
234,34,1,26.00,64.99,1
235,11,1,9.80,27.99,1
235,12,1,8.60,29.99,1
236,21,1,120.00,259.99,1
237,41,1,380.00,799.99,0
237,43,1,12.00,29.99,1
238,14,1,32.00,79.99,1
238,16,2,41.00,94.99,1
238,17,1,7.50,19.99,1
239,22,2,38.00,89.99,1
240,14,1,32.00,79.99,1
240,16,2,41.00,94.99,1
241,1,5,5.10,9.99,1
241,9,1,4.20,11.99,1
242,5,1,9.40,19.99,1
243,2,6,5.10,9.99,1
243,9,1,4.20,11.99,1
244,1,6,5.10,9.99,1
244,9,1,4.20,11.99,1
245,1,5,5.10,9.99,1
245,9,1,4.20,11.99,1
246,14,1,32.00,79.99,1
246,16,2,41.00,94.99,1
246,17,1,7.50,19.99,1
247,44,1,180.00,389.99,1
249,2,6,5.10,9.99,1
249,5,1,9.40,19.99,1
249,9,1,4.20,11.99,1
251,20,1,165.00,329.99,1
251,35,1,24.00,54.99,1
252,36,1,55.00,129.99,1
253,21,1,120.00,259.99,1
254,11,1,9.80,27.99,1
254,12,1,8.60,29.99,1
255,23,4,8.50,19.99,1
256,8,1,18.00,44.99,1
256,15,1,28.00,69.99,1
257,41,1,380.00,799.99,0
257,43,1,12.00,29.99,1
259,2,5,5.10,9.99,1
259,9,1,4.20,11.99,1
260,24,1,45.00,119.99,1
261,5,1,9.40,19.99,1
261,41,1,380.00,799.99,0
261,43,1,12.00,29.99,1
262,1,5,5.10,9.99,1
262,9,1,4.20,11.99,1
263,18,1,145.00,249.99,1
264,1,6,5.10,9.99,1
264,9,1,4.20,11.99,1
265,2,5,5.10,9.99,1
265,5,1,9.40,19.99,1
265,9,1,4.20,11.99,1
267,8,1,18.00,44.99,1
267,19,1,160.00,269.99,1
268,2,6,5.10,9.99,1
268,5,1,9.40,19.99,1
268,9,1,4.20,11.99,1
269,2,6,5.10,9.99,1
269,9,1,4.20,11.99,1
271,8,1,18.00,44.99,1
272,38,1,68.00,159.99,1
273,24,1,45.00,119.99,1
274,15,1,28.00,69.99,1
275,23,4,8.50,19.99,1
276,19,1,160.00,269.99,1
277,22,1,38.00,89.99,1
278,8,1,18.00,44.99,1
279,1,6,5.10,9.99,1
279,9,1,4.20,11.99,1
280,15,1,28.00,69.99,1
280,17,1,7.50,19.99,1
281,34,1,26.00,64.99,1
282,18,1,145.00,249.99,1
283,1,6,5.10,9.99,1
283,5,1,9.40,19.99,1
283,9,1,4.20,11.99,1
285,19,1,160.00,269.99,1
286,8,1,18.00,44.99,1
286,19,1,160.00,269.99,0
287,2,6,5.10,9.99,1
287,9,1,4.20,11.99,1
287,11,1,9.80,27.99,1
287,12,1,8.60,29.99,1
288,3,6,6.20,12.99,1
288,46,1,24.00,59.99,1
290,1,6,5.10,9.99,1
290,9,1,4.20,11.99,1
291,15,1,28.00,69.99,1
292,2,6,5.10,9.99,1
292,9,1,4.20,11.99,1
293,1,6,5.10,9.99,1
293,10,1,9.50,22.99,1
294,2,6,5.10,9.99,1
294,8,1,18.00,44.99,1
294,9,1,4.20,11.99,1
295,1,6,5.10,9.99,1
295,9,1,4.20,11.99,1
296,1,5,5.10,9.99,1
296,9,1,4.20,11.99,1
297,1,6,5.10,9.99,1
297,8,1,18.00,44.99,1
297,9,1,4.20,11.99,1
298,8,1,18.00,44.99,1
300,34,1,26.00,64.99,1
301,5,1,9.40,19.99,1
302,2,6,5.10,9.99,1
302,9,1,4.20,11.99,1
304,19,1,160.00,269.99,1
305,38,1,68.00,159.99,1
306,1,5,5.10,9.99,1
306,9,1,4.20,11.99,1
308,1,5,5.10,9.99,1
308,9,1,4.20,11.99,1
309,11,1,9.80,27.99,1
309,12,1,8.60,29.99,1
310,2,6,5.10,9.99,1
310,9,1,4.20,11.99,1
311,2,6,5.10,9.99,1
311,9,1,4.20,11.99,1
312,1,5,5.10,9.99,1
312,9,1,4.20,11.99,1
313,2,6,5.10,9.99,1
313,9,1,4.20,11.99,1
314,23,6,8.50,19.99,1
315,14,1,32.00,79.99,1
315,16,2,41.00,94.99,1
316,1,6,5.10,9.99,1
316,9,1,4.20,11.99,1
317,15,1,28.00,69.99,1
317,17,1,7.50,19.99,1
318,14,1,32.00,79.99,1
318,16,2,41.00,94.99,1
319,19,1,160.00,269.99,1
321,2,6,5.10,9.99,1
321,9,1,4.20,11.99,1
322,23,8,8.50,19.99,1
323,2,6,5.10,9.99,1
323,9,1,4.20,11.99,1
324,2,6,5.10,9.99,1
324,9,1,4.20,11.99,1
326,2,6,5.10,9.99,1
326,9,1,4.20,11.99,1
326,35,1,24.00,54.99,1
327,4,2,11.50,24.99,1
328,2,6,5.10,9.99,1
328,5,1,9.40,19.99,1
328,8,1,18.00,44.99,1
328,9,1,4.20,11.99,1
329,23,4,8.50,19.99,1
330,14,1,32.00,79.99,1
330,16,2,41.00,94.99,1
330,17,1,7.50,19.99,1
331,1,5,5.10,9.99,1
331,9,1,4.20,11.99,1
332,11,1,9.80,27.99,1
332,12,1,8.60,29.99,1
333,5,1,9.40,19.99,1
333,11,1,9.80,27.99,1
333,12,1,8.60,29.99,1
334,38,1,68.00,159.99,1
334,39,1,22.00,54.99,1
335,14,1,32.00,79.99,1
335,16,2,41.00,94.99,1
335,17,1,7.50,19.99,1
336,40,2,18.00,44.99,1
337,23,4,8.50,19.99,1
338,15,1,28.00,69.99,1
338,17,1,7.50,19.99,1
339,1,5,5.10,9.99,1
339,9,1,4.20,11.99,1
340,11,1,9.80,27.99,1
340,12,1,8.60,29.99,1
341,1,5,5.10,9.99,1
341,9,1,4.20,11.99,1
342,15,1,28.00,69.99,1
342,17,1,7.50,19.99,1
343,47,1,240.00,499.99,0
344,14,1,32.00,79.99,1
344,16,2,41.00,94.99,1
344,17,1,7.50,19.99,1
345,2,6,5.10,9.99,1
345,9,1,4.20,11.99,1
349,3,6,6.20,12.99,1
350,8,1,18.00,44.99,1
350,14,1,32.00,79.99,1
350,16,2,41.00,94.99,0
350,17,1,7.50,19.99,1
351,21,1,120.00,259.99,1
352,1,5,5.10,9.99,1
352,4,1,11.50,24.99,1
352,9,1,4.20,11.99,1
352,31,1,22.00,54.99,1
353,11,1,9.80,27.99,1
353,12,1,8.60,29.99,1
354,4,1,11.50,24.99,1
354,31,1,22.00,54.99,1
355,2,6,5.10,9.99,1
355,9,1,4.20,11.99,1
355,15,1,28.00,69.99,1
356,22,1,38.00,89.99,1
357,1,5,5.10,9.99,1
357,9,1,4.20,11.99,1
358,33,1,210.00,449.99,1
359,19,1,160.00,0.00,1
360,2,6,5.10,9.99,1
360,9,1,4.20,11.99,1
361,1,6,5.10,9.99,1
361,9,1,4.20,11.99,1
361,11,1,9.80,27.99,1
361,12,1,8.60,29.99,1
362,1,6,5.10,9.99,1
362,9,1,4.20,11.99,1
363,23,8,8.50,19.99,0
364,1,5,5.10,9.99,1
364,9,1,4.20,11.99,1
366,1,6,5.10,9.99,1
366,9,1,4.20,11.99,1
367,8,1,18.00,44.99,1
368,41,1,380.00,799.99,0
368,43,1,12.00,29.99,1
369,14,1,32.00,79.99,1
369,16,2,41.00,94.99,1
370,41,1,380.00,799.99,0
370,43,1,12.00,29.99,1
371,23,4,8.50,19.99,1
372,2,6,5.10,9.99,1
372,9,1,4.20,11.99,1
373,15,1,28.00,69.99,1
374,2,5,5.10,9.99,1
374,9,1,4.20,11.99,1
375,1,6,5.10,9.99,1
375,10,1,9.50,22.99,1
375,11,1,9.80,27.99,1
375,12,1,8.60,29.99,1
376,2,6,5.10,9.99,1
376,9,1,4.20,11.99,1
377,1,6,5.10,9.99,1
377,8,1,18.00,44.99,1
377,9,1,4.20,11.99,1
378,1,6,5.10,9.99,1
378,9,1,4.20,11.99,1
379,1,6,5.10,9.99,1
379,9,1,4.20,11.99,1
381,14,1,32.00,79.99,1
381,16,2,41.00,94.99,1
381,17,1,7.50,19.99,1
382,14,1,32.00,79.99,1
382,16,2,41.00,94.99,1
383,20,1,165.00,329.99,1
384,1,6,5.10,9.99,1
384,9,1,4.20,11.99,1
386,2,6,5.10,9.99,1
386,9,1,4.20,11.99,1
387,1,6,5.10,9.99,1
387,10,1,9.50,22.99,1
388,34,1,26.00,64.99,1
389,14,1,32.00,79.99,1
389,16,2,41.00,94.99,1
389,17,1,7.50,19.99,1
390,1,6,5.10,9.99,1
390,9,1,4.20,11.99,1
391,34,1,26.00,64.99,1
392,37,2,95.00,219.99,1
393,1,5,5.10,9.99,1
393,9,1,4.20,11.99,1
394,2,6,5.10,9.99,1
394,9,1,4.20,11.99,1
395,11,1,9.80,27.99,1
395,12,1,8.60,29.99,1
396,36,1,55.00,129.99,1
397,1,5,5.10,9.99,1
397,5,1,9.40,19.99,1
397,9,1,4.20,11.99,1
398,21,1,120.00,259.99,1
399,15,1,28.00,69.99,1
400,15,1,28.00,69.99,1
402,34,1,26.00,64.99,1
403,21,1,120.00,259.99,1
404,15,1,28.00,69.99,1
404,17,1,7.50,19.99,1
405,14,1,32.00,79.99,1
405,16,2,41.00,94.99,0
405,17,1,7.50,19.99,1
406,14,1,32.00,79.99,1
406,16,2,41.00,94.99,0
406,17,1,7.50,19.99,1
407,8,1,18.00,44.99,1
407,14,1,32.00,79.99,1
407,16,2,41.00,94.99,0
407,17,1,7.50,19.99,1
408,15,1,28.00,69.99,1
409,19,1,160.00,269.99,1
410,1,7,5.10,9.99,1
410,10,1,9.50,22.99,1
410,15,1,28.00,69.99,1
411,4,2,11.50,24.99,1
411,5,1,9.40,19.99,1
411,30,1,160.00,349.99,1
412,7,2,38.00,89.99,1
412,27,1,6.00,17.99,1
413,24,1,45.00,119.99,1
414,1,5,5.10,9.99,1
414,9,1,4.20,11.99,1
416,15,1,28.00,69.99,1
416,17,1,7.50,19.99,1
417,14,1,32.00,79.99,1
417,16,2,41.00,94.99,1
417,17,1,7.50,19.99,1
418,1,5,5.10,9.99,1
418,9,1,4.20,11.99,1
419,19,1,160.00,269.99,1
420,5,1,9.40,19.99,1
420,14,1,32.00,79.99,1
420,16,2,41.00,94.99,1
420,17,1,7.50,19.99,1
421,2,6,5.10,9.99,1
421,9,1,4.20,11.99,1
422,14,1,32.00,79.99,1
422,16,2,41.00,94.99,1
422,17,1,7.50,19.99,1
423,1,6,5.10,9.99,1
423,9,1,4.20,11.99,1
424,11,1,9.80,27.99,1
424,12,1,8.60,29.99,1
424,33,1,210.00,449.99,1
425,5,1,9.40,19.99,1
425,15,1,28.00,69.99,1
425,17,1,7.50,19.99,1
426,18,1,145.00,249.99,1
427,11,1,9.80,27.99,1
427,12,1,8.60,29.99,1
427,40,2,18.00,44.99,1
428,21,1,120.00,259.99,1
429,2,6,5.10,9.99,1
429,5,1,9.40,19.99,1
429,9,1,4.20,11.99,1
430,11,1,9.80,27.99,1
430,12,1,8.60,29.99,1
430,19,1,160.00,269.99,1
431,45,1,55.00,129.99,1
432,8,1,18.00,44.99,1
433,11,1,9.80,27.99,1
433,14,1,32.00,79.99,1
433,16,2,41.00,94.99,1
433,17,1,7.50,19.99,1
434,14,1,32.00,79.99,1
434,16,2,41.00,94.99,1
434,17,1,7.50,19.99,1
435,18,1,145.00,249.99,1
436,2,6,5.10,9.99,1
436,5,1,9.40,19.99,1
436,9,1,4.20,11.99,1
437,2,6,5.10,9.99,1
437,8,1,18.00,44.99,1
437,9,1,4.20,11.99,1
437,14,1,32.00,79.99,1
437,16,2,41.00,94.99,1
439,11,1,9.80,27.99,1
439,12,1,8.60,29.99,1
440,1,6,5.10,9.99,1
440,9,1,4.20,11.99,1
440,11,1,9.80,27.99,1
440,12,1,8.60,29.99,1
441,4,2,11.50,24.99,1
441,8,1,18.00,44.99,1
442,1,6,5.10,9.99,1
442,9,1,4.20,11.99,1
443,41,1,380.00,799.99,0
443,43,1,12.00,29.99,1
444,4,2,11.50,24.99,1
445,17,1,7.50,0.00,1
446,41,1,380.00,799.99,0
446,43,1,12.00,29.99,1
447,14,1,32.00,79.99,1
447,16,2,41.00,94.99,1
451,18,1,145.00,249.99,1
452,40,2,18.00,44.99,1
453,1,6,5.10,9.99,1
453,10,1,9.50,22.99,1
454,2,6,5.10,9.99,1
454,9,1,4.20,11.99,1
455,4,2,11.50,24.99,1
456,2,6,5.10,9.99,1
456,8,1,18.00,44.99,1
456,9,1,4.20,11.99,1
457,1,6,5.10,9.99,1
457,9,1,4.20,11.99,1
458,14,1,32.00,79.99,1
458,16,2,41.00,94.99,1
459,33,1,210.00,449.99,1
460,37,2,95.00,219.99,1
462,42,1,85.00,189.99,1
462,43,1,12.00,29.99,1
463,1,6,5.10,9.99,1
463,9,1,4.20,11.99,1
463,11,1,9.80,27.99,1
463,12,1,8.60,29.99,1
464,2,6,5.10,9.99,1
464,9,1,4.20,11.99,1
465,23,6,8.50,19.99,1
466,20,1,165.00,329.99,1
466,35,1,24.00,54.99,1
467,1,6,5.10,9.99,1
467,9,1,4.20,11.99,1
467,11,1,9.80,27.99,1
467,12,1,8.60,29.99,1
468,11,1,9.80,27.99,1
469,34,1,26.00,64.99,1
470,2,6,5.10,9.99,1
470,9,1,4.20,11.99,1
471,2,6,5.10,9.99,1
471,9,1,4.20,11.99,1
471,19,1,160.00,269.99,1
473,33,1,210.00,449.99,1
474,1,6,5.10,9.99,1
474,9,1,4.20,11.99,1
474,11,1,9.80,27.99,1
474,12,1,8.60,29.99,1
475,11,1,9.80,27.99,1
475,12,1,8.60,29.99,1
476,5,1,9.40,19.99,1
476,24,1,45.00,119.99,1
477,36,1,55.00,129.99,1
479,14,1,32.00,79.99,1
479,16,2,41.00,94.99,1
479,17,1,7.50,19.99,1
480,34,1,26.00,64.99,1
481,2,6,5.10,9.99,1
481,9,1,4.20,11.99,1
482,2,6,5.10,9.99,1
482,9,1,4.20,11.99,1
483,5,1,9.40,19.99,1
485,2,6,5.10,9.99,1
485,9,1,4.20,11.99,1
487,5,1,9.40,19.99,1
487,8,1,18.00,44.99,1
488,4,2,11.50,24.99,1
488,29,1,85.00,199.99,1
489,15,1,28.00,69.99,1
490,1,7,5.10,9.99,1
490,10,1,9.50,22.99,1
491,2,5,5.10,9.99,1
491,9,1,4.20,11.99,1
492,19,1,160.00,0.00,1
493,22,1,38.00,89.99,1
494,14,1,32.00,79.99,1
494,16,2,41.00,94.99,1
495,1,5,5.10,9.99,1
495,9,1,4.20,11.99,1
495,14,1,32.00,79.99,1
495,16,2,41.00,94.99,1
496,4,2,11.50,24.99,1
496,29,1,85.00,199.99,1
497,2,6,5.10,9.99,1
497,9,1,4.20,11.99,1
498,1,6,5.10,9.99,1
498,8,1,18.00,44.99,1
498,9,1,4.20,11.99,1
499,2,6,5.10,9.99,1
499,9,1,4.20,11.99,1
501,35,1,24.00,54.99,1
502,21,1,120.00,259.99,1
503,1,5,5.10,9.99,1
503,9,1,4.20,11.99,1
504,5,1,9.40,19.99,1
505,8,1,18.00,44.99,1
505,11,1,9.80,27.99,1
505,12,1,8.60,29.99,1
506,1,5,5.10,9.99,1
506,5,1,9.40,19.99,1
506,9,1,4.20,11.99,1
507,14,1,32.00,79.99,1
507,16,2,41.00,94.99,1
507,17,1,7.50,19.99,1
508,2,6,5.10,9.99,1
508,9,1,4.20,11.99,1
509,2,6,5.10,9.99,1
509,9,1,4.20,11.99,1
511,14,1,32.00,79.99,1
511,16,2,41.00,94.99,0
511,17,1,7.50,19.99,1
512,23,4,8.50,19.99,1
513,23,6,8.50,19.99,1
514,15,1,28.00,69.99,1
515,2,6,5.10,9.99,1
515,9,1,4.20,11.99,1
516,2,6,5.10,9.99,1
516,9,1,4.20,11.99,1
517,1,5,5.10,9.99,1
517,9,1,4.20,11.99,1
518,14,1,32.00,79.99,1
518,16,2,41.00,94.99,0
518,17,1,7.50,19.99,1
519,14,1,32.00,79.99,1
519,16,2,41.00,94.99,0
519,17,1,7.50,19.99,1
521,14,1,32.00,79.99,1
521,16,2,41.00,94.99,0
521,17,1,7.50,19.99,1
522,2,5,5.10,9.99,1
522,8,1,18.00,44.99,1
522,9,1,4.20,11.99,1
523,1,6,5.10,9.99,1
523,9,1,4.20,11.99,1
524,15,1,28.00,69.99,1
524,17,1,7.50,19.99,1
525,34,1,26.00,64.99,1
526,23,4,8.50,19.99,1
527,47,1,240.00,499.99,0
528,1,6,5.10,9.99,1
528,9,1,4.20,11.99,1
528,11,1,9.80,27.99,1
530,14,1,32.00,79.99,1
530,16,2,41.00,94.99,1
530,17,1,7.50,19.99,1
531,1,6,5.10,9.99,1
531,9,1,4.20,11.99,1
532,22,1,38.00,89.99,1
533,1,6,5.10,9.99,1
533,5,1,9.40,19.99,1
533,9,1,4.20,11.99,1
534,1,6,5.10,9.99,1
534,9,1,4.20,11.99,1
535,14,1,32.00,79.99,1
535,16,2,41.00,94.99,1
535,17,1,7.50,19.99,1
536,1,5,5.10,9.99,1
536,9,1,4.20,11.99,1
537,43,1,12.00,0.00,1
538,1,6,5.10,9.99,1
538,9,1,4.20,11.99,1
539,1,5,5.10,9.99,1
539,9,1,4.20,11.99,1
540,14,1,32.00,79.99,1
540,16,2,41.00,94.99,1
540,17,1,7.50,19.99,1
541,2,6,5.10,9.99,1
541,9,1,4.20,11.99,1
542,4,1,11.50,24.99,1
542,31,1,22.00,54.99,1
543,14,1,32.00,0.00,1
543,16,2,41.00,0.00,1
544,1,5,5.10,9.99,1
544,9,1,4.20,11.99,1
545,1,6,5.10,9.99,1
545,9,1,4.20,11.99,1
545,47,1,240.00,499.99,0
546,22,4,38.00,89.99,1
547,4,2,11.50,24.99,1
547,29,1,85.00,199.99,1
548,4,1,11.50,24.99,1
548,8,1,18.00,44.99,1
548,31,1,22.00,54.99,1
549,1,5,5.10,9.99,1
549,9,1,4.20,11.99,1
550,2,6,5.10,9.99,1
550,9,1,4.20,11.99,1
551,15,1,28.00,69.99,1
552,21,1,120.00,259.99,1
553,37,2,95.00,219.99,1
554,1,6,5.10,9.99,1
554,9,1,4.20,11.99,1
555,11,1,9.80,27.99,1
555,12,1,8.60,29.99,1
556,8,1,18.00,44.99,1
557,42,1,85.00,189.99,1
557,43,1,12.00,29.99,1
558,38,1,68.00,159.99,1
558,39,1,22.00,54.99,1
559,2,5,5.10,9.99,1
559,5,1,9.40,19.99,1
559,9,1,4.20,11.99,1
561,1,6,5.10,9.99,1
561,9,1,4.20,11.99,1
563,1,6,5.10,9.99,1
563,8,1,18.00,44.99,1
563,9,1,4.20,11.99,1
564,2,6,5.10,9.99,1
564,5,1,9.40,19.99,1
564,9,1,4.20,11.99,1
565,23,6,8.50,19.99,1
566,1,5,5.10,9.99,1
566,9,1,4.20,11.99,1
567,14,1,32.00,0.00,1
567,17,1,7.50,0.00,1
568,45,2,55.00,129.99,1
569,2,6,5.10,9.99,1
569,9,1,4.20,11.99,1
570,14,1,32.00,79.99,1
570,16,2,41.00,94.99,1
570,17,1,7.50,19.99,1
571,11,1,9.80,27.99,1
571,12,1,8.60,29.99,1
571,42,1,85.00,189.99,1
571,43,1,12.00,29.99,1
572,14,1,32.00,79.99,1
572,16,2,41.00,94.99,1
572,17,1,7.50,19.99,1
573,1,5,5.10,9.99,1
573,9,1,4.20,11.99,1
574,35,1,24.00,54.99,1
575,11,1,9.80,27.99,1
575,12,1,8.60,29.99,1
576,45,1,55.00,129.99,1
578,1,6,5.10,9.99,1
578,9,1,4.20,11.99,1
579,2,6,5.10,9.99,1
579,9,1,4.20,11.99,1
580,1,6,5.10,9.99,1
580,10,1,9.50,22.99,1
581,18,1,145.00,249.99,1
583,11,1,9.80,27.99,1
583,12,1,8.60,29.99,1
584,23,4,8.50,19.99,1
585,6,2,14.00,34.99,1
585,27,1,6.00,17.99,1
587,1,7,5.10,9.99,1
587,10,1,9.50,22.99,1
587,11,1,9.80,27.99,1
587,12,1,8.60,29.99,1
588,14,1,32.00,79.99,1
588,16,2,41.00,94.99,1
588,17,1,7.50,19.99,1
589,2,5,5.10,9.99,1
589,9,1,4.20,11.99,1
590,38,1,68.00,159.99,1
591,15,1,28.00,69.99,1
591,17,1,7.50,19.99,1
592,3,6,6.20,12.99,1
593,2,6,5.10,9.99,1
593,5,1,9.40,19.99,1
593,9,1,4.20,11.99,1
593,11,1,9.80,27.99,1
593,12,1,8.60,29.99,1
594,33,1,210.00,449.99,1
595,24,1,45.00,119.99,1
597,1,5,5.10,9.99,1
597,9,1,4.20,11.99,1
598,34,1,26.00,64.99,1
599,11,1,9.80,27.99,1
599,12,1,8.60,29.99,1
599,21,1,120.00,259.99,1
600,18,1,145.00,249.99,1
601,14,1,32.00,79.99,1
601,16,2,41.00,94.99,1
601,17,1,7.50,19.99,1
603,15,1,28.00,69.99,1
603,17,1,7.50,19.99,1
604,1,5,5.10,9.99,1
604,9,1,4.20,11.99,1
605,5,1,9.40,19.99,1
606,5,1,9.40,19.99,1
607,5,1,9.40,19.99,1
607,21,1,120.00,259.99,1
608,34,1,26.00,64.99,1
609,20,1,165.00,329.99,1
609,35,1,24.00,54.99,1
610,2,6,5.10,9.99,1
610,9,1,4.20,11.99,1
611,2,6,5.10,9.99,1
611,4,1,11.50,24.99,1
611,9,1,4.20,11.99,1
611,31,1,22.00,54.99,1
612,11,1,9.80,27.99,1
613,8,1,18.00,44.99,1
613,19,1,160.00,269.99,1
614,8,1,18.00,44.99,1
614,22,2,38.00,89.99,1
615,15,1,28.00,69.99,1
616,2,6,5.10,9.99,1
616,9,1,4.20,11.99,1
616,20,1,165.00,329.99,1
616,35,1,24.00,54.99,1
617,35,1,24.00,54.99,1
618,8,1,18.00,44.99,1
619,35,1,24.00,54.99,1
620,44,1,180.00,389.99,1
622,1,7,5.10,9.99,1
622,10,1,9.50,22.99,1
623,5,1,9.40,19.99,1
623,8,1,18.00,44.99,1
624,2,6,5.10,9.99,1
624,9,1,4.20,11.99,1
625,38,1,68.00,159.99,1
626,4,2,11.50,24.99,1
626,30,1,160.00,349.99,1
627,3,6,6.20,12.99,1
627,5,1,9.40,19.99,1
628,1,5,5.10,9.99,1
628,9,1,4.20,11.99,1
629,14,1,32.00,79.99,1
629,16,2,41.00,94.99,1
629,17,1,7.50,19.99,1
630,22,1,38.00,89.99,1
631,8,1,18.00,44.99,1
631,37,2,95.00,219.99,1
632,1,6,5.10,9.99,1
632,9,1,4.20,11.99,1
632,36,1,55.00,129.99,1
633,1,5,5.10,9.99,1
633,9,1,4.20,11.99,1
634,21,1,120.00,259.99,0
635,2,6,5.10,9.99,1
635,9,1,4.20,11.99,1
636,1,5,5.10,9.99,1
636,9,1,4.20,11.99,1
636,15,1,28.00,69.99,1
637,1,6,5.10,9.99,1
637,9,1,4.20,11.99,1
638,2,5,5.10,9.99,1
638,9,1,4.20,11.99,1
639,1,7,5.10,9.99,1
639,5,1,9.40,19.99,1
639,10,1,9.50,22.99,1
640,11,1,9.80,27.99,1
640,12,1,8.60,29.99,1
641,14,1,32.00,79.99,1
641,16,2,41.00,94.99,1
642,1,5,5.10,9.99,1
642,4,2,11.50,24.99,1
642,8,1,18.00,44.99,1
642,9,1,4.20,11.99,1
643,2,6,5.10,9.99,1
643,9,1,4.20,11.99,1
644,1,5,5.10,9.99,1
644,9,1,4.20,11.99,1
645,15,1,28.00,69.99,1
646,11,1,9.80,27.99,1
646,12,1,8.60,29.99,1
646,19,1,160.00,269.99,1
647,1,5,5.10,9.99,1
647,9,1,4.20,11.99,1
648,2,6,5.10,9.99,1
648,9,1,4.20,11.99,1
649,15,1,28.00,69.99,1
649,17,1,7.50,19.99,1
651,22,4,38.00,89.99,1
652,8,1,18.00,44.99,1
652,36,1,55.00,129.99,1
653,2,6,5.10,9.99,1
653,9,1,4.20,11.99,1
654,4,1,11.50,24.99,1
654,31,1,22.00,54.99,1
655,6,2,14.00,34.99,1
655,25,1,310.00,649.99,1
655,26,1,32.00,79.99,1
656,2,6,5.10,9.99,1
656,9,1,4.20,11.99,1
657,3,10,6.20,12.99,1
657,48,1,420.00,899.99,0
657,49,1,65.00,149.99,1
658,2,6,5.10,9.99,1
658,8,1,18.00,44.99,1
658,9,1,4.20,11.99,1
659,2,6,5.10,9.99,1
659,9,1,4.20,11.99,1
661,34,1,26.00,64.99,1
662,1,6,5.10,9.99,1
662,9,1,4.20,11.99,1
663,1,5,5.10,9.99,1
663,9,1,4.20,11.99,1
663,18,1,145.00,249.99,1
664,1,6,5.10,9.99,1
664,9,1,4.20,11.99,1
664,20,1,165.00,329.99,1
664,35,1,24.00,54.99,1
665,1,5,5.10,9.99,1
665,9,1,4.20,11.99,1
666,2,6,5.10,9.99,1
666,9,1,4.20,11.99,1
667,24,1,45.00,119.99,1
668,4,2,11.50,24.99,1
668,29,1,85.00,199.99,1
669,2,6,5.10,9.99,1
669,8,1,18.00,44.99,1
669,9,1,4.20,11.99,1
670,14,1,32.00,79.99,1
670,16,2,41.00,94.99,1
670,17,1,7.50,19.99,1
671,2,6,5.10,9.99,1
671,9,1,4.20,11.99,1
672,4,2,11.50,24.99,1
672,29,1,85.00,199.99,1
673,19,1,160.00,269.99,1
674,3,6,6.20,12.99,1
674,11,1,9.80,27.99,1
674,12,1,8.60,29.99,1
674,46,1,24.00,59.99,1
675,1,6,5.10,9.99,1
675,9,1,4.20,11.99,1
676,7,2,38.00,89.99,1
676,25,1,310.00,649.99,1
676,26,1,32.00,79.99,1
677,2,6,5.10,9.99,1
677,9,1,4.20,11.99,1
678,1,5,5.10,9.99,1
678,5,1,9.40,19.99,1
678,9,1,4.20,11.99,1
678,11,1,9.80,27.99,1
679,2,6,5.10,9.99,1
679,9,1,4.20,11.99,1
680,2,6,5.10,9.99,1
680,9,1,4.20,11.99,1
681,23,6,8.50,19.99,1
682,2,6,5.10,9.99,1
682,9,1,4.20,11.99,1
683,2,6,5.10,9.99,1
683,9,1,4.20,11.99,1
683,11,1,9.80,27.99,1
683,12,1,8.60,29.99,1
685,24,1,45.00,119.99,1
686,45,2,55.00,129.99,1
687,11,1,9.80,27.99,1
687,12,1,8.60,29.99,1
688,4,1,11.50,24.99,1
688,31,1,22.00,54.99,1
689,1,5,5.10,9.99,1
689,9,1,4.20,11.99,1
689,33,1,210.00,449.99,1
690,1,6,5.10,9.99,1
690,9,1,4.20,11.99,1
691,2,6,5.10,9.99,1
691,8,1,18.00,44.99,1
691,9,1,4.20,11.99,1
692,1,7,5.10,9.99,1
692,10,1,9.50,22.99,1
693,35,1,24.00,54.99,1
694,38,1,68.00,159.99,1
694,39,1,22.00,54.99,1
695,4,2,11.50,24.99,1
696,35,1,24.00,54.99,1
697,22,1,38.00,89.99,1
698,3,6,6.20,12.99,1
698,46,1,24.00,59.99,1
699,3,6,6.20,12.99,1
699,46,1,24.00,59.99,1
700,1,7,5.10,9.99,1
700,10,1,9.50,22.99,1
701,35,1,24.00,54.99,1
702,11,1,9.80,27.99,1
702,12,1,8.60,29.99,1
703,2,5,5.10,9.99,1
703,9,1,4.20,11.99,1
704,41,1,380.00,799.99,0
704,43,1,12.00,29.99,1
705,8,1,18.00,44.99,1
706,2,6,5.10,9.99,1
706,9,1,4.20,11.99,1
707,19,1,160.00,269.99,1
708,14,1,32.00,79.99,1
708,16,2,41.00,94.99,1
709,34,1,26.00,64.99,1
710,8,1,18.00,44.99,1
710,37,2,95.00,219.99,1
711,1,6,5.10,9.99,1
711,9,1,4.20,11.99,1
712,3,6,6.20,12.99,1
712,46,1,24.00,59.99,1
713,21,1,120.00,259.99,1
714,22,1,38.00,89.99,1
715,1,5,5.10,9.99,1
715,9,1,4.20,11.99,1
715,11,1,9.80,27.99,1
715,12,1,8.60,29.99,1
716,44,1,180.00,389.99,1
717,2,5,5.10,9.99,1
717,8,1,18.00,44.99,1
717,9,1,4.20,11.99,1
719,5,1,9.40,19.99,1
719,8,1,18.00,44.99,1
719,24,1,45.00,119.99,1
720,1,5,5.10,9.99,1
720,9,1,4.20,11.99,1
720,14,1,32.00,79.99,1
720,16,2,41.00,94.99,1
720,17,1,7.50,19.99,1
721,4,2,11.50,24.99,1
722,7,2,38.00,89.99,1
722,8,1,18.00,44.99,1
722,27,1,6.00,17.99,1
724,2,5,5.10,9.99,1
724,9,1,4.20,11.99,1
725,14,1,32.00,79.99,1
725,16,2,41.00,94.99,1
725,17,1,7.50,19.99,1
726,4,1,11.50,24.99,1
726,31,1,22.00,54.99,1
727,14,1,32.00,79.99,1
727,16,2,41.00,94.99,1
727,17,1,7.50,19.99,1
728,40,2,18.00,44.99,1
729,15,1,28.00,69.99,1
729,17,1,7.50,19.99,1
730,11,1,9.80,27.99,1
730,12,1,8.60,29.99,1
730,15,1,28.00,69.99,1
730,17,1,7.50,19.99,1
731,1,5,5.10,9.99,1
731,9,1,4.20,11.99,1
732,1,7,5.10,9.99,1
732,10,1,9.50,22.99,1
733,23,4,8.50,19.99,1
734,23,6,8.50,19.99,1
735,1,6,5.10,9.99,1
735,9,1,4.20,11.99,1
736,15,1,28.00,0.00,1
736,17,1,7.50,0.00,1
737,1,5,5.10,9.99,1
737,9,1,4.20,11.99,1
739,1,6,5.10,9.99,1
739,9,1,4.20,11.99,1
740,5,1,9.40,19.99,1
740,11,1,9.80,27.99,1
740,12,1,8.60,29.99,1
741,18,1,145.00,249.99,1
742,8,1,18.00,44.99,1
742,15,1,28.00,69.99,1
742,17,1,7.50,19.99,1
743,1,5,5.10,9.99,1
743,6,2,14.00,34.99,1
743,9,1,4.20,11.99,1
743,27,1,6.00,17.99,1
744,21,1,120.00,259.99,1
745,34,1,26.00,64.99,1
746,14,1,32.00,79.99,1
746,16,2,41.00,94.99,1
746,17,1,7.50,19.99,1
748,33,1,210.00,449.99,1
749,2,6,5.10,9.99,1
749,5,1,9.40,19.99,1
749,9,1,4.20,11.99,1
750,34,1,26.00,64.99,1
751,2,6,5.10,9.99,1
751,9,1,4.20,11.99,1
752,42,1,85.00,189.99,1
752,43,1,12.00,29.99,1
754,4,2,11.50,24.99,1
754,8,1,18.00,44.99,1
754,29,1,85.00,199.99,1
755,18,1,145.00,249.99,1
756,4,2,11.50,24.99,1
757,1,5,5.10,9.99,1
757,9,1,4.20,11.99,1
758,44,1,180.00,389.99,1
759,1,7,5.10,9.99,1
759,10,1,9.50,22.99,1
759,11,1,9.80,27.99,1
759,12,1,8.60,29.99,1
760,4,1,11.50,24.99,1
760,31,1,22.00,54.99,1
761,5,1,9.40,19.99,1
763,14,1,32.00,79.99,1
763,16,2,41.00,94.99,1
764,2,6,5.10,9.99,1
764,9,1,4.20,11.99,1
766,2,6,5.10,9.99,1
766,9,1,4.20,11.99,1
767,14,1,32.00,79.99,1
767,16,2,41.00,94.99,1
767,17,1,7.50,19.99,1
768,11,1,9.80,27.99,1
769,5,1,9.40,19.99,1
769,23,8,8.50,19.99,1
770,20,1,165.00,0.00,1
771,19,1,160.00,269.99,1
773,1,6,5.10,9.99,1
773,9,1,4.20,11.99,1
774,15,1,28.00,69.99,1
775,1,5,5.10,9.99,1
775,9,1,4.20,11.99,1
776,1,6,5.10,9.99,1
776,9,1,4.20,11.99,1
776,15,1,28.00,69.99,1
778,1,6,5.10,9.99,1
778,10,1,9.50,22.99,1
779,15,1,28.00,69.99,1
779,17,1,7.50,19.99,1
780,2,6,5.10,9.99,1
780,9,1,4.20,11.99,1
781,2,6,5.10,9.99,1
781,9,1,4.20,11.99,1
782,4,1,11.50,24.99,1
782,31,1,22.00,54.99,1
783,4,2,11.50,24.99,1
783,30,1,160.00,349.99,1
783,32,1,28.00,64.99,1
784,21,1,120.00,259.99,1
785,37,2,95.00,0.00,1
786,4,2,11.50,24.99,1
786,29,1,85.00,199.99,1
787,6,2,14.00,34.99,1
787,27,1,6.00,17.99,1
788,14,1,32.00,79.99,1
788,16,2,41.00,94.99,1
788,17,1,7.50,19.99,1
789,15,1,28.00,69.99,1
789,17,1,7.50,19.99,1
790,14,1,32.00,79.99,1
790,16,2,41.00,94.99,1
790,17,1,7.50,19.99,1
791,6,2,14.00,34.99,1
791,27,1,6.00,17.99,1
792,2,6,5.10,9.99,1
792,9,1,4.20,11.99,1
794,1,6,5.10,9.99,1
794,9,1,4.20,11.99,1
795,15,1,28.00,69.99,1
795,17,1,7.50,19.99,1
796,6,2,14.00,34.99,1
796,27,1,6.00,17.99,1
797,11,1,9.80,27.99,1
797,12,1,8.60,29.99,1
798,2,6,5.10,9.99,1
798,9,1,4.20,11.99,1
799,7,2,38.00,89.99,1
799,25,1,310.00,649.99,1
799,26,1,32.00,79.99,1
800,8,1,18.00,44.99,1
800,11,1,9.80,27.99,1
800,12,1,8.60,29.99,1
801,21,1,120.00,259.99,1
802,2,6,5.10,9.99,1
802,9,1,4.20,11.99,1
803,22,4,38.00,89.99,1
804,34,1,26.00,64.99,1
805,38,1,68.00,159.99,1
805,39,1,22.00,54.99,1
806,14,1,32.00,79.99,1
806,16,2,41.00,94.99,1
807,2,6,5.10,9.99,1
807,9,1,4.20,11.99,1
808,4,1,11.50,24.99,1
808,31,1,22.00,54.99,1
809,7,2,38.00,89.99,1
809,26,1,32.00,79.99,1
809,28,1,145.00,319.99,1
810,3,6,6.20,12.99,1
811,15,1,28.00,69.99,1
812,38,1,68.00,0.00,1
812,39,1,22.00,0.00,1
813,1,5,5.10,9.99,1
813,9,1,4.20,11.99,1
814,1,7,5.10,9.99,1
814,8,1,18.00,44.99,1
814,10,1,9.50,22.99,1
814,11,1,9.80,27.99,1
814,12,1,8.60,29.99,1
815,1,5,5.10,9.99,1
815,5,1,9.40,19.99,1
815,9,1,4.20,11.99,1
816,1,6,5.10,9.99,1
816,9,1,4.20,11.99,1
817,1,6,5.10,9.99,1
817,9,1,4.20,11.99,1
819,19,1,160.00,269.99,1
820,8,1,18.00,44.99,1
821,11,1,9.80,27.99,1
821,12,1,8.60,29.99,1
822,2,6,5.10,9.99,1
822,9,1,4.20,11.99,1
823,21,1,120.00,259.99,1
824,3,6,6.20,12.99,1
825,1,6,5.10,9.99,1
825,9,1,4.20,11.99,1
825,38,1,68.00,159.99,1
826,2,6,5.10,9.99,1
826,9,1,4.20,11.99,1
827,4,1,11.50,24.99,1
827,31,1,22.00,54.99,1
828,19,1,160.00,269.99,1
829,35,1,24.00,54.99,1
830,35,1,24.00,54.99,1
831,41,1,380.00,799.99,0
831,43,1,12.00,29.99,1
832,4,2,11.50,24.99,1
832,30,1,160.00,349.99,1
832,32,1,28.00,64.99,1
833,15,1,28.00,69.99,1
833,17,1,7.50,19.99,1
835,2,6,5.10,9.99,1
835,9,1,4.20,11.99,1
836,1,7,5.10,9.99,1
836,10,1,9.50,22.99,1
837,1,6,5.10,9.99,1
837,9,1,4.20,11.99,1
838,5,1,9.40,19.99,1
839,14,1,32.00,79.99,1
839,16,2,41.00,94.99,1
840,37,2,95.00,219.99,1
841,40,2,18.00,44.99,1
842,11,1,9.80,27.99,1
842,12,1,8.60,29.99,1
842,19,1,160.00,269.99,1
843,1,5,5.10,9.99,1
843,9,1,4.20,11.99,1
845,14,1,32.00,79.99,1
845,16,2,41.00,94.99,1
847,5,1,9.40,19.99,1
849,2,6,5.10,9.99,1
849,5,1,9.40,19.99,1
849,9,1,4.20,11.99,1
850,2,6,5.10,9.99,1
850,8,1,18.00,44.99,1
850,9,1,4.20,11.99,1
851,15,1,28.00,69.99,1
851,17,1,7.50,19.99,1
853,41,1,380.00,799.99,0
853,43,1,12.00,29.99,1
854,15,1,28.00,69.99,1
854,17,1,7.50,19.99,1
855,2,6,5.10,9.99,1
855,8,1,18.00,44.99,1
855,9,1,4.20,11.99,1
858,38,1,68.00,159.99,1
858,39,1,22.00,54.99,1
859,2,6,5.10,9.99,1
859,9,1,4.20,11.99,1
860,11,1,9.80,27.99,1
860,23,4,8.50,19.99,1
861,2,6,5.10,9.99,1
861,9,1,4.20,11.99,1
862,24,1,45.00,119.99,1
863,2,6,5.10,9.99,1
863,9,1,4.20,11.99,1
864,2,6,5.10,9.99,1
864,9,1,4.20,11.99,1
865,1,6,5.10,9.99,1
865,9,1,4.20,11.99,1
866,2,6,5.10,9.99,1
866,9,1,4.20,11.99,1
868,4,1,11.50,24.99,1
868,31,1,22.00,54.99,1
869,1,5,5.10,9.99,1
869,9,1,4.20,11.99,1
870,4,2,11.50,24.99,1
871,44,1,180.00,389.99,1
872,2,6,5.10,9.99,1
872,9,1,4.20,11.99,1
872,11,1,9.80,27.99,1
872,12,1,8.60,29.99,1
873,8,1,18.00,44.99,1
874,2,5,5.10,9.99,1
874,8,1,18.00,44.99,1
874,9,1,4.20,11.99,1
875,2,6,5.10,9.99,1
875,9,1,4.20,11.99,1
877,1,6,5.10,9.99,1
877,9,1,4.20,11.99,1
878,14,1,32.00,79.99,1
878,16,2,41.00,94.99,1
879,4,2,11.50,24.99,1
879,5,1,9.40,19.99,1
879,30,1,160.00,349.99,1
879,32,1,28.00,64.99,1
880,5,1,9.40,19.99,1
881,14,1,32.00,0.00,1
881,16,2,41.00,0.00,1
882,23,6,8.50,19.99,1
883,23,6,8.50,19.99,1
884,37,2,95.00,219.99,1
886,11,1,9.80,27.99,1
887,5,1,9.40,19.99,1
887,22,1,38.00,89.99,1
888,4,2,11.50,24.99,1
888,29,1,85.00,199.99,1
890,14,1,32.00,79.99,1
890,16,2,41.00,94.99,1
890,17,1,7.50,19.99,1
891,2,6,5.10,9.99,1
891,9,1,4.20,11.99,1
892,22,1,38.00,89.99,1
893,14,1,32.00,79.99,1
893,16,2,41.00,94.99,1
894,2,6,5.10,9.99,1
894,9,1,4.20,11.99,1
894,11,1,9.80,27.99,1
894,12,1,8.60,29.99,1
895,22,2,38.00,89.99,1
896,5,1,9.40,19.99,1
897,1,5,5.10,9.99,1
897,9,1,4.20,11.99,1
898,2,6,5.10,9.99,1
898,9,1,4.20,11.99,1
899,3,6,6.20,12.99,1
899,46,1,24.00,59.99,1
900,21,1,120.00,259.99,1
901,1,5,5.10,9.99,1
901,9,1,4.20,11.99,1
902,38,1,68.00,159.99,1
903,14,1,32.00,79.99,1
903,16,2,41.00,94.99,1
903,17,1,7.50,19.99,1
904,5,1,9.40,19.99,1
905,2,5,5.10,9.99,1
905,9,1,4.20,11.99,1
906,1,5,5.10,9.99,1
906,9,1,4.20,11.99,1
907,4,2,11.50,24.99,1
907,29,1,85.00,199.99,1
908,23,8,8.50,19.99,1
909,5,1,9.40,19.99,1
910,2,6,5.10,9.99,1
910,9,1,4.20,11.99,1
911,2,6,5.10,9.99,1
911,9,1,4.20,11.99,1
913,2,6,5.10,9.99,1
913,9,1,4.20,11.99,1
914,22,1,38.00,89.99,1
915,5,1,9.40,19.99,1
917,6,2,14.00,34.99,1
917,27,1,6.00,17.99,1
919,11,1,9.80,27.99,1
919,21,1,120.00,259.99,1
920,5,1,9.40,19.99,1
921,5,1,9.40,19.99,1
922,2,6,5.10,9.99,1
922,9,1,4.20,11.99,1
923,14,1,32.00,79.99,1
923,16,2,41.00,94.99,1
924,11,1,9.80,27.99,1
924,12,1,8.60,29.99,1
925,5,1,9.40,19.99,1
925,14,1,32.00,79.99,1
925,16,2,41.00,94.99,1
926,18,1,145.00,249.99,1
927,1,5,5.10,9.99,1
927,9,1,4.20,11.99,1
928,15,1,28.00,69.99,1
928,17,1,7.50,19.99,1
929,14,1,32.00,79.99,1
929,16,2,41.00,94.99,1
930,44,1,180.00,389.99,1
931,19,1,160.00,269.99,1
932,2,6,5.10,9.99,1
932,9,1,4.20,11.99,1
932,19,1,160.00,269.99,1
933,5,1,9.40,19.99,1
934,5,1,9.40,19.99,1
934,40,2,18.00,44.99,1
935,5,1,9.40,19.99,1
936,2,6,5.10,9.99,1
936,9,1,4.20,11.99,1
940,33,1,210.00,449.99,1
941,38,1,68.00,159.99,1
943,27,1,6.00,0.00,1
945,2,6,5.10,9.99,1
945,8,1,18.00,44.99,1
945,9,1,4.20,11.99,1
946,2,6,5.10,9.99,1
946,8,1,18.00,44.99,1
946,9,1,4.20,11.99,1
947,1,5,5.10,9.99,1
947,9,1,4.20,11.99,1
948,1,5,5.10,9.99,1
948,3,6,6.20,12.99,1
948,9,1,4.20,11.99,1
948,11,1,9.80,27.99,1
948,12,1,8.60,29.99,1
948,46,1,24.00,59.99,1
949,3,6,6.20,12.99,1
949,46,1,24.00,59.99,1
951,21,1,120.00,259.99,1
952,1,5,5.10,9.99,1
952,3,6,6.20,12.99,1
952,9,1,4.20,11.99,1
952,46,1,24.00,59.99,1
953,2,6,5.10,9.99,1
953,9,1,4.20,11.99,1
954,2,6,5.10,9.99,1
954,9,1,4.20,11.99,1
955,1,6,5.10,9.99,1
955,9,1,4.20,11.99,1
955,11,1,9.80,27.99,1
955,12,1,8.60,29.99,1
957,11,1,9.80,27.99,1
957,12,1,8.60,29.99,1
957,14,1,32.00,79.99,1
957,16,2,41.00,94.99,1
957,17,1,7.50,19.99,1
959,38,1,68.00,0.00,1
960,2,6,5.10,9.99,1
960,9,1,4.20,11.99,1
961,35,1,24.00,54.99,1
962,2,6,5.10,9.99,1
962,9,1,4.20,11.99,1
963,24,1,45.00,119.99,1
964,23,4,8.50,19.99,1
965,23,8,8.50,19.99,1
967,11,1,9.80,27.99,1
967,12,1,8.60,29.99,1
967,36,1,55.00,129.99,1
968,15,1,28.00,69.99,1
969,2,6,5.10,9.99,1
969,4,2,11.50,24.99,1
969,8,1,18.00,44.99,1
969,9,1,4.20,11.99,1
970,2,5,5.10,9.99,1
970,9,1,4.20,11.99,1
970,14,1,32.00,79.99,1
970,16,2,41.00,94.99,1
970,17,1,7.50,19.99,1
971,33,1,210.00,0.00,1
972,7,2,38.00,89.99,1
972,27,1,6.00,17.99,1
974,5,1,9.40,19.99,1
975,2,6,5.10,9.99,1
975,9,1,4.20,11.99,1
976,8,1,18.00,44.99,1
977,2,6,5.10,9.99,1
977,5,1,9.40,19.99,1
977,9,1,4.20,11.99,1
980,6,2,14.00,34.99,1
980,27,1,6.00,17.99,1
981,18,1,145.00,249.99,1
982,2,6,5.10,9.99,1
982,9,1,4.20,11.99,1
983,11,1,9.80,27.99,1
983,12,1,8.60,29.99,1
984,2,6,5.10,9.99,1
984,5,1,9.40,19.99,1
984,9,1,4.20,11.99,1
985,2,6,5.10,9.99,1
985,9,1,4.20,11.99,1
986,1,5,5.10,9.99,1
986,9,1,4.20,11.99,1
986,11,1,9.80,27.99,1
986,12,1,8.60,29.99,1
986,40,2,18.00,44.99,1
987,2,5,5.10,9.99,1
987,6,2,14.00,34.99,1
987,8,1,18.00,44.99,1
987,9,1,4.20,11.99,1
987,27,1,6.00,17.99,1
988,14,1,32.00,79.99,1
988,16,2,41.00,94.99,1
988,17,1,7.50,19.99,1
989,35,1,24.00,54.99,1
990,2,5,5.10,9.99,1
990,9,1,4.20,11.99,1
991,2,6,5.10,9.99,1
991,8,1,18.00,44.99,1
991,9,1,4.20,11.99,1
992,2,6,5.10,9.99,1
992,9,1,4.20,11.99,1
993,19,1,160.00,269.99,1
994,1,6,5.10,9.99,1
994,9,1,4.20,11.99,1
994,23,6,8.50,19.99,1
995,11,1,9.80,27.99,1
995,12,1,8.60,29.99,1
997,1,6,5.10,9.99,1
997,8,1,18.00,44.99,1
997,10,1,9.50,22.99,1
998,8,1,18.00,44.99,1
999,2,6,5.10,9.99,1
999,9,1,4.20,11.99,1
1000,20,1,165.00,329.99,1
1000,35,1,24.00,54.99,1
1001,2,6,5.10,9.99,1
1001,9,1,4.20,11.99,1
1001,14,1,32.00,79.99,1
1001,16,2,41.00,94.99,1
1001,17,1,7.50,19.99,1
1002,2,6,5.10,9.99,1
1002,9,1,4.20,11.99,1
1003,11,1,9.80,27.99,1
1003,12,1,8.60,29.99,1
1003,15,1,28.00,69.99,1
1003,17,1,7.50,19.99,1
1004,1,6,5.10,9.99,1
1004,10,1,9.50,22.99,1
1004,11,1,9.80,27.99,1
1004,12,1,8.60,29.99,1
1005,11,1,9.80,27.99,1
1005,12,1,8.60,29.99,1
1006,47,1,240.00,499.99,0
1007,20,1,165.00,329.99,1
1007,35,1,24.00,54.99,1
1008,11,1,9.80,27.99,1
1008,12,1,8.60,29.99,1
1008,14,1,32.00,79.99,1
1008,16,2,41.00,94.99,1
1008,17,1,7.50,19.99,1
1009,18,1,145.00,249.99,1
1010,11,1,9.80,27.99,1
1010,12,1,8.60,29.99,1
1012,4,2,11.50,24.99,1
1013,8,1,18.00,44.99,1
1015,6,2,14.00,34.99,1
1015,8,1,18.00,44.99,1
1015,27,1,6.00,17.99,1
1016,1,6,5.10,9.99,1
1016,10,1,9.50,22.99,1
1017,5,1,9.40,19.99,1
1018,2,6,5.10,9.99,1
1018,9,1,4.20,11.99,1
1019,2,6,5.10,9.99,1
1019,9,1,4.20,11.99,1
1020,2,6,5.10,9.99,1
1020,9,1,4.20,11.99,1
1021,4,2,11.50,24.99,1
1022,4,1,11.50,24.99,1
1022,31,1,22.00,54.99,1
1023,2,6,5.10,9.99,1
1023,9,1,4.20,11.99,1
1024,44,1,180.00,389.99,1
1025,2,6,5.10,9.99,1
1025,5,1,9.40,19.99,1
1025,9,1,4.20,11.99,1
1026,4,2,11.50,24.99,1
1027,22,1,38.00,89.99,1
1028,6,2,14.00,34.99,1
1028,25,1,310.00,649.99,1
1028,26,1,32.00,79.99,1
1029,5,1,9.40,19.99,1
1029,19,1,160.00,269.99,1
1030,11,1,9.80,27.99,1
1030,12,1,8.60,29.99,1
1031,2,6,5.10,9.99,1
1031,9,1,4.20,11.99,1
1032,14,1,32.00,79.99,1
1032,16,2,41.00,94.99,1
1032,17,1,7.50,19.99,1
1033,4,1,11.50,24.99,1
1033,8,1,18.00,44.99,1
1033,31,1,22.00,54.99,1
1034,11,1,9.80,27.99,1
1037,6,2,14.00,34.99,1
1037,27,1,6.00,17.99,1
1038,4,2,11.50,24.99,1
1038,30,1,160.00,349.99,1
1040,1,5,5.10,9.99,1
1040,9,1,4.20,11.99,1
1041,8,1,18.00,44.99,1
1042,2,6,5.10,9.99,1
1042,9,1,4.20,11.99,1
1044,1,6,5.10,9.99,1
1044,9,1,4.20,11.99,1
1045,7,2,38.00,89.99,1
1045,27,1,6.00,17.99,1
1047,5,1,9.40,19.99,1
1047,7,2,38.00,89.99,1
1047,25,1,310.00,649.99,1
1047,26,1,32.00,79.99,1
1048,2,6,5.10,9.99,1
1048,5,1,9.40,19.99,1
1048,9,1,4.20,11.99,1
1049,4,2,11.50,24.99,1
1049,30,1,160.00,349.99,1
1049,32,1,28.00,64.99,1
1050,2,6,5.10,9.99,1
1050,8,1,18.00,44.99,1
1050,9,1,4.20,11.99,1
1051,22,4,38.00,89.99,1
1052,4,2,11.50,24.99,1
1052,30,1,160.00,349.99,1
1053,5,1,9.40,19.99,1
1054,3,10,6.20,12.99,1
1054,5,1,9.40,19.99,1
1054,8,1,18.00,44.99,1
1054,48,1,420.00,899.99,0
1055,1,6,5.10,9.99,1
1055,10,1,9.50,22.99,1
1056,14,1,32.00,79.99,1
1056,16,2,41.00,94.99,1
1056,17,1,7.50,19.99,1
1057,14,1,32.00,79.99,1
1057,16,2,41.00,94.99,1
1057,17,1,7.50,19.99,1
1059,11,1,9.80,27.99,1
1059,12,1,8.60,29.99,1
1060,2,6,5.10,9.99,1
1060,9,1,4.20,11.99,1
1061,8,1,18.00,44.99,1
1062,1,5,5.10,9.99,1
1062,9,1,4.20,11.99,1
1063,2,6,5.10,9.99,1
1063,9,1,4.20,11.99,1
1064,19,1,160.00,0.00,1
1066,8,1,18.00,44.99,1
1067,14,1,32.00,79.99,1
1067,16,2,41.00,94.99,1
1067,17,1,7.50,19.99,1
1068,35,1,24.00,0.00,1
1069,18,1,145.00,249.99,1
1070,19,1,160.00,269.99,1
1071,5,1,9.40,19.99,1
1071,8,1,18.00,44.99,1
1071,19,1,160.00,269.99,1
1072,5,1,9.40,19.99,1
1072,14,1,32.00,79.99,1
1072,16,2,41.00,94.99,0
1072,17,1,7.50,19.99,1
1073,36,1,55.00,129.99,1
1074,47,1,240.00,499.99,0
1075,1,6,5.10,9.99,1
1075,9,1,4.20,11.99,1
1077,2,6,5.10,9.99,1
1077,9,1,4.20,11.99,1
1078,5,1,9.40,19.99,1
1078,11,1,9.80,27.99,1
1078,12,1,8.60,29.99,1
1079,14,1,32.00,79.99,1
1079,16,2,41.00,94.99,0
1079,17,1,7.50,19.99,1
1080,18,1,145.00,249.99,1
1081,2,6,5.10,9.99,1
1081,9,1,4.20,11.99,1
1081,34,1,26.00,64.99,1
1082,33,1,210.00,449.99,1
1083,1,5,5.10,9.99,1
1083,5,1,9.40,19.99,1
1083,9,1,4.20,11.99,1
1083,11,1,9.80,27.99,1
1083,12,1,8.60,29.99,1
1084,20,1,165.00,329.99,1
1084,35,1,24.00,54.99,1
1085,37,2,95.00,219.99,1
1086,1,6,5.10,9.99,1
1086,9,1,4.20,11.99,1
1087,7,2,38.00,89.99,1
1087,27,1,6.00,17.99,1
1088,2,6,5.10,9.99,1
1088,5,1,9.40,19.99,1
1088,9,1,4.20,11.99,1
1090,6,2,14.00,34.99,1
1090,27,1,6.00,17.99,1
1091,47,1,240.00,499.99,0
1092,1,6,5.10,9.99,1
1092,9,1,4.20,11.99,1
1093,11,1,9.80,27.99,1
1093,12,1,8.60,29.99,1
1093,19,1,160.00,269.99,1
1094,8,1,18.00,44.99,1
1094,15,1,28.00,69.99,1
1094,17,1,7.50,19.99,1
1095,2,6,5.10,9.99,1
1095,9,1,4.20,11.99,1
1096,2,6,5.10,9.99,1
1096,9,1,4.20,11.99,1
1097,4,2,11.50,24.99,1
1097,29,1,85.00,199.99,1
1098,15,1,28.00,69.99,1
1098,17,1,7.50,19.99,1
1099,11,1,9.80,27.99,1
1099,12,1,8.60,29.99,1
1100,1,6,5.10,9.99,1
1100,9,1,4.20,11.99,1
1101,1,5,5.10,9.99,1
1101,9,1,4.20,11.99,1
1102,1,5,5.10,9.99,1
1102,9,1,4.20,11.99,1
1104,14,1,32.00,79.99,1
1104,16,2,41.00,94.99,1
1104,17,1,7.50,19.99,1
1105,4,2,11.50,24.99,1
1106,24,1,45.00,119.99,1
1107,5,1,9.40,19.99,1
1107,22,1,38.00,89.99,1
1109,7,2,38.00,89.99,1
1109,27,1,6.00,17.99,1
1111,34,1,26.00,64.99,1
1112,7,2,38.00,89.99,1
1112,27,1,6.00,17.99,1
1113,2,6,5.10,9.99,1
1113,9,1,4.20,11.99,1
1114,1,6,5.10,9.99,1
1114,9,1,4.20,11.99,1
1115,25,1,310.00,0.00,1
1116,5,1,9.40,19.99,1
1117,5,1,9.40,19.99,1
1117,40,2,18.00,44.99,1
1118,1,5,5.10,9.99,1
1118,9,1,4.20,11.99,1
1119,11,1,9.80,27.99,1
1119,12,1,8.60,29.99,1
1120,1,5,5.10,9.99,1
1120,9,1,4.20,11.99,1
1121,15,1,28.00,69.99,1
1122,2,6,5.10,9.99,1
1122,9,1,4.20,11.99,1
1123,6,2,14.00,34.99,1
1123,8,1,18.00,44.99,1
1123,27,1,6.00,17.99,1
1124,5,1,9.40,19.99,1
1124,11,1,9.80,27.99,1
1124,12,1,8.60,29.99,1
1125,27,1,6.00,0.00,1
1127,2,6,5.10,9.99,1
1127,9,1,4.20,11.99,1
1128,2,5,5.10,9.99,1
1128,8,1,18.00,44.99,1
1128,9,1,4.20,11.99,1
1129,6,2,14.00,34.99,1
1129,27,1,6.00,17.99,1
1130,14,1,32.00,79.99,1
1130,16,2,41.00,94.99,1
1130,17,1,7.50,19.99,1
1131,1,5,5.10,9.99,1
1131,9,1,4.20,11.99,1
1133,22,1,38.00,89.99,1
1134,2,6,5.10,9.99,1
1134,9,1,4.20,11.99,1
1135,2,6,5.10,9.99,1
1135,9,1,4.20,11.99,1
1135,11,1,9.80,27.99,1
1135,12,1,8.60,29.99,1
1136,7,2,38.00,89.99,1
1136,27,1,6.00,17.99,1
1137,19,1,160.00,269.99,1
1138,2,6,5.10,9.99,1
1138,8,1,18.00,44.99,1
1138,9,1,4.20,11.99,1
1140,8,1,18.00,44.99,1
1141,18,1,145.00,249.99,1
1143,33,1,210.00,449.99,1
1144,14,1,32.00,79.99,1
1144,16,2,41.00,94.99,1
1145,2,6,5.10,9.99,1
1145,9,1,4.20,11.99,1
1146,1,6,5.10,9.99,1
1146,8,1,18.00,44.99,1
1146,9,1,4.20,11.99,1
1147,1,5,5.10,9.99,1
1147,9,1,4.20,11.99,1
1148,8,1,18.00,44.99,1
1148,11,1,9.80,27.99,1
1148,34,1,26.00,64.99,1
1149,2,6,5.10,9.99,1
1149,9,1,4.20,11.99,1
1150,15,1,28.00,69.99,1
1152,18,1,145.00,249.99,1
1153,5,1,9.40,19.99,1
1153,11,1,9.80,27.99,1
1153,18,1,145.00,249.99,1
1154,24,1,45.00,119.99,1
1155,1,6,5.10,9.99,1
1155,9,1,4.20,11.99,1
1155,11,1,9.80,27.99,1
1155,12,1,8.60,29.99,1
1156,24,1,45.00,119.99,1
1158,11,1,9.80,27.99,1
1158,22,1,38.00,89.99,1
1159,20,1,165.00,329.99,1
1159,35,1,24.00,54.99,1
1160,7,2,38.00,89.99,1
1160,27,1,6.00,17.99,1
1161,22,1,38.00,89.99,1
1163,23,6,8.50,19.99,1
1164,1,6,5.10,9.99,1
1164,5,1,9.40,19.99,1
1164,9,1,4.20,11.99,1
1165,38,1,68.00,159.99,1
1167,14,1,32.00,79.99,1
1167,16,2,41.00,94.99,1
1168,2,5,5.10,9.99,1
1168,5,1,9.40,19.99,1
1168,9,1,4.20,11.99,1
1168,35,1,24.00,54.99,1
1170,1,5,5.10,9.99,1
1170,9,1,4.20,11.99,1
1171,4,2,11.50,24.99,1
1171,11,1,9.80,27.99,1
1171,12,1,8.60,29.99,1
1172,24,1,45.00,119.99,1
1174,2,5,5.10,9.99,1
1174,9,1,4.20,11.99,1
1175,1,5,5.10,9.99,1
1175,5,1,9.40,19.99,1
1175,9,1,4.20,11.99,1
1175,14,1,32.00,79.99,1
1175,16,2,41.00,94.99,1
1175,17,1,7.50,19.99,1
1176,11,1,9.80,27.99,1
1176,12,1,8.60,29.99,1
1177,21,1,120.00,259.99,1
1178,18,1,145.00,249.99,1
1180,2,6,5.10,9.99,1
1180,9,1,4.20,11.99,1
1184,6,2,14.00,34.99,1
1184,27,1,6.00,17.99,1
1185,2,6,5.10,9.99,1
1185,7,2,38.00,89.99,1
1185,9,1,4.20,11.99,1
1185,27,1,6.00,17.99,1
1186,6,2,14.00,34.99,1
1186,27,1,6.00,17.99,1
1187,22,2,38.00,89.99,1
1188,2,6,5.10,9.99,1
1188,9,1,4.20,11.99,1
1189,23,6,8.50,19.99,1
1190,4,1,11.50,24.99,1
1190,31,1,22.00,54.99,1
1191,11,1,9.80,27.99,1
1191,12,1,8.60,29.99,1
1192,1,5,5.10,9.99,1
1192,9,1,4.20,11.99,1
1193,23,6,8.50,19.99,1
1195,15,1,28.00,69.99,1
1195,17,1,7.50,19.99,1
1196,37,2,95.00,219.99,1
1197,18,1,145.00,249.99,1
1199,18,1,145.00,249.99,1
1200,2,6,5.10,9.99,1
1200,9,1,4.20,11.99,1
1201,2,5,5.10,9.99,1
1201,9,1,4.20,11.99,1
1205,4,2,11.50,24.99,1
1207,19,1,160.00,269.99,1
1208,4,1,11.50,24.99,1
1208,31,1,22.00,54.99,1
1209,14,1,32.00,79.99,1
1209,16,2,41.00,94.99,1
1210,1,5,5.10,9.99,1
1210,9,1,4.20,11.99,1
1211,1,5,5.10,9.99,1
1211,9,1,4.20,11.99,1
1212,14,1,32.00,79.99,1
1212,16,2,41.00,94.99,1
1212,17,1,7.50,19.99,1
1213,34,1,26.00,64.99,1
1214,1,5,5.10,9.99,1
1214,9,1,4.20,11.99,1
1215,1,5,5.10,9.99,1
1215,9,1,4.20,11.99,1
1216,4,2,11.50,24.99,1
1216,29,1,85.00,199.99,1
1217,36,1,55.00,129.99,1
1219,2,5,5.10,9.99,1
1219,5,1,9.40,19.99,1
1219,9,1,4.20,11.99,1
1221,1,6,5.10,9.99,1
1221,8,1,18.00,44.99,1
1221,9,1,4.20,11.99,1
1222,11,1,9.80,27.99,1
1222,12,1,8.60,29.99,1
1222,14,1,32.00,79.99,1
1222,16,2,41.00,94.99,1
1222,17,1,7.50,19.99,1
1223,2,6,5.10,9.99,1
1223,9,1,4.20,11.99,1
1224,20,1,165.00,329.99,1
1225,38,1,68.00,159.99,1
1226,19,1,160.00,269.99,1
1227,5,1,9.40,19.99,1
1227,36,1,55.00,129.99,1
1228,18,1,145.00,249.99,1
1230,35,1,24.00,54.99,1
1232,19,1,160.00,269.99,1
1233,2,6,5.10,9.99,1
1233,9,1,4.20,11.99,1
1234,14,1,32.00,79.99,1
1234,16,2,41.00,94.99,1
1235,11,1,9.80,27.99,1
1235,12,1,8.60,29.99,1
1236,19,1,160.00,269.99,1
1237,4,1,11.50,24.99,1
1237,31,1,22.00,54.99,1
1238,11,1,9.80,27.99,1
1239,11,1,9.80,27.99,1
1239,12,1,8.60,29.99,1
1239,22,2,38.00,89.99,1
1240,6,2,14.00,34.99,1
1240,27,1,6.00,17.99,1
1241,2,6,5.10,9.99,1
1241,9,1,4.20,11.99,1
1242,4,2,11.50,24.99,1
1242,30,1,160.00,349.99,1
1243,11,1,9.80,27.99,1
1243,12,1,8.60,29.99,1
1244,4,1,11.50,24.99,1
1244,31,1,22.00,54.99,1
1245,18,1,145.00,249.99,1
1246,2,6,5.10,9.99,1
1246,9,1,4.20,11.99,1
1247,8,1,18.00,44.99,1
1247,33,1,210.00,449.99,1
1248,1,6,5.10,9.99,1
1248,9,1,4.20,11.99,1
1249,31,1,22.00,0.00,1
1251,14,1,32.00,79.99,1
1251,16,2,41.00,94.99,1
1251,17,1,7.50,19.99,1
1252,6,2,14.00,34.99,1
1252,8,1,18.00,44.99,1
1252,11,1,9.80,27.99,1
1252,12,1,8.60,29.99,1
1252,25,1,310.00,649.99,1
1252,26,1,32.00,79.99,1
1253,1,5,5.10,9.99,1
1253,3,6,6.20,12.99,1
1253,9,1,4.20,11.99,1
1253,46,1,24.00,59.99,1
1254,2,6,5.10,9.99,1
1254,9,1,4.20,11.99,1
1255,15,1,28.00,69.99,1
1256,20,1,165.00,329.99,1
1257,35,1,24.00,54.99,1
1258,2,6,5.10,9.99,1
1258,9,1,4.20,11.99,1
1259,5,1,9.40,19.99,1
1259,11,1,9.80,27.99,1
1259,12,1,8.60,29.99,1
1259,24,1,45.00,119.99,1
1260,38,1,68.00,159.99,1
1261,6,2,14.00,34.99,1
1261,27,1,6.00,17.99,1
1262,20,1,165.00,329.99,0
1262,35,1,24.00,54.99,1
1263,1,6,5.10,9.99,1
1263,9,1,4.20,11.99,1
1264,1,6,5.10,9.99,1
1264,9,1,4.20,11.99,1
1265,15,1,28.00,69.99,1
1266,2,5,5.10,9.99,1
1266,9,1,4.20,11.99,1
1267,2,5,5.10,9.99,1
1267,9,1,4.20,11.99,1
1268,4,2,11.50,24.99,1
1269,14,1,32.00,79.99,1
1269,16,2,41.00,94.99,1
1269,17,1,7.50,19.99,1
1270,11,1,9.80,27.99,1
1270,12,1,8.60,29.99,1
1271,34,1,26.00,64.99,1
1273,36,1,55.00,129.99,1
1274,2,6,5.10,9.99,1
1274,9,1,4.20,11.99,1
1275,22,1,38.00,89.99,1
1276,15,1,28.00,69.99,1
1276,17,1,7.50,19.99,1
1277,8,1,18.00,44.99,1
1278,4,2,11.50,24.99,1
1278,30,1,160.00,349.99,1
1279,38,1,68.00,159.99,1
1280,8,1,18.00,44.99,1
1281,3,6,6.20,12.99,1
1282,14,1,32.00,79.99,1
1282,16,2,41.00,94.99,1
1283,14,1,32.00,79.99,1
1283,16,2,41.00,94.99,1
1284,1,5,5.10,9.99,1
1284,9,1,4.20,11.99,1
1286,2,6,5.10,9.99,1
1286,9,1,4.20,11.99,1
1286,11,1,9.80,27.99,1
1286,12,1,8.60,29.99,1
1287,1,6,5.10,9.99,1
1287,9,1,4.20,11.99,1
1288,44,1,180.00,389.99,1
1289,15,1,28.00,69.99,1
1289,17,1,7.50,19.99,1
1290,5,1,9.40,19.99,1
1290,23,6,8.50,19.99,1
1291,18,1,145.00,249.99,1
1292,8,1,18.00,44.99,1
1292,24,1,45.00,119.99,1
1293,8,1,18.00,44.99,1
1293,11,1,9.80,27.99,1
1293,12,1,8.60,29.99,1
1294,8,1,18.00,44.99,1
1295,8,1,18.00,44.99,1
1296,5,1,9.40,19.99,1
1296,8,1,18.00,44.99,1
1296,36,1,55.00,129.99,1
1297,11,1,9.80,27.99,1
1297,12,1,8.60,29.99,1
1298,11,1,9.80,27.99,1
1298,12,1,8.60,29.99,1
1300,4,2,11.50,24.99,1
1300,5,1,9.40,19.99,1
1301,18,1,145.00,249.99,1
1302,5,1,9.40,19.99,1
1302,37,2,95.00,219.99,1
1303,8,1,18.00,44.99,1
1303,19,1,160.00,269.99,1
1304,5,1,9.40,19.99,1
1304,23,4,8.50,19.99,1
1305,2,6,5.10,9.99,1
1305,9,1,4.20,11.99,1
1306,19,1,160.00,269.99,1
1308,3,6,6.20,12.99,1
1309,2,5,5.10,9.99,1
1309,5,1,9.40,19.99,1
1309,9,1,4.20,11.99,1
1310,1,6,5.10,9.99,1
1310,10,1,9.50,22.99,1
1311,8,1,18.00,44.99,1
1311,24,1,45.00,119.99,1
1312,11,1,9.80,27.99,1
1312,14,1,32.00,79.99,1
1312,16,2,41.00,94.99,1
1312,17,1,7.50,19.99,1
1313,16,2,41.00,0.00,1
1315,21,1,120.00,259.99,1
1316,2,6,5.10,9.99,1
1316,9,1,4.20,11.99,1
1317,22,4,38.00,89.99,1
1318,8,1,18.00,44.99,1
1319,5,1,9.40,19.99,1
1319,11,1,9.80,27.99,1
1319,12,1,8.60,29.99,1
1319,19,1,160.00,269.99,1
1320,14,1,32.00,79.99,1
1320,16,2,41.00,94.99,1
1321,5,1,9.40,19.99,1
1321,33,1,210.00,449.99,1
1323,1,5,5.10,9.99,1
1323,5,1,9.40,19.99,1
1323,9,1,4.20,11.99,1
1324,2,6,5.10,9.99,1
1324,9,1,4.20,11.99,1
1325,6,2,14.00,34.99,1
1325,11,1,9.80,27.99,1
1325,12,1,8.60,29.99,1
1325,27,1,6.00,17.99,1
1326,7,2,38.00,89.99,1
1326,27,1,6.00,17.99,1
1327,2,6,5.10,9.99,1
1327,9,1,4.20,11.99,1
1329,11,1,9.80,27.99,1
1329,12,1,8.60,29.99,1
1329,14,1,32.00,79.99,1
1329,16,2,41.00,94.99,0
1329,17,1,7.50,19.99,1
1330,1,5,5.10,9.99,1
1330,9,1,4.20,11.99,1
1331,5,1,9.40,19.99,1
1331,35,1,24.00,54.99,1
1332,2,6,5.10,9.99,1
1332,9,1,4.20,11.99,1
1332,11,1,9.80,27.99,1
1332,12,1,8.60,29.99,1
1333,19,1,160.00,269.99,1
1334,4,1,11.50,24.99,1
1334,31,1,22.00,54.99,1
1335,14,1,32.00,79.99,1
1335,16,2,41.00,94.99,1
1335,17,1,7.50,19.99,1
1336,2,6,5.10,9.99,1
1336,9,1,4.20,11.99,1
1336,34,1,26.00,64.99,1
1337,24,1,45.00,119.99,1
1338,1,5,5.10,9.99,1
1338,5,1,9.40,19.99,1
1338,9,1,4.20,11.99,1
1339,1,5,5.10,9.99,1
1339,9,1,4.20,11.99,1
1339,18,1,145.00,249.99,1
1340,6,2,14.00,34.99,1
1340,27,1,6.00,17.99,1
1341,6,2,14.00,34.99,1
1341,25,1,310.00,649.99,1
1341,26,1,32.00,79.99,1
1342,7,2,38.00,89.99,1
1342,27,1,6.00,17.99,1
1344,19,1,160.00,269.99,1
1345,14,1,32.00,79.99,1
1345,16,2,41.00,94.99,1
1345,17,1,7.50,19.99,1
1346,1,6,5.10,9.99,1
1346,9,1,4.20,11.99,1
1347,5,1,9.40,19.99,1
1348,6,2,14.00,34.99,1
1348,27,1,6.00,17.99,1
1349,11,1,9.80,27.99,1
1349,12,1,8.60,29.99,1
1349,15,1,28.00,69.99,1
1349,17,1,7.50,19.99,1
1350,3,6,6.20,12.99,1
1350,46,1,24.00,59.99,1
1351,5,1,9.40,19.99,1
1352,14,1,32.00,79.99,1
1352,16,2,41.00,94.99,1
1352,17,1,7.50,19.99,1
1353,2,5,5.10,9.99,1
1353,8,1,18.00,44.99,1
1353,9,1,4.20,11.99,1
1354,3,6,6.20,12.99,1
1354,46,1,24.00,59.99,1
1355,2,6,5.10,9.99,1
1355,9,1,4.20,11.99,1
1356,14,1,32.00,79.99,1
1356,16,2,41.00,94.99,1
1357,40,2,18.00,44.99,1
1358,5,1,9.40,19.99,1
1359,2,6,5.10,9.99,1
1359,9,1,4.20,11.99,1
1360,40,2,18.00,44.99,1
1361,18,1,145.00,249.99,1
1362,22,1,38.00,89.99,1
1363,5,1,9.40,19.99,1
1364,23,4,8.50,19.99,1
1365,22,1,38.00,89.99,1
1366,18,1,145.00,249.99,1
1367,14,1,32.00,79.99,1
1367,16,2,41.00,94.99,0
1368,1,6,5.10,9.99,1
1368,9,1,4.20,11.99,1
1369,11,1,9.80,27.99,1
1369,12,1,8.60,29.99,1
1369,15,1,28.00,69.99,1
1370,8,1,18.00,44.99,1
1372,2,6,5.10,9.99,1
1372,4,2,11.50,24.99,1
1372,9,1,4.20,11.99,1
1373,4,2,11.50,24.99,1
1374,4,1,11.50,24.99,1
1374,31,1,22.00,54.99,1
1376,6,2,14.00,34.99,1
1376,27,1,6.00,17.99,1
1378,2,6,5.10,9.99,1
1378,9,1,4.20,11.99,1
1379,4,2,11.50,24.99,1
1380,5,1,9.40,19.99,1
1380,37,2,95.00,219.99,1
1381,23,4,8.50,19.99,1
1382,4,2,11.50,24.99,1
1382,30,1,160.00,349.99,1
1383,19,1,160.00,269.99,1
1384,6,2,14.00,34.99,1
1384,27,1,6.00,17.99,1
1385,11,1,9.80,27.99,1
1385,12,1,8.60,29.99,1
1387,16,2,41.00,0.00,1
1389,1,6,5.10,9.99,1
1389,9,1,4.20,11.99,1
1390,5,1,9.40,19.99,1
1390,15,1,28.00,69.99,1
1390,17,1,7.50,19.99,1
1391,4,2,11.50,24.99,1
1392,2,6,5.10,9.99,1
1392,9,1,4.20,11.99,1
1393,7,2,38.00,89.99,1
1393,27,1,6.00,17.99,1
1394,2,6,5.10,9.99,1
1394,9,1,4.20,11.99,1
1395,8,1,18.00,44.99,1
1396,1,5,5.10,9.99,1
1396,9,1,4.20,11.99,1
1397,2,6,5.10,9.99,1
1397,9,1,4.20,11.99,1
1398,21,1,120.00,259.99,1
1399,1,6,5.10,9.99,1
1399,9,1,4.20,11.99,1
1400,47,1,240.00,499.99,0
1401,11,1,9.80,27.99,1
1401,12,1,8.60,29.99,1
1401,18,1,145.00,249.99,1
1402,23,4,8.50,19.99,1
1403,6,2,14.00,34.99,1
1403,27,1,6.00,17.99,1
1404,19,1,160.00,269.99,1
1405,14,1,32.00,79.99,1
1405,16,2,41.00,94.99,1
1405,17,1,7.50,19.99,1
1406,16,2,41.00,0.00,1
1408,11,1,9.80,27.99,1
1408,23,8,8.50,19.99,1
1410,2,6,5.10,9.99,1
1410,9,1,4.20,11.99,1
1411,11,1,9.80,27.99,1
1411,12,1,8.60,29.99,1
1411,15,1,28.00,69.99,1
1411,17,1,7.50,19.99,1
1412,7,2,38.00,89.99,1
1412,27,1,6.00,17.99,1
1413,15,1,28.00,69.99,1
1414,33,1,210.00,449.99,1
1415,6,2,14.00,34.99,1
1415,26,1,32.00,79.99,1
1415,28,1,145.00,319.99,1
1416,8,1,18.00,44.99,1
1417,2,6,5.10,9.99,1
1417,9,1,4.20,11.99,1
1418,14,1,32.00,79.99,1
1418,16,2,41.00,94.99,1
1420,1,6,5.10,9.99,1
1420,8,1,18.00,44.99,1
1420,9,1,4.20,11.99,1
1421,1,5,5.10,9.99,1
1421,9,1,4.20,11.99,1
1422,14,1,32.00,79.99,1
1422,16,2,41.00,94.99,0
1422,17,1,7.50,19.99,1
1423,8,1,18.00,44.99,1
1424,6,2,14.00,34.99,1
1424,27,1,6.00,17.99,1
1425,17,1,7.50,0.00,1
1426,41,1,380.00,799.99,0
1426,43,1,12.00,29.99,1
1428,11,1,9.80,27.99,1
1428,12,1,8.60,29.99,1
1428,22,2,38.00,89.99,1
1429,11,1,9.80,27.99,1
1429,12,1,8.60,29.99,1
1431,27,1,6.00,0.00,1
1433,6,2,14.00,34.99,1
1433,25,1,310.00,649.99,1
1433,26,1,32.00,79.99,1
1434,1,5,5.10,9.99,1
1434,9,1,4.20,11.99,1
1435,2,6,5.10,9.99,1
1435,9,1,4.20,11.99,1
1436,14,1,32.00,79.99,1
1436,16,2,41.00,94.99,1
1436,17,1,7.50,19.99,1
1437,4,2,11.50,24.99,1
1439,2,6,5.10,9.99,1
1439,9,1,4.20,11.99,1
1440,7,2,38.00,89.99,1
1440,27,1,6.00,17.99,1
1441,2,6,5.10,9.99,1
1441,9,1,4.20,11.99,1
1442,2,5,5.10,9.99,1
1442,9,1,4.20,11.99,1
1443,34,1,26.00,0.00,1
1444,8,1,18.00,44.99,1
1444,37,2,95.00,219.99,1
1445,8,1,18.00,44.99,1
1446,2,6,5.10,9.99,1
1446,9,1,4.20,11.99,1
1447,8,1,18.00,44.99,1
1447,11,1,9.80,27.99,1
1447,12,1,8.60,29.99,1
1448,15,1,28.00,69.99,1
1450,4,2,11.50,24.99,1
1450,30,1,160.00,349.99,1
1450,32,1,28.00,64.99,1
1452,2,6,5.10,9.99,1
1452,9,1,4.20,11.99,1
1452,11,1,9.80,27.99,1
1452,12,1,8.60,29.99,1
1453,7,2,38.00,89.99,1
1453,27,1,6.00,17.99,1
1454,2,6,5.10,9.99,1
1454,9,1,4.20,11.99,1
1454,40,2,18.00,44.99,1
1455,19,1,160.00,269.99,1
1456,2,5,5.10,9.99,1
1456,9,1,4.20,11.99,1
1457,2,6,5.10,9.99,1
1457,9,1,4.20,11.99,1
1458,6,2,14.00,34.99,1
1458,27,1,6.00,17.99,1
1459,4,2,11.50,24.99,1
1460,23,6,8.50,19.99,1
1461,8,1,18.00,44.99,1
1462,23,4,8.50,19.99,1
1464,7,2,38.00,89.99,1
1464,25,1,310.00,649.99,1
1464,26,1,32.00,79.99,1
1465,19,1,160.00,0.00,1
1466,34,1,26.00,64.99,1
1467,34,1,26.00,64.99,1
1468,2,6,5.10,9.99,1
1468,9,1,4.20,11.99,1
1469,37,2,95.00,219.99,1
1470,3,6,6.20,12.99,1
1470,46,1,24.00,59.99,1
1471,5,1,9.40,19.99,1
1471,24,1,45.00,119.99,1
1472,8,1,18.00,44.99,1
1473,20,1,165.00,329.99,1
1473,35,1,24.00,54.99,1
1474,14,1,32.00,79.99,1
1474,16,2,41.00,94.99,1
1474,17,1,7.50,19.99,1
1475,2,6,5.10,9.99,1
1475,9,1,4.20,11.99,1
1476,7,2,38.00,89.99,1
1476,25,1,310.00,649.99,1
1476,26,1,32.00,79.99,1
1477,1,6,5.10,9.99,1
1477,9,1,4.20,11.99,1
1478,8,1,18.00,44.99,1
1478,47,1,240.00,499.99,0
1479,22,1,38.00,89.99,1
1480,1,5,5.10,9.99,1
1480,9,1,4.20,11.99,1
1481,7,2,38.00,89.99,1
1481,27,1,6.00,17.99,1
1482,18,1,145.00,249.99,1
1483,23,6,8.50,19.99,1
1484,2,5,5.10,9.99,1
1484,9,1,4.20,11.99,1
1485,4,2,11.50,24.99,1
1486,4,2,11.50,24.99,1
1486,5,1,9.40,19.99,1
1486,30,1,160.00,349.99,1
1487,1,7,5.10,9.99,1
1487,10,1,9.50,22.99,1
1488,11,1,9.80,27.99,1
1488,12,1,8.60,29.99,1
1489,8,1,18.00,44.99,1
1490,2,6,5.10,9.99,1
1490,9,1,4.20,11.99,1
1490,34,1,26.00,64.99,1
1491,23,4,8.50,19.99,1
1492,14,1,32.00,79.99,1
1492,16,2,41.00,94.99,1
1492,17,1,7.50,19.99,1
1493,6,2,14.00,34.99,1
1493,27,1,6.00,17.99,1
1494,14,1,32.00,79.99,1
1494,16,2,41.00,94.99,1
1494,17,1,7.50,19.99,1
1495,14,1,32.00,79.99,1
1495,16,2,41.00,94.99,0
1495,17,1,7.50,19.99,1
1496,8,1,18.00,44.99,1
1497,14,1,32.00,0.00,1
1498,2,6,5.10,9.99,1
1498,8,1,18.00,44.99,1
1498,9,1,4.20,11.99,1
1498,11,1,9.80,27.99,1
1499,15,1,28.00,69.99,1
1500,14,1,32.00,79.99,1
1500,16,2,41.00,94.99,0
1501,6,2,14.00,34.99,1
1501,25,1,310.00,649.99,0
1501,26,1,32.00,79.99,1
1502,2,6,5.10,9.99,1
1502,9,1,4.20,11.99,1
1503,2,6,5.10,9.99,1
1503,9,1,4.20,11.99,1
1504,4,2,11.50,24.99,1
1504,29,1,85.00,199.99,1
1505,1,5,5.10,9.99,1
1505,9,1,4.20,11.99,1
1506,2,5,5.10,9.99,1
1506,5,1,9.40,19.99,1
1506,9,1,4.20,11.99,1
1507,2,6,5.10,9.99,1
1507,9,1,4.20,11.99,1
1508,6,2,14.00,34.99,1
1508,27,1,6.00,17.99,1
1509,8,1,18.00,44.99,1
1510,2,6,5.10,9.99,1
1510,9,1,4.20,11.99,1
1511,6,2,14.00,34.99,1
1511,27,1,6.00,17.99,1
1513,1,5,5.10,9.99,1
1513,9,1,4.20,11.99,1
1514,1,6,5.10,9.99,1
1514,5,1,9.40,19.99,1
1514,9,1,4.20,11.99,1
1515,1,6,5.10,9.99,1
1515,9,1,4.20,11.99,1
1516,19,1,160.00,269.99,1
1517,2,6,5.10,9.99,1
1517,9,1,4.20,11.99,1
1518,7,2,38.00,89.99,1
1518,27,1,6.00,17.99,1
1519,6,2,14.00,34.99,1
1519,27,1,6.00,17.99,1
1520,18,1,145.00,249.99,1
1521,2,6,5.10,9.99,1
1521,9,1,4.20,11.99,1
1524,22,2,38.00,89.99,1
1525,1,6,5.10,9.99,1
1525,10,1,9.50,22.99,1
1525,15,1,28.00,69.99,1
1525,17,1,7.50,19.99,1
1526,20,1,165.00,329.99,1
1527,36,1,55.00,129.99,1
1528,1,7,5.10,9.99,1
1528,5,1,9.40,19.99,1
1528,10,1,9.50,22.99,1
1529,4,1,11.50,24.99,1
1529,31,1,22.00,54.99,1
1530,5,1,9.40,19.99,1
1531,15,1,28.00,69.99,1
1532,19,1,160.00,269.99,1
1533,5,1,9.40,19.99,1
1534,1,5,5.10,9.99,1
1534,9,1,4.20,11.99,1
1536,19,1,160.00,269.99,1
1537,6,2,14.00,34.99,1
1537,27,1,6.00,17.99,1
1538,2,6,5.10,9.99,1
1538,9,1,4.20,11.99,1
1539,11,1,9.80,27.99,1
1539,15,1,28.00,69.99,1
1540,5,1,9.40,19.99,1
1540,38,1,68.00,159.99,1
1541,2,6,5.10,9.99,1
1541,9,1,4.20,11.99,1
1542,5,1,9.40,19.99,1
1543,14,1,32.00,79.99,1
1543,16,2,41.00,94.99,1
1543,17,1,7.50,19.99,1
1544,1,6,5.10,9.99,1
1544,9,1,4.20,11.99,1
1545,2,6,5.10,9.99,1
1545,9,1,4.20,11.99,1
1546,2,6,5.10,9.99,1
1546,9,1,4.20,11.99,1
1549,20,1,165.00,329.99,1
1550,14,1,32.00,79.99,1
1550,16,2,41.00,94.99,1
1551,11,1,9.80,27.99,1
1551,12,1,8.60,29.99,1
1552,5,1,9.40,19.99,1
1552,15,1,28.00,69.99,1
1552,17,1,7.50,19.99,1
1553,5,1,9.40,19.99,1
1554,7,2,38.00,89.99,1
1554,27,1,6.00,17.99,1
1555,41,1,380.00,799.99,0
1555,43,1,12.00,29.99,1
1556,2,6,5.10,9.99,1
1556,9,1,4.20,11.99,1
1557,6,2,14.00,34.99,1
1557,27,1,6.00,17.99,1
1558,22,1,38.00,0.00,1
1559,2,6,5.10,9.99,1
1559,9,1,4.20,11.99,1
1560,5,1,9.40,19.99,1
1560,22,2,38.00,89.99,1
1561,15,1,28.00,69.99,1
1561,17,1,7.50,19.99,1
1562,2,6,5.10,9.99,1
1562,9,1,4.20,11.99,1
1563,4,1,11.50,24.99,1
1563,31,1,22.00,54.99,1
1564,11,1,9.80,27.99,1
1564,12,1,8.60,29.99,1
1564,14,1,32.00,79.99,1
1564,16,2,41.00,94.99,1
1565,6,2,14.00,34.99,1
1565,27,1,6.00,17.99,1
1566,7,2,38.00,89.99,1
1566,26,1,32.00,79.99,1
1566,28,1,145.00,319.99,1
1567,21,1,120.00,259.99,1
1568,37,2,95.00,219.99,1
1569,14,1,32.00,79.99,1
1569,16,2,41.00,94.99,1
1570,23,4,8.50,0.00,1
1571,20,1,165.00,329.99,1
1572,8,1,18.00,44.99,1
1572,19,1,160.00,269.99,1
1573,1,5,5.10,9.99,1
1573,7,2,38.00,89.99,1
1573,9,1,4.20,11.99,1
1573,25,1,310.00,649.99,1
1573,26,1,32.00,79.99,1
1574,2,6,5.10,9.99,1
1574,9,1,4.20,11.99,1
1576,19,1,160.00,0.00,1
1577,34,1,26.00,64.99,1
1578,14,1,32.00,79.99,1
1578,16,2,41.00,94.99,0
1578,17,1,7.50,19.99,1
1579,2,6,5.10,9.99,1
1579,9,1,4.20,11.99,1
1580,4,1,11.50,24.99,1
1580,31,1,22.00,54.99,1
1581,6,2,14.00,34.99,1
1581,26,1,32.00,79.99,1
1581,28,1,145.00,319.99,1
1582,4,2,11.50,24.99,1
1582,11,1,9.80,27.99,1
1584,14,1,32.00,79.99,1
1584,16,2,41.00,94.99,0
1584,17,1,7.50,19.99,1
1585,18,1,145.00,249.99,1
1586,4,2,11.50,24.99,1
1586,29,1,85.00,199.99,1
1588,15,1,28.00,69.99,1
1589,2,5,5.10,9.99,1
1589,9,1,4.20,11.99,1
1590,14,1,32.00,0.00,1
1592,23,8,8.50,19.99,1
1593,23,8,8.50,19.99,1
1594,34,1,26.00,0.00,1
1595,5,1,9.40,19.99,1
1595,6,2,14.00,34.99,1
1595,25,1,310.00,649.99,1
1595,26,1,32.00,79.99,1
1596,1,6,5.10,9.99,1
1596,9,1,4.20,11.99,1
1598,2,6,5.10,9.99,1
1598,9,1,4.20,11.99,1
1599,41,1,380.00,799.99,0
1599,43,1,12.00,29.99,1
1600,2,6,5.10,9.99,1
1600,9,1,4.20,11.99,1
1601,34,1,26.00,64.99,1
1602,8,1,18.00,44.99,1
1602,24,1,45.00,119.99,1
1603,14,1,32.00,79.99,1
1603,16,2,41.00,94.99,0
1603,17,1,7.50,19.99,1
1604,44,1,180.00,389.99,1
1605,8,1,18.00,44.99,1
1606,20,1,165.00,329.99,1
1606,35,1,24.00,54.99,1
1607,11,1,9.80,27.99,1
1607,12,1,8.60,29.99,1
1608,14,1,32.00,79.99,1
1608,16,2,41.00,94.99,0
1609,2,6,5.10,9.99,1
1609,9,1,4.20,11.99,1
1610,7,2,38.00,89.99,1
1610,27,1,6.00,17.99,1
1611,24,1,45.00,119.99,1
1612,11,1,9.80,27.99,1
1612,12,1,8.60,29.99,1
1612,23,6,8.50,19.99,1
1614,34,1,26.00,64.99,1
1615,1,5,5.10,9.99,1
1615,9,1,4.20,11.99,1
1616,21,1,120.00,259.99,1
1617,14,1,32.00,79.99,1
1617,16,2,41.00,94.99,1
1617,17,1,7.50,19.99,1
1618,2,5,5.10,9.99,1
1618,9,1,4.20,11.99,1
1619,8,1,18.00,44.99,1
1621,4,2,11.50,24.99,1
1622,7,2,38.00,89.99,1
1622,25,1,310.00,649.99,1
1622,26,1,32.00,79.99,1
1623,8,1,18.00,44.99,1
1623,20,1,165.00,329.99,1
1624,1,6,5.10,9.99,1
1624,7,2,38.00,89.99,1
1624,9,1,4.20,11.99,1
1624,27,1,6.00,17.99,1
1625,2,6,5.10,9.99,1
1625,9,1,4.20,11.99,1
1626,4,2,11.50,24.99,1
1626,5,1,9.40,19.99,1
1627,2,6,5.10,9.99,1
1627,9,1,4.20,11.99,1
1628,1,6,5.10,9.99,1
1628,10,1,9.50,22.99,1
1629,11,1,9.80,27.99,1
1629,21,1,120.00,259.99,1
1630,14,1,32.00,79.99,1
1630,16,2,41.00,94.99,1
1630,17,1,7.50,19.99,1
1631,4,1,11.50,24.99,1
1631,31,1,22.00,54.99,1
1632,4,2,11.50,24.99,1
1633,19,1,160.00,269.99,1
1634,4,2,11.50,24.99,1
1634,30,1,160.00,349.99,1
1634,32,1,28.00,64.99,1
1635,45,1,55.00,129.99,1
1636,37,2,95.00,219.99,1
1637,2,5,5.10,9.99,1
1637,9,1,4.20,11.99,1
1638,5,1,9.40,19.99,1
1640,35,1,24.00,54.99,1
1641,14,1,32.00,0.00,1
1641,16,2,41.00,0.00,1
1642,3,6,6.20,12.99,1
1644,2,6,5.10,9.99,1
1644,8,1,18.00,44.99,1
1644,9,1,4.20,11.99,1
1645,8,1,18.00,44.99,1
1647,1,6,5.10,9.99,1
1647,9,1,4.20,11.99,1
1647,11,1,9.80,27.99,1
1647,12,1,8.60,29.99,1
1648,7,2,38.00,89.99,1
1648,11,1,9.80,27.99,1
1648,12,1,8.60,29.99,1
1648,27,1,6.00,17.99,1
1649,11,1,9.80,27.99,1
1650,5,1,9.40,19.99,1
1650,19,1,160.00,269.99,1
1651,2,6,5.10,9.99,1
1651,9,1,4.20,11.99,1
1651,19,1,160.00,269.99,1
1652,15,1,28.00,69.99,1
1653,14,1,32.00,79.99,1
1653,16,2,41.00,94.99,1
1653,17,1,7.50,19.99,1
1655,2,5,5.10,9.99,1
1655,9,1,4.20,11.99,1
1656,11,1,9.80,27.99,1
1656,12,1,8.60,29.99,1
1656,18,1,145.00,249.99,1
1657,4,2,11.50,24.99,1
1657,11,1,9.80,27.99,1
1657,30,1,160.00,349.99,1
1658,44,1,180.00,389.99,1
1659,1,5,5.10,9.99,1
1659,9,1,4.20,11.99,1
1660,19,1,160.00,269.99,1
1661,11,1,9.80,27.99,1
1661,12,1,8.60,29.99,1
1662,5,1,9.40,19.99,1
1662,11,1,9.80,27.99,1
1662,12,1,8.60,29.99,1
1662,24,1,45.00,119.99,1
1663,18,1,145.00,249.99,1
1664,18,1,145.00,249.99,1
1665,3,6,6.20,12.99,1
1665,46,1,24.00,59.99,1
1666,4,1,11.50,24.99,1
1666,31,1,22.00,54.99,1
1667,6,2,14.00,34.99,1
1667,27,1,6.00,17.99,1
1668,1,5,5.10,9.99,1
1668,9,1,4.20,11.99,1
1669,18,1,145.00,249.99,1
1670,2,6,5.10,9.99,1
1670,9,1,4.20,11.99,1
1670,11,1,9.80,27.99,1
1670,12,1,8.60,29.99,1
1671,3,6,6.20,12.99,1
1671,46,1,24.00,59.99,1
1672,4,2,11.50,24.99,1
1672,11,1,9.80,27.99,1
1673,5,1,9.40,19.99,1
1673,6,2,14.00,34.99,1
1673,27,1,6.00,17.99,1
1674,2,6,5.10,9.99,1
1674,9,1,4.20,11.99,1
1675,21,1,120.00,259.99,1
1676,5,1,9.40,19.99,1
1677,21,1,120.00,0.00,1
1678,2,6,5.10,9.99,1
1678,9,1,4.20,11.99,1
1679,19,1,160.00,269.99,1
1680,2,6,5.10,9.99,1
1680,9,1,4.20,11.99,1
1681,24,1,45.00,119.99,1
1682,21,1,120.00,259.99,1
1683,1,5,5.10,9.99,1
1683,9,1,4.20,11.99,1
1684,2,6,5.10,9.99,1
1684,9,1,4.20,11.99,1
1685,33,1,210.00,449.99,1
1686,1,6,5.10,9.99,1
1686,9,1,4.20,11.99,1
1687,6,2,14.00,34.99,1
1687,8,1,18.00,44.99,1
1687,11,1,9.80,27.99,1
1687,27,1,6.00,17.99,1
1688,2,6,5.10,9.99,1
1688,6,2,14.00,34.99,1
1688,9,1,4.20,11.99,1
1688,11,1,9.80,27.99,1
1688,26,1,32.00,79.99,1
1688,28,1,145.00,319.99,1
1689,2,6,5.10,9.99,1
1689,7,2,38.00,89.99,1
1689,9,1,4.20,11.99,1
1689,27,1,6.00,17.99,1
1690,4,2,11.50,24.99,1
1690,30,1,160.00,349.99,1
1692,8,1,18.00,44.99,1
1693,22,2,38.00,89.99,1
1694,5,1,9.40,19.99,1
1695,2,6,5.10,9.99,1
1695,9,1,4.20,11.99,1
1695,15,1,28.00,69.99,1
1696,1,5,5.10,9.99,1
1696,9,1,4.20,11.99,1
1697,14,1,32.00,79.99,1
1697,16,2,41.00,94.99,1
1697,17,1,7.50,19.99,1
1699,15,1,28.00,69.99,1
1699,17,1,7.50,19.99,1
1700,8,1,18.00,44.99,1
1702,33,1,210.00,449.99,1
1703,2,5,5.10,9.99,1
1703,9,1,4.20,11.99,1
1705,19,1,160.00,269.99,1
1706,6,2,14.00,34.99,1
1706,27,1,6.00,17.99,1
1707,19,1,160.00,269.99,1
1708,7,2,38.00,89.99,1
1708,27,1,6.00,17.99,1
1710,11,1,9.80,27.99,1
1710,12,1,8.60,29.99,1
1711,5,1,9.40,19.99,1
1711,7,2,38.00,89.99,1
1711,26,1,32.00,79.99,1
1711,28,1,145.00,319.99,1
1712,6,2,14.00,34.99,1
1712,27,1,6.00,17.99,1
1713,31,1,22.00,0.00,1
1715,21,1,120.00,259.99,1
1716,4,2,11.50,24.99,1
1716,5,1,9.40,19.99,1
1717,5,1,9.40,19.99,1
1717,14,1,32.00,79.99,1
1717,16,2,41.00,94.99,1
1717,17,1,7.50,19.99,1
1718,40,2,18.00,44.99,1
1719,28,1,145.00,0.00,0
1720,6,2,14.00,34.99,1
1720,27,1,6.00,17.99,1
1721,19,1,160.00,269.99,0
1722,8,1,18.00,44.99,1
1722,18,1,145.00,249.99,0
1724,20,1,165.00,329.99,1
1724,35,1,24.00,54.99,1
1725,1,7,5.10,9.99,1
1725,10,1,9.50,22.99,1
1726,1,5,5.10,9.99,1
1726,9,1,4.20,11.99,1
1726,11,1,9.80,27.99,1
1726,12,1,8.60,29.99,1
1727,1,5,5.10,9.99,1
1727,9,1,4.20,11.99,1
1728,19,1,160.00,269.99,1
1729,34,1,26.00,64.99,1
1730,27,1,6.00,0.00,1
1731,2,5,5.10,9.99,1
1731,9,1,4.20,11.99,1
1731,23,4,8.50,19.99,1
1732,6,2,14.00,34.99,1
1732,25,1,310.00,649.99,1
1732,26,1,32.00,79.99,1
1733,2,6,5.10,9.99,1
1733,9,1,4.20,11.99,1
1734,37,2,95.00,219.99,1
1735,40,2,18.00,44.99,1
1736,3,6,6.20,12.99,1
1736,46,1,24.00,59.99,1
1737,8,1,18.00,44.99,1
1737,14,1,32.00,79.99,1
1737,16,2,41.00,94.99,1
1737,17,1,7.50,19.99,1
1738,22,1,38.00,89.99,1
1739,8,1,18.00,44.99,1
1739,20,1,165.00,329.99,1
1740,2,6,5.10,9.99,1
1740,9,1,4.20,11.99,1
1740,11,1,9.80,27.99,1
1740,12,1,8.60,29.99,1
1742,6,2,14.00,34.99,1
1742,27,1,6.00,17.99,1
1743,4,1,11.50,24.99,1
1743,31,1,22.00,54.99,1
1744,6,2,14.00,34.99,1
1744,27,1,6.00,17.99,1
1745,5,1,9.40,19.99,1
1746,7,2,38.00,89.99,1
1746,25,1,310.00,649.99,1
1746,26,1,32.00,79.99,1
1747,7,2,38.00,89.99,1
1747,11,1,9.80,27.99,1
1747,12,1,8.60,29.99,1
1747,27,1,6.00,17.99,1
1748,5,1,9.40,19.99,1
1748,14,1,32.00,79.99,1
1748,16,2,41.00,94.99,1
1749,5,1,9.40,19.99,1
1750,19,1,160.00,269.99,1
1751,14,1,32.00,79.99,1
1751,16,2,41.00,94.99,0
1751,17,1,7.50,19.99,1
1752,5,1,9.40,19.99,1
1752,22,1,38.00,89.99,1
1753,14,1,32.00,79.99,1
1753,16,2,41.00,94.99,0
1753,17,1,7.50,19.99,1
1754,14,1,32.00,79.99,1
1754,16,2,41.00,94.99,0
1754,17,1,7.50,19.99,1
1755,1,6,5.10,9.99,1
1755,9,1,4.20,11.99,1
1756,2,6,5.10,9.99,1
1756,9,1,4.20,11.99,1
1757,2,6,5.10,9.99,1
1757,9,1,4.20,11.99,1
1757,19,1,160.00,269.99,1
1758,4,1,11.50,24.99,1
1758,31,1,22.00,54.99,1
1759,23,8,8.50,19.99,1
1760,18,1,145.00,249.99,1
1761,19,1,160.00,269.99,1
1762,14,1,32.00,79.99,1
1762,16,2,41.00,94.99,0
1762,17,1,7.50,19.99,1
1763,2,6,5.10,9.99,1
1763,9,1,4.20,11.99,1
1764,3,6,6.20,12.99,1
1765,24,1,45.00,119.99,1
1766,2,6,5.10,9.99,1
1766,9,1,4.20,11.99,1
1767,15,1,28.00,69.99,1
1767,17,1,7.50,19.99,1
1768,7,2,38.00,89.99,1
1768,8,1,18.00,44.99,1
1768,27,1,6.00,17.99,1
1769,14,1,32.00,79.99,1
1769,16,2,41.00,94.99,1
1769,17,1,7.50,19.99,1
1770,1,6,5.10,9.99,1
1770,9,1,4.20,11.99,1
1770,19,1,160.00,269.99,1
1771,7,2,38.00,89.99,1
1771,25,1,310.00,649.99,1
1771,26,1,32.00,79.99,1
1772,7,2,38.00,89.99,1
1772,27,1,6.00,17.99,1
1773,1,6,5.10,9.99,1
1773,5,1,9.40,19.99,1
1773,10,1,9.50,22.99,1
1773,11,1,9.80,27.99,1
1773,12,1,8.60,29.99,1
1774,2,6,5.10,9.99,1
1774,5,1,9.40,19.99,1
1774,9,1,4.20,11.99,1
1775,4,2,11.50,24.99,1
1775,30,1,160.00,349.99,1
1776,5,1,9.40,19.99,1
1776,14,1,32.00,79.99,1
1776,16,2,41.00,94.99,1
1776,17,1,7.50,19.99,1
1777,33,1,210.00,449.99,1
1778,34,1,26.00,64.99,1
1779,2,6,5.10,9.99,1
1779,6,2,14.00,34.99,1
1779,9,1,4.20,11.99,1
1779,11,1,9.80,27.99,1
1779,12,1,8.60,29.99,1
1779,27,1,6.00,17.99,1
1780,35,1,24.00,54.99,1
1781,4,1,11.50,24.99,1
1781,31,1,22.00,54.99,1
1784,21,1,120.00,259.99,1
1785,18,1,145.00,249.99,1
1786,2,6,5.10,9.99,1
1786,9,1,4.20,11.99,1
1787,18,1,145.00,249.99,1
1788,19,1,160.00,269.99,0
1789,18,1,145.00,249.99,1
1790,2,6,5.10,9.99,1
1790,9,1,4.20,11.99,1
1791,1,5,5.10,9.99,1
1791,9,1,4.20,11.99,1
1792,6,2,14.00,34.99,1
1792,27,1,6.00,17.99,1
1793,35,1,24.00,54.99,1
1794,8,1,18.00,44.99,1
1794,14,1,32.00,79.99,1
1794,16,2,41.00,94.99,1
1794,17,1,7.50,19.99,1
1795,1,5,5.10,9.99,1
1795,9,1,4.20,11.99,1
1796,18,1,145.00,249.99,1
1798,7,2,38.00,89.99,1
1798,27,1,6.00,17.99,1
1799,19,1,160.00,269.99,0
1800,6,2,14.00,34.99,1
1800,27,1,6.00,17.99,1
1801,1,5,5.10,9.99,1
1801,9,1,4.20,11.99,1
1801,11,1,9.80,27.99,1
1801,12,1,8.60,29.99,1
1802,37,2,95.00,219.99,1
1803,23,4,8.50,19.99,1
1804,19,1,160.00,269.99,0
1805,1,5,5.10,9.99,1
1805,4,2,11.50,24.99,1
1805,9,1,4.20,11.99,1
1806,7,2,38.00,89.99,1
1806,25,1,310.00,649.99,1
1806,26,1,32.00,79.99,1
1807,7,2,38.00,89.99,1
1807,27,1,6.00,17.99,0
1808,2,6,5.10,9.99,1
1808,9,1,4.20,11.99,1
1809,1,6,5.10,9.99,1
1809,9,1,4.20,11.99,1
1811,11,1,9.80,27.99,1
1812,11,1,9.80,27.99,1
1812,12,1,8.60,29.99,1
1812,23,8,8.50,19.99,1
1813,1,5,5.10,9.99,1
1813,8,1,18.00,44.99,1
1813,9,1,4.20,11.99,1
1814,1,7,5.10,9.99,1
1814,8,1,18.00,44.99,1
1814,10,1,9.50,22.99,1
1816,23,6,8.50,19.99,1
1817,33,1,210.00,449.99,1
1819,7,2,38.00,89.99,1
1819,25,1,310.00,649.99,1
1819,26,1,32.00,79.99,1
1820,2,5,5.10,9.99,1
1820,9,1,4.20,11.99,1
1821,1,6,5.10,9.99,1
1821,9,1,4.20,11.99,1
1822,4,1,11.50,24.99,1
1822,31,1,22.00,54.99,1
1825,18,1,145.00,249.99,1
1827,23,8,8.50,0.00,1
1828,14,1,32.00,79.99,1
1828,16,2,41.00,94.99,1
1828,17,1,7.50,19.99,1
1829,4,2,11.50,24.99,1
1830,1,5,5.10,9.99,1
1830,9,1,4.20,11.99,1
1832,18,1,145.00,249.99,1
1833,21,1,120.00,259.99,1
1834,1,5,5.10,9.99,1
1834,9,1,4.20,11.99,1
1834,15,1,28.00,69.99,1
1834,17,1,7.50,19.99,1
1836,35,1,24.00,54.99,1
1838,34,1,26.00,64.99,1
1839,19,1,160.00,269.99,1
1840,4,2,11.50,24.99,1
1840,30,1,160.00,349.99,1
1842,41,1,380.00,799.99,0
1842,43,1,12.00,29.99,1
1843,11,1,9.80,27.99,1
1843,12,1,8.60,29.99,1
1844,18,1,145.00,249.99,1
1845,37,2,95.00,219.99,1
1846,8,1,18.00,44.99,1
1847,8,1,18.00,44.99,1
1848,1,6,5.10,9.99,1
1848,10,1,9.50,22.99,1
1849,19,1,160.00,269.99,1
1850,15,1,28.00,69.99,1
1851,2,6,5.10,9.99,1
1851,5,1,9.40,19.99,1
1851,9,1,4.20,11.99,1
1852,1,5,5.10,9.99,1
1852,9,1,4.20,11.99,1
1852,15,1,28.00,69.99,1
1853,35,1,24.00,54.99,1
1854,6,2,14.00,34.99,1
1854,27,1,6.00,17.99,1
1855,14,1,32.00,79.99,1
1855,16,2,41.00,94.99,1
1856,7,2,38.00,89.99,1
1856,27,1,6.00,17.99,1
1857,7,2,38.00,89.99,1
1857,27,1,6.00,17.99,1
1858,2,6,5.10,9.99,1
1858,8,1,18.00,44.99,1
1858,9,1,4.20,11.99,1
1859,15,1,28.00,69.99,1
1859,17,1,7.50,19.99,1
1861,4,2,11.50,24.99,1
1862,2,6,5.10,9.99,1
1862,9,1,4.20,11.99,1
1863,7,2,38.00,89.99,1
1863,27,1,6.00,17.99,1
1864,2,6,5.10,9.99,1
1864,9,1,4.20,11.99,1
1864,35,1,24.00,54.99,1
1865,4,2,11.50,24.99,1
1866,7,2,38.00,89.99,1
1866,25,1,310.00,649.99,0
1866,26,1,32.00,79.99,1
1867,2,5,5.10,9.99,1
1867,9,1,4.20,11.99,1
1867,11,1,9.80,27.99,1
1867,12,1,8.60,29.99,1
1868,2,6,5.10,9.99,1
1868,9,1,4.20,11.99,1
1869,2,6,5.10,9.99,1
1869,9,1,4.20,11.99,1
1870,4,2,11.50,24.99,1
1871,3,6,6.20,12.99,1
1872,18,1,145.00,249.99,1
1873,1,7,5.10,9.99,1
1873,10,1,9.50,22.99,1
1874,2,5,5.10,9.99,1
1874,9,1,4.20,11.99,1
1875,19,1,160.00,269.99,1
1876,21,1,120.00,259.99,1
1879,7,2,38.00,89.99,1
1879,8,1,18.00,44.99,1
1879,27,1,6.00,17.99,1
1881,8,1,18.00,44.99,1
1881,18,1,145.00,249.99,1
1882,4,2,11.50,24.99,1
1883,1,6,5.10,9.99,1
1883,9,1,4.20,11.99,1
1883,11,1,9.80,27.99,1
1883,12,1,8.60,29.99,1
1885,4,1,11.50,24.99,1
1885,31,1,22.00,54.99,1
1886,14,1,32.00,79.99,1
1886,16,2,41.00,94.99,1
1886,17,1,7.50,19.99,1
1887,5,1,9.40,19.99,1
1889,2,6,5.10,9.99,1
1889,9,1,4.20,11.99,1
1890,11,1,9.80,27.99,1
1890,38,1,68.00,159.99,1
1890,39,1,22.00,54.99,1
1891,19,1,160.00,269.99,1
1892,8,1,18.00,44.99,1
1893,2,6,5.10,9.99,1
1893,9,1,4.20,11.99,1
1894,7,2,38.00,89.99,1
1894,27,1,6.00,17.99,1
1895,27,1,6.00,0.00,1
1896,2,6,5.10,9.99,1
1896,9,1,4.20,11.99,1
1897,1,5,5.10,9.99,1
1897,4,2,11.50,24.99,1
1897,9,1,4.20,11.99,1
1897,29,1,85.00,199.99,1
1899,41,1,380.00,799.99,0
1899,43,1,12.00,29.99,1
1902,21,1,120.00,259.99,1
1903,24,1,45.00,119.99,1
1904,1,5,5.10,9.99,1
1904,9,1,4.20,11.99,1
1905,19,1,160.00,269.99,1
1907,15,1,28.00,69.99,1
1907,17,1,7.50,19.99,1
1909,1,5,5.10,9.99,1
1909,8,1,18.00,44.99,1
1909,9,1,4.20,11.99,1
1909,37,2,95.00,219.99,1
1910,8,1,18.00,44.99,1
1910,14,1,32.00,79.99,1
1910,16,2,41.00,94.99,1
1911,2,6,5.10,9.99,1
1911,4,2,11.50,24.99,1
1911,9,1,4.20,11.99,1
1912,8,1,18.00,44.99,1
1912,22,1,38.00,89.99,1
1914,18,1,145.00,249.99,1
1915,1,5,5.10,9.99,1
1915,9,1,4.20,11.99,1
1916,21,1,120.00,259.99,1
1917,2,6,5.10,9.99,1
1917,9,1,4.20,11.99,1
1918,19,1,160.00,269.99,0
1919,11,1,9.80,27.99,1
1920,2,6,5.10,9.99,1
1920,9,1,4.20,11.99,1
1921,8,1,18.00,44.99,1
1921,18,1,145.00,249.99,1
1922,1,6,5.10,9.99,1
1922,9,1,4.20,11.99,1
1922,11,1,9.80,27.99,1
1922,12,1,8.60,29.99,1
1923,1,6,5.10,9.99,1
1923,9,1,4.20,11.99,1
1924,2,6,5.10,9.99,1
1924,9,1,4.20,11.99,1
1926,19,1,160.00,0.00,0
1927,8,1,18.00,44.99,1
1927,19,1,160.00,269.99,0
1928,19,1,160.00,269.99,0
1929,44,1,180.00,389.99,1
1930,2,6,5.10,9.99,1
1930,9,1,4.20,11.99,1
1931,7,2,38.00,89.99,1
1931,27,1,6.00,17.99,1
1932,14,1,32.00,79.99,1
1932,16,2,41.00,94.99,1
1933,4,2,11.50,24.99,1
1934,1,6,5.10,9.99,1
1934,9,1,4.20,11.99,1
1935,33,1,210.00,449.99,1
1936,18,1,145.00,249.99,1
1938,1,6,5.10,9.99,1
1938,9,1,4.20,11.99,1
1939,8,1,18.00,44.99,1
1939,21,1,120.00,259.99,1
1940,35,1,24.00,54.99,1
1941,6,2,14.00,34.99,1
1941,27,1,6.00,17.99,1
1942,8,1,18.00,44.99,1
1943,6,2,14.00,34.99,1
1943,11,1,9.80,27.99,1
1943,12,1,8.60,29.99,1
1943,27,1,6.00,17.99,1
1944,27,1,6.00,0.00,1
1945,21,1,120.00,259.99,0
1946,11,1,9.80,27.99,1
1946,12,1,8.60,29.99,1
1947,14,1,32.00,79.99,1
1947,16,2,41.00,94.99,1
1947,17,1,7.50,19.99,1
1948,2,6,5.10,9.99,1
1948,9,1,4.20,11.99,1
1949,23,8,8.50,19.99,1
1951,35,1,24.00,54.99,1
1952,5,1,9.40,19.99,1
1952,11,1,9.80,27.99,1
1952,12,1,8.60,29.99,1
1952,41,1,380.00,799.99,0
1952,43,1,12.00,29.99,1
1953,15,1,28.00,69.99,1
1954,8,1,18.00,44.99,1
1954,35,1,24.00,54.99,1
1955,19,1,160.00,269.99,1
1956,1,5,5.10,9.99,1
1956,9,1,4.20,11.99,1
1957,7,2,38.00,89.99,1
1957,27,1,6.00,17.99,1
1958,2,6,5.10,9.99,1
1958,9,1,4.20,11.99,1
1959,8,1,18.00,44.99,1
1960,5,1,9.40,19.99,1
1960,8,1,18.00,44.99,1
1961,2,6,5.10,9.99,1
1961,7,2,38.00,89.99,1
1961,9,1,4.20,11.99,1
1961,27,1,6.00,17.99,1
1962,2,6,5.10,9.99,1
1962,9,1,4.20,11.99,1
1963,6,2,14.00,34.99,1
1963,27,1,6.00,17.99,1
1964,19,1,160.00,269.99,1
1965,19,1,160.00,269.99,1
1966,24,1,45.00,119.99,1
1967,14,1,32.00,79.99,1
1967,16,2,41.00,94.99,1
1967,17,1,7.50,19.99,1
1968,22,1,38.00,89.99,1
1969,1,7,5.10,9.99,1
1969,10,1,9.50,22.99,1
1969,14,1,32.00,79.99,1
1969,16,2,41.00,94.99,1
1969,17,1,7.50,19.99,1
1970,14,1,32.00,79.99,1
1970,16,2,41.00,94.99,1
1970,17,1,7.50,19.99,1
1971,5,1,9.40,19.99,1
1971,21,1,120.00,259.99,0
1972,19,1,160.00,269.99,1
1973,8,1,18.00,44.99,1
1973,14,1,32.00,79.99,1
1973,16,2,41.00,94.99,0
1973,17,1,7.50,19.99,1
1974,7,2,38.00,89.99,1
1974,27,1,6.00,17.99,1
1975,19,1,160.00,269.99,1
1976,23,6,8.50,19.99,1
1977,15,1,28.00,69.99,1
1977,17,1,7.50,19.99,1
1979,2,6,5.10,9.99,1
1979,9,1,4.20,11.99,1
1979,11,1,9.80,27.99,1
1979,12,1,8.60,29.99,1
1980,18,1,145.00,0.00,1
1981,4,2,11.50,24.99,1
1981,30,1,160.00,349.99,1
1981,32,1,28.00,64.99,1
1982,14,1,32.00,79.99,1
1982,16,2,41.00,94.99,0
1982,17,1,7.50,19.99,1
1983,6,2,14.00,34.99,1
1983,27,1,6.00,17.99,1
1984,2,6,5.10,9.99,1
1984,9,1,4.20,11.99,1
1985,2,6,5.10,9.99,1
1985,8,1,18.00,44.99,1
1985,9,1,4.20,11.99,1
1986,19,1,160.00,269.99,0
1987,23,6,8.50,19.99,1
1988,41,1,380.00,799.99,0
1988,43,1,12.00,29.99,1
1989,2,6,5.10,9.99,1
1989,9,1,4.20,11.99,1
1989,11,1,9.80,27.99,1
1990,20,1,165.00,329.99,1
1991,7,2,38.00,89.99,1
1991,26,1,32.00,79.99,1
1991,28,1,145.00,319.99,1
1992,8,1,18.00,44.99,1
1992,42,1,85.00,189.99,1
1992,43,1,12.00,29.99,1
1993,1,5,5.10,9.99,1
1993,9,1,4.20,11.99,1
1993,11,1,9.80,27.99,1
1993,12,1,8.60,29.99,1
1994,2,5,5.10,9.99,1
1994,9,1,4.20,11.99,1
1994,11,1,9.80,27.99,1
1994,12,1,8.60,29.99,1
1995,15,1,28.00,69.99,1
1995,17,1,7.50,19.99,1
1996,6,2,14.00,34.99,1
1996,26,1,32.00,79.99,1
1996,28,1,145.00,319.99,1
1998,7,2,38.00,89.99,1
1998,27,1,6.00,17.99,1
1999,1,5,5.10,9.99,1
1999,9,1,4.20,11.99,1
2000,1,6,5.10,9.99,1
2000,9,1,4.20,11.99,1
2000,15,1,28.00,69.99,1
2000,17,1,7.50,19.99,1
2001,18,1,145.00,249.99,1
2002,5,1,9.40,19.99,1
2003,24,1,45.00,119.99,1
2004,2,5,5.10,9.99,1
2004,9,1,4.20,11.99,1
2005,6,2,14.00,34.99,1
2005,27,1,6.00,17.99,1
2006,1,5,5.10,9.99,1
2006,8,1,18.00,44.99,1
2006,9,1,4.20,11.99,1
2007,41,1,380.00,799.99,0
2007,43,1,12.00,29.99,1
2008,37,2,95.00,219.99,1
2009,4,2,11.50,24.99,1
2009,30,1,160.00,349.99,1
2009,32,1,28.00,64.99,1
2011,1,6,5.10,9.99,1
2011,9,1,4.20,11.99,1
2012,4,2,11.50,24.99,1
2013,1,6,5.10,9.99,1
2013,9,1,4.20,11.99,1
2013,20,1,165.00,329.99,1
2014,1,5,5.10,9.99,1
2014,9,1,4.20,11.99,1
2015,7,2,38.00,89.99,1
2015,27,1,6.00,17.99,1
2016,34,1,26.00,64.99,1
2018,8,1,18.00,44.99,1
2018,45,1,55.00,129.99,1
2019,19,1,160.00,269.99,0
2020,2,6,5.10,9.99,1
2020,9,1,4.20,11.99,1
2021,16,2,41.00,0.00,1
2023,8,1,18.00,44.99,1
2023,19,1,160.00,269.99,0
2024,23,8,8.50,19.99,1
2025,3,6,6.20,12.99,1
2026,2,5,5.10,9.99,1
2026,9,1,4.20,11.99,1
2027,19,1,160.00,269.99,0
2028,4,2,11.50,24.99,1
2029,19,1,160.00,269.99,0
2030,6,2,14.00,34.99,1
2030,27,1,6.00,17.99,1
2031,4,1,11.50,24.99,1
2031,31,1,22.00,54.99,1
2032,8,1,18.00,44.99,1
2032,19,1,160.00,269.99,0
2033,4,2,11.50,24.99,1
2033,30,1,160.00,349.99,1
2034,2,6,5.10,9.99,1
2034,9,1,4.20,11.99,1
2035,8,1,18.00,44.99,1
2035,23,8,8.50,19.99,1
2036,4,2,11.50,24.99,1
2039,7,2,38.00,89.99,1
2039,27,1,6.00,17.99,1
2040,15,1,28.00,69.99,1
2040,17,1,7.50,19.99,1
2041,1,6,5.10,9.99,1
2041,9,1,4.20,11.99,1
2042,23,4,8.50,19.99,1
2043,24,1,45.00,0.00,1
2044,5,1,9.40,19.99,1
2044,8,1,18.00,44.99,1
2044,19,1,160.00,269.99,1
2045,1,6,5.10,9.99,1
2045,4,2,11.50,24.99,1
2045,9,1,4.20,11.99,1
2046,14,1,32.00,79.99,1
2046,16,2,41.00,94.99,1
2046,17,1,7.50,19.99,1
2047,23,6,8.50,19.99,1
2049,2,6,5.10,9.99,1
2049,9,1,4.20,11.99,1
2050,45,1,55.00,129.99,1
2051,19,1,160.00,269.99,1
2052,1,6,5.10,9.99,1
2052,9,1,4.20,11.99,1
2052,11,1,9.80,27.99,1
2052,12,1,8.60,29.99,1
2053,11,1,9.80,27.99,1
2053,12,1,8.60,29.99,1
2053,38,1,68.00,159.99,1
2054,2,6,5.10,9.99,1
2054,9,1,4.20,11.99,1
2055,1,6,5.10,9.99,1
2055,9,1,4.20,11.99,1
2056,1,7,5.10,9.99,1
2056,10,1,9.50,22.99,1
2057,18,1,145.00,249.99,1
2058,11,1,9.80,27.99,1
2059,1,5,5.10,9.99,1
2059,5,1,9.40,19.99,1
2059,9,1,4.20,11.99,1
2060,19,1,160.00,269.99,1
2061,2,6,5.10,9.99,1
2061,9,1,4.20,11.99,1
2062,8,1,18.00,44.99,1
2063,5,1,9.40,19.99,1
2064,15,1,28.00,69.99,1
2065,3,6,6.20,12.99,1
2065,8,1,18.00,44.99,1
2065,46,1,24.00,59.99,1
2067,24,1,45.00,119.99,1
2068,2,6,5.10,9.99,1
2068,9,1,4.20,11.99,1
2069,11,1,9.80,27.99,1
2069,12,1,8.60,29.99,1
2070,1,6,5.10,9.99,1
2070,4,1,11.50,24.99,1
2070,10,1,9.50,22.99,1
2070,31,1,22.00,54.99,1
2072,6,2,14.00,34.99,1
2072,27,1,6.00,17.99,1
2073,18,1,145.00,249.99,1
2074,2,6,5.10,9.99,1
2074,9,1,4.20,11.99,1
2074,11,1,9.80,27.99,1
2074,12,1,8.60,29.99,1
2075,4,1,11.50,24.99,1
2075,31,1,22.00,54.99,1
2076,34,1,26.00,64.99,1
2077,15,1,28.00,69.99,1
2078,1,6,5.10,9.99,1
2078,9,1,4.20,11.99,1
2079,11,1,9.80,27.99,1
2079,12,1,8.60,29.99,1
2080,5,1,9.40,19.99,1
2080,22,1,38.00,89.99,1
2081,8,1,18.00,44.99,1
2081,41,1,380.00,799.99,0
2081,43,1,12.00,29.99,1
2082,19,1,160.00,269.99,1
2083,1,5,5.10,9.99,1
2083,9,1,4.20,11.99,1
2085,7,2,38.00,89.99,1
2085,27,1,6.00,17.99,1
2086,2,6,5.10,9.99,1
2086,9,1,4.20,11.99,1
2087,5,1,9.40,19.99,1
2087,22,1,38.00,89.99,1
2088,5,1,9.40,19.99,1
2089,4,2,11.50,24.99,1
2090,6,2,14.00,34.99,1
2090,27,1,6.00,17.99,1
2091,11,1,9.80,27.99,1
2091,12,1,8.60,29.99,1
2092,15,1,28.00,69.99,1
2092,17,1,7.50,19.99,1
2093,4,2,11.50,24.99,1
2094,5,1,9.40,19.99,1
2094,15,1,28.00,69.99,1
2095,7,2,38.00,89.99,1
2095,27,1,6.00,17.99,1
2096,2,6,5.10,9.99,1
2096,9,1,4.20,11.99,1
2097,15,1,28.00,69.99,1
2097,17,1,7.50,19.99,1
2098,7,2,38.00,89.99,1
2098,27,1,6.00,17.99,1
2099,2,6,5.10,9.99,1
2099,9,1,4.20,11.99,1
2100,2,5,5.10,9.99,1
2100,9,1,4.20,11.99,1
2101,23,6,8.50,19.99,1
2102,1,5,5.10,9.99,1
2102,9,1,4.20,11.99,1
2103,15,1,28.00,69.99,1
2103,17,1,7.50,19.99,1
2104,8,1,18.00,44.99,1
2105,1,5,5.10,9.99,1
2105,5,1,9.40,19.99,1
2105,6,2,14.00,34.99,1
2105,9,1,4.20,11.99,1
2105,27,1,6.00,17.99,1
2106,14,1,32.00,79.99,1
2106,16,2,41.00,94.99,1
2106,17,1,7.50,19.99,1
2107,22,4,38.00,89.99,1
2108,19,1,160.00,269.99,1
2109,4,1,11.50,24.99,1
2109,11,1,9.80,27.99,1
2109,12,1,8.60,29.99,1
2109,31,1,22.00,54.99,1
2110,11,1,9.80,27.99,1
2110,12,1,8.60,29.99,1
2111,6,2,14.00,34.99,1
2111,27,1,6.00,17.99,1
2112,23,4,8.50,19.99,1
2113,2,6,5.10,9.99,1
2113,9,1,4.20,11.99,1
2114,20,1,165.00,329.99,1
2114,35,1,24.00,54.99,1
2115,4,2,11.50,24.99,1
2115,29,1,85.00,199.99,1
2116,8,1,18.00,44.99,1
2117,15,1,28.00,69.99,1
2118,38,1,68.00,159.99,1
2118,39,1,22.00,54.99,1
2119,4,2,11.50,24.99,1
2119,29,1,85.00,199.99,1
2120,15,1,28.00,69.99,1
2120,17,1,7.50,19.99,1
2121,11,1,9.80,27.99,1
2121,12,1,8.60,29.99,1
2122,20,1,165.00,329.99,1
2122,35,1,24.00,54.99,1
2123,2,6,5.10,9.99,1
2123,9,1,4.20,11.99,1
2126,1,6,5.10,9.99,1
2126,9,1,4.20,11.99,1
2127,1,6,5.10,9.99,1
2127,9,1,4.20,11.99,1
2128,1,5,5.10,9.99,1
2128,8,1,18.00,44.99,1
2128,9,1,4.20,11.99,1
2130,23,8,8.50,0.00,1
2131,6,2,14.00,34.99,1
2131,27,1,6.00,17.99,1
2132,8,1,18.00,44.99,1
2132,14,1,32.00,79.99,1
2132,16,2,41.00,94.99,1
2132,17,1,7.50,19.99,1
2133,19,1,160.00,269.99,1
2134,38,1,68.00,159.99,1
2134,39,1,22.00,54.99,1
2135,2,6,5.10,9.99,1
2135,9,1,4.20,11.99,1
2136,1,5,5.10,9.99,1
2136,9,1,4.20,11.99,1
2137,14,1,32.00,79.99,1
2137,16,2,41.00,94.99,1
2137,17,1,7.50,19.99,1
2138,1,6,5.10,9.99,1
2138,9,1,4.20,11.99,1
2139,1,6,5.10,9.99,1
2139,5,1,9.40,19.99,1
2139,10,1,9.50,22.99,1
2139,11,1,9.80,27.99,1
2139,12,1,8.60,29.99,1
2140,2,5,5.10,9.99,1
2140,9,1,4.20,11.99,1
2141,6,2,14.00,34.99,1
2141,25,1,310.00,649.99,1
2141,26,1,32.00,79.99,1
2142,1,6,5.10,9.99,1
2142,9,1,4.20,11.99,1
2143,2,5,5.10,9.99,1
2143,9,1,4.20,11.99,1
2143,18,1,145.00,249.99,1
2144,14,1,32.00,79.99,1
2144,16,2,41.00,94.99,1
2144,17,1,7.50,19.99,1
2145,6,2,14.00,34.99,1
2145,27,1,6.00,17.99,1
2146,4,2,11.50,24.99,1
2146,30,1,160.00,349.99,1
2146,32,1,28.00,64.99,1
2147,8,1,18.00,44.99,1
2148,2,6,5.10,9.99,1
2148,9,1,4.20,11.99,1
2149,15,1,28.00,0.00,1
2150,14,1,32.00,79.99,1
2150,16,2,41.00,94.99,1
2150,17,1,7.50,19.99,1
2152,14,1,32.00,79.99,1
2152,16,2,41.00,94.99,1
2153,5,1,9.40,19.99,1
2153,21,1,120.00,259.99,1
2154,1,5,5.10,9.99,1
2154,9,1,4.20,11.99,1
2155,8,1,18.00,44.99,1
2155,18,1,145.00,249.99,1
2156,1,6,5.10,9.99,1
2156,9,1,4.20,11.99,1
2157,1,5,5.10,9.99,1
2157,9,1,4.20,11.99,1
2158,19,1,160.00,269.99,1
2159,1,5,5.10,9.99,1
2159,9,1,4.20,11.99,1
2160,1,6,5.10,9.99,1
2160,10,1,9.50,22.99,1
2161,4,2,11.50,24.99,1
2161,29,1,85.00,199.99,1
2162,5,1,9.40,19.99,1
2163,2,5,5.10,9.99,1
2163,9,1,4.20,11.99,1
2164,1,7,5.10,9.99,1
2164,10,1,9.50,22.99,1
2165,1,7,5.10,9.99,1
2165,10,1,9.50,22.99,1
2165,19,1,160.00,269.99,1
2166,7,2,38.00,89.99,1
2166,27,1,6.00,17.99,1
2167,7,2,38.00,89.99,1
2167,27,1,6.00,17.99,1
2168,1,6,5.10,9.99,1
2168,9,1,4.20,11.99,1
2169,7,2,38.00,89.99,1
2169,27,1,6.00,17.99,1
2170,6,2,14.00,34.99,1
2170,27,1,6.00,17.99,1
2171,7,2,38.00,89.99,1
2171,26,1,32.00,79.99,1
2171,28,1,145.00,319.99,1
2172,14,1,32.00,79.99,1
2172,16,2,41.00,94.99,0
2173,7,2,38.00,89.99,1
2173,27,1,6.00,17.99,1
2174,2,6,5.10,9.99,1
2174,9,1,4.20,11.99,1
2175,7,2,38.00,89.99,1
2175,27,1,6.00,17.99,1
2176,14,1,32.00,79.99,1
2176,16,2,41.00,94.99,1
2178,14,1,32.00,79.99,1
2178,16,2,41.00,94.99,1
2178,17,1,7.50,19.99,1
2179,2,6,5.10,9.99,1
2179,9,1,4.20,11.99,1
2180,5,1,9.40,19.99,1
2182,2,5,5.10,9.99,1
2182,9,1,4.20,11.99,1
2183,7,2,38.00,89.99,1
2183,26,1,32.00,79.99,1
2183,28,1,145.00,319.99,1
2184,2,6,5.10,9.99,1
2184,9,1,4.20,11.99,1
2185,14,1,32.00,79.99,1
2185,16,2,41.00,94.99,1
2185,17,1,7.50,19.99,1
2187,4,2,11.50,24.99,1
2188,6,2,14.00,34.99,1
2188,25,1,310.00,649.99,1
2188,26,1,32.00,79.99,1
2190,7,2,38.00,89.99,1
2190,27,1,6.00,17.99,1
2191,19,1,160.00,269.99,1
2192,7,2,38.00,89.99,1
2192,27,1,6.00,17.99,1
2193,3,6,6.20,12.99,1
2193,8,1,18.00,44.99,1
2195,23,4,8.50,19.99,1
2196,2,6,5.10,9.99,1
2196,9,1,4.20,11.99,1
2197,7,2,38.00,89.99,1
2197,27,1,6.00,17.99,1
2198,3,6,6.20,12.99,1
2198,46,1,24.00,59.99,1
2199,7,2,38.00,89.99,1
2199,27,1,6.00,17.99,1
2200,4,2,11.50,24.99,1
2200,29,1,85.00,199.99,1
2201,19,1,160.00,269.99,1
2202,2,6,5.10,9.99,1
2202,9,1,4.20,11.99,1
2202,14,1,32.00,79.99,1
2202,16,2,41.00,94.99,1
2202,17,1,7.50,19.99,1
2203,14,1,32.00,79.99,1
2203,16,2,41.00,94.99,1
2203,17,1,7.50,19.99,1
2204,1,5,5.10,9.99,1
2204,5,1,9.40,19.99,1
2204,9,1,4.20,11.99,1
2206,21,1,120.00,259.99,1
2207,6,2,14.00,34.99,1
2207,27,1,6.00,17.99,1
2209,14,1,32.00,79.99,1
2209,16,2,41.00,94.99,1
2210,7,2,38.00,89.99,1
2210,27,1,6.00,17.99,1
2211,6,2,14.00,34.99,1
2211,26,1,32.00,79.99,1
2211,28,1,145.00,319.99,0
2212,1,7,5.10,9.99,1
2212,10,1,9.50,22.99,1
2213,6,2,14.00,34.99,1
2213,27,1,6.00,17.99,1
2214,7,2,38.00,89.99,1
2214,11,1,9.80,27.99,1
2214,12,1,8.60,29.99,1
2214,27,1,6.00,17.99,1
2215,5,1,9.40,19.99,1
2215,6,2,14.00,34.99,1
2215,25,1,310.00,649.99,1
2215,26,1,32.00,79.99,1
2216,34,1,26.00,64.99,1
2217,1,5,5.10,9.99,1
2217,9,1,4.20,11.99,1
2217,38,1,68.00,159.99,1
2218,1,5,5.10,9.99,1
2218,9,1,4.20,11.99,1
2219,1,5,5.10,9.99,1
2219,9,1,4.20,11.99,1
2220,1,5,5.10,9.99,1
2220,9,1,4.20,11.99,1
2221,4,2,11.50,24.99,1
2221,30,1,160.00,349.99,1
2222,1,5,5.10,9.99,1
2222,9,1,4.20,11.99,1
2223,2,6,5.10,9.99,1
2223,9,1,4.20,11.99,1
2224,1,6,5.10,9.99,1
2224,5,1,9.40,19.99,1
2224,9,1,4.20,11.99,1
2224,38,1,68.00,159.99,1
2225,19,1,160.00,269.99,1
2227,5,1,9.40,19.99,1
2228,1,5,5.10,9.99,1
2228,9,1,4.20,11.99,1
2229,20,1,165.00,329.99,1
2230,5,1,9.40,19.99,1
2230,22,1,38.00,89.99,1
2231,7,2,38.00,89.99,1
2231,27,1,6.00,17.99,1
2232,1,5,5.10,9.99,1
2232,9,1,4.20,11.99,1
2234,15,1,28.00,69.99,1
2234,17,1,7.50,19.99,1
2235,5,1,9.40,19.99,1
2235,11,1,9.80,27.99,1
2236,6,2,14.00,34.99,1
2236,27,1,6.00,17.99,1
2237,23,6,8.50,19.99,1
2238,3,6,6.20,12.99,1
2238,46,1,24.00,59.99,1
2239,19,1,160.00,269.99,1
2240,36,1,55.00,129.99,1
2241,7,2,38.00,89.99,1
2241,27,1,6.00,17.99,1
2242,2,6,5.10,9.99,1
2242,9,1,4.20,11.99,1
2242,11,1,9.80,27.99,1
2242,12,1,8.60,29.99,1
2242,33,1,210.00,449.99,1
2243,22,1,38.00,89.99,1
2244,14,1,32.00,79.99,1
2244,16,2,41.00,94.99,1
2244,17,1,7.50,19.99,1
2247,18,1,145.00,249.99,1
2248,22,2,38.00,89.99,1
2249,7,2,38.00,89.99,1
2249,27,1,6.00,17.99,1
2250,19,1,160.00,269.99,1
2251,1,7,5.10,9.99,1
2251,10,1,9.50,22.99,1
2251,11,1,9.80,27.99,1
2253,19,1,160.00,269.99,1
2254,8,1,18.00,44.99,1
2254,22,2,38.00,89.99,1
2255,19,1,160.00,269.99,1
2256,2,6,5.10,9.99,1
2256,9,1,4.20,11.99,1
2257,8,1,18.00,44.99,1
2257,38,1,68.00,159.99,1
2258,5,1,9.40,19.99,1
2258,15,1,28.00,69.99,1
2259,2,6,5.10,9.99,1
2259,9,1,4.20,11.99,1
2260,2,6,5.10,9.99,1
2260,9,1,4.20,11.99,1
2261,7,2,38.00,89.99,1
2261,27,1,6.00,17.99,0
2262,14,1,32.00,79.99,1
2262,16,2,41.00,94.99,1
2262,17,1,7.50,19.99,1
2263,34,1,26.00,64.99,1
2264,19,1,160.00,269.99,0
2265,4,2,11.50,24.99,1
2265,29,1,85.00,199.99,1
2266,15,1,28.00,69.99,1
2266,17,1,7.50,19.99,1
2267,20,1,165.00,329.99,1
2267,35,1,24.00,54.99,1
2268,4,2,11.50,24.99,1
2269,8,1,18.00,44.99,1
2269,14,1,32.00,79.99,1
2269,16,2,41.00,94.99,0
2269,17,1,7.50,19.99,1
2270,1,6,5.10,9.99,1
2270,9,1,4.20,11.99,1
2271,6,2,14.00,34.99,1
2271,27,1,6.00,17.99,0
2272,1,5,5.10,9.99,1
2272,7,2,38.00,89.99,1
2272,9,1,4.20,11.99,1
2272,25,1,310.00,649.99,1
2272,26,1,32.00,79.99,1
2273,7,2,38.00,89.99,1
2273,27,1,6.00,17.99,0
2274,6,2,14.00,34.99,1
2274,8,1,18.00,44.99,1
2274,26,1,32.00,79.99,1
2274,28,1,145.00,319.99,1
2275,27,1,6.00,0.00,0
2276,11,1,9.80,27.99,1
2276,12,1,8.60,29.99,1
2276,19,1,160.00,269.99,0
2277,6,2,14.00,34.99,1
2277,26,1,32.00,79.99,1
2277,28,1,145.00,319.99,1
2278,24,1,45.00,119.99,1
2279,21,1,120.00,259.99,1
2282,6,2,14.00,34.99,1
2282,11,1,9.80,27.99,1
2282,12,1,8.60,29.99,1
2282,27,1,6.00,17.99,1
2283,1,5,5.10,9.99,1
2283,9,1,4.20,11.99,1
2284,4,2,11.50,24.99,1
2284,29,1,85.00,199.99,1
2285,2,6,5.10,9.99,1
2285,9,1,4.20,11.99,1
2286,1,6,5.10,9.99,1
2286,9,1,4.20,11.99,1
2287,4,2,11.50,24.99,1
2287,29,1,85.00,199.99,1
2288,24,1,45.00,119.99,1
2289,16,2,41.00,0.00,1
2289,17,1,7.50,0.00,1
2290,35,1,24.00,54.99,1
2291,14,1,32.00,0.00,1
2292,35,1,24.00,54.99,1
2293,2,6,5.10,9.99,1
2293,9,1,4.20,11.99,1
2294,23,4,8.50,19.99,1
2295,2,5,5.10,9.99,1
2295,9,1,4.20,11.99,1
2296,20,1,165.00,329.99,1
2296,35,1,24.00,54.99,1
2297,6,2,14.00,34.99,1
2297,27,1,6.00,17.99,1
2298,23,6,8.50,19.99,1
2299,15,1,28.00,69.99,1
2300,1,6,5.10,9.99,1
2300,9,1,4.20,11.99,1
2301,33,1,210.00,449.99,1
2303,4,2,11.50,24.99,1
2303,29,1,85.00,199.99,1
2304,5,1,9.40,19.99,1
2304,14,1,32.00,79.99,1
2304,16,2,41.00,94.99,1
2304,17,1,7.50,19.99,1
2305,34,1,26.00,64.99,1
2306,6,2,14.00,34.99,1
2306,27,1,6.00,17.99,1
2307,22,1,38.00,89.99,1
2308,11,1,9.80,27.99,1
2308,12,1,8.60,29.99,1
2309,7,2,38.00,89.99,1
2309,27,1,6.00,17.99,1
2310,18,1,145.00,249.99,1
2311,6,2,14.00,34.99,1
2311,27,1,6.00,17.99,1
2312,5,1,9.40,19.99,1
2313,1,5,5.10,9.99,1
2313,9,1,4.20,11.99,1
2314,1,5,5.10,9.99,1
2314,9,1,4.20,11.99,1
2315,6,2,14.00,34.99,1
2315,8,1,18.00,44.99,1
2315,27,1,6.00,17.99,1
2316,4,1,11.50,24.99,1
2316,31,1,22.00,54.99,1
2317,2,6,5.10,9.99,1
2317,9,1,4.20,11.99,1
2318,4,2,11.50,24.99,1
2319,2,6,5.10,9.99,1
2319,7,2,38.00,89.99,1
2319,9,1,4.20,11.99,1
2319,27,1,6.00,17.99,1
2320,5,1,9.40,19.99,1
2320,14,1,32.00,79.99,1
2320,16,2,41.00,94.99,1
2322,11,1,9.80,27.99,1
2322,12,1,8.60,29.99,1
2324,1,5,5.10,9.99,1
2324,9,1,4.20,11.99,1
2325,8,1,18.00,44.99,1
2326,1,6,5.10,9.99,1
2326,4,2,11.50,24.99,1
2326,9,1,4.20,11.99,1
2328,41,1,380.00,799.99,0
2328,43,1,12.00,29.99,1
2329,8,1,18.00,44.99,1
2329,15,1,28.00,69.99,1
2330,4,2,11.50,24.99,1
2330,5,1,9.40,19.99,1
2330,11,1,9.80,27.99,1
2330,12,1,8.60,29.99,1
2331,2,6,5.10,9.99,1
2331,9,1,4.20,11.99,1
2332,11,1,9.80,27.99,1
2332,12,1,8.60,29.99,1
2332,23,8,8.50,19.99,1
2334,11,1,9.80,27.99,1
2334,12,1,8.60,29.99,1
2336,18,1,145.00,249.99,1
2338,7,2,38.00,89.99,1
2338,27,1,6.00,17.99,1
2339,18,1,145.00,0.00,1
2340,19,1,160.00,269.99,1
2341,7,2,38.00,89.99,1
2341,27,1,6.00,17.99,1
2342,15,1,28.00,69.99,1
2343,6,2,14.00,34.99,1
2343,26,1,32.00,79.99,1
2343,28,1,145.00,319.99,0
2344,1,5,5.10,9.99,1
2344,9,1,4.20,11.99,1
2345,38,1,68.00,159.99,1
2345,39,1,22.00,54.99,1
2346,6,2,14.00,34.99,1
2346,25,1,310.00,649.99,1
2346,26,1,32.00,79.99,1
2347,6,2,14.00,34.99,1
2347,27,1,6.00,17.99,1
2348,1,6,5.10,9.99,1
2348,9,1,4.20,11.99,1
2348,37,2,95.00,219.99,1
2349,22,2,38.00,89.99,1
2351,1,6,5.10,9.99,1
2351,9,1,4.20,11.99,1
2351,11,1,9.80,27.99,1
2351,12,1,8.60,29.99,1
2352,24,1,45.00,119.99,1
2353,14,1,32.00,79.99,1
2353,16,2,41.00,94.99,1
2353,17,1,7.50,19.99,1
2354,2,6,5.10,9.99,1
2354,7,2,38.00,89.99,1
2354,9,1,4.20,11.99,1
2354,25,1,310.00,649.99,1
2354,26,1,32.00,79.99,1
2355,11,1,9.80,27.99,1
2355,12,1,8.60,29.99,1
2355,21,1,120.00,259.99,1
2356,2,6,5.10,9.99,1
2356,9,1,4.20,11.99,1
2356,11,1,9.80,27.99,1
2356,12,1,8.60,29.99,1
2357,2,5,5.10,9.99,1
2357,9,1,4.20,11.99,1
2357,11,1,9.80,27.99,1
2358,8,1,18.00,44.99,1
2358,47,1,240.00,499.99,0
2359,4,2,11.50,24.99,1
2359,29,1,85.00,199.99,1
2360,19,1,160.00,269.99,1
2361,1,6,5.10,9.99,1
2361,9,1,4.20,11.99,1
2362,1,6,5.10,9.99,1
2362,9,1,4.20,11.99,1
2363,20,1,165.00,329.99,1
2364,2,5,5.10,9.99,1
2364,9,1,4.20,11.99,1
2365,15,1,28.00,69.99,1
2366,1,5,5.10,9.99,1
2366,9,1,4.20,11.99,1
2367,11,1,9.80,27.99,1
2367,12,1,8.60,29.99,1
2368,15,1,28.00,69.99,1
2368,17,1,7.50,19.99,1
2369,14,1,32.00,79.99,1
2369,16,2,41.00,94.99,1
2370,15,1,28.00,69.99,1
2371,11,1,9.80,27.99,1
2371,12,1,8.60,29.99,1
2371,37,2,95.00,219.99,1
2373,2,6,5.10,9.99,1
2373,7,2,38.00,89.99,1
2373,9,1,4.20,11.99,1
2373,25,1,310.00,649.99,0
2373,26,1,32.00,79.99,1
2374,14,1,32.00,79.99,1
2374,16,2,41.00,94.99,1
2375,45,4,55.00,129.99,1
2376,7,2,38.00,89.99,1
2376,25,1,310.00,649.99,0
2376,26,1,32.00,79.99,1
2377,4,2,11.50,24.99,1
2377,5,1,9.40,19.99,1
2377,30,1,160.00,349.99,1
2377,32,1,28.00,64.99,1
2378,1,5,5.10,9.99,1
2378,9,1,4.20,11.99,1
2379,7,2,38.00,89.99,1
2379,27,1,6.00,17.99,1
2380,19,1,160.00,269.99,1
2381,15,1,28.00,69.99,1
2382,2,6,5.10,9.99,1
2382,7,2,38.00,89.99,1
2382,8,1,18.00,44.99,1
2382,9,1,4.20,11.99,1
2382,27,1,6.00,17.99,1
2383,7,2,38.00,89.99,1
2383,27,1,6.00,17.99,1
2384,41,1,380.00,799.99,0
2384,43,1,12.00,29.99,1
2385,1,7,5.10,9.99,1
2385,10,1,9.50,22.99,1
2386,14,1,32.00,79.99,1
2386,16,2,41.00,94.99,1
2386,17,1,7.50,19.99,1
2387,7,2,38.00,89.99,1
2387,8,1,18.00,44.99,1
2387,27,1,6.00,17.99,1
2388,42,1,85.00,189.99,1
2388,43,1,12.00,29.99,1
2389,4,2,11.50,24.99,1
2389,8,1,18.00,44.99,1
2389,29,1,85.00,199.99,1
2390,8,1,18.00,44.99,1
2391,23,8,8.50,19.99,1
2392,18,1,145.00,249.99,1
2393,40,2,18.00,44.99,1
2394,19,1,160.00,269.99,1
2396,1,7,5.10,9.99,1
2396,10,1,9.50,22.99,1
2397,7,2,38.00,89.99,1
2397,27,1,6.00,17.99,1
2398,1,5,5.10,9.99,1
2398,9,1,4.20,11.99,1
2398,38,1,68.00,159.99,1
2398,39,1,22.00,54.99,1
2399,11,1,9.80,27.99,1
2399,12,1,8.60,29.99,1
2400,14,1,32.00,79.99,1
2400,16,2,41.00,94.99,1
2401,2,6,5.10,9.99,1
2401,9,1,4.20,11.99,1
2402,7,2,38.00,89.99,1
2402,25,1,310.00,649.99,1
2402,26,1,32.00,79.99,1
2403,19,1,160.00,269.99,1
2404,14,1,32.00,79.99,1
2404,16,2,41.00,94.99,0
2404,17,1,7.50,19.99,1
2405,36,1,55.00,129.99,1
2406,2,6,5.10,9.99,1
2406,9,1,4.20,11.99,1
2406,19,1,160.00,269.99,0
2407,4,2,11.50,24.99,1
2407,29,1,85.00,199.99,1
2408,1,5,5.10,9.99,1
2408,8,1,18.00,44.99,1
2408,9,1,4.20,11.99,1
2409,2,6,5.10,9.99,1
2409,5,1,9.40,19.99,1
2409,9,1,4.20,11.99,1
2410,19,1,160.00,269.99,0
2411,4,2,11.50,24.99,1
2411,5,1,9.40,19.99,1
2411,30,1,160.00,349.99,1
2411,32,1,28.00,64.99,1
2412,5,1,9.40,19.99,1
2412,21,1,120.00,259.99,1
2413,37,2,95.00,219.99,1
2414,2,6,5.10,9.99,1
2414,9,1,4.20,11.99,1
2415,1,6,5.10,9.99,1
2415,5,1,9.40,19.99,1
2415,9,1,4.20,11.99,1
2416,2,6,5.10,9.99,1
2416,9,1,4.20,11.99,1
2417,15,1,28.00,69.99,1
2418,2,6,5.10,9.99,1
2418,8,1,18.00,44.99,1
2418,9,1,4.20,11.99,1
2418,15,1,28.00,69.99,1
2418,17,1,7.50,19.99,1
2419,7,2,38.00,89.99,1
2419,27,1,6.00,17.99,1
2420,20,1,165.00,329.99,1
2421,6,2,14.00,34.99,1
2421,27,1,6.00,17.99,1
2422,4,2,11.50,24.99,1
2422,30,1,160.00,349.99,1
2422,32,1,28.00,64.99,1
2423,4,2,11.50,24.99,1
2425,1,7,5.10,9.99,1
2425,10,1,9.50,22.99,1
2425,11,1,9.80,27.99,1
2427,2,6,5.10,9.99,1
2427,9,1,4.20,11.99,1
2427,40,2,18.00,44.99,1
2428,1,5,5.10,9.99,1
2428,9,1,4.20,11.99,1
2429,19,1,160.00,269.99,0
2430,38,1,68.00,159.99,1
2431,27,1,6.00,0.00,1
2432,11,1,9.80,27.99,1
2432,12,1,8.60,29.99,1
2433,7,2,38.00,89.99,1
2433,25,1,310.00,649.99,1
2433,26,1,32.00,79.99,1
2434,22,1,38.00,89.99,1
2435,14,1,32.00,79.99,1
2435,16,2,41.00,94.99,1
2436,6,2,14.00,34.99,1
2436,27,1,6.00,17.99,1
2437,1,6,5.10,9.99,1
2437,10,1,9.50,22.99,1
2438,4,2,11.50,24.99,1
2438,8,1,18.00,44.99,1
2439,5,1,9.40,19.99,1
2439,20,1,165.00,329.99,1
2439,35,1,24.00,54.99,1
2440,27,1,6.00,0.00,1
2441,18,1,145.00,249.99,1
2442,4,2,11.50,24.99,1
2442,30,1,160.00,349.99,1
2443,4,1,11.50,24.99,1
2443,31,1,22.00,54.99,1
2444,47,1,240.00,499.99,0
2445,5,1,9.40,19.99,1
2445,23,4,8.50,19.99,1
2446,6,2,14.00,34.99,1
2446,27,1,6.00,17.99,1
2448,2,6,5.10,9.99,1
2448,9,1,4.20,11.99,1
2449,27,1,6.00,0.00,1
2450,15,1,28.00,69.99,1
2450,17,1,7.50,19.99,1
2451,18,1,145.00,249.99,1
2452,8,1,18.00,44.99,1
2453,15,1,28.00,0.00,1
2453,17,1,7.50,0.00,1
2454,18,1,145.00,249.99,1
2455,4,2,11.50,24.99,1
2456,22,4,38.00,89.99,1
2457,14,1,32.00,79.99,1
2457,16,2,41.00,94.99,1
2458,14,1,32.00,79.99,1
2458,16,2,41.00,94.99,1
2458,17,1,7.50,19.99,1
2459,2,6,5.10,9.99,1
2459,9,1,4.20,11.99,1
2460,15,1,28.00,69.99,1
2461,3,6,6.20,12.99,1
2461,46,1,24.00,59.99,1
2462,2,6,5.10,9.99,1
2462,8,1,18.00,44.99,1
2462,9,1,4.20,11.99,1
2462,24,1,45.00,119.99,1
2464,14,1,32.00,79.99,1
2464,16,2,41.00,94.99,1
2464,17,1,7.50,19.99,1
2465,2,6,5.10,9.99,1
2465,5,1,9.40,19.99,1
2465,9,1,4.20,11.99,1
2466,5,1,9.40,19.99,1
2467,23,4,8.50,19.99,1
2468,1,5,5.10,9.99,1
2468,9,1,4.20,11.99,1
2469,14,1,32.00,79.99,1
2469,16,2,41.00,94.99,0
2469,17,1,7.50,19.99,1
2470,2,5,5.10,9.99,1
2470,9,1,4.20,11.99,1
2471,6,2,14.00,34.99,1
2471,27,1,6.00,17.99,1
2472,1,5,5.10,9.99,1
2472,9,1,4.20,11.99,1
2473,4,2,11.50,24.99,1
2473,29,1,85.00,199.99,1
2474,38,1,68.00,159.99,1
2475,2,6,5.10,9.99,1
2475,8,1,18.00,44.99,1
2475,9,1,4.20,11.99,1
2476,22,1,38.00,89.99,1
2477,38,1,68.00,159.99,1
2478,14,1,32.00,79.99,1
2478,16,2,41.00,94.99,0
2478,17,1,7.50,19.99,1
2479,1,5,5.10,9.99,1
2479,9,1,4.20,11.99,1
2481,21,1,120.00,259.99,1
2482,14,1,32.00,79.99,1
2482,16,2,41.00,94.99,1
2482,17,1,7.50,19.99,1
2483,19,1,160.00,269.99,1
2485,7,2,38.00,89.99,1
2485,25,1,310.00,649.99,0
2485,26,1,32.00,79.99,1
2487,1,6,5.10,9.99,1
2487,8,1,18.00,44.99,1
2487,9,1,4.20,11.99,1
2488,20,1,165.00,329.99,1
2489,4,1,11.50,24.99,1
2489,31,1,22.00,54.99,1
2490,1,6,5.10,9.99,1
2490,9,1,4.20,11.99,1
2490,19,1,160.00,269.99,1
2492,7,2,38.00,89.99,1
2492,27,1,6.00,17.99,1
2493,19,1,160.00,269.99,1
2494,15,1,28.00,69.99,1
2494,17,1,7.50,19.99,1
2495,8,1,18.00,44.99,1
2495,11,1,9.80,27.99,1
2495,12,1,8.60,29.99,1
2496,8,1,18.00,44.99,1
2497,11,1,9.80,27.99,1
2497,15,1,28.00,69.99,1
2498,1,6,5.10,9.99,1
2498,5,1,9.40,19.99,1
2498,8,1,18.00,44.99,1
2498,9,1,4.20,11.99,1
2499,4,2,11.50,24.99,1
2499,5,1,9.40,19.99,1
2500,8,1,18.00,44.99,1
2500,45,1,55.00,129.99,1
2501,18,1,145.00,249.99,1
2502,1,5,5.10,9.99,1
2502,9,1,4.20,11.99,1
2502,38,1,68.00,159.99,1
2503,8,1,18.00,44.99,1
2503,14,1,32.00,79.99,1
2503,16,2,41.00,94.99,1
2505,1,6,5.10,9.99,1
2505,10,1,9.50,22.99,1
2506,2,5,5.10,9.99,1
2506,9,1,4.20,11.99,1
2506,23,6,8.50,19.99,1
2507,7,2,38.00,89.99,1
2507,27,1,6.00,17.99,1
2508,1,5,5.10,9.99,1
2508,9,1,4.20,11.99,1
2509,7,2,38.00,89.99,1
2509,27,1,6.00,17.99,1
2510,19,1,160.00,269.99,1
2511,2,6,5.10,9.99,1
2511,9,1,4.20,11.99,1
2513,34,1,26.00,64.99,1
2514,23,4,8.50,19.99,1
2515,15,1,28.00,69.99,1
2515,17,1,7.50,19.99,1
2516,20,1,165.00,329.99,1
2517,20,1,165.00,329.99,0
2518,1,6,5.10,9.99,1
2518,10,1,9.50,22.99,1
2519,2,6,5.10,9.99,1
2519,9,1,4.20,11.99,1
2520,2,6,5.10,9.99,1
2520,9,1,4.20,11.99,1
2521,37,2,95.00,219.99,1
2522,15,1,28.00,69.99,1
2522,17,1,7.50,19.99,1
2524,3,6,6.20,12.99,1
2526,7,2,38.00,89.99,1
2526,8,1,18.00,44.99,1
2526,27,1,6.00,17.99,1
2527,23,4,8.50,19.99,1
2528,2,6,5.10,9.99,1
2528,9,1,4.20,11.99,1
2528,22,1,38.00,89.99,1
2529,19,1,160.00,269.99,1
2530,1,5,5.10,9.99,1
2530,9,1,4.20,11.99,1
2531,33,1,210.00,449.99,1
2532,14,1,32.00,79.99,1
2532,16,2,41.00,94.99,1
2534,2,6,5.10,9.99,1
2534,9,1,4.20,11.99,1
2535,3,6,6.20,12.99,1
2536,4,2,11.50,24.99,1
2537,2,5,5.10,9.99,1
2537,7,2,38.00,89.99,1
2537,9,1,4.20,11.99,1
2537,11,1,9.80,27.99,1
2537,27,1,6.00,17.99,1
2538,2,5,5.10,9.99,1
2538,9,1,4.20,11.99,1
2538,11,1,9.80,27.99,1
2538,12,1,8.60,29.99,1
2538,18,1,145.00,249.99,1
2539,1,5,5.10,9.99,1
2539,9,1,4.20,11.99,1
2540,4,2,11.50,24.99,1
2540,29,1,85.00,199.99,1
2542,2,5,5.10,9.99,1
2542,9,1,4.20,11.99,1
2543,47,1,240.00,499.99,0
2544,2,6,5.10,9.99,1
2544,9,1,4.20,11.99,1
2545,2,6,5.10,9.99,1
2545,9,1,4.20,11.99,1
2547,40,2,18.00,44.99,1
2548,1,5,5.10,9.99,1
2548,9,1,4.20,11.99,1
2551,1,5,5.10,9.99,1
2551,4,1,11.50,24.99,1
2551,9,1,4.20,11.99,1
2551,31,1,22.00,54.99,1
2552,2,6,5.10,9.99,1
2552,9,1,4.20,11.99,1
2554,23,8,8.50,19.99,1
2555,8,1,18.00,44.99,1
2556,1,6,5.10,9.99,1
2556,10,1,9.50,22.99,1
2557,14,1,32.00,79.99,1
2557,16,2,41.00,94.99,1
2557,17,1,7.50,19.99,1
2558,2,6,5.10,9.99,1
2558,8,1,18.00,44.99,1
2558,9,1,4.20,11.99,1
2559,27,1,6.00,0.00,1
2560,7,2,38.00,89.99,1
2560,27,1,6.00,17.99,1
2561,22,2,38.00,89.99,1
2562,33,1,210.00,449.99,1
2563,2,6,5.10,9.99,1
2563,9,1,4.20,11.99,1
2564,1,6,5.10,9.99,1
2564,8,1,18.00,44.99,1
2564,10,1,9.50,22.99,1
2565,2,6,5.10,9.99,1
2565,9,1,4.20,11.99,1
2566,23,8,8.50,19.99,1
2567,2,6,5.10,9.99,1
2567,5,1,9.40,19.99,1
2567,9,1,4.20,11.99,1
2568,19,1,160.00,269.99,1
2569,14,1,32.00,0.00,1
2570,38,1,68.00,159.99,1
2570,39,1,22.00,54.99,1
2571,41,1,380.00,799.99,0
2571,43,1,12.00,29.99,1
2572,11,1,9.80,27.99,1
2572,12,1,8.60,29.99,1
2572,21,1,120.00,259.99,1
2573,7,2,38.00,89.99,1
2573,25,1,310.00,649.99,1
2573,26,1,32.00,79.99,1
2574,5,1,9.40,19.99,1
2574,6,2,14.00,34.99,1
2574,27,1,6.00,17.99,1
2575,23,4,8.50,19.99,1
2576,14,1,32.00,79.99,1
2576,16,2,41.00,94.99,1
2576,17,1,7.50,19.99,1
2577,24,1,45.00,119.99,1
2578,3,6,6.20,12.99,1
2579,2,6,5.10,9.99,1
2579,8,1,18.00,44.99,1
2579,9,1,4.20,11.99,1
2580,20,1,165.00,329.99,1
2580,35,1,24.00,54.99,1
2581,37,2,95.00,0.00,1
2582,1,6,5.10,9.99,1
2582,9,1,4.20,11.99,1
2583,11,1,9.80,27.99,1
2583,12,1,8.60,29.99,1
2584,34,1,26.00,64.99,1
2585,11,1,9.80,27.99,1
2585,12,1,8.60,29.99,1
2586,2,5,5.10,9.99,1
2586,5,1,9.40,19.99,1
2586,9,1,4.20,11.99,1
2587,11,1,9.80,27.99,1
2587,12,1,8.60,29.99,1
2587,21,1,120.00,259.99,1
2588,18,1,145.00,249.99,1
2589,4,2,11.50,24.99,1
2590,1,5,5.10,9.99,1
2590,8,1,18.00,44.99,1
2590,9,1,4.20,11.99,1
2591,2,6,5.10,9.99,1
2591,9,1,4.20,11.99,1
2592,5,1,9.40,19.99,1
2593,11,1,9.80,27.99,1
2593,12,1,8.60,29.99,1
2593,15,1,28.00,69.99,1
2593,17,1,7.50,19.99,1
2594,8,1,18.00,44.99,1
2594,21,1,120.00,259.99,1
2597,7,2,38.00,89.99,1
2597,27,1,6.00,17.99,1
2600,1,7,5.10,9.99,1
2600,10,1,9.50,22.99,1
2601,2,5,5.10,9.99,1
2601,9,1,4.20,11.99,1
2602,8,1,18.00,44.99,1
2602,35,1,24.00,54.99,1
2603,11,1,9.80,27.99,1
2603,12,1,8.60,29.99,1
2603,47,1,240.00,499.99,0
2604,4,2,11.50,24.99,1
2604,30,1,160.00,349.99,1
2605,4,1,11.50,24.99,1
2605,31,1,22.00,54.99,1
2607,2,6,5.10,9.99,1
2607,9,1,4.20,11.99,1
2608,14,1,32.00,79.99,1
2608,16,2,41.00,94.99,1
2608,17,1,7.50,19.99,1
2610,4,2,11.50,24.99,1
2611,2,6,5.10,9.99,1
2611,9,1,4.20,11.99,1
2611,11,1,9.80,27.99,1
2611,12,1,8.60,29.99,1
2612,23,8,8.50,19.99,1
2613,2,6,5.10,9.99,1
2613,5,1,9.40,19.99,1
2613,9,1,4.20,11.99,1
2614,19,1,160.00,269.99,1
2615,2,6,5.10,9.99,1
2615,9,1,4.20,11.99,1
2616,2,6,5.10,9.99,1
2616,8,1,18.00,44.99,1
2616,9,1,4.20,11.99,1
2617,18,1,145.00,249.99,1
2618,34,1,26.00,64.99,1
2619,20,1,165.00,0.00,1
2620,1,6,5.10,9.99,1
2620,9,1,4.20,11.99,1
2620,11,1,9.80,27.99,1
2620,12,1,8.60,29.99,1
2621,4,2,11.50,24.99,1
2622,4,2,11.50,24.99,1
2622,29,1,85.00,199.99,1
2624,22,4,38.00,89.99,1
2625,1,6,5.10,9.99,1
2625,8,1,18.00,44.99,1
2625,9,1,4.20,11.99,1
2626,14,1,32.00,79.99,1
2626,16,2,41.00,94.99,1
2626,17,1,7.50,19.99,1
2627,7,2,38.00,89.99,1
2627,27,1,6.00,17.99,1
2628,1,5,5.10,9.99,1
2628,9,1,4.20,11.99,1
2629,42,1,85.00,189.99,1
2629,43,1,12.00,29.99,1
2630,2,6,5.10,9.99,1
2630,9,1,4.20,11.99,1
2631,2,6,5.10,9.99,1
2631,9,1,4.20,11.99,1
2632,14,1,32.00,79.99,1
2632,16,2,41.00,94.99,1
2632,17,1,7.50,19.99,1
2633,37,2,95.00,219.99,1
2634,18,1,145.00,249.99,1
2635,7,2,38.00,89.99,1
2635,25,1,310.00,649.99,1
2635,26,1,32.00,79.99,1
2636,6,2,14.00,34.99,1
2636,27,1,6.00,17.99,1
2637,6,2,14.00,34.99,1
2637,27,1,6.00,17.99,1
2640,8,1,18.00,44.99,1
2641,2,6,5.10,9.99,1
2641,9,1,4.20,11.99,1
2642,1,5,5.10,9.99,1
2642,9,1,4.20,11.99,1
2643,5,1,9.40,19.99,1
2644,23,4,8.50,19.99,1
2645,19,1,160.00,269.99,1
2646,18,1,145.00,249.99,1
2647,24,1,45.00,119.99,1
2648,5,1,9.40,19.99,1
2649,1,5,5.10,9.99,1
2649,8,1,18.00,44.99,1
2649,9,1,4.20,11.99,1
2650,6,2,14.00,34.99,1
2650,8,1,18.00,44.99,1
2650,27,1,6.00,17.99,1
2651,8,1,18.00,44.99,1
2651,20,1,165.00,329.99,1
2652,5,1,9.40,19.99,1
2652,19,1,160.00,269.99,1
2653,5,1,9.40,19.99,1
2654,3,6,6.20,12.99,1
2654,5,1,9.40,19.99,1
2654,46,1,24.00,59.99,1
2655,5,1,9.40,19.99,1
2655,14,1,32.00,79.99,1
2655,16,2,41.00,94.99,1
2655,17,1,7.50,19.99,1
2657,4,1,11.50,24.99,1
2657,5,1,9.40,19.99,1
2657,31,1,22.00,54.99,1
2659,2,6,5.10,9.99,1
2659,9,1,4.20,11.99,1
2660,47,1,240.00,0.00,0
2661,41,1,380.00,799.99,0
2661,43,1,12.00,29.99,1
2662,5,1,9.40,19.99,1
2662,38,1,68.00,159.99,1
2663,4,2,11.50,24.99,1
2663,8,1,18.00,44.99,1
2664,2,6,5.10,9.99,1
2664,9,1,4.20,11.99,1
2664,11,1,9.80,27.99,1
2664,12,1,8.60,29.99,1
2665,11,1,9.80,27.99,1
2665,12,1,8.60,29.99,1
2667,7,2,38.00,89.99,1
2667,27,1,6.00,17.99,1
2668,1,5,5.10,9.99,1
2668,9,1,4.20,11.99,1
2669,18,1,145.00,249.99,1
2670,2,6,5.10,9.99,1
2670,9,1,4.20,11.99,1
2671,13,1,14.00,36.99,1
2671,44,1,180.00,389.99,1
2672,4,2,11.50,24.99,1
2672,8,1,18.00,44.99,1
2673,15,1,28.00,69.99,1
2674,8,1,18.00,44.99,1
2675,1,7,5.10,9.99,1
2675,5,1,9.40,19.99,1
2675,10,1,9.50,22.99,1
2675,11,1,9.80,27.99,1
2675,12,1,8.60,29.99,1
2676,1,5,5.10,9.99,1
2676,8,1,18.00,44.99,1
2676,9,1,4.20,11.99,1
2678,8,1,18.00,44.99,1
2678,23,6,8.50,19.99,1
2679,2,5,5.10,9.99,1
2679,8,1,18.00,44.99,1
2679,9,1,4.20,11.99,1
2680,1,6,5.10,9.99,1
2680,5,1,9.40,19.99,1
2680,9,1,4.20,11.99,1
2681,11,1,9.80,27.99,1
2681,34,1,26.00,64.99,1
2683,2,5,5.10,9.99,1
2683,9,1,4.20,11.99,1
2684,7,2,38.00,89.99,1
2684,27,1,6.00,17.99,1
2685,1,6,5.10,9.99,1
2685,9,1,4.20,11.99,1
2686,6,2,14.00,34.99,1
2686,27,1,6.00,17.99,1
2687,2,6,5.10,9.99,1
2687,9,1,4.20,11.99,1
2688,2,6,5.10,9.99,1
2688,5,1,9.40,19.99,1
2688,9,1,4.20,11.99,1
2688,19,1,160.00,269.99,1
2689,19,1,160.00,269.99,0
2690,2,5,5.10,9.99,1
2690,6,2,14.00,34.99,1
2690,9,1,4.20,11.99,1
2690,27,1,6.00,17.99,1
2691,5,1,9.40,19.99,1
2692,15,1,28.00,69.99,1
2694,7,2,38.00,89.99,1
2694,27,1,6.00,17.99,1
2695,7,2,38.00,89.99,1
2695,27,1,6.00,17.99,1
2696,1,6,5.10,9.99,1
2696,6,2,14.00,34.99,1
2696,9,1,4.20,11.99,1
2696,27,1,6.00,17.99,1
2697,37,2,95.00,219.99,1
2698,2,6,5.10,9.99,1
2698,9,1,4.20,11.99,1
2699,2,5,5.10,9.99,1
2699,9,1,4.20,11.99,1
2700,8,1,18.00,44.99,1
2700,19,1,160.00,269.99,1
2701,5,1,9.40,19.99,1
2701,14,1,32.00,79.99,1
2701,16,2,41.00,94.99,1
2701,17,1,7.50,19.99,1
2702,1,5,5.10,9.99,1
2702,9,1,4.20,11.99,1
2702,11,1,9.80,27.99,1
2702,12,1,8.60,29.99,1
2703,1,5,5.10,9.99,1
2703,9,1,4.20,11.99,1
2704,5,1,9.40,19.99,1
2706,14,1,32.00,79.99,1
2706,16,2,41.00,94.99,1
2706,17,1,7.50,19.99,1
2707,7,2,38.00,89.99,1
2707,26,1,32.00,79.99,1
2707,28,1,145.00,319.99,1
2708,7,2,38.00,89.99,1
2708,27,1,6.00,17.99,1
2709,11,1,9.80,27.99,1
2709,23,4,8.50,19.99,1
2710,5,1,9.40,19.99,1
2710,11,1,9.80,27.99,1
2710,12,1,8.60,29.99,1
2710,19,1,160.00,269.99,1
2711,7,2,38.00,89.99,1
2711,27,1,6.00,17.99,1
2712,5,1,9.40,19.99,1
2712,15,1,28.00,69.99,1
2712,17,1,7.50,19.99,1
2713,2,6,5.10,9.99,1
2713,9,1,4.20,11.99,1
2714,4,2,11.50,24.99,1
2714,29,1,85.00,199.99,1
2715,4,2,11.50,24.99,1
2715,29,1,85.00,199.99,1
2717,14,1,32.00,79.99,1
2717,16,2,41.00,94.99,1
2717,17,1,7.50,19.99,1
2718,4,2,11.50,24.99,1
2718,30,1,160.00,349.99,1
2718,32,1,28.00,64.99,1
2719,4,1,11.50,24.99,1
2719,31,1,22.00,54.99,1
2720,2,6,5.10,9.99,1
2720,9,1,4.20,11.99,1
2721,19,1,160.00,269.99,1
2722,18,1,145.00,249.99,1
2723,7,2,38.00,89.99,1
2723,27,1,6.00,17.99,1
2724,2,6,5.10,9.99,1
2724,9,1,4.20,11.99,1
2725,1,5,5.10,9.99,1
2725,5,1,9.40,19.99,1
2725,9,1,4.20,11.99,1
2726,41,1,380.00,799.99,0
2726,43,1,12.00,29.99,1
2727,1,5,5.10,9.99,1
2727,8,1,18.00,44.99,1
2727,9,1,4.20,11.99,1
2728,23,6,8.50,19.99,1
2729,1,5,5.10,9.99,1
2729,9,1,4.20,11.99,1
2730,11,1,9.80,27.99,1
2730,12,1,8.60,29.99,1
2730,18,1,145.00,249.99,1
2731,23,6,8.50,19.99,1
2732,1,6,5.10,9.99,1
2732,8,1,18.00,44.99,1
2732,9,1,4.20,11.99,1
2736,4,2,11.50,24.99,1
2736,11,1,9.80,27.99,1
2736,12,1,8.60,29.99,1
2737,3,6,6.20,12.99,1
2738,11,1,9.80,27.99,1
2738,12,1,8.60,29.99,1
2738,14,1,32.00,79.99,1
2738,16,2,41.00,94.99,1
2739,5,1,9.40,19.99,1
2740,21,1,120.00,259.99,1
2741,2,6,5.10,9.99,1
2741,9,1,4.20,11.99,1
2742,20,1,165.00,329.99,1
2743,40,2,18.00,44.99,1
2744,8,1,18.00,44.99,1
2745,2,6,5.10,9.99,1
2745,9,1,4.20,11.99,1
2746,1,6,5.10,9.99,1
2746,5,1,9.40,19.99,1
2746,10,1,9.50,22.99,1
2747,2,6,5.10,9.99,1
2747,9,1,4.20,11.99,1
2750,2,6,5.10,9.99,1
2750,9,1,4.20,11.99,1
2750,13,1,14.00,36.99,1
2750,44,1,180.00,389.99,1
2751,5,1,9.40,19.99,1
2752,8,1,18.00,44.99,1
2752,19,1,160.00,269.99,1
2753,20,1,165.00,329.99,1
2754,5,1,9.40,19.99,1
2754,38,1,68.00,159.99,1
2755,1,6,5.10,9.99,1
2755,3,6,6.20,12.99,1
2755,9,1,4.20,11.99,1
2755,46,1,24.00,59.99,1
2756,1,6,5.10,9.99,1
2756,9,1,4.20,11.99,1
2757,5,1,9.40,19.99,1
2758,1,6,5.10,9.99,1
2758,9,1,4.20,11.99,1
2759,44,1,180.00,389.99,1
2760,1,6,5.10,9.99,1
2760,9,1,4.20,11.99,1
2761,21,1,120.00,259.99,1
2762,2,6,5.10,9.99,1
2762,9,1,4.20,11.99,1
2763,5,1,9.40,19.99,1
2764,42,1,85.00,189.99,1
2764,43,1,12.00,29.99,1
2765,4,2,11.50,24.99,1
2765,11,1,9.80,27.99,1
2765,12,1,8.60,29.99,1
2765,29,1,85.00,199.99,1
2766,1,5,5.10,9.99,1
2766,5,1,9.40,19.99,1
2766,9,1,4.20,11.99,1
2766,11,1,9.80,27.99,1
2766,12,1,8.60,29.99,1
2768,2,6,5.10,9.99,1
2768,9,1,4.20,11.99,1
2770,2,6,5.10,9.99,1
2770,9,1,4.20,11.99,1
2771,2,6,5.10,9.99,1
2771,7,2,38.00,89.99,1
2771,9,1,4.20,11.99,1
2771,27,1,6.00,17.99,1
2772,11,1,9.80,27.99,1
2772,12,1,8.60,29.99,1
2773,24,1,45.00,119.99,1
2774,14,1,32.00,79.99,1
2774,16,2,41.00,94.99,1
2775,4,2,11.50,24.99,1
2775,5,1,9.40,19.99,1
2776,15,1,28.00,69.99,1
2777,1,5,5.10,9.99,1
2777,9,1,4.20,11.99,1
2777,42,1,85.00,189.99,1
2777,43,1,12.00,29.99,1
2778,7,2,38.00,89.99,1
2778,27,1,6.00,17.99,1
2779,42,1,85.00,189.99,1
2779,43,1,12.00,29.99,1
2780,19,1,160.00,269.99,1
2781,14,1,32.00,79.99,1
2781,16,2,41.00,94.99,1
2781,17,1,7.50,19.99,1
2782,2,6,5.10,9.99,1
2782,9,1,4.20,11.99,1
2783,35,1,24.00,54.99,1
2784,11,1,9.80,27.99,1
2784,12,1,8.60,29.99,1
2786,1,6,5.10,9.99,1
2786,9,1,4.20,11.99,1
2787,5,1,9.40,19.99,1
2787,8,1,18.00,44.99,1
2787,11,1,9.80,27.99,1
2787,12,1,8.60,29.99,1
2788,33,1,210.00,449.99,1
2789,20,1,165.00,329.99,1
2790,1,6,5.10,9.99,1
2790,8,1,18.00,44.99,1
2790,9,1,4.20,11.99,1
2791,35,1,24.00,54.99,1
2793,16,2,41.00,0.00,1
2794,18,1,145.00,249.99,1
2795,2,5,5.10,9.99,1
2795,9,1,4.20,11.99,1
2796,1,5,5.10,9.99,1
2796,7,2,38.00,89.99,1
2796,9,1,4.20,11.99,1
2796,27,1,6.00,17.99,1
2797,19,1,160.00,269.99,1
2798,1,5,5.10,9.99,1
2798,9,1,4.20,11.99,1
2799,7,2,38.00,89.99,1
2799,27,1,6.00,17.99,1
2800,18,1,145.00,249.99,1
2801,20,1,165.00,329.99,1
2802,1,5,5.10,9.99,1
2802,9,1,4.20,11.99,1
2803,1,6,5.10,9.99,1
2803,9,1,4.20,11.99,1
2805,2,6,5.10,9.99,1
2805,9,1,4.20,11.99,1
2807,8,1,18.00,44.99,1
2808,1,7,5.10,9.99,1
2808,4,2,11.50,24.99,1
2808,10,1,9.50,22.99,1
2808,30,1,160.00,349.99,1
2809,19,1,160.00,269.99,1
2810,4,2,11.50,24.99,1
2811,34,1,26.00,64.99,1
2812,4,2,11.50,24.99,1
2812,5,1,9.40,19.99,1
2812,30,1,160.00,349.99,1
2812,32,1,28.00,64.99,1
2815,14,1,32.00,79.99,1
2815,16,2,41.00,94.99,1
2815,17,1,7.50,19.99,1
2816,4,2,11.50,24.99,1
2816,29,1,85.00,199.99,1
2817,4,2,11.50,24.99,1
2819,19,1,160.00,269.99,1
2821,42,1,85.00,189.99,1
2821,43,1,12.00,29.99,1
2822,1,6,5.10,9.99,1
2822,9,1,4.20,11.99,1
2823,1,5,5.10,9.99,1
2823,9,1,4.20,11.99,1
2826,1,6,5.10,9.99,1
2826,9,1,4.20,11.99,1
2827,6,2,14.00,34.99,1
2827,27,1,6.00,17.99,1
2828,7,2,38.00,89.99,1
2828,27,1,6.00,17.99,1
2829,20,1,165.00,329.99,1
2830,11,1,9.80,27.99,1
2830,12,1,8.60,29.99,1
2831,15,1,28.00,69.99,1
2831,17,1,7.50,19.99,1
2832,8,1,18.00,44.99,1
2832,20,1,165.00,329.99,0
2833,2,6,5.10,9.99,1
2833,9,1,4.20,11.99,1
2833,11,1,9.80,27.99,1
2833,12,1,8.60,29.99,1
2833,19,1,160.00,269.99,1
2834,2,6,5.10,9.99,1
2834,9,1,4.20,11.99,1
2835,7,2,38.00,89.99,1
2835,27,1,6.00,17.99,1
2836,8,1,18.00,44.99,1
2836,24,1,45.00,119.99,1
2837,2,6,5.10,9.99,1
2837,8,1,18.00,44.99,1
2837,9,1,4.20,11.99,1
2839,1,5,5.10,9.99,1
2839,9,1,4.20,11.99,1
2842,34,1,26.00,64.99,1
2843,15,1,28.00,69.99,1
2843,17,1,7.50,19.99,1
2844,7,2,38.00,89.99,1
2844,27,1,6.00,17.99,1
2845,2,6,5.10,9.99,1
2845,9,1,4.20,11.99,1
2846,23,6,8.50,19.99,1
2847,11,1,9.80,27.99,1
2847,12,1,8.60,29.99,1
2848,4,2,11.50,24.99,1
2849,2,6,5.10,9.99,1
2849,9,1,4.20,11.99,1
2850,24,1,45.00,119.99,1
2851,14,1,32.00,79.99,1
2851,16,2,41.00,94.99,1
2851,17,1,7.50,19.99,1
2852,40,2,18.00,44.99,1
2853,40,2,18.00,44.99,1
2854,14,1,32.00,79.99,1
2854,16,2,41.00,94.99,1
2854,17,1,7.50,19.99,1
2855,2,6,5.10,9.99,1
2855,8,1,18.00,44.99,1
2855,9,1,4.20,11.99,1
2855,11,1,9.80,27.99,1
2855,12,1,8.60,29.99,1
2856,40,2,18.00,44.99,1
2857,2,6,5.10,9.99,1
2857,8,1,18.00,44.99,1
2857,9,1,4.20,11.99,1
2858,24,1,45.00,119.99,1
2859,1,6,5.10,9.99,1
2859,9,1,4.20,11.99,1
2860,23,4,8.50,19.99,1
2861,3,6,6.20,12.99,1
2861,8,1,18.00,44.99,1
2861,46,1,24.00,59.99,1
2862,1,6,5.10,9.99,1
2862,5,1,9.40,19.99,1
2862,9,1,4.20,11.99,1
2863,14,1,32.00,79.99,1
2863,16,2,41.00,94.99,1
2865,14,1,32.00,79.99,1
2865,16,2,41.00,94.99,0
2865,17,1,7.50,19.99,1
2866,37,2,95.00,219.99,1
2867,35,1,24.00,54.99,1
2868,19,1,160.00,269.99,1
2869,2,6,5.10,9.99,1
2869,8,1,18.00,44.99,1
2869,9,1,4.20,11.99,1
2870,7,2,38.00,89.99,1
2870,27,1,6.00,17.99,1
2871,14,1,32.00,79.99,1
2871,16,2,41.00,94.99,0
2871,17,1,7.50,19.99,1
2872,1,5,5.10,9.99,1
2872,9,1,4.20,11.99,1
2873,8,1,18.00,44.99,1
2875,1,6,5.10,9.99,1
2875,9,1,4.20,11.99,1
2876,14,1,32.00,79.99,1
2876,16,2,41.00,94.99,0
2877,2,6,5.10,9.99,1
2877,9,1,4.20,11.99,1
2878,4,2,11.50,24.99,1
2879,18,1,145.00,249.99,1
2881,1,7,5.10,9.99,1
2881,10,1,9.50,22.99,1
2882,1,5,5.10,9.99,1
2882,9,1,4.20,11.99,1
2883,1,6,5.10,9.99,1
2883,10,1,9.50,22.99,1
2884,3,6,6.20,12.99,1
2884,8,1,18.00,44.99,1
2885,14,1,32.00,79.99,1
2885,16,2,41.00,94.99,0
2885,17,1,7.50,19.99,1
2887,2,6,5.10,9.99,1
2887,9,1,4.20,11.99,1
2888,15,1,28.00,69.99,1
2889,11,1,9.80,27.99,1
2889,12,1,8.60,29.99,1
2890,6,2,14.00,34.99,1
2890,27,1,6.00,17.99,1
2891,21,1,120.00,259.99,1
2892,14,1,32.00,79.99,1
2892,16,2,41.00,94.99,0
2894,19,1,160.00,269.99,1
2895,5,1,9.40,19.99,1
2895,23,4,8.50,19.99,1
2896,2,5,5.10,9.99,1
2896,9,1,4.20,11.99,1
2897,8,1,18.00,44.99,1
2898,47,1,240.00,499.99,0
2899,24,1,45.00,119.99,1
2900,15,1,28.00,69.99,1
2900,17,1,7.50,19.99,1
2901,1,5,5.10,9.99,1
2901,9,1,4.20,11.99,1
2901,11,1,9.80,27.99,1
2901,12,1,8.60,29.99,1
2902,4,2,11.50,24.99,1
2902,11,1,9.80,27.99,1
2902,12,1,8.60,29.99,1
2902,29,1,85.00,199.99,1
2904,21,1,120.00,259.99,1
2905,1,5,5.10,9.99,1
2905,9,1,4.20,11.99,1
2905,14,1,32.00,79.99,1
2905,16,2,41.00,94.99,1
2905,17,1,7.50,19.99,1
2906,11,1,9.80,27.99,1
2906,12,1,8.60,29.99,1
2908,2,6,5.10,9.99,1
2908,5,1,9.40,19.99,1
2908,9,1,4.20,11.99,1
2909,2,6,5.10,9.99,1
2909,9,1,4.20,11.99,1
2911,1,6,5.10,9.99,1
2911,8,1,18.00,44.99,1
2911,10,1,9.50,22.99,1
2913,27,1,6.00,0.00,1
2914,1,5,5.10,9.99,1
2914,9,1,4.20,11.99,1
2915,3,10,6.20,12.99,1
2915,48,1,420.00,899.99,0
2916,1,6,5.10,9.99,1
2916,5,1,9.40,19.99,1
2916,9,1,4.20,11.99,1
2917,20,1,165.00,329.99,1
2918,8,1,18.00,44.99,1
2919,11,1,9.80,27.99,1
2919,12,1,8.60,29.99,1
2919,37,2,95.00,219.99,1
2920,4,1,11.50,24.99,1
2920,31,1,22.00,54.99,1
2921,18,1,145.00,249.99,1
2922,6,2,14.00,34.99,1
2922,25,1,310.00,649.99,1
2922,26,1,32.00,79.99,1
2924,2,6,5.10,9.99,1
2924,9,1,4.20,11.99,1
2925,1,6,5.10,9.99,1
2925,9,1,4.20,11.99,1
2926,5,1,9.40,19.99,1
2926,18,1,145.00,249.99,1
2927,1,6,5.10,9.99,1
2927,9,1,4.20,11.99,1
2928,19,1,160.00,269.99,1
2929,20,1,165.00,329.99,1
2930,19,1,160.00,269.99,1
2931,7,2,38.00,89.99,1
2931,27,1,6.00,17.99,1
2932,5,1,9.40,19.99,1
2932,18,1,145.00,249.99,1
2934,14,1,32.00,79.99,1
2934,16,2,41.00,94.99,1
2934,17,1,7.50,19.99,1
2935,1,5,5.10,9.99,1
2935,4,2,11.50,24.99,1
2935,9,1,4.20,11.99,1
2935,29,1,85.00,199.99,1
2936,1,7,5.10,9.99,1
2936,10,1,9.50,22.99,1
2937,15,1,28.00,69.99,1
2937,17,1,7.50,19.99,1
2938,20,1,165.00,329.99,0
2938,35,1,24.00,54.99,1
2940,4,2,11.50,24.99,1
2940,30,1,160.00,349.99,1
2940,32,1,28.00,64.99,1
2941,1,6,5.10,9.99,1
2941,10,1,9.50,22.99,1
2942,1,5,5.10,9.99,1
2942,5,1,9.40,19.99,1
2942,9,1,4.20,11.99,1
2943,14,1,32.00,79.99,1
2943,16,2,41.00,94.99,1
2944,1,5,5.10,9.99,1
2944,5,1,9.40,19.99,1
2944,9,1,4.20,11.99,1
2945,8,1,18.00,44.99,1
2946,24,1,45.00,119.99,1
2947,14,1,32.00,79.99,1
2947,16,2,41.00,94.99,1
2948,14,1,32.00,79.99,1
2948,16,2,41.00,94.99,0
2948,17,1,7.50,19.99,1
2949,19,1,160.00,269.99,1
2950,19,1,160.00,269.99,1
2951,22,1,38.00,89.99,1
2952,7,2,38.00,89.99,1
2952,27,1,6.00,17.99,1
2953,5,1,9.40,19.99,1
2953,11,1,9.80,27.99,1
2953,12,1,8.60,29.99,1
2954,7,2,38.00,89.99,1
2954,27,1,6.00,17.99,1
2955,4,2,11.50,24.99,1
2956,19,1,160.00,269.99,0
2957,19,1,160.00,269.99,0
2958,1,7,5.10,9.99,1
2958,10,1,9.50,22.99,1
2959,19,1,160.00,269.99,0
2960,21,1,120.00,259.99,1
2961,2,6,5.10,9.99,1
2961,9,1,4.20,11.99,1
2963,24,1,45.00,119.99,1
2964,2,6,5.10,9.99,1
2964,9,1,4.20,11.99,1
2965,2,6,5.10,9.99,1
2965,9,1,4.20,11.99,1
2966,2,6,5.10,9.99,1
2966,9,1,4.20,11.99,1
2966,38,1,68.00,159.99,1
2967,5,1,9.40,19.99,1
2967,7,2,38.00,89.99,1
2967,27,1,6.00,17.99,1
2968,19,1,160.00,269.99,0
2969,1,5,5.10,9.99,1
2969,9,1,4.20,11.99,1
2971,15,1,28.00,69.99,1
2971,17,1,7.50,19.99,1
2972,1,6,5.10,9.99,1
2972,9,1,4.20,11.99,1
2973,7,2,38.00,89.99,1
2973,8,1,18.00,44.99,1
2973,27,1,6.00,17.99,1
2975,2,6,5.10,9.99,1
2975,9,1,4.20,11.99,1
2977,4,2,11.50,24.99,1
2978,1,7,5.10,9.99,1
2978,10,1,9.50,22.99,1
2979,14,1,32.00,79.99,1
2979,16,2,41.00,94.99,1
2980,2,6,5.10,9.99,1
2980,9,1,4.20,11.99,1
2981,1,6,5.10,9.99,1
2981,9,1,4.20,11.99,1
2982,2,6,5.10,9.99,1
2982,9,1,4.20,11.99,1
2983,2,6,5.10,9.99,1
2983,5,1,9.40,19.99,1
2983,9,1,4.20,11.99,1
2984,5,1,9.40,19.99,1
2985,14,1,32.00,79.99,1
2985,16,2,41.00,94.99,1
2985,17,1,7.50,19.99,1
2986,38,1,68.00,159.99,1
2987,21,1,120.00,259.99,1
2988,8,1,18.00,44.99,1
2989,6,2,14.00,34.99,1
2989,27,1,6.00,17.99,1
2990,1,7,5.10,9.99,1
2990,5,1,9.40,19.99,1
2990,10,1,9.50,22.99,1
2991,2,6,5.10,9.99,1
2991,9,1,4.20,11.99,1
2992,20,1,165.00,329.99,1
2992,35,1,24.00,54.99,1
2993,21,1,120.00,259.99,1
2994,1,5,5.10,9.99,1
2994,9,1,4.20,11.99,1
2995,5,1,9.40,19.99,1
2995,19,1,160.00,269.99,1
2996,2,6,5.10,9.99,1
2996,9,1,4.20,11.99,1
2997,1,5,5.10,9.99,1
2997,5,1,9.40,19.99,1
2997,9,1,4.20,11.99,1
2998,1,6,5.10,9.99,1
2998,10,1,9.50,22.99,1
2998,14,1,32.00,79.99,1
2998,16,2,41.00,94.99,1
2998,17,1,7.50,19.99,1
2999,5,1,9.40,19.99,1
2999,14,1,32.00,79.99,1
2999,16,2,41.00,94.99,1
2999,17,1,7.50,19.99,1
3000,2,6,5.10,9.99,1
3000,9,1,4.20,11.99,1
3001,40,2,18.00,44.99,1
3003,7,2,38.00,89.99,1
3003,27,1,6.00,17.99,1
3004,2,6,5.10,9.99,1
3004,9,1,4.20,11.99,1
3005,2,6,5.10,9.99,1
3005,5,1,9.40,19.99,1
3005,9,1,4.20,11.99,1
3006,1,5,5.10,9.99,1
3006,9,1,4.20,11.99,1
3006,11,1,9.80,27.99,1
3007,14,1,32.00,79.99,1
3007,16,2,41.00,94.99,0
3007,17,1,7.50,19.99,1
3008,5,1,9.40,19.99,1
3008,8,1,18.00,44.99,1
3008,18,1,145.00,249.99,1
3009,19,1,160.00,269.99,1
3010,5,1,9.40,19.99,1
3010,37,2,95.00,219.99,1
3011,5,1,9.40,19.99,1
3011,7,2,38.00,89.99,1
3011,25,1,310.00,649.99,1
3011,26,1,32.00,79.99,1
3012,17,1,7.50,0.00,1
3014,8,1,18.00,44.99,1
3014,14,1,32.00,79.99,1
3014,16,2,41.00,94.99,1
3015,15,1,28.00,69.99,1
3016,4,2,11.50,24.99,1
3017,2,6,5.10,9.99,1
3017,9,1,4.20,11.99,1
3019,14,1,32.00,79.99,1
3019,16,2,41.00,94.99,1
3019,17,1,7.50,19.99,1
3020,8,1,18.00,44.99,1
3020,23,6,8.50,19.99,1
3021,1,5,5.10,9.99,1
3021,5,1,9.40,19.99,1
3021,8,1,18.00,44.99,1
3021,9,1,4.20,11.99,1
3022,1,5,5.10,9.99,1
3022,5,1,9.40,19.99,1
3022,9,1,4.20,11.99,1
3023,1,5,5.10,9.99,1
3023,9,1,4.20,11.99,1
3024,2,6,5.10,9.99,1
3024,8,1,18.00,44.99,1
3024,9,1,4.20,11.99,1
3025,8,1,18.00,44.99,1
3025,19,1,160.00,269.99,1
3026,14,1,32.00,79.99,1
3026,16,2,41.00,94.99,1
3026,17,1,7.50,19.99,1
3027,23,4,8.50,19.99,1
3028,11,1,9.80,27.99,1
3028,12,1,8.60,29.99,1
3028,41,1,380.00,799.99,0
3028,43,1,12.00,29.99,1
3029,1,5,5.10,9.99,1
3029,9,1,4.20,11.99,1
3030,5,1,9.40,19.99,1
3030,21,1,120.00,259.99,1
3031,47,1,240.00,499.99,0
3032,5,1,9.40,19.99,1
3033,8,1,18.00,44.99,1
3033,14,1,32.00,79.99,1
3033,16,2,41.00,94.99,1
3034,14,1,32.00,79.99,1
3034,16,2,41.00,94.99,0
3034,17,1,7.50,19.99,1
3036,8,1,18.00,44.99,1
3037,2,6,5.10,9.99,1
3037,9,1,4.20,11.99,1
3038,22,1,38.00,89.99,1
3039,2,6,5.10,9.99,1
3039,9,1,4.20,11.99,1
3039,34,1,26.00,64.99,1
3040,2,6,5.10,9.99,1
3040,9,1,4.20,11.99,1
3040,11,1,9.80,27.99,1
3040,12,1,8.60,29.99,1
3041,22,1,38.00,89.99,1
3042,19,1,160.00,269.99,1
3043,14,1,32.00,79.99,1
3043,16,2,41.00,94.99,0
3044,19,1,160.00,269.99,1
3045,15,1,28.00,0.00,1
3046,3,6,6.20,12.99,1
3046,46,1,24.00,59.99,1
3047,4,2,11.50,24.99,1
3047,29,1,85.00,199.99,1
3049,2,5,5.10,9.99,1
3049,8,1,18.00,44.99,1
3049,9,1,4.20,11.99,1
3050,14,1,32.00,79.99,1
3050,16,2,41.00,94.99,1
3051,2,6,5.10,9.99,1
3051,9,1,4.20,11.99,1
3052,19,1,160.00,269.99,0
3053,18,1,145.00,249.99,1
3054,2,6,5.10,9.99,1
3054,9,1,4.20,11.99,1
3056,2,6,5.10,9.99,1
3056,9,1,4.20,11.99,1
3057,5,1,9.40,19.99,1
3057,8,1,18.00,44.99,1
3058,8,1,18.00,44.99,1
3058,14,1,32.00,79.99,1
3058,16,2,41.00,94.99,1
3058,17,1,7.50,19.99,1
3059,2,6,5.10,9.99,1
3059,9,1,4.20,11.99,1
3060,11,1,9.80,27.99,1
3060,12,1,8.60,29.99,1
3061,18,1,145.00,249.99,1
3062,6,2,14.00,34.99,1
3062,27,1,6.00,17.99,1
3063,1,6,5.10,9.99,1
3063,4,2,11.50,24.99,1
3063,9,1,4.20,11.99,1
3064,5,1,9.40,19.99,1
3064,34,1,26.00,64.99,1
3065,1,6,5.10,9.99,1
3065,9,1,4.20,11.99,1
3065,19,1,160.00,269.99,0
3066,35,1,24.00,54.99,1
3068,2,5,5.10,9.99,1
3068,9,1,4.20,11.99,1
3069,37,2,95.00,219.99,1
3070,2,6,5.10,9.99,1
3070,9,1,4.20,11.99,1
3070,11,1,9.80,27.99,1
3070,12,1,8.60,29.99,1
3071,8,1,18.00,44.99,1
3072,2,6,5.10,9.99,1
3072,9,1,4.20,11.99,1
3074,5,1,9.40,19.99,1
3074,19,1,160.00,269.99,0
3075,20,1,165.00,329.99,1
3076,1,6,5.10,9.99,1
3076,10,1,9.50,22.99,1
3077,2,6,5.10,9.99,1
3077,9,1,4.20,11.99,1
3078,35,1,24.00,54.99,1
3079,5,1,9.40,19.99,1
3079,41,1,380.00,799.99,0
3079,43,1,12.00,29.99,1
3080,2,6,5.10,9.99,1
3080,9,1,4.20,11.99,1
3081,2,6,5.10,9.99,1
3081,9,1,4.20,11.99,1
3082,2,5,5.10,9.99,1
3082,8,1,18.00,44.99,1
3082,9,1,4.20,11.99,1
3083,22,2,38.00,89.99,1
3084,40,2,18.00,44.99,1
3085,20,1,165.00,329.99,1
3086,11,1,9.80,27.99,1
3086,12,1,8.60,29.99,1
3087,4,2,11.50,24.99,1
3088,1,5,5.10,9.99,1
3088,9,1,4.20,11.99,1
3089,1,5,5.10,9.99,1
3089,9,1,4.20,11.99,1
3091,1,5,5.10,9.99,1
3091,9,1,4.20,11.99,1
3092,4,2,11.50,24.99,1
3092,5,1,9.40,19.99,1
3095,19,1,160.00,269.99,1
3096,4,2,11.50,24.99,1
3096,29,1,85.00,199.99,1
3097,4,2,11.50,24.99,1
3097,29,1,85.00,199.99,1
3098,1,5,5.10,9.99,1
3098,9,1,4.20,11.99,1
3099,2,6,5.10,9.99,1
3099,9,1,4.20,11.99,1
3100,1,5,5.10,9.99,1
3100,5,1,9.40,19.99,1
3100,9,1,4.20,11.99,1
3101,14,1,32.00,79.99,1
3101,16,2,41.00,94.99,1
3101,17,1,7.50,19.99,1
3102,22,1,38.00,89.99,1
3103,2,6,5.10,9.99,1
3103,9,1,4.20,11.99,1
3104,2,6,5.10,9.99,1
3104,9,1,4.20,11.99,1
3105,11,1,9.80,27.99,1
3105,12,1,8.60,29.99,1
3106,18,1,145.00,249.99,1
3107,18,1,145.00,249.99,1
3108,8,1,18.00,44.99,1
3109,2,6,5.10,9.99,1
3109,9,1,4.20,11.99,1
3110,4,2,11.50,24.99,1
3111,18,1,145.00,249.99,1
3112,14,1,32.00,79.99,1
3112,16,2,41.00,94.99,1
3112,17,1,7.50,19.99,1
3113,19,1,160.00,269.99,1
3114,1,6,5.10,9.99,1
3114,5,1,9.40,19.99,1
3114,9,1,4.20,11.99,1
3115,2,6,5.10,9.99,1
3115,9,1,4.20,11.99,1
3116,1,5,5.10,9.99,1
3116,9,1,4.20,11.99,1
3117,2,6,5.10,9.99,1
3117,9,1,4.20,11.99,1
3118,14,1,32.00,79.99,1
3118,16,2,41.00,94.99,0
3119,5,1,9.40,19.99,1
3120,47,1,240.00,499.99,0
3121,7,2,38.00,89.99,1
3121,27,1,6.00,17.99,1
3122,38,1,68.00,159.99,1
3123,44,1,180.00,389.99,1
3124,34,1,26.00,64.99,1
3125,2,6,5.10,9.99,1
3125,5,1,9.40,19.99,1
3125,9,1,4.20,11.99,1
3125,23,6,8.50,19.99,1
3126,37,2,95.00,219.99,1
3127,41,1,380.00,799.99,0
3127,43,1,12.00,29.99,1
3128,2,5,5.10,9.99,1
3128,9,1,4.20,11.99,1
3129,1,7,5.10,9.99,1
3129,10,1,9.50,22.99,1
3130,1,5,5.10,9.99,1
3130,8,1,18.00,44.99,1
3130,9,1,4.20,11.99,1
3131,8,1,18.00,44.99,1
3131,41,1,380.00,799.99,0
3131,43,1,12.00,29.99,1
3132,2,6,5.10,9.99,1
3132,9,1,4.20,11.99,1
3132,14,1,32.00,79.99,1
3132,16,2,41.00,94.99,1
3132,17,1,7.50,19.99,1
3133,2,6,5.10,9.99,1
3133,9,1,4.20,11.99,1
3134,1,6,5.10,9.99,1
3134,9,1,4.20,11.99,1
3135,22,1,38.00,89.99,1
3136,8,1,18.00,44.99,1
3136,41,1,380.00,799.99,0
3136,43,1,12.00,29.99,1
3137,1,6,5.10,9.99,1
3137,9,1,4.20,11.99,1
3137,33,1,210.00,449.99,1
3138,11,1,9.80,27.99,1
3138,12,1,8.60,29.99,1
3138,19,1,160.00,269.99,1
3139,19,1,160.00,269.99,1
3140,8,1,18.00,44.99,1
3140,41,1,380.00,799.99,0
3140,43,1,12.00,29.99,1
3141,24,1,45.00,119.99,1
3142,8,1,18.00,44.99,1
3142,11,1,9.80,27.99,1
3143,4,2,11.50,24.99,1
3144,5,1,9.40,19.99,1
3144,7,2,38.00,89.99,1
3144,27,1,6.00,17.99,1
3145,38,1,68.00,159.99,1
3146,14,1,32.00,79.99,1
3146,16,2,41.00,94.99,1
3146,17,1,7.50,19.99,1
3148,2,6,5.10,9.99,1
3148,9,1,4.20,11.99,1
3149,2,5,5.10,9.99,1
3149,8,1,18.00,44.99,1
3149,9,1,4.20,11.99,1
3150,4,1,11.50,24.99,1
3150,31,1,22.00,54.99,1
3151,3,6,6.20,12.99,1
3151,11,1,9.80,27.99,1
3151,46,1,24.00,59.99,1
3152,5,1,9.40,19.99,1
3153,20,1,165.00,329.99,1
3154,15,1,28.00,69.99,1
3155,3,6,6.20,12.99,1
3155,46,1,24.00,59.99,1
3157,14,1,32.00,79.99,1
3157,16,2,41.00,94.99,1
3157,17,1,7.50,19.99,1
3158,11,1,9.80,27.99,1
3158,12,1,8.60,29.99,1
3158,15,1,28.00,69.99,1
3158,17,1,7.50,19.99,1
3159,2,6,5.10,9.99,1
3159,8,1,18.00,44.99,1
3159,9,1,4.20,11.99,1
3160,11,1,9.80,27.99,1
3160,38,1,68.00,159.99,1
3160,39,1,22.00,54.99,1
3161,4,2,11.50,24.99,1
3164,8,1,18.00,44.99,1
3165,5,1,9.40,19.99,1
3165,11,1,9.80,27.99,1
3165,12,1,8.60,29.99,1
3166,2,5,5.10,9.99,1
3166,9,1,4.20,11.99,1
3166,11,1,9.80,27.99,1
3166,12,1,8.60,29.99,1
3167,15,1,28.00,69.99,1
3167,17,1,7.50,19.99,1
3168,22,1,38.00,89.99,1
3169,2,6,5.10,9.99,1
3169,9,1,4.20,11.99,1
3169,11,1,9.80,27.99,1
3169,12,1,8.60,29.99,1
3170,8,1,18.00,44.99,1
3171,14,1,32.00,79.99,1
3171,16,2,41.00,94.99,1
3171,17,1,7.50,19.99,1
3172,8,1,18.00,44.99,1
3172,35,1,24.00,54.99,1
3173,11,1,9.80,27.99,1
3173,12,1,8.60,29.99,1
3173,24,1,45.00,119.99,1
3174,5,1,9.40,19.99,1
3175,7,2,38.00,89.99,1
3175,27,1,6.00,17.99,1
3176,5,1,9.40,19.99,1
3176,20,1,165.00,329.99,1
3176,35,1,24.00,54.99,1
3177,34,1,26.00,64.99,1
3178,18,1,145.00,249.99,1
3179,8,1,18.00,44.99,1
3180,1,5,5.10,9.99,1
3180,9,1,4.20,11.99,1
3181,35,1,24.00,54.99,1
3182,1,6,5.10,9.99,1
3182,9,1,4.20,11.99,1
3183,2,6,5.10,9.99,1
3183,9,1,4.20,11.99,1
3184,15,1,28.00,69.99,1
3184,17,1,7.50,19.99,1
3185,1,5,5.10,9.99,1
3185,4,1,11.50,24.99,1
3185,5,1,9.40,19.99,1
3185,9,1,4.20,11.99,1
3185,31,1,22.00,54.99,1
3186,24,1,45.00,119.99,1
3187,4,2,11.50,24.99,1
3187,11,1,9.80,27.99,1
3187,12,1,8.60,29.99,1
3187,29,1,85.00,199.99,1
3188,1,6,5.10,9.99,1
3188,8,1,18.00,44.99,1
3188,9,1,4.20,11.99,1
3189,2,6,5.10,9.99,1
3189,9,1,4.20,11.99,1
3190,21,1,120.00,259.99,1
3191,1,6,5.10,9.99,1
3191,9,1,4.20,11.99,1
3192,2,6,5.10,9.99,1
3192,9,1,4.20,11.99,1
3193,1,6,5.10,9.99,1
3193,5,1,9.40,19.99,1
3193,9,1,4.20,11.99,1
3194,15,1,28.00,69.99,1
3195,1,6,5.10,9.99,1
3195,8,1,18.00,44.99,1
3195,10,1,9.50,22.99,1
3196,2,6,5.10,9.99,1
3196,9,1,4.20,11.99,1
3196,11,1,9.80,27.99,1
3196,12,1,8.60,29.99,1
3197,2,6,5.10,9.99,1
3197,9,1,4.20,11.99,1
3198,35,1,24.00,54.99,1
3199,1,6,5.10,9.99,1
3199,10,1,9.50,22.99,1
3200,2,6,5.10,9.99,1
3200,9,1,4.20,11.99,1
3201,8,1,18.00,44.99,1
3203,34,1,26.00,64.99,1
3204,1,6,5.10,9.99,1
3204,10,1,9.50,22.99,1
3205,11,1,9.80,27.99,1
3205,12,1,8.60,29.99,1
3206,1,5,5.10,9.99,1
3206,9,1,4.20,11.99,1
3207,2,6,5.10,9.99,1
3207,9,1,4.20,11.99,1
3208,11,1,9.80,27.99,1
3208,12,1,8.60,29.99,1
3208,41,1,380.00,799.99,0
3208,43,1,12.00,29.99,1
3209,8,1,18.00,44.99,1
3209,14,1,32.00,79.99,1
3209,16,2,41.00,94.99,1
3209,17,1,7.50,19.99,1
3210,8,1,18.00,44.99,1
3211,14,1,32.00,79.99,1
3211,16,2,41.00,94.99,1
3211,17,1,7.50,19.99,1
3212,14,1,32.00,79.99,1
3212,16,2,41.00,94.99,1
3212,17,1,7.50,19.99,1
3213,2,6,5.10,9.99,1
3213,9,1,4.20,11.99,1
3214,8,1,18.00,44.99,1
3215,2,6,5.10,9.99,1
3215,9,1,4.20,11.99,1
3216,40,2,18.00,44.99,1
3218,8,1,18.00,44.99,1
3218,15,1,28.00,69.99,1
3218,17,1,7.50,19.99,1
3219,15,1,28.00,69.99,1
3219,17,1,7.50,19.99,1
3221,2,6,5.10,9.99,1
3221,9,1,4.20,11.99,1
3223,11,1,9.80,27.99,1
3223,24,1,45.00,119.99,1
3225,1,6,5.10,9.99,1
3225,8,1,18.00,44.99,1
3225,9,1,4.20,11.99,1
3226,38,1,68.00,159.99,1
3227,6,2,14.00,34.99,1
3227,27,1,6.00,17.99,1
3228,14,1,32.00,79.99,1
3228,16,2,41.00,94.99,1
3229,34,1,26.00,64.99,1
3230,2,6,5.10,9.99,1
3230,9,1,4.20,11.99,1
3231,2,6,5.10,9.99,1
3231,9,1,4.20,11.99,1
3232,15,1,28.00,0.00,1
3232,17,1,7.50,0.00,1
3234,15,1,28.00,69.99,1
3234,17,1,7.50,19.99,1
3235,1,6,5.10,9.99,1
3235,10,1,9.50,22.99,1
3235,14,1,32.00,79.99,1
3235,16,2,41.00,94.99,0
3235,17,1,7.50,19.99,1
3236,14,1,32.00,79.99,1
3236,16,2,41.00,94.99,0
3236,17,1,7.50,19.99,1
3237,3,6,6.20,12.99,1
3237,46,1,24.00,59.99,1
3238,2,6,5.10,9.99,1
3238,9,1,4.20,11.99,1
3238,11,1,9.80,27.99,1
3239,21,1,120.00,259.99,1
3240,2,6,5.10,9.99,1
3240,9,1,4.20,11.99,1
3241,2,6,5.10,9.99,1
3241,9,1,4.20,11.99,1
3242,20,1,165.00,329.99,1
3242,35,1,24.00,54.99,1
3243,23,6,8.50,19.99,1
3244,8,1,18.00,44.99,1
3244,14,1,32.00,79.99,1
3244,16,2,41.00,94.99,0
3244,17,1,7.50,19.99,1
3245,1,5,5.10,9.99,1
3245,5,1,9.40,19.99,1
3245,9,1,4.20,11.99,1
3246,3,6,6.20,12.99,1
3246,46,1,24.00,59.99,1
3247,4,1,11.50,24.99,1
3247,31,1,22.00,54.99,1
3248,7,2,38.00,89.99,1
3248,27,1,6.00,17.99,1
3249,2,6,5.10,9.99,1
3249,9,1,4.20,11.99,1
3250,24,1,45.00,119.99,1
3251,5,1,9.40,19.99,1
3253,2,6,5.10,9.99,1
3253,9,1,4.20,11.99,1
3254,1,5,5.10,9.99,1
3254,9,1,4.20,11.99,1
3255,2,6,5.10,9.99,1
3255,9,1,4.20,11.99,1
3256,1,5,5.10,9.99,1
3256,9,1,4.20,11.99,1
3256,15,1,28.00,69.99,1
3257,1,6,5.10,9.99,1
3257,10,1,9.50,22.99,1
3258,41,1,380.00,0.00,0
3259,1,6,5.10,9.99,1
3259,5,1,9.40,19.99,1
3259,10,1,9.50,22.99,1
3259,11,1,9.80,27.99,1
3259,12,1,8.60,29.99,1
3260,11,1,9.80,27.99,1
3260,12,1,8.60,29.99,1
3260,40,2,18.00,44.99,1
3261,5,1,9.40,19.99,1
3261,11,1,9.80,27.99,1
3261,12,1,8.60,29.99,1
3262,2,6,5.10,9.99,1
3262,9,1,4.20,11.99,1
3263,5,1,9.40,19.99,1
3263,8,1,18.00,44.99,1
3264,4,2,11.50,24.99,1
3265,5,1,9.40,19.99,1
3266,1,5,5.10,9.99,1
3266,9,1,4.20,11.99,1
3267,2,6,5.10,9.99,1
3267,9,1,4.20,11.99,1
3268,1,6,5.10,9.99,1
3268,9,1,4.20,11.99,1
3269,37,2,95.00,219.99,1
3270,2,5,5.10,9.99,1
3270,9,1,4.20,11.99,1
3271,15,1,28.00,69.99,1
3271,17,1,7.50,19.99,1
3272,1,6,5.10,9.99,1
3272,10,1,9.50,22.99,1
3273,14,1,32.00,79.99,1
3273,16,2,41.00,94.99,1
3273,17,1,7.50,19.99,1
3274,22,1,38.00,89.99,1
3275,4,2,11.50,24.99,1
3275,30,1,160.00,349.99,1
3276,18,1,145.00,249.99,1
3277,1,5,5.10,9.99,1
3277,9,1,4.20,11.99,1
3277,11,1,9.80,27.99,1
3277,12,1,8.60,29.99,1
3278,5,1,9.40,19.99,1
3278,24,1,45.00,119.99,1
3279,24,1,45.00,119.99,1
3280,11,1,9.80,27.99,1
3280,12,1,8.60,29.99,1
3281,8,1,18.00,44.99,1
3282,2,6,5.10,9.99,1
3282,9,1,4.20,11.99,1
3283,8,1,18.00,44.99,1
3283,14,1,32.00,79.99,1
3283,16,2,41.00,94.99,1
3283,17,1,7.50,19.99,1
3285,1,5,5.10,9.99,1
3285,9,1,4.20,11.99,1
3285,11,1,9.80,27.99,1
3285,15,1,28.00,69.99,1
3286,22,1,38.00,89.99,1
3287,1,6,5.10,9.99,1
3287,10,1,9.50,22.99,1
3288,14,1,32.00,79.99,1
3288,16,2,41.00,94.99,1
3288,17,1,7.50,19.99,1
3290,1,6,5.10,9.99,1
3290,10,1,9.50,22.99,1
3290,19,1,160.00,269.99,1
3291,11,1,9.80,27.99,1
3291,12,1,8.60,29.99,1
3291,18,1,145.00,249.99,1
3292,14,1,32.00,79.99,1
3292,16,2,41.00,94.99,1
3292,17,1,7.50,19.99,1
3293,24,1,45.00,119.99,1
3294,8,1,18.00,44.99,1
3295,7,2,38.00,89.99,1
3295,27,1,6.00,17.99,1
3296,2,6,5.10,9.99,1
3296,9,1,4.20,11.99,1
3297,2,6,5.10,9.99,1
3297,9,1,4.20,11.99,1
3298,14,1,32.00,79.99,1
3298,16,2,41.00,94.99,1
3299,22,2,38.00,89.99,1
3300,14,1,32.00,79.99,1
3300,16,2,41.00,94.99,1
3300,17,1,7.50,19.99,1
3301,14,1,32.00,79.99,1
3301,16,2,41.00,94.99,1
3301,17,1,7.50,19.99,1
3302,11,1,9.80,27.99,1
3302,12,1,8.60,29.99,1
3303,2,6,5.10,9.99,1
3303,8,1,18.00,44.99,1
3303,9,1,4.20,11.99,1
3304,1,6,5.10,9.99,1
3304,9,1,4.20,11.99,1
3305,19,1,160.00,269.99,1
3306,20,1,165.00,329.99,1
3307,4,2,11.50,24.99,1
3307,5,1,9.40,19.99,1
3308,20,1,165.00,329.99,1
3309,2,6,5.10,9.99,1
3309,8,1,18.00,44.99,1
3309,9,1,4.20,11.99,1
3310,5,1,9.40,19.99,1
3311,37,2,95.00,0.00,1
3312,8,1,18.00,44.99,1
3313,6,2,14.00,34.99,1
3313,27,1,6.00,17.99,1
3314,19,1,160.00,269.99,1
3315,2,5,5.10,9.99,1
3315,8,1,18.00,44.99,1
3315,9,1,4.20,11.99,1
3316,1,5,5.10,9.99,1
3316,8,1,18.00,44.99,1
3316,9,1,4.20,11.99,1
3316,47,1,240.00,499.99,0
3317,14,1,32.00,79.99,1
3317,16,2,41.00,94.99,1
3317,17,1,7.50,19.99,1
3318,2,5,5.10,9.99,1
3318,9,1,4.20,11.99,1
3319,1,6,5.10,9.99,1
3319,9,1,4.20,11.99,1
3319,14,1,32.00,79.99,1
3319,16,2,41.00,94.99,0
3319,17,1,7.50,19.99,1
3320,1,5,5.10,9.99,1
3320,5,1,9.40,19.99,1
3320,9,1,4.20,11.99,1
3321,6,2,14.00,34.99,1
3321,8,1,18.00,44.99,1
3321,27,1,6.00,17.99,1
3322,11,1,9.80,27.99,1
3322,12,1,8.60,29.99,1
3323,2,6,5.10,9.99,1
3323,9,1,4.20,11.99,1
3324,14,1,32.00,79.99,1
3324,16,2,41.00,94.99,0
3324,17,1,7.50,19.99,1
3326,44,1,180.00,389.99,1
3327,1,5,5.10,9.99,1
3327,9,1,4.20,11.99,1
3328,4,2,11.50,24.99,1
3329,11,1,9.80,27.99,1
3329,12,1,8.60,29.99,1
3330,6,2,14.00,34.99,1
3330,8,1,18.00,44.99,1
3330,27,1,6.00,17.99,1
3331,23,8,8.50,19.99,1
3332,19,1,160.00,269.99,1
3334,37,2,95.00,219.99,1
3335,1,6,5.10,9.99,1
3335,8,1,18.00,44.99,1
3335,9,1,4.20,11.99,1
3336,4,2,11.50,24.99,1
3336,30,1,160.00,349.99,1
3336,32,1,28.00,64.99,1
3337,1,6,5.10,9.99,1
3337,9,1,4.20,11.99,1
3337,11,1,9.80,27.99,1
3338,11,1,9.80,27.99,1
3338,12,1,8.60,29.99,1
3339,1,5,5.10,9.99,1
3339,9,1,4.20,11.99,1
3340,13,1,14.00,36.99,1
3340,44,1,180.00,389.99,1
3341,2,6,5.10,9.99,1
3341,9,1,4.20,11.99,1
3342,2,6,5.10,9.99,1
3342,5,1,9.40,19.99,1
3342,9,1,4.20,11.99,1
3342,22,1,38.00,89.99,1
3343,11,1,9.80,27.99,1
3343,12,1,8.60,29.99,1
3344,1,5,5.10,9.99,1
3344,9,1,4.20,11.99,1
3345,3,6,6.20,12.99,1
3346,41,1,380.00,0.00,0
3347,4,2,11.50,24.99,1
3347,29,1,85.00,199.99,1
3348,41,1,380.00,799.99,0
3348,43,1,12.00,29.99,1
3349,8,1,18.00,44.99,1
3350,14,1,32.00,79.99,1
3350,16,2,41.00,94.99,1
3351,6,2,14.00,34.99,1
3351,25,1,310.00,649.99,1
3351,26,1,32.00,79.99,1
3352,4,1,11.50,24.99,1
3352,31,1,22.00,54.99,1
3353,1,6,5.10,9.99,1
3353,10,1,9.50,22.99,1
3353,11,1,9.80,27.99,1
3355,2,6,5.10,9.99,1
3355,9,1,4.20,11.99,1
3356,7,2,38.00,89.99,1
3356,27,1,6.00,17.99,1
3357,3,6,6.20,12.99,1
3357,46,1,24.00,59.99,1
3358,2,5,5.10,9.99,1
3358,5,1,9.40,19.99,1
3358,9,1,4.20,11.99,1
3358,22,1,38.00,89.99,1
3359,1,5,5.10,9.99,1
3359,9,1,4.20,11.99,1
3360,1,5,5.10,9.99,1
3360,9,1,4.20,11.99,1
3360,14,1,32.00,79.99,1
3360,16,2,41.00,94.99,1
3361,14,1,32.00,79.99,1
3361,16,2,41.00,94.99,1
3361,17,1,7.50,19.99,1
3362,2,6,5.10,9.99,1
3362,9,1,4.20,11.99,1
3363,2,6,5.10,9.99,1
3363,9,1,4.20,11.99,1
3363,19,1,160.00,269.99,1
3364,2,6,5.10,9.99,1
3364,9,1,4.20,11.99,1
3365,5,1,9.40,19.99,1
3366,22,1,38.00,89.99,1
3367,14,1,32.00,79.99,1
3367,16,2,41.00,94.99,1
3367,17,1,7.50,19.99,1
3368,1,5,5.10,9.99,1
3368,9,1,4.20,11.99,1
3369,15,1,28.00,69.99,1
3370,1,6,5.10,9.99,1
3370,9,1,4.20,11.99,1
3371,45,2,55.00,129.99,1
3372,15,1,28.00,69.99,1
3372,17,1,7.50,19.99,1
3373,4,2,11.50,24.99,1
3373,8,1,18.00,44.99,1
3374,23,6,8.50,19.99,1
3375,5,1,9.40,19.99,1
3376,4,2,11.50,24.99,1
3377,3,6,6.20,12.99,1
3378,11,1,9.80,27.99,1
3379,11,1,9.80,27.99,1
3379,12,1,8.60,29.99,1
3380,22,2,38.00,89.99,1
3381,2,6,5.10,9.99,1
3381,9,1,4.20,11.99,1
3382,4,2,11.50,24.99,1
3382,5,1,9.40,19.99,1
3382,29,1,85.00,199.99,1
3383,15,1,28.00,69.99,1
3384,34,1,26.00,64.99,1
3385,3,6,6.20,12.99,1
3386,2,6,5.10,9.99,1
3386,9,1,4.20,11.99,1
3388,1,6,5.10,9.99,1
3388,5,1,9.40,19.99,1
3388,9,1,4.20,11.99,1
3389,8,1,18.00,44.99,1
3389,11,1,9.80,27.99,1
3389,12,1,8.60,29.99,1
3390,15,1,28.00,69.99,1
3392,2,5,5.10,9.99,1
3392,9,1,4.20,11.99,1
3393,42,1,85.00,189.99,1
3393,43,1,12.00,29.99,1
3394,3,6,6.20,12.99,1
3394,46,1,24.00,59.99,1
3395,8,1,18.00,44.99,1
3396,14,1,32.00,79.99,1
3396,16,2,41.00,94.99,1
3397,4,2,11.50,24.99,1
3397,8,1,18.00,44.99,1
3398,4,2,11.50,24.99,1
3398,30,1,160.00,349.99,1
3398,32,1,28.00,64.99,1
3399,45,1,55.00,129.99,1
3400,5,1,9.40,19.99,1
3400,11,1,9.80,27.99,1
3400,12,1,8.60,29.99,1
3401,8,1,18.00,44.99,1
3401,11,1,9.80,27.99,1
3401,12,1,8.60,29.99,1
3402,1,6,5.10,9.99,1
3402,9,1,4.20,11.99,1
3404,2,5,5.10,9.99,1
3404,9,1,4.20,11.99,1
3404,11,1,9.80,27.99,1
3405,7,2,38.00,89.99,1
3405,27,1,6.00,17.99,1
3406,42,1,85.00,189.99,1
3406,43,1,12.00,29.99,1
3407,2,6,5.10,9.99,1
3407,9,1,4.20,11.99,1
3408,2,6,5.10,9.99,1
3408,9,1,4.20,11.99,1
3409,21,1,120.00,259.99,1
3410,1,5,5.10,9.99,1
3410,9,1,4.20,11.99,1
3411,4,1,11.50,24.99,1
3411,31,1,22.00,54.99,1
3412,14,1,32.00,79.99,1
3412,16,2,41.00,94.99,1
3412,17,1,7.50,19.99,1
3413,1,6,5.10,9.99,1
3413,9,1,4.20,11.99,1
3414,15,1,28.00,69.99,1
3414,17,1,7.50,19.99,1
3415,2,6,5.10,9.99,1
3415,9,1,4.20,11.99,1
3416,14,1,32.00,79.99,1
3416,16,2,41.00,94.99,1
3416,17,1,7.50,19.99,1
3417,1,6,5.10,9.99,1
3417,9,1,4.20,11.99,1
3418,37,2,95.00,219.99,1
3419,5,1,9.40,19.99,1
3419,15,1,28.00,69.99,1
3420,2,6,5.10,9.99,1
3420,9,1,4.20,11.99,1
3421,4,2,11.50,24.99,1
3421,30,1,160.00,349.99,1
3421,32,1,28.00,64.99,1
3422,15,1,28.00,69.99,1
3422,17,1,7.50,19.99,1
3423,42,1,85.00,189.99,1
3423,43,1,12.00,29.99,1
3424,1,5,5.10,9.99,1
3424,9,1,4.20,11.99,1
3425,23,6,8.50,19.99,1
3427,2,6,5.10,9.99,1
3427,9,1,4.20,11.99,1
3428,15,1,28.00,69.99,1
3429,2,6,5.10,9.99,1
3429,9,1,4.20,11.99,1
3431,22,1,38.00,89.99,1
3432,45,1,55.00,129.99,1
3433,3,6,6.20,12.99,1
3433,5,1,9.40,19.99,1
3433,46,1,24.00,59.99,1
3434,14,1,32.00,79.99,1
3434,16,2,41.00,94.99,1
3434,17,1,7.50,19.99,1
3435,23,6,8.50,19.99,1
3436,2,6,5.10,9.99,1
3436,8,1,18.00,44.99,1
3436,9,1,4.20,11.99,1
3437,4,1,11.50,24.99,1
3437,31,1,22.00,54.99,1
3438,2,6,5.10,9.99,1
3438,9,1,4.20,11.99,1
3439,5,1,9.40,19.99,1
3439,19,1,160.00,269.99,1
3440,5,1,9.40,19.99,1
3440,8,1,18.00,44.99,1
3440,11,1,9.80,27.99,1
3440,12,1,8.60,29.99,1
3441,8,1,18.00,44.99,1
3441,34,1,26.00,64.99,1
3442,4,2,11.50,24.99,1
3443,2,6,5.10,9.99,1
3443,9,1,4.20,11.99,1
3443,19,1,160.00,269.99,1
3444,23,6,8.50,19.99,1
3445,2,5,5.10,9.99,1
3445,9,1,4.20,11.99,1
3446,15,1,28.00,69.99,1
3446,17,1,7.50,19.99,1
3447,2,6,5.10,9.99,1
3447,9,1,4.20,11.99,1
3448,5,1,9.40,19.99,1
3449,2,6,5.10,9.99,1
3449,9,1,4.20,11.99,1
3450,3,6,6.20,12.99,1
3450,5,1,9.40,19.99,1
3450,46,1,24.00,59.99,1
3451,2,6,5.10,9.99,1
3451,9,1,4.20,11.99,1
3451,11,1,9.80,27.99,1
3451,12,1,8.60,29.99,1
3452,8,1,18.00,44.99,1
3453,22,1,38.00,89.99,1
3454,1,5,5.10,9.99,1
3454,8,1,18.00,44.99,1
3454,9,1,4.20,11.99,1
3455,5,1,9.40,19.99,1
3455,11,1,9.80,27.99,1
3455,12,1,8.60,29.99,1
3457,2,6,5.10,9.99,1
3457,9,1,4.20,11.99,1
3458,14,1,32.00,79.99,1
3458,16,2,41.00,94.99,1
3458,17,1,7.50,19.99,1
3459,37,2,95.00,219.99,1
3460,2,6,5.10,9.99,1
3460,9,1,4.20,11.99,1
3460,11,1,9.80,27.99,1
3460,12,1,8.60,29.99,1
3461,5,1,9.40,19.99,1
3462,2,6,5.10,9.99,1
3462,8,1,18.00,44.99,1
3462,9,1,4.20,11.99,1
3463,2,5,5.10,9.99,1
3463,9,1,4.20,11.99,1
3464,2,6,5.10,9.99,1
3464,9,1,4.20,11.99,1
3465,2,6,5.10,9.99,1
3465,9,1,4.20,11.99,1
3466,19,1,160.00,269.99,1
3467,22,2,38.00,89.99,1
3468,34,1,26.00,64.99,1
3469,1,6,5.10,9.99,1
3469,5,1,9.40,19.99,1
3469,9,1,4.20,11.99,1
3470,19,1,160.00,269.99,1
3471,20,1,165.00,329.99,1
3472,1,6,5.10,9.99,1
3472,9,1,4.20,11.99,1
3473,11,1,9.80,27.99,1
3473,12,1,8.60,29.99,1
3473,22,1,38.00,89.99,1
3474,1,5,5.10,9.99,1
3474,9,1,4.20,11.99,1
3475,14,1,32.00,79.99,1
3475,16,2,41.00,94.99,1
3475,17,1,7.50,19.99,1
3476,5,1,9.40,19.99,1
3476,18,1,145.00,249.99,1
3478,1,5,5.10,9.99,1
3478,9,1,4.20,11.99,1
3479,2,6,5.10,9.99,1
3479,9,1,4.20,11.99,1
3480,1,5,5.10,9.99,1
3480,9,1,4.20,11.99,1
3481,2,6,5.10,9.99,1
3481,5,1,9.40,19.99,1
3481,9,1,4.20,11.99,1
3481,11,1,9.80,27.99,1
3481,12,1,8.60,29.99,1
3482,22,2,38.00,89.99,1
3483,2,6,5.10,9.99,1
3483,9,1,4.20,11.99,1
3485,20,1,165.00,329.99,1
3485,35,1,24.00,54.99,1
3486,15,1,28.00,69.99,1
3486,17,1,7.50,19.99,1
3487,2,6,5.10,9.99,1
3487,9,1,4.20,11.99,1
3487,35,1,24.00,54.99,1
3489,8,1,18.00,44.99,1
3489,22,1,38.00,89.99,1
3491,14,1,32.00,79.99,1
3491,16,2,41.00,94.99,1
3492,11,1,9.80,27.99,1
3492,12,1,8.60,29.99,1
3493,11,1,9.80,27.99,1
3493,12,1,8.60,29.99,1
3494,8,1,18.00,44.99,1
3494,20,1,165.00,329.99,0
3494,35,1,24.00,54.99,1
3496,7,2,38.00,89.99,1
3496,27,1,6.00,17.99,1
3497,15,1,28.00,69.99,1
3498,18,1,145.00,249.99,1
3499,35,1,24.00,54.99,1
3500,22,1,38.00,89.99,1
3501,37,2,95.00,0.00,1
3502,41,1,380.00,799.99,0
3502,43,1,12.00,29.99,1
3503,15,1,28.00,69.99,1
3503,17,1,7.50,19.99,1
3504,6,2,14.00,34.99,1
3504,11,1,9.80,27.99,1
3504,12,1,8.60,29.99,1
3504,27,1,6.00,17.99,1
3505,2,6,5.10,9.99,1
3505,9,1,4.20,11.99,1
3506,4,2,11.50,24.99,1
3506,5,1,9.40,19.99,1
3506,29,1,85.00,199.99,1
3507,2,6,5.10,9.99,1
3507,9,1,4.20,11.99,1
3508,15,1,28.00,69.99,1
3508,17,1,7.50,19.99,1
3509,7,2,38.00,89.99,1
3509,27,1,6.00,17.99,1
3510,2,6,5.10,9.99,1
3510,9,1,4.20,11.99,1
3511,19,1,160.00,269.99,1
3512,15,1,28.00,69.99,1
3513,6,2,14.00,34.99,1
3513,25,1,310.00,649.99,1
3513,26,1,32.00,79.99,1
3514,14,1,32.00,79.99,1
3514,16,2,41.00,94.99,1
3514,17,1,7.50,19.99,1
3515,24,1,45.00,119.99,1
3516,8,1,18.00,44.99,1
3516,14,1,32.00,79.99,1
3516,16,2,41.00,94.99,0
3516,17,1,7.50,19.99,1
3517,3,6,6.20,12.99,1
3518,33,1,210.00,449.99,1
3519,2,5,5.10,9.99,1
3519,9,1,4.20,11.99,1
3519,23,4,8.50,19.99,1
3520,8,1,18.00,44.99,1
3520,44,1,180.00,389.99,1
3521,1,5,5.10,9.99,1
3521,9,1,4.20,11.99,1
3522,15,1,28.00,69.99,1
3522,17,1,7.50,19.99,1
3524,1,5,5.10,9.99,1
3524,9,1,4.20,11.99,1
3526,14,1,32.00,79.99,1
3526,16,2,41.00,94.99,1
3527,22,1,38.00,89.99,1
3528,5,1,9.40,19.99,1
3528,42,1,85.00,189.99,1
3528,43,1,12.00,29.99,1
3529,6,2,14.00,34.99,1
3529,27,1,6.00,17.99,1
3530,3,6,6.20,12.99,1
3530,5,1,9.40,19.99,1
3532,11,1,9.80,27.99,1
3532,12,1,8.60,29.99,1
3533,40,2,18.00,44.99,1
3535,1,6,5.10,9.99,1
3535,9,1,4.20,11.99,1
3537,1,6,5.10,9.99,1
3537,8,1,18.00,44.99,1
3537,9,1,4.20,11.99,1
3538,20,1,165.00,329.99,0
3538,35,1,24.00,54.99,1
3539,2,6,5.10,9.99,1
3539,9,1,4.20,11.99,1
3540,7,2,38.00,89.99,1
3540,27,1,6.00,17.99,1
3541,1,5,5.10,9.99,1
3541,5,1,9.40,19.99,1
3541,9,1,4.20,11.99,1
3542,19,1,160.00,269.99,1
3543,14,1,32.00,79.99,1
3543,16,2,41.00,94.99,1
3543,17,1,7.50,19.99,1
3544,2,5,5.10,9.99,1
3544,9,1,4.20,11.99,1
3545,11,1,9.80,27.99,1
3545,12,1,8.60,29.99,1
3545,45,2,55.00,129.99,1
3546,2,6,5.10,9.99,1
3546,9,1,4.20,11.99,1
3547,40,2,18.00,44.99,1
3548,20,1,165.00,329.99,1
3549,11,1,9.80,27.99,1
3550,14,1,32.00,79.99,1
3550,16,2,41.00,94.99,1
3550,17,1,7.50,19.99,1
3551,3,6,6.20,12.99,1
3551,46,1,24.00,59.99,1
3552,8,1,18.00,44.99,1
3552,19,1,160.00,269.99,1
3553,1,5,5.10,9.99,1
3553,9,1,4.20,11.99,1
3554,23,4,8.50,19.99,1
3555,1,6,5.10,9.99,1
3555,10,1,9.50,22.99,1
3555,11,1,9.80,27.99,1
3555,12,1,8.60,29.99,1
3556,22,2,38.00,89.99,1
3557,11,1,9.80,27.99,1
3558,1,6,5.10,9.99,1
3558,9,1,4.20,11.99,1
3558,11,1,9.80,27.99,1
3558,37,2,95.00,219.99,1
3560,35,1,24.00,54.99,1
3561,2,6,5.10,9.99,1
3561,5,1,9.40,19.99,1
3561,9,1,4.20,11.99,1
3562,2,6,5.10,9.99,1
3562,9,1,4.20,11.99,1
3563,19,1,160.00,0.00,1
3564,19,1,160.00,269.99,1
3565,11,1,9.80,27.99,1
3565,12,1,8.60,29.99,1
3565,14,1,32.00,79.99,1
3565,16,2,41.00,94.99,1
3565,17,1,7.50,19.99,1
3566,15,1,28.00,69.99,1
3568,11,1,9.80,27.99,1
3568,12,1,8.60,29.99,1
3568,33,1,210.00,449.99,1
3569,14,1,32.00,79.99,1
3569,16,2,41.00,94.99,1
3569,17,1,7.50,19.99,1
3570,22,1,38.00,89.99,1
3571,22,1,38.00,89.99,1
3573,14,1,32.00,79.99,1
3573,16,2,41.00,94.99,1
3573,17,1,7.50,19.99,1
3574,3,6,6.20,12.99,1
3574,46,1,24.00,59.99,1
3575,34,1,26.00,64.99,1
3576,22,2,38.00,89.99,1
3577,2,6,5.10,9.99,1
3577,9,1,4.20,11.99,1
3579,7,2,38.00,89.99,1
3579,27,1,6.00,17.99,1
3580,4,2,11.50,24.99,1
3580,30,1,160.00,349.99,1
3581,11,1,9.80,27.99,1
3581,12,1,8.60,29.99,1
3582,2,6,5.10,9.99,1
3582,5,1,9.40,19.99,1
3582,8,1,18.00,44.99,1
3582,9,1,4.20,11.99,1
3583,37,2,95.00,219.99,1
3585,36,1,55.00,129.99,1
3586,5,1,9.40,19.99,1
3587,2,6,5.10,9.99,1
3587,9,1,4.20,11.99,1
3588,4,2,11.50,24.99,1
3588,30,1,160.00,349.99,1
3588,32,1,28.00,64.99,1
3589,4,2,11.50,24.99,1
3590,24,1,45.00,119.99,1
3591,2,6,5.10,9.99,1
3591,9,1,4.20,11.99,1
3592,8,1,18.00,44.99,1
3593,2,6,5.10,9.99,1
3593,9,1,4.20,11.99,1
3594,2,6,5.10,9.99,1
3594,9,1,4.20,11.99,1
3596,47,1,240.00,499.99,0
3597,15,1,28.00,69.99,1
3598,24,1,45.00,119.99,1
3599,1,5,5.10,9.99,1
3599,9,1,4.20,11.99,1
3599,23,4,8.50,19.99,1
3600,14,1,32.00,79.99,1
3600,16,2,41.00,94.99,1
3600,17,1,7.50,19.99,1
3601,36,1,55.00,129.99,1
3602,2,6,5.10,9.99,1
3602,9,1,4.20,11.99,1
3603,7,2,38.00,89.99,1
3603,27,1,6.00,17.99,1
3604,8,1,18.00,44.99,1
3605,2,6,5.10,9.99,1
3605,9,1,4.20,11.99,1
3607,23,8,8.50,19.99,1
3608,38,1,68.00,159.99,1
3610,15,1,28.00,69.99,1
3611,47,1,240.00,499.99,0
3612,37,2,95.00,219.99,1
3614,2,6,5.10,9.99,1
3614,9,1,4.20,11.99,1
3614,33,1,210.00,449.99,1
3615,35,1,24.00,54.99,1
3616,22,1,38.00,89.99,1
3617,24,1,45.00,119.99,1
3620,15,1,28.00,69.99,1
3622,8,1,18.00,44.99,1
3622,37,2,95.00,219.99,1
3623,23,6,8.50,19.99,1
3624,2,5,5.10,9.99,1
3624,9,1,4.20,11.99,1
3625,14,1,32.00,79.99,1
3625,16,2,41.00,94.99,1
3625,17,1,7.50,19.99,1
3626,2,6,5.10,9.99,1
3626,9,1,4.20,11.99,1
3627,2,6,5.10,9.99,1
3627,9,1,4.20,11.99,1
3628,34,1,26.00,64.99,1
3630,14,1,32.00,79.99,1
3630,16,2,41.00,94.99,1
3630,17,1,7.50,19.99,1
3631,23,6,8.50,19.99,1
3632,14,1,32.00,79.99,1
3632,16,2,41.00,94.99,1
3632,17,1,7.50,19.99,1
3633,3,6,6.20,12.99,1
3633,46,1,24.00,59.99,1
3636,2,6,5.10,9.99,1
3636,9,1,4.20,11.99,1
3637,5,1,9.40,19.99,1
3639,1,6,5.10,9.99,1
3639,9,1,4.20,11.99,1
3640,35,1,24.00,0.00,1
3641,14,1,32.00,79.99,1
3641,16,2,41.00,94.99,1
3641,17,1,7.50,19.99,1
3642,14,1,32.00,79.99,1
3642,16,2,41.00,94.99,1
3643,3,10,6.20,12.99,1
3643,48,1,420.00,899.99,0
3644,8,1,18.00,44.99,1
3644,11,1,9.80,27.99,1
3644,12,1,8.60,29.99,1
3645,14,1,32.00,79.99,1
3645,16,2,41.00,94.99,0
3645,17,1,7.50,19.99,1
3646,20,1,165.00,329.99,1
3646,35,1,24.00,54.99,1
3647,11,1,9.80,27.99,1
3648,3,6,6.20,12.99,1
3649,11,1,9.80,27.99,1
3649,12,1,8.60,29.99,1
3651,44,1,180.00,389.99,1
3652,14,1,32.00,79.99,1
3652,16,2,41.00,94.99,0
3652,17,1,7.50,19.99,1
3653,14,1,32.00,79.99,1
3653,16,2,41.00,94.99,0
3654,4,2,11.50,24.99,1
3654,5,1,9.40,19.99,1
3654,8,1,18.00,44.99,1
3654,29,1,85.00,199.99,1
3655,21,1,120.00,259.99,1
3656,5,1,9.40,19.99,1
3656,15,1,28.00,69.99,1
3657,4,2,11.50,24.99,1
3657,30,1,160.00,349.99,1
3658,22,4,38.00,89.99,1
3659,2,6,5.10,9.99,1
3659,9,1,4.20,11.99,1
3659,15,1,28.00,69.99,1
3659,17,1,7.50,19.99,1
3660,1,6,5.10,9.99,1
3660,9,1,4.20,11.99,1
3660,14,1,32.00,79.99,1
3660,16,2,41.00,94.99,0
3660,17,1,7.50,19.99,1
3661,14,1,32.00,79.99,1
3661,16,2,41.00,94.99,0
3662,2,6,5.10,9.99,1
3662,9,1,4.20,11.99,1
3662,11,1,9.80,27.99,1
3663,2,6,5.10,9.99,1
3663,9,1,4.20,11.99,1
3664,19,1,160.00,269.99,1
3666,35,1,24.00,0.00,1
3667,1,5,5.10,9.99,1
3667,9,1,4.20,11.99,1
3668,23,8,8.50,19.99,1
3669,22,1,38.00,89.99,1
3670,18,1,145.00,249.99,1
3671,15,1,28.00,0.00,1
3672,18,1,145.00,249.99,1
3673,1,5,5.10,9.99,1
3673,9,1,4.20,11.99,1
3674,14,1,32.00,79.99,1
3674,16,2,41.00,94.99,1
3675,2,6,5.10,9.99,1
3675,9,1,4.20,11.99,1
3676,37,2,95.00,219.99,1
3677,19,1,160.00,269.99,1
3678,42,1,85.00,189.99,1
3678,43,1,12.00,29.99,1
3679,1,7,5.10,9.99,1
3679,10,1,9.50,22.99,1
3681,1,5,5.10,9.99,1
3681,9,1,4.20,11.99,1
3681,15,1,28.00,69.99,1
3682,1,7,5.10,9.99,1
3682,10,1,9.50,22.99,1
3683,19,1,160.00,269.99,1
3684,11,1,9.80,27.99,1
3684,12,1,8.60,29.99,1
3685,2,6,5.10,9.99,1
3685,8,1,18.00,44.99,1
3685,9,1,4.20,11.99,1
3686,2,6,5.10,9.99,1
3686,5,1,9.40,19.99,1
3686,9,1,4.20,11.99,1
3687,1,6,5.10,9.99,1
3687,9,1,4.20,11.99,1
3688,1,5,5.10,9.99,1
3688,9,1,4.20,11.99,1
3689,1,5,5.10,9.99,1
3689,9,1,4.20,11.99,1
3690,11,1,9.80,27.99,1
3690,12,1,8.60,29.99,1
3690,34,1,26.00,64.99,1
3691,36,1,55.00,129.99,1
3692,2,6,5.10,9.99,1
3692,9,1,4.20,11.99,1
3693,1,6,5.10,9.99,1
3693,9,1,4.20,11.99,1
3695,2,6,5.10,9.99,1
3695,9,1,4.20,11.99,1
3696,14,1,32.00,79.99,1
3696,16,2,41.00,94.99,1
3696,17,1,7.50,19.99,1
3698,14,1,32.00,79.99,1
3698,16,2,41.00,94.99,1
3698,17,1,7.50,19.99,1
3699,5,1,9.40,19.99,1
3700,22,1,38.00,89.99,1
3701,5,1,9.40,19.99,1
3702,2,6,5.10,9.99,1
3702,9,1,4.20,11.99,1
3703,2,6,5.10,9.99,1
3703,9,1,4.20,11.99,1
3704,2,6,5.10,9.99,1
3704,9,1,4.20,11.99,1
3704,11,1,9.80,27.99,1
3705,14,1,32.00,79.99,1
3705,16,2,41.00,94.99,1
3705,17,1,7.50,19.99,1
3706,23,6,8.50,0.00,1
3707,5,1,9.40,19.99,1
3707,6,2,14.00,34.99,1
3707,27,1,6.00,17.99,1
3708,1,6,5.10,9.99,1
3708,9,1,4.20,11.99,1
3709,1,6,5.10,9.99,1
3709,9,1,4.20,11.99,1
3709,11,1,9.80,27.99,1
3709,12,1,8.60,29.99,1
3710,2,5,5.10,9.99,1
3710,9,1,4.20,11.99,1
3711,1,5,5.10,9.99,1
3711,9,1,4.20,11.99,1
3712,5,1,9.40,19.99,1
3713,33,1,210.00,449.99,1
3714,20,1,165.00,329.99,1
3715,11,1,9.80,27.99,1
3715,12,1,8.60,29.99,1
3715,33,1,210.00,449.99,1
3716,5,1,9.40,19.99,1
3716,14,1,32.00,79.99,1
3716,16,2,41.00,94.99,1
3716,17,1,7.50,19.99,1
3717,2,6,5.10,9.99,1
3717,9,1,4.20,11.99,1
3718,41,1,380.00,799.99,0
3718,43,1,12.00,29.99,1
3719,11,1,9.80,27.99,1
3719,12,1,8.60,29.99,1
3719,20,1,165.00,329.99,1
3720,2,6,5.10,9.99,1
3720,9,1,4.20,11.99,1
3720,14,1,32.00,79.99,1
3720,16,2,41.00,94.99,1
3720,17,1,7.50,19.99,1
3721,1,6,5.10,9.99,1
3721,9,1,4.20,11.99,1
3723,11,1,9.80,27.99,1
3723,12,1,8.60,29.99,1
3723,23,8,8.50,19.99,1
3724,1,6,5.10,9.99,1
3724,10,1,9.50,22.99,1
3724,15,1,28.00,69.99,1
3724,17,1,7.50,19.99,1
3725,15,1,28.00,69.99,1
3726,2,6,5.10,9.99,1
3726,9,1,4.20,11.99,1
3727,2,6,5.10,9.99,1
3727,9,1,4.20,11.99,1
3729,14,1,32.00,79.99,1
3729,16,2,41.00,94.99,1
3730,18,1,145.00,249.99,1
3733,8,1,18.00,44.99,1
3733,15,1,28.00,69.99,1
3733,17,1,7.50,19.99,1
3734,14,1,32.00,79.99,1
3734,16,2,41.00,94.99,1
3735,40,2,18.00,44.99,1
3736,4,1,11.50,24.99,1
3736,31,1,22.00,54.99,1
3737,15,1,28.00,69.99,1
3737,17,1,7.50,19.99,1
3738,1,5,5.10,9.99,1
3738,5,1,9.40,19.99,1
3738,9,1,4.20,11.99,1
3739,23,8,8.50,19.99,1
3740,2,5,5.10,9.99,1
3740,4,2,11.50,24.99,1
3740,9,1,4.20,11.99,1
3742,38,1,68.00,159.99,1
3742,39,1,22.00,54.99,1
3743,14,1,32.00,79.99,1
3743,16,2,41.00,94.99,1
3743,17,1,7.50,19.99,1
3744,1,5,5.10,9.99,1
3744,9,1,4.20,11.99,1
3745,5,1,9.40,19.99,1
3746,2,5,5.10,9.99,1
3746,8,1,18.00,44.99,1
3746,9,1,4.20,11.99,1
3747,19,1,160.00,269.99,1
3748,2,6,5.10,9.99,1
3748,5,1,9.40,19.99,1
3748,9,1,4.20,11.99,1
3750,15,1,28.00,69.99,1
3751,2,5,5.10,9.99,1
3751,9,1,4.20,11.99,1
3752,1,5,5.10,9.99,1
3752,9,1,4.20,11.99,1
3754,15,1,28.00,69.99,1
3755,3,6,6.20,12.99,1
3755,5,1,9.40,19.99,1
3756,23,8,8.50,0.00,1
3757,11,1,9.80,27.99,1
3757,33,1,210.00,449.99,1
3758,18,1,145.00,249.99,1
3759,3,6,6.20,12.99,1
3759,11,1,9.80,27.99,1
3759,46,1,24.00,59.99,1
3760,23,8,8.50,19.99,1
3761,1,6,5.10,9.99,1
3761,10,1,9.50,22.99,1
3762,24,1,45.00,119.99,1
3763,8,1,18.00,44.99,1
3764,45,2,55.00,129.99,1
3765,5,1,9.40,19.99,1
3765,21,1,120.00,259.99,1
3766,19,1,160.00,269.99,1
3767,18,1,145.00,249.99,1
3768,2,6,5.10,9.99,1
3768,9,1,4.20,11.99,1
3769,2,6,5.10,9.99,1
3769,9,1,4.20,11.99,1
3771,1,7,5.10,9.99,1
3771,10,1,9.50,22.99,1
3772,5,1,9.40,19.99,1
3772,15,1,28.00,69.99,1
3773,2,6,5.10,9.99,1
3773,9,1,4.20,11.99,1
3774,33,1,210.00,449.99,1
3775,1,5,5.10,9.99,1
3775,9,1,4.20,11.99,1
3777,1,6,5.10,9.99,1
3777,9,1,4.20,11.99,1
3779,14,1,32.00,79.99,1
3779,16,2,41.00,94.99,1
3779,17,1,7.50,19.99,1
3780,38,1,68.00,159.99,1
3780,39,1,22.00,54.99,1
3781,11,1,9.80,27.99,1
3781,12,1,8.60,29.99,1
3781,14,1,32.00,79.99,1
3781,16,2,41.00,94.99,1
3781,17,1,7.50,19.99,1
3782,40,2,18.00,44.99,1
3783,8,1,18.00,44.99,1
3784,2,6,5.10,9.99,1
3784,9,1,4.20,11.99,1
3785,5,1,9.40,19.99,1
3785,14,1,32.00,79.99,1
3785,16,2,41.00,94.99,1
3785,17,1,7.50,19.99,1
3786,33,1,210.00,449.99,1
3787,23,8,8.50,19.99,1
3788,40,2,18.00,44.99,1
3789,1,6,5.10,9.99,1
3789,9,1,4.20,11.99,1
3790,15,1,28.00,69.99,1
3791,1,6,5.10,9.99,1
3791,9,1,4.20,11.99,1
3792,2,6,5.10,9.99,1
3792,9,1,4.20,11.99,1
3793,8,1,18.00,44.99,1
3796,37,2,95.00,219.99,1
3797,34,1,26.00,64.99,1
3798,1,5,5.10,9.99,1
3798,9,1,4.20,11.99,1
3799,4,2,11.50,24.99,1
3800,14,1,32.00,79.99,1
3800,16,2,41.00,94.99,1
3801,6,2,14.00,34.99,1
3801,27,1,6.00,17.99,1
3802,45,2,55.00,129.99,1
3803,2,6,5.10,9.99,1
3803,9,1,4.20,11.99,1
3804,24,1,45.00,119.99,1
3805,1,6,5.10,9.99,1
3805,10,1,9.50,22.99,1
3806,1,5,5.10,9.99,1
3806,9,1,4.20,11.99,1
3807,2,5,5.10,9.99,1
3807,9,1,4.20,11.99,1
3808,23,4,8.50,19.99,1
3809,8,1,18.00,44.99,1
3809,15,1,28.00,69.99,1
3811,2,6,5.10,9.99,1
3811,9,1,4.20,11.99,1
3812,1,5,5.10,9.99,1
3812,9,1,4.20,11.99,1
3812,11,1,9.80,27.99,1
3814,2,6,5.10,9.99,1
3814,9,1,4.20,11.99,1
3815,8,1,18.00,44.99,1
3815,37,2,95.00,219.99,1
3816,42,1,85.00,189.99,1
3816,43,1,12.00,29.99,1
3817,2,6,5.10,9.99,1
3817,9,1,4.20,11.99,1
3818,1,5,5.10,9.99,1
3818,9,1,4.20,11.99,1
3819,14,1,32.00,79.99,1
3819,16,2,41.00,94.99,1
3819,17,1,7.50,19.99,1
3820,8,1,18.00,44.99,1
3821,20,1,165.00,329.99,1
3822,6,2,14.00,34.99,1
3822,27,1,6.00,17.99,1
3823,1,6,5.10,9.99,1
3823,9,1,4.20,11.99,1
3823,11,1,9.80,27.99,1
3823,12,1,8.60,29.99,1
3824,2,6,5.10,9.99,1
3824,9,1,4.20,11.99,1
3825,11,1,9.80,27.99,1
3825,36,1,55.00,129.99,1
3826,21,1,120.00,259.99,1
3827,2,6,5.10,9.99,1
3827,9,1,4.20,11.99,1
3828,15,1,28.00,69.99,1
3828,17,1,7.50,19.99,1
3829,2,6,5.10,9.99,1
3829,5,1,9.40,19.99,1
3829,9,1,4.20,11.99,1
3830,8,1,18.00,44.99,1
3831,1,5,5.10,9.99,1
3831,9,1,4.20,11.99,1
3833,8,1,18.00,44.99,1
3834,14,1,32.00,79.99,1
3834,16,2,41.00,94.99,1
3834,17,1,7.50,19.99,1
3835,1,6,5.10,9.99,1
3835,9,1,4.20,11.99,1
3836,4,2,11.50,24.99,1
3836,30,1,160.00,349.99,1
3836,32,1,28.00,64.99,1
3837,15,1,28.00,69.99,1
3838,1,5,5.10,9.99,1
3838,9,1,4.20,11.99,1
3839,11,1,9.80,27.99,1
3839,15,1,28.00,69.99,1
3840,22,1,38.00,89.99,1
3841,1,5,5.10,9.99,1
3841,9,1,4.20,11.99,1
3842,1,5,5.10,9.99,1
3842,9,1,4.20,11.99,1
3842,11,1,9.80,27.99,1
3842,12,1,8.60,29.99,1
3843,20,1,165.00,329.99,1
3843,35,1,24.00,54.99,1
3845,2,5,5.10,9.99,1
3845,9,1,4.20,11.99,1
3846,22,2,38.00,89.99,1
3848,2,6,5.10,9.99,1
3848,9,1,4.20,11.99,1
3849,3,6,6.20,12.99,1
3850,8,1,18.00,44.99,1
3851,1,5,5.10,9.99,1
3851,9,1,4.20,11.99,1
3852,4,2,11.50,24.99,1
3853,23,4,8.50,0.00,1
3854,42,1,85.00,189.99,1
3854,43,1,12.00,29.99,1
3856,4,1,11.50,24.99,1
3856,31,1,22.00,54.99,1
3857,8,1,18.00,44.99,1
3858,1,6,5.10,9.99,1
3858,9,1,4.20,11.99,1
3859,38,1,68.00,159.99,1
3860,1,5,5.10,9.99,1
3860,9,1,4.20,11.99,1
3861,14,1,32.00,79.99,1
3861,16,2,41.00,94.99,1
3862,1,5,5.10,9.99,1
3862,8,1,18.00,44.99,1
3862,9,1,4.20,11.99,1
3863,14,1,32.00,79.99,1
3863,16,2,41.00,94.99,1
3864,20,1,165.00,329.99,1
3864,35,1,24.00,54.99,1
3865,8,1,18.00,44.99,1
3865,41,1,380.00,799.99,0
3865,43,1,12.00,29.99,1
3866,15,1,28.00,69.99,1
3866,17,1,7.50,19.99,1
3867,2,5,5.10,9.99,1
3867,8,1,18.00,44.99,1
3867,9,1,4.20,11.99,1
3868,2,5,5.10,9.99,1
3868,9,1,4.20,11.99,1
3868,24,1,45.00,119.99,1
3869,41,1,380.00,799.99,0
3869,43,1,12.00,29.99,1
3870,15,1,28.00,0.00,1
3871,41,1,380.00,799.99,0
3871,43,1,12.00,29.99,1
3872,8,1,18.00,44.99,1
3872,14,1,32.00,79.99,1
3872,16,2,41.00,94.99,1
3872,17,1,7.50,19.99,1
3873,1,5,5.10,9.99,1
3873,9,1,4.20,11.99,1
3874,11,1,9.80,27.99,1
3874,12,1,8.60,29.99,1
3874,38,1,68.00,159.99,1
3874,39,1,22.00,54.99,1
3875,8,1,18.00,44.99,1
3875,24,1,45.00,119.99,1
3876,4,1,11.50,24.99,1
3876,31,1,22.00,54.99,1
3877,11,1,9.80,27.99,1
3879,2,6,5.10,9.99,1
3879,9,1,4.20,11.99,1
3880,1,5,5.10,9.99,1
3880,4,2,11.50,24.99,1
3880,9,1,4.20,11.99,1
3881,1,5,5.10,9.99,1
3881,8,1,18.00,44.99,1
3881,9,1,4.20,11.99,1
3882,2,6,5.10,9.99,1
3882,8,1,18.00,44.99,1
3882,9,1,4.20,11.99,1
3883,4,2,11.50,24.99,1
3883,30,1,160.00,349.99,1
3884,33,1,210.00,449.99,1
3885,38,1,68.00,159.99,1
3886,4,2,11.50,24.99,1
3886,30,1,160.00,349.99,1
3887,19,1,160.00,269.99,1
3888,1,6,5.10,9.99,1
3888,9,1,4.20,11.99,1
3889,45,4,55.00,129.99,1
3890,23,6,8.50,19.99,1
3891,2,5,5.10,9.99,1
3891,9,1,4.20,11.99,1
3892,2,6,5.10,9.99,1
3892,9,1,4.20,11.99,1
3893,8,1,18.00,44.99,1
3893,19,1,160.00,269.99,1
3894,24,1,45.00,119.99,1
3895,21,1,120.00,259.99,1
3896,23,6,8.50,19.99,1
3897,2,6,5.10,9.99,1
3897,9,1,4.20,11.99,1
3899,1,5,5.10,9.99,1
3899,9,1,4.20,11.99,1
3900,2,6,5.10,9.99,1
3900,5,1,9.40,19.99,1
3900,9,1,4.20,11.99,1
3901,23,8,8.50,19.99,1
3902,23,6,8.50,19.99,1
3903,1,6,5.10,9.99,1
3903,9,1,4.20,11.99,1
3904,15,1,28.00,0.00,1
3904,17,1,7.50,0.00,1
3905,5,1,9.40,19.99,1
3906,8,1,18.00,44.99,1
3907,34,1,26.00,64.99,1
3908,41,1,380.00,799.99,0
3908,43,1,12.00,29.99,1
3909,2,6,5.10,9.99,1
3909,9,1,4.20,11.99,1
3910,34,1,26.00,64.99,1
3911,19,1,160.00,269.99,1
3912,1,5,5.10,9.99,1
3912,9,1,4.20,11.99,1
3913,14,1,32.00,0.00,1
3913,16,2,41.00,0.00,1
3913,17,1,7.50,0.00,1
3914,11,1,9.80,27.99,1
3914,12,1,8.60,29.99,1
3915,2,5,5.10,9.99,1
3915,9,1,4.20,11.99,1
3916,1,6,5.10,9.99,1
3916,9,1,4.20,11.99,1
3917,4,2,11.50,24.99,1
3919,11,1,9.80,27.99,1
3919,12,1,8.60,29.99,1
3920,15,1,28.00,69.99,1
3921,1,6,5.10,9.99,1
3921,8,1,18.00,44.99,1
3921,9,1,4.20,11.99,1
3921,14,1,32.00,79.99,1
3921,16,2,41.00,94.99,1
3922,4,1,11.50,24.99,1
3922,31,1,22.00,54.99,1
3923,1,6,5.10,9.99,1
3923,9,1,4.20,11.99,1
3924,8,1,18.00,44.99,1
3925,5,1,9.40,19.99,1
3926,11,1,9.80,27.99,1
3926,12,1,8.60,29.99,1
3927,14,1,32.00,79.99,1
3927,16,2,41.00,94.99,1
3927,17,1,7.50,19.99,1
3928,20,1,165.00,329.99,1
3928,35,1,24.00,54.99,1
3929,1,6,5.10,9.99,1
3929,9,1,4.20,11.99,1
3930,5,1,9.40,19.99,1
3930,21,1,120.00,259.99,1
3931,1,5,5.10,9.99,1
3931,5,1,9.40,19.99,1
3931,9,1,4.20,11.99,1
3932,35,1,24.00,54.99,1
3933,2,6,5.10,9.99,1
3933,9,1,4.20,11.99,1
3934,2,6,5.10,9.99,1
3934,9,1,4.20,11.99,1
3934,24,1,45.00,119.99,1
3936,8,1,18.00,44.99,1
3936,19,1,160.00,269.99,1
3939,14,1,32.00,79.99,1
3939,16,2,41.00,94.99,1
3939,17,1,7.50,19.99,1
3940,15,1,28.00,69.99,1
3941,1,5,5.10,9.99,1
3941,5,1,9.40,19.99,1
3941,9,1,4.20,11.99,1
3941,38,1,68.00,159.99,1
3941,39,1,22.00,54.99,1
3942,45,2,57.75,135.19,1
3943,2,6,5.30,10.39,1
3943,9,1,4.37,12.47,1
3944,8,1,18.72,46.79,1
3944,34,1,27.30,67.59,1
3945,2,6,5.30,10.39,1
3945,3,6,6.45,13.51,1
3945,9,1,4.37,12.47,1
3946,23,4,9.27,20.79,1
3947,3,6,6.45,13.51,1
3947,5,1,9.78,20.79,1
3948,1,7,5.30,10.39,1
3948,10,1,9.88,23.91,1
3949,41,1,399.00,831.99,0
3949,43,1,12.60,31.19,1
3950,2,6,5.30,10.39,1
3950,9,1,4.37,12.47,1
3951,1,5,5.30,10.39,1
3951,9,1,4.37,12.47,1
3952,1,5,5.30,10.39,1
3952,8,1,18.72,46.79,1
3952,9,1,4.37,12.47,1
3954,20,1,179.85,343.19,1
3954,35,1,25.20,57.19,1
3955,11,1,10.39,29.11,1
3955,12,1,9.12,31.19,1
3956,2,6,5.30,10.39,1
3956,9,1,4.37,12.47,1
3957,2,6,5.30,10.39,1
3957,8,1,18.72,46.79,1
3957,9,1,4.37,12.47,1
3958,2,5,5.30,10.39,1
3958,9,1,4.37,12.47,1
3958,20,1,179.85,343.19,1
3959,24,1,49.05,124.79,1
3960,34,1,27.30,67.59,1
3961,2,6,5.30,10.39,1
3961,5,1,9.78,20.79,1
3961,9,1,4.37,12.47,1
3961,14,1,33.92,83.19,1
3961,16,2,43.46,98.79,1
3961,17,1,7.95,20.79,1
3962,14,1,33.92,83.19,1
3962,16,2,43.46,98.79,1
3962,17,1,7.95,20.79,1
3963,5,1,9.78,20.79,1
3964,2,6,5.30,10.39,1
3964,9,1,4.37,12.47,1
3965,2,6,5.30,10.39,1
3965,9,1,4.37,12.47,1
3966,33,1,220.50,467.99,1
3967,20,1,179.85,343.19,0
3968,19,1,174.40,280.79,1
3969,8,1,18.72,46.79,1
3971,5,1,9.78,20.79,1
3971,38,1,71.40,166.39,1
3972,2,6,5.30,10.39,1
3972,9,1,4.37,12.47,1
3973,20,1,179.85,343.19,0
3974,1,7,5.30,10.39,1
3974,10,1,9.88,23.91,1
3975,14,1,33.92,83.19,1
3975,16,2,43.46,98.79,1
3976,19,1,174.40,280.79,1
3977,14,1,33.92,83.19,1
3977,16,2,43.46,98.79,1
3977,17,1,7.95,20.79,1
3979,4,2,11.96,25.99,1
3980,4,2,11.96,25.99,1
3980,29,1,90.95,207.99,1
3981,33,1,220.50,467.99,1
3982,1,5,5.30,10.39,1
3982,9,1,4.37,12.47,1
3983,19,1,174.40,280.79,1
3984,2,6,5.30,10.39,1
3984,9,1,4.37,12.47,1
3985,14,1,33.92,83.19,1
3985,16,2,43.46,98.79,1
3985,17,1,7.95,20.79,1
3986,19,1,174.40,280.79,0
3987,1,6,5.30,10.39,1
3987,9,1,4.37,12.47,1
3988,1,5,5.30,10.39,1
3988,5,1,9.78,20.79,1
3988,9,1,4.37,12.47,1
3989,2,6,5.30,10.39,1
3989,9,1,4.37,12.47,1
3990,24,1,49.05,124.79,1
3991,5,1,9.78,20.79,1
3992,34,1,27.30,67.59,1
3993,8,1,18.72,46.79,1
3994,1,6,5.30,10.39,1
3994,9,1,4.37,12.47,1
3996,2,6,5.30,10.39,1
3996,9,1,4.37,12.47,1
3996,19,1,174.40,280.79,0
3998,5,1,9.78,20.79,1
3998,11,1,10.39,29.11,1
3998,12,1,9.12,31.19,1
3999,5,1,9.78,20.79,1
3999,8,1,18.72,46.79,1
3999,34,1,27.30,67.59,1
4000,14,1,33.92,83.19,1
4000,16,2,43.46,98.79,1
4000,17,1,7.95,20.79,1
4001,5,1,9.78,20.79,1
4001,8,1,18.72,46.79,1
4002,2,6,5.30,10.39,1
4002,9,1,4.37,12.47,1
4003,14,1,33.92,83.19,1
4003,16,2,43.46,98.79,0
4003,17,1,7.95,20.79,1
4004,1,5,5.30,10.39,1
4004,9,1,4.37,12.47,1
4005,2,6,5.30,10.39,1
4005,9,1,4.37,12.47,1
4007,19,1,174.40,280.79,0
4008,23,4,9.27,20.79,1
4010,1,6,5.30,10.39,1
4010,10,1,9.88,23.91,1
4011,2,5,5.30,10.39,1
4011,9,1,4.37,12.47,1
4011,23,4,9.27,20.79,1
4012,1,5,5.30,10.39,1
4012,9,1,4.37,12.47,1
4013,8,1,18.72,46.79,1
4014,1,6,5.30,10.39,1
4014,10,1,9.88,23.91,1
4015,2,5,5.30,10.39,1
4015,9,1,4.37,12.47,1
4017,20,1,179.85,343.19,1
4018,22,1,41.42,93.59,1
4019,38,1,71.40,166.39,1
4020,2,6,5.30,10.39,1
4020,9,1,4.37,12.47,1
4021,14,1,33.92,83.19,1
4021,16,2,43.46,98.79,1
4021,17,1,7.95,20.79,1
4023,2,6,5.30,10.39,1
4023,5,1,9.78,20.79,1
4023,9,1,4.37,12.47,1
4023,11,1,10.39,29.11,1
4023,12,1,9.12,31.19,1
4024,2,5,5.30,10.39,1
4024,9,1,4.37,12.47,1
4025,14,1,33.92,83.19,1
4025,16,2,43.46,98.79,1
4025,17,1,7.95,20.79,1
4026,34,1,27.30,67.59,1
4027,8,1,18.72,46.79,1
4027,22,2,41.42,93.59,1
4028,8,1,18.72,46.79,1
4028,38,1,71.40,166.39,1
4028,39,1,23.10,57.19,1
4029,1,6,5.30,10.39,1
4029,10,1,9.88,23.91,1
4030,15,1,29.68,72.79,1
4031,1,5,5.30,10.39,1
4031,5,1,9.78,20.79,1
4031,9,1,4.37,12.47,1
4032,5,1,9.78,20.79,1
4033,1,7,5.30,10.39,1
4033,10,1,9.88,23.91,1
4034,4,2,11.96,25.99,1
4034,29,1,90.95,207.99,1
4035,1,6,5.30,10.39,1
4035,5,1,9.78,20.79,1
4035,9,1,4.37,12.47,1
4036,14,1,33.92,83.19,1
4036,16,2,43.46,98.79,1
4036,17,1,7.95,20.79,1
4037,38,1,71.40,166.39,1
4038,15,1,29.68,72.79,1
4039,23,4,9.27,20.79,1
4040,2,6,5.30,10.39,1
4040,9,1,4.37,12.47,1
4041,45,2,57.75,135.19,1
4042,3,6,6.45,13.51,1
4042,8,1,18.72,46.79,1
4043,23,4,9.27,20.79,1
4044,8,1,18.72,46.79,1
4045,8,1,18.72,46.79,1
4046,2,6,5.30,10.39,1
4046,9,1,4.37,12.47,1
4047,2,5,5.30,10.39,1
4047,9,1,4.37,12.47,1
4047,18,1,158.05,259.99,1
4048,5,1,9.78,20.79,1
4049,2,6,5.30,10.39,1
4049,9,1,4.37,12.47,1
4049,41,1,399.00,831.99,0
4049,43,1,12.60,31.19,1
4050,2,6,5.30,10.39,1
4050,9,1,4.37,12.47,1
4051,11,1,10.39,29.11,1
4051,12,1,9.12,31.19,1
4051,14,1,33.92,83.19,1
4051,16,2,43.46,98.79,1
4051,17,1,7.95,20.79,1
4052,2,6,5.30,10.39,1
4052,9,1,4.37,12.47,1
4053,15,1,29.68,72.79,1
4054,42,1,89.25,197.59,1
4054,43,1,12.60,31.19,1
4055,37,2,99.75,228.79,1
4056,8,1,18.72,46.79,1
4056,38,1,71.40,166.39,1
4057,2,6,5.30,10.39,1
4057,9,1,4.37,12.47,1
4058,4,1,11.96,25.99,1
4058,31,1,23.54,57.19,1
4059,35,1,25.20,57.19,1
4061,2,6,5.30,10.39,1
4061,9,1,4.37,12.47,1
4062,1,5,5.30,10.39,1
4062,9,1,4.37,12.47,1
4063,11,1,10.39,29.11,1
4063,12,1,9.12,31.19,1
4064,21,1,130.80,270.39,1
4065,3,10,6.45,13.51,1
4065,8,1,18.72,46.79,1
4065,48,1,441.00,935.99,0
4065,49,1,68.25,155.99,1
4066,1,5,5.30,10.39,1
4066,9,1,4.37,12.47,1
4067,1,5,5.30,10.39,1
4067,9,1,4.37,12.47,1
4068,8,1,18.72,46.79,1
4069,35,1,25.20,57.19,1
4070,1,5,5.30,10.39,1
4070,9,1,4.37,12.47,1
4071,35,1,25.20,57.19,1
4072,14,1,33.92,83.19,1
4072,16,2,43.46,98.79,1
4072,17,1,7.95,20.79,1
4073,1,5,5.30,10.39,1
4073,9,1,4.37,12.47,1
4074,22,1,41.42,93.59,1
4075,14,1,33.92,83.19,1
4075,16,2,43.46,98.79,1
4075,17,1,7.95,20.79,1
4076,1,5,5.30,10.39,1
4076,5,1,9.78,20.79,1
4076,9,1,4.37,12.47,1
4078,8,1,18.72,46.79,1
4078,45,1,57.75,135.19,1
4079,1,7,5.30,10.39,1
4079,10,1,9.88,23.91,1
4081,1,5,5.30,10.39,1
4081,9,1,4.37,12.47,1
4081,13,1,14.84,38.47,1
4081,44,1,189.00,405.59,1
4082,8,1,18.72,46.79,1
4082,34,1,27.30,67.59,1
4083,15,1,29.68,72.79,1
4084,42,1,89.25,197.59,1
4084,43,1,12.60,31.19,1
4085,5,1,9.78,20.79,1
4086,22,1,41.42,93.59,1
4087,11,1,10.39,29.11,1
4087,12,1,9.12,31.19,1
4090,15,1,29.68,72.79,1
4091,2,6,5.30,10.39,1
4091,9,1,4.37,12.47,1
4092,1,5,5.30,10.39,1
4092,9,1,4.37,12.47,1
4093,2,5,5.30,10.39,1
4093,9,1,4.37,12.47,1
4094,1,5,5.30,10.39,1
4094,9,1,4.37,12.47,1
4094,11,1,10.39,29.11,1
4094,12,1,9.12,31.19,1
4095,1,5,5.30,10.39,1
4095,9,1,4.37,12.47,1
4095,11,1,10.39,29.11,1
4095,12,1,9.12,31.19,1
4096,5,1,9.78,20.79,1
4097,15,1,29.68,72.79,1
4099,34,1,27.30,67.59,1
4100,5,1,9.78,20.79,1
4100,11,1,10.39,29.11,1
4100,12,1,9.12,31.19,1
4101,11,1,10.39,29.11,1
4101,12,1,9.12,31.19,1
4101,38,1,71.40,166.39,1
4103,7,2,39.52,93.59,1
4103,27,1,6.42,18.71,1
4104,1,6,5.30,10.39,1
4104,10,1,9.88,23.91,1
4105,2,6,5.30,10.39,1
4105,9,1,4.37,12.47,1
4106,22,1,41.42,93.59,1
4107,7,2,39.52,93.59,1
4107,27,1,6.42,18.71,1
4108,1,5,5.30,10.39,1
4108,9,1,4.37,12.47,1
4110,1,5,5.30,10.39,1
4110,9,1,4.37,12.47,1
4111,2,6,5.30,10.39,1
4111,9,1,4.37,12.47,1
4112,1,5,5.30,10.39,1
4112,9,1,4.37,12.47,1
4112,18,1,158.05,259.99,1
4113,20,1,179.85,0.00,1
4114,5,1,9.78,20.79,1
4114,38,1,71.40,166.39,1
4114,39,1,23.10,57.19,1
4115,3,10,6.45,13.51,1
4115,48,1,441.00,935.99,0
4115,49,1,68.25,155.99,1
4117,5,1,9.78,20.79,1
4119,38,1,71.40,166.39,1
4120,22,2,41.42,93.59,1
4121,2,6,5.30,10.39,1
4121,5,1,9.78,20.79,1
4121,9,1,4.37,12.47,1
4122,1,6,5.30,10.39,1
4122,10,1,9.88,23.91,1
4123,3,10,6.45,13.51,1
4123,8,1,18.72,46.79,1
4123,48,1,441.00,935.99,0
4124,1,5,5.30,10.39,1
4124,9,1,4.37,12.47,1
4125,4,1,11.96,25.99,1
4125,31,1,23.54,57.19,1
4126,2,5,5.30,10.39,1
4126,9,1,4.37,12.47,1
4127,8,1,18.72,46.79,1
4128,5,1,9.78,20.79,1
4128,24,1,49.05,124.79,1
4129,14,1,33.92,83.19,1
4129,16,2,43.46,98.79,1
4129,17,1,7.95,20.79,1
4130,5,1,9.78,20.79,1
4131,1,5,5.30,10.39,1
4131,9,1,4.37,12.47,1
4132,3,6,6.45,13.51,1
4132,46,1,25.20,62.39,1
4133,11,1,10.39,29.11,1
4133,12,1,9.12,31.19,1
4134,41,1,399.00,831.99,0
4134,43,1,12.60,31.19,1
4135,3,6,6.45,13.51,1
4135,46,1,25.20,62.39,1
4136,19,1,174.40,280.79,1
4137,14,1,33.92,0.00,1
4137,16,2,43.46,0.00,1
4137,17,1,7.95,0.00,1
4138,20,1,179.85,343.19,1
4139,11,1,10.39,29.11,1
4139,12,1,9.12,31.19,1
4140,1,7,5.30,10.39,1
4140,10,1,9.88,23.91,1
4141,23,4,9.27,20.79,1
4142,42,1,89.25,197.59,1
4142,43,1,12.60,31.19,1
4143,1,5,5.30,10.39,1
4143,9,1,4.37,12.47,1
4144,14,1,33.92,83.19,1
4144,16,2,43.46,98.79,0
4144,17,1,7.95,20.79,1
4145,15,1,29.68,72.79,1
4145,17,1,7.95,20.79,1
4146,14,1,33.92,83.19,1
4146,16,2,43.46,98.79,0
4147,11,1,10.39,29.11,1
4148,5,1,9.78,20.79,1
4149,14,1,33.92,83.19,1
4149,16,2,43.46,98.79,0
4150,1,5,5.30,10.39,1
4150,9,1,4.37,12.47,1
4151,8,1,18.72,46.79,1
4151,22,1,41.42,93.59,1
4152,19,1,174.40,280.79,1
4153,23,4,9.27,20.79,1
4154,22,1,41.42,93.59,1
4155,5,1,9.78,20.79,1
4156,14,1,33.92,83.19,1
4156,16,2,43.46,98.79,1
4156,17,1,7.95,20.79,1
4157,5,1,9.78,20.79,1
4157,15,1,29.68,72.79,1
4158,6,2,14.56,36.39,1
4158,27,1,6.42,18.71,1
4159,1,6,5.30,10.39,1
4159,9,1,4.37,12.47,1
4159,11,1,10.39,29.11,1
4159,12,1,9.12,31.19,1
4160,1,7,5.30,10.39,1
4160,10,1,9.88,23.91,1
4160,11,1,10.39,29.11,1
4161,1,5,5.30,10.39,1
4161,8,1,18.72,46.79,1
4161,9,1,4.37,12.47,1
4162,2,6,5.30,10.39,1
4162,5,1,9.78,20.79,1
4162,9,1,4.37,12.47,1
4163,19,1,174.40,280.79,1
4164,15,1,29.68,72.79,1
4165,41,1,399.00,831.99,0
4165,43,1,12.60,31.19,1
4166,34,1,27.30,67.59,1
4167,20,1,179.85,343.19,1
4168,22,1,41.42,93.59,1
4169,11,1,10.39,29.11,1
4169,12,1,9.12,31.19,1
4169,21,1,130.80,270.39,1
4170,18,1,158.05,259.99,1
4172,8,1,18.72,46.79,1
4172,11,1,10.39,29.11,1
4172,12,1,9.12,31.19,1
4173,15,1,29.68,72.79,1
4173,17,1,7.95,20.79,1
4174,4,2,11.96,25.99,1
4175,2,6,5.30,10.39,1
4175,9,1,4.37,12.47,1
4176,23,4,9.27,20.79,1
4177,19,1,174.40,280.79,1
4178,2,6,5.30,10.39,1
4178,5,1,9.78,20.79,1
4178,9,1,4.37,12.47,1
4179,1,5,5.30,10.39,1
4179,9,1,4.37,12.47,1
4180,2,6,5.30,10.39,1
4180,9,1,4.37,12.47,1
4181,2,6,5.30,10.39,1
4181,5,1,9.78,20.79,1
4181,9,1,4.37,12.47,1
4182,40,2,18.90,46.79,1
4183,34,1,27.30,67.59,1
4184,1,6,5.30,10.39,1
4184,8,1,18.72,46.79,1
4184,9,1,4.37,12.47,1
4185,11,1,10.39,29.11,1
4186,1,5,5.30,10.39,1
4186,5,1,9.78,20.79,1
4186,9,1,4.37,12.47,1
4187,14,1,33.92,83.19,1
4187,16,2,43.46,98.79,1
4188,2,6,5.30,10.39,1
4188,9,1,4.37,12.47,1
4189,14,1,33.92,83.19,1
4189,16,2,43.46,98.79,1
4189,17,1,7.95,20.79,1
4190,1,5,5.30,10.39,1
4190,9,1,4.37,12.47,1
4191,2,6,5.30,10.39,1
4191,9,1,4.37,12.47,1
4192,19,1,174.40,280.79,1
4193,8,1,18.72,46.79,1
4193,23,6,9.27,20.79,1
4194,1,6,5.30,10.39,1
4194,9,1,4.37,12.47,1
4195,6,2,14.56,36.39,1
4195,25,1,331.70,675.99,1
4195,26,1,34.24,83.19,1
4196,14,1,33.92,83.19,1
4196,16,2,43.46,98.79,1
4196,17,1,7.95,20.79,1
4197,2,6,5.30,10.39,1
4197,9,1,4.37,12.47,1
4198,35,1,25.20,57.19,1
4199,38,1,71.40,166.39,1
4200,8,1,18.72,46.79,1
4201,2,6,5.30,10.39,1
4201,9,1,4.37,12.47,1
4202,2,6,5.30,10.39,1
4202,9,1,4.37,12.47,1
4203,1,6,5.30,10.39,1
4203,9,1,4.37,12.47,1
4204,14,1,33.92,83.19,1
4204,16,2,43.46,98.79,0
4204,17,1,7.95,20.79,1
4205,5,1,9.78,20.79,1
4205,14,1,33.92,83.19,1
4205,16,2,43.46,98.79,0
4205,17,1,7.95,20.79,1
4206,11,1,10.39,29.11,1
4206,12,1,9.12,31.19,1
4208,1,5,5.30,10.39,1
4208,9,1,4.37,12.47,1
4209,8,1,18.72,46.79,1
4210,11,1,10.39,29.11,1
4210,12,1,9.12,31.19,1
4211,47,1,252.00,519.99,0
4212,2,6,5.30,10.39,1
4212,9,1,4.37,12.47,1
4213,11,1,10.39,29.11,1
4213,12,1,9.12,31.19,1
4213,41,1,399.00,831.99,0
4213,43,1,12.60,31.19,1
4215,14,1,33.92,83.19,1
4215,16,2,43.46,98.79,0
4217,5,1,9.78,20.79,1
4218,8,1,18.72,46.79,1
4219,21,1,130.80,270.39,1
4220,1,6,5.30,10.39,1
4220,8,1,18.72,46.79,1
4220,9,1,4.37,12.47,1
4221,19,1,174.40,280.79,1
4222,4,2,11.96,25.99,1
4223,15,1,29.68,72.79,1
4224,1,5,5.30,10.39,1
4224,5,1,9.78,20.79,1
4224,9,1,4.37,12.47,1
4225,2,6,5.30,10.39,1
4225,9,1,4.37,12.47,1
4227,44,1,189.00,405.59,1
4228,2,6,5.30,10.39,1
4228,9,1,4.37,12.47,1
4229,8,1,18.72,46.79,1
4229,19,1,174.40,280.79,1
4231,2,6,5.30,10.39,1
4231,9,1,4.37,12.47,1
4232,2,6,5.30,10.39,1
4232,9,1,4.37,12.47,1
4233,19,1,174.40,280.79,1
4234,2,5,5.30,10.39,1
4234,9,1,4.37,12.47,1
4235,17,1,7.95,0.00,1
4236,11,1,10.39,29.11,1
4236,12,1,9.12,31.19,1
4236,21,1,130.80,270.39,1
4237,11,1,10.39,29.11,1
4237,12,1,9.12,31.19,1
4237,35,1,25.20,57.19,1
4239,20,1,179.85,343.19,1
4240,23,6,9.27,20.79,1
4243,2,6,5.30,10.39,1
4243,9,1,4.37,12.47,1
4243,35,1,25.20,57.19,1
4244,14,1,33.92,83.19,1
4244,16,2,43.46,98.79,1
4244,17,1,7.95,20.79,1
4246,19,1,174.40,280.79,1
4247,33,1,220.50,467.99,1
4248,2,6,5.30,10.39,1
4248,9,1,4.37,12.47,1
4249,15,1,29.68,72.79,1
4249,17,1,7.95,20.79,1
4250,11,1,10.39,29.11,1
4250,12,1,9.12,31.19,1
4251,1,6,5.30,10.39,1
4251,9,1,4.37,12.47,1
4252,11,1,10.39,29.11,1
4252,12,1,9.12,31.19,1
4253,11,1,10.39,29.11,1
4253,12,1,9.12,31.19,1
4253,19,1,174.40,280.79,1
4254,2,6,5.30,10.39,1
4254,9,1,4.37,12.47,1
4255,19,1,174.40,280.79,0
4256,2,6,5.30,10.39,1
4256,9,1,4.37,12.47,1
4257,2,6,5.30,10.39,1
4257,9,1,4.37,12.47,1
4258,2,5,5.30,10.39,1
4258,5,1,9.78,20.79,1
4258,9,1,4.37,12.47,1
4258,18,1,158.05,259.99,1
4259,35,1,25.20,57.19,1
4260,7,2,39.52,93.59,1
4260,25,1,331.70,675.99,1
4260,26,1,34.24,83.19,1
4262,2,6,5.30,10.39,1
4262,9,1,4.37,12.47,1
4263,2,6,5.30,10.39,1
4263,9,1,4.37,12.47,1
4265,15,1,29.68,72.79,1
4265,17,1,7.95,20.79,1
4266,2,6,5.30,10.39,1
4266,9,1,4.37,12.47,1
4267,1,5,5.30,10.39,1
4267,9,1,4.37,12.47,1
4268,1,6,5.30,10.39,1
4268,10,1,9.88,23.91,1
4269,5,1,9.78,20.79,1
4270,38,1,71.40,166.39,1
4270,39,1,23.10,57.19,1
4271,2,6,5.30,10.39,1
4271,5,1,9.78,20.79,1
4271,9,1,4.37,12.47,1
4272,4,2,11.96,25.99,1
4272,30,1,171.20,363.99,1
4272,32,1,29.96,67.59,1
4273,1,6,5.30,10.39,1
4273,9,1,4.37,12.47,1
4274,8,1,18.72,46.79,1
4274,11,1,10.39,29.11,1
4274,12,1,9.12,31.19,1
4275,44,1,189.00,405.59,1
4276,11,1,10.39,29.11,1
4276,12,1,9.12,31.19,1
4277,11,1,10.39,29.11,1
4277,12,1,9.12,31.19,1
4278,15,1,29.68,72.79,1
4279,2,6,5.30,10.39,1
4279,9,1,4.37,12.47,1
4280,7,2,39.52,93.59,1
4280,27,1,6.42,18.71,1
4281,1,6,5.30,10.39,1
4281,10,1,9.88,23.91,1
4281,11,1,10.39,29.11,1
4281,12,1,9.12,31.19,1
4282,1,5,5.30,10.39,1
4282,9,1,4.37,12.47,1
4283,8,1,18.72,46.79,1
4285,35,1,25.20,57.19,1
4286,15,1,29.68,72.79,1
4286,17,1,7.95,20.79,1
4287,1,6,5.30,10.39,1
4287,9,1,4.37,12.47,1
4289,2,6,5.30,10.39,1
4289,9,1,4.37,12.47,1
4290,14,1,33.92,83.19,1
4290,16,2,43.46,98.79,1
4290,17,1,7.95,20.79,1
4291,15,1,29.68,72.79,1
4293,24,1,49.05,0.00,1
4295,14,1,33.92,83.19,1
4295,16,2,43.46,98.79,1
4295,17,1,7.95,20.79,1
4296,19,1,174.40,280.79,1
4297,5,1,9.78,20.79,1
4298,7,2,39.52,93.59,1
4298,25,1,331.70,675.99,1
4298,26,1,34.24,83.19,1
4299,4,2,11.96,25.99,1
4300,11,1,10.39,29.11,1
4300,12,1,9.12,31.19,1
4301,40,2,18.90,46.79,1
4302,4,2,11.96,25.99,1
4302,8,1,18.72,46.79,1
4302,29,1,90.95,207.99,1
4303,8,1,18.72,46.79,1
4303,11,1,10.39,29.11,1
4303,21,1,130.80,270.39,1
4304,42,1,89.25,197.59,1
4304,43,1,12.60,31.19,1
4305,14,1,33.92,0.00,1
4307,18,1,158.05,259.99,1
4308,1,7,5.30,10.39,1
4308,10,1,9.88,23.91,1
4309,19,1,174.40,280.79,1
4310,34,1,27.30,67.59,1
4311,14,1,33.92,83.19,1
4311,16,2,43.46,98.79,1
4311,17,1,7.95,20.79,1
4312,19,1,174.40,280.79,1
4313,5,1,9.78,20.79,1
4314,40,2,18.90,46.79,1
4315,1,6,5.30,10.39,1
4315,9,1,4.37,12.47,1
4316,1,5,5.30,10.39,1
4316,9,1,4.37,12.47,1
4317,14,1,33.92,83.19,1
4317,16,2,43.46,98.79,1
4318,3,6,6.45,13.51,1
4318,46,1,25.20,62.39,1
4319,1,6,5.30,10.39,1
4319,9,1,4.37,12.47,1
4320,7,2,39.52,93.59,1
4320,27,1,6.42,18.71,1
4322,35,1,25.20,0.00,1
4323,1,5,5.30,10.39,1
4323,9,1,4.37,12.47,1
4324,1,6,5.30,10.39,1
4324,10,1,9.88,23.91,1
4325,38,1,71.40,166.39,1
4326,2,6,5.30,10.39,1
4326,9,1,4.37,12.47,1
4328,8,1,18.72,46.79,1
4328,15,1,29.68,72.79,1
4328,17,1,7.95,20.79,1
4329,2,6,5.30,10.39,1
4329,9,1,4.37,12.47,1
4332,2,6,5.30,10.39,1
4332,9,1,4.37,12.47,1
4333,33,1,220.50,467.99,1
4334,13,1,14.84,38.47,1
4334,44,1,189.00,405.59,1
4335,7,2,39.52,93.59,1
4335,27,1,6.42,18.71,1
4336,14,1,33.92,83.19,1
4336,16,2,43.46,98.79,1
4338,14,1,33.92,83.19,1
4338,16,2,43.46,98.79,1
4338,17,1,7.95,20.79,1
4340,2,6,5.30,10.39,1
4340,9,1,4.37,12.47,1
4341,11,1,10.39,29.11,1
4341,12,1,9.12,31.19,1
4342,2,6,5.30,10.39,1
4342,8,1,18.72,46.79,1
4342,9,1,4.37,12.47,1
4343,38,1,71.40,166.39,1
4343,39,1,23.10,57.19,1
4344,11,1,10.39,29.11,1
4344,12,1,9.12,31.19,1
4344,20,1,179.85,343.19,1
4344,35,1,25.20,57.19,1
4346,3,6,6.45,13.51,1
4348,4,2,11.96,25.99,1
4349,1,6,5.30,10.39,1
4349,9,1,4.37,12.47,1
4350,1,5,5.30,10.39,1
4350,9,1,4.37,12.47,1
4352,1,6,5.30,10.39,1
4352,9,1,4.37,12.47,1
4353,2,6,5.30,10.39,1
4353,9,1,4.37,12.47,1
4354,4,2,11.96,25.99,1
4355,22,1,41.42,93.59,1
4356,19,1,174.40,280.79,1
4357,15,1,29.68,72.79,1
4357,17,1,7.95,20.79,1
4358,2,6,5.30,10.39,1
4358,9,1,4.37,12.47,1
4359,2,6,5.30,10.39,1
4359,5,1,9.78,20.79,1
4359,9,1,4.37,12.47,1
4360,2,5,5.30,10.39,1
4360,9,1,4.37,12.47,1
4360,11,1,10.39,29.11,1
4360,12,1,9.12,31.19,1
4361,11,1,10.39,29.11,1
4362,14,1,33.92,83.19,1
4362,16,2,43.46,98.79,1
4362,17,1,7.95,20.79,1
4365,2,6,5.30,10.39,1
4365,9,1,4.37,12.47,1
4365,11,1,10.39,29.11,1
4365,12,1,9.12,31.19,1
4367,2,6,5.30,10.39,1
4367,9,1,4.37,12.47,1
4368,8,1,18.72,46.79,1
4368,19,1,174.40,280.79,1
4369,38,1,71.40,166.39,1
4370,5,1,9.78,20.79,1
4371,2,6,5.30,10.39,1
4371,9,1,4.37,12.47,1
4371,11,1,10.39,29.11,1
4371,12,1,9.12,31.19,1
4371,36,1,57.75,135.19,1
4372,23,8,9.27,20.79,1
4374,2,6,5.30,10.39,1
4374,9,1,4.37,12.47,1
4375,2,6,5.30,10.39,1
4375,9,1,4.37,12.47,1
4376,14,1,33.92,83.19,1
4376,16,2,43.46,98.79,1
4376,17,1,7.95,20.79,1
4377,5,1,9.78,20.79,1
4377,23,4,9.27,20.79,1
4378,14,1,33.92,83.19,1
4378,16,2,43.46,98.79,1
4379,8,1,18.72,46.79,1
4379,14,1,33.92,83.19,1
4379,16,2,43.46,98.79,1
4379,17,1,7.95,20.79,1
4380,1,5,5.30,10.39,1
4380,9,1,4.37,12.47,1
4381,19,1,174.40,280.79,1
4382,41,1,399.00,831.99,0
4382,43,1,12.60,31.19,1
4383,3,6,6.45,13.51,1
4383,46,1,25.20,62.39,1
4384,5,1,9.78,20.79,1
4385,8,1,18.72,46.79,1
4385,15,1,29.68,72.79,1
4385,17,1,7.95,20.79,1
4386,2,6,5.30,10.39,1
4386,8,1,18.72,46.79,1
4386,9,1,4.37,12.47,1
4387,4,1,11.96,25.99,1
4387,31,1,23.54,57.19,1
4388,14,1,33.92,83.19,1
4388,16,2,43.46,98.79,1
4388,17,1,7.95,20.79,1
4389,19,1,174.40,280.79,1
4390,1,7,5.30,10.39,1
4390,10,1,9.88,23.91,1
4391,14,1,33.92,83.19,1
4391,16,2,43.46,98.79,1
4391,17,1,7.95,20.79,1
4392,19,1,174.40,280.79,1
4395,21,1,130.80,270.39,1
4396,23,4,9.27,20.79,1
4397,1,5,5.30,10.39,1
4397,8,1,18.72,46.79,1
4397,9,1,4.37,12.47,1
4398,2,6,5.30,10.39,1
4398,9,1,4.37,12.47,1
4400,14,1,33.92,83.19,1
4400,16,2,43.46,98.79,1
4400,17,1,7.95,20.79,1
4401,3,10,6.45,13.51,1
4401,48,1,441.00,935.99,0
4401,49,1,68.25,155.99,1
4402,2,6,5.30,10.39,1
4402,9,1,4.37,12.47,1
4404,14,1,33.92,83.19,1
4404,16,2,43.46,98.79,1
4404,17,1,7.95,20.79,1
4405,4,2,11.96,25.99,1
4406,24,1,49.05,124.79,1
4407,1,5,5.30,10.39,1
4407,9,1,4.37,12.47,1
4408,35,1,25.20,57.19,1
4409,11,1,10.39,29.11,1
4409,12,1,9.12,31.19,1
4411,11,1,10.39,29.11,1
4412,1,6,5.30,10.39,1
4412,9,1,4.37,12.47,1
4413,1,5,5.30,10.39,1
4413,9,1,4.37,12.47,1
4415,2,6,5.30,10.39,1
4415,9,1,4.37,12.47,1
4416,21,1,130.80,0.00,1
4417,20,1,179.85,343.19,1
4419,2,6,5.30,10.39,1
4419,8,1,18.72,46.79,1
4419,9,1,4.37,12.47,1
4420,11,1,10.39,29.11,1
4420,12,1,9.12,31.19,1
4421,4,2,11.96,25.99,1
4421,5,1,9.78,20.79,1
4421,29,1,90.95,207.99,1
4422,1,5,5.30,10.39,1
4422,9,1,4.37,12.47,1
4423,2,6,5.30,10.39,1
4423,9,1,4.37,12.47,1
4424,34,1,27.30,67.59,1
4425,13,1,14.84,38.47,1
4425,44,1,189.00,405.59,1
4427,14,1,33.92,83.19,1
4427,16,2,43.46,98.79,1
4427,17,1,7.95,20.79,1
4428,2,6,5.30,10.39,1
4428,5,1,9.78,20.79,1
4428,9,1,4.37,12.47,1
4429,5,1,9.78,20.79,1
4429,34,1,27.30,67.59,1
4430,8,1,18.72,46.79,1
4430,11,1,10.39,29.11,1
4430,12,1,9.12,31.19,1
4431,1,6,5.30,10.39,1
4431,9,1,4.37,12.47,1
4432,19,1,174.40,280.79,1
4433,19,1,174.40,280.79,1
4434,22,1,41.42,93.59,1
4435,19,1,174.40,280.79,0
4436,2,5,5.30,10.39,1
4436,9,1,4.37,12.47,1
4437,5,1,9.78,20.79,1
4437,37,2,99.75,228.79,1
4438,16,2,43.46,0.00,1
4439,11,1,10.39,29.11,1
4439,12,1,9.12,31.19,1
4440,1,6,5.30,10.39,1
4440,9,1,4.37,12.47,1
4441,15,1,29.68,72.79,1
4442,8,1,18.72,46.79,1
4443,2,5,5.30,10.39,1
4443,9,1,4.37,12.47,1
4443,11,1,10.39,29.11,1
4443,12,1,9.12,31.19,1
4444,14,1,33.92,83.19,1
4444,16,2,43.46,98.79,1
4444,17,1,7.95,20.79,1
4445,23,8,9.27,20.79,1
4446,38,1,71.40,166.39,1
4447,2,6,5.30,10.39,1
4447,9,1,4.37,12.47,1
4448,23,8,9.27,20.79,1
4449,3,6,6.45,13.51,1
4449,11,1,10.39,29.11,1
4449,12,1,9.12,31.19,1
4449,46,1,25.20,62.39,1
4450,38,1,71.40,166.39,1
4450,39,1,23.10,57.19,1
4451,2,6,5.30,10.39,1
4451,9,1,4.37,12.47,1
4452,1,6,5.30,10.39,1
4452,9,1,4.37,12.47,1
4453,19,1,174.40,280.79,0
4454,1,5,5.30,10.39,1
4454,9,1,4.37,12.47,1
4455,2,6,5.30,10.39,1
4455,9,1,4.37,12.47,1
4456,2,5,5.30,10.39,1
4456,9,1,4.37,12.47,1
4457,41,1,399.00,831.99,0
4457,43,1,12.60,31.19,1
4459,21,1,130.80,270.39,1
4460,18,1,158.05,259.99,1
4462,2,5,5.30,10.39,1
4462,9,1,4.37,12.47,1
4462,11,1,10.39,29.11,1
4462,12,1,9.12,31.19,1
4463,5,1,9.78,20.79,1
4463,15,1,29.68,72.79,1
4464,23,6,9.27,20.79,1
4466,21,1,130.80,270.39,1
4467,1,6,5.30,10.39,1
4467,9,1,4.37,12.47,1
4468,37,2,99.75,228.79,1
4469,14,1,33.92,83.19,1
4469,16,2,43.46,98.79,1
4469,17,1,7.95,20.79,1
4470,7,2,39.52,93.59,1
4470,27,1,6.42,18.71,1
4471,8,1,18.72,46.79,1
4472,1,6,5.30,10.39,1
4472,4,1,11.96,25.99,1
4472,9,1,4.37,12.47,1
4472,31,1,23.54,57.19,1
4473,2,5,5.30,10.39,1
4473,9,1,4.37,12.47,1
4473,11,1,10.39,29.11,1
4473,12,1,9.12,31.19,1
4475,4,2,11.96,25.99,1
4476,5,1,9.78,20.79,1
4476,42,1,89.25,197.59,1
4476,43,1,12.60,31.19,1
4477,1,6,5.30,10.39,1
4477,10,1,9.88,23.91,1
4478,23,6,9.27,20.79,1
4479,1,6,5.30,10.39,1
4479,9,1,4.37,12.47,1
4479,14,1,33.92,83.19,1
4479,16,2,43.46,98.79,1
4482,19,1,174.40,280.79,1
4484,2,6,5.30,10.39,1
4484,5,1,9.78,20.79,1
4484,9,1,4.37,12.47,1
4484,11,1,10.39,29.11,1
4484,12,1,9.12,31.19,1
4485,15,1,29.68,72.79,1
4485,17,1,7.95,20.79,1
4486,23,4,9.27,20.79,1
4487,37,2,99.75,228.79,1
4488,14,1,33.92,83.19,1
4488,16,2,43.46,98.79,0
4489,11,1,10.39,29.11,1
4489,12,1,9.12,31.19,1
4490,18,1,158.05,259.99,1
4491,2,6,5.30,10.39,1
4491,9,1,4.37,12.47,1
4492,4,2,11.96,25.99,1
4493,1,5,5.30,10.39,1
4493,9,1,4.37,12.47,1
4495,38,1,71.40,166.39,1
4495,39,1,23.10,57.19,1
4496,21,1,130.80,270.39,1
4497,1,5,5.30,10.39,1
4497,9,1,4.37,12.47,1
4499,2,5,5.30,10.39,1
4499,9,1,4.37,12.47,1
4500,34,1,27.30,67.59,1
4501,1,6,5.30,10.39,1
4501,9,1,4.37,12.47,1
4502,38,1,71.40,166.39,1
4502,39,1,23.10,57.19,1
4504,21,1,130.80,270.39,1
4505,24,1,49.05,124.79,1
4506,22,4,41.42,93.59,1
4507,8,1,18.72,46.79,1
4508,1,6,5.30,10.39,1
4508,3,6,6.45,13.51,1
4508,9,1,4.37,12.47,1
4508,46,1,25.20,62.39,1
4509,22,4,41.42,93.59,1
4510,1,5,5.30,10.39,1
4510,9,1,4.37,12.47,1
4511,40,2,18.90,46.79,1
4512,2,6,5.30,10.39,1
4512,9,1,4.37,12.47,1
4513,8,1,18.72,46.79,1
4516,11,1,10.39,29.11,1
4516,12,1,9.12,31.19,1
4517,1,6,5.30,10.39,1
4517,8,1,18.72,46.79,1
4517,9,1,4.37,12.47,1
4519,4,2,11.96,25.99,1
4521,1,5,5.30,10.39,1
4521,9,1,4.37,12.47,1
4522,2,6,5.30,10.39,1
4522,9,1,4.37,12.47,1
4523,8,1,18.72,46.79,1
4524,40,2,18.90,46.79,1
4525,1,6,5.30,10.39,1
4525,9,1,4.37,12.47,1
4526,1,7,5.30,10.39,1
4526,10,1,9.88,23.91,1
4527,1,5,5.30,10.39,1
4527,9,1,4.37,12.47,1
4528,14,1,33.92,83.19,1
4528,16,2,43.46,98.79,1
4528,17,1,7.95,20.79,1
4529,5,1,9.78,20.79,1
4530,1,6,5.30,10.39,1
4530,9,1,4.37,12.47,1
4530,23,6,9.27,20.79,1
4531,5,1,9.78,20.79,1
4532,2,6,5.30,10.39,1
4532,9,1,4.37,12.47,1
4534,40,2,18.90,46.79,1
4535,14,1,33.92,83.19,1
4535,16,2,43.46,98.79,1
4536,17,1,7.95,0.00,1
4538,2,6,5.30,10.39,1
4538,9,1,4.37,12.47,1
4539,1,5,5.30,10.39,1
4539,9,1,4.37,12.47,1
4540,2,6,5.30,10.39,1
4540,9,1,4.37,12.47,1
4541,33,1,220.50,467.99,1
4542,1,5,5.30,10.39,1
4542,9,1,4.37,12.47,1
4543,23,6,9.27,20.79,1
4544,8,1,18.72,46.79,1
4544,19,1,174.40,280.79,1
4546,11,1,10.39,29.11,1
4546,12,1,9.12,31.19,1
4546,20,1,179.85,343.19,1
4546,35,1,25.20,57.19,1
4547,20,1,179.85,343.19,1
4547,35,1,25.20,57.19,1
4548,14,1,33.92,83.19,1
4548,16,2,43.46,98.79,1
4548,17,1,7.95,20.79,1
4549,11,1,10.39,29.11,1
4549,12,1,9.12,31.19,1
4550,2,6,5.30,10.39,1
4550,9,1,4.37,12.47,1
4551,2,6,5.30,10.39,1
4551,9,1,4.37,12.47,1
4552,11,1,10.39,29.11,1
4552,12,1,9.12,31.19,1
4553,19,1,174.40,280.79,1
4554,19,1,174.40,280.79,1
4555,20,1,179.85,343.19,1
4556,11,1,10.39,29.11,1
4556,12,1,9.12,31.19,1
4556,14,1,33.92,83.19,1
4556,16,2,43.46,98.79,1
4557,4,1,11.96,25.99,1
4557,8,1,18.72,46.79,1
4557,31,1,23.54,57.19,1
4558,3,6,6.45,13.51,1
4559,14,1,33.92,83.19,1
4559,16,2,43.46,98.79,0
4559,17,1,7.95,20.79,1
4560,14,1,33.92,83.19,1
4560,16,2,43.46,98.79,0
4560,17,1,7.95,20.79,1
4561,14,1,33.92,83.19,1
4561,16,2,43.46,98.79,0
4562,35,1,25.20,57.19,1
4563,5,1,9.78,20.79,1
4563,14,1,33.92,83.19,1
4563,16,2,43.46,98.79,0
4564,34,1,27.30,67.59,1
4565,2,6,5.30,10.39,1
4565,9,1,4.37,12.47,1
4566,1,6,5.30,10.39,1
4566,9,1,4.37,12.47,1
4568,2,5,5.30,10.39,1
4568,9,1,4.37,12.47,1
4569,14,1,33.92,83.19,0
4569,16,2,43.46,98.79,0
4570,2,6,5.30,10.39,1
4570,9,1,4.37,12.47,1
4571,11,1,10.39,29.11,1
4571,12,1,9.12,31.19,1
4572,14,1,33.92,83.19,0
4572,16,2,43.46,98.79,0
4572,17,1,7.95,20.79,1
4573,11,1,10.39,29.11,1
4573,12,1,9.12,31.19,1
4574,1,6,5.30,10.39,1
4574,8,1,18.72,46.79,1
4574,9,1,4.37,12.47,1
4575,11,1,10.39,29.11,1
4575,12,1,9.12,31.19,1
4575,33,1,220.50,467.99,1
4576,2,6,5.30,10.39,1
4576,9,1,4.37,12.47,1
4577,5,1,9.78,20.79,1
4577,21,1,130.80,270.39,1
4579,5,1,9.78,20.79,1
4579,11,1,10.39,29.11,1
4579,12,1,9.12,31.19,1
4580,1,6,5.30,10.39,1
4580,9,1,4.37,12.47,1
4581,1,6,5.30,10.39,1
4581,8,1,18.72,46.79,1
4581,9,1,4.37,12.47,1
4582,1,6,5.30,10.39,1
4582,9,1,4.37,12.47,1
4583,11,1,10.39,29.11,1
4583,12,1,9.12,31.19,1
4583,35,1,25.20,57.19,1
4584,2,6,5.30,10.39,1
4584,9,1,4.37,12.47,1
4587,8,1,18.72,46.79,1
4588,45,1,57.75,135.19,1
4590,14,1,33.92,83.19,1
4590,16,2,43.46,98.79,1
4592,2,6,5.30,10.39,1
4592,9,1,4.37,12.47,1
4593,23,4,9.27,20.79,1
4594,14,1,33.92,83.19,1
4594,16,2,43.46,98.79,1
4596,8,1,18.72,46.79,1
4596,11,1,10.39,29.11,1
4596,15,1,29.68,72.79,1
4596,17,1,7.95,20.79,1
4597,18,1,158.05,259.99,1
4598,24,1,49.05,124.79,1
4599,36,1,57.75,135.19,1
4600,14,1,33.92,83.19,1
4600,16,2,43.46,98.79,1
4600,17,1,7.95,20.79,1
4601,8,1,18.72,46.79,1
4602,2,6,5.30,10.39,1
4602,9,1,4.37,12.47,1
4603,15,1,29.68,72.79,1
4604,1,5,5.30,10.39,1
4604,9,1,4.37,12.47,1
4605,20,1,179.85,343.19,1
4606,11,1,10.39,29.11,1
4606,12,1,9.12,31.19,1
4607,20,1,179.85,343.19,1
4607,35,1,25.20,57.19,1
4608,5,1,9.78,20.79,1
4608,23,6,9.27,20.79,1
4609,15,1,29.68,72.79,1
4609,17,1,7.95,20.79,1
4610,2,6,5.30,10.39,1
4610,9,1,4.37,12.47,1
4610,11,1,10.39,29.11,1
4610,12,1,9.12,31.19,1
4611,8,1,18.72,46.79,1
4612,37,2,99.75,228.79,1
4613,14,1,33.92,83.19,1
4613,16,2,43.46,98.79,1
4613,17,1,7.95,20.79,1
4614,14,1,33.92,83.19,1
4614,16,2,43.46,98.79,0
4614,17,1,7.95,20.79,1
4615,40,2,18.90,46.79,1
4616,11,1,10.39,29.11,1
4616,12,1,9.12,31.19,1
4616,23,8,9.27,20.79,1
4617,11,1,10.39,29.11,1
4617,12,1,9.12,31.19,1
4617,23,6,9.27,20.79,1
4618,8,1,18.72,46.79,1
4619,34,1,27.30,67.59,1
4620,2,6,5.30,10.39,1
4620,9,1,4.37,12.47,1
4621,1,7,5.30,10.39,1
4621,10,1,9.88,23.91,1
4622,15,1,29.68,72.79,1
4622,17,1,7.95,20.79,1
4623,4,2,11.96,25.99,1
4623,29,1,90.95,207.99,1
4624,3,10,6.45,13.51,1
4624,48,1,441.00,935.99,0
4624,49,1,68.25,155.99,1
4625,8,1,18.72,46.79,1
4625,20,1,179.85,343.19,0
4625,35,1,25.20,57.19,1
4626,47,1,252.00,519.99,0
4627,47,1,252.00,519.99,0
4628,1,5,5.30,10.39,1
4628,9,1,4.37,12.47,1
4629,2,6,5.30,10.39,1
4629,8,1,18.72,46.79,1
4629,9,1,4.37,12.47,1
4630,8,1,18.72,46.79,1
4630,35,1,25.20,57.19,1
4631,4,2,11.96,25.99,1
4632,2,6,5.30,10.39,1
4632,9,1,4.37,12.47,1
4632,11,1,10.39,29.11,1
4632,12,1,9.12,31.19,1
4633,4,1,11.96,25.99,1
4633,31,1,23.54,57.19,1
4634,19,1,174.40,280.79,1
4635,23,4,9.27,20.79,1
4636,37,2,99.75,228.79,1
4638,14,1,33.92,83.19,1
4638,16,2,43.46,98.79,1
4638,17,1,7.95,20.79,1
4639,4,1,11.96,25.99,1
4639,31,1,23.54,57.19,1
4640,2,6,5.30,10.39,1
4640,5,1,9.78,20.79,1
4640,9,1,4.37,12.47,1
4641,23,6,9.27,20.79,1
4642,6,2,14.56,36.39,1
4642,27,1,6.42,18.71,1
4643,1,6,5.30,10.39,1
4643,8,1,18.72,46.79,1
4643,10,1,9.88,23.91,1
4643,40,2,18.90,46.79,1
4644,8,1,18.72,46.79,1
4644,36,1,57.75,135.19,1
4645,22,1,41.42,93.59,1
4646,15,1,29.68,72.79,1
4646,17,1,7.95,20.79,1
4647,14,1,33.92,0.00,1
4647,16,2,43.46,0.00,1
4647,17,1,7.95,0.00,1
4648,8,1,18.72,46.79,1
4649,1,5,5.30,10.39,1
4649,9,1,4.37,12.47,1
4650,3,6,6.45,13.51,1
4650,46,1,25.20,62.39,1
4651,2,6,5.30,10.39,1
4651,9,1,4.37,12.47,1
4652,14,1,33.92,83.19,1
4652,16,2,43.46,98.79,1
4652,17,1,7.95,20.79,1
4653,2,6,5.30,10.39,1
4653,9,1,4.37,12.47,1
4654,40,2,18.90,46.79,1
4656,14,1,33.92,83.19,1
4656,16,2,43.46,98.79,1
4657,11,1,10.39,29.11,1
4657,12,1,9.12,31.19,1
4657,14,1,33.92,83.19,1
4657,16,2,43.46,98.79,0
4657,17,1,7.95,20.79,1
4659,23,6,9.27,20.79,1
4660,2,6,5.30,10.39,1
4660,9,1,4.37,12.47,1
4661,14,1,33.92,83.19,1
4661,16,2,43.46,98.79,0
4661,17,1,7.95,20.79,1
4662,2,6,5.30,10.39,1
4662,9,1,4.37,12.47,1
4662,21,1,130.80,270.39,1
4663,2,6,5.30,10.39,1
4663,8,1,18.72,46.79,1
4663,9,1,4.37,12.47,1
4665,11,1,10.39,29.11,1
4665,40,2,18.90,46.79,1
4666,1,6,5.30,10.39,1
4666,9,1,4.37,12.47,1
4667,14,1,33.92,83.19,1
4667,16,2,43.46,98.79,0
4667,17,1,7.95,20.79,1
4668,2,6,5.30,10.39,1
4668,9,1,4.37,12.47,1
4668,11,1,10.39,29.11,1
4668,12,1,9.12,31.19,1
4669,35,1,25.20,57.19,1
4671,1,7,5.30,10.39,1
4671,10,1,9.88,23.91,1
4672,2,6,5.30,10.39,1
4672,9,1,4.37,12.47,1
4673,14,1,33.92,83.19,1
4673,16,2,43.46,98.79,1
4673,17,1,7.95,20.79,1
4674,4,1,11.96,25.99,1
4674,31,1,23.54,57.19,1
4675,1,5,5.30,10.39,1
4675,9,1,4.37,12.47,1
4676,20,1,179.85,343.19,1
4678,7,2,39.52,93.59,1
4678,26,1,34.24,83.19,1
4678,28,1,155.15,332.79,1
4679,19,1,174.40,280.79,1
4680,14,1,33.92,83.19,1
4680,16,2,43.46,98.79,1
4680,17,1,7.95,20.79,1
4681,20,1,179.85,343.19,1
4681,35,1,25.20,57.19,1
4682,1,5,5.30,10.39,1
4682,5,1,9.78,20.79,1
4682,9,1,4.37,12.47,1
4682,11,1,10.39,29.11,1
4682,12,1,9.12,31.19,1
4683,1,5,5.30,10.39,1
4683,9,1,4.37,12.47,1
4683,21,1,130.80,270.39,1
4684,11,1,10.39,29.11,1
4684,12,1,9.12,31.19,1
4685,14,1,33.92,83.19,1
4685,16,2,43.46,98.79,1
4686,2,6,5.30,10.39,1
4686,9,1,4.37,12.47,1
4687,34,1,27.30,67.59,1
4688,14,1,33.92,83.19,1
4688,16,2,43.46,98.79,1
4688,17,1,7.95,20.79,1
4689,11,1,10.39,29.11,1
4689,12,1,9.12,31.19,1
4690,18,1,158.05,259.99,1
4691,1,6,5.30,10.39,1
4691,9,1,4.37,12.47,1
4692,2,6,5.30,10.39,1
4692,9,1,4.37,12.47,1
4693,5,1,9.78,20.79,1
4694,42,1,89.25,197.59,1
4694,43,1,12.60,31.19,1
4695,1,5,5.30,10.39,1
4695,9,1,4.37,12.47,1
4696,2,6,5.30,10.39,1
4696,9,1,4.37,12.47,1
4697,14,1,33.92,83.19,1
4697,16,2,43.46,98.79,0
4697,17,1,7.95,20.79,1
4699,11,1,10.39,29.11,1
4699,12,1,9.12,31.19,1
4699,15,1,29.68,72.79,1
4700,2,6,5.30,10.39,1
4700,9,1,4.37,12.47,1
4701,14,1,33.92,83.19,1
4701,16,2,43.46,98.79,0
4701,17,1,7.95,20.79,1
4702,1,6,5.30,10.39,1
4702,9,1,4.37,12.47,1
4704,4,2,11.96,25.99,1
4704,29,1,90.95,207.99,1
4705,3,6,6.45,13.51,1
4705,46,1,25.20,62.39,1
4706,24,1,49.05,124.79,1
4707,5,1,9.78,20.79,1
4707,6,2,14.56,36.39,1
4707,25,1,331.70,675.99,1
4707,26,1,34.24,83.19,1
4708,1,6,5.30,10.39,1
4708,9,1,4.37,12.47,1
4709,11,1,10.39,29.11,1
4709,12,1,9.12,31.19,1
4710,2,6,5.30,10.39,1
4710,9,1,4.37,12.47,1
4711,2,5,5.30,10.39,1
4711,9,1,4.37,12.47,1
4712,2,6,5.30,10.39,1
4712,9,1,4.37,12.47,1
4713,1,6,5.30,10.39,1
4713,9,1,4.37,12.47,1
4714,1,5,5.30,10.39,1
4714,4,2,11.96,25.99,1
4714,5,1,9.78,20.79,1
4714,9,1,4.37,12.47,1
4714,29,1,90.95,207.99,1
4715,14,1,33.92,83.19,1
4715,16,2,43.46,98.79,0
4716,4,2,11.96,25.99,1
4717,1,6,5.30,10.39,1
4717,9,1,4.37,12.47,1
4718,18,1,158.05,259.99,1
4719,35,1,25.20,57.19,1
4720,23,8,9.27,20.79,1
4721,1,5,5.30,10.39,1
4721,9,1,4.37,12.47,1
4722,21,1,130.80,270.39,0
4723,41,1,399.00,831.99,0
4723,43,1,12.60,31.19,1
4724,15,1,29.68,72.79,1
4726,3,6,6.45,13.51,1
4727,22,4,41.42,93.59,1
4728,1,5,5.30,10.39,1
4728,9,1,4.37,12.47,1
4729,38,1,71.40,166.39,1
4730,14,1,33.92,83.19,1
4730,16,2,43.46,98.79,1
4731,4,2,11.96,25.99,1
4732,1,7,5.30,10.39,1
4732,10,1,9.88,23.91,1
4733,15,1,29.68,72.79,1
4733,17,1,7.95,20.79,1
4735,1,5,5.30,10.39,1
4735,9,1,4.37,12.47,1
4736,15,1,29.68,72.79,1
4736,17,1,7.95,20.79,1
4737,11,1,10.39,29.11,1
4737,12,1,9.12,31.19,1
4737,34,1,27.30,67.59,1
4739,2,6,5.30,10.39,1
4739,5,1,9.78,20.79,1
4739,9,1,4.37,12.47,1
4740,8,1,18.72,46.79,1
4740,14,1,33.92,83.19,1
4740,16,2,43.46,98.79,1
4741,1,6,5.30,10.39,1
4741,9,1,4.37,12.47,1
4742,14,1,33.92,83.19,1
4742,16,2,43.46,98.79,1
4742,17,1,7.95,20.79,1
4744,15,1,29.68,72.79,1
4745,1,5,5.30,10.39,1
4745,9,1,4.37,12.47,1
4746,24,1,49.05,124.79,1
4747,20,1,179.85,343.19,1
4748,1,6,5.30,10.39,1
4748,9,1,4.37,12.47,1
4749,2,6,5.30,10.39,1
4749,9,1,4.37,12.47,1
4750,14,1,33.92,83.19,1
4750,16,2,43.46,98.79,1
4750,17,1,7.95,20.79,1
4751,1,5,5.30,10.39,1
4751,9,1,4.37,12.47,1
4752,1,6,5.30,10.39,1
4752,10,1,9.88,23.91,1
4753,5,1,9.78,20.79,1
4753,15,1,29.68,72.79,1
4753,17,1,7.95,20.79,1
4755,14,1,33.92,83.19,1
4755,16,2,43.46,98.79,0
4755,17,1,7.95,20.79,1
4756,14,1,33.92,83.19,1
4756,16,2,43.46,98.79,0
4756,17,1,7.95,20.79,1
4757,14,1,33.92,83.19,1
4757,16,2,43.46,98.79,0
4758,19,1,174.40,280.79,1
4759,2,6,5.30,10.39,1
4759,9,1,4.37,12.47,1
4760,5,1,9.78,20.79,1
4761,20,1,179.85,343.19,1
4762,2,6,5.30,10.39,1
4762,5,1,9.78,20.79,1
4762,9,1,4.37,12.47,1
4763,8,1,18.72,46.79,1
4763,11,1,10.39,29.11,1
4763,12,1,9.12,31.19,1
4764,20,1,179.85,343.19,0
4765,1,6,5.30,10.39,1
4765,9,1,4.37,12.47,1
4766,1,6,5.30,10.39,1
4766,9,1,4.37,12.47,1
4767,4,2,11.96,25.99,1
4767,8,1,18.72,46.79,1
4767,29,1,90.95,207.99,1
4768,2,6,5.30,10.39,1
4768,9,1,4.37,12.47,1
4769,2,6,5.30,10.39,1
4769,9,1,4.37,12.47,1
4769,14,1,33.92,83.19,1
4769,16,2,43.46,98.79,1
4770,35,1,25.20,57.19,1
4771,4,1,11.96,25.99,1
4771,31,1,23.54,57.19,1
4772,15,1,29.68,72.79,1
4772,17,1,7.95,20.79,1
4773,8,1,18.72,46.79,1
4773,14,1,33.92,83.19,1
4773,16,2,43.46,98.79,1
4773,17,1,7.95,20.79,1
4774,4,2,11.96,25.99,1
4776,7,2,39.52,93.59,1
4776,27,1,6.42,18.71,1
4777,20,1,179.85,343.19,0
4778,1,5,5.30,10.39,1
4778,9,1,4.37,12.47,1
4778,11,1,10.39,29.11,1
4778,12,1,9.12,31.19,1
4779,2,6,5.30,10.39,1
4779,9,1,4.37,12.47,1
4780,5,1,9.78,20.79,1
4781,5,1,9.78,20.79,1
4781,11,1,10.39,29.11,1
4782,5,1,9.78,20.79,1
4783,8,1,18.72,46.79,1
4784,19,1,174.40,280.79,1
4785,14,1,33.92,83.19,1
4785,16,2,43.46,98.79,1
4785,17,1,7.95,20.79,1
4786,2,6,5.30,10.39,1
4786,9,1,4.37,12.47,1
4787,2,6,5.30,10.39,1
4787,9,1,4.37,12.47,1
4787,41,1,399.00,831.99,0
4787,43,1,12.60,31.19,1
4788,36,1,57.75,135.19,1
4789,14,1,33.92,83.19,1
4789,16,2,43.46,98.79,1
4789,17,1,7.95,20.79,1
4790,1,6,5.30,10.39,1
4790,10,1,9.88,23.91,1
4791,2,5,5.30,10.39,1
4791,9,1,4.37,12.47,1
4791,11,1,10.39,29.11,1
4791,12,1,9.12,31.19,1
4792,2,6,5.30,10.39,1
4792,9,1,4.37,12.47,1
4793,2,5,5.30,10.39,1
4793,9,1,4.37,12.47,1
4793,14,1,33.92,83.19,1
4793,16,2,43.46,98.79,0
4793,17,1,7.95,20.79,1
4794,8,1,18.72,46.79,1
4795,11,1,10.39,29.11,1
4795,12,1,9.12,31.19,1
4796,14,1,33.92,83.19,1
4796,16,2,43.46,98.79,0
4797,19,1,174.40,280.79,1
4798,5,1,9.78,20.79,1
4800,11,1,10.39,29.11,1
4800,12,1,9.12,31.19,1
4800,34,1,27.30,67.59,1
4801,1,6,5.30,10.39,1
4801,10,1,9.88,23.91,1
4802,1,6,5.30,10.39,1
4802,9,1,4.37,12.47,1
4803,1,6,5.30,10.39,1
4803,9,1,4.37,12.47,1
4804,2,5,5.30,10.39,1
4804,9,1,4.37,12.47,1
4806,7,2,39.52,93.59,1
4806,27,1,6.42,18.71,1
4809,37,2,99.75,228.79,1
4810,5,1,9.78,20.79,1
4810,21,1,130.80,270.39,1
4811,22,1,41.42,93.59,1
4812,1,5,5.30,10.39,1
4812,9,1,4.37,12.47,1
4813,14,1,33.92,83.19,1
4813,16,2,43.46,98.79,0
4814,7,2,39.52,93.59,1
4814,26,1,34.24,83.19,1
4814,28,1,155.15,332.79,1
4815,3,10,6.45,13.51,1
4815,48,1,441.00,935.99,0
4816,11,1,10.39,29.11,1
4816,12,1,9.12,31.19,1
4816,14,1,33.92,83.19,1
4816,16,2,43.46,98.79,0
4816,17,1,7.95,20.79,1
4817,2,6,5.30,10.39,1
4817,9,1,4.37,12.47,1
4818,23,6,9.27,20.79,1
4819,2,6,5.30,10.39,1
4819,9,1,4.37,12.47,1
4821,2,6,5.30,10.39,1
4821,5,1,9.78,20.79,1
4821,9,1,4.37,12.47,1
4822,14,1,33.92,83.19,1
4822,16,2,43.46,98.79,1
4823,8,1,18.72,46.79,1
4823,21,1,130.80,270.39,1
4824,23,6,9.27,20.79,1
4825,8,1,18.72,46.79,1
4826,5,1,9.78,20.79,1
4826,11,1,10.39,29.11,1
4826,12,1,9.12,31.19,1
4827,1,6,5.30,10.39,1
4827,9,1,4.37,12.47,1
4827,15,1,29.68,72.79,1
4828,15,1,29.68,72.79,1
4828,17,1,7.95,20.79,1
4829,2,5,5.30,10.39,1
4829,9,1,4.37,12.47,1
4830,6,2,14.56,36.39,1
4830,27,1,6.42,18.71,1
4831,40,2,18.90,46.79,1
4832,8,1,18.72,46.79,1
4832,14,1,33.92,83.19,1
4832,16,2,43.46,98.79,1
4832,17,1,7.95,20.79,1
4836,7,2,39.52,93.59,1
4836,27,1,6.42,18.71,1
4837,33,1,220.50,467.99,1
4838,11,1,10.39,29.11,1
4838,12,1,9.12,31.19,1
4839,1,5,5.30,10.39,1
4839,9,1,4.37,12.47,1
4839,11,1,10.39,29.11,1
4839,12,1,9.12,31.19,1
4840,14,1,33.92,83.19,1
4840,16,2,43.46,98.79,1
4840,17,1,7.95,20.79,1
4841,2,6,5.30,10.39,1
4841,9,1,4.37,12.47,1
4842,2,5,5.30,10.39,1
4842,9,1,4.37,12.47,1
4843,42,1,89.25,197.59,1
4843,43,1,12.60,31.19,1
4844,2,6,5.30,10.39,1
4844,9,1,4.37,12.47,1
4845,8,1,18.72,46.79,1
4845,14,1,33.92,83.19,1
4845,16,2,43.46,98.79,1
4845,17,1,7.95,20.79,1
4846,23,6,9.27,20.79,1
4847,33,1,220.50,467.99,1
4848,14,1,33.92,83.19,1
4848,16,2,43.46,98.79,0
4848,17,1,7.95,20.79,1
4849,2,6,5.30,10.39,1
4849,9,1,4.37,12.47,1
4850,1,6,5.30,10.39,1
4850,9,1,4.37,12.47,1
4851,2,6,5.30,10.39,1
4851,9,1,4.37,12.47,1
4852,20,1,179.85,343.19,1
4852,35,1,25.20,57.19,1
4853,14,1,33.92,83.19,1
4853,16,2,43.46,98.79,0
4853,17,1,7.95,20.79,1
4854,5,1,9.78,20.79,1
4854,8,1,18.72,46.79,1
4855,5,1,9.78,20.79,1
4856,21,1,130.80,270.39,1
4857,11,1,10.39,29.11,1
4858,2,6,5.30,10.39,1
4858,9,1,4.37,12.47,1
4859,14,1,33.92,83.19,1
4859,16,2,43.46,98.79,0
4859,17,1,7.95,20.79,1
4860,7,2,39.52,93.59,1
4860,27,1,6.42,18.71,1
4861,14,1,33.92,83.19,1
4861,16,2,43.46,98.79,0
4861,17,1,7.95,20.79,1
4862,2,5,5.30,10.39,1
4862,9,1,4.37,12.47,1
4863,1,5,5.30,10.39,1
4863,9,1,4.37,12.47,1
4864,4,2,11.96,25.99,1
4865,14,1,33.92,83.19,1
4865,16,2,43.46,98.79,0
4865,17,1,7.95,20.79,1
4866,8,1,18.72,46.79,1
4867,22,1,41.42,93.59,1
4868,11,1,10.39,29.11,1
4868,12,1,9.12,31.19,1
4869,2,6,5.30,10.39,1
4869,9,1,4.37,12.47,1
4870,5,1,9.78,20.79,1
4871,6,2,14.56,36.39,1
4871,27,1,6.42,18.71,1
4872,5,1,9.78,20.79,1
4872,20,1,179.85,343.19,1
4872,35,1,25.20,57.19,1
4873,2,6,5.30,10.39,1
4873,9,1,4.37,12.47,1
4875,11,1,10.39,29.11,1
4876,15,1,29.68,72.79,1
4876,17,1,7.95,20.79,1
4877,20,1,179.85,343.19,0
4880,16,2,43.46,0.00,1
4880,17,1,7.95,0.00,1
4881,2,6,5.30,10.39,1
4881,9,1,4.37,12.47,1
4882,2,6,5.30,10.39,1
4882,9,1,4.37,12.47,1
4883,7,2,39.52,93.59,1
4883,25,1,331.70,675.99,1
4883,26,1,34.24,83.19,1
4884,19,1,174.40,280.79,1
4885,18,1,158.05,259.99,1
4886,1,5,5.30,10.39,1
4886,9,1,4.37,12.47,1
4887,23,4,9.27,20.79,1
4888,5,1,9.78,20.79,1
4889,19,1,174.40,280.79,1
4890,4,2,11.96,25.99,1
4890,30,1,171.20,363.99,1
4890,32,1,29.96,67.59,1
4892,2,6,5.30,10.39,1
4892,9,1,4.37,12.47,1
4892,15,1,29.68,72.79,1
4893,7,2,39.52,93.59,1
4893,27,1,6.42,18.71,1
4894,18,1,158.05,259.99,1
4896,2,6,5.30,10.39,1
4896,8,1,18.72,46.79,1
4896,9,1,4.37,12.47,1
4897,1,5,5.30,10.39,1
4897,9,1,4.37,12.47,1
4898,19,1,174.40,280.79,1
4899,2,6,5.30,10.39,1
4899,5,1,9.78,20.79,1
4899,8,1,18.72,46.79,1
4899,9,1,4.37,12.47,1
4900,20,1,179.85,343.19,1
4901,36,1,57.75,135.19,1
4902,2,5,5.30,10.39,1
4902,9,1,4.37,12.47,1
4903,2,6,5.30,10.39,1
4903,9,1,4.37,12.47,1
4904,7,2,39.52,93.59,1
4904,27,1,6.42,18.71,1
4905,1,6,5.30,10.39,1
4905,10,1,9.88,23.91,1
4908,35,1,25.20,57.19,1
4909,1,5,5.30,10.39,1
4909,9,1,4.37,12.47,1
4909,21,1,130.80,270.39,1
4910,1,6,5.30,10.39,1
4910,9,1,4.37,12.47,1
4911,14,1,33.92,83.19,1
4911,16,2,43.46,98.79,1
4911,17,1,7.95,20.79,1
4912,15,1,29.68,72.79,1
4913,2,6,5.30,10.39,1
4913,9,1,4.37,12.47,1
4914,2,6,5.30,10.39,1
4914,9,1,4.37,12.47,1
4915,2,6,5.30,10.39,1
4915,9,1,4.37,12.47,1
4916,6,2,14.56,36.39,1
4916,27,1,6.42,18.71,1
4917,5,1,9.78,20.79,1
4917,21,1,130.80,270.39,1
4918,2,5,5.30,10.39,1
4918,9,1,4.37,12.47,1
4919,7,2,39.52,93.59,1
4919,27,1,6.42,18.71,1
4920,1,5,5.30,10.39,1
4920,9,1,4.37,12.47,1
4922,2,6,5.30,10.39,1
4922,9,1,4.37,12.47,1
4923,4,1,11.96,25.99,1
4923,31,1,23.54,57.19,1
4924,5,1,9.78,20.79,1
4924,11,1,10.39,29.11,1
4924,14,1,33.92,83.19,1
4924,16,2,43.46,98.79,1
4924,17,1,7.95,20.79,1
4925,14,1,33.92,83.19,1
4925,16,2,43.46,98.79,1
4925,17,1,7.95,20.79,1
4926,19,1,174.40,280.79,1
4927,23,4,9.27,20.79,1
4928,19,1,174.40,280.79,1
4929,7,2,39.52,93.59,1
4929,27,1,6.42,18.71,1
4930,7,2,39.52,93.59,1
4930,27,1,6.42,18.71,1
4931,1,6,5.30,10.39,1
4931,9,1,4.37,12.47,1
4932,23,4,9.27,20.79,1
4933,20,1,179.85,343.19,1
4934,1,5,5.30,10.39,1
4934,8,1,18.72,46.79,1
4934,9,1,4.37,12.47,1
4936,2,6,5.30,10.39,1
4936,9,1,4.37,12.47,1
4937,11,1,10.39,29.11,1
4938,5,1,9.78,20.79,1
4938,7,2,39.52,93.59,1
4938,27,1,6.42,18.71,1
4940,2,5,5.30,10.39,1
4940,9,1,4.37,12.47,1
4942,2,6,5.30,10.39,1
4942,9,1,4.37,12.47,1
4943,11,1,10.39,29.11,1
4943,12,1,9.12,31.19,1
4944,1,5,5.30,10.39,1
4944,9,1,4.37,12.47,1
4945,3,6,6.45,13.51,1
4945,46,1,25.20,62.39,1
4946,34,1,27.30,67.59,1
4947,1,6,5.30,10.39,1
4947,9,1,4.37,12.47,1
4948,14,1,33.92,83.19,1
4948,16,2,43.46,98.79,1
4949,8,1,18.72,46.79,1
4950,2,6,5.30,10.39,1
4950,9,1,4.37,12.47,1
4951,4,2,11.96,25.99,1
4951,29,1,90.95,207.99,1
4952,4,2,11.96,25.99,1
4953,4,2,11.96,25.99,1
4954,1,5,5.30,10.39,1
4954,9,1,4.37,12.47,1
4955,21,1,130.80,270.39,1
4956,19,1,174.40,280.79,1
4957,5,1,9.78,20.79,1
4957,8,1,18.72,46.79,1
4958,4,2,11.96,25.99,1
4958,29,1,90.95,207.99,1
4959,44,1,189.00,405.59,1
4960,14,1,33.92,83.19,1
4960,16,2,43.46,98.79,1
4961,1,6,5.30,10.39,1
4961,5,1,9.78,20.79,1
4961,9,1,4.37,12.47,1
4962,24,1,49.05,124.79,1
4963,14,1,33.92,0.00,1
4963,16,2,43.46,0.00,1
4963,17,1,7.95,0.00,1
4964,23,6,9.27,0.00,1
4965,8,1,18.72,46.79,1
4966,23,6,9.27,20.79,1
4967,21,1,130.80,270.39,1
4968,1,6,5.30,10.39,1
4968,9,1,4.37,12.47,1
4969,11,1,10.39,29.11,1
4969,12,1,9.12,31.19,1
4970,6,2,14.56,36.39,1
4970,27,1,6.42,18.71,1
4971,23,6,9.27,20.79,1
4972,4,2,11.96,25.99,1
4973,1,6,5.30,10.39,1
4973,10,1,9.88,23.91,1
4973,34,1,27.30,67.59,1
4974,4,2,11.96,25.99,1
4974,11,1,10.39,29.11,1
4974,12,1,9.12,31.19,1
4974,30,1,171.20,363.99,1
4975,1,5,5.30,10.39,1
4975,9,1,4.37,12.47,1
4976,5,1,9.78,20.79,1
4977,7,2,39.52,93.59,1
4977,27,1,6.42,18.71,1
4978,8,1,18.72,46.79,1
4978,22,1,41.42,93.59,1
4979,4,2,11.96,25.99,1
4980,2,6,5.30,10.39,1
4980,9,1,4.37,12.47,1
4980,11,1,10.39,29.11,1
4980,12,1,9.12,31.19,1
4981,2,6,5.30,10.39,1
4981,9,1,4.37,12.47,1
4982,11,1,10.39,29.11,1
4982,12,1,9.12,31.19,1
4982,35,1,25.20,57.19,1
4983,2,6,5.30,10.39,1
4983,9,1,4.37,12.47,1
4986,1,5,5.30,10.39,1
4986,9,1,4.37,12.47,1
4987,8,1,18.72,46.79,1
4987,14,1,33.92,83.19,1
4987,16,2,43.46,98.79,1
4988,2,6,5.30,10.39,1
4988,8,1,18.72,46.79,1
4988,9,1,4.37,12.47,1
4989,14,1,33.92,83.19,1
4989,16,2,43.46,98.79,1
4989,17,1,7.95,20.79,1
4990,2,6,5.30,10.39,1
4990,9,1,4.37,12.47,1
4991,5,1,9.78,20.79,1
4991,33,1,220.50,467.99,1
4994,4,2,11.96,25.99,1
4994,11,1,10.39,29.11,1
4994,12,1,9.12,31.19,1
4994,30,1,171.20,363.99,1
4995,14,1,33.92,83.19,1
4995,16,2,43.46,98.79,1
4995,17,1,7.95,20.79,1
4996,11,1,10.39,29.11,1
4996,12,1,9.12,31.19,1
4997,14,1,33.92,83.19,1
4997,16,2,43.46,98.79,1
4997,17,1,7.95,20.79,1
4998,1,5,5.30,10.39,1
4998,9,1,4.37,12.47,1
4999,11,1,10.39,29.11,1
4999,12,1,9.12,31.19,1
5000,2,5,5.30,10.39,1
5000,9,1,4.37,12.47,1
5001,15,1,29.68,72.79,1
5001,17,1,7.95,20.79,1
5003,1,6,5.30,10.39,1
5003,9,1,4.37,12.47,1
5004,2,6,5.30,10.39,1
5004,9,1,4.37,12.47,1
5005,22,4,41.42,93.59,1
5006,1,6,5.30,10.39,1
5006,10,1,9.88,23.91,1
5007,19,1,174.40,280.79,1
5009,11,1,10.39,29.11,1
5009,12,1,9.12,31.19,1
5010,8,1,18.72,46.79,1
5011,1,5,5.30,10.39,1
5011,9,1,4.37,12.47,1
5012,16,2,43.46,0.00,1
5012,17,1,7.95,0.00,1
5013,34,1,27.30,67.59,1
5014,14,1,33.92,83.19,1
5014,16,2,43.46,98.79,0
5014,17,1,7.95,20.79,1
5015,8,1,18.72,46.79,1
5015,19,1,174.40,280.79,1
5016,5,1,9.78,20.79,1
5017,35,1,25.20,57.19,1
5018,1,6,5.30,10.39,1
5018,9,1,4.37,12.47,1
5018,23,6,9.27,20.79,1
5019,14,1,33.92,83.19,1
5019,16,2,43.46,98.79,1
5019,17,1,7.95,20.79,1
5020,11,1,10.39,29.11,1
5020,12,1,9.12,31.19,1
5020,37,2,99.75,228.79,1
5021,3,10,6.45,13.51,1
5021,48,1,441.00,935.99,0
5021,49,1,68.25,155.99,1
5022,2,6,5.30,10.39,1
5022,9,1,4.37,12.47,1
5023,1,6,5.30,10.39,1
5023,5,1,9.78,20.79,1
5023,9,1,4.37,12.47,1
5025,1,5,5.30,10.39,1
5025,9,1,4.37,12.47,1
5026,23,4,9.27,20.79,1
5027,21,1,130.80,270.39,1
5028,1,6,5.30,10.39,1
5028,10,1,9.88,23.91,1
5029,44,1,189.00,405.59,1
5030,35,1,25.20,57.19,1
5031,18,1,158.05,259.99,1
5032,15,1,29.68,72.79,1
5033,42,1,89.25,197.59,1
5033,43,1,12.60,31.19,1
5034,1,6,5.30,10.39,1
5034,9,1,4.37,12.47,1
5035,6,2,14.56,36.39,1
5035,27,1,6.42,18.71,1
5036,20,1,179.85,343.19,1
5037,4,2,11.96,25.99,1
5037,8,1,18.72,46.79,1
5038,2,6,5.30,10.39,1
5038,9,1,4.37,12.47,1
5039,14,1,33.92,83.19,1
5039,16,2,43.46,98.79,1
5039,17,1,7.95,20.79,1
5040,2,6,5.30,10.39,1
5040,9,1,4.37,12.47,1
5041,15,1,29.68,72.79,1
5041,17,1,7.95,20.79,1
5042,5,1,9.78,20.79,1
5043,1,5,5.30,10.39,1
5043,8,1,18.72,46.79,1
5043,9,1,4.37,12.47,1
5044,4,2,11.96,25.99,1
5044,29,1,90.95,207.99,1
5045,2,6,5.30,10.39,1
5045,9,1,4.37,12.47,1
5046,4,2,11.96,25.99,1
5046,30,1,171.20,363.99,1
5047,18,1,158.05,259.99,1
5048,11,1,10.39,29.11,1
5048,12,1,9.12,31.19,1
5049,23,4,9.27,20.79,1
5050,19,1,174.40,280.79,1
5051,23,8,9.27,20.79,1
5052,6,2,14.56,36.39,1
5052,27,1,6.42,18.71,1
5053,2,5,5.30,10.39,1
5053,8,1,18.72,46.79,1
5053,9,1,4.37,12.47,1
5054,2,5,5.30,10.39,1
5054,9,1,4.37,12.47,1
5055,1,5,5.30,10.39,1
5055,5,1,9.78,20.79,1
5055,7,2,39.52,93.59,1
5055,9,1,4.37,12.47,1
5055,27,1,6.42,18.71,1
5056,2,5,5.30,10.39,1
5056,9,1,4.37,12.47,1
5057,2,6,5.30,10.39,1
5057,9,1,4.37,12.47,1
5057,11,1,10.39,29.11,1
5057,12,1,9.12,31.19,1
5058,19,1,174.40,280.79,1
5059,8,1,18.72,46.79,1
5059,34,1,27.30,67.59,1
5060,1,6,5.30,10.39,1
5060,9,1,4.37,12.47,1
5062,1,6,5.30,10.39,1
5062,9,1,4.37,12.47,1
5062,22,1,41.42,93.59,1
5063,2,5,5.30,10.39,1
5063,9,1,4.37,12.47,1
5064,2,6,5.30,10.39,1
5064,9,1,4.37,12.47,1
5065,11,1,10.39,29.11,1
5065,12,1,9.12,31.19,1
5066,7,2,39.52,93.59,1
5066,27,1,6.42,18.71,1
5067,2,6,5.30,10.39,1
5067,9,1,4.37,12.47,1
5068,2,6,5.30,10.39,1
5068,9,1,4.37,12.47,1
5068,11,1,10.39,29.11,1
5068,12,1,9.12,31.19,1
5069,8,1,18.72,46.79,1
5069,11,1,10.39,29.11,1
5069,12,1,9.12,31.19,1
5070,22,1,41.42,93.59,1
5072,5,1,9.78,20.79,1
5072,8,1,18.72,46.79,1
5073,1,6,5.30,10.39,1
5073,9,1,4.37,12.47,1
5074,3,6,6.45,13.51,1
5075,11,1,10.39,29.11,1
5075,12,1,9.12,31.19,1
5075,14,1,33.92,83.19,1
5075,16,2,43.46,98.79,1
5075,17,1,7.95,20.79,1
5076,2,6,5.30,10.39,1
5076,9,1,4.37,12.47,1
5078,2,6,5.30,10.39,1
5078,9,1,4.37,12.47,1
5079,5,1,9.78,20.79,1
5080,11,1,10.39,29.11,1
5080,12,1,9.12,31.19,1
5080,34,1,27.30,67.59,1
5081,15,1,29.68,72.79,1
5081,17,1,7.95,20.79,1
5082,2,6,5.30,10.39,1
5082,9,1,4.37,12.47,1
5082,11,1,10.39,29.11,1
5082,12,1,9.12,31.19,1
5083,21,1,130.80,270.39,1
5084,1,5,5.30,10.39,1
5084,9,1,4.37,12.47,1
5085,20,1,179.85,343.19,1
5085,35,1,25.20,57.19,1
5087,1,5,5.30,10.39,1
5087,9,1,4.37,12.47,1
5088,5,1,9.78,20.79,1
5088,23,8,9.27,20.79,1
5091,2,6,5.30,10.39,1
5091,5,1,9.78,20.79,1
5091,9,1,4.37,12.47,1
5092,2,5,5.30,10.39,1
5092,9,1,4.37,12.47,1
5093,15,1,29.68,72.79,1
5094,8,1,18.72,46.79,1
5094,11,1,10.39,29.11,1
5095,2,5,5.30,10.39,1
5095,9,1,4.37,12.47,1
5097,2,6,5.30,10.39,1
5097,9,1,4.37,12.47,1
5098,2,6,5.30,10.39,1
5098,9,1,4.37,12.47,1
5099,1,5,5.30,10.39,1
5099,9,1,4.37,12.47,1
5100,1,6,5.30,10.39,1
5100,5,1,9.78,20.79,1
5100,9,1,4.37,12.47,1
5101,4,2,11.96,25.99,1
5101,29,1,90.95,207.99,1
5102,2,6,5.30,10.39,1
5102,9,1,4.37,12.47,1
5103,4,2,11.96,25.99,1
5104,2,6,5.30,10.39,1
5104,9,1,4.37,12.47,1
5105,14,1,33.92,83.19,1
5105,16,2,43.46,98.79,1
5105,17,1,7.95,20.79,1
5106,19,1,174.40,280.79,1
5108,4,2,11.96,25.99,1
5108,30,1,171.20,363.99,1
5109,4,1,11.96,25.99,1
5109,8,1,18.72,46.79,1
5109,11,1,10.39,29.11,1
5109,12,1,9.12,31.19,1
5109,31,1,23.54,57.19,1
5111,14,1,33.92,83.19,1
5111,16,2,43.46,98.79,1
5111,17,1,7.95,20.79,1
5112,1,6,5.30,10.39,1
5112,9,1,4.37,12.47,1
5113,1,7,5.30,10.39,1
5113,10,1,9.88,23.91,1
5114,14,1,33.92,0.00,1
5114,16,2,43.46,0.00,1
5116,14,1,33.92,83.19,1
5116,16,2,43.46,98.79,1
5117,5,1,9.78,20.79,1
5118,1,6,5.30,10.39,1
5118,9,1,4.37,12.47,1
5119,2,6,5.30,10.39,1
5119,9,1,4.37,12.47,1
5120,7,2,39.52,93.59,1
5120,27,1,6.42,18.71,1
5121,1,6,5.30,10.39,1
5121,9,1,4.37,12.47,1
5122,7,2,39.52,93.59,1
5122,27,1,6.42,18.71,1
5123,22,4,41.42,93.59,1
5124,1,6,5.30,10.39,1
5124,10,1,9.88,23.91,1
5126,2,6,5.30,10.39,1
5126,9,1,4.37,12.47,1
5127,2,6,5.30,10.39,1
5127,9,1,4.37,12.47,1
5127,11,1,10.39,29.11,1
5127,12,1,9.12,31.19,1
5128,11,1,10.39,29.11,1
5128,12,1,9.12,31.19,1
5129,42,1,89.25,197.59,1
5129,43,1,12.60,31.19,1
5133,1,6,5.30,10.39,1
5133,9,1,4.37,12.47,1
5133,11,1,10.39,29.11,1
5134,7,2,39.52,93.59,1
5134,27,1,6.42,18.71,1
5135,8,1,18.72,46.79,1
5136,2,6,5.30,10.39,1
5136,9,1,4.37,12.47,1
5137,7,2,39.52,93.59,1
5137,8,1,18.72,46.79,1
5137,27,1,6.42,18.71,1
5138,1,6,5.30,10.39,1
5138,9,1,4.37,12.47,1
5139,15,1,29.68,72.79,1
5140,4,1,11.96,25.99,1
5140,31,1,23.54,57.19,1
5141,1,6,5.30,10.39,1
5141,10,1,9.88,23.91,1
5142,8,1,18.72,46.79,1
5143,3,6,6.45,13.51,1
5144,11,1,10.39,29.11,1
5145,14,1,33.92,83.19,1
5145,16,2,43.46,98.79,1
5145,17,1,7.95,20.79,1
5146,1,5,5.30,10.39,1
5146,9,1,4.37,12.47,1
5146,11,1,10.39,29.11,1
5146,12,1,9.12,31.19,1
5147,42,1,89.25,197.59,1
5147,43,1,12.60,31.19,1
5148,7,2,39.52,93.59,1
5148,27,1,6.42,18.71,1
5149,21,1,130.80,270.39,1
5150,19,1,174.40,280.79,1
5151,11,1,10.39,29.11,1
5152,1,7,5.30,10.39,1
5152,10,1,9.88,23.91,1
5152,11,1,10.39,29.11,1
5152,12,1,9.12,31.19,1
5152,15,1,29.68,72.79,1
5153,1,6,5.30,10.39,1
5153,5,1,9.78,20.79,1
5153,9,1,4.37,12.47,1
5153,14,1,33.92,83.19,1
5153,16,2,43.46,98.79,1
5154,8,1,18.72,46.79,1
5154,15,1,29.68,72.79,1
5154,17,1,7.95,20.79,1
5155,2,6,5.30,10.39,1
5155,9,1,4.37,12.47,1
5156,4,2,11.96,25.99,1
5156,30,1,171.20,363.99,1
5157,2,6,5.30,10.39,1
5157,9,1,4.37,12.47,1
5157,14,1,33.92,83.19,1
5157,16,2,43.46,98.79,1
5157,17,1,7.95,20.79,1
5158,15,1,29.68,72.79,1
5159,34,1,27.30,67.59,1
5161,22,1,41.42,93.59,1
5162,24,1,49.05,124.79,1
5163,2,6,5.30,10.39,1
5163,9,1,4.37,12.47,1
5164,18,1,158.05,259.99,1
5165,5,1,9.78,20.79,1
5166,4,2,11.96,25.99,1
5167,2,6,5.30,10.39,1
5167,9,1,4.37,12.47,1
5167,11,1,10.39,29.11,1
5167,12,1,9.12,31.19,1
5169,6,2,14.56,36.39,1
5169,27,1,6.42,18.71,1
5170,1,7,5.30,10.39,1
5170,4,2,11.96,25.99,1
5170,10,1,9.88,23.91,1
5170,29,1,90.95,207.99,1
5171,5,1,9.78,20.79,1
5171,15,1,29.68,72.79,1
5171,17,1,7.95,20.79,1
5173,7,2,39.52,93.59,1
5173,26,1,34.24,83.19,1
5173,28,1,155.15,332.79,1
5174,4,2,11.96,25.99,1
5174,8,1,18.72,46.79,1
5175,23,6,9.27,20.79,1
5176,7,2,39.52,93.59,1
5176,27,1,6.42,18.71,1
5177,4,1,11.96,25.99,1
5177,31,1,23.54,57.19,1
5178,2,6,5.30,10.39,1
5178,9,1,4.37,12.47,1
5178,37,2,99.75,228.79,1
5179,7,2,39.52,93.59,1
5179,27,1,6.42,18.71,1
5180,18,1,158.05,259.99,1
5182,2,6,5.30,10.39,1
5182,9,1,4.37,12.47,1
5183,34,1,27.30,67.59,1
5184,6,2,14.56,36.39,1
5184,11,1,10.39,29.11,1
5184,12,1,9.12,31.19,1
5184,27,1,6.42,18.71,1
5185,15,1,29.68,72.79,1
5185,17,1,7.95,20.79,1
5186,1,5,5.30,10.39,1
5186,9,1,4.37,12.47,1
5187,3,6,6.45,13.51,1
5188,1,5,5.30,10.39,1
5188,9,1,4.37,12.47,1
5189,1,6,5.30,10.39,1
5189,9,1,4.37,12.47,1
5190,8,1,18.72,46.79,1
5191,23,4,9.27,20.79,1
5192,5,1,9.78,20.79,1
5193,19,1,174.40,280.79,1
5194,14,1,33.92,83.19,1
5194,16,2,43.46,98.79,1
5195,47,1,252.00,519.99,0
5196,4,2,11.96,25.99,1
5197,7,2,39.52,93.59,1
5197,27,1,6.42,18.71,1
5198,2,5,5.30,10.39,1
5198,9,1,4.37,12.47,1
5199,2,6,5.30,10.39,1
5199,9,1,4.37,12.47,1
5199,14,1,33.92,83.19,1
5199,16,2,43.46,98.79,1
5199,17,1,7.95,20.79,1
5200,5,1,9.78,20.79,1
5200,22,1,41.42,93.59,1
5201,2,6,5.30,10.39,1
5201,9,1,4.37,12.47,1
5202,6,2,14.56,36.39,1
5202,25,1,331.70,675.99,1
5202,26,1,34.24,83.19,1
5203,34,1,27.30,67.59,1
5204,15,1,29.68,72.79,1
5204,17,1,7.95,20.79,1
5205,1,6,5.30,10.39,1
5205,9,1,4.37,12.47,1
5206,19,1,174.40,280.79,1
5207,4,2,11.96,25.99,1
5208,7,2,39.52,93.59,1
5208,27,1,6.42,18.71,1
5209,7,2,39.52,93.59,1
5209,27,1,6.42,18.71,1
5210,2,6,5.30,10.39,1
5210,9,1,4.37,12.47,1
5212,14,1,33.92,83.19,1
5212,16,2,43.46,98.79,0
5213,1,6,5.30,10.39,1
5213,10,1,9.88,23.91,1
5213,20,1,179.85,343.19,1
5213,35,1,25.20,57.19,1
5214,8,1,18.72,46.79,1
5214,41,1,399.00,831.99,0
5214,43,1,12.60,31.19,1
5215,6,2,14.56,36.39,1
5215,27,1,6.42,18.71,1
5216,41,1,399.00,831.99,0
5216,43,1,12.60,31.19,1
5217,8,1,18.72,46.79,1
5217,14,1,33.92,83.19,1
5217,16,2,43.46,98.79,1
5217,17,1,7.95,20.79,1
5218,6,2,14.56,36.39,1
5218,27,1,6.42,18.71,1
5219,1,5,5.30,10.39,1
5219,9,1,4.37,12.47,1
5220,11,1,10.39,29.11,1
5220,12,1,9.12,31.19,1
5220,19,1,174.40,280.79,1
5221,1,6,5.30,10.39,1
5221,9,1,4.37,12.47,1
5222,34,1,27.30,67.59,1
5223,20,1,179.85,343.19,1
5224,41,1,399.00,831.99,0
5224,43,1,12.60,31.19,1
5225,1,5,5.30,10.39,1
5225,9,1,4.37,12.47,1
5226,7,2,39.52,93.59,1
5226,27,1,6.42,18.71,1
5227,23,8,9.27,20.79,1
5228,2,5,5.30,10.39,1
5228,9,1,4.37,12.47,1
5229,2,6,5.30,10.39,1
5229,9,1,4.37,12.47,1
5230,2,6,5.30,10.39,1
5230,9,1,4.37,12.47,1
5232,15,1,29.68,0.00,1
5232,17,1,7.95,0.00,1
5233,1,6,5.30,10.39,1
5233,9,1,4.37,12.47,1
5234,19,1,174.40,280.79,1
5236,8,1,18.72,46.79,1
5239,18,1,158.05,259.99,1
5240,1,5,5.30,10.39,1
5240,9,1,4.37,12.47,1
5241,11,1,10.39,29.11,1
5241,12,1,9.12,31.19,1
5241,33,1,220.50,467.99,1
5242,36,1,57.75,135.19,1
5243,19,1,174.40,280.79,0
5244,4,2,11.96,25.99,1
5244,30,1,171.20,363.99,1
5244,32,1,29.96,67.59,1
5245,2,6,5.30,10.39,1
5245,5,1,9.78,20.79,1
5245,8,1,18.72,46.79,1
5245,9,1,4.37,12.47,1
5246,8,1,18.72,46.79,1
5247,1,5,5.30,10.39,1
5247,9,1,4.37,12.47,1
5248,1,6,5.30,10.39,1
5248,9,1,4.37,12.47,1
5249,1,6,5.30,10.39,1
5249,8,1,18.72,46.79,1
5249,9,1,4.37,12.47,1
5250,1,6,5.30,10.39,1
5250,10,1,9.88,23.91,1
5251,2,5,5.30,10.39,1
5251,9,1,4.37,12.47,1
5251,11,1,10.39,29.11,1
5252,2,6,5.30,10.39,1
5252,9,1,4.37,12.47,1
5253,11,1,10.39,29.11,1
5253,12,1,9.12,31.19,1
5254,4,2,11.96,25.99,1
5255,15,1,29.68,72.79,1
5255,17,1,7.95,20.79,1
5256,19,1,174.40,280.79,1
5257,1,5,5.30,10.39,1
5257,9,1,4.37,12.47,1
5258,19,1,174.40,280.79,1
5259,1,5,5.30,10.39,1
5259,9,1,4.37,12.47,1
5260,2,5,5.30,10.39,1
5260,9,1,4.37,12.47,1
5261,22,2,41.42,93.59,1
5262,35,1,25.20,57.19,1
5263,14,1,33.92,83.19,1
5263,16,2,43.46,98.79,1
5263,17,1,7.95,20.79,1
5264,1,6,5.30,10.39,1
5264,9,1,4.37,12.47,1
5265,19,1,174.40,280.79,1
5266,5,1,9.78,20.79,1
5267,1,6,5.30,10.39,1
5267,4,1,11.96,25.99,1
5267,9,1,4.37,12.47,1
5267,31,1,23.54,57.19,1
5268,1,6,5.30,10.39,1
5268,9,1,4.37,12.47,1
5269,23,4,9.27,20.79,1
5270,6,2,14.56,36.39,1
5270,27,1,6.42,18.71,1
5271,19,1,174.40,280.79,1
5272,1,6,5.30,10.39,1
5272,9,1,4.37,12.47,1
5272,11,1,10.39,29.11,1
5272,12,1,9.12,31.19,1
5273,4,2,11.96,25.99,1
5273,29,1,90.95,207.99,1
5274,2,5,5.30,10.39,1
5274,9,1,4.37,12.47,1
5276,14,1,33.92,83.19,1
5276,16,2,43.46,98.79,1
5277,34,1,27.30,67.59,1
5278,1,5,5.30,10.39,1
5278,9,1,4.37,12.47,1
5279,7,2,39.52,93.59,1
5279,8,1,18.72,46.79,1
5279,25,1,331.70,675.99,1
5279,26,1,34.24,83.19,1
5280,8,1,18.72,46.79,1
5280,37,2,99.75,228.79,1
5281,2,6,5.30,10.39,1
5281,9,1,4.37,12.47,1
5282,19,1,174.40,280.79,1
5283,19,1,174.40,280.79,0
5284,23,4,9.27,20.79,1
5285,11,1,10.39,29.11,1
5286,5,1,9.78,20.79,1
5287,8,1,18.72,46.79,1
5288,1,6,5.30,10.39,1
5288,9,1,4.37,12.47,1
5289,15,1,29.68,72.79,1
5289,17,1,7.95,20.79,1
5290,15,1,29.68,72.79,1
5291,7,2,39.52,93.59,1
5291,27,1,6.42,18.71,1
5293,1,5,5.30,10.39,1
5293,9,1,4.37,12.47,1
5294,8,1,18.72,46.79,1
5294,14,1,33.92,83.19,1
5294,16,2,43.46,98.79,1
5294,17,1,7.95,20.79,1
5295,3,6,6.45,13.51,1
5296,3,6,6.45,13.51,1
5296,11,1,10.39,29.11,1
5297,2,6,5.30,10.39,1
5297,9,1,4.37,12.47,1
5298,2,5,5.30,10.39,1
5298,9,1,4.37,12.47,1
5299,2,6,5.30,10.39,1
5299,9,1,4.37,12.47,1
5300,4,1,11.96,25.99,1
5300,31,1,23.54,57.19,1
5301,4,2,11.96,25.99,1
5301,11,1,10.39,29.11,1
5301,29,1,90.95,207.99,1
5302,2,6,5.30,10.39,1
5302,9,1,4.37,12.47,1
5303,1,6,5.30,10.39,1
5303,3,10,6.45,13.51,1
5303,9,1,4.37,12.47,1
5303,48,1,441.00,935.99,0
5303,49,1,68.25,155.99,1
5304,2,6,5.30,10.39,1
5304,9,1,4.37,12.47,1
5305,11,1,10.39,29.11,1
5305,12,1,9.12,31.19,1
5306,22,1,41.42,93.59,1
5307,2,6,5.30,10.39,1
5307,9,1,4.37,12.47,1
5309,41,1,399.00,831.99,0
5309,43,1,12.60,31.19,1
5310,7,2,39.52,93.59,1
5310,25,1,331.70,675.99,1
5310,26,1,34.24,83.19,1
5311,5,1,9.78,20.79,1
5311,8,1,18.72,46.79,1
5312,4,1,11.96,25.99,1
5312,31,1,23.54,57.19,1
5313,8,1,18.72,46.79,1
5314,18,1,158.05,259.99,1
5315,35,1,25.20,57.19,1
5317,8,1,18.72,46.79,1
5318,3,10,6.45,13.51,1
5318,48,1,441.00,935.99,0
5318,49,1,68.25,155.99,1
5319,23,4,9.27,0.00,1
5320,1,5,5.30,10.39,1
5320,9,1,4.37,12.47,1
5321,6,2,14.56,36.39,1
5321,27,1,6.42,18.71,1
5322,5,1,9.78,20.79,1
5322,18,1,158.05,259.99,1
5323,5,1,9.78,20.79,1
5324,1,5,5.30,10.39,1
5324,9,1,4.37,12.47,1
5325,4,1,11.96,25.99,1
5325,31,1,23.54,57.19,1
5326,23,4,9.27,20.79,1
5327,1,7,5.30,10.39,1
5327,10,1,9.88,23.91,1
5327,19,1,174.40,280.79,0
5328,11,1,10.39,29.11,1
5328,12,1,9.12,31.19,1
5328,14,1,33.92,83.19,1
5328,16,2,43.46,98.79,1
5328,17,1,7.95,20.79,1
5329,2,6,5.30,10.39,1
5329,9,1,4.37,12.47,1
5330,8,1,18.72,46.79,1
5330,22,4,41.42,93.59,1
5331,47,1,252.00,519.99,0
5332,1,7,5.30,10.39,1
5332,10,1,9.88,23.91,1
5333,18,1,158.05,259.99,1
5334,7,2,39.52,93.59,1
5334,27,1,6.42,18.71,1
5336,1,6,5.30,10.39,1
5336,10,1,9.88,23.91,1
5337,5,1,9.78,20.79,1
5337,11,1,10.39,29.11,1
5337,12,1,9.12,31.19,1
5338,1,5,5.30,10.39,1
5338,9,1,4.37,12.47,1
5339,7,2,39.52,93.59,1
5339,27,1,6.42,18.71,1
5340,2,6,5.30,10.39,1
5340,9,1,4.37,12.47,1
5341,2,6,5.30,10.39,1
5341,9,1,4.37,12.47,1
5342,1,5,5.30,10.39,1
5342,9,1,4.37,12.47,1
5343,1,6,5.30,10.39,1
5343,9,1,4.37,12.47,1
5343,11,1,10.39,29.11,1
5343,12,1,9.12,31.19,1
5344,24,1,49.05,124.79,1
5345,2,5,5.30,10.39,1
5345,9,1,4.37,12.47,1
5346,11,1,10.39,29.11,1
5346,12,1,9.12,31.19,1
5347,5,1,9.78,20.79,1
5347,7,2,39.52,93.59,1
5347,27,1,6.42,18.71,1
5348,19,1,174.40,280.79,1
5349,34,1,27.30,67.59,1
5351,24,1,49.05,124.79,1
5352,11,1,10.39,29.11,1
5352,12,1,9.12,31.19,1
5353,14,1,33.92,83.19,1
5353,16,2,43.46,98.79,1
5353,17,1,7.95,20.79,1
5355,19,1,174.40,280.79,1
5356,23,4,9.27,20.79,1
5357,20,1,179.85,343.19,1
5357,35,1,25.20,57.19,1
5358,36,1,57.75,135.19,1
5359,2,6,5.30,10.39,1
5359,9,1,4.37,12.47,1
5360,33,1,220.50,467.99,1
5361,1,5,5.30,10.39,1
5361,9,1,4.37,12.47,1
5362,2,6,5.30,10.39,1
5362,9,1,4.37,12.47,1
5363,2,6,5.30,10.39,1
5363,9,1,4.37,12.47,1
5364,2,6,5.30,10.39,1
5364,9,1,4.37,12.47,1
5364,19,1,174.40,280.79,1
5365,5,1,9.78,20.79,1
5365,20,1,179.85,343.19,1
5368,7,2,39.52,93.59,1
5368,27,1,6.42,18.71,1
5369,24,1,49.05,124.79,1
5370,6,2,14.56,36.39,1
5370,27,1,6.42,18.71,1
5371,21,1,130.80,270.39,1
5372,6,2,14.56,36.39,1
5372,27,1,6.42,18.71,1
5373,1,5,5.30,10.39,1
5373,9,1,4.37,12.47,1
5374,2,6,5.30,10.39,1
5374,9,1,4.37,12.47,1
5376,24,1,49.05,124.79,1
5377,14,1,33.92,83.19,1
5377,16,2,43.46,98.79,1
5377,17,1,7.95,20.79,1
5379,4,2,11.96,25.99,1
5380,1,6,5.30,10.39,1
5380,9,1,4.37,12.47,1
5380,11,1,10.39,29.11,1
5380,12,1,9.12,31.19,1
5382,1,5,5.30,10.39,1
5382,9,1,4.37,12.47,1
5383,19,1,174.40,280.79,1
5384,2,6,5.30,10.39,1
5384,9,1,4.37,12.47,1
5385,2,6,5.30,10.39,1
5385,9,1,4.37,12.47,1
5386,20,1,179.85,343.19,0
5387,18,1,158.05,259.99,1
5388,19,1,174.40,280.79,1
5390,1,5,5.30,10.39,1
5390,5,1,9.78,20.79,1
5390,9,1,4.37,12.47,1
5391,18,1,158.05,259.99,1
5392,1,5,5.30,10.39,1
5392,5,1,9.78,20.79,1
5392,9,1,4.37,12.47,1
5393,1,6,5.30,10.39,1
5393,9,1,4.37,12.47,1
5394,2,6,5.30,10.39,1
5394,7,2,39.52,93.59,1
5394,9,1,4.37,12.47,1
5394,25,1,331.70,675.99,1
5394,26,1,34.24,83.19,1
5395,2,5,5.30,10.39,1
5395,9,1,4.37,12.47,1
5396,18,1,158.05,259.99,0
5397,14,1,33.92,83.19,1
5397,16,2,43.46,98.79,1
5397,17,1,7.95,20.79,1
5398,1,5,5.30,10.39,1
5398,9,1,4.37,12.47,1
5398,23,6,9.27,20.79,1
5399,2,6,5.30,10.39,1
5399,9,1,4.37,12.47,1
5401,24,1,49.05,124.79,1
5402,2,6,5.30,10.39,1
5402,9,1,4.37,12.47,1
5403,15,1,29.68,72.79,1
5403,17,1,7.95,20.79,1
5404,2,6,5.30,10.39,1
5404,9,1,4.37,12.47,1
5405,7,2,39.52,93.59,1
5405,25,1,331.70,675.99,1
5405,26,1,34.24,83.19,1
5406,14,1,33.92,83.19,1
5406,16,2,43.46,98.79,1
5406,17,1,7.95,20.79,1
5408,5,1,9.78,20.79,1
5409,2,5,5.30,10.39,1
5409,9,1,4.37,12.47,1
5410,19,1,174.40,280.79,0
5413,44,1,189.00,405.59,1
5414,20,1,179.85,343.19,1
5414,35,1,25.20,57.19,1
5415,2,5,5.30,10.39,1
5415,9,1,4.37,12.47,1
5416,37,2,99.75,228.79,1
5417,2,6,5.30,10.39,1
5417,9,1,4.37,12.47,1
5418,4,2,11.96,25.99,1
5419,47,1,252.00,519.99,0
5420,11,1,10.39,29.11,1
5421,14,1,33.92,83.19,1
5421,16,2,43.46,98.79,1
5422,19,1,174.40,280.79,1
5423,7,2,39.52,93.59,1
5423,27,1,6.42,18.71,1
5425,6,2,14.56,36.39,1
5425,27,1,6.42,18.71,1
5426,2,6,5.30,10.39,1
5426,9,1,4.37,12.47,1
5427,20,1,179.85,343.19,1
5429,1,7,5.30,10.39,1
5429,10,1,9.88,23.91,1
5430,20,1,179.85,343.19,0
5430,35,1,25.20,57.19,1
5432,4,1,11.96,25.99,1
5432,31,1,23.54,57.19,1
5433,24,1,49.05,124.79,1
5434,1,5,5.30,10.39,1
5434,5,1,9.78,20.79,1
5434,8,1,18.72,46.79,1
5434,9,1,4.37,12.47,1
5435,24,1,49.05,124.79,1
5436,2,5,5.30,10.39,1
5436,9,1,4.37,12.47,1
5437,4,2,11.96,25.99,1
5437,30,1,171.20,363.99,1
5437,32,1,29.96,67.59,1
5438,37,2,99.75,228.79,1
5439,7,2,39.52,93.59,1
5439,8,1,18.72,46.79,1
5439,27,1,6.42,18.71,1
5440,2,6,5.30,10.39,1
5440,9,1,4.37,12.47,1
5440,11,1,10.39,29.11,1
5440,12,1,9.12,31.19,1
5440,36,1,57.75,135.19,1
5441,11,1,10.39,29.11,1
5441,12,1,9.12,31.19,1
5441,14,1,33.92,83.19,1
5441,16,2,43.46,98.79,1
5441,17,1,7.95,20.79,1
5442,19,1,174.40,280.79,1
5443,14,1,33.92,83.19,1
5443,16,2,43.46,98.79,1
5443,17,1,7.95,20.79,1
5444,19,1,174.40,280.79,1
5446,7,2,39.52,93.59,1
5446,27,1,6.42,18.71,1
5447,4,2,11.96,25.99,1
5447,8,1,18.72,46.79,1
5448,2,5,5.30,10.39,1
5448,9,1,4.37,12.47,1
5449,11,1,10.39,29.11,1
5449,12,1,9.12,31.19,1
5449,47,1,252.00,519.99,0
5450,18,1,158.05,259.99,1
5451,4,1,11.96,25.99,1
5451,31,1,23.54,57.19,1
5452,1,6,5.30,10.39,1
5452,9,1,4.37,12.47,1
5453,1,6,5.30,10.39,1
5453,8,1,18.72,46.79,1
5453,9,1,4.37,12.47,1
5453,11,1,10.39,29.11,1
5453,12,1,9.12,31.19,1
5454,2,6,5.30,10.39,1
5454,8,1,18.72,46.79,1
5454,9,1,4.37,12.47,1
5455,4,2,11.96,25.99,1
5456,2,6,5.30,10.39,1
5456,9,1,4.37,12.47,1
5457,18,1,158.05,259.99,1
5459,4,2,11.96,25.99,1
5459,29,1,90.95,207.99,1
5460,47,1,252.00,519.99,0
5461,1,5,5.30,10.39,1
5461,5,1,9.78,20.79,1
5461,8,1,18.72,46.79,1
5461,9,1,4.37,12.47,1
5463,6,2,14.56,36.39,1
5463,27,1,6.42,18.71,1
5464,40,2,18.90,46.79,1
5465,22,1,41.42,93.59,1
5466,2,6,5.30,10.39,1
5466,5,1,9.78,20.79,1
5466,9,1,4.37,12.47,1
5467,1,5,5.30,10.39,1
5467,9,1,4.37,12.47,1
5468,23,6,9.27,20.79,1
5470,5,1,9.78,20.79,1
5471,2,6,5.30,10.39,1
5471,9,1,4.37,12.47,1
5471,11,1,10.39,29.11,1
5471,12,1,9.12,31.19,1
5472,5,1,9.78,20.79,1
5473,8,1,18.72,46.79,1
5474,24,1,49.05,124.79,1
5475,1,5,5.30,10.39,1
5475,9,1,4.37,12.47,1
5476,8,1,18.72,46.79,1
5476,34,1,27.30,67.59,1
5477,8,1,18.72,46.79,1
5477,11,1,10.39,29.11,1
5477,12,1,9.12,31.19,1
5478,20,1,179.85,343.19,1
5479,4,2,11.96,25.99,1
5479,30,1,171.20,363.99,1
5479,32,1,29.96,67.59,1
5480,4,2,11.96,25.99,1
5480,29,1,90.95,207.99,1
5481,1,5,5.30,10.39,1
5481,8,1,18.72,46.79,1
5481,9,1,4.37,12.47,1
5482,2,6,5.30,10.39,1
5482,9,1,4.37,12.47,1
5483,42,1,89.25,197.59,1
5483,43,1,12.60,31.19,1
5485,37,2,99.75,228.79,1
5486,2,6,5.30,10.39,1
5486,9,1,4.37,12.47,1
5486,15,1,29.68,72.79,1
5486,17,1,7.95,20.79,1
5487,4,2,11.96,25.99,1
5488,3,6,6.45,13.51,1
5489,1,5,5.30,10.39,1
5489,9,1,4.37,12.47,1
5490,11,1,10.39,29.11,1
5490,12,1,9.12,31.19,1
5490,35,1,25.20,57.19,1
5491,2,5,5.30,10.39,1
5491,5,1,9.78,20.79,1
5491,8,1,18.72,46.79,1
5491,9,1,4.37,12.47,1
5492,15,1,29.68,72.79,1
5493,2,6,5.30,10.39,1
5493,9,1,4.37,12.47,1
5494,18,1,158.05,259.99,1
5495,5,1,9.78,20.79,1
5496,19,1,174.40,0.00,1
5497,19,1,174.40,280.79,1
5498,19,1,174.40,280.79,1
5499,2,6,5.30,10.39,1
5499,9,1,4.37,12.47,1
5500,4,2,11.96,25.99,1
5500,30,1,171.20,363.99,1
5500,32,1,29.96,67.59,1
5501,5,1,9.78,20.79,1
5502,7,2,39.52,93.59,1
5502,27,1,6.42,18.71,1
5503,19,1,174.40,280.79,1
5504,22,4,41.42,93.59,1
5505,11,1,10.39,29.11,1
5505,12,1,9.12,31.19,1
5506,1,7,5.30,10.39,1
5506,10,1,9.88,23.91,1
5507,4,2,11.96,25.99,1
5508,2,5,5.30,10.39,1
5508,9,1,4.37,12.47,1
5509,1,6,5.30,10.39,1
5509,9,1,4.37,12.47,1
5509,15,1,29.68,72.79,1
5509,17,1,7.95,20.79,1
5510,2,6,5.30,10.39,1
5510,7,2,39.52,93.59,1
5510,9,1,4.37,12.47,1
5510,27,1,6.42,18.71,1
5513,21,1,130.80,270.39,1
5514,2,6,5.30,10.39,1
5514,9,1,4.37,12.47,1
5515,6,2,14.56,36.39,1
5515,27,1,6.42,18.71,0
5516,1,6,5.30,10.39,1
5516,9,1,4.37,12.47,1
5517,4,1,11.96,25.99,1
5517,31,1,23.54,57.19,1
5518,1,7,5.30,10.39,1
5518,10,1,9.88,23.91,1
5519,7,2,39.52,93.59,1
5519,11,1,10.39,29.11,1
5519,12,1,9.12,31.19,1
5519,27,1,6.42,18.71,0
5520,18,1,158.05,0.00,1
5521,2,6,5.30,10.39,1
5521,9,1,4.37,12.47,1
5522,6,2,14.56,36.39,1
5522,27,1,6.42,18.71,1
5523,44,1,189.00,405.59,1
5524,2,6,5.30,10.39,1
5524,9,1,4.37,12.47,1
5525,38,1,71.40,166.39,1
5526,18,1,158.05,259.99,1
5527,4,2,11.96,25.99,1
5527,29,1,90.95,207.99,1
5528,7,2,39.52,93.59,1
5528,27,1,6.42,18.71,1
5529,1,6,5.30,10.39,1
5529,9,1,4.37,12.47,1
5530,20,1,179.85,343.19,1
5531,1,6,5.30,10.39,1
5531,8,1,18.72,46.79,1
5531,10,1,9.88,23.91,1
5532,1,6,5.30,10.39,1
5532,9,1,4.37,12.47,1
5533,42,1,89.25,197.59,1
5533,43,1,12.60,31.19,1
5534,3,6,6.45,13.51,1
5535,19,1,174.40,280.79,1
5536,8,1,18.72,46.79,1
5536,11,1,10.39,29.11,1
5536,12,1,9.12,31.19,1
5536,21,1,130.80,270.39,1
5537,7,2,39.52,93.59,1
5537,27,1,6.42,18.71,1
5538,1,6,5.30,10.39,1
5538,4,2,11.96,25.99,1
5538,8,1,18.72,46.79,1
5538,9,1,4.37,12.47,1
5538,30,1,171.20,363.99,1
5538,32,1,29.96,67.59,1
5539,27,1,6.42,0.00,1
5540,13,1,14.84,38.47,1
5540,44,1,189.00,405.59,1
5541,35,1,25.20,57.19,1
5542,1,6,5.30,10.39,1
5542,9,1,4.37,12.47,1
5542,11,1,10.39,29.11,1
5542,12,1,9.12,31.19,1
5543,23,4,9.27,0.00,1
5544,2,6,5.30,10.39,1
5544,9,1,4.37,12.47,1
5545,2,6,5.30,10.39,1
5545,9,1,4.37,12.47,1
5547,1,7,5.30,10.39,1
5547,10,1,9.88,23.91,1
5547,38,1,71.40,166.39,1
5548,23,6,9.27,20.79,1
5549,41,1,399.00,831.99,0
5549,43,1,12.60,31.19,1
5550,14,1,33.92,83.19,1
5550,16,2,43.46,98.79,1
5550,17,1,7.95,20.79,1
5551,1,6,5.30,10.39,1
5551,9,1,4.37,12.47,1
5552,2,6,5.30,10.39,1
5552,9,1,4.37,12.47,1
5553,11,1,10.39,29.11,1
5553,12,1,9.12,31.19,1
5554,15,1,29.68,72.79,1
5555,1,6,5.30,10.39,1
5555,9,1,4.37,12.47,1
5556,11,1,10.39,29.11,1
5556,12,1,9.12,31.19,1
5556,20,1,179.85,343.19,1
5557,2,6,5.30,10.39,1
5557,9,1,4.37,12.47,1
5558,3,6,6.45,13.51,1
5558,46,1,25.20,62.39,1
5559,19,1,174.40,280.79,1
5560,14,1,33.92,83.19,1
5560,16,2,43.46,98.79,1
5561,2,6,5.30,10.39,1
5561,9,1,4.37,12.47,1
5562,22,2,41.42,93.59,1
5564,8,1,18.72,46.79,1
5564,38,1,71.40,166.39,1
5565,21,1,130.80,270.39,1
5566,6,2,14.56,36.39,1
5566,27,1,6.42,18.71,1
5567,2,6,5.30,10.39,1
5567,9,1,4.37,12.47,1
5568,1,7,5.30,10.39,1
5568,10,1,9.88,23.91,1
5568,22,2,41.42,93.59,1
5569,8,1,18.72,46.79,1
5570,2,6,5.30,10.39,1
5570,9,1,4.37,12.47,1
5571,1,7,5.30,10.39,1
5571,10,1,9.88,23.91,1
5572,8,1,18.72,46.79,1
5572,35,1,25.20,57.19,1
5573,7,2,39.52,93.59,1
5573,27,1,6.42,18.71,1
5574,19,1,174.40,280.79,1
5575,1,6,5.30,10.39,1
5575,9,1,4.37,12.47,1
5576,19,1,174.40,280.79,1
5577,15,1,29.68,72.79,1
5577,17,1,7.95,20.79,1
5578,7,2,39.52,93.59,1
5578,25,1,331.70,675.99,1
5578,26,1,34.24,83.19,1
5579,2,6,5.30,10.39,1
5579,9,1,4.37,12.47,1
5580,1,6,5.30,10.39,1
5580,9,1,4.37,12.47,1
5580,19,1,174.40,280.79,1
5581,4,2,11.96,25.99,1
5581,30,1,171.20,363.99,1
5581,32,1,29.96,67.59,1
5582,5,1,9.78,20.79,1
5582,14,1,33.92,83.19,1
5582,16,2,43.46,98.79,1
5582,17,1,7.95,20.79,1
5583,14,1,33.92,83.19,1
5583,16,2,43.46,98.79,1
5583,17,1,7.95,20.79,1
5584,18,1,158.05,259.99,1
5585,1,6,5.30,10.39,1
5585,9,1,4.37,12.47,1
5586,2,5,5.30,10.39,1
5586,6,2,14.56,36.39,1
5586,9,1,4.37,12.47,1
5586,27,1,6.42,18.71,1
5587,19,1,174.40,280.79,1
5588,19,1,174.40,280.79,1
5590,1,5,5.30,10.39,1
5590,9,1,4.37,12.47,1
5591,7,2,39.52,93.59,1
5591,27,1,6.42,18.71,1
5592,2,5,5.30,10.39,1
5592,9,1,4.37,12.47,1
5593,7,2,39.52,93.59,1
5593,27,1,6.42,18.71,1
5594,7,2,39.52,93.59,1
5594,27,1,6.42,18.71,1
5595,23,6,9.27,20.79,1
5596,2,6,5.30,10.39,1
5596,9,1,4.37,12.47,1
5596,11,1,10.39,29.11,1
5597,15,1,29.68,72.79,1
5599,6,2,14.56,36.39,1
5599,27,1,6.42,18.71,1
5600,4,2,11.96,25.99,1
5600,29,1,90.95,207.99,1
5601,1,6,5.30,10.39,1
5601,9,1,4.37,12.47,1
5603,7,2,39.52,93.59,1
5603,27,1,6.42,18.71,1
5604,1,6,5.30,10.39,1
5604,9,1,4.37,12.47,1
5605,5,1,9.78,20.79,1
5607,1,7,5.30,10.39,1
5607,10,1,9.88,23.91,1
5608,6,2,14.56,36.39,1
5608,27,1,6.42,18.71,1
5609,4,1,11.96,25.99,1
5609,5,1,9.78,20.79,1
5609,31,1,23.54,57.19,1
5610,35,1,25.20,57.19,1
5611,1,6,5.30,10.39,1
5611,9,1,4.37,12.47,1
5612,15,1,29.68,72.79,1
5613,21,1,130.80,270.39,1
5614,5,1,9.78,20.79,1
5614,7,2,39.52,93.59,1
5614,27,1,6.42,18.71,1
5615,1,6,5.30,10.39,1
5615,10,1,9.88,23.91,1
5616,7,2,39.52,93.59,1
5616,27,1,6.42,18.71,1
5617,7,2,39.52,93.59,1
5617,26,1,34.24,83.19,1
5617,28,1,155.15,332.79,1
5618,11,1,10.39,29.11,1
5618,40,2,18.90,46.79,1
5619,19,1,174.40,280.79,1
5620,20,1,179.85,343.19,1
5620,35,1,25.20,57.19,1
5621,1,6,5.30,10.39,1
5621,9,1,4.37,12.47,1
5621,35,1,25.20,57.19,1
5622,6,2,14.56,36.39,1
5622,27,1,6.42,18.71,1
5623,2,6,5.30,10.39,1
5623,9,1,4.37,12.47,1
5624,7,2,39.52,93.59,1
5624,27,1,6.42,18.71,1
5625,5,1,9.78,20.79,1
5625,20,1,179.85,343.19,1
5625,35,1,25.20,57.19,1
5626,3,6,6.45,13.51,1
5626,46,1,25.20,62.39,1
5627,31,1,23.54,0.00,1
5628,4,1,11.96,25.99,1
5628,11,1,10.39,29.11,1
5628,12,1,9.12,31.19,1
5628,31,1,23.54,57.19,1
5629,2,5,5.30,10.39,1
5629,9,1,4.37,12.47,1
5630,24,1,49.05,0.00,1
5631,7,2,39.52,93.59,1
5631,27,1,6.42,18.71,1
5632,7,2,39.52,93.59,1
5632,26,1,34.24,83.19,1
5632,28,1,155.15,332.79,1
5633,1,5,5.30,10.39,1
5633,9,1,4.37,12.47,1
5634,2,6,5.30,10.39,1
5634,9,1,4.37,12.47,1
5635,1,6,5.30,10.39,1
5635,5,1,9.78,20.79,1
5635,9,1,4.37,12.47,1
5636,14,1,33.92,83.19,1
5636,16,2,43.46,98.79,1
5637,14,1,33.92,83.19,1
5637,16,2,43.46,98.79,1
5638,1,6,5.30,10.39,1
5638,9,1,4.37,12.47,1
5639,1,5,5.30,10.39,1
5639,9,1,4.37,12.47,1
5640,2,6,5.30,10.39,1
5640,9,1,4.37,12.47,1
5641,2,6,5.30,10.39,1
5641,5,1,9.78,20.79,1
5641,9,1,4.37,12.47,1
5643,33,1,220.50,467.99,1
5644,1,6,5.30,10.39,1
5644,8,1,18.72,46.79,1
5644,9,1,4.37,12.47,1
5645,7,2,39.52,93.59,1
5645,8,1,18.72,46.79,1
5645,27,1,6.42,18.71,1
5647,2,6,5.30,10.39,1
5647,9,1,4.37,12.47,1
5647,14,1,33.92,83.19,1
5647,16,2,43.46,98.79,1
5647,17,1,7.95,20.79,1
5648,2,6,5.30,10.39,1
5648,9,1,4.37,12.47,1
5649,2,6,5.30,10.39,1
5649,9,1,4.37,12.47,1
5650,5,1,9.78,20.79,1
5650,11,1,10.39,29.11,1
5650,12,1,9.12,31.19,1
5650,23,4,9.27,20.79,1
5651,3,6,6.45,13.51,1
5651,11,1,10.39,29.11,1
5651,12,1,9.12,31.19,1
5651,46,1,25.20,62.39,1
5652,4,2,11.96,25.99,1
5654,7,2,39.52,93.59,1
5654,27,1,6.42,18.71,1
5655,27,1,6.42,0.00,1
5656,1,5,5.30,10.39,1
5656,6,2,14.56,36.39,1
5656,9,1,4.37,12.47,1
5656,27,1,6.42,18.71,1
5657,5,1,9.78,20.79,1
5657,37,2,99.75,228.79,1
5658,5,1,9.78,20.79,1
5658,34,1,27.30,67.59,1
5659,2,5,5.30,10.39,1
5659,7,2,39.52,93.59,1
5659,9,1,4.37,12.47,1
5659,27,1,6.42,18.71,1
5660,14,1,33.92,83.19,1
5660,16,2,43.46,98.79,1
5661,14,1,33.92,83.19,1
5661,16,2,43.46,98.79,1
5662,1,6,5.30,10.39,1
5662,9,1,4.37,12.47,1
5663,1,6,5.30,10.39,1
5663,9,1,4.37,12.47,1
5664,15,1,29.68,72.79,1
5664,17,1,7.95,20.79,1
5665,6,2,14.56,36.39,1
5665,27,1,6.42,18.71,1
5666,42,1,89.25,0.00,1
5667,15,1,29.68,72.79,1
5668,1,7,5.30,10.39,1
5668,10,1,9.88,23.91,1
5669,3,6,6.45,13.51,1
5669,46,1,25.20,62.39,1
5670,4,1,11.96,25.99,1
5670,5,1,9.78,20.79,1
5670,31,1,23.54,57.19,1
5671,6,2,14.56,36.39,1
5671,27,1,6.42,18.71,0
5672,15,1,29.68,72.79,1
5673,23,4,9.27,20.79,1
5674,7,2,39.52,93.59,1
5674,27,1,6.42,18.71,0
5675,14,1,33.92,83.19,1
5675,16,2,43.46,98.79,1
5675,17,1,7.95,20.79,1
5676,21,1,130.80,0.00,1
5677,5,1,9.78,20.79,1
5677,36,1,57.75,135.19,1
5678,13,1,14.84,38.47,1
5678,44,1,189.00,405.59,1
5680,7,2,39.52,93.59,1
5680,11,1,10.39,29.11,1
5680,12,1,9.12,31.19,1
5680,25,1,331.70,675.99,1
5680,26,1,34.24,83.19,1
5681,33,1,220.50,467.99,1
5682,15,1,29.68,72.79,1
5683,21,1,130.80,270.39,1
5684,5,1,9.78,20.79,1
5685,24,1,49.05,124.79,1
5686,1,6,5.30,10.39,1
5686,9,1,4.37,12.47,1
5687,1,5,5.30,10.39,1
5687,9,1,4.37,12.47,1
5688,5,1,9.78,20.79,1
5688,36,1,57.75,135.19,1
5689,1,6,5.30,10.39,1
5689,5,1,9.78,20.79,1
5689,9,1,4.37,12.47,1
5690,42,1,89.25,0.00,1
5690,43,1,12.60,0.00,1
5691,2,6,5.30,10.39,1
5691,9,1,4.37,12.47,1
5693,7,2,39.52,93.59,1
5693,27,1,6.42,18.71,0
5694,2,6,5.30,10.39,1
5694,9,1,4.37,12.47,1
5695,1,6,5.30,10.39,1
5695,9,1,4.37,12.47,1
5696,1,5,5.30,10.39,1
5696,9,1,4.37,12.47,1
5698,4,2,11.96,25.99,1
5698,5,1,9.78,20.79,1
5699,36,1,57.75,135.19,1
5700,1,5,5.30,10.39,1
5700,9,1,4.37,12.47,1
5702,19,1,174.40,280.79,1
5703,19,1,174.40,280.79,1
5704,2,6,5.30,10.39,1
5704,9,1,4.37,12.47,1
5705,1,6,5.30,10.39,1
5705,9,1,4.37,12.47,1
5706,19,1,174.40,0.00,1
5707,47,1,252.00,519.99,0
5708,2,6,5.30,10.39,1
5708,9,1,4.37,12.47,1
5708,42,1,89.25,197.59,1
5708,43,1,12.60,31.19,1
5709,6,2,14.56,36.39,1
5709,27,1,6.42,18.71,0
5710,2,6,5.30,10.39,1
5710,6,2,14.56,36.39,1
5710,9,1,4.37,12.47,1
5710,27,1,6.42,18.71,0
5711,14,1,33.92,83.19,1
5711,16,2,43.46,98.79,1
5712,7,2,39.52,93.59,1
5712,11,1,10.39,29.11,1
5712,12,1,9.12,31.19,1
5712,27,1,6.42,18.71,0
5713,2,5,5.30,10.39,1
5713,9,1,4.37,12.47,1
5713,11,1,10.39,29.11,1
5714,4,2,11.96,25.99,1
5714,5,1,9.78,20.79,1
5715,38,1,71.40,166.39,1
5716,1,6,5.30,10.39,1
5716,9,1,4.37,12.47,1
5717,15,1,29.68,72.79,1
5719,2,6,5.30,10.39,1
5719,9,1,4.37,12.47,1
5720,18,1,158.05,259.99,1
5721,6,2,14.56,36.39,1
5721,27,1,6.42,18.71,0
5722,22,1,41.42,93.59,1
5723,5,1,9.78,20.79,1
5723,21,1,130.80,270.39,1
5724,6,2,14.56,36.39,1
5724,27,1,6.42,18.71,0
5725,23,8,9.27,20.79,1
5726,4,2,11.96,25.99,1
5726,30,1,171.20,363.99,1
5726,32,1,29.96,67.59,1
5727,6,2,14.56,36.39,1
5727,27,1,6.42,18.71,0
5728,20,1,179.85,343.19,1
5729,4,1,11.96,25.99,1
5729,31,1,23.54,57.19,1
5730,2,6,5.30,10.39,1
5730,9,1,4.37,12.47,1
5732,14,1,33.92,83.19,1
5732,16,2,43.46,98.79,1
5733,2,6,5.30,10.39,1
5733,9,1,4.37,12.47,1
5734,2,6,5.30,10.39,1
5734,9,1,4.37,12.47,1
5735,14,1,33.92,83.19,1
5735,16,2,43.46,98.79,0
5736,3,6,6.45,13.51,1
5737,1,6,5.30,10.39,1
5737,9,1,4.37,12.47,1
5738,4,2,11.96,25.99,1
5738,30,1,171.20,363.99,1
5738,32,1,29.96,67.59,1
5739,47,1,252.00,519.99,0
5740,36,1,57.75,135.19,1
5741,2,6,5.30,10.39,1
5741,9,1,4.37,12.47,1
5742,41,1,399.00,831.99,0
5742,43,1,12.60,31.19,1
5743,15,1,29.68,72.79,1
5743,17,1,7.95,20.79,1
5744,4,1,11.96,25.99,1
5744,31,1,23.54,57.19,1
5745,2,6,5.30,10.39,1
5745,8,1,18.72,46.79,1
5745,9,1,4.37,12.47,1
5745,33,1,220.50,467.99,1
5747,4,2,11.96,25.99,1
5747,8,1,18.72,46.79,1
5748,2,6,5.30,10.39,1
5748,9,1,4.37,12.47,1
5749,11,1,10.39,29.11,1
5750,2,6,5.30,10.39,1
5750,9,1,4.37,12.47,1
5750,42,1,89.25,197.59,1
5750,43,1,12.60,31.19,1
5751,38,1,71.40,166.39,1
5751,39,1,23.10,57.19,1
5752,4,2,11.96,25.99,1
5752,5,1,9.78,20.79,1
5753,15,1,29.68,72.79,1
5753,17,1,7.95,20.79,1
5754,8,1,18.72,46.79,1
5755,11,1,10.39,29.11,1
5755,12,1,9.12,31.19,1
5755,14,1,33.92,83.19,1
5755,16,2,43.46,98.79,1
5756,4,2,11.96,25.99,1
5757,47,1,252.00,519.99,0
5758,6,2,14.56,36.39,1
5758,26,1,34.24,83.19,1
5758,28,1,155.15,332.79,1
5759,1,6,5.30,10.39,1
5759,9,1,4.37,12.47,1
5760,7,2,39.52,93.59,1
5760,27,1,6.42,18.71,1
5761,19,1,174.40,280.79,1
5762,5,1,9.78,20.79,1
5763,8,1,18.72,46.79,1
5763,11,1,10.39,29.11,1
5763,15,1,29.68,72.79,1
5764,15,1,29.68,72.79,1
5765,3,10,6.45,13.51,1
5765,48,1,441.00,935.99,0
5765,49,1,68.25,155.99,1
5766,47,1,252.00,519.99,0
5767,21,1,130.80,270.39,1
5768,1,5,5.30,10.39,1
5768,9,1,4.37,12.47,1
5769,7,2,39.52,93.59,1
5769,25,1,331.70,675.99,1
5769,26,1,34.24,83.19,1
5770,19,1,174.40,280.79,1
5771,11,1,10.39,29.11,1
5771,12,1,9.12,31.19,1
5772,1,6,5.30,10.39,1
5772,10,1,9.88,23.91,1
5772,11,1,10.39,29.11,1
5774,2,6,5.30,10.39,1
5774,9,1,4.37,12.47,1
5775,1,5,5.30,10.39,1
5775,9,1,4.37,12.47,1
5776,41,1,399.00,831.99,0
5776,43,1,12.60,31.19,1
5777,1,7,5.30,10.39,1
5777,10,1,9.88,23.91,1
5777,14,1,33.92,83.19,1
5777,16,2,43.46,98.79,1
5778,1,6,5.30,10.39,1
5778,10,1,9.88,23.91,1
5779,33,1,220.50,467.99,1
5780,42,1,89.25,197.59,1
5780,43,1,12.60,31.19,1
5781,3,6,6.45,13.51,1
5781,46,1,25.20,62.39,1
5783,14,1,33.92,83.19,1
5783,16,2,43.46,98.79,1
5783,17,1,7.95,20.79,1
5784,4,2,11.96,25.99,1
5784,5,1,9.78,20.79,1
5784,30,1,171.20,363.99,0
5785,22,1,41.42,93.59,1
5786,2,6,5.30,10.39,1
5786,9,1,4.37,12.47,1
5787,11,1,10.39,29.11,1
5787,22,2,41.42,93.59,1
5788,11,1,10.39,29.11,1
5788,12,1,9.12,31.19,1
5788,14,1,33.92,83.19,1
5788,16,2,43.46,98.79,1
5788,17,1,7.95,20.79,1
5790,7,2,39.52,93.59,1
5790,11,1,10.39,29.11,1
5790,25,1,331.70,675.99,1
5790,26,1,34.24,83.19,1
5791,2,6,5.30,10.39,1
5791,9,1,4.37,12.47,1
5792,5,1,9.78,20.79,1
5792,7,2,39.52,93.59,1
5792,27,1,6.42,18.71,1
5793,7,2,39.52,93.59,1
5793,8,1,18.72,46.79,1
5793,27,1,6.42,18.71,1
5794,18,1,158.05,259.99,1
5795,4,2,11.96,25.99,1
5796,2,5,5.30,10.39,1
5796,9,1,4.37,12.47,1
5798,1,5,5.30,10.39,1
5798,9,1,4.37,12.47,1
5799,19,1,174.40,280.79,1
5801,1,5,5.30,10.39,1
5801,9,1,4.37,12.47,1
5802,1,5,5.30,10.39,1
5802,8,1,18.72,46.79,1
5802,9,1,4.37,12.47,1
5803,2,5,5.30,10.39,1
5803,9,1,4.37,12.47,1
5803,18,1,158.05,259.99,1
5804,24,1,49.05,124.79,1
5805,19,1,174.40,280.79,1
5806,19,1,174.40,280.79,1
5807,22,2,41.42,93.59,1
5808,19,1,174.40,280.79,1
5810,5,1,9.78,20.79,1
5810,7,2,39.52,93.59,1
5810,27,1,6.42,18.71,1
5811,7,2,39.52,93.59,1
5811,25,1,331.70,675.99,0
5811,26,1,34.24,83.19,1
5812,1,6,5.30,10.39,1
5812,9,1,4.37,12.47,1
5813,1,5,5.30,10.39,1
5813,8,1,18.72,46.79,1
5813,9,1,4.37,12.47,1
5813,37,2,99.75,228.79,1
5814,7,2,39.52,93.59,1
5814,27,1,6.42,18.71,1
5815,19,1,174.40,280.79,1
5816,5,1,9.78,20.79,1
5817,1,5,5.30,10.39,1
5817,9,1,4.37,12.47,1
5818,18,1,158.05,259.99,1
5819,42,1,89.25,197.59,1
5819,43,1,12.60,31.19,1
5820,15,1,29.68,72.79,1
5821,24,1,49.05,124.79,1
5823,4,2,11.96,25.99,1
5823,29,1,90.95,207.99,1
5824,1,5,5.30,10.39,1
5824,9,1,4.37,12.47,1
5824,18,1,158.05,259.99,0
5825,22,4,41.42,93.59,0
5826,4,2,11.96,25.99,1
5826,30,1,171.20,363.99,1
5826,32,1,29.96,67.59,1
5827,7,2,39.52,93.59,1
5827,27,1,6.42,18.71,1
5828,7,2,39.52,93.59,1
5828,27,1,6.42,18.71,1
5829,2,6,5.30,10.39,1
5829,9,1,4.37,12.47,1
5830,6,2,14.56,36.39,1
5830,27,1,6.42,18.71,1
5831,1,5,5.30,10.39,1
5831,9,1,4.37,12.47,1
5832,24,1,49.05,124.79,1
5833,1,5,5.30,10.39,1
5833,5,1,9.78,20.79,1
5833,9,1,4.37,12.47,1
5834,19,1,174.40,280.79,0
5836,2,6,5.30,10.39,1
5836,9,1,4.37,12.47,1
5837,6,2,14.56,36.39,1
5837,26,1,34.24,83.19,1
5837,28,1,155.15,332.79,1
5838,6,2,14.56,36.39,1
5838,27,1,6.42,18.71,1
5839,1,6,5.30,10.39,1
5839,5,1,9.78,20.79,1
5839,8,1,18.72,46.79,1
5839,10,1,9.88,23.91,1
5840,2,5,5.30,10.39,1
5840,8,1,18.72,46.79,1
5840,9,1,4.37,12.47,1
5842,4,2,11.96,25.99,1
5844,42,1,89.25,0.00,1
5845,14,1,33.92,83.19,1
5845,16,2,43.46,98.79,1
5845,17,1,7.95,20.79,1
5846,1,5,5.30,10.39,1
5846,9,1,4.37,12.47,1
5847,24,1,49.05,124.79,1
5848,44,1,189.00,405.59,1
5849,3,6,6.45,13.51,1
5849,46,1,25.20,62.39,1
5850,7,2,39.52,93.59,1
5850,11,1,10.39,29.11,1
5850,12,1,9.12,31.19,1
5850,25,1,331.70,675.99,0
5850,26,1,34.24,83.19,1
5851,4,1,11.96,25.99,1
5851,31,1,23.54,57.19,1
5852,14,1,33.92,83.19,1
5852,16,2,43.46,98.79,1
5852,17,1,7.95,20.79,1
5853,18,1,158.05,259.99,1
5854,2,6,5.30,10.39,1
5854,5,1,9.78,20.79,1
5854,9,1,4.37,12.47,1
5855,6,2,14.56,36.39,1
5855,25,1,331.70,675.99,0
5855,26,1,34.24,83.19,1
5856,8,1,18.72,46.79,1
5856,19,1,174.40,280.79,0
5857,1,5,5.30,10.39,1
5857,9,1,4.37,12.47,1
5858,33,1,220.50,467.99,1
5859,6,2,14.56,36.39,1
5859,25,1,331.70,675.99,0
5859,26,1,34.24,83.19,1
5860,6,2,14.56,36.39,1
5860,25,1,331.70,675.99,0
5860,26,1,34.24,83.19,1
5861,11,1,10.39,29.11,1
5861,12,1,9.12,31.19,1
5861,19,1,174.40,280.79,0
5862,15,1,29.68,72.79,1
5863,6,2,14.56,36.39,1
5863,27,1,6.42,18.71,1
5864,7,2,39.52,93.59,1
5864,25,1,331.70,675.99,0
5864,26,1,34.24,83.19,1
5865,1,5,5.30,10.39,1
5865,6,2,14.56,36.39,1
5865,9,1,4.37,12.47,1
5865,11,1,10.39,29.11,1
5865,12,1,9.12,31.19,1
5865,27,1,6.42,18.71,1
5866,1,5,5.30,10.39,1
5866,9,1,4.37,12.47,1
5867,7,2,39.52,93.59,1
5867,8,1,18.72,46.79,1
5867,27,1,6.42,18.71,1
5868,7,2,39.52,93.59,1
5868,27,1,6.42,18.71,1
5869,2,6,5.30,10.39,1
5869,8,1,18.72,46.79,1
5869,9,1,4.37,12.47,1
5870,6,2,14.56,36.39,1
5870,27,1,6.42,18.71,1
5871,2,5,5.30,10.39,1
5871,9,1,4.37,12.47,1
5872,8,1,18.72,46.79,1
5872,19,1,174.40,280.79,1
5873,2,6,5.30,10.39,1
5873,9,1,4.37,12.47,1
5874,8,1,18.72,46.79,1
5874,19,1,174.40,280.79,1
5875,2,6,5.30,10.39,1
5875,4,2,11.96,25.99,1
5875,9,1,4.37,12.47,1
5876,2,6,5.30,10.39,1
5876,9,1,4.37,12.47,1
5877,19,1,174.40,280.79,1
5878,20,1,179.85,343.19,1
5878,35,1,25.20,57.19,1
5879,8,1,18.72,46.79,1
5879,20,1,179.85,343.19,1
5879,35,1,25.20,57.19,1
5880,1,6,5.30,10.39,1
5880,9,1,4.37,12.47,1
5881,8,1,18.72,46.79,1
5882,34,1,27.30,67.59,1
5883,7,2,39.52,93.59,1
5883,27,1,6.42,18.71,1
5884,5,1,9.78,20.79,1
5885,1,5,5.30,10.39,1
5885,7,2,39.52,93.59,1
5885,9,1,4.37,12.47,1
5885,26,1,34.24,83.19,1
5885,28,1,155.15,332.79,1
5886,18,1,158.05,259.99,1
5887,8,1,18.72,46.79,1
5888,24,1,49.05,124.79,1
5889,1,5,5.30,10.39,1
5889,9,1,4.37,12.47,1
5890,2,6,5.30,10.39,1
5890,9,1,4.37,12.47,1
5892,7,2,39.52,93.59,1
5892,11,1,10.39,29.11,1
5892,12,1,9.12,31.19,1
5892,27,1,6.42,18.71,1
5893,6,2,14.56,36.39,1
5893,27,1,6.42,18.71,1
5894,8,1,18.72,46.79,1
5895,1,5,5.30,10.39,1
5895,9,1,4.37,12.47,1
5896,6,2,14.56,36.39,1
5896,25,1,331.70,675.99,1
5896,26,1,34.24,83.19,0
5897,21,1,130.80,0.00,1
5898,4,2,11.96,25.99,1
5899,2,6,5.30,10.39,1
5899,9,1,4.37,12.47,1
5900,7,2,39.52,93.59,1
5900,27,1,6.42,18.71,1
5901,6,2,14.56,36.39,1
5901,27,1,6.42,18.71,1
5902,7,2,39.52,93.59,1
5902,27,1,6.42,18.71,1
5903,22,1,41.42,93.59,1
5905,23,8,9.27,20.79,1
5906,5,1,9.78,20.79,1
5906,21,1,130.80,270.39,1
5907,1,6,5.30,10.39,1
5907,5,1,9.78,20.79,1
5907,9,1,4.37,12.47,1
5907,11,1,10.39,29.11,1
5907,12,1,9.12,31.19,1
5908,2,6,5.30,10.39,1
5908,9,1,4.37,12.47,1
5909,5,1,9.78,20.79,1
5910,1,6,5.30,10.39,1
5910,9,1,4.37,12.47,1
5912,14,1,33.92,83.19,1
5912,16,2,43.46,98.79,1
5912,17,1,7.95,20.79,1
5913,2,6,5.30,10.39,1
5913,5,1,9.78,20.79,1
5913,9,1,4.37,12.47,1
5914,4,2,11.96,25.99,1
5914,30,1,171.20,363.99,1
5915,41,1,399.00,831.99,0
5915,43,1,12.60,31.19,1
5916,2,6,5.30,10.39,1
5916,8,1,18.72,46.79,1
5916,9,1,4.37,12.47,1
5917,11,1,10.39,29.11,1
5917,12,1,9.12,31.19,1
5917,20,1,179.85,343.19,0
5917,35,1,25.20,57.19,1
5918,2,6,5.30,10.39,1
5918,9,1,4.37,12.47,1
5918,11,1,10.39,29.11,1
5918,12,1,9.12,31.19,1
5919,1,7,5.30,10.39,1
5919,8,1,18.72,46.79,1
5919,10,1,9.88,23.91,1
5920,11,1,10.39,29.11,1
5920,12,1,9.12,31.19,1
5921,14,1,33.92,83.19,1
5921,16,2,43.46,98.79,1
5922,2,6,5.30,10.39,1
5922,9,1,4.37,12.47,1
5923,23,6,9.27,20.79,1
5924,5,1,9.78,20.79,1
5924,23,6,9.27,20.79,1
5925,1,6,5.30,10.39,1
5925,9,1,4.37,12.47,1
5926,2,6,5.30,10.39,1
5926,9,1,4.37,12.47,1
5927,7,2,39.52,93.59,1
5927,26,1,34.24,83.19,1
5927,28,1,155.15,332.79,1
5928,4,2,11.96,25.99,1
5928,29,1,90.95,207.99,1
5929,40,2,18.90,46.79,1
5930,2,6,5.30,10.39,1
5930,9,1,4.37,12.47,1
5931,2,6,5.30,10.39,1
5931,9,1,4.37,12.47,1
5932,15,1,29.68,72.79,1
5932,17,1,7.95,20.79,1
5933,8,1,18.72,46.79,1
5934,4,2,11.96,25.99,1
5934,30,1,171.20,363.99,1
5934,32,1,29.96,67.59,1
5937,2,6,5.30,10.39,1
5937,9,1,4.37,12.47,1
5938,20,1,179.85,343.19,1
5939,19,1,174.40,280.79,1
5940,7,2,39.52,93.59,1
5940,27,1,6.42,18.71,1
5941,6,2,14.56,36.39,1
5941,27,1,6.42,18.71,1
5942,11,1,10.39,29.11,1
5942,12,1,9.12,31.19,1
5942,14,1,33.92,83.19,1
5942,16,2,43.46,98.79,1
5942,17,1,7.95,20.79,1
5943,33,1,220.50,467.99,1
5944,22,4,41.42,93.59,1
5945,7,2,39.52,93.59,1
5945,27,1,6.42,18.71,1
5946,7,2,39.52,93.59,1
5946,8,1,18.72,46.79,1
5946,27,1,6.42,18.71,1
5948,45,2,57.75,135.19,1
5949,1,7,5.30,10.39,1
5949,8,1,18.72,46.79,1
5949,10,1,9.88,23.91,1
5950,27,1,6.42,0.00,0
5951,19,1,174.40,280.79,1
5952,24,1,49.05,124.79,1
5953,14,1,33.92,83.19,1
5953,16,2,43.46,98.79,1
5954,14,1,33.92,83.19,1
5954,16,2,43.46,98.79,1
5954,17,1,7.95,20.79,1
5955,20,1,179.85,343.19,1
5956,7,2,39.52,93.59,1
5956,27,1,6.42,18.71,1
5957,2,6,5.30,10.39,1
5957,5,1,9.78,20.79,1
5957,9,1,4.37,12.47,1
5957,11,1,10.39,29.11,1
5957,12,1,9.12,31.19,1
5958,4,2,11.96,25.99,1
5958,11,1,10.39,29.11,1
5958,12,1,9.12,31.19,1
5958,30,1,171.20,363.99,0
5958,32,1,29.96,67.59,1
5959,4,2,11.96,25.99,1
5960,7,2,39.52,93.59,1
5960,27,1,6.42,18.71,1
5961,6,2,14.56,36.39,1
5961,27,1,6.42,18.71,1
5962,1,7,5.30,10.39,1
5962,10,1,9.88,23.91,1
5963,2,5,5.30,10.39,1
5963,9,1,4.37,12.47,1
5965,1,5,5.30,10.39,1
5965,6,2,14.56,36.39,1
5965,8,1,18.72,46.79,1
5965,9,1,4.37,12.47,1
5965,27,1,6.42,18.71,1
5966,2,6,5.30,10.39,1
5966,9,1,4.37,12.47,1
5967,23,4,9.27,20.79,1
5968,2,6,5.30,10.39,1
5968,9,1,4.37,12.47,1
5970,5,1,9.78,20.79,1
5971,19,1,174.40,280.79,1
5972,11,1,10.39,29.11,1
5972,12,1,9.12,31.19,1
5973,2,6,5.30,10.39,1
5973,9,1,4.37,12.47,1
5974,19,1,174.40,280.79,1
5975,2,5,5.30,10.39,1
5975,9,1,4.37,12.47,1
5976,4,2,11.96,25.99,1
5977,19,1,174.40,280.79,1
5978,1,5,5.30,10.39,1
5978,5,1,9.78,20.79,1
5978,9,1,4.37,12.47,1
5978,36,1,57.75,135.19,1
5979,1,5,5.30,10.39,1
5979,9,1,4.37,12.47,1
5981,21,1,130.80,270.39,1
5982,4,2,11.96,25.99,1
5983,23,6,9.27,20.79,1
5984,2,6,5.30,10.39,1
5984,9,1,4.37,12.47,1
5985,15,1,29.68,72.79,1
5985,17,1,7.95,20.79,1
5986,2,6,5.30,10.39,1
5986,9,1,4.37,12.47,1
5987,5,1,9.78,20.79,1
5987,21,1,130.80,270.39,1
5988,23,6,9.27,20.79,1
5989,15,1,29.68,72.79,1
5989,17,1,7.95,20.79,1
5990,14,1,33.92,83.19,1
5990,16,2,43.46,98.79,1
5991,4,2,11.96,25.99,1
5991,11,1,10.39,29.11,1
5991,12,1,9.12,31.19,1
5992,1,6,5.30,10.39,1
5992,9,1,4.37,12.47,1
5993,7,2,39.52,93.59,1
5993,27,1,6.42,18.71,1
5994,6,2,14.56,36.39,1
5994,27,1,6.42,18.71,1
5995,5,1,9.78,20.79,1
5996,38,1,71.40,166.39,1
5997,7,2,39.52,93.59,1
5997,27,1,6.42,18.71,1
5998,33,1,220.50,467.99,1
5999,6,2,14.56,36.39,1
5999,11,1,10.39,29.11,1
5999,27,1,6.42,18.71,1
6000,18,1,158.05,259.99,1
6001,11,1,10.39,29.11,1
6001,12,1,9.12,31.19,1
6001,15,1,29.68,72.79,1
6001,17,1,7.95,20.79,1
6002,7,2,39.52,93.59,1
6002,27,1,6.42,18.71,1
6003,4,2,11.96,25.99,1
6003,11,1,10.39,29.11,1
6003,12,1,9.12,31.19,1
6004,8,1,18.72,46.79,1
6005,1,5,5.30,10.39,1
6005,9,1,4.37,12.47,1
6005,35,1,25.20,57.19,1
6006,11,1,10.39,29.11,1
6006,12,1,9.12,31.19,1
6006,14,1,33.92,83.19,1
6006,16,2,43.46,98.79,1
6007,19,1,174.40,280.79,1
6008,23,4,9.27,20.79,1
6010,1,5,5.30,10.39,1
6010,9,1,4.37,12.47,1
6011,7,2,39.52,93.59,1
6011,27,1,6.42,18.71,1
6012,22,1,41.42,93.59,1
6013,19,1,174.40,280.79,1
6014,1,5,5.30,10.39,1
6014,9,1,4.37,12.47,1
6015,2,6,5.30,10.39,1
6015,9,1,4.37,12.47,1
6015,37,2,99.75,228.79,1
6016,27,1,6.42,0.00,1
6017,24,1,49.05,124.79,1
6018,4,1,11.96,25.99,1
6018,31,1,23.54,57.19,1
6019,4,2,11.96,25.99,1
6019,5,1,9.78,20.79,1
6020,4,2,11.96,25.99,1
6020,29,1,90.95,207.99,1
6021,15,1,29.68,72.79,1
6022,45,4,57.75,135.19,1
6023,18,1,158.05,259.99,1
6024,2,6,5.30,10.39,1
6024,9,1,4.37,12.47,1
6025,38,1,71.40,166.39,1
6026,24,1,49.05,124.79,1
6027,4,2,11.96,25.99,1
6027,29,1,90.95,207.99,1
6028,18,1,158.05,259.99,1
6029,20,1,179.85,343.19,1
6030,4,2,11.96,25.99,1
6030,29,1,90.95,207.99,1
6032,2,6,5.30,10.39,1
6032,9,1,4.37,12.47,1
6033,2,6,5.30,10.39,1
6033,9,1,4.37,12.47,1
6034,19,1,174.40,280.79,1
6035,6,2,14.56,36.39,1
6035,27,1,6.42,18.71,1
6036,18,1,158.05,259.99,1
6037,2,6,5.30,10.39,1
6037,9,1,4.37,12.47,1
6038,24,1,49.05,124.79,1
6039,7,2,39.52,93.59,1
6039,26,1,34.24,83.19,1
6039,28,1,155.15,332.79,1
6040,34,1,27.30,67.59,1
6041,2,6,5.30,10.39,1
6041,9,1,4.37,12.47,1
6041,11,1,10.39,29.11,1
6041,12,1,9.12,31.19,1
6042,1,5,5.30,10.39,1
6042,5,1,9.78,20.79,1
6042,9,1,4.37,12.47,1
6043,11,1,10.39,29.11,1
6043,12,1,9.12,31.19,1
6044,5,1,9.78,20.79,1
6044,14,1,33.92,83.19,1
6044,16,2,43.46,98.79,1
6045,1,5,5.30,10.39,1
6045,9,1,4.37,12.47,1
6046,8,1,18.72,46.79,1
6046,14,1,33.92,83.19,1
6046,16,2,43.46,98.79,1
6046,17,1,7.95,20.79,1
6047,1,7,5.30,10.39,1
6047,10,1,9.88,23.91,1
6048,23,8,9.27,20.79,1
6049,21,1,130.80,270.39,1
6050,1,5,5.30,10.39,1
6050,5,1,9.78,20.79,1
6050,9,1,4.37,12.47,1
6051,2,6,5.30,10.39,1
6051,7,2,39.52,93.59,1
6051,9,1,4.37,12.47,1
6051,27,1,6.42,18.71,1
6052,4,2,11.96,25.99,1
6053,22,1,41.42,93.59,1
6054,14,1,33.92,83.19,1
6054,16,2,43.46,98.79,1
6055,8,1,18.72,46.79,1
6055,19,1,174.40,280.79,1
6056,8,1,18.72,46.79,1
6056,11,1,10.39,29.11,1
6056,12,1,9.12,31.19,1
6057,24,1,49.05,124.79,1
6059,5,1,9.78,20.79,1
6059,7,2,39.52,93.59,1
6059,27,1,6.42,18.71,1
6060,5,1,9.78,20.79,1
6062,14,1,33.92,83.19,1
6062,16,2,43.46,98.79,1
6063,4,2,11.96,25.99,1
6064,7,2,39.52,93.59,1
6064,25,1,331.70,675.99,1
6064,26,1,34.24,83.19,1
6065,44,1,189.00,405.59,1
6066,15,1,29.68,72.79,1
6066,17,1,7.95,20.79,1
6067,2,6,5.30,10.39,1
6067,9,1,4.37,12.47,1
6068,6,2,14.56,36.39,1
6068,25,1,331.70,675.99,1
6068,26,1,34.24,83.19,1
6069,1,5,5.30,10.39,1
6069,8,1,18.72,46.79,1
6069,9,1,4.37,12.47,1
6070,37,2,99.75,228.79,1
6071,18,1,158.05,259.99,1
6072,15,1,29.68,72.79,1
6072,17,1,7.95,20.79,1
6074,1,6,5.30,10.39,1
6074,9,1,4.37,12.47,1
6075,35,1,25.20,57.19,1
6076,1,6,5.30,10.39,1
6076,8,1,18.72,46.79,1
6076,10,1,9.88,23.91,1
6077,14,1,33.92,83.19,1
6077,16,2,43.46,98.79,1
6078,7,2,39.52,93.59,1
6078,27,1,6.42,18.71,1
6079,2,6,5.30,10.39,1
6079,5,1,9.78,20.79,1
6079,9,1,4.37,12.47,1
6080,8,1,18.72,46.79,1
6080,11,1,10.39,29.11,1
6080,12,1,9.12,31.19,1
6080,14,1,33.92,83.19,1
6080,16,2,43.46,98.79,1
6080,17,1,7.95,20.79,1
6081,19,1,174.40,280.79,1
6082,7,2,39.52,93.59,1
6082,27,1,6.42,18.71,1
6083,2,6,5.30,10.39,1
6083,9,1,4.37,12.47,1
6084,19,1,174.40,280.79,1
6085,2,6,5.30,10.39,1
6085,9,1,4.37,12.47,1
6086,14,1,33.92,83.19,1
6086,16,2,43.46,98.79,1
6086,17,1,7.95,20.79,1
6087,4,2,11.96,25.99,1
6087,30,1,171.20,363.99,1
6087,32,1,29.96,67.59,1
6090,6,2,14.56,36.39,1
6090,27,1,6.42,18.71,1
6091,5,1,9.78,20.79,1
6091,36,1,57.75,135.19,1
6092,1,5,5.30,10.39,1
6092,9,1,4.37,12.47,1
6092,11,1,10.39,29.11,1
6092,12,1,9.12,31.19,1
6093,15,1,29.68,72.79,1
6093,17,1,7.95,20.79,1
6094,23,8,9.27,20.79,1
6096,18,1,158.05,259.99,1
6097,15,1,29.68,72.79,1
6098,1,5,5.30,10.39,1
6098,9,1,4.37,12.47,1
6098,11,1,10.39,29.11,1
6098,12,1,9.12,31.19,1
6099,23,4,9.27,20.79,1
6101,42,1,89.25,197.59,1
6101,43,1,12.60,31.19,1
6102,11,1,10.39,29.11,1
6102,12,1,9.12,31.19,1
6102,14,1,33.92,83.19,1
6102,16,2,43.46,98.79,0
6102,17,1,7.95,20.79,1
6103,1,6,5.30,10.39,1
6103,9,1,4.37,12.47,1
6104,4,2,11.96,25.99,1
6104,8,1,18.72,46.79,1
6105,37,2,99.75,228.79,1
6106,19,1,174.40,280.79,1
6107,45,1,57.75,135.19,1
6108,18,1,158.05,259.99,1
6109,11,1,10.39,29.11,1
6111,4,2,11.96,25.99,1
6111,11,1,10.39,29.11,1
6111,12,1,9.12,31.19,1
6111,29,1,90.95,207.99,1
6112,2,5,5.30,10.39,1
6112,9,1,4.37,12.47,1
6112,11,1,10.39,29.11,1
6113,7,2,39.52,93.59,1
6113,27,1,6.42,18.71,1
6114,7,2,39.52,93.59,1
6114,27,1,6.42,18.71,1
6115,2,5,5.30,10.39,1
6115,5,1,9.78,20.79,1
6115,9,1,4.37,12.47,1
6116,7,2,39.52,93.59,1
6116,27,1,6.42,18.71,1
6117,1,5,5.30,10.39,1
6117,9,1,4.37,12.47,1
6118,1,5,5.30,10.39,1
6118,9,1,4.37,12.47,1
6119,19,1,174.40,280.79,0
6120,8,1,18.72,46.79,1
6120,37,2,99.75,228.79,1
6121,2,6,5.30,10.39,1
6121,5,1,9.78,20.79,1
6121,9,1,4.37,12.47,1
6122,14,1,33.92,83.19,1
6122,16,2,43.46,98.79,1
6122,17,1,7.95,20.79,1
6125,7,2,39.52,93.59,1
6125,27,1,6.42,18.71,1
6126,2,6,5.30,10.39,1
6126,4,2,11.96,25.99,1
6126,9,1,4.37,12.47,1
6126,29,1,90.95,207.99,1
6127,19,1,174.40,0.00,0
6128,4,1,11.96,25.99,1
6128,31,1,23.54,57.19,1
6129,2,6,5.30,10.39,1
6129,9,1,4.37,12.47,1
6130,2,6,5.30,10.39,1
6130,9,1,4.37,12.47,1
6131,36,1,57.75,135.19,1
6132,7,2,39.52,93.59,1
6132,27,1,6.42,18.71,1
6133,11,1,10.39,29.11,1
6134,7,2,39.52,93.59,1
6134,11,1,10.39,29.11,1
6134,12,1,9.12,31.19,1
6134,25,1,331.70,675.99,1
6134,26,1,34.24,83.19,1
6135,1,5,5.30,10.39,1
6135,9,1,4.37,12.47,1
6135,11,1,10.39,29.11,1
6137,4,2,11.96,25.99,1
6138,14,1,33.92,83.19,1
6138,16,2,43.46,98.79,1
6139,42,1,89.25,197.59,1
6139,43,1,12.60,31.19,1
6140,23,6,9.27,20.79,1
6141,4,2,11.96,25.99,1
6142,4,2,11.96,25.99,1
6142,30,1,171.20,363.99,1
6142,32,1,29.96,67.59,1
6143,19,1,174.40,280.79,1
6144,33,1,220.50,467.99,1
6147,19,1,174.40,280.79,1
6148,4,2,11.96,25.99,1
6148,5,1,9.78,20.79,1
6148,11,1,10.39,29.11,1
6148,12,1,9.12,31.19,1
6148,29,1,90.95,207.99,1
6149,2,5,5.30,10.39,1
6149,9,1,4.37,12.47,1
6150,11,1,10.39,29.11,1
6150,12,1,9.12,31.19,1
6151,24,1,49.05,124.79,1
6152,2,5,5.30,10.39,1
6152,9,1,4.37,12.47,1
6153,15,1,29.68,0.00,1
6154,5,1,9.78,20.79,1
6154,6,2,14.56,36.39,1
6154,27,1,6.42,18.71,1
6155,2,6,5.30,10.39,1
6155,9,1,4.37,12.47,1
6156,5,1,9.78,20.79,1
6157,5,1,9.78,20.79,1
6157,6,2,14.56,36.39,1
6157,27,1,6.42,18.71,1
6158,6,2,14.56,36.39,1
6158,25,1,331.70,675.99,1
6158,26,1,34.24,83.19,1
6159,19,1,174.40,280.79,1
6160,14,1,33.92,83.19,1
6160,16,2,43.46,98.79,1
6161,18,1,158.05,259.99,1
6162,2,6,5.30,10.39,1
6162,9,1,4.37,12.47,1
6163,2,6,5.30,10.39,1
6163,5,1,9.78,20.79,1
6163,9,1,4.37,12.47,1
6164,35,1,25.20,57.19,1
6165,2,5,5.30,10.39,1
6165,9,1,4.37,12.47,1
6166,19,1,174.40,280.79,1
6167,2,6,5.30,10.39,1
6167,9,1,4.37,12.47,1
6167,19,1,174.40,280.79,1
6168,40,2,18.90,46.79,1
6169,1,6,5.30,10.39,1
6169,10,1,9.88,23.91,1
6169,23,4,9.27,20.79,1
6170,18,1,158.05,259.99,1
6171,5,1,9.78,20.79,1
6171,18,1,158.05,259.99,1
6173,5,1,9.78,20.79,1
6175,24,1,49.05,124.79,1
6176,23,4,9.27,0.00,1
6177,35,1,25.20,57.19,1
6178,6,2,14.56,36.39,1
6178,11,1,10.39,29.11,1
6178,12,1,9.12,31.19,1
6178,25,1,331.70,675.99,1
6178,26,1,34.24,83.19,1
6179,2,6,5.30,10.39,1
6179,9,1,4.37,12.47,1
6180,6,2,14.56,36.39,1
6180,27,1,6.42,18.71,0
6181,1,5,5.30,10.39,1
6181,9,1,4.37,12.47,1
6181,15,1,29.68,72.79,1
6182,40,2,18.90,46.79,1
6183,19,1,174.40,280.79,0
6184,5,1,9.78,20.79,1
6184,23,6,9.27,20.79,1
6185,7,2,39.52,93.59,1
6185,27,1,6.42,18.71,0
6186,15,1,29.68,72.79,1
6187,6,2,14.56,36.39,1
6187,27,1,6.42,18.71,0
6188,33,1,220.50,467.99,1
6189,21,1,130.80,0.00,1
6191,1,7,5.30,10.39,1
6191,8,1,18.72,46.79,1
6191,10,1,9.88,23.91,1
6192,14,1,33.92,83.19,1
6192,16,2,43.46,98.79,1
6192,17,1,7.95,20.79,1
6193,30,1,171.20,0.00,1
6194,1,5,5.30,10.39,1
6194,9,1,4.37,12.47,1
6194,23,4,9.27,20.79,1
6195,1,6,5.30,10.39,1
6195,9,1,4.37,12.47,1
6196,7,2,39.52,93.59,1
6196,27,1,6.42,18.71,1
6197,14,1,33.92,83.19,1
6197,16,2,43.46,98.79,1
6198,23,4,9.27,20.79,1
6199,2,6,5.30,10.39,1
6199,9,1,4.37,12.47,1
6199,41,1,399.00,831.99,0
6199,43,1,12.60,31.19,1
6201,1,6,5.30,10.39,1
6201,8,1,18.72,46.79,1
6201,10,1,9.88,23.91,1
6201,11,1,10.39,29.11,1
6201,12,1,9.12,31.19,1
6202,1,5,5.30,10.39,1
6202,4,2,11.96,25.99,1
6202,9,1,4.37,12.47,1
6202,29,1,90.95,207.99,1
6203,1,5,5.30,10.39,1
6203,9,1,4.37,12.47,1
6204,15,1,29.68,72.79,1
6204,17,1,7.95,20.79,1
6205,14,1,33.92,83.19,1
6205,16,2,43.46,98.79,1
6206,8,1,18.72,46.79,1
6207,11,1,10.39,29.11,1
6208,6,2,14.56,36.39,1
6208,25,1,331.70,675.99,0
6208,26,1,34.24,83.19,1
6209,18,1,158.05,259.99,1
6210,1,6,5.30,10.39,1
6210,10,1,9.88,23.91,1
6211,3,6,6.45,13.51,1
6211,46,1,25.20,62.39,1
6212,2,6,5.30,10.39,1
6212,9,1,4.37,12.47,1
6213,2,6,5.30,10.39,1
6213,8,1,18.72,46.79,1
6213,9,1,4.37,12.47,1
6214,6,2,14.56,36.39,1
6214,27,1,6.42,18.71,1
6215,4,2,11.96,25.99,1
6215,29,1,90.95,207.99,1
6216,4,2,11.96,25.99,1
6217,11,1,10.39,29.11,1
6217,12,1,9.12,31.19,1
6218,21,1,130.80,270.39,1
6219,7,2,39.52,93.59,1
6219,25,1,331.70,675.99,0
6219,26,1,34.24,83.19,1
6220,1,6,5.30,10.39,1
6220,9,1,4.37,12.47,1
6221,2,6,5.30,10.39,1
6221,9,1,4.37,12.47,1
6222,6,2,14.56,36.39,1
6222,27,1,6.42,18.71,1
6223,4,1,11.96,25.99,1
6223,31,1,23.54,57.19,1
6224,2,6,5.30,10.39,1
6224,9,1,4.37,12.47,1
6225,7,2,39.52,93.59,1
6225,27,1,6.42,18.71,1
6226,2,6,5.30,10.39,1
6226,9,1,4.37,12.47,1
6227,24,1,49.05,124.79,1
6228,23,6,9.27,20.79,1
6230,2,6,5.30,10.39,1
6230,9,1,4.37,12.47,1
6231,2,6,5.30,10.39,1
6231,9,1,4.37,12.47,1
6232,14,1,33.92,83.19,1
6232,16,2,43.46,98.79,1
6232,17,1,7.95,20.79,1
6233,2,5,5.30,10.39,1
6233,9,1,4.37,12.47,1
6233,38,1,71.40,166.39,1
6234,4,1,11.96,25.99,1
6234,11,1,10.39,29.11,1
6234,31,1,23.54,57.19,1
6237,1,5,5.30,10.39,1
6237,8,1,18.72,46.79,1
6237,9,1,4.37,12.47,1
6238,8,1,18.72,46.79,1
6238,11,1,10.39,29.11,1
6238,12,1,9.12,31.19,1
6238,19,1,174.40,280.79,1
6239,7,2,39.52,93.59,1
6239,27,1,6.42,18.71,1
6240,35,1,25.20,57.19,1
6241,18,1,158.05,259.99,1
6242,2,6,5.30,10.39,1
6242,9,1,4.37,12.47,1
6243,18,1,158.05,259.99,1
6244,2,6,5.30,10.39,1
6244,9,1,4.37,12.47,1
6245,6,2,14.56,36.39,1
6245,27,1,6.42,18.71,1
6246,3,6,6.45,13.51,1
6246,46,1,25.20,62.39,1
6247,7,2,39.52,93.59,1
6247,27,1,6.42,18.71,1
6248,37,2,99.75,228.79,1
6250,23,6,9.27,20.79,1
6251,19,1,174.40,280.79,1
6252,40,2,18.90,46.79,1
6253,7,2,39.52,93.59,1
6253,27,1,6.42,18.71,1
6255,7,2,39.52,93.59,1
6255,25,1,331.70,675.99,1
6255,26,1,34.24,83.19,1
6256,14,1,33.92,83.19,1
6256,16,2,43.46,98.79,1
6256,17,1,7.95,20.79,1
6257,36,1,57.75,135.19,1
6259,1,6,5.30,10.39,1
6259,9,1,4.37,12.47,1
6259,19,1,174.40,280.79,1
6260,2,6,5.30,10.39,1
6260,9,1,4.37,12.47,1
6262,2,6,5.30,10.39,1
6262,9,1,4.37,12.47,1
6264,19,1,174.40,280.79,1
6265,47,1,252.00,519.99,0
6266,1,6,5.30,10.39,1
6266,9,1,4.37,12.47,1
6267,3,10,6.45,13.51,1
6267,48,1,441.00,935.99,0
6267,49,1,68.25,155.99,1
6268,22,1,41.42,93.59,1
6269,11,1,10.39,29.11,1
6269,12,1,9.12,31.19,1
6270,1,6,5.30,10.39,1
6270,9,1,4.37,12.47,1
6270,11,1,10.39,29.11,1
6270,12,1,9.12,31.19,1
6271,11,1,10.39,29.11,1
6271,12,1,9.12,31.19,1
6272,11,1,10.39,29.11,1
6272,12,1,9.12,31.19,1
6273,6,2,14.56,36.39,1
6273,26,1,34.24,83.19,1
6273,28,1,155.15,332.79,1
6274,14,1,33.92,83.19,1
6274,16,2,43.46,98.79,1
6276,2,6,5.30,10.39,1
6276,7,2,39.52,93.59,1
6276,9,1,4.37,12.47,1
6276,27,1,6.42,18.71,1
6277,1,6,5.30,10.39,1
6277,9,1,4.37,12.47,1
6280,2,6,5.30,10.39,1
6280,9,1,4.37,12.47,1
6281,5,1,9.78,20.79,1
6281,11,1,10.39,29.11,1
6281,12,1,9.12,31.19,1
6282,19,1,174.40,280.79,1
6283,1,7,5.30,10.39,1
6283,10,1,9.88,23.91,1
6284,5,1,9.78,20.79,1
6284,8,1,18.72,46.79,1
6284,19,1,174.40,280.79,0
6285,2,5,5.30,10.39,1
6285,9,1,4.37,12.47,1
6286,1,5,5.30,10.39,1
6286,9,1,4.37,12.47,1
6287,11,1,10.39,29.11,1
6289,5,1,9.78,20.79,1
6290,1,5,5.30,10.39,1
6290,9,1,4.37,12.47,1
6290,11,1,10.39,29.11,1
6291,8,1,18.72,46.79,1
6291,11,1,10.39,29.11,1
6291,12,1,9.12,31.19,1
6292,1,5,5.30,10.39,1
6292,9,1,4.37,12.47,1
6293,36,1,57.75,135.19,1
6294,2,6,5.30,10.39,1
6294,9,1,4.37,12.47,1
6295,7,2,39.52,93.59,1
6295,27,1,6.42,18.71,1
6296,3,6,6.45,13.51,1
6296,46,1,25.20,62.39,1
6297,8,1,18.72,46.79,1
6297,11,1,10.39,29.11,1
6297,12,1,9.12,31.19,1
6298,1,6,5.30,10.39,1
6298,9,1,4.37,12.47,1
6299,23,4,9.27,20.79,1
6300,31,1,23.54,0.00,1
6301,37,2,99.75,228.79,1
6302,3,6,6.45,13.51,1
6302,46,1,25.20,62.39,1
6303,6,2,14.56,36.39,1
6303,27,1,6.42,18.71,1
6304,1,6,5.30,10.39,1
6304,9,1,4.37,12.47,1
6304,11,1,10.39,29.11,1
6304,12,1,9.12,31.19,1
6305,7,2,39.52,93.59,1
6305,27,1,6.42,18.71,1
6306,7,2,39.52,93.59,1
6306,27,1,6.42,18.71,1
6308,7,2,39.52,93.59,1
6308,27,1,6.42,18.71,1
6311,2,6,5.30,10.39,1
6311,9,1,4.37,12.47,1
6313,4,2,11.96,25.99,1
6313,8,1,18.72,46.79,1
6314,1,5,5.30,10.39,1
6314,9,1,4.37,12.47,1
6315,11,1,10.39,29.11,1
6315,12,1,9.12,31.19,1
6316,4,2,11.96,25.99,1
6317,5,1,9.78,20.79,1
6318,11,1,10.39,29.11,1
6318,24,1,49.05,124.79,1
6319,2,6,5.30,10.39,1
6319,9,1,4.37,12.47,1
6319,11,1,10.39,29.11,1
6319,12,1,9.12,31.19,1
6320,34,1,27.30,67.59,1
6321,22,1,41.42,93.59,1
6322,23,4,9.27,20.79,1
6323,1,5,5.30,10.39,1
6323,9,1,4.37,12.47,1
6324,6,2,14.56,36.39,1
6324,8,1,18.72,46.79,1
6324,26,1,34.24,83.19,1
6324,28,1,155.15,332.79,1
6325,11,1,10.39,29.11,1
6325,19,1,174.40,280.79,1
6326,21,1,130.80,270.39,1
6328,1,5,5.30,10.39,1
6328,7,2,39.52,93.59,1
6328,9,1,4.37,12.47,1
6328,27,1,6.42,18.71,1
6329,7,2,39.52,93.59,1
6329,27,1,6.42,18.71,1
6331,1,6,5.30,10.39,1
6331,9,1,4.37,12.47,1
6332,2,5,5.30,10.39,1
6332,9,1,4.37,12.47,1
6333,4,2,11.96,25.99,1
6333,30,1,171.20,363.99,1
6333,32,1,29.96,67.59,1
6334,4,2,11.96,25.99,1
6334,30,1,171.20,363.99,1
6334,32,1,29.96,67.59,1
6335,2,6,5.30,10.39,1
6335,9,1,4.37,12.47,1
6336,19,1,174.40,280.79,1
6337,23,6,9.27,20.79,1
6338,19,1,174.40,280.79,1
6340,4,2,11.96,25.99,1
6340,29,1,90.95,207.99,1
6341,11,1,10.39,29.11,1
6341,12,1,9.12,31.19,1
6341,18,1,158.05,259.99,1
6342,11,1,10.39,29.11,1
6343,7,2,39.52,93.59,1
6343,27,1,6.42,18.71,1
6344,5,1,9.78,20.79,1
6345,2,6,5.30,10.39,1
6345,9,1,4.37,12.47,1
6346,33,1,220.50,467.99,1
6347,2,6,5.30,10.39,1
6347,9,1,4.37,12.47,1
6347,11,1,10.39,29.11,1
6348,2,6,5.30,10.39,1
6348,9,1,4.37,12.47,1
6349,37,2,99.75,228.79,1
6350,1,6,5.30,10.39,1
6350,9,1,4.37,12.47,1
6351,7,2,39.52,93.59,1
6351,27,1,6.42,18.71,1
6352,2,6,5.30,10.39,1
6352,4,2,11.96,25.99,1
6352,9,1,4.37,12.47,1
6352,30,1,171.20,363.99,1
6354,6,2,14.56,36.39,1
6354,11,1,10.39,29.11,1
6354,12,1,9.12,31.19,1
6354,27,1,6.42,18.71,1
6355,41,1,399.00,831.99,0
6355,43,1,12.60,31.19,1
6357,20,1,179.85,343.19,1
6359,41,1,399.00,831.99,0
6359,43,1,12.60,31.19,1
6360,1,6,5.30,10.39,1
6360,9,1,4.37,12.47,1
6361,5,1,9.78,20.79,1
6362,2,6,5.30,10.39,1
6362,9,1,4.37,12.47,1
6363,11,1,10.39,29.11,1
6363,12,1,9.12,31.19,1
6363,47,1,252.00,519.99,0
6364,2,6,5.30,10.39,1
6364,8,1,18.72,46.79,1
6364,9,1,4.37,12.47,1
6365,21,1,130.80,270.39,1
6366,5,1,9.78,20.79,1
6366,6,2,14.56,36.39,1
6366,8,1,18.72,46.79,1
6366,27,1,6.42,18.71,1
6367,11,1,10.39,29.11,1
6367,12,1,9.12,31.19,1
6367,38,1,71.40,166.39,1
6368,1,5,5.30,10.39,1
6368,9,1,4.37,12.47,1
6369,22,1,41.42,93.59,1
6370,2,5,5.30,10.39,1
6370,9,1,4.37,12.47,1
6371,1,6,5.30,10.39,1
6371,9,1,4.37,12.47,1
6372,2,6,5.30,10.39,1
6372,9,1,4.37,12.47,1
6373,35,1,25.20,57.19,1
6374,2,6,5.30,10.39,1
6374,9,1,4.37,12.47,1
6375,5,1,9.78,20.79,1
6376,1,6,5.30,10.39,1
6376,9,1,4.37,12.47,1
6377,6,2,14.56,36.39,1
6377,25,1,331.70,675.99,1
6377,26,1,34.24,83.19,1
6378,2,6,5.30,10.39,1
6378,9,1,4.37,12.47,1
6378,15,1,29.68,72.79,1
6379,22,2,41.42,93.59,1
6380,35,1,25.20,57.19,1
6381,37,2,99.75,228.79,1
6382,21,1,130.80,270.39,1
6383,22,1,41.42,93.59,1
6384,21,1,130.80,270.39,1
6385,18,1,158.05,259.99,1
6386,1,6,5.30,10.39,1
6386,9,1,4.37,12.47,1
6387,11,1,10.39,29.11,1
6388,1,5,5.30,10.39,1
6388,9,1,4.37,12.47,1
6389,2,5,5.30,10.39,1
6389,9,1,4.37,12.47,1
6389,11,1,10.39,29.11,1
6389,12,1,9.12,31.19,1
6390,11,1,10.39,29.11,1
6390,12,1,9.12,31.19,1
6391,15,1,29.68,72.79,1
6392,5,1,9.78,20.79,1
6392,34,1,27.30,67.59,1
6393,5,1,9.78,20.79,1
6393,19,1,174.40,280.79,1
6394,4,1,11.96,25.99,1
6394,31,1,23.54,57.19,1
6395,4,2,11.96,25.99,1
6395,29,1,90.95,207.99,1
6396,2,6,5.30,10.39,1
6396,9,1,4.37,12.47,1
6397,2,6,5.30,10.39,1
6397,9,1,4.37,12.47,1
6398,8,1,18.72,46.79,1
6399,38,1,71.40,166.39,1
6401,18,1,158.05,259.99,1
6402,19,1,174.40,280.79,1
6403,2,6,5.30,10.39,1
6403,9,1,4.37,12.47,1
6404,19,1,174.40,280.79,1
6405,2,6,5.30,10.39,1
6405,6,2,14.56,36.39,1
6405,9,1,4.37,12.47,1
6405,26,1,34.24,83.19,1
6405,28,1,155.15,332.79,1
6406,2,6,5.30,10.39,1
6406,9,1,4.37,12.47,1
6407,42,1,89.25,197.59,1
6407,43,1,12.60,31.19,1
6408,19,1,174.40,280.79,1
6409,8,1,18.72,46.79,1
6409,15,1,29.68,72.79,1
6410,1,5,5.30,10.39,1
6410,8,1,18.72,46.79,1
6410,9,1,4.37,12.47,1
6411,2,6,5.30,10.39,1
6411,9,1,4.37,12.47,1
6412,1,5,5.30,10.39,1
6412,4,2,11.96,25.99,1
6412,9,1,4.37,12.47,1
6412,30,1,171.20,363.99,1
6413,5,1,9.78,20.79,1
6413,8,1,18.72,46.79,1
6414,7,2,39.52,93.59,1
6414,27,1,6.42,18.71,1
6415,3,6,6.45,13.51,1
6415,46,1,25.20,62.39,1
6416,41,1,399.00,831.99,0
6416,43,1,12.60,31.19,1
6417,23,6,9.27,20.79,1
6418,1,5,5.30,10.39,1
6418,9,1,4.37,12.47,1
6419,33,1,220.50,467.99,1
6420,19,1,174.40,280.79,1
6422,14,1,33.92,83.19,1
6422,16,2,43.46,98.79,1
6423,14,1,33.92,83.19,1
6423,16,2,43.46,98.79,1
6423,17,1,7.95,20.79,1
6424,11,1,10.39,29.11,1
6424,12,1,9.12,31.19,1
6425,2,6,5.30,10.39,1
6425,9,1,4.37,12.47,1
6426,34,1,27.30,67.59,1
6427,4,1,11.96,25.99,1
6427,31,1,23.54,57.19,1
6428,14,1,33.92,83.19,1
6428,16,2,43.46,98.79,1
6429,11,1,10.39,29.11,1
6429,12,1,9.12,31.19,1
6430,1,7,5.30,10.39,1
6430,10,1,9.88,23.91,1
6431,11,1,10.39,29.11,1
6431,12,1,9.12,31.19,1
6432,7,2,39.52,93.59,1
6432,26,1,34.24,83.19,1
6432,28,1,155.15,332.79,1
6433,22,1,41.42,93.59,1
6435,4,2,11.96,25.99,1
6435,11,1,10.39,29.11,1
6435,12,1,9.12,31.19,1
6435,29,1,90.95,207.99,1
6436,20,1,179.85,343.19,1
6437,7,2,39.52,93.59,1
6437,27,1,6.42,18.71,1
6438,8,1,18.72,46.79,1
6439,4,1,11.96,25.99,1
6439,31,1,23.54,57.19,1
6440,11,1,10.39,29.11,1
6440,12,1,9.12,31.19,1
6440,24,1,49.05,124.79,1
6441,4,1,11.96,25.99,1
6441,31,1,23.54,57.19,1
6442,1,5,5.30,10.39,1
6442,9,1,4.37,12.47,1
6443,19,1,174.40,280.79,1
6444,15,1,29.68,72.79,1
6444,17,1,7.95,20.79,1
6445,19,1,174.40,280.79,1
6446,19,1,174.40,280.79,0
6447,19,1,174.40,280.79,0
6448,4,2,11.96,25.99,1
6448,29,1,90.95,207.99,1
6451,19,1,174.40,280.79,0
6452,19,1,174.40,280.79,0
6453,11,1,10.39,29.11,1
6453,12,1,9.12,31.19,1
6454,2,6,5.30,10.39,1
6454,5,1,9.78,20.79,1
6454,9,1,4.37,12.47,1
6455,11,1,10.39,29.11,1
6455,12,1,9.12,31.19,1
6456,1,6,5.30,10.39,1
6456,9,1,4.37,12.47,1
6458,8,1,18.72,46.79,1
6459,2,6,5.30,10.39,1
6459,9,1,4.37,12.47,1
6460,4,2,11.96,25.99,1
6461,40,2,18.90,46.79,1
6462,19,1,174.40,280.79,0
6463,8,1,18.72,46.79,1
6463,11,1,10.39,29.11,1
6463,12,1,9.12,31.19,1
6464,14,1,33.92,83.19,1
6464,16,2,43.46,98.79,1
6465,1,5,5.30,10.39,1
6465,9,1,4.37,12.47,1
6466,2,6,5.30,10.39,1
6466,9,1,4.37,12.47,1
6467,6,2,14.56,36.39,1
6467,27,1,6.42,18.71,1
6468,2,6,5.30,10.39,1
6468,6,2,14.56,36.39,1
6468,9,1,4.37,12.47,1
6468,27,1,6.42,18.71,1
6469,6,2,14.56,36.39,1
6469,11,1,10.39,29.11,1
6469,12,1,9.12,31.19,1
6469,27,1,6.42,18.71,1
6470,40,2,18.90,46.79,1
6471,37,2,99.75,228.79,1
6472,7,2,39.52,93.59,1
6472,25,1,331.70,675.99,1
6472,26,1,34.24,83.19,1
6474,7,2,39.52,93.59,1
6474,25,1,331.70,675.99,1
6474,26,1,34.24,83.19,1
6475,19,1,174.40,280.79,1
6476,1,5,5.30,10.39,1
6476,9,1,4.37,12.47,1
6477,7,2,39.52,93.59,1
6477,27,1,6.42,18.71,1
6478,14,1,33.92,83.19,1
6478,16,2,43.46,98.79,1
6478,17,1,7.95,20.79,1
6479,1,6,5.30,10.39,1
6479,9,1,4.37,12.47,1
6480,18,1,158.05,259.99,1
6482,18,1,158.05,259.99,1
6483,2,6,5.30,10.39,1
6483,9,1,4.37,12.47,1
6484,2,6,5.30,10.39,1
6484,5,1,9.78,20.79,1
6484,9,1,4.37,12.47,1
6485,4,2,11.96,25.99,1
6485,29,1,90.95,207.99,1
6487,13,1,14.84,38.47,1
6487,44,1,189.00,405.59,1
6488,8,1,18.72,46.79,1
6488,40,2,18.90,46.79,1
6489,5,1,9.78,20.79,1
6490,1,5,5.30,10.39,1
6490,5,1,9.78,20.79,1
6490,9,1,4.37,12.47,1
6491,1,6,5.30,10.39,1
6491,9,1,4.37,12.47,1
6491,11,1,10.39,29.11,1
6491,12,1,9.12,31.19,1
6492,25,1,331.70,0.00,0
6492,26,1,34.24,0.00,1
6494,3,6,6.45,13.51,1
6494,46,1,25.20,62.39,1
6495,3,6,6.45,13.51,1
6496,2,5,5.30,10.39,1
6496,9,1,4.37,12.47,1
6496,34,1,27.30,67.59,1
6497,19,1,174.40,280.79,1
6498,14,1,33.92,83.19,1
6498,16,2,43.46,98.79,1
6498,17,1,7.95,20.79,1
6499,34,1,27.30,67.59,1
6500,2,5,5.30,10.39,1
6500,9,1,4.37,12.47,1
6501,34,1,27.30,67.59,1
6502,27,1,6.42,0.00,1
6503,14,1,33.92,83.19,1
6503,16,2,43.46,98.79,1
6503,17,1,7.95,20.79,1
6504,15,1,29.68,72.79,1
6504,17,1,7.95,20.79,1
6505,3,6,6.45,13.51,1
6507,2,6,5.30,10.39,1
6507,9,1,4.37,12.47,1
6507,19,1,174.40,280.79,1
6508,11,1,10.39,29.11,1
6508,12,1,9.12,31.19,1
6509,23,6,9.27,20.79,1
6510,21,1,130.80,270.39,1
6511,4,2,11.96,25.99,1
6512,7,2,39.52,93.59,1
6512,25,1,331.70,675.99,0
6512,26,1,34.24,83.19,1
6513,7,2,39.52,93.59,1
6513,27,1,6.42,18.71,1
6514,35,1,25.20,57.19,1
6515,4,2,11.96,25.99,1
6515,8,1,18.72,46.79,1
6516,2,6,5.30,10.39,1
6516,9,1,4.37,12.47,1
6517,14,1,33.92,83.19,1
6517,16,2,43.46,98.79,1
6517,17,1,7.95,20.79,1
6518,1,5,5.30,10.39,1
6518,6,2,14.56,36.39,1
6518,9,1,4.37,12.47,1
6518,27,1,6.42,18.71,1
6519,1,6,5.30,10.39,1
6519,7,2,39.52,93.59,1
6519,9,1,4.37,12.47,1
6519,25,1,331.70,675.99,1
6519,26,1,34.24,83.19,1
6520,1,6,5.30,10.39,1
6520,8,1,18.72,46.79,1
6520,9,1,4.37,12.47,1
6521,2,6,5.30,10.39,1
6521,9,1,4.37,12.47,1
6522,1,6,5.30,10.39,1
6522,9,1,4.37,12.47,1
6523,5,1,9.78,20.79,1
6525,41,1,399.00,831.99,0
6525,43,1,12.60,31.19,1
6526,5,1,9.78,20.79,1
6528,33,1,220.50,467.99,1
6529,22,2,41.42,93.59,1
6530,2,6,5.30,10.39,1
6530,9,1,4.37,12.47,1
6531,1,6,5.30,10.39,1
6531,9,1,4.37,12.47,1
6531,11,1,10.39,29.11,1
6531,12,1,9.12,31.19,1
6531,13,1,14.84,38.47,1
6531,44,1,189.00,405.59,1
6532,4,2,11.96,25.99,1
6532,30,1,171.20,363.99,1
6532,32,1,29.96,67.59,1
6533,41,1,399.00,831.99,0
6533,43,1,12.60,31.19,1
6534,2,6,5.30,10.39,1
6534,9,1,4.37,12.47,1
6536,19,1,174.40,280.79,1
6537,2,6,5.30,10.39,1
6537,5,1,9.78,20.79,1
6537,9,1,4.37,12.47,1
6538,8,1,18.72,46.79,1
6539,1,5,5.30,10.39,1
6539,5,1,9.78,20.79,1
6539,9,1,4.37,12.47,1
6540,2,6,5.30,10.39,1
6540,9,1,4.37,12.47,1
6540,11,1,10.39,29.11,1
6541,20,1,179.85,343.19,1
6542,37,2,99.75,228.79,1
6543,23,6,9.27,20.79,1
6544,15,1,29.68,72.79,1
6545,40,2,18.90,46.79,1
6546,24,1,49.05,124.79,1
6547,1,5,5.30,10.39,1
6547,8,1,18.72,46.79,1
6547,9,1,4.37,12.47,1
6548,8,1,18.72,46.79,1
6550,42,1,89.25,197.59,1
6550,43,1,12.60,31.19,1
6551,18,1,158.05,259.99,1
6552,7,2,39.52,93.59,1
6552,27,1,6.42,18.71,1
6553,7,2,39.52,93.59,1
6553,25,1,331.70,675.99,1
6553,26,1,34.24,83.19,1
6554,7,2,39.52,93.59,1
6554,25,1,331.70,675.99,0
6554,26,1,34.24,83.19,1
6555,37,2,99.75,228.79,1
6556,3,6,6.45,13.51,1
6557,4,2,11.96,25.99,1
6557,29,1,90.95,207.99,1
6558,6,2,14.56,36.39,1
6558,27,1,6.42,18.71,1
6559,7,2,39.52,93.59,1
6559,27,1,6.42,18.71,1
6560,14,1,33.92,83.19,1
6560,16,2,43.46,98.79,1
6560,17,1,7.95,20.79,1
6561,1,5,5.30,10.39,1
6561,6,2,14.56,36.39,1
6561,9,1,4.37,12.47,1
6561,27,1,6.42,18.71,1
6562,2,6,5.30,10.39,1
6562,9,1,4.37,12.47,1
6564,2,6,5.30,10.39,1
6564,9,1,4.37,12.47,1
6565,1,7,5.30,10.39,1
6565,7,2,39.52,93.59,1
6565,10,1,9.88,23.91,1
6565,26,1,34.24,83.19,1
6565,28,1,155.15,332.79,1
6566,7,2,39.52,93.59,1
6566,27,1,6.42,18.71,1
6567,2,6,5.30,10.39,1
6567,5,1,9.78,20.79,1
6567,9,1,4.37,12.47,1
6568,1,5,5.30,10.39,1
6568,9,1,4.37,12.47,1
6569,22,1,41.42,93.59,1
6570,4,2,11.96,25.99,1
6570,5,1,9.78,20.79,1
6571,4,2,11.96,25.99,1
6571,8,1,18.72,46.79,1
6572,7,2,39.52,93.59,1
6572,25,1,331.70,675.99,0
6572,26,1,34.24,83.19,1
6573,7,2,39.52,93.59,1
6573,26,1,34.24,83.19,0
6573,28,1,155.15,332.79,1
6574,7,2,39.52,93.59,1
6574,27,1,6.42,18.71,1
6575,7,2,39.52,93.59,1
6575,27,1,6.42,18.71,1
6576,2,6,5.30,10.39,1
6576,9,1,4.37,12.47,1
6576,40,2,18.90,46.79,1
6577,18,1,158.05,259.99,1
6578,4,1,11.96,25.99,1
6578,31,1,23.54,57.19,1
6579,4,2,11.96,25.99,1
6579,29,1,90.95,207.99,1
6580,5,1,9.78,20.79,1
6581,1,6,5.30,10.39,1
6581,9,1,4.37,12.47,1
6582,2,6,5.30,10.39,1
6582,9,1,4.37,12.47,1
6583,2,6,5.30,10.39,1
6583,9,1,4.37,12.47,1
6584,14,1,33.92,83.19,1
6584,16,2,43.46,98.79,1
6584,17,1,7.95,20.79,1
6585,1,6,5.30,10.39,1
6585,5,1,9.78,20.79,1
6585,10,1,9.88,23.91,1
6587,1,6,5.30,10.39,1
6587,5,1,9.78,20.79,1
6587,9,1,4.37,12.47,1
6588,2,6,5.30,10.39,1
6588,9,1,4.37,12.47,1
6589,14,1,33.92,83.19,1
6589,16,2,43.46,98.79,1
6590,37,2,99.75,228.79,1
6591,8,1,18.72,46.79,1
6591,37,2,99.75,228.79,1
6592,20,1,179.85,343.19,1
6593,5,1,9.78,20.79,1
6593,7,2,39.52,93.59,1
6593,25,1,331.70,675.99,0
6593,26,1,34.24,83.19,0
6594,24,1,49.05,124.79,1
6595,7,2,39.52,93.59,1
6595,27,1,6.42,18.71,1
6596,1,5,5.30,10.39,1
6596,5,1,9.78,20.79,1
6596,9,1,4.37,12.47,1
6597,41,1,399.00,831.99,0
6597,43,1,12.60,31.19,1
6598,2,6,5.30,10.39,1
6598,9,1,4.37,12.47,1
6599,5,1,9.78,20.79,1
6599,15,1,29.68,72.79,1
6599,17,1,7.95,20.79,1
6601,4,2,11.96,25.99,1
6601,5,1,9.78,20.79,1
6601,8,1,18.72,46.79,1
6602,4,2,11.96,25.99,1
6603,11,1,10.39,29.11,1
6603,23,6,9.27,20.79,1
6604,2,6,5.30,10.39,1
6604,9,1,4.37,12.47,1
6605,22,1,41.42,93.59,1
6606,11,1,10.39,29.11,1
6606,12,1,9.12,31.19,1
6607,2,6,5.30,10.39,1
6607,9,1,4.37,12.47,1
6608,6,2,14.56,36.39,1
6608,27,1,6.42,18.71,1
6609,11,1,10.39,29.11,1
6609,12,1,9.12,31.19,1
6609,24,1,49.05,124.79,1
6610,14,1,33.92,83.19,1
6610,16,2,43.46,98.79,1
6610,17,1,7.95,20.79,1
6612,8,1,18.72,46.79,1
6612,41,1,399.00,831.99,0
6612,43,1,12.60,31.19,1
6613,24,1,49.05,124.79,1
6614,14,1,33.92,83.19,1
6614,16,2,43.46,98.79,1
6614,17,1,7.95,20.79,1
6615,7,2,39.52,93.59,1
6615,27,1,6.42,18.71,1
6616,18,1,158.05,0.00,1
6618,15,1,29.68,72.79,1
6619,2,5,5.30,10.39,1
6619,7,2,39.52,93.59,1
6619,9,1,4.37,12.47,1
6619,27,1,6.42,18.71,1
6621,14,1,33.92,83.19,1
6621,16,2,43.46,98.79,1
6621,17,1,7.95,20.79,1
6622,2,6,5.30,10.39,1
6622,9,1,4.37,12.47,1
6622,11,1,10.39,29.11,1
6622,12,1,9.12,31.19,1
6623,38,1,71.40,166.39,1
6624,19,1,174.40,280.79,1
6625,2,6,5.30,10.39,1
6625,9,1,4.37,12.47,1
6627,5,1,9.78,20.79,1
6628,1,6,5.30,10.39,1
6628,8,1,18.72,46.79,1
6628,10,1,9.88,23.91,1
6630,19,1,174.40,280.79,1
6631,5,1,9.78,20.79,1
6632,2,6,5.30,10.39,1
6632,4,2,11.96,25.99,1
6632,9,1,4.37,12.47,1
6632,30,1,171.20,363.99,1
6632,32,1,29.96,67.59,1
6633,2,6,5.30,10.39,1
6633,9,1,4.37,12.47,1
6634,2,5,5.30,10.39,1
6634,9,1,4.37,12.47,1
6635,22,2,41.42,93.59,1
6637,1,6,5.30,10.39,1
6637,10,1,9.88,23.91,1
6638,25,1,331.70,0.00,1
6638,26,1,34.24,0.00,1
6639,4,1,11.96,25.99,1
6639,31,1,23.54,57.19,1
6640,37,2,99.75,228.79,1
6641,1,6,5.30,10.39,1
6641,9,1,4.37,12.47,1
6642,2,6,5.30,10.39,1
6642,9,1,4.37,12.47,1
6643,2,6,5.30,10.39,1
6643,9,1,4.37,12.47,1
6643,19,1,174.40,280.79,1
6644,19,1,174.40,280.79,1
6645,8,1,18.72,46.79,1
6645,21,1,130.80,270.39,1
6648,7,2,39.52,93.59,1
6648,27,1,6.42,18.71,1
6649,5,1,9.78,20.79,1
6649,11,1,10.39,29.11,1
6649,12,1,9.12,31.19,1
6649,23,8,9.27,20.79,1
6650,23,4,9.27,20.79,1
6651,11,1,10.39,29.11,1
6651,12,1,9.12,31.19,1
6652,19,1,174.40,280.79,1
6653,5,1,9.78,20.79,1
6653,15,1,29.68,72.79,1
6653,17,1,7.95,20.79,1
6654,8,1,18.72,46.79,1
6654,24,1,49.05,124.79,1
6655,1,6,5.30,10.39,1
6655,10,1,9.88,23.91,1
6656,4,1,11.96,25.99,1
6656,8,1,18.72,46.79,1
6656,31,1,23.54,57.19,1
6657,2,6,5.30,10.39,1
6657,9,1,4.37,12.47,1
6658,2,6,5.30,10.39,1
6658,8,1,18.72,46.79,1
6658,9,1,4.37,12.47,1
6659,26,1,34.24,0.00,1
6660,6,2,14.56,36.39,1
6660,27,1,6.42,18.71,1
6662,22,2,41.42,93.59,1
6663,14,1,33.92,83.19,1
6663,16,2,43.46,98.79,1
6663,17,1,7.95,20.79,1
6664,5,1,9.78,20.79,1
6665,37,2,99.75,228.79,1
6666,26,1,34.24,0.00,1
6667,5,1,9.78,20.79,1
6669,3,6,6.45,13.51,1
6670,4,2,11.96,25.99,1
6671,33,1,220.50,467.99,1
6672,2,6,5.30,10.39,1
6672,9,1,4.37,12.47,1
6673,33,1,220.50,467.99,1
6674,19,1,174.40,280.79,1
6675,37,2,99.75,228.79,1
6676,37,2,99.75,0.00,1
6677,37,2,99.75,228.79,0
6678,2,6,5.30,10.39,1
6678,9,1,4.37,12.47,1
6678,11,1,10.39,29.11,1
6678,12,1,9.12,31.19,1
6679,2,5,5.30,10.39,1
6679,5,1,9.78,20.79,1
6679,9,1,4.37,12.47,1
6680,7,2,39.52,93.59,1
6680,27,1,6.42,18.71,1
6682,2,6,5.30,10.39,1
6682,9,1,4.37,12.47,1
6683,33,1,220.50,467.99,1
6684,38,1,71.40,166.39,1
6685,1,5,5.30,10.39,1
6685,5,1,9.78,20.79,1
6685,9,1,4.37,12.47,1
6686,4,1,11.96,25.99,1
6686,5,1,9.78,20.79,1
6686,31,1,23.54,57.19,1
6687,14,1,33.92,83.19,1
6687,16,2,43.46,98.79,1
6687,17,1,7.95,20.79,1
6688,4,2,11.96,25.99,1
6688,11,1,10.39,29.11,1
6688,12,1,9.12,31.19,1
6689,1,5,5.30,10.39,1
6689,9,1,4.37,12.47,1
6690,41,1,399.00,831.99,0
6690,43,1,12.60,31.19,1
6691,11,1,10.39,29.11,1
6691,12,1,9.12,31.19,1
6692,11,1,10.39,29.11,1
6693,5,1,9.78,20.79,1
6694,23,4,9.27,20.79,1
6696,2,5,5.30,10.39,1
6696,9,1,4.37,12.47,1
6697,11,1,10.39,29.11,1
6697,12,1,9.12,31.19,1
6697,14,1,33.92,83.19,1
6697,16,2,43.46,98.79,1
6697,17,1,7.95,20.79,1
6699,42,1,89.25,197.59,1
6699,43,1,12.60,31.19,1
6700,7,2,39.52,93.59,1
6700,27,1,6.42,18.71,1
6701,8,1,18.72,46.79,1
6703,37,2,99.75,228.79,1
6704,35,1,25.20,57.19,1
6705,1,7,5.30,10.39,1
6705,10,1,9.88,23.91,1
6706,1,5,5.30,10.39,1
6706,9,1,4.37,12.47,1
6706,23,4,9.27,20.79,1
6707,8,1,18.72,46.79,1
6708,8,1,18.72,46.79,1
6709,2,6,5.30,10.39,1
6709,9,1,4.37,12.47,1
6709,11,1,10.39,29.11,1
6709,12,1,9.12,31.19,1
6710,6,2,14.56,36.39,1
6710,27,1,6.42,18.71,1
6711,4,2,11.96,25.99,1
6711,30,1,171.20,363.99,1
6711,32,1,29.96,67.59,1
6712,8,1,18.72,46.79,1
6713,4,1,11.96,25.99,1
6713,11,1,10.39,29.11,1
6713,12,1,9.12,31.19,1
6713,31,1,23.54,57.19,1
6714,33,1,220.50,467.99,1
6715,11,1,10.39,29.11,1
6715,12,1,9.12,31.19,1
6715,23,4,9.27,20.79,1
6716,7,2,39.52,93.59,1
6716,27,1,6.42,18.71,1
6717,15,1,29.68,72.79,1
6717,17,1,7.95,20.79,1
6718,7,2,39.52,93.59,1
6718,27,1,6.42,18.71,1
6719,1,5,5.30,10.39,1
6719,9,1,4.37,12.47,1
6720,2,6,5.30,10.39,1
6720,9,1,4.37,12.47,1
6722,2,6,5.30,10.39,1
6722,9,1,4.37,12.47,1
6723,5,1,9.78,20.79,1
6723,19,1,174.40,280.79,1
6725,2,6,5.30,10.39,1
6725,9,1,4.37,12.47,1
6726,31,1,23.54,0.00,1
6727,2,6,5.30,10.39,1
6727,8,1,18.72,46.79,1
6727,9,1,4.37,12.47,1
6728,41,1,399.00,831.99,0
6728,43,1,12.60,31.19,1
6729,22,2,41.42,93.59,1
6731,8,1,18.72,46.79,1
6732,2,6,5.30,10.39,1
6732,9,1,4.37,12.47,1
6732,34,1,27.30,67.59,1
6733,20,1,179.85,343.19,1
6733,35,1,25.20,57.19,1
6734,19,1,174.40,280.79,1
6735,18,1,158.05,259.99,1
6736,1,6,5.30,10.39,1
6736,5,1,9.78,20.79,1
6736,9,1,4.37,12.47,1
6737,38,1,71.40,166.39,1
6737,39,1,23.10,57.19,1
6738,4,2,11.96,25.99,1
6738,11,1,10.39,29.11,1
6738,12,1,9.12,31.19,1
6738,29,1,90.95,207.99,1
6739,8,1,18.72,46.79,1
6740,15,1,29.68,72.79,1
6740,17,1,7.95,20.79,1
6742,3,6,6.45,13.51,1
6743,1,6,5.30,10.39,1
6743,5,1,9.78,20.79,1
6743,9,1,4.37,12.47,1
6743,20,1,179.85,343.19,1
6743,35,1,25.20,57.19,1
6744,37,2,99.75,228.79,1
6745,2,6,5.30,10.39,1
6745,9,1,4.37,12.47,1
6746,15,1,29.68,72.79,1
6746,17,1,7.95,20.79,1
6747,2,5,5.30,10.39,1
6747,9,1,4.37,12.47,1
6748,42,1,89.25,197.59,1
6748,43,1,12.60,31.19,1
6749,18,1,158.05,259.99,1
6750,2,6,5.30,10.39,1
6750,9,1,4.37,12.47,1
6751,20,1,179.85,343.19,1
6752,23,4,9.27,20.79,1
6753,8,1,18.72,46.79,1
6754,2,6,5.30,10.39,1
6754,9,1,4.37,12.47,1
6755,2,6,5.30,10.39,1
6755,9,1,4.37,12.47,1
6755,24,1,49.05,124.79,1
6757,6,2,14.56,36.39,1
6757,27,1,6.42,18.71,1
6758,15,1,29.68,0.00,1
6759,23,6,9.27,20.79,1
6760,34,1,27.30,67.59,1
6761,18,1,158.05,259.99,1
6762,34,1,27.30,67.59,1
6763,1,5,5.30,10.39,1
6763,5,1,9.78,20.79,1
6763,9,1,4.37,12.47,1
6764,6,2,14.56,36.39,1
6764,27,1,6.42,18.71,1
6765,21,1,130.80,270.39,1
6766,2,6,5.30,10.39,1
6766,9,1,4.37,12.47,1
6767,14,1,33.92,83.19,1
6767,16,2,43.46,98.79,1
6767,17,1,7.95,20.79,1
6768,2,6,5.30,10.39,1
6768,9,1,4.37,12.47,1
6769,7,2,39.52,93.59,1
6769,27,1,6.42,18.71,1
6770,5,1,9.78,20.79,1
6771,6,2,14.56,36.39,1
6771,25,1,331.70,675.99,1
6771,26,1,34.24,83.19,1
6772,1,7,5.30,10.39,1
6772,10,1,9.88,23.91,1
6773,15,1,29.68,72.79,1
6773,17,1,7.95,20.79,1
6774,6,2,14.56,36.39,1
6774,25,1,331.70,675.99,1
6774,26,1,34.24,83.19,1
6775,24,1,49.05,124.79,1
6776,2,6,5.30,10.39,1
6776,9,1,4.37,12.47,1
6777,2,6,5.30,10.39,1
6777,9,1,4.37,12.47,1
6777,11,1,10.39,29.11,1
6777,12,1,9.12,31.19,1
6779,33,1,220.50,467.99,1
6780,18,1,158.05,259.99,1
6781,23,6,9.27,20.79,1
6783,5,1,9.78,20.79,1
6784,1,6,5.30,10.39,1
6784,3,10,6.45,13.51,1
6784,10,1,9.88,23.91,1
6784,48,1,441.00,935.99,0
6785,18,1,158.05,259.99,1
6786,2,6,5.30,10.39,1
6786,9,1,4.37,12.47,1
6786,14,1,33.92,83.19,1
6786,16,2,43.46,98.79,1
6786,17,1,7.95,20.79,1
6787,2,5,5.30,10.39,1
6787,9,1,4.37,12.47,1
6787,18,1,158.05,259.99,1
6788,15,1,29.68,72.79,1
6788,17,1,7.95,20.79,1
6789,2,6,5.30,10.39,1
6789,9,1,4.37,12.47,1
6790,14,1,33.92,83.19,1
6790,16,2,43.46,98.79,1
6790,17,1,7.95,20.79,1
6791,11,1,10.39,29.11,1
6791,12,1,9.12,31.19,1
6792,23,8,9.27,20.79,1
6794,7,2,39.52,93.59,1
6794,8,1,18.72,46.79,1
6794,26,1,34.24,83.19,1
6794,28,1,155.15,332.79,1
6795,1,6,5.30,10.39,1
6795,9,1,4.37,12.47,1
6796,34,1,27.30,67.59,1
6797,1,6,5.30,10.39,1
6797,10,1,9.88,23.91,1
6798,14,1,33.92,83.19,1
6798,16,2,43.46,98.79,1
6798,17,1,7.95,20.79,1
6799,3,6,6.45,13.51,1
6800,1,5,5.30,10.39,1
6800,9,1,4.37,12.47,1
6801,1,5,5.30,10.39,1
6801,9,1,4.37,12.47,1
6802,1,6,5.30,10.39,1
6802,5,1,9.78,20.79,1
6802,10,1,9.88,23.91,1
6804,2,5,5.30,10.39,1
6804,9,1,4.37,12.47,1
6805,19,1,174.40,280.79,1
6806,1,6,5.30,10.39,1
6806,8,1,18.72,46.79,1
6806,9,1,4.37,12.47,1
6807,2,6,5.30,10.39,1
6807,9,1,4.37,12.47,1
6808,1,5,5.30,10.39,1
6808,9,1,4.37,12.47,1
6809,19,1,174.40,280.79,1
6810,5,1,9.78,20.79,1
6810,40,2,18.90,46.79,1
6811,19,1,174.40,280.79,1
6812,7,2,39.52,93.59,1
6812,27,1,6.42,18.71,1
6813,2,6,5.30,10.39,1
6813,5,1,9.78,20.79,1
6813,9,1,4.37,12.47,1
6814,3,6,6.45,13.51,1
6814,46,1,25.20,62.39,1
6815,11,1,10.39,29.11,1
6816,6,2,14.56,36.39,1
6816,25,1,331.70,675.99,1
6816,26,1,34.24,83.19,1
6817,11,1,10.39,29.11,1
6817,12,1,9.12,31.19,1
6819,1,6,5.30,10.39,1
6819,9,1,4.37,12.47,1
6819,35,1,25.20,57.19,1
6820,18,1,158.05,259.99,1
6821,18,1,158.05,259.99,1
6822,2,6,5.30,10.39,1
6822,9,1,4.37,12.47,1
6823,6,2,14.56,36.39,1
6823,8,1,18.72,46.79,1
6823,25,1,331.70,675.99,0
6823,26,1,34.24,83.19,1
6824,11,1,10.39,29.11,1
6824,24,1,49.05,124.79,1
6825,4,2,11.96,25.99,1
6825,29,1,90.95,207.99,1
6826,15,1,29.68,72.79,1
6826,17,1,7.95,20.79,1
6827,1,6,5.30,10.39,1
6827,9,1,4.37,12.47,1
6827,11,1,10.39,29.11,1
6827,12,1,9.12,31.19,1
6828,8,1,18.72,46.79,1
6828,15,1,29.68,72.79,1
6829,11,1,10.39,29.11,1
6829,12,1,9.12,31.19,1
6830,3,6,6.45,13.51,1
6830,11,1,10.39,29.11,1
6830,12,1,9.12,31.19,1
6830,46,1,25.20,62.39,1
6831,1,6,5.30,10.39,1
6831,9,1,4.37,12.47,1
6832,24,1,49.05,124.79,1
6833,8,1,18.72,46.79,1
6834,2,5,5.30,10.39,1
6834,9,1,4.37,12.47,1
6834,11,1,10.39,29.11,1
6834,12,1,9.12,31.19,1
6835,2,6,5.30,10.39,1
6835,9,1,4.37,12.47,1
6836,14,1,33.92,83.19,1
6836,16,2,43.46,98.79,1
6836,17,1,7.95,20.79,1
6837,18,1,158.05,259.99,1
6838,35,1,25.20,57.19,1
6839,1,5,5.30,10.39,1
6839,9,1,4.37,12.47,1
6840,7,2,39.52,93.59,1
6840,26,1,34.24,83.19,1
6840,28,1,155.15,332.79,1
6841,14,1,33.92,83.19,1
6841,16,2,43.46,98.79,1
6841,17,1,7.95,20.79,1
6842,15,1,29.68,72.79,1
6842,17,1,7.95,20.79,1
6843,15,1,29.68,72.79,1
6844,34,1,27.30,67.59,1
6845,5,1,9.78,20.79,1
6845,20,1,179.85,343.19,1
6846,14,1,33.92,83.19,1
6846,16,2,43.46,98.79,0
6848,2,5,5.30,10.39,1
6848,9,1,4.37,12.47,1
6851,2,6,5.30,10.39,1
6851,9,1,4.37,12.47,1
6852,2,6,5.30,10.39,1
6852,9,1,4.37,12.47,1
6853,15,1,29.68,0.00,1
6854,4,2,11.96,25.99,1
6855,2,5,5.30,10.39,1
6855,9,1,4.37,12.47,1
6856,5,1,9.78,20.79,1
6857,2,6,5.30,10.39,1
6857,9,1,4.37,12.47,1
6858,8,1,18.72,46.79,1
6858,18,1,158.05,259.99,1
6859,14,1,33.92,83.19,1
6859,16,2,43.46,98.79,0
6859,17,1,7.95,20.79,1
6860,2,5,5.30,10.39,1
6860,9,1,4.37,12.47,1
6861,7,2,39.52,93.59,1
6861,27,1,6.42,18.71,1
6862,2,6,5.30,10.39,1
6862,9,1,4.37,12.47,1
6863,3,6,6.45,13.51,1
6864,19,1,174.40,280.79,1
6866,2,6,5.30,10.39,1
6866,9,1,4.37,12.47,1
6867,38,1,71.40,166.39,1
6868,5,1,9.78,20.79,1
6869,14,1,33.92,83.19,1
6869,16,2,43.46,98.79,1
6870,40,2,18.90,46.79,1
6872,8,1,18.72,46.79,1
6872,11,1,10.39,29.11,1
6872,12,1,9.12,31.19,1
6873,6,2,14.56,36.39,1
6873,8,1,18.72,46.79,1
6873,27,1,6.42,18.71,1
6874,7,2,39.52,93.59,1
6874,27,1,6.42,18.71,1
6875,14,1,33.92,83.19,1
6875,16,2,43.46,98.79,1
6875,17,1,7.95,20.79,1
6876,20,1,179.85,343.19,1
6877,3,6,6.45,13.51,1
6877,46,1,25.20,62.39,1
6878,27,1,6.42,0.00,1
6879,2,6,5.30,10.39,1
6879,9,1,4.37,12.47,1
6880,11,1,10.39,29.11,1
6880,12,1,9.12,31.19,1
6880,19,1,174.40,280.79,1
6881,7,2,39.52,93.59,1
6881,27,1,6.42,18.71,1
6882,2,6,5.30,10.39,1
6882,9,1,4.37,12.47,1
6883,23,4,9.27,20.79,1
6884,7,2,39.52,93.59,1
6884,27,1,6.42,18.71,1
6885,23,6,9.27,20.79,1
6886,1,6,5.30,10.39,1
6886,9,1,4.37,12.47,1
6887,8,1,18.72,46.79,1
6887,19,1,174.40,280.79,1
6888,15,1,29.68,72.79,1
6888,17,1,7.95,20.79,1
6890,6,2,14.56,36.39,1
6890,8,1,18.72,46.79,1
6890,27,1,6.42,18.71,1
6891,38,1,71.40,166.39,1
6892,1,6,5.30,10.39,1
6892,9,1,4.37,12.47,1
6893,2,6,5.30,10.39,1
6893,9,1,4.37,12.47,1
6894,2,6,5.30,10.39,1
6894,9,1,4.37,12.47,1
6895,14,1,33.92,83.19,1
6895,16,2,43.46,98.79,1
6895,17,1,7.95,20.79,1
6896,7,2,39.52,93.59,1
6896,27,1,6.42,18.71,1
6897,14,1,33.92,83.19,1
6897,16,2,43.46,98.79,1
6897,17,1,7.95,20.79,1
6898,2,6,5.30,10.39,1
6898,9,1,4.37,12.47,1
6899,18,1,158.05,259.99,1
6900,25,1,331.70,0.00,1
6900,26,1,34.24,0.00,1
6901,1,6,5.30,10.39,1
6901,10,1,9.88,23.91,1
6902,14,1,33.92,83.19,1
6902,16,2,43.46,98.79,0
6903,1,6,5.30,10.39,1
6903,9,1,4.37,12.47,1
6904,1,5,5.30,10.39,1
6904,9,1,4.37,12.47,1
6905,1,6,5.30,10.39,1
6905,9,1,4.37,12.47,1
6906,2,6,5.30,10.39,1
6906,9,1,4.37,12.47,1
6906,11,1,10.39,29.11,1
6907,43,1,12.60,0.00,1
6908,22,1,41.42,93.59,1
6909,7,2,39.52,93.59,1
6909,27,1,6.42,18.71,1
6910,5,1,9.78,20.79,1
6911,2,6,5.30,10.39,1
6911,9,1,4.37,12.47,1
6912,4,2,11.96,25.99,1
6913,3,6,6.45,13.51,1
6913,46,1,25.20,62.39,1
6914,4,1,11.96,25.99,1
6914,31,1,23.54,57.19,1
6915,7,2,39.52,93.59,1
6915,27,1,6.42,18.71,1
6916,5,1,9.78,20.79,1
6917,1,5,5.30,10.39,1
6917,9,1,4.37,12.47,1
6918,20,1,179.85,343.19,1
6918,35,1,25.20,57.19,1
6919,1,5,5.30,10.39,1
6919,9,1,4.37,12.47,1
6919,14,1,33.92,83.19,1
6919,16,2,43.46,98.79,1
6920,18,1,158.05,259.99,1
6921,34,1,27.30,67.59,1
6923,38,1,71.40,166.39,1
6924,7,2,39.52,93.59,1
6924,27,1,6.42,18.71,1
6926,47,1,252.00,519.99,0
6927,2,6,5.30,10.39,1
6927,9,1,4.37,12.47,1
6927,14,1,33.92,83.19,1
6927,16,2,43.46,98.79,1
6928,2,5,5.30,10.39,1
6928,9,1,4.37,12.47,1
6929,3,6,6.45,13.51,1
6929,5,1,9.78,20.79,1
6929,46,1,25.20,62.39,1
6930,11,1,10.39,29.11,1
6930,12,1,9.12,31.19,1
6930,14,1,33.92,83.19,1
6930,16,2,43.46,98.79,1
6931,2,6,5.30,10.39,1
6931,9,1,4.37,12.47,1
6931,19,1,174.40,280.79,1
6932,23,4,9.27,20.79,1
6933,1,5,5.30,10.39,1
6933,9,1,4.37,12.47,1
6934,7,2,39.52,93.59,1
6934,27,1,6.42,18.71,1
6935,5,1,9.78,20.79,1
6935,11,1,10.39,29.11,1
6935,12,1,9.12,31.19,1
6935,33,1,220.50,467.99,1
6936,2,6,5.30,10.39,1
6936,9,1,4.37,12.47,1
6936,37,2,99.75,228.79,1
6939,2,6,5.30,10.39,1
6939,5,1,9.78,20.79,1
6939,9,1,4.37,12.47,1
6940,14,1,33.92,83.19,1
6940,16,2,43.46,98.79,1
6942,14,1,33.92,83.19,1
6942,16,2,43.46,98.79,0
6942,17,1,7.95,20.79,1
6943,7,2,39.52,93.59,1
6943,27,1,6.42,18.71,1
6944,2,6,5.30,10.39,1
6944,9,1,4.37,12.47,1
6945,14,1,33.92,83.19,1
6945,16,2,43.46,98.79,0
6945,17,1,7.95,20.79,1
6946,1,7,5.30,10.39,1
6946,10,1,9.88,23.91,1
6947,11,1,10.39,29.11,1
6947,12,1,9.12,31.19,1
6948,4,2,11.96,25.99,1
6948,5,1,9.78,20.79,1
6948,11,1,10.39,29.11,1
6948,12,1,9.12,31.19,1
6948,30,1,171.20,363.99,1
6950,4,2,11.96,25.99,1
6951,2,5,5.30,10.39,1
6951,9,1,4.37,12.47,1
6953,3,6,6.45,13.51,1
6954,1,5,5.30,10.39,1
6954,9,1,4.37,12.47,1
6955,11,1,10.39,29.11,1
6955,12,1,9.12,31.19,1
6956,18,1,158.05,259.99,1
6957,14,1,33.92,83.19,1
6957,16,2,43.46,98.79,1
6957,17,1,7.95,20.79,1
6958,22,2,41.42,93.59,1
6959,35,1,25.20,57.19,1
6960,35,1,25.20,57.19,1
6961,8,1,18.72,46.79,1
6962,2,6,5.30,10.39,1
6962,9,1,4.37,12.47,1
6963,4,2,11.96,25.99,1
6964,1,5,5.30,10.39,1
6964,9,1,4.37,12.47,1
6965,1,7,5.30,10.39,1
6965,8,1,18.72,46.79,1
6965,10,1,9.88,23.91,1
6965,11,1,10.39,29.11,1
6965,12,1,9.12,31.19,1
6966,2,6,5.30,10.39,1
6966,5,1,9.78,20.79,1
6966,9,1,4.37,12.47,1
6967,2,6,5.30,10.39,1
6967,9,1,4.37,12.47,1
6968,15,1,29.68,72.79,1
6969,8,1,18.72,46.79,1
6971,1,5,5.30,10.39,1
6971,9,1,4.37,12.47,1
6972,2,6,5.30,10.39,1
6972,9,1,4.37,12.47,1
6972,33,1,220.50,467.99,1
6973,2,6,5.30,10.39,1
6973,9,1,4.37,12.47,1
6975,1,6,5.30,10.39,1
6975,9,1,4.37,12.47,1
6976,5,1,9.78,20.79,1
6977,4,1,11.96,25.99,1
6977,31,1,23.54,57.19,1
6978,18,1,158.05,0.00,1
6979,2,6,5.30,10.39,1
6979,8,1,18.72,46.79,1
6979,9,1,4.37,12.47,1
6980,14,1,33.92,83.19,1
6980,16,2,43.46,98.79,1
6980,17,1,7.95,20.79,1
6982,1,5,5.30,10.39,1
6982,9,1,4.37,12.47,1
6983,2,5,5.30,10.39,1
6983,9,1,4.37,12.47,1
6984,2,6,5.30,10.39,1
6984,9,1,4.37,12.47,1
6984,11,1,10.39,29.11,1
6984,12,1,9.12,31.19,1
6986,22,1,41.42,93.59,1
6987,8,1,18.72,46.79,1
6988,3,6,6.45,13.51,1
6988,11,1,10.39,29.11,1
6988,12,1,9.12,31.19,1
6990,19,1,174.40,280.79,1
6991,1,5,5.30,10.39,1
6991,5,1,9.78,20.79,1
6991,9,1,4.37,12.47,1
6992,2,6,5.30,10.39,1
6992,9,1,4.37,12.47,1
6993,3,6,6.45,13.51,1
6993,11,1,10.39,29.11,1
6993,12,1,9.12,31.19,1
6993,46,1,25.20,62.39,1
6994,11,1,10.39,29.11,1
6994,12,1,9.12,31.19,1
6994,14,1,33.92,83.19,1
6994,16,2,43.46,98.79,1
6995,5,1,9.78,20.79,1
6995,20,1,179.85,343.19,1
6996,1,5,5.30,10.39,1
6996,9,1,4.37,12.47,1
6997,6,2,14.56,36.39,1
6997,27,1,6.42,18.71,1
6999,1,6,5.30,10.39,1
6999,9,1,4.37,12.47,1
7000,15,1,29.68,72.79,1
7000,17,1,7.95,20.79,1
7001,36,1,57.75,135.19,1
7003,22,1,41.42,93.59,1
7004,2,5,5.30,10.39,1
7004,9,1,4.37,12.47,1
7005,4,1,11.96,25.99,1
7005,31,1,23.54,57.19,1
7006,4,2,11.96,25.99,1
7007,3,10,6.45,13.51,1
7007,48,1,441.00,935.99,0
7008,19,1,174.40,280.79,1
7009,7,2,39.52,93.59,1
7009,11,1,10.39,29.11,1
7009,12,1,9.12,31.19,1
7009,25,1,331.70,675.99,1
7009,26,1,34.24,83.19,1
7010,2,6,5.30,10.39,1
7010,5,1,9.78,20.79,1
7010,9,1,4.37,12.47,1
7010,11,1,10.39,29.11,1
7010,12,1,9.12,31.19,1
7011,7,2,39.52,93.59,1
7011,8,1,18.72,46.79,1
7011,26,1,34.24,83.19,1
7011,28,1,155.15,332.79,1
7013,1,6,5.30,10.39,1
7013,9,1,4.37,12.47,1
7013,11,1,10.39,29.11,1
7014,2,6,5.30,10.39,1
7014,9,1,4.37,12.47,1
7015,34,1,27.30,67.59,1
7016,16,2,43.46,0.00,1
7017,1,6,5.30,10.39,1
7017,9,1,4.37,12.47,1
7018,7,2,39.52,93.59,1
7018,25,1,331.70,675.99,1
7018,26,1,34.24,83.19,1
7019,42,1,89.25,197.59,1
7019,43,1,12.60,31.19,1
7021,7,2,39.52,93.59,1
7021,27,1,6.42,18.71,1
7023,14,1,33.92,83.19,1
7023,16,2,43.46,98.79,0
7023,17,1,7.95,20.79,1
7024,7,2,39.52,93.59,1
7024,27,1,6.42,18.71,1
7025,21,1,130.80,270.39,1
7026,2,5,5.30,10.39,1
7026,9,1,4.37,12.47,1
7028,5,1,9.78,20.79,1
7028,47,1,252.00,519.99,0
7030,21,1,130.80,270.39,1
7031,11,1,10.39,29.11,1
7031,12,1,9.12,31.19,1
7031,14,1,33.92,83.19,1
7031,16,2,43.46,98.79,1
7031,17,1,7.95,20.79,1
7032,14,1,33.92,83.19,1
7032,16,2,43.46,98.79,1
7034,7,2,39.52,93.59,1
7034,27,1,6.42,18.71,1
7035,1,5,5.30,10.39,1
7035,9,1,4.37,12.47,1
7036,18,1,158.05,259.99,1
7037,2,6,5.30,10.39,1
7037,9,1,4.37,12.47,1
7038,3,10,6.45,13.51,1
7038,48,1,441.00,935.99,0
7038,49,1,68.25,155.99,1
7040,14,1,33.92,83.19,1
7040,16,2,43.46,98.79,1
7040,17,1,7.95,20.79,1
7041,41,1,399.00,831.99,0
7041,43,1,12.60,31.19,1
7042,19,1,174.40,280.79,1
7043,15,1,29.68,72.79,1
7043,17,1,7.95,20.79,1
7044,7,2,39.52,93.59,1
7044,27,1,6.42,18.71,1
7045,1,7,5.30,10.39,1
7045,10,1,9.88,23.91,1
7046,2,5,5.30,10.39,1
7046,9,1,4.37,12.47,1
7047,11,1,10.39,29.11,1
7047,12,1,9.12,31.19,1
7048,1,6,5.30,10.39,1
7048,9,1,4.37,12.47,1
7049,5,1,9.78,20.79,1
7049,11,1,10.39,29.11,1
7049,12,1,9.12,31.19,1
7050,6,2,14.56,36.39,1
7050,26,1,34.24,83.19,1
7050,28,1,155.15,332.79,1
7052,8,1,18.72,46.79,1
7052,45,1,57.75,135.19,1
7053,47,1,252.00,519.99,0
7054,2,6,5.30,10.39,1
7054,9,1,4.37,12.47,1
7054,11,1,10.39,29.11,1
7054,12,1,9.12,31.19,1
7055,2,6,5.30,10.39,1
7055,9,1,4.37,12.47,1
7056,2,6,5.30,10.39,1
7056,9,1,4.37,12.47,1
7057,2,6,5.30,10.39,1
7057,9,1,4.37,12.47,1
7058,15,1,29.68,0.00,1
7058,17,1,7.95,0.00,1
7059,1,5,5.30,10.39,1
7059,9,1,4.37,12.47,1
7060,7,2,39.52,93.59,1
7060,27,1,6.42,18.71,1
7061,5,1,9.78,20.79,1
7062,41,1,399.00,831.99,0
7062,43,1,12.60,31.19,1
7064,27,1,6.42,0.00,1
7065,8,1,18.72,46.79,1
7065,18,1,158.05,259.99,1
7066,22,1,41.42,93.59,1
7067,8,1,18.72,46.79,1
7067,14,1,33.92,83.19,1
7067,16,2,43.46,98.79,1
7067,17,1,7.95,20.79,1
7069,34,1,27.30,67.59,1
7070,38,1,71.40,166.39,1
7071,1,5,5.30,10.39,1
7071,9,1,4.37,12.47,1
7072,38,1,71.40,166.39,1
7073,2,6,5.30,10.39,1
7073,9,1,4.37,12.47,1
7075,20,1,179.85,343.19,1
7076,2,5,5.30,10.39,1
7076,8,1,18.72,46.79,1
7076,9,1,4.37,12.47,1
7077,2,6,5.30,10.39,1
7077,9,1,4.37,12.47,1
7078,7,2,39.52,93.59,1
7078,27,1,6.42,18.71,1
7079,11,1,10.39,29.11,1
7079,12,1,9.12,31.19,1
7079,14,1,33.92,83.19,1
7079,16,2,43.46,98.79,1
7079,17,1,7.95,20.79,1
7080,33,1,220.50,467.99,1
7081,11,1,10.39,29.11,1
7081,12,1,9.12,31.19,1
7082,21,1,130.80,270.39,1
7083,27,1,6.42,0.00,0
7084,7,2,39.52,93.59,1
7084,27,1,6.42,18.71,0
7085,23,4,9.27,20.79,1
7086,20,1,179.85,343.19,1
7086,35,1,25.20,57.19,1
7087,1,5,5.30,10.39,1
7087,9,1,4.37,12.47,1
7088,1,6,5.30,10.39,1
7088,9,1,4.37,12.47,1
7089,4,2,11.96,25.99,1
7089,8,1,18.72,46.79,1
7089,30,1,171.20,363.99,1
7089,32,1,29.96,67.59,1
7090,41,1,399.00,831.99,0
7090,43,1,12.60,31.19,1
7091,15,1,29.68,72.79,1
7092,7,2,39.52,93.59,1
7092,27,1,6.42,18.71,1
7094,1,5,5.30,10.39,1
7094,9,1,4.37,12.47,1
7095,2,6,5.30,10.39,1
7095,9,1,4.37,12.47,1
7096,2,6,5.30,10.39,1
7096,9,1,4.37,12.47,1
7097,1,6,5.30,10.39,1
7097,10,1,9.88,23.91,1
7098,2,6,5.30,10.39,1
7098,9,1,4.37,12.47,1
7099,2,6,5.30,10.39,1
7099,9,1,4.37,12.47,1
7100,1,5,5.30,10.39,1
7100,9,1,4.37,12.47,1
7101,2,6,5.30,10.39,1
7101,9,1,4.37,12.47,1
7101,11,1,10.39,29.11,1
7101,12,1,9.12,31.19,1
7102,36,1,57.75,135.19,1
7103,5,1,9.78,20.79,1
7103,21,1,130.80,270.39,1
7104,3,10,6.45,13.51,1
7104,48,1,441.00,935.99,0
7105,19,1,174.40,280.79,1
7106,2,6,5.30,10.39,1
7106,9,1,4.37,12.47,1
7107,5,1,9.78,20.79,1
7107,33,1,220.50,467.99,1
7108,5,1,9.78,20.79,1
7108,23,6,9.27,20.79,1
7109,2,5,5.30,10.39,1
7109,9,1,4.37,12.47,1
7110,14,1,33.92,83.19,1
7110,16,2,43.46,98.79,1
7111,20,1,179.85,343.19,0
7112,1,7,5.30,10.39,1
7112,10,1,9.88,23.91,1
7113,1,6,5.30,10.39,1
7113,8,1,18.72,46.79,1
7113,9,1,4.37,12.47,1
7114,1,6,5.30,10.39,1
7114,9,1,4.37,12.47,1
7115,1,5,5.30,10.39,1
7115,9,1,4.37,12.47,1
7116,7,2,39.52,93.59,1
7116,27,1,6.42,18.71,1
7117,2,6,5.30,10.39,1
7117,7,2,39.52,93.59,1
7117,9,1,4.37,12.47,1
7117,27,1,6.42,18.71,1
7118,6,2,14.56,36.39,1
7118,27,1,6.42,18.71,1
7119,24,1,49.05,124.79,1
7120,15,1,29.68,72.79,1
7120,17,1,7.95,20.79,1
7121,4,2,11.96,25.99,1
7122,2,6,5.30,10.39,1
7122,9,1,4.37,12.47,1
7123,33,1,220.50,467.99,1
7124,15,1,29.68,72.79,1
7124,17,1,7.95,20.79,1
7125,2,6,5.30,10.39,1
7125,9,1,4.37,12.47,1
7126,2,6,5.30,10.39,1
7126,9,1,4.37,12.47,1
7127,42,1,89.25,197.59,1
7127,43,1,12.60,31.19,1
7129,15,1,29.68,72.79,1
7130,5,1,9.78,20.79,1
7130,8,1,18.72,46.79,1
7130,11,1,10.39,29.11,1
7130,12,1,9.12,31.19,1
7131,14,1,33.92,83.19,1
7131,16,2,43.46,98.79,1
7131,17,1,7.95,20.79,1
7132,4,1,11.96,25.99,1
7132,31,1,23.54,57.19,1
7133,2,6,5.30,10.39,1
7133,9,1,4.37,12.47,1
7134,1,5,5.30,10.39,1
7134,9,1,4.37,12.47,1
7135,34,1,27.30,67.59,1
7136,8,1,18.72,46.79,1
7136,11,1,10.39,29.11,1
7136,12,1,9.12,31.19,1
7137,4,2,11.96,25.99,1
7137,29,1,90.95,207.99,1
7138,1,5,5.30,10.39,1
7138,9,1,4.37,12.47,1
7139,40,2,18.90,46.79,1
7141,23,6,9.27,20.79,1
7142,1,5,5.30,10.39,1
7142,9,1,4.37,12.47,1
7143,15,1,29.68,72.79,1
7143,17,1,7.95,20.79,1
7144,11,1,10.39,29.11,1
7144,12,1,9.12,31.19,1
7145,11,1,10.39,29.11,1
7146,2,6,5.30,10.39,1
7146,9,1,4.37,12.47,1
7147,35,1,25.20,57.19,1
7148,11,1,10.39,29.11,1
7148,12,1,9.12,31.19,1
7149,7,2,39.52,93.59,1
7149,27,1,6.42,18.71,1
7150,36,1,57.75,135.19,1
7152,11,1,10.39,29.11,1
7152,12,1,9.12,31.19,1
7156,14,1,33.92,83.19,1
7156,16,2,43.46,98.79,1
7157,1,5,5.30,10.39,1
7157,9,1,4.37,12.47,1
7158,23,4,9.27,20.79,1
7160,7,2,39.52,93.59,1
7160,27,1,6.42,18.71,1
7161,2,5,5.30,10.39,1
7161,9,1,4.37,12.47,1
7161,11,1,10.39,29.11,1
7161,12,1,9.12,31.19,1
7162,8,1,18.72,46.79,1
7163,19,1,174.40,280.79,1
7164,3,6,6.45,13.51,1
7165,18,1,158.05,259.99,1
7167,1,5,5.30,10.39,1
7167,9,1,4.37,12.47,1
7168,2,6,5.30,10.39,1
7168,9,1,4.37,12.47,1
7169,2,6,5.30,10.39,1
7169,9,1,4.37,12.47,1
7170,2,6,5.30,10.39,1
7170,8,1,18.72,46.79,1
7170,9,1,4.37,12.47,1
7172,14,1,33.92,83.19,1
7172,16,2,43.46,98.79,1
7173,3,10,6.45,13.51,1
7173,48,1,441.00,935.99,0
7173,49,1,68.25,155.99,1
7174,1,6,5.30,10.39,1
7174,10,1,9.88,23.91,1
7175,20,1,179.85,343.19,1
7175,35,1,25.20,57.19,1
7176,11,1,10.39,29.11,1
7176,12,1,9.12,31.19,1
7177,14,1,33.92,83.19,1
7177,16,2,43.46,98.79,1
7178,18,1,158.05,259.99,1
7180,2,5,5.30,10.39,1
7180,9,1,4.37,12.47,1
7180,11,1,10.39,29.11,1
7180,14,1,33.92,83.19,1
7180,16,2,43.46,98.79,1
7180,17,1,7.95,20.79,1
7181,1,6,5.30,10.39,1
7181,8,1,18.72,46.79,1
7181,9,1,4.37,12.47,1
7182,3,6,6.45,13.51,1
7183,6,2,14.56,36.39,1
7183,27,1,6.42,18.71,1
7184,15,1,29.68,72.79,1
7185,1,5,5.30,10.39,1
7185,9,1,4.37,12.47,1
7186,2,6,5.30,10.39,1
7186,9,1,4.37,12.47,1
7187,11,1,10.39,29.11,1
7187,12,1,9.12,31.19,1
7187,19,1,174.40,280.79,1
7188,8,1,18.72,46.79,1
7188,33,1,220.50,467.99,1
7189,2,6,5.30,10.39,1
7189,9,1,4.37,12.47,1
7190,14,1,33.92,83.19,1
7190,16,2,43.46,98.79,1
7191,1,6,5.30,10.39,1
7191,9,1,4.37,12.47,1
7192,34,1,27.30,67.59,1
7193,1,5,5.30,10.39,1
7193,5,1,9.78,20.79,1
7193,9,1,4.37,12.47,1
7194,2,6,5.30,10.39,1
7194,9,1,4.37,12.47,1
7195,19,1,174.40,280.79,1
7196,1,6,5.30,10.39,1
7196,9,1,4.37,12.47,1
7197,19,1,174.40,280.79,1
7198,15,1,29.68,72.79,1
7201,18,1,158.05,259.99,1
7202,1,7,5.30,10.39,1
7202,10,1,9.88,23.91,1
7203,2,6,5.30,10.39,1
7203,9,1,4.37,12.47,1
7204,2,6,5.30,10.39,1
7204,9,1,4.37,12.47,1
7205,3,6,6.45,13.51,1
7205,46,1,25.20,62.39,1
7206,24,1,49.05,124.79,1
7207,3,10,6.45,13.51,1
7207,48,1,441.00,935.99,0
7207,49,1,68.25,155.99,1
7209,41,1,399.00,831.99,0
7209,43,1,12.60,31.19,1
7210,1,5,5.30,10.39,1
7210,9,1,4.37,12.47,1
7212,2,5,5.30,10.39,1
7212,8,1,18.72,46.79,1
7212,9,1,4.37,12.47,1
7213,1,5,5.30,10.39,1
7213,9,1,4.37,12.47,1
7213,11,1,10.39,29.11,1
7213,12,1,9.12,31.19,1
7214,7,2,39.52,93.59,1
7214,27,1,6.42,18.71,1
7215,11,1,10.39,29.11,1
7215,23,8,9.27,20.79,1
7216,2,5,5.30,10.39,1
7216,9,1,4.37,12.47,1
7217,1,6,5.30,10.39,1
7217,9,1,4.37,12.47,1
7218,4,1,11.96,25.99,1
7218,31,1,23.54,57.19,1
7220,41,1,399.00,831.99,0
7220,43,1,12.60,31.19,1
7221,14,1,33.92,83.19,1
7221,16,2,43.46,98.79,1
7222,6,2,14.56,36.39,1
7222,25,1,331.70,675.99,1
7222,26,1,34.24,83.19,1
7223,7,2,39.52,93.59,1
7223,27,1,6.42,18.71,1
7225,23,8,9.27,20.79,1
7226,15,1,29.68,72.79,1
7227,3,6,6.45,13.51,1
7229,2,6,5.30,10.39,1
7229,5,1,9.78,20.79,1
7229,9,1,4.37,12.47,1
7229,11,1,10.39,29.11,1
7229,12,1,9.12,31.19,1
7230,2,6,5.30,10.39,1
7230,9,1,4.37,12.47,1
7231,6,2,14.56,36.39,1
7231,11,1,10.39,29.11,1
7231,27,1,6.42,18.71,1
7232,24,1,49.05,124.79,1
7233,5,1,9.78,20.79,1
7234,40,2,18.90,46.79,1
7235,19,1,174.40,280.79,1
7236,35,1,25.20,57.19,1
7237,14,1,33.92,83.19,1
7237,16,2,43.46,98.79,1
7237,17,1,7.95,20.79,1
7239,2,6,5.30,10.39,1
7239,9,1,4.37,12.47,1
7240,4,1,11.96,25.99,1
7240,31,1,23.54,57.19,1
7241,8,1,18.72,46.79,1
7242,33,1,220.50,467.99,1
7243,2,5,5.30,10.39,1
7243,9,1,4.37,12.47,1
7244,2,6,5.30,10.39,1
7244,8,1,18.72,46.79,1
7244,9,1,4.37,12.47,1
7245,3,6,6.45,13.51,1
7246,5,1,9.78,20.79,1
7246,11,1,10.39,29.11,1
7246,12,1,9.12,31.19,1
7246,19,1,174.40,280.79,1
7247,14,1,33.92,83.19,1
7247,16,2,43.46,98.79,1
7247,17,1,7.95,20.79,1
7248,2,6,5.30,10.39,1
7248,5,1,9.78,20.79,1
7248,9,1,4.37,12.47,1
7249,4,2,11.96,25.99,1
7249,29,1,90.95,207.99,1
7250,41,1,399.00,831.99,0
7250,43,1,12.60,31.19,1
7251,2,5,5.30,10.39,1
7251,9,1,4.37,12.47,1
7253,1,7,5.30,10.39,1
7253,10,1,9.88,23.91,1
7254,8,1,18.72,46.79,1
7254,11,1,10.39,29.11,1
7254,12,1,9.12,31.19,1
7255,20,1,179.85,343.19,1
7256,1,6,5.30,10.39,1
7256,9,1,4.37,12.47,1
7257,2,5,5.30,10.39,1
7257,8,1,18.72,46.79,1
7257,9,1,4.37,12.47,1
7258,11,1,10.39,29.11,1
7258,12,1,9.12,31.19,1
7258,14,1,33.92,83.19,1
7258,16,2,43.46,98.79,1
7258,17,1,7.95,20.79,1
7260,35,1,25.20,57.19,1
7261,19,1,174.40,280.79,1
7262,45,1,57.75,135.19,1
7263,11,1,10.39,29.11,1
7263,12,1,9.12,31.19,1
7263,14,1,33.92,83.19,1
7263,16,2,43.46,98.79,0
7263,17,1,7.95,20.79,1
7264,1,7,5.30,10.39,1
7264,10,1,9.88,23.91,1
7265,35,1,25.20,57.19,1
7266,1,5,5.30,10.39,1
7266,9,1,4.37,12.47,1
7267,2,5,5.30,10.39,1
7267,9,1,4.37,12.47,1
7268,1,6,5.30,10.39,1
7268,6,2,14.56,36.39,1
7268,9,1,4.37,12.47,1
7268,27,1,6.42,18.71,1
7269,5,1,9.78,20.79,1
7269,18,1,158.05,259.99,1
7270,2,6,5.30,10.39,1
7270,9,1,4.37,12.47,1
7271,8,1,18.72,46.79,1
7272,1,6,5.30,10.39,1
7272,9,1,4.37,12.47,1
7273,1,5,5.30,10.39,1
7273,9,1,4.37,12.47,1
7274,11,1,10.39,29.11,1
7274,41,1,399.00,831.99,0
7274,43,1,12.60,31.19,1
7275,1,5,5.30,10.39,1
7275,9,1,4.37,12.47,1
7275,37,2,99.75,228.79,1
7276,14,1,33.92,83.19,1
7276,16,2,43.46,98.79,0
7277,2,5,5.30,10.39,1
7277,9,1,4.37,12.47,1
7278,4,2,11.96,25.99,1
7278,29,1,90.95,207.99,1
7281,2,6,5.30,10.39,1
7281,9,1,4.37,12.47,1
7282,14,1,33.92,83.19,1
7282,16,2,43.46,98.79,0
7283,22,1,41.42,93.59,1
7284,14,1,33.92,83.19,1
7284,16,2,43.46,98.79,0
7284,17,1,7.95,20.79,1
7285,4,2,11.96,25.99,1
7286,45,2,57.75,135.19,1
7287,15,1,29.68,0.00,1
7288,23,6,9.27,20.79,1
7289,1,5,5.30,10.39,1
7289,7,2,39.52,93.59,1
7289,8,1,18.72,46.79,1
7289,9,1,4.37,12.47,1
7289,27,1,6.42,18.71,1
7290,19,1,174.40,280.79,1
7291,5,1,9.78,20.79,1
7292,15,1,29.68,72.79,1
7293,11,1,10.39,29.11,1
7293,12,1,9.12,31.19,1
7294,8,1,18.72,46.79,1
7295,19,1,174.40,280.79,1
7296,36,1,57.75,135.19,1
7297,2,6,5.30,10.39,1
7297,9,1,4.37,12.47,1
7299,11,1,10.39,29.11,1
7299,37,2,99.75,228.79,1
7300,1,7,5.30,10.39,1
7300,10,1,9.88,23.91,1
7301,4,2,11.96,25.99,1
7302,5,1,9.78,20.79,1
7302,11,1,10.39,29.11,1
7303,2,5,5.30,10.39,1
7303,9,1,4.37,12.47,1
7304,3,6,6.45,13.51,1
7305,44,1,189.00,405.59,1
7306,4,2,11.96,25.99,1
7307,21,1,130.80,270.39,1
7309,2,6,5.30,10.39,1
7309,9,1,4.37,12.47,1
7309,11,1,10.39,29.11,1
7309,12,1,9.12,31.19,1
7310,11,1,10.39,29.11,1
7310,12,1,9.12,31.19,1
7311,2,6,5.30,10.39,1
7311,9,1,4.37,12.47,1
7312,27,1,6.42,0.00,1
7313,42,1,89.25,197.59,1
7313,43,1,12.60,31.19,1
7314,11,1,10.39,29.11,1
7314,12,1,9.12,31.19,1
7314,34,1,27.30,67.59,1
7315,4,2,11.96,25.99,1
7315,30,1,171.20,363.99,1
7317,8,1,18.72,46.79,1
7317,11,1,10.39,29.11,1
7317,12,1,9.12,31.19,1
7318,14,1,33.92,83.19,1
7318,16,2,43.46,98.79,1
7318,17,1,7.95,20.79,1
7319,2,6,5.30,10.39,1
7319,9,1,4.37,12.47,1
7319,20,1,179.85,343.19,1
7319,35,1,25.20,57.19,1
7320,1,5,5.30,10.39,1
7320,9,1,4.37,12.47,1
7321,38,1,71.40,166.39,1
7322,2,6,5.30,10.39,1
7322,9,1,4.37,12.47,1
7323,1,6,5.30,10.39,1
7323,9,1,4.37,12.47,1
7324,2,6,5.30,10.39,1
7324,9,1,4.37,12.47,1
7325,8,1,18.72,46.79,1
7325,14,1,33.92,83.19,1
7325,16,2,43.46,98.79,1
7326,6,2,14.56,36.39,1
7326,27,1,6.42,18.71,1
7327,1,6,5.30,10.39,1
7327,8,1,18.72,46.79,1
7327,9,1,4.37,12.47,1
7328,38,1,71.40,166.39,1
7329,3,6,6.45,13.51,1
7329,46,1,25.20,62.39,1
7330,1,6,5.30,10.39,1
7330,9,1,4.37,12.47,1
7331,4,1,11.96,25.99,1
7331,31,1,23.54,57.19,1
7332,15,1,29.68,72.79,1
7332,17,1,7.95,20.79,1
7333,2,6,5.30,10.39,1
7333,9,1,4.37,12.47,1
7338,2,6,5.30,10.39,1
7338,9,1,4.37,12.47,1
7339,1,5,5.30,10.39,1
7339,9,1,4.37,12.47,1
7339,24,1,49.05,124.79,1
7341,23,4,9.27,20.79,1
7342,5,1,9.78,20.79,1
7343,1,5,5.30,10.39,1
7343,9,1,4.37,12.47,1
7345,2,6,5.30,10.39,1
7345,5,1,9.78,20.79,1
7345,9,1,4.37,12.47,1
7346,2,6,5.30,10.39,1
7346,9,1,4.37,12.47,1
7347,36,1,57.75,135.19,1
7348,3,6,6.45,13.51,1
7349,4,2,11.96,25.99,1
7349,30,1,171.20,363.99,1
7350,1,6,5.30,10.39,1
7350,4,1,11.96,25.99,1
7350,9,1,4.37,12.47,1
7350,31,1,23.54,57.19,1
7351,16,2,43.46,0.00,1
7352,1,6,5.30,10.39,1
7352,9,1,4.37,12.47,1
7353,2,6,5.30,10.39,1
7353,5,1,9.78,20.79,1
7353,9,1,4.37,12.47,1
7353,11,1,10.39,29.11,1
7353,12,1,9.12,31.19,1
7354,15,1,29.68,72.79,1
7355,5,1,9.78,20.79,1
7355,24,1,49.05,124.79,1
7356,2,6,5.30,10.39,1
7356,9,1,4.37,12.47,1
7357,1,5,5.30,10.39,1
7357,9,1,4.37,12.47,1
7358,19,1,174.40,280.79,1
7359,14,1,33.92,83.19,1
7359,16,2,43.46,98.79,1
7359,17,1,7.95,20.79,1
7360,15,1,29.68,72.79,1
7360,17,1,7.95,20.79,1
7361,14,1,33.92,83.19,1
7361,16,2,43.46,98.79,0
7361,17,1,7.95,20.79,1
7363,11,1,10.39,29.11,1
7363,12,1,9.12,31.19,1
7364,19,1,174.40,280.79,1
7365,2,6,5.30,10.39,1
7365,9,1,4.37,12.47,1
7366,1,7,5.30,10.39,1
7366,10,1,9.88,23.91,1
7367,24,1,49.05,124.79,1
7368,2,6,5.30,10.39,1
7368,9,1,4.37,12.47,1
7369,1,5,5.30,10.39,1
7369,9,1,4.37,12.47,1
7370,34,1,27.30,67.59,1
7371,1,5,5.30,10.39,1
7371,9,1,4.37,12.47,1
7372,15,1,29.68,72.79,1
7373,1,5,5.30,10.39,1
7373,9,1,4.37,12.47,1
7374,19,1,174.40,280.79,1
7375,24,1,49.05,124.79,1
7376,11,1,10.39,29.11,1
7376,12,1,9.12,31.19,1
7376,14,1,33.92,83.19,1
7376,16,2,43.46,98.79,1
7376,17,1,7.95,20.79,1
7377,47,1,252.00,519.99,0
7379,1,6,5.30,10.39,1
7379,9,1,4.37,12.47,1
7380,2,6,5.30,10.39,1
7380,8,1,18.72,46.79,1
7380,9,1,4.37,12.47,1
7381,34,1,27.30,67.59,1
7382,14,1,33.92,83.19,1
7382,16,2,43.46,98.79,1
7382,17,1,7.95,20.79,1
7383,11,1,10.39,29.11,1
7383,12,1,9.12,31.19,1
7383,14,1,33.92,83.19,1
7383,16,2,43.46,98.79,1
7383,17,1,7.95,20.79,1
7384,15,1,29.68,72.79,1
7385,2,6,5.30,10.39,1
7385,9,1,4.37,12.47,1
7386,2,6,5.30,10.39,1
7386,5,1,9.78,20.79,1
7386,9,1,4.37,12.47,1
7387,4,2,11.96,25.99,1
7388,19,1,174.40,280.79,1
7389,2,6,5.30,10.39,1
7389,9,1,4.37,12.47,1
7390,41,1,399.00,831.99,0
7390,43,1,12.60,31.19,1
7393,19,1,174.40,280.79,1
7394,3,6,6.45,13.51,1
7395,1,5,5.30,10.39,1
7395,9,1,4.37,12.47,1
7396,2,6,5.30,10.39,1
7396,9,1,4.37,12.47,1
7397,19,1,174.40,280.79,1
7398,1,6,5.30,10.39,1
7398,10,1,9.88,23.91,1
7399,4,2,11.96,25.99,1
7399,8,1,18.72,46.79,1
7399,30,1,171.20,363.99,1
7400,2,6,5.30,10.39,1
7400,5,1,9.78,20.79,1
7400,9,1,4.37,12.47,1
7401,38,1,71.40,166.39,1
7402,11,1,10.39,29.11,1
7403,2,5,5.30,10.39,1
7403,9,1,4.37,12.47,1
7405,6,2,14.56,36.39,1
7405,27,1,6.42,18.71,1
7406,1,6,5.30,10.39,1
7406,9,1,4.37,12.47,1
7406,11,1,10.39,29.11,1
7406,12,1,9.12,31.19,1
7407,2,6,5.30,10.39,1
7407,5,1,9.78,20.79,1
7407,9,1,4.37,12.47,1
7408,14,1,33.92,83.19,1
7408,16,2,43.46,98.79,1
7409,4,2,11.96,25.99,1
7409,30,1,171.20,363.99,1
7409,32,1,29.96,67.59,1
7410,21,1,130.80,270.39,1
7411,1,6,5.30,10.39,1
7411,8,1,18.72,46.79,1
7411,9,1,4.37,12.47,1
7412,8,1,18.72,46.79,1
7413,11,1,10.39,29.11,1
7413,12,1,9.12,31.19,1
7414,11,1,10.39,29.11,1
7415,4,2,11.96,25.99,1
7415,30,1,171.20,363.99,1
7416,2,6,5.30,10.39,1
7416,9,1,4.37,12.47,1
7417,1,5,5.30,10.39,1
7417,9,1,4.37,12.47,1
7418,14,1,33.92,83.19,1
7418,16,2,43.46,98.79,1
7418,17,1,7.95,20.79,1
7419,2,6,5.30,10.39,1
7419,9,1,4.37,12.47,1
7420,2,6,5.30,10.39,1
7420,5,1,9.78,20.79,1
7420,9,1,4.37,12.47,1
7421,15,1,29.68,72.79,1
7422,14,1,33.92,83.19,1
7422,16,2,43.46,98.79,1
7422,17,1,7.95,20.79,1
7423,2,6,5.30,10.39,1
7423,9,1,4.37,12.47,1
7424,2,6,5.30,10.39,1
7424,9,1,4.37,12.47,1
7426,2,6,5.30,10.39,1
7426,9,1,4.37,12.47,1
7427,41,1,399.00,831.99,0
7427,43,1,12.60,31.19,1
7428,21,1,130.80,270.39,1
7429,23,4,9.27,20.79,1
7430,31,1,23.54,0.00,1
7431,1,6,5.30,10.39,1
7431,9,1,4.37,12.47,1
7432,2,6,5.30,10.39,1
7432,9,1,4.37,12.47,1
7434,24,1,49.05,124.79,1
7435,41,1,399.00,831.99,0
7435,43,1,12.60,31.19,1
7436,2,6,5.30,10.39,1
7436,9,1,4.37,12.47,1
7437,14,1,33.92,83.19,1
7437,16,2,43.46,98.79,1
7437,17,1,7.95,20.79,1
7438,38,1,71.40,166.39,1
7439,23,4,9.27,20.79,1
7440,2,6,5.30,10.39,1
7440,8,1,18.72,46.79,1
7440,9,1,4.37,12.47,1
7441,47,1,252.00,519.99,0
7442,2,5,5.30,10.39,1
7442,9,1,4.37,12.47,1
7443,20,1,179.85,343.19,1
7443,35,1,25.20,57.19,1
7444,1,6,5.30,10.39,1
7444,5,1,9.78,20.79,1
7444,8,1,18.72,46.79,1
7444,9,1,4.37,12.47,1
7445,14,1,33.92,83.19,1
7445,16,2,43.46,98.79,1
7445,17,1,7.95,20.79,1
7447,5,1,9.78,20.79,1
7447,15,1,29.68,72.79,1
7448,20,1,179.85,343.19,1
7448,35,1,25.20,57.19,1
7449,1,6,5.30,10.39,1
7449,9,1,4.37,12.47,1
7449,11,1,10.39,29.11,1
7449,12,1,9.12,31.19,1
7451,2,6,5.30,10.39,1
7451,9,1,4.37,12.47,1
7451,21,1,130.80,270.39,1
7452,15,1,29.68,72.79,1
7452,17,1,7.95,20.79,1
7453,8,1,18.72,46.79,1
7453,11,1,10.39,29.11,1
7453,12,1,9.12,31.19,1
7454,2,6,5.30,10.39,1
7454,9,1,4.37,12.47,1
7455,23,6,9.27,20.79,1
7456,5,1,9.78,20.79,1
7457,8,1,18.72,46.79,1
7458,5,1,9.78,20.79,1
7458,11,1,10.39,29.11,1
7458,12,1,9.12,31.19,1
7458,14,1,33.92,83.19,1
7458,16,2,43.46,98.79,1
7458,17,1,7.95,20.79,1
7459,34,1,27.30,67.59,1
7460,38,1,71.40,166.39,1
7460,39,1,23.10,57.19,1
7461,1,5,5.30,10.39,1
7461,9,1,4.37,12.47,1
7462,2,6,5.30,10.39,1
7462,9,1,4.37,12.47,1
7462,19,1,174.40,280.79,1
7463,2,6,5.30,10.39,1
7463,9,1,4.37,12.47,1
7464,14,1,33.92,83.19,1
7464,16,2,43.46,98.79,1
7464,17,1,7.95,20.79,1
7465,11,1,10.39,29.11,1
7465,12,1,9.12,31.19,1
7465,34,1,27.30,67.59,1
7466,8,1,18.72,46.79,1
7468,2,5,5.30,10.39,1
7468,9,1,4.37,12.47,1
7469,15,1,29.68,0.00,1
7470,11,1,10.39,29.11,1
7470,12,1,9.12,31.19,1
7471,8,1,18.72,46.79,1
7471,22,1,41.42,93.59,1
7472,34,1,27.30,0.00,1
7473,21,1,130.80,270.39,1
7474,2,6,5.30,10.39,1
7474,9,1,4.37,12.47,1
7476,15,1,29.68,72.79,1
7477,24,1,49.05,124.79,1
7478,5,1,9.78,20.79,1
7478,18,1,158.05,259.99,1
7479,30,1,171.20,0.00,1
7480,2,6,5.30,10.39,1
7480,8,1,18.72,46.79,1
7480,9,1,4.37,12.47,1
7481,8,1,18.72,46.79,1
7482,1,5,5.30,10.39,1
7482,9,1,4.37,12.47,1
7482,14,1,33.92,83.19,1
7482,16,2,43.46,98.79,1
7483,2,6,5.30,10.39,1
7483,9,1,4.37,12.47,1
7484,22,1,41.42,93.59,1
7486,1,5,5.30,10.39,1
7486,5,1,9.78,20.79,1
7486,9,1,4.37,12.47,1
7487,1,6,5.30,10.39,1
7487,9,1,4.37,12.47,1
7488,2,5,5.30,10.39,1
7488,9,1,4.37,12.47,1
7489,14,1,33.92,83.19,1
7489,16,2,43.46,98.79,1
7490,1,5,5.30,10.39,1
7490,9,1,4.37,12.47,1
7490,23,4,9.27,20.79,1
7491,37,2,99.75,228.79,1
7492,18,1,158.05,259.99,1
7494,11,1,10.39,29.11,1
7494,12,1,9.12,31.19,1
7494,23,6,9.27,20.79,1
7495,11,1,10.39,29.11,1
7495,12,1,9.12,31.19,1
7498,1,5,5.30,10.39,1
7498,9,1,4.37,12.47,1
7499,5,1,9.78,20.79,1
7499,15,1,29.68,72.79,1
7501,1,6,5.30,10.39,1
7501,9,1,4.37,12.47,1
7502,19,1,174.40,280.79,1
7503,5,1,9.78,20.79,1
7504,38,1,71.40,166.39,1
7505,23,6,9.27,20.79,1
7506,1,6,5.30,10.39,1
7506,5,1,9.78,20.79,1
7506,9,1,4.37,12.47,1
7507,37,2,99.75,228.79,1
7508,1,7,5.30,10.39,1
7508,10,1,9.88,23.91,1
7509,2,6,5.30,10.39,1
7509,9,1,4.37,12.47,1
7509,11,1,10.39,29.11,1
7509,12,1,9.12,31.19,1
7510,24,1,49.05,124.79,1
7511,1,6,5.30,10.39,1
7511,9,1,4.37,12.47,1
7511,11,1,10.39,29.11,1
7511,12,1,9.12,31.19,1
7512,3,6,6.45,13.51,1
7512,46,1,25.20,62.39,1
7513,1,5,5.30,10.39,1
7513,9,1,4.37,12.47,1
7515,35,1,25.20,57.19,1
7516,1,6,5.30,10.39,1
7516,9,1,4.37,12.47,1
7517,1,6,5.30,10.39,1
7517,10,1,9.88,23.91,1
7518,14,1,33.92,83.19,1
7518,16,2,43.46,98.79,1
7519,2,6,5.30,10.39,1
7519,9,1,4.37,12.47,1
7520,1,6,5.30,10.39,1
7520,9,1,4.37,12.47,1
7520,11,1,10.39,29.11,1
7520,12,1,9.12,31.19,1
7522,8,1,18.72,46.79,1
7522,34,1,27.30,67.59,1
7523,2,6,5.30,10.39,1
7523,9,1,4.37,12.47,1
7524,34,1,27.30,67.59,1
7525,2,5,5.30,10.39,1
7525,9,1,4.37,12.47,1
7526,41,1,399.00,831.99,0
7526,43,1,12.60,31.19,1
7527,23,6,9.27,20.79,1
7528,5,1,9.78,20.79,1
7528,6,2,14.56,36.39,1
7528,27,1,6.42,18.71,1
7529,1,7,5.30,10.39,1
7529,10,1,9.88,23.91,1
7530,1,6,5.30,10.39,1
7530,9,1,4.37,12.47,1
7530,19,1,174.40,280.79,1
7531,23,8,9.27,20.79,1
7533,23,8,9.27,20.79,1
7534,18,1,158.05,259.99,1
7535,2,6,5.30,10.39,1
7535,9,1,4.37,12.47,1
7536,14,1,33.92,83.19,1
7536,16,2,43.46,98.79,1
7536,17,1,7.95,20.79,1
7538,2,6,5.30,10.39,1
7538,9,1,4.37,12.47,1
7540,11,1,10.39,29.11,1
7540,12,1,9.12,31.19,1
7540,15,1,29.68,72.79,1
7540,17,1,7.95,20.79,1
7541,6,2,14.56,36.39,1
7541,27,1,6.42,18.71,1
7542,11,1,10.39,29.11,1
7542,12,1,9.12,31.19,1
7543,14,1,33.92,83.19,1
7543,16,2,43.46,98.79,1
7543,17,1,7.95,20.79,1
7544,15,1,29.68,72.79,1
7545,3,6,6.45,13.51,1
7545,46,1,25.20,62.39,1
7546,15,1,29.68,72.79,1
7546,17,1,7.95,20.79,1
7547,5,1,9.78,20.79,1
7547,14,1,33.92,83.19,1
7547,16,2,43.46,98.79,1
7547,17,1,7.95,20.79,1
7548,2,6,5.30,10.39,1
7548,9,1,4.37,12.47,1
7549,14,1,33.92,83.19,1
7549,16,2,43.46,98.79,0
7549,17,1,7.95,20.79,1
7550,11,1,10.39,29.11,1
7550,12,1,9.12,31.19,1
7551,1,6,5.30,10.39,1
7551,9,1,4.37,12.47,1
7552,24,1,49.05,124.79,1
7553,11,1,10.39,29.11,1
7553,12,1,9.12,31.19,1
7554,24,1,49.05,124.79,1
7556,5,1,9.78,20.79,1
7557,2,6,5.30,10.39,1
7557,8,1,18.72,46.79,1
7557,9,1,4.37,12.47,1
7558,2,6,5.30,10.39,1
7558,9,1,4.37,12.47,1
7559,20,1,179.85,343.19,1
7560,15,1,29.68,0.00,1
7561,7,2,39.52,93.59,1
7561,27,1,6.42,18.71,1
7563,11,1,10.39,29.11,1
7563,12,1,9.12,31.19,1
7563,14,1,33.92,83.19,1
7563,16,2,43.46,98.79,0
7563,17,1,7.95,20.79,1
7564,34,1,27.30,0.00,1
7565,2,6,5.30,10.39,1
7565,5,1,9.78,20.79,1
7565,8,1,18.72,46.79,1
7565,9,1,4.37,12.47,1
7567,5,1,9.78,20.79,1
7567,14,1,33.92,83.19,1
7567,16,2,43.46,98.79,0
7567,17,1,7.95,20.79,1
7568,45,4,57.75,135.19,1
7569,2,6,5.30,10.39,1
7569,8,1,18.72,46.79,1
7569,9,1,4.37,12.47,1
7569,11,1,10.39,29.11,1
7569,12,1,9.12,31.19,1
7570,34,1,27.30,67.59,1
7571,14,1,33.92,83.19,1
7571,16,2,43.46,98.79,1
7571,17,1,7.95,20.79,1
7572,15,1,29.68,72.79,1
7573,14,1,33.92,83.19,1
7573,16,2,43.46,98.79,1
7573,17,1,7.95,20.79,1
7574,14,1,33.92,0.00,1
7574,16,2,43.46,0.00,1
7574,17,1,7.95,0.00,1
7575,19,1,174.40,280.79,1
7577,15,1,29.68,72.79,1
7578,2,6,5.30,10.39,1
7578,9,1,4.37,12.47,1
7579,20,1,179.85,343.19,1
7580,21,1,130.80,270.39,1
7581,5,1,9.78,20.79,1
7581,23,6,9.27,20.79,1
7582,22,1,41.42,93.59,1
7584,24,1,49.05,124.79,1
7585,34,1,27.30,67.59,1
7586,2,6,5.30,10.39,1
7586,9,1,4.37,12.47,1
7586,14,1,33.92,83.19,1
7586,16,2,43.46,98.79,1
7586,17,1,7.95,20.79,1
7587,15,1,29.68,0.00,1
7590,1,7,5.30,10.39,1
7590,8,1,18.72,46.79,1
7590,10,1,9.88,23.91,1
7591,1,5,5.30,10.39,1
7591,9,1,4.37,12.47,1
7593,8,1,18.72,46.79,1
7593,11,1,10.39,29.11,1
7594,2,6,5.30,10.39,1
7594,9,1,4.37,12.47,1
7594,19,1,174.40,280.79,1
7595,1,5,5.30,10.39,1
7595,9,1,4.37,12.47,1
7595,15,1,29.68,72.79,1
7595,17,1,7.95,20.79,1
7596,19,1,174.40,280.79,1
7597,2,6,5.30,10.39,1
7597,9,1,4.37,12.47,1
7597,11,1,10.39,29.11,1
7597,12,1,9.12,31.19,1
7598,33,1,220.50,467.99,1
7599,33,1,220.50,467.99,1
7600,34,1,27.30,67.59,1
7601,2,6,5.30,10.39,1
7601,9,1,4.37,12.47,1
7602,38,1,71.40,166.39,1
7603,11,1,10.39,29.11,1
7603,12,1,9.12,31.19,1
7604,23,6,9.27,0.00,1
7605,34,1,27.30,67.59,1
7606,1,6,5.30,10.39,1
7606,9,1,4.37,12.47,1
7607,14,1,33.92,83.19,1
7607,16,2,43.46,98.79,1
7608,22,1,41.42,93.59,1
7609,2,6,5.30,10.39,1
7609,5,1,9.78,20.79,1
7609,9,1,4.37,12.47,1
7609,37,2,99.75,228.79,1
7611,23,4,9.27,20.79,1
7612,2,6,5.30,10.39,1
7612,9,1,4.37,12.47,1
7612,19,1,174.40,280.79,1
7613,1,6,5.30,10.39,1
7613,9,1,4.37,12.47,1
7613,23,6,9.27,20.79,1
7615,15,1,29.68,72.79,1
7616,1,6,5.30,10.39,1
7616,10,1,9.88,23.91,1
7618,5,1,9.78,20.79,1
7619,5,1,9.78,20.79,1
7619,11,1,10.39,29.11,1
7619,12,1,9.12,31.19,1
7620,3,6,6.45,13.51,1
7620,46,1,25.20,62.39,1
7621,14,1,33.92,83.19,1
7621,16,2,43.46,98.79,1
7621,17,1,7.95,20.79,1
7622,5,1,9.78,20.79,1
7623,33,1,220.50,467.99,1
7624,15,1,29.68,72.79,1
7624,17,1,7.95,20.79,1
7625,2,6,5.30,10.39,1
7625,9,1,4.37,12.47,1
7626,8,1,18.72,46.79,1
7626,11,1,10.39,29.11,1
7626,12,1,9.12,31.19,1
7627,2,6,5.30,10.39,1
7627,9,1,4.37,12.47,1
7628,1,6,5.30,10.39,1
7628,10,1,9.88,23.91,1
7629,2,6,5.30,10.39,1
7629,9,1,4.37,12.47,1
7630,1,6,5.30,10.39,1
7630,9,1,4.37,12.47,1
7631,4,2,11.96,25.99,1
7631,29,1,90.95,207.99,1
7632,3,6,6.45,13.51,1
7632,46,1,25.20,62.39,1
7633,2,6,5.30,10.39,1
7633,9,1,4.37,12.47,1
7634,2,6,5.30,10.39,1
7634,9,1,4.37,12.47,1
7635,8,1,18.72,46.79,1
7635,15,1,29.68,72.79,1
7637,1,5,5.30,10.39,1
7637,9,1,4.37,12.47,1
7638,18,1,158.05,259.99,1
7639,2,6,5.30,10.39,1
7639,9,1,4.37,12.47,1
7642,4,2,11.96,25.99,1
7644,8,1,18.72,46.79,1
7645,15,1,29.68,72.79,1
7645,17,1,7.95,20.79,1
7646,34,1,27.30,67.59,1
7647,36,1,57.75,135.19,1
7648,15,1,29.68,72.79,1
7649,2,6,5.30,10.39,1
7649,9,1,4.37,12.47,1
7650,13,1,14.84,38.47,1
7650,44,1,189.00,405.59,1
7653,22,1,41.42,93.59,1
7654,15,1,29.68,72.79,1
7655,1,5,5.30,10.39,1
7655,9,1,4.37,12.47,1
7656,11,1,10.39,29.11,1
7656,12,1,9.12,31.19,1
7657,11,1,10.39,29.11,1
7658,2,5,5.30,10.39,1
7658,9,1,4.37,12.47,1
7659,15,1,29.68,72.79,1
7660,33,1,220.50,467.99,1
7661,2,6,5.30,10.39,1
7661,9,1,4.37,12.47,1
7662,24,1,49.05,124.79,1
7663,3,6,6.45,13.51,1
7664,8,1,18.72,46.79,1
7664,20,1,179.85,343.19,1
7666,4,1,11.96,25.99,1
7666,31,1,23.54,57.19,1
7667,38,1,71.40,166.39,1
7668,3,10,6.45,13.51,1
7668,48,1,441.00,935.99,0
7669,15,1,29.68,72.79,1
7670,11,1,10.39,29.11,1
7670,12,1,9.12,31.19,1
7671,11,1,10.39,29.11,1
7671,12,1,9.12,31.19,1
7672,1,5,5.30,10.39,1
7672,9,1,4.37,12.47,1
7673,33,1,220.50,467.99,1
7675,23,6,9.27,20.79,1
7676,20,1,179.85,343.19,1
7677,2,6,5.30,10.39,1
7677,9,1,4.37,12.47,1
7678,11,1,10.39,29.11,1
7678,12,1,9.12,31.19,1
7679,4,2,11.96,25.99,1
7679,29,1,90.95,207.99,1
7680,5,1,9.78,20.79,1
7680,19,1,174.40,280.79,1
7681,2,6,5.30,10.39,1
7681,9,1,4.37,12.47,1
7682,4,1,11.96,25.99,1
7682,31,1,23.54,57.19,1
7683,2,6,5.30,10.39,1
7683,9,1,4.37,12.47,1
7684,2,6,5.30,10.39,1
7684,9,1,4.37,12.47,1
7685,11,1,10.39,29.11,1
7685,12,1,9.12,31.19,1
7686,2,6,5.30,10.39,1
7686,9,1,4.37,12.47,1
7686,11,1,10.39,29.11,1
7686,12,1,9.12,31.19,1
7687,5,1,9.78,20.79,1
7688,3,6,6.45,13.51,1
7688,46,1,25.20,62.39,1
7689,2,6,5.30,10.39,1
7689,9,1,4.37,12.47,1
7690,38,1,71.40,166.39,1
7690,39,1,23.10,57.19,1
7691,4,2,11.96,25.99,1
7691,5,1,9.78,20.79,1
7692,1,6,5.30,10.39,1
7692,9,1,4.37,12.47,1
7693,8,1,18.72,46.79,1
7693,24,1,49.05,124.79,1
7694,2,6,5.30,10.39,1
7694,5,1,9.78,20.79,1
7694,9,1,4.37,12.47,1
7695,1,5,5.30,10.39,1
7695,9,1,4.37,12.47,1
7696,41,1,399.00,831.99,0
7696,43,1,12.60,31.19,1
7697,14,1,33.92,83.19,1
7697,16,2,43.46,98.79,1
7698,15,1,29.68,72.79,1
7698,17,1,7.95,20.79,1
7699,23,6,9.27,20.79,1
7700,2,6,5.30,10.39,1
7700,9,1,4.37,12.47,1
7701,2,6,5.30,10.39,1
7701,9,1,4.37,12.47,1
7702,1,5,5.30,10.39,1
7702,9,1,4.37,12.47,1
7703,3,6,6.45,13.51,1
7703,46,1,25.20,62.39,1
7705,2,6,5.30,10.39,1
7705,9,1,4.37,12.47,1
7705,15,1,29.68,72.79,1
7708,2,5,5.30,10.39,1
7708,8,1,18.72,46.79,1
7708,9,1,4.37,12.47,1
7709,15,1,29.68,72.79,1
7710,2,6,5.30,10.39,1
7710,9,1,4.37,12.47,1
7711,1,5,5.30,10.39,1
7711,9,1,4.37,12.47,1
7712,1,6,5.30,10.39,1
7712,9,1,4.37,12.47,1
7713,1,6,5.30,10.39,1
7713,9,1,4.37,12.47,1
7714,1,6,5.30,10.39,1
7714,10,1,9.88,23.91,1
7715,2,6,5.30,10.39,1
7715,9,1,4.37,12.47,1
7716,3,6,6.45,13.51,1
7717,22,4,41.42,93.59,1
7718,11,1,10.39,29.11,1
7718,12,1,9.12,31.19,1
7718,36,1,57.75,135.19,1
7719,15,1,29.68,72.79,1
7721,47,1,252.00,519.99,0
7722,19,1,174.40,280.79,1
7723,18,1,158.05,259.99,1
7724,2,6,5.30,10.39,1
7724,9,1,4.37,12.47,1
7725,5,1,9.78,20.79,1
7726,14,1,33.92,83.19,1
7726,16,2,43.46,98.79,1
7726,17,1,7.95,20.79,1
7727,44,1,189.00,405.59,1
7728,2,6,5.30,10.39,1
7728,9,1,4.37,12.47,1
7729,23,6,9.27,20.79,1
7730,11,1,10.39,29.11,1
7730,12,1,9.12,31.19,1
7731,6,2,14.56,36.39,1
7731,27,1,6.42,18.71,1
7732,1,6,5.30,10.39,1
7732,9,1,4.37,12.47,1
7733,15,1,29.68,72.79,1
7735,2,6,5.30,10.39,1
7735,9,1,4.37,12.47,1
7736,8,1,18.72,46.79,1
7737,38,1,71.40,166.39,1
7737,39,1,23.10,57.19,1
7738,34,1,27.30,67.59,1
7739,2,6,5.30,10.39,1
7739,8,1,18.72,46.79,1
7739,9,1,4.37,12.47,1
7740,11,1,10.39,29.11,1
7740,12,1,9.12,31.19,1
7741,14,1,33.92,83.19,1
7741,16,2,43.46,98.79,1
7741,17,1,7.95,20.79,1
7743,24,1,49.05,124.79,1
7744,24,1,49.05,124.79,1
7745,14,1,33.92,83.19,1
7745,16,2,43.46,98.79,1
7745,17,1,7.95,20.79,1
7746,1,6,5.30,10.39,1
7746,9,1,4.37,12.47,1
7747,18,1,158.05,259.99,1
7748,36,1,57.75,135.19,1
7749,15,1,29.68,72.79,1
7750,20,1,179.85,343.19,1
7751,40,2,18.90,46.79,1
7753,2,6,5.30,10.39,1
7753,9,1,4.37,12.47,1
7754,4,2,11.96,25.99,1
7755,37,2,99.75,228.79,1
7756,2,6,5.30,10.39,1
7756,8,1,18.72,46.79,1
7756,9,1,4.37,12.47,1
7757,19,1,174.40,280.79,1
7759,2,6,5.30,10.39,1
7759,9,1,4.37,12.47,1
7760,15,1,29.68,72.79,1
7760,17,1,7.95,20.79,1
7761,11,1,10.39,29.11,1
7761,12,1,9.12,31.19,1
7761,14,1,33.92,83.19,1
7761,16,2,43.46,98.79,1
7761,17,1,7.95,20.79,1
7762,1,5,5.30,10.39,1
7762,9,1,4.37,12.47,1
7763,8,1,18.72,46.79,1
7764,22,1,41.42,93.59,1
7766,1,5,5.30,10.39,1
7766,9,1,4.37,12.47,1
7767,21,1,130.80,270.39,1
7768,17,1,7.95,0.00,1
7769,2,6,5.30,10.39,1
7769,9,1,4.37,12.47,1
7770,1,5,5.30,10.39,1
7770,9,1,4.37,12.47,1
7772,18,1,158.05,259.99,1
7773,2,6,5.30,10.39,1
7773,9,1,4.37,12.47,1
7774,1,5,5.30,10.39,1
7774,9,1,4.37,12.47,1
7775,22,1,41.42,93.59,1
7776,2,6,5.30,10.39,1
7776,9,1,4.37,12.47,1
7777,14,1,33.92,83.19,1
7777,16,2,43.46,98.79,1
7777,17,1,7.95,20.79,1
7778,33,1,220.50,467.99,1
7779,15,1,29.68,72.79,1
7780,4,2,11.96,25.99,1
7780,30,1,171.20,363.99,1
7780,32,1,29.96,67.59,1
7781,23,8,9.27,20.79,1
7782,23,8,9.27,20.79,1
7783,5,1,9.78,20.79,1
7783,15,1,29.68,72.79,1
7783,17,1,7.95,20.79,1
7784,11,1,10.39,29.11,1
7784,47,1,252.00,519.99,0
7785,24,1,49.05,124.79,1
7786,21,1,130.80,270.39,1
7787,23,6,9.27,0.00,1
7788,11,1,10.39,29.11,1
7788,12,1,9.12,31.19,1
7789,1,6,5.30,10.39,1
7789,9,1,4.37,12.47,1
7790,2,6,5.30,10.39,1
7790,9,1,4.37,12.47,1
7791,1,6,5.30,10.39,1
7791,8,1,18.72,46.79,1
7791,9,1,4.37,12.47,1
7792,20,1,179.85,343.19,1
7792,35,1,25.20,57.19,1
7793,5,1,9.78,20.79,1
7793,23,6,9.27,20.79,1
7794,3,6,6.45,13.51,1
7795,36,1,57.75,135.19,1
7796,1,6,5.30,10.39,1
7796,9,1,4.37,12.47,1
7797,11,1,10.39,29.11,1
7797,12,1,9.12,31.19,1
7799,15,1,29.68,72.79,1
7799,17,1,7.95,20.79,1
7800,2,6,5.30,10.39,1
7800,9,1,4.37,12.47,1
7801,2,6,5.30,10.39,1
7801,9,1,4.37,12.47,1
7802,1,6,5.30,10.39,1
7802,9,1,4.37,12.47,1
7803,2,6,5.30,10.39,1
7803,9,1,4.37,12.47,1
7803,14,1,33.92,83.19,1
7803,16,2,43.46,98.79,1
7804,11,1,10.39,29.11,1
7805,16,2,43.46,0.00,1
7805,17,1,7.95,0.00,1
7806,34,1,27.30,67.59,1
7807,35,1,25.20,57.19,1
7809,2,6,5.30,10.39,1
7809,9,1,4.37,12.47,1
7809,22,1,41.42,93.59,1
7810,8,1,18.72,46.79,1
7810,11,1,10.39,29.11,1
7810,12,1,9.12,31.19,1
7810,23,4,9.27,20.79,1
7811,2,6,5.30,10.39,1
7811,9,1,4.37,12.47,1
7812,1,7,5.30,10.39,1
7812,10,1,9.88,23.91,1
7813,4,2,11.96,25.99,1
7813,11,1,10.39,29.11,1
7813,12,1,9.12,31.19,1
7813,29,1,90.95,207.99,1
7814,1,6,5.30,10.39,1
7814,9,1,4.37,12.47,1
7815,38,1,71.40,166.39,1
7817,19,1,174.40,280.79,1
7818,3,6,6.45,13.51,1
7818,46,1,25.20,62.39,1
7819,5,1,9.78,20.79,1
7819,21,1,130.80,270.39,1
7820,1,7,5.30,10.39,1
7820,10,1,9.88,23.91,1
7821,15,1,29.68,72.79,1
7821,17,1,7.95,20.79,1
7822,14,1,33.92,83.19,1
7822,16,2,43.46,98.79,1
7822,17,1,7.95,20.79,1
7823,2,5,5.30,10.39,1
7823,9,1,4.37,12.47,1
7824,2,6,5.30,10.39,1
7824,9,1,4.37,12.47,1
7825,24,1,49.05,124.79,1
7826,8,1,18.72,46.79,1
7826,36,1,57.75,135.19,1
7827,1,6,5.30,10.39,1
7827,8,1,18.72,46.79,1
7827,9,1,4.37,12.47,1
7828,19,1,174.40,280.79,1
7829,20,1,179.85,343.19,1
7830,2,6,5.30,10.39,1
7830,9,1,4.37,12.47,1
7831,18,1,158.05,259.99,1
7832,2,6,5.30,10.39,1
7832,9,1,4.37,12.47,1
7833,1,6,5.30,10.39,1
7833,9,1,4.37,12.47,1
7834,44,1,189.00,405.59,1
7835,1,6,5.30,10.39,1
7835,8,1,18.72,46.79,1
7835,9,1,4.37,12.47,1
7836,1,5,5.30,10.39,1
7836,9,1,4.37,12.47,1
7837,3,6,6.45,13.51,1
7838,2,6,5.30,10.39,1
7838,9,1,4.37,12.47,1
7840,1,6,5.30,10.39,1
7840,9,1,4.37,12.47,1
7841,2,5,5.30,10.39,1
7841,9,1,4.37,12.47,1
7841,11,1,10.39,29.11,1
7842,5,1,9.78,20.79,1
7842,11,1,10.39,29.11,1
7842,12,1,9.12,31.19,1
7843,2,6,5.30,10.39,1
7843,9,1,4.37,12.47,1
7844,1,7,5.30,10.39,1
7844,10,1,9.88,23.91,1
7844,11,1,10.39,29.11,1
7844,12,1,9.12,31.19,1
7848,19,1,174.40,280.79,1
7849,1,6,5.30,10.39,1
7849,5,1,9.78,20.79,1
7849,10,1,9.88,23.91,1
7850,1,5,5.30,10.39,1
7850,9,1,4.37,12.47,1
7850,11,1,10.39,29.11,1
7851,23,4,9.27,20.79,1
7854,19,1,174.40,280.79,1
7855,8,1,18.72,46.79,1
7856,21,1,130.80,270.39,1
7857,14,1,33.92,83.19,1
7857,16,2,43.46,98.79,1
7857,17,1,7.95,20.79,1
7858,14,1,33.92,83.19,1
7858,16,2,43.46,98.79,1
7858,17,1,7.95,20.79,1
7859,4,1,11.96,25.99,1
7859,31,1,23.54,57.19,1
7860,2,5,5.30,10.39,1
7860,9,1,4.37,12.47,1
7862,15,1,29.68,72.79,1
7863,2,6,5.30,10.39,1
7863,9,1,4.37,12.47,1
7863,11,1,10.39,29.11,1
7863,12,1,9.12,31.19,1
7864,11,1,10.39,29.11,1
7864,12,1,9.12,31.19,1
7864,21,1,130.80,270.39,1
7865,18,1,158.05,259.99,1
7867,33,1,220.50,467.99,1
7868,1,5,5.30,10.39,1
7868,9,1,4.37,12.47,1
7869,2,6,5.30,10.39,1
7869,8,1,18.72,46.79,1
7869,9,1,4.37,12.47,1
7870,8,1,18.72,46.79,1
7871,1,6,5.30,10.39,1
7871,9,1,4.37,12.47,1
7872,7,2,39.52,93.59,1
7872,27,1,6.42,18.71,1
7873,23,8,9.27,20.79,1
7874,2,6,5.30,10.39,1
7874,9,1,4.37,12.47,1
7875,4,2,11.96,25.99,1
7875,30,1,171.20,363.99,1
7876,2,6,5.30,10.39,1
7876,9,1,4.37,12.47,1
7877,11,1,10.39,29.11,1
7878,24,1,49.05,124.79,1
7879,22,2,41.42,93.59,1
7880,23,6,9.27,20.79,1
7881,24,1,49.05,124.79,1
7883,1,6,5.30,10.39,1
7883,9,1,4.37,12.47,1
7884,14,1,33.92,83.19,1
7884,16,2,43.46,98.79,1
7884,17,1,7.95,20.79,1
7885,3,6,6.45,13.51,1
7886,5,1,9.78,20.79,1
7888,42,1,89.25,197.59,1
7888,43,1,12.60,31.19,1
7889,2,6,5.30,10.39,1
7889,9,1,4.37,12.47,1
7890,38,1,71.40,166.39,1
7891,1,6,5.30,10.39,1
7891,9,1,4.37,12.47,1
7893,34,1,27.30,67.59,1
7894,8,1,18.72,46.79,1
7894,14,1,33.92,83.19,1
7894,16,2,43.46,98.79,1
7895,2,6,5.30,10.39,1
7895,8,1,18.72,46.79,1
7895,9,1,4.37,12.47,1
7896,5,1,9.78,20.79,1
7897,1,6,5.30,10.39,1
7897,9,1,4.37,12.47,1
7897,15,1,29.68,72.79,1
7898,19,1,174.40,280.79,1
7899,19,1,174.40,280.79,1
7901,2,6,5.30,10.39,1
7901,9,1,4.37,12.47,1
7902,8,1,18.72,46.79,1
7903,7,2,39.52,93.59,1
7903,27,1,6.42,18.71,1
7904,14,1,33.92,83.19,1
7904,16,2,43.46,98.79,1
7904,17,1,7.95,20.79,1
7906,15,1,29.68,72.79,1
7906,17,1,7.95,20.79,1
7907,1,6,5.30,10.39,1
7907,9,1,4.37,12.47,1
7909,18,1,158.05,259.99,1
7910,14,1,33.92,83.19,1
7910,16,2,43.46,98.79,0
7910,17,1,7.95,20.79,1
7911,22,4,41.42,93.59,1
7912,18,1,158.05,259.99,1
7913,14,1,33.92,83.19,1
7913,16,2,43.46,98.79,0
7913,17,1,7.95,20.79,1
7914,6,2,14.56,36.39,1
7914,27,1,6.42,18.71,1
7915,5,1,9.78,20.79,1
7915,11,1,10.39,29.11,1
7915,12,1,9.12,31.19,1
7916,17,1,7.95,0.00,1
7917,21,1,130.80,0.00,1
7919,2,6,5.30,10.39,1
7919,9,1,4.37,12.47,1
7920,2,6,5.30,10.39,1
7920,9,1,4.37,12.47,1
7921,4,1,11.96,25.99,1
7921,31,1,23.54,57.19,1
7922,4,2,11.96,25.99,1
7922,30,1,171.20,363.99,1
7923,11,1,10.39,29.11,1
7923,12,1,9.12,31.19,1
7924,24,1,49.05,124.79,1
7925,5,1,9.78,20.79,1
7926,19,1,174.40,280.79,1
7927,1,5,5.30,10.39,1
7927,9,1,4.37,12.47,1
7928,2,6,5.30,10.39,1
7928,5,1,9.78,20.79,1
7928,9,1,4.37,12.47,1
7929,8,1,18.72,46.79,1
7929,33,1,220.50,467.99,1
7930,37,2,99.75,228.79,1
7931,2,5,5.30,10.39,1
7931,9,1,4.37,12.47,1
7932,1,6,5.30,10.39,1
7932,9,1,4.37,12.47,1
7932,20,1,179.85,343.19,1
7933,15,1,29.68,72.79,1
7933,17,1,7.95,20.79,1
7935,14,1,33.92,83.19,1
7935,16,2,43.46,98.79,1
7935,17,1,7.95,20.79,1
7937,1,5,5.30,10.39,1
7937,8,1,18.72,46.79,1
7937,9,1,4.37,12.47,1
7938,11,1,10.39,29.11,1
7939,2,6,5.30,10.39,1
7939,9,1,4.37,12.47,1
