work_order_id,service_type_id,hours_billed,hours_actual,labor_rate
1,8,1.20,1.45,140.00
1,27,1.00,1.05,140.00
2,10,1.00,1.40,140.00
2,30,2.00,1.50,140.00
3,21,1.20,1.35,140.00
4,1,0.40,0.40,140.00
4,4,0.30,0.35,140.00
5,10,1.00,0.95,140.00
5,3,0.50,0.35,140.00
6,28,3.75,2.90,140.00
6,27,1.25,1.05,140.00
7,26,0.80,0.90,140.00
7,2,0.60,0.75,140.00
8,22,0.80,1.10,140.00
9,11,1.90,1.45,140.00
9,14,2.25,2.15,140.00
10,1,0.40,0.40,140.00
11,9,0.80,0.95,140.00
11,2,0.60,0.60,140.00
12,1,0.40,0.65,140.00
13,4,0.30,0.30,140.00
14,7,1.80,1.90,140.00
15,9,0.80,0.85,140.00
16,10,1.00,1.15,140.00
16,32,1.00,1.30,140.00
17,12,0.40,0.50,140.00
18,1,0.40,0.45,140.00
19,27,1.00,1.20,140.00
20,2,0.65,0.85,140.00
21,10,1.00,0.70,140.00
21,26,0.80,0.70,140.00
22,1,0.40,0.60,140.00
23,7,1.80,2.05,140.00
23,3,0.50,0.60,140.00
24,10,1.00,1.00,140.00
24,30,2.00,1.95,140.00
25,1,0.40,0.45,140.00
26,2,0.60,0.60,140.00
27,7,1.80,1.80,140.00
28,12,0.40,0.25,140.00
29,21,1.20,1.35,140.00
30,10,1.00,0.90,140.00
31,2,0.60,0.55,140.00
32,13,2.00,2.35,140.00
33,6,1.20,1.10,140.00
33,2,0.60,0.65,140.00
34,13,2.00,2.75,140.00
35,2,0.60,0.65,140.00
36,1,0.40,0.40,140.00
37,6,1.20,1.25,140.00
37,9,0.80,0.60,140.00
38,3,0.55,0.50,140.00
38,9,0.90,0.85,140.00
39,1,0.40,0.60,140.00
40,25,0.60,0.70,140.00
41,10,1.25,1.10,140.00
41,26,1.00,0.90,140.00
42,24,2.20,2.50,140.00
43,1,0.40,0.45,140.00
44,37,0.80,0.60,140.00
45,21,1.30,1.45,140.00
46,1,0.40,0.40,140.00
47,7,1.80,1.50,140.00
48,29,2.00,2.05,140.00
48,3,0.50,0.50,140.00
49,24,2.20,2.05,140.00
50,1,0.40,0.30,140.00
50,4,0.30,0.25,140.00
51,21,1.20,1.05,140.00
52,2,0.60,0.60,140.00
53,1,0.40,0.45,140.00
54,1,0.40,0.30,140.00
55,1,0.40,0.55,140.00
55,32,1.00,1.25,140.00
56,21,1.20,1.55,140.00
56,32,1.00,1.30,140.00
57,3,0.50,0.70,140.00
58,12,0.40,0.40,140.00
59,30,2.00,1.80,140.00
59,32,1.00,0.95,140.00
60,32,1.00,1.30,140.00
60,3,0.50,0.70,140.00
61,1,0.40,0.35,140.00
62,1,0.40,0.30,140.00
62,27,1.00,0.85,140.00
63,11,1.50,1.20,140.00
63,12,0.40,0.55,140.00
64,12,0.40,0.45,140.00
65,1,0.40,0.55,140.00
65,3,0.50,0.70,140.00
66,1,0.40,0.50,140.00
67,1,0.40,0.30,140.00
68,1,0.40,0.40,140.00
69,27,1.00,1.10,140.00
70,1,0.40,0.40,140.00
71,12,0.40,0.40,140.00
72,1,0.40,0.40,140.00
73,4,0.30,0.45,140.00
73,2,0.60,0.85,140.00
73,32,1.00,1.10,140.00
74,1,0.40,0.35,140.00
74,4,0.30,0.30,140.00
74,2,0.60,0.75,140.00
75,22,1.00,1.10,140.00
76,15,1.00,0.90,140.00
76,32,1.00,1.25,140.00
76,2,0.60,0.70,140.00
77,10,1.00,1.10,140.00
77,24,2.20,2.30,140.00
78,1,0.40,0.45,140.00
79,19,2.50,3.20,140.00
80,7,1.80,1.45,140.00
80,4,0.30,0.35,140.00
80,9,0.80,0.85,140.00
81,1,0.40,0.50,140.00
81,9,0.80,1.00,140.00
81,27,1.00,1.20,140.00
82,18,3.00,2.75,140.00
82,9,0.80,0.65,140.00
82,2,0.60,0.50,140.00
83,22,0.80,1.20,140.00
84,1,0.40,0.30,140.00
85,10,1.00,0.80,140.00
85,30,2.00,2.25,140.00
86,32,1.00,0.90,140.00
86,2,0.60,0.50,140.00
87,14,1.80,2.40,140.00
88,7,1.80,1.20,140.00
89,1,0.50,0.40,140.00
90,4,0.30,0.40,140.00
91,2,0.60,0.70,140.00
92,1,0.40,0.60,140.00
93,10,1.00,0.65,140.00
93,24,2.20,2.10,140.00
93,32,1.00,1.20,140.00
94,1,0.40,0.50,140.00
95,9,1.00,1.35,140.00
95,4,0.40,0.35,140.00
96,1,0.40,0.50,140.00
96,32,1.00,1.20,140.00
97,1,0.40,0.30,140.00
98,7,1.80,1.75,140.00
99,1,0.40,0.30,140.00
99,4,0.30,0.35,140.00
100,8,1.20,1.55,140.00
101,1,0.40,0.35,140.00
101,3,0.50,0.45,140.00
102,38,2.50,2.15,140.00
103,24,2.75,3.15,140.00
103,9,1.00,1.20,140.00
104,2,0.60,0.80,140.00
105,1,0.45,0.50,140.00
106,2,0.60,0.60,140.00
106,4,0.30,0.40,140.00
107,2,0.60,1.15,140.00
107,32,1.00,1.40,140.00
108,7,1.80,2.05,140.00
109,1,0.40,0.40,140.00
110,3,0.50,0.50,140.00
111,6,1.20,1.45,140.00
112,2,0.60,0.65,140.00
113,1,0.50,0.35,140.00
114,28,3.00,2.35,140.00
115,1,0.40,0.60,140.00
115,4,0.30,0.35,140.00
116,1,0.40,0.45,140.00
117,12,0.40,0.40,140.00
117,4,0.30,0.25,140.00
118,22,0.80,1.00,140.00
119,7,1.80,1.90,140.00
119,27,1.00,1.25,140.00
120,27,1.00,1.00,140.00
121,21,1.20,1.10,140.00
121,3,0.50,0.65,140.00
122,22,1.00,1.00,140.00
122,1,0.50,0.50,140.00
122,9,1.00,1.10,140.00
123,37,0.80,1.05,140.00
123,27,1.00,1.20,140.00
124,24,0.00,1.05,140.00
125,2,0.60,0.50,140.00
126,1,0.50,0.45,140.00
127,1,0.40,0.60,140.00
128,1,0.40,0.35,140.00
128,3,0.50,0.65,140.00
128,2,0.60,0.50,140.00
129,1,0.40,0.35,140.00
129,9,0.80,0.65,140.00
129,32,1.00,0.95,140.00
130,25,0.60,0.50,140.00
130,27,1.00,0.80,140.00
130,2,0.60,0.50,140.00
131,27,1.00,0.75,140.00
131,1,0.40,0.50,140.00
132,1,0.40,0.55,140.00
133,11,1.50,1.80,140.00
134,1,0.40,0.40,140.00
135,4,0.30,0.25,140.00
136,4,0.30,0.30,140.00
137,10,1.00,0.95,140.00
137,20,1.20,1.40,140.00
138,7,1.80,1.35,140.00
139,7,1.80,1.95,140.00
140,3,0.50,0.30,140.00
140,9,0.80,0.65,140.00
141,18,3.00,2.40,140.00
141,9,0.80,0.95,140.00
142,36,2.00,2.20,140.00
143,25,0.60,0.70,140.00
144,13,0.00,1.55,140.00
145,1,0.40,0.55,140.00
145,4,0.30,0.45,140.00
146,21,1.20,1.65,140.00
147,25,0.75,0.95,140.00
147,27,1.25,1.35,140.00
148,22,0.00,0.80,140.00
149,28,3.00,2.45,140.00
149,9,0.80,0.80,140.00
149,27,1.00,0.90,140.00
150,34,6.00,5.15,140.00
150,3,0.50,0.45,140.00
151,1,0.40,0.55,140.00
152,1,0.40,0.40,140.00
153,28,3.00,2.30,140.00
153,27,1.00,1.60,140.00
154,1,0.40,0.45,140.00
154,32,1.00,0.80,140.00
155,36,2.50,2.05,140.00
156,6,1.20,1.45,140.00
156,2,0.60,0.45,140.00
156,27,1.00,0.95,140.00
157,2,0.60,0.80,140.00
158,6,1.50,1.70,140.00
159,7,1.80,1.70,140.00
159,1,0.40,0.35,140.00
160,15,1.25,1.65,140.00
161,1,0.40,0.45,140.00
162,1,0.40,0.40,140.00
162,2,0.60,0.60,140.00
163,7,1.80,2.10,140.00
163,4,0.30,0.25,140.00
163,2,0.60,0.60,140.00
164,2,0.60,0.50,140.00
164,4,0.30,0.30,140.00
165,13,2.00,2.35,140.00
165,2,0.60,0.55,140.00
166,18,3.00,3.05,140.00
166,9,0.80,0.70,140.00
167,1,0.40,0.50,140.00
168,1,0.40,0.30,140.00
169,8,1.20,1.25,140.00
170,22,0.00,0.65,140.00
171,8,1.20,0.85,140.00
171,1,0.40,0.35,140.00
171,3,0.50,0.50,140.00
172,14,1.80,2.05,140.00
172,9,0.80,0.70,140.00
173,11,0.00,0.70,140.00
174,1,0.40,0.45,140.00
174,3,0.50,0.70,140.00
174,27,1.00,1.25,140.00
175,8,1.20,2.00,140.00
175,3,0.50,0.85,140.00
175,1,0.40,0.60,140.00
176,22,0.80,1.00,140.00
177,15,1.00,1.00,140.00
177,2,0.60,0.75,140.00
178,1,0.40,0.45,140.00
178,9,0.80,1.20,140.00
179,2,0.60,0.50,140.00
180,29,2.00,1.65,140.00
180,27,1.00,0.95,140.00
181,22,0.80,1.15,140.00
182,1,0.40,0.65,140.00
183,1,0.40,0.40,140.00
184,1,0.40,0.35,140.00
185,21,1.20,1.55,140.00
185,9,0.80,1.10,140.00
185,32,1.00,1.65,140.00
186,29,2.00,1.70,140.00
186,9,0.80,0.75,140.00
186,27,1.00,0.85,140.00
187,3,0.50,0.65,140.00
188,28,0.00,2.40,140.00
189,2,0.60,0.45,140.00
190,1,0.40,0.65,140.00
190,27,1.00,1.45,140.00
190,32,1.00,1.45,140.00
191,3,0.50,0.85,140.00
192,3,0.50,0.40,140.00
193,8,1.20,1.10,140.00
193,4,0.30,0.25,140.00
194,6,1.20,1.05,140.00
195,29,2.00,2.10,140.00
195,27,1.00,1.05,140.00
196,10,1.00,1.15,140.00
196,20,1.20,1.20,140.00
197,3,0.50,0.50,140.00
198,7,1.80,2.25,140.00
199,31,1.20,1.20,140.00
200,26,0.80,0.85,140.00
200,27,1.00,0.85,140.00
201,2,0.65,0.65,140.00
202,1,0.40,0.40,140.00
203,1,0.45,0.35,140.00
204,24,2.20,1.85,140.00
205,6,1.20,1.20,140.00
205,9,0.80,0.80,140.00
206,1,0.40,0.50,140.00
207,12,0.40,0.60,140.00
208,7,1.80,1.30,140.00
208,2,0.60,0.50,140.00
209,27,1.00,0.95,140.00
210,1,0.40,0.40,140.00
211,3,0.50,0.45,140.00
211,32,1.00,1.10,140.00
212,12,0.40,0.50,140.00
212,4,0.30,0.40,140.00
213,10,1.10,0.85,140.00
213,32,1.10,1.20,140.00
214,23,4.50,4.25,140.00
215,12,0.40,0.40,140.00
216,1,0.40,0.60,140.00
217,1,0.40,0.35,140.00
218,1,0.40,0.40,140.00
219,2,0.60,0.55,140.00
220,29,2.00,2.00,140.00
220,27,1.00,0.95,140.00
221,29,2.00,1.80,140.00
221,27,1.00,1.30,140.00
222,1,0.40,0.60,140.00
223,1,0.40,0.30,140.00
223,4,0.30,0.35,140.00
224,7,1.80,1.70,140.00
224,4,0.30,0.30,140.00
225,25,0.60,0.45,140.00
226,37,0.80,1.00,140.00
226,27,1.00,1.20,140.00
227,7,1.80,1.65,140.00
228,27,1.00,1.65,140.00
229,1,0.40,0.35,140.00
229,2,0.60,0.75,140.00
230,21,1.20,1.35,140.00
231,1,0.40,0.50,140.00
232,7,1.80,1.55,140.00
233,17,2.50,2.15,140.00
233,2,0.60,0.50,140.00
234,10,1.00,1.15,140.00
234,24,2.20,2.50,140.00
235,10,1.00,1.25,140.00
235,4,0.30,0.30,140.00
236,14,2.00,1.60,140.00
237,10,1.00,0.95,140.00
237,30,2.00,1.20,140.00
238,7,1.80,1.90,140.00
239,22,0.80,0.65,140.00
239,3,0.50,0.45,140.00
240,7,1.80,1.80,140.00
241,1,0.40,0.40,140.00
242,9,0.80,1.05,140.00
243,1,0.40,0.50,140.00
244,1,0.40,0.35,140.00
244,2,0.60,0.50,140.00
245,1,0.40,0.55,140.00
246,7,1.80,1.65,140.00
246,27,1.00,1.25,140.00
247,33,3.00,3.40,140.00
248,3,0.60,0.70,140.00
249,1,0.40,0.60,140.00
249,9,0.80,1.25,140.00
250,10,1.00,0.70,140.00
250,3,0.50,0.40,140.00
251,13,2.50,2.75,140.00
252,36,2.00,1.60,140.00
253,11,1.50,1.40,140.00
253,14,1.80,1.30,140.00
253,2,0.60,0.60,140.00
254,4,0.30,0.30,140.00
255,21,1.20,1.85,140.00
255,2,0.60,0.90,140.00
256,8,1.20,1.45,140.00
256,32,1.00,1.25,140.00
257,10,1.00,0.90,140.00
257,30,2.00,1.85,140.00
258,25,0.00,0.25,140.00
259,1,0.40,0.60,140.00
260,26,0.80,0.95,140.00
260,27,1.00,0.80,140.00
261,10,1.00,0.85,140.00
261,30,2.00,1.70,140.00
261,9,0.80,0.70,140.00
262,1,0.40,0.60,140.00
263,12,0.40,0.40,140.00
263,27,1.00,0.85,140.00
264,1,0.40,0.60,140.00
265,1,0.40,0.30,140.00
265,9,0.80,0.80,140.00
266,27,1.00,0.85,140.00
267,12,0.40,0.45,140.00
267,32,1.00,1.55,140.00
268,2,0.60,0.65,140.00
268,9,0.80,1.45,140.00
268,1,0.40,0.55,140.00
269,1,0.40,0.50,140.00
270,2,0.65,0.65,140.00
271,32,1.00,1.15,140.00
272,29,2.20,2.30,140.00
272,27,1.10,1.05,140.00
273,10,1.00,0.90,140.00
273,26,0.80,0.80,140.00
274,8,1.20,1.40,140.00
274,2,0.60,0.80,140.00
275,21,1.50,1.35,140.00
276,12,0.40,0.35,140.00
277,10,1.00,1.15,140.00
277,22,0.80,0.85,140.00
277,27,1.00,1.15,140.00
278,32,1.00,1.00,140.00
279,1,0.40,0.40,140.00
280,8,1.20,1.25,140.00
281,10,1.00,0.85,140.00
281,24,2.20,1.45,140.00
282,11,1.50,1.75,140.00
282,12,0.40,0.55,140.00
283,1,0.45,0.40,140.00
283,9,0.90,0.60,140.00
284,2,0.60,0.65,140.00
285,12,0.40,0.30,140.00
286,12,0.50,0.65,140.00
286,32,1.25,1.25,140.00
287,1,0.40,0.50,140.00
287,4,0.30,0.50,140.00
288,6,1.20,1.15,140.00
289,10,1.00,0.90,140.00
290,1,0.40,0.50,140.00
291,8,1.20,1.20,140.00
292,1,0.40,0.55,140.00
293,1,0.50,0.60,140.00
294,32,1.00,1.15,140.00
294,1,0.40,0.35,140.00
295,1,0.40,0.40,140.00
296,1,0.40,0.55,140.00
297,1,0.40,0.75,140.00
297,32,1.00,1.15,140.00
298,10,1.00,1.05,140.00
298,32,1.00,1.05,140.00
299,3,0.60,0.45,140.00
300,24,2.20,2.20,140.00
301,3,0.50,0.50,140.00
301,9,0.80,0.60,140.00
302,1,0.40,0.40,140.00
302,2,0.60,0.65,140.00
302,3,0.50,0.60,140.00
303,2,0.60,0.55,140.00
304,12,0.40,0.65,140.00
305,29,2.50,2.50,140.00
305,2,0.75,0.85,140.00
305,27,1.25,1.35,140.00
306,1,0.40,0.30,140.00
307,11,1.50,1.75,140.00
307,3,0.50,0.55,140.00
308,3,0.50,0.45,140.00
308,1,0.40,0.45,140.00
309,4,0.30,0.30,140.00
310,1,0.40,0.45,140.00
311,1,0.40,0.40,140.00
312,1,0.40,0.45,140.00
313,1,0.40,0.40,140.00
314,10,1.00,0.65,140.00
314,21,1.20,0.80,140.00
315,7,1.80,1.65,140.00
315,2,0.60,0.50,140.00
316,1,0.40,0.35,140.00
317,8,1.20,1.35,140.00
318,7,1.80,1.65,140.00
319,12,0.40,0.35,140.00
320,11,1.50,1.55,140.00
321,1,0.40,0.45,140.00
322,21,1.20,1.25,140.00
323,1,0.40,0.45,140.00
323,3,0.50,0.50,140.00
324,1,0.40,0.40,140.00
325,27,1.00,0.70,140.00
326,25,0.60,0.80,140.00
326,1,0.40,0.45,140.00
327,5,1.00,1.70,140.00
328,1,0.40,0.40,140.00
328,9,0.80,0.60,140.00
328,32,1.00,0.75,140.00
329,10,1.25,1.40,140.00
329,21,1.50,1.45,140.00
330,7,1.80,1.45,140.00
331,1,0.40,0.35,140.00
332,27,1.25,1.05,140.00
332,4,0.40,0.40,140.00
333,4,0.30,0.45,140.00
333,9,0.80,0.80,140.00
334,29,2.00,2.10,140.00
335,7,2.25,2.25,140.00
335,3,0.60,0.65,140.00
336,37,0.80,0.75,140.00
336,2,0.60,0.55,140.00
336,27,1.00,0.90,140.00
337,21,1.20,1.40,140.00
338,8,1.20,1.80,140.00
338,27,1.00,1.50,140.00
339,1,0.45,0.65,140.00
340,4,0.30,0.45,140.00
341,1,0.40,0.45,140.00
342,8,1.20,1.30,140.00
343,34,6.00,6.55,140.00
344,7,1.80,1.75,140.00
345,1,0.40,0.45,140.00
346,2,0.60,0.55,140.00
346,27,1.00,0.95,140.00
347,2,0.60,0.50,140.00
348,11,1.50,1.65,140.00
349,6,1.20,1.25,140.00
350,7,1.80,1.75,140.00
350,32,1.00,0.85,140.00
351,14,2.25,1.90,140.00
351,2,0.75,0.70,140.00
351,3,0.60,0.65,140.00
352,10,1.00,0.85,140.00
352,20,1.20,1.35,140.00
352,1,0.40,0.35,140.00
353,4,0.30,0.30,140.00
354,10,1.00,1.25,140.00
354,20,1.20,1.00,140.00
355,8,1.20,1.25,140.00
355,1,0.40,0.40,140.00
356,10,1.00,1.40,140.00
356,22,0.80,1.05,140.00
357,1,0.40,0.35,140.00
358,23,4.50,4.25,140.00
359,12,0.00,0.20,140.00
360,1,0.40,0.30,140.00
361,1,0.40,0.25,140.00
361,4,0.30,0.35,140.00
362,2,0.60,0.60,140.00
362,1,0.40,0.35,140.00
362,3,0.50,0.65,140.00
363,21,1.20,1.10,140.00
364,1,0.40,0.30,140.00
365,3,0.60,0.60,140.00
365,2,0.75,0.60,140.00
366,1,0.40,0.35,140.00
367,32,1.00,1.70,140.00
368,30,2.00,1.80,140.00
369,7,1.80,1.60,140.00
370,30,2.00,1.65,140.00
370,3,0.50,0.50,140.00
371,21,1.20,1.40,140.00
372,27,1.00,0.65,140.00
372,1,0.40,0.50,140.00
373,8,1.20,1.65,140.00
374,1,0.40,0.65,140.00
375,1,0.50,0.75,140.00
375,4,0.40,0.45,140.00
376,1,0.40,0.40,140.00
377,1,0.40,0.45,140.00
377,32,1.00,1.05,140.00
378,1,0.40,0.30,140.00
379,1,0.40,0.65,140.00
380,3,0.50,0.80,140.00
381,7,1.80,2.05,140.00
382,7,1.80,2.70,140.00
383,13,2.00,2.55,140.00
384,1,0.40,0.40,140.00
385,29,0.00,1.00,140.00
386,1,0.40,0.55,140.00
387,1,0.50,0.50,140.00
388,24,2.20,1.85,140.00
389,7,1.80,1.70,140.00
390,1,0.40,0.55,140.00
390,2,0.60,0.90,140.00
391,24,2.40,2.05,140.00
392,28,3.00,3.50,140.00
392,27,1.00,0.80,140.00
393,1,0.40,0.35,140.00
394,1,0.40,0.35,140.00
395,4,0.30,0.25,140.00
396,36,2.00,2.80,140.00
397,1,0.40,0.55,140.00
397,9,0.80,1.15,140.00
397,3,0.50,0.60,140.00
398,14,1.80,1.35,140.00
399,8,1.20,1.00,140.00
400,8,1.20,1.75,140.00
401,11,1.50,1.55,140.00
402,10,1.00,0.90,140.00
402,24,2.20,1.95,140.00
403,14,1.80,2.35,140.00
403,27,1.00,0.75,140.00
404,8,1.20,0.85,140.00
405,7,1.80,2.15,140.00
405,3,0.50,0.50,140.00
406,7,1.80,1.80,140.00
407,7,1.80,2.30,140.00
407,32,1.00,1.30,140.00
408,8,1.20,1.85,140.00
409,12,0.40,0.40,140.00
410,8,1.50,1.30,140.00
410,1,0.50,0.50,140.00
411,19,2.50,2.85,140.00
411,9,0.80,0.85,140.00
412,15,1.00,0.85,140.00
413,10,1.00,1.45,140.00
413,26,0.80,1.05,140.00
414,1,0.40,0.50,140.00
415,2,0.60,0.70,140.00
416,8,1.20,2.40,140.00
417,7,1.80,1.50,140.00
418,1,0.40,0.25,140.00
418,2,0.60,0.40,140.00
419,12,0.50,0.45,140.00
420,7,1.80,2.15,140.00
420,9,0.80,0.75,140.00
420,27,1.00,1.00,140.00
421,1,0.40,0.50,140.00
422,7,2.00,1.70,140.00
423,1,0.40,0.35,140.00
424,23,4.50,4.30,140.00
424,4,0.30,0.35,140.00
425,8,1.20,1.75,140.00
425,9,0.80,1.15,140.00
426,12,0.40,0.30,140.00
427,37,1.00,1.10,140.00
427,4,0.40,0.35,140.00
427,27,1.25,1.05,140.00
428,11,1.50,1.60,140.00
428,14,1.80,1.50,140.00
429,9,0.80,0.75,140.00
429,1,0.40,0.30,140.00
430,12,0.40,0.35,140.00
430,4,0.30,0.25,140.00
431,38,2.50,2.15,140.00
432,32,1.00,1.00,140.00
433,7,1.80,1.45,140.00
433,4,0.30,0.20,140.00
434,7,2.25,2.75,140.00
435,12,0.40,0.30,140.00
436,1,0.40,0.40,140.00
436,9,0.80,0.80,140.00
437,7,1.80,1.40,140.00
437,1,0.40,0.25,140.00
437,32,1.00,0.95,140.00
438,27,1.00,1.05,140.00
439,4,0.30,0.40,140.00
439,3,0.50,0.70,140.00
440,1,0.40,0.60,140.00
440,4,0.30,0.60,140.00
441,5,1.00,1.10,140.00
441,32,1.00,1.05,140.00
442,1,0.40,0.45,140.00
442,3,0.50,0.65,140.00
443,30,2.50,2.35,140.00
444,5,1.00,1.40,140.00
445,8,0.00,0.75,140.00
446,30,2.00,2.80,140.00
447,7,1.80,1.50,140.00
448,3,0.50,0.45,140.00
449,27,1.00,1.00,140.00
450,10,0.00,0.60,140.00
451,12,0.40,0.35,140.00
452,37,0.80,0.90,140.00
452,27,1.00,1.65,140.00
453,1,0.50,0.45,140.00
454,1,0.40,0.30,140.00
455,5,1.00,1.25,140.00
456,1,0.40,0.50,140.00
456,32,1.00,1.20,140.00
457,1,0.40,0.55,140.00
457,2,0.60,1.05,140.00
457,27,1.00,1.45,140.00
458,7,1.80,1.15,140.00
459,23,4.50,3.95,140.00
460,28,3.00,3.25,140.00
460,27,1.00,0.85,140.00
461,2,0.75,1.15,140.00
462,31,1.20,1.50,140.00
463,1,0.40,0.30,140.00
463,4,0.30,0.30,140.00
464,1,0.40,0.40,140.00
465,10,1.00,0.95,140.00
465,21,1.20,0.90,140.00
466,11,1.50,1.40,140.00
466,13,2.00,1.70,140.00
467,4,0.30,0.55,140.00
467,1,0.40,0.50,140.00
468,3,0.50,0.55,140.00
468,4,0.30,0.35,140.00
469,24,2.20,2.25,140.00
470,1,0.40,0.40,140.00
471,12,0.40,0.35,140.00
471,1,0.40,0.35,140.00
472,3,0.50,0.70,140.00
473,23,4.50,5.90,140.00
474,1,0.40,0.35,140.00
474,4,0.30,0.25,140.00
474,3,0.50,0.60,140.00
475,4,0.30,0.35,140.00
476,26,0.80,0.60,140.00
476,9,0.80,0.90,140.00
477,36,2.00,2.35,140.00
478,2,0.65,0.70,140.00
479,7,1.80,2.00,140.00
480,10,1.00,0.70,140.00
480,24,2.20,2.30,140.00
481,1,0.40,0.65,140.00
482,1,0.40,0.30,140.00
483,9,1.00,1.40,140.00
484,10,1.00,0.80,140.00
485,1,0.40,0.35,140.00
486,2,0.60,0.60,140.00
487,9,0.80,0.55,140.00
487,32,1.00,1.00,140.00
487,27,1.00,0.90,140.00
488,18,3.00,2.45,140.00
489,8,1.20,1.40,140.00
490,1,0.50,0.60,140.00
491,1,0.40,0.45,140.00
492,12,0.00,0.20,140.00
493,22,0.80,1.15,140.00
494,7,1.80,2.10,140.00
495,7,1.80,1.85,140.00
495,1,0.40,0.45,140.00
496,18,3.00,2.35,140.00
497,1,0.40,0.35,140.00
498,1,0.40,0.30,140.00
498,2,0.60,0.60,140.00
498,32,1.00,1.10,140.00
499,1,0.40,0.45,140.00
500,10,1.00,1.45,140.00
501,25,0.75,0.80,140.00
502,11,1.90,1.65,140.00
502,14,2.25,2.10,140.00
503,1,0.40,0.40,140.00
504,2,0.60,0.50,140.00
504,3,0.50,0.45,140.00
504,9,0.80,0.70,140.00
505,32,1.00,0.75,140.00
505,2,0.60,0.60,140.00
505,4,0.30,0.25,140.00
506,1,0.40,0.40,140.00
506,9,0.80,0.80,140.00
507,7,1.80,1.35,140.00
508,1,0.40,0.35,140.00
508,27,1.00,0.85,140.00
509,1,0.40,0.35,140.00
509,27,1.00,1.25,140.00
510,2,0.60,0.50,140.00
511,7,1.80,1.40,140.00
512,10,1.00,1.15,140.00
512,21,1.20,1.20,140.00
513,21,1.20,1.50,140.00
514,8,1.50,1.80,140.00
515,1,0.40,0.40,140.00
515,2,0.60,0.60,140.00
516,1,0.40,0.30,140.00
517,1,0.40,0.55,140.00
518,7,1.80,2.15,140.00
519,7,1.80,1.75,140.00
520,8,0.00,0.65,140.00
521,7,1.80,2.05,140.00
522,1,0.40,0.30,140.00
522,32,1.00,0.80,140.00
522,2,0.60,0.60,140.00
523,1,0.40,0.35,140.00
524,8,1.20,1.60,140.00
525,24,2.75,2.75,140.00
525,27,1.25,1.05,140.00
526,21,1.50,2.25,140.00
526,2,0.75,1.10,140.00
527,34,6.00,7.75,140.00
528,1,0.40,0.40,140.00
528,2,0.60,0.90,140.00
528,4,0.30,0.50,140.00
529,10,1.00,0.85,140.00
530,7,1.80,1.50,140.00
531,1,0.40,0.50,140.00
532,22,0.80,1.05,140.00
533,1,0.40,0.35,140.00
533,9,0.80,0.60,140.00
534,1,0.40,0.55,140.00
535,7,2.25,2.25,140.00
536,1,0.40,0.55,140.00
537,30,0.00,1.10,140.00
538,1,0.45,0.45,140.00
539,1,0.40,0.45,140.00
540,7,1.80,3.15,140.00
541,1,0.40,0.30,140.00
542,20,1.20,1.25,140.00
543,7,0.00,1.60,140.00
544,1,0.40,0.70,140.00
545,34,6.00,5.65,140.00
545,1,0.40,0.35,140.00
546,22,0.80,0.80,140.00
547,18,3.00,2.20,140.00
548,10,1.00,0.95,140.00
548,20,1.20,1.00,140.00
548,32,1.00,0.95,140.00
549,1,0.40,0.40,140.00
550,1,0.40,0.30,140.00
551,8,1.20,1.00,140.00
552,14,1.80,1.60,140.00
553,28,3.00,2.65,140.00
553,27,1.00,0.75,140.00
554,1,0.40,0.35,140.00
555,2,0.60,0.65,140.00
555,4,0.30,0.35,140.00
556,32,1.00,1.05,140.00
556,27,1.00,1.20,140.00
556,2,0.60,1.10,140.00
557,31,1.20,1.25,140.00
558,29,2.00,2.00,140.00
558,27,1.00,0.70,140.00
559,1,0.40,0.40,140.00
559,9,0.80,0.95,140.00
560,2,0.60,0.75,140.00
561,1,0.40,0.35,140.00
561,2,0.60,0.65,140.00
562,3,0.50,0.45,140.00
563,1,0.40,0.30,140.00
563,32,1.00,1.20,140.00
564,1,0.40,0.30,140.00
564,9,0.80,0.50,140.00
565,21,1.20,1.45,140.00
566,1,0.40,0.45,140.00
567,7,0.00,0.95,140.00
568,38,2.50,3.00,140.00
569,1,0.40,0.35,140.00
570,7,2.25,2.20,140.00
571,31,1.50,0.80,140.00
571,4,0.40,0.30,140.00
571,2,0.75,0.55,140.00
572,7,1.80,2.00,140.00
573,1,0.40,0.45,140.00
574,25,0.60,0.40,140.00
574,27,1.00,0.85,140.00
575,4,0.35,0.35,140.00
576,38,2.50,2.75,140.00
577,10,1.00,1.50,140.00
578,1,0.40,0.50,140.00
579,1,0.40,0.40,140.00
580,2,0.75,0.60,140.00
580,1,0.50,0.55,140.00
581,12,0.40,0.30,140.00
582,2,0.60,0.40,140.00
583,4,0.30,0.25,140.00
584,21,1.20,0.85,140.00
584,3,0.50,0.45,140.00
584,27,1.00,0.95,140.00
585,15,1.00,0.70,140.00
586,2,0.60,0.50,140.00
586,27,1.00,0.95,140.00
587,1,0.50,0.45,140.00
587,4,0.40,0.35,140.00
588,7,1.80,1.15,140.00
589,1,0.40,0.25,140.00
589,3,0.50,0.45,140.00
590,29,2.00,1.50,140.00
591,8,1.20,1.15,140.00
592,6,1.20,1.55,140.00
593,1,0.40,0.40,140.00
593,9,0.80,0.65,140.00
593,4,0.30,0.20,140.00
594,23,4.50,4.85,140.00
595,26,0.80,0.60,140.00
595,3,0.50,0.35,140.00
596,27,1.00,0.85,140.00
597,1,0.40,0.30,140.00
597,2,0.60,0.50,140.00
598,24,2.20,2.05,140.00
599,14,1.80,1.60,140.00
599,4,0.30,0.25,140.00
600,11,1.50,1.40,140.00
600,12,0.40,0.40,140.00
601,7,1.80,1.85,140.00
601,27,1.00,0.95,140.00
602,27,1.00,1.10,140.00
603,8,1.20,1.30,140.00
603,2,0.60,0.50,140.00
604,1,0.40,0.35,140.00
605,2,0.60,0.45,140.00
605,27,1.00,0.70,140.00
605,9,0.80,0.50,140.00
606,9,0.80,0.85,140.00
607,11,1.50,1.45,140.00
607,14,1.80,1.10,140.00
607,9,0.80,0.90,140.00
607,2,0.60,0.55,140.00
608,24,2.20,2.10,140.00
609,13,2.00,2.40,140.00
610,1,0.40,0.35,140.00
611,20,1.20,1.65,140.00
611,1,0.40,0.55,140.00
612,11,1.50,1.15,140.00
612,4,0.30,0.25,140.00
613,12,0.40,0.60,140.00
613,32,1.00,1.30,140.00
614,22,0.80,0.60,140.00
614,32,1.00,0.80,140.00
615,8,1.20,1.20,140.00
616,13,2.00,2.45,140.00
616,1,0.40,0.35,140.00
617,25,0.60,0.70,140.00
618,32,1.00,1.05,140.00
619,25,0.60,0.50,140.00
620,33,3.00,1.70,140.00
621,2,0.60,0.75,140.00
622,1,0.50,0.55,140.00
622,2,0.75,0.85,140.00
623,2,0.60,0.75,140.00
623,9,0.80,1.10,140.00
623,32,1.00,1.70,140.00
624,1,0.40,0.45,140.00
625,29,2.00,1.75,140.00
626,19,2.50,2.10,140.00
626,27,1.00,0.70,140.00
626,2,0.60,0.55,140.00
627,6,1.50,1.50,140.00
627,9,1.00,1.05,140.00
628,1,0.40,0.55,140.00
629,7,1.80,1.95,140.00
630,22,0.80,1.40,140.00
631,28,3.00,3.30,140.00
631,32,1.00,1.10,140.00
632,36,2.00,2.00,140.00
632,1,0.40,0.40,140.00
632,27,1.00,1.25,140.00
633,1,0.40,0.40,140.00
634,14,1.80,2.40,140.00
634,3,0.50,0.35,140.00
635,1,0.40,0.40,140.00
636,8,1.20,1.45,140.00
636,1,0.40,0.45,140.00
637,10,1.00,1.00,140.00
637,1,0.40,0.40,140.00
638,1,0.40,0.30,140.00
639,1,0.50,0.60,140.00
639,9,1.00,1.05,140.00
639,27,1.25,1.50,140.00
640,4,0.30,0.35,140.00
641,7,1.80,1.85,140.00
642,5,1.00,1.75,140.00
642,1,0.40,0.70,140.00
642,32,1.00,1.35,140.00
643,1,0.40,0.45,140.00
644,1,0.40,0.55,140.00
645,8,1.20,1.55,140.00
646,12,0.40,0.25,140.00
646,3,0.50,0.45,140.00
646,4,0.30,0.35,140.00
647,1,0.40,0.40,140.00
648,1,0.40,0.55,140.00
648,2,0.60,0.80,140.00
648,3,0.50,0.65,140.00
649,8,1.20,0.80,140.00
650,2,0.60,0.55,140.00
651,10,1.00,1.20,140.00
651,22,0.80,0.90,140.00
652,36,2.00,1.40,140.00
652,32,1.00,0.85,140.00
653,1,0.40,0.40,140.00
654,20,1.20,1.40,140.00
655,16,3.50,3.45,140.00
656,1,0.40,0.35,140.00
657,35,10.00,12.25,140.00
658,1,0.40,0.55,140.00
658,32,1.00,1.05,140.00
658,3,0.50,0.60,140.00
659,1,0.40,0.40,140.00
660,27,1.25,1.35,140.00
660,2,0.75,0.90,140.00
661,24,2.20,2.05,140.00
662,11,1.50,1.40,140.00
662,2,0.60,0.65,140.00
662,1,0.40,0.30,140.00
663,12,0.40,0.45,140.00
663,1,0.40,0.50,140.00
664,13,2.00,2.05,140.00
664,1,0.40,0.40,140.00
665,1,0.40,0.55,140.00
666,1,0.40,0.50,140.00
667,26,0.80,0.80,140.00
668,18,3.00,3.65,140.00
669,1,0.40,0.30,140.00
669,3,0.50,0.45,140.00
669,32,1.00,1.00,140.00
670,7,1.80,2.05,140.00
670,3,0.50,0.45,140.00
671,1,0.40,0.55,140.00
672,18,3.00,2.65,140.00
673,11,1.50,1.30,140.00
673,12,0.40,0.45,140.00
673,2,0.60,0.55,140.00
674,6,1.20,0.80,140.00
674,4,0.30,0.30,140.00
675,11,1.50,1.60,140.00
675,1,0.40,0.40,140.00
676,16,3.50,3.20,140.00
677,1,0.40,0.40,140.00
677,3,0.50,0.50,140.00
678,4,0.30,0.25,140.00
678,9,0.80,0.75,140.00
678,1,0.40,0.40,140.00
679,1,0.40,0.50,140.00
680,1,0.40,0.60,140.00
681,21,1.20,1.15,140.00
682,1,0.40,0.35,140.00
682,2,0.60,0.65,140.00
683,1,0.40,0.45,140.00
683,3,0.50,0.55,140.00
683,4,0.30,0.30,140.00
684,3,0.60,0.85,140.00
685,26,0.80,0.80,140.00
686,38,2.50,2.90,140.00
687,4,0.30,0.45,140.00
688,20,1.20,1.70,140.00
689,23,4.50,3.70,140.00
689,1,0.40,0.35,140.00
690,2,0.60,0.85,140.00
690,1,0.40,0.55,140.00
691,1,0.40,0.30,140.00
691,27,1.00,0.85,140.00
691,32,1.00,1.00,140.00
692,1,0.50,0.50,140.00
693,25,0.60,0.60,140.00
694,29,2.00,1.90,140.00
694,27,1.00,1.25,140.00
695,5,1.00,0.90,140.00
696,25,0.60,0.70,140.00
697,10,1.00,0.75,140.00
697,22,0.80,0.75,140.00
698,6,1.20,1.60,140.00
699,6,1.20,1.95,140.00
700,1,0.50,0.35,140.00
700,3,0.60,0.65,140.00
701,25,0.60,0.75,140.00
702,4,0.40,0.35,140.00
703,1,0.40,0.50,140.00
704,10,1.00,1.15,140.00
704,30,2.00,2.15,140.00
705,10,1.00,1.00,140.00
705,32,1.00,1.15,140.00
706,1,0.40,0.60,140.00
706,3,0.50,0.55,140.00
707,11,1.90,1.70,140.00
707,12,0.50,0.45,140.00
708,7,1.80,1.55,140.00
708,3,0.50,0.40,140.00
709,24,2.20,2.40,140.00
710,28,3.00,3.40,140.00
710,32,1.00,1.20,140.00
710,27,1.00,1.05,140.00
711,1,0.40,0.55,140.00
712,6,1.50,2.45,140.00
713,14,1.80,2.05,140.00
713,3,0.50,0.35,140.00
714,10,1.00,1.00,140.00
714,22,0.80,0.70,140.00
715,27,1.00,1.50,140.00
715,4,0.30,0.50,140.00
715,1,0.40,0.55,140.00
716,33,3.00,3.05,140.00
717,1,0.40,0.45,140.00
717,32,1.00,0.85,140.00
718,2,0.60,0.55,140.00
718,3,0.50,0.35,140.00
719,26,0.80,1.25,140.00
719,32,1.00,1.50,140.00
719,9,0.80,1.15,140.00
720,7,1.80,1.35,140.00
720,1,0.40,0.40,140.00
721,5,1.00,1.05,140.00
722,15,1.00,1.55,140.00
722,32,1.00,1.40,140.00
723,36,0.00,1.00,140.00
724,1,0.40,0.30,140.00
725,7,2.25,1.95,140.00
725,27,1.25,0.90,140.00
726,10,1.00,1.10,140.00
726,20,1.20,1.50,140.00
727,7,2.25,2.55,140.00
728,37,0.80,1.10,140.00
728,27,1.00,1.25,140.00
729,8,1.20,1.45,140.00
729,2,0.60,0.70,140.00
730,8,1.20,0.95,140.00
730,4,0.30,0.30,140.00
731,1,0.40,0.35,140.00
731,27,1.00,0.95,140.00
732,1,0.50,1.25,140.00
733,21,1.20,1.20,140.00
734,21,1.50,1.25,140.00
734,2,0.75,0.70,140.00
735,1,0.40,0.35,140.00
736,8,0.00,0.40,140.00
737,1,0.40,0.55,140.00
738,10,0.00,0.65,140.00
739,1,0.40,0.50,140.00
740,9,0.80,0.65,140.00
740,4,0.30,0.25,140.00
741,12,0.40,0.40,140.00
741,3,0.50,0.60,140.00
742,8,1.20,1.30,140.00
742,32,1.00,0.80,140.00
743,15,1.00,1.15,140.00
743,1,0.40,0.40,140.00
744,14,1.80,1.75,140.00
745,10,1.00,0.95,140.00
745,24,2.20,1.85,140.00
746,7,1.80,2.40,140.00
747,2,0.60,0.55,140.00
748,23,4.50,5.05,140.00
749,1,0.40,0.50,140.00
749,9,0.80,1.05,140.00
750,24,2.20,3.65,140.00
751,1,0.40,0.45,140.00
752,31,1.20,1.45,140.00
753,2,0.60,0.45,140.00
754,18,3.00,2.45,140.00
754,32,1.00,1.20,140.00
755,12,0.40,0.35,140.00
756,5,1.00,0.95,140.00
756,2,0.60,0.75,140.00
757,1,0.40,0.60,140.00
758,33,3.00,2.70,140.00
759,1,0.50,0.65,140.00
759,4,0.40,0.55,140.00
760,20,1.20,1.70,140.00
761,9,0.80,0.80,140.00
762,3,0.50,0.70,140.00
763,7,2.25,1.75,140.00
764,1,0.40,0.50,140.00
765,2,0.60,0.50,140.00
766,1,0.40,0.30,140.00
767,7,1.80,1.95,140.00
768,4,0.30,0.30,140.00
769,21,1.20,1.75,140.00
769,9,0.80,0.85,140.00
770,13,0.00,1.00,140.00
771,12,0.40,0.30,140.00
772,2,0.60,0.65,140.00
773,1,0.40,0.60,140.00
774,8,1.20,1.15,140.00
775,1,0.40,0.45,140.00
775,2,0.60,0.65,140.00
776,8,1.20,1.30,140.00
776,1,0.40,0.35,140.00
776,2,0.60,0.90,140.00
777,20,0.00,0.40,140.00
778,1,0.50,0.70,140.00
779,8,1.20,1.45,140.00
780,1,0.40,0.25,140.00
781,1,0.40,0.30,140.00
782,10,1.25,1.10,140.00
782,20,1.50,1.30,140.00
783,19,2.50,2.00,140.00
784,14,1.80,1.85,140.00
785,28,0.00,1.65,140.00
786,18,3.00,2.15,140.00
787,15,1.00,1.00,140.00
788,7,1.80,1.60,140.00
789,8,1.20,1.15,140.00
789,2,0.60,0.50,140.00
790,7,1.80,1.50,140.00
791,15,1.00,1.10,140.00
792,1,0.40,0.50,140.00
793,10,1.00,1.15,140.00
794,1,0.40,0.40,140.00
794,2,0.60,0.80,140.00
795,8,1.20,1.20,140.00
796,15,1.00,0.95,140.00
796,2,0.60,0.50,140.00
797,4,0.30,0.30,140.00
798,1,0.40,0.35,140.00
799,16,3.50,2.35,140.00
800,32,1.00,0.85,140.00
800,4,0.30,0.25,140.00
800,27,1.00,1.00,140.00
801,14,2.00,2.00,140.00
802,1,0.40,0.50,140.00
803,10,1.00,0.95,140.00
803,22,0.80,0.80,140.00
804,10,1.00,0.85,140.00
804,24,2.20,1.50,140.00
805,29,2.00,3.00,140.00
805,27,1.00,1.40,140.00
806,7,1.80,2.00,140.00
807,1,0.40,0.75,140.00
808,10,1.00,1.10,140.00
808,20,1.20,1.70,140.00
809,17,2.50,1.80,140.00
810,6,1.20,1.00,140.00
811,8,1.20,1.45,140.00
811,27,1.00,0.75,140.00
812,29,0.00,0.85,140.00
813,1,0.40,0.50,140.00
814,1,0.50,0.45,140.00
814,32,1.25,1.25,140.00
814,4,0.40,0.35,140.00
815,1,0.40,0.40,140.00
815,9,0.80,0.75,140.00
816,1,0.40,0.40,140.00
817,1,0.40,0.40,140.00
818,27,1.00,1.00,140.00
819,12,0.40,0.40,140.00
819,3,0.50,0.60,140.00
820,32,1.00,0.85,140.00
821,4,0.30,0.50,140.00
822,1,0.40,0.50,140.00
823,14,1.80,2.20,140.00
824,6,1.20,1.30,140.00
825,29,2.00,1.40,140.00
825,1,0.40,0.35,140.00
825,27,1.00,0.70,140.00
826,1,0.40,0.45,140.00
827,20,1.20,1.55,140.00
828,12,0.40,0.30,140.00
829,25,0.60,0.65,140.00
830,25,0.60,0.70,140.00
831,10,1.00,1.20,140.00
831,30,2.00,1.85,140.00
832,19,2.50,1.85,140.00
833,8,1.20,1.00,140.00
834,3,0.50,0.80,140.00
835,1,0.40,0.35,140.00
836,1,0.50,0.45,140.00
836,3,0.60,0.70,140.00
837,1,0.40,0.40,140.00
838,2,0.60,0.55,140.00
838,9,0.80,0.95,140.00
839,7,1.80,2.60,140.00
840,28,3.00,2.70,140.00
840,27,1.00,1.15,140.00
841,37,0.80,0.70,140.00
841,27,1.00,1.55,140.00
842,11,1.50,1.00,140.00
842,12,0.40,0.30,140.00
842,4,0.30,0.20,140.00
843,1,0.40,0.45,140.00
844,10,1.00,0.90,140.00
845,7,2.25,2.05,140.00
845,2,0.75,0.75,140.00
846,2,0.60,0.60,140.00
847,3,0.60,0.55,140.00
847,9,1.00,0.80,140.00
848,3,0.60,0.75,140.00
849,1,0.40,0.40,140.00
849,9,0.80,0.70,140.00
850,1,0.40,0.45,140.00
850,32,1.00,0.75,140.00
851,8,1.20,0.90,140.00
852,3,0.50,0.50,140.00
853,30,2.00,2.25,140.00
853,2,0.60,0.75,140.00
854,8,1.20,1.15,140.00
855,1,0.40,0.60,140.00
855,27,1.00,1.25,140.00
855,32,1.00,1.15,140.00
856,10,1.00,0.90,140.00
857,2,0.60,0.50,140.00
858,29,2.50,2.60,140.00
858,27,1.25,0.90,140.00
859,1,0.40,0.25,140.00
859,27,1.00,1.10,140.00
860,21,1.20,1.55,140.00
860,3,0.50,0.50,140.00
860,4,0.30,0.20,140.00
861,1,0.40,0.35,140.00
862,26,0.80,0.85,140.00
863,1,0.40,0.35,140.00
864,1,0.40,0.40,140.00
865,1,0.40,0.35,140.00
866,1,0.40,0.40,140.00
867,3,0.50,0.45,140.00
868,20,1.20,1.30,140.00
869,1,0.45,0.40,140.00
870,5,1.00,0.85,140.00
871,33,3.00,3.10,140.00
872,4,0.30,0.30,140.00
872,3,0.50,0.65,140.00
872,1,0.40,0.45,140.00
873,32,1.00,1.00,140.00
874,1,0.40,0.40,140.00
874,32,1.00,1.30,140.00
875,1,0.40,0.35,140.00
876,10,0.00,0.55,140.00
877,1,0.40,0.55,140.00
878,7,1.80,2.60,140.00
879,19,2.50,3.10,140.00
879,9,0.80,1.15,140.00
880,27,1.00,1.05,140.00
880,9,0.80,0.85,140.00
881,7,0.00,1.00,140.00
882,21,1.20,1.15,140.00
882,2,0.60,0.55,140.00
883,21,1.20,1.80,140.00
884,28,3.00,2.65,140.00
884,27,1.00,1.20,140.00
885,2,0.60,0.55,140.00
886,2,0.60,0.65,140.00
886,4,0.30,0.30,140.00
887,22,0.80,0.70,140.00
887,9,0.80,0.95,140.00
888,18,3.00,2.90,140.00
888,27,1.00,1.30,140.00
889,27,1.00,0.90,140.00
890,7,1.80,2.15,140.00
890,2,0.60,0.55,140.00
891,1,0.40,0.45,140.00
892,22,0.80,0.60,140.00
893,7,1.80,1.65,140.00
894,1,0.40,0.40,140.00
894,4,0.30,0.35,140.00
895,22,0.80,0.95,140.00
896,9,0.80,1.15,140.00
897,1,0.40,0.40,140.00
898,1,0.40,0.35,140.00
899,6,1.20,1.30,140.00
900,11,1.50,1.50,140.00
900,14,1.80,1.90,140.00
901,1,0.40,0.45,140.00
902,29,2.00,1.70,140.00
902,27,1.00,1.10,140.00
903,7,1.80,1.65,140.00
903,2,0.60,0.50,140.00
904,9,0.80,1.00,140.00
905,1,0.40,0.60,140.00
906,1,0.40,0.35,140.00
907,18,3.00,2.45,140.00
908,10,1.00,1.20,140.00
908,21,1.20,1.25,140.00
909,9,0.80,0.80,140.00
909,3,0.50,0.45,140.00
910,1,0.40,0.45,140.00
911,1,0.40,0.50,140.00
912,3,0.50,0.55,140.00
913,1,0.40,0.45,140.00
914,22,0.80,0.70,140.00
915,9,0.80,0.60,140.00
916,10,1.00,1.00,140.00
917,15,1.00,0.85,140.00
918,38,0.00,1.35,140.00
919,14,1.80,1.95,140.00
919,4,0.30,0.20,140.00
920,9,0.80,0.80,140.00
920,27,1.00,1.00,140.00
921,11,1.50,1.45,140.00
921,9,0.80,0.65,140.00
922,1,0.40,0.55,140.00
922,2,0.60,0.65,140.00
922,3,0.50,0.55,140.00
923,7,1.80,2.35,140.00
924,3,0.50,0.70,140.00
924,4,0.30,0.35,140.00
925,7,1.80,1.40,140.00
925,3,0.50,0.40,140.00
925,9,0.80,0.55,140.00
926,12,0.40,0.55,140.00
927,1,0.40,0.55,140.00
928,8,1.20,1.60,140.00
929,7,1.80,2.45,140.00
930,33,3.00,2.15,140.00
931,12,0.40,0.30,140.00
932,12,0.40,0.55,140.00
932,1,0.40,0.70,140.00
933,9,0.80,1.00,140.00
934,37,0.80,0.70,140.00
934,9,0.80,0.65,140.00
934,27,1.00,0.65,140.00
935,9,0.80,0.65,140.00
936,1,0.40,0.40,140.00
937,2,0.60,0.80,140.00
938,3,0.50,0.60,140.00
939,20,0.00,0.50,140.00
940,23,4.50,2.70,140.00
941,29,2.00,1.35,140.00
941,27,1.00,0.85,140.00
942,3,0.50,0.50,140.00
943,15,0.00,0.85,140.00
944,2,0.60,0.75,140.00
945,1,0.40,0.50,140.00
945,32,1.00,1.65,140.00
946,1,0.40,0.30,140.00
946,32,1.00,1.10,140.00
947,1,0.45,0.40,140.00
948,6,1.20,1.45,140.00
948,1,0.40,0.60,140.00
948,4,0.30,0.45,140.00
949,6,1.50,1.80,140.00
950,14,0.00,0.90,140.00
951,11,1.50,1.00,140.00
951,14,1.80,2.15,140.00
952,6,1.30,1.60,140.00
952,1,0.45,0.40,140.00
953,1,0.40,0.55,140.00
954,1,0.40,0.40,140.00
954,27,1.00,0.85,140.00
954,2,0.60,0.60,140.00
955,4,0.30,0.25,140.00
955,3,0.50,0.55,140.00
955,1,0.40,0.35,140.00
956,3,0.50,0.60,140.00
957,7,1.80,1.60,140.00
957,4,0.30,0.30,140.00
958,10,1.00,1.10,140.00
959,29,0.00,1.70,140.00
960,1,0.40,0.55,140.00
961,25,0.75,0.90,140.00
961,2,0.75,0.75,140.00
962,1,0.40,0.40,140.00
963,26,0.80,1.00,140.00
964,21,1.20,0.95,140.00
965,21,1.20,1.10,140.00
966,10,1.00,0.80,140.00
966,3,0.50,0.45,140.00
967,36,2.00,1.80,140.00
967,4,0.30,0.30,140.00
968,8,1.20,1.55,140.00
969,5,1.00,1.10,140.00
969,1,0.40,0.35,140.00
969,32,1.00,1.05,140.00
970,7,1.80,2.70,140.00
970,1,0.40,0.45,140.00
971,23,0.00,1.55,140.00
972,15,1.10,1.00,140.00
973,25,0.00,0.35,140.00
974,9,0.80,0.95,140.00
974,3,0.50,0.55,140.00
975,1,0.40,0.45,140.00
976,2,0.60,0.65,140.00
976,32,1.00,1.05,140.00
977,9,0.80,0.65,140.00
977,1,0.40,0.35,140.00
978,2,0.75,1.05,140.00
978,27,1.25,1.65,140.00
979,2,0.60,0.50,140.00
980,15,1.25,1.45,140.00
981,12,0.40,0.30,140.00
982,1,0.40,0.35,140.00
983,4,0.30,0.30,140.00
984,9,0.80,1.00,140.00
984,1,0.40,0.45,140.00
985,1,0.40,0.30,140.00
986,37,0.80,0.80,140.00
986,4,0.30,0.30,140.00
986,1,0.40,0.40,140.00
986,27,1.00,0.85,140.00
987,15,1.00,1.30,140.00
987,1,0.40,0.65,140.00
987,32,1.00,1.95,140.00
988,7,1.80,2.20,140.00
989,25,0.60,0.65,140.00
990,1,0.40,0.30,140.00
990,27,1.00,1.05,140.00
991,1,0.40,0.40,140.00
991,32,1.00,0.95,140.00
992,1,0.40,0.45,140.00
993,12,0.40,0.45,140.00
994,21,1.20,1.45,140.00
994,1,0.40,0.40,140.00
995,4,0.30,0.45,140.00
996,11,1.50,1.40,140.00
997,1,0.50,0.50,140.00
997,32,1.25,1.20,140.00
998,10,1.00,0.90,140.00
998,32,1.00,0.85,140.00
999,1,0.40,0.45,140.00
999,3,0.50,0.60,140.00
1000,13,2.00,2.05,140.00
1001,7,1.80,2.25,140.00
1001,1,0.40,0.40,140.00
1002,1,0.40,0.30,140.00
1003,8,1.20,1.20,140.00
1003,4,0.30,0.25,140.00
1004,1,0.50,0.45,140.00
1004,4,0.40,0.35,140.00
1005,4,0.30,0.35,140.00
1005,3,0.50,0.75,140.00
1006,34,6.00,7.00,140.00
1007,13,2.20,2.15,140.00
1008,7,1.80,1.55,140.00
1008,4,0.30,0.25,140.00
1009,12,0.40,0.45,140.00
1010,27,1.00,1.40,140.00
1010,4,0.30,0.35,140.00
1011,10,1.00,1.40,140.00
1012,5,1.00,0.90,140.00
1013,27,1.00,1.10,140.00
1013,32,1.00,0.80,140.00
1014,11,1.50,1.75,140.00
1015,15,1.00,0.95,140.00
1015,32,1.00,1.00,140.00
1016,1,0.50,0.50,140.00
1017,3,0.50,0.70,140.00
1017,9,0.80,1.25,140.00
1018,1,0.40,0.55,140.00
1019,1,0.40,0.30,140.00
1020,1,0.40,0.40,140.00
1021,5,1.00,1.20,140.00
1022,20,1.20,1.25,140.00
1023,1,0.40,0.35,140.00
1024,33,3.00,2.00,140.00
1025,1,0.40,0.50,140.00
1025,9,0.80,1.05,140.00
1025,3,0.50,0.60,140.00
1026,5,1.00,1.10,140.00
1027,10,1.25,1.10,140.00
1027,22,1.00,1.15,140.00
1028,16,3.50,4.40,140.00
1029,12,0.40,0.45,140.00
1029,9,0.80,0.70,140.00
1030,4,0.30,0.25,140.00
1031,1,0.40,0.35,140.00
1032,7,1.80,1.90,140.00
1033,20,1.20,1.10,140.00
1033,32,1.00,0.70,140.00
1034,3,0.50,0.60,140.00
1034,27,1.00,1.35,140.00
1034,4,0.30,0.35,140.00
1035,3,0.50,0.65,140.00
1036,27,1.00,1.00,140.00
1037,15,1.00,1.85,140.00
1038,19,2.50,2.20,140.00
1039,2,0.60,0.65,140.00
1040,1,0.40,0.55,140.00
1041,10,1.00,0.85,140.00
1041,32,1.00,1.00,140.00
1041,2,0.60,0.55,140.00
1041,3,0.50,0.40,140.00
1042,1,0.40,0.40,140.00
1043,10,1.00,1.15,140.00
1044,1,0.40,0.50,140.00
1045,15,1.00,1.10,140.00
1046,11,1.50,1.60,140.00
1047,16,3.50,3.15,140.00
1047,9,0.80,0.65,140.00
1047,3,0.50,0.45,140.00
1048,1,0.40,0.55,140.00
1048,9,0.80,1.30,140.00
1048,3,0.50,0.70,140.00
1049,19,2.50,2.00,140.00
1050,1,0.40,0.40,140.00
1050,27,1.00,1.30,140.00
1050,32,1.00,1.30,140.00
1051,10,1.00,0.90,140.00
1051,22,0.80,0.95,140.00
1052,19,3.10,2.95,140.00
1053,9,0.80,1.00,140.00
1053,2,0.60,1.00,140.00
1054,35,10.00,8.40,140.00
1054,9,0.80,0.85,140.00
1054,32,1.00,0.90,140.00
1055,1,0.50,0.40,140.00
1055,3,0.60,0.55,140.00
1056,7,1.80,2.35,140.00
1057,7,1.80,1.80,140.00
1058,27,1.00,1.55,140.00
1059,4,0.30,0.25,140.00
1060,1,0.40,0.55,140.00
1061,32,1.00,0.85,140.00
1062,1,0.40,0.40,140.00
1062,3,0.50,0.60,140.00
1063,1,0.40,0.30,140.00
1064,12,0.00,0.25,140.00
1065,2,0.60,0.50,140.00
1066,11,1.50,1.10,140.00
1066,32,1.00,0.90,140.00
1067,7,1.80,1.65,140.00
1067,2,0.60,0.65,140.00
1068,25,0.00,0.50,140.00
1069,12,0.40,0.45,140.00
1070,12,0.40,0.45,140.00
1071,12,0.40,0.60,140.00
1071,32,1.00,1.40,140.00
1071,9,0.80,1.15,140.00
1072,7,1.80,1.55,140.00
1072,9,0.80,0.60,140.00
1073,36,2.00,2.60,140.00
1074,34,6.00,4.80,140.00
1075,1,0.40,0.40,140.00
1076,2,0.60,0.60,140.00
1077,1,0.40,0.35,140.00
1078,4,0.30,0.35,140.00
1078,9,0.80,0.75,140.00
1079,7,1.80,2.25,140.00
1080,12,0.40,0.45,140.00
1081,24,2.20,1.90,140.00
1081,1,0.40,0.45,140.00
1082,23,4.50,4.15,140.00
1083,1,0.40,0.50,140.00
1083,9,0.80,0.80,140.00
1083,4,0.30,0.45,140.00
1084,13,2.00,1.80,140.00
1085,28,3.00,3.05,140.00
1085,27,1.00,1.05,140.00
1086,1,0.40,0.35,140.00
1087,15,1.00,1.10,140.00
1088,1,0.40,0.40,140.00
1088,9,0.80,0.90,140.00
1089,2,0.60,0.65,140.00
1090,15,1.00,0.90,140.00
1091,34,6.00,5.45,140.00
1092,1,0.40,0.65,140.00
1093,12,0.50,0.70,140.00
1093,4,0.40,0.45,140.00
1094,8,1.20,1.40,140.00
1094,32,1.00,1.30,140.00
1095,1,0.40,0.40,140.00
1096,1,0.40,0.65,140.00
1097,18,3.75,3.35,140.00
1098,8,1.20,0.90,140.00
1099,27,1.00,1.10,140.00
1099,4,0.30,0.25,140.00
1100,1,0.40,0.60,140.00
1101,1,0.40,0.35,140.00
1102,1,0.40,0.50,140.00
1103,13,0.00,0.75,140.00
1104,7,1.80,1.60,140.00
1105,5,1.00,1.00,140.00
1106,26,0.80,0.85,140.00
1107,22,0.90,0.70,140.00
1107,9,0.90,0.60,140.00
1108,2,0.60,0.60,140.00
1109,15,1.00,1.25,140.00
1110,3,0.50,0.65,140.00
1111,24,2.20,1.55,140.00
1112,15,1.00,0.85,140.00
1113,1,0.40,0.30,140.00
1114,1,0.40,0.50,140.00
1115,16,0.00,1.55,140.00
1116,9,0.80,0.90,140.00
1117,37,0.80,1.05,140.00
1117,9,0.80,0.85,140.00
1117,27,1.00,1.40,140.00
1118,1,0.40,0.30,140.00
1119,4,0.30,0.40,140.00
1119,2,0.60,0.70,140.00
1120,1,0.40,0.45,140.00
1120,3,0.50,0.60,140.00
1121,8,1.50,1.70,140.00
1122,1,0.40,0.40,140.00
1123,15,1.00,0.80,140.00
1123,32,1.00,1.00,140.00
1124,27,1.00,1.60,140.00
1124,9,0.80,0.75,140.00
1124,4,0.30,0.40,140.00
1125,15,0.00,0.45,140.00
1126,27,1.00,0.90,140.00
1127,1,0.40,0.40,140.00
1128,32,1.00,1.00,140.00
1128,1,0.40,0.35,140.00
1128,2,0.60,0.50,140.00
1129,15,1.00,0.60,140.00
1130,7,1.80,2.20,140.00
1131,1,0.40,0.40,140.00
1132,10,1.00,1.15,140.00
1133,10,1.00,1.25,140.00
1133,22,0.80,1.05,140.00
1134,1,0.40,0.35,140.00
1135,1,0.40,0.55,140.00
1135,4,0.30,0.40,140.00
1136,15,1.00,1.05,140.00
1137,12,0.40,0.40,140.00
1138,1,0.40,0.30,140.00
1138,3,0.50,0.40,140.00
1138,32,1.00,1.20,140.00
1139,3,0.50,0.60,140.00
1140,32,1.00,0.95,140.00
1141,12,0.45,0.40,140.00
1142,27,1.00,0.85,140.00
1142,3,0.50,0.55,140.00
1143,23,4.50,4.35,140.00
1143,2,0.60,0.60,140.00
1144,7,1.80,1.60,140.00
1144,27,1.00,1.15,140.00
1145,1,0.40,0.45,140.00
1145,27,1.00,0.80,140.00
1146,1,0.40,0.50,140.00
1146,2,0.60,0.65,140.00
1146,32,1.00,1.20,140.00
1147,1,0.40,0.35,140.00
1148,24,2.20,1.65,140.00
1148,4,0.30,0.25,140.00
1148,32,1.00,1.05,140.00
1149,1,0.40,0.50,140.00
1150,8,1.20,1.25,140.00
1151,10,1.00,1.55,140.00
1152,12,0.40,0.45,140.00
1153,12,0.40,0.30,140.00
1153,4,0.30,0.25,140.00
1153,9,0.80,0.95,140.00
1154,26,0.80,0.70,140.00
1155,1,0.40,0.30,140.00
1155,4,0.30,0.25,140.00
1156,26,0.80,0.70,140.00
1157,3,0.50,0.50,140.00
1158,22,0.80,0.80,140.00
1158,4,0.30,0.30,140.00
1159,11,1.50,1.85,140.00
1159,13,2.00,2.05,140.00
1160,15,1.00,1.30,140.00
1161,10,1.00,1.05,140.00
1161,22,0.80,0.90,140.00
1162,2,0.75,0.65,140.00
1162,27,1.25,1.35,140.00
1163,21,1.20,1.00,140.00
1164,9,0.80,0.95,140.00
1164,1,0.40,0.40,140.00
1165,29,2.00,1.35,140.00
1166,10,1.00,0.80,140.00
1166,2,0.60,0.50,140.00
1167,7,1.80,1.75,140.00
1167,2,0.60,0.65,140.00
1168,25,0.60,0.70,140.00
1168,1,0.40,0.55,140.00
1168,9,0.80,0.95,140.00
1169,3,0.50,0.55,140.00
1170,1,0.40,0.50,140.00
1171,5,1.00,0.95,140.00
1171,4,0.30,0.25,140.00
1172,26,0.80,1.25,140.00
1173,2,0.60,0.55,140.00
1174,1,0.40,0.40,140.00
1175,7,1.80,2.10,140.00
1175,9,0.80,0.75,140.00
1175,1,0.40,0.40,140.00
1176,4,0.30,0.45,140.00
1177,14,1.80,1.50,140.00
1178,12,0.40,0.45,140.00
1179,11,1.50,1.20,140.00
1180,1,0.40,0.30,140.00
1181,10,1.00,1.05,140.00
1182,11,1.50,1.10,140.00
1183,10,1.00,1.25,140.00
1184,15,1.00,0.70,140.00
1185,15,1.00,0.70,140.00
1185,2,0.60,0.45,140.00
1185,1,0.40,0.30,140.00
1186,15,1.00,0.80,140.00
1187,22,0.80,1.15,140.00
1188,1,0.40,0.40,140.00
1189,10,1.00,1.05,140.00
1189,21,1.20,1.55,140.00
1189,27,1.00,1.10,140.00
1190,10,1.00,1.15,140.00
1190,20,1.20,2.00,140.00
1191,27,1.00,0.80,140.00
1191,4,0.30,0.30,140.00
1192,1,0.40,0.40,140.00
1193,21,1.20,1.15,140.00
1194,10,1.00,1.35,140.00
1195,8,1.20,0.90,140.00
1195,2,0.60,0.75,140.00
1196,28,3.00,2.35,140.00
1196,27,1.00,0.90,140.00
1197,11,1.50,1.35,140.00
1197,12,0.40,0.40,140.00
1198,2,0.60,0.55,140.00
1199,12,0.40,0.75,140.00
1200,1,0.40,0.30,140.00
1201,1,0.40,0.40,140.00
1202,2,0.60,0.45,140.00
1203,27,1.25,1.30,140.00
1204,3,0.50,0.65,140.00
1205,5,1.00,1.15,140.00
1205,2,0.60,0.60,140.00
1206,2,0.60,0.90,140.00
1206,3,0.50,0.60,140.00
1207,12,0.40,0.35,140.00
1208,10,1.00,0.85,140.00
1208,20,1.20,1.00,140.00
1209,7,1.80,2.10,140.00
1210,1,0.40,0.70,140.00
1211,1,0.40,0.35,140.00
1212,7,1.80,1.80,140.00
1213,24,2.20,2.45,140.00
1214,1,0.40,0.40,140.00
1214,3,0.50,0.45,140.00
1215,1,0.40,0.40,140.00
1215,2,0.60,0.35,140.00
1216,18,3.00,2.90,140.00
1217,36,2.00,1.65,140.00
1217,3,0.50,0.45,140.00
1218,27,1.00,0.85,140.00
1219,1,0.40,0.50,140.00
1219,9,0.80,1.10,140.00
1219,27,1.00,1.35,140.00
1220,3,0.50,0.80,140.00
1221,1,0.40,0.45,140.00
1221,27,1.00,1.30,140.00
1221,32,1.00,1.60,140.00
1222,7,1.80,1.55,140.00
1222,4,0.30,0.30,140.00
1223,1,0.40,0.35,140.00
1223,27,1.00,1.00,140.00
1224,13,2.00,2.60,140.00
1225,29,2.00,1.95,140.00
1225,27,1.00,0.90,140.00
1226,12,0.40,0.30,140.00
1227,36,2.00,2.75,140.00
1227,9,0.80,1.20,140.00
1228,12,0.40,0.40,140.00
1229,2,0.60,0.75,140.00
1230,25,0.60,0.90,140.00
1231,10,1.00,1.05,140.00
1232,11,1.50,1.75,140.00
1232,12,0.40,0.35,140.00
1233,1,0.40,0.45,140.00
1234,7,1.80,2.35,140.00
1235,4,0.30,0.35,140.00
1236,12,0.40,0.50,140.00
1237,10,1.00,1.05,140.00
1237,20,1.20,1.40,140.00
1238,4,0.30,0.30,140.00
1238,3,0.50,0.60,140.00
1239,22,0.80,1.05,140.00
1239,4,0.30,0.30,140.00
1240,15,1.00,1.35,140.00
1241,1,0.40,0.60,140.00
1241,27,1.00,1.35,140.00
1242,19,2.50,2.15,140.00
1243,2,0.60,1.00,140.00
1243,4,0.30,0.35,140.00
1244,10,1.00,1.20,140.00
1244,20,1.20,1.35,140.00
1245,12,0.40,0.40,140.00
1245,2,0.60,0.60,140.00
1246,1,0.40,0.50,140.00
1247,23,4.50,4.70,140.00
1247,32,1.00,0.95,140.00
1248,1,0.40,0.35,140.00
1249,20,0.00,0.65,140.00
1250,3,0.50,0.60,140.00
1251,7,1.80,1.75,140.00
1251,27,1.00,0.60,140.00
1252,16,3.50,3.20,140.00
1252,32,1.00,0.75,140.00
1252,4,0.30,0.20,140.00
1253,6,1.20,1.60,140.00
1253,1,0.40,0.65,140.00
1254,27,1.00,0.90,140.00
1254,1,0.40,0.35,140.00
1254,3,0.50,0.70,140.00
1255,8,1.20,1.50,140.00
1256,13,2.00,2.00,140.00
1257,25,0.60,0.45,140.00
1257,2,0.60,0.50,140.00
1258,1,0.40,0.60,140.00
1259,26,0.80,0.90,140.00
1259,4,0.30,0.35,140.00
1259,9,0.80,0.80,140.00
1260,29,2.00,1.60,140.00
1260,27,1.00,0.85,140.00
1261,15,1.00,1.45,140.00
1261,3,0.50,0.55,140.00
1261,2,0.60,0.95,140.00
1262,13,2.00,1.60,140.00
1263,1,0.40,0.40,140.00
1264,1,0.40,0.30,140.00
1265,8,1.20,1.50,140.00
1265,2,0.60,0.85,140.00
1266,1,0.40,0.55,140.00
1266,2,0.60,0.90,140.00
1267,1,0.40,0.40,140.00
1268,5,1.00,1.20,140.00
1268,27,1.00,1.65,140.00
1269,7,1.80,1.85,140.00
1270,4,0.30,0.35,140.00
1270,2,0.60,0.70,140.00
1271,10,1.25,1.75,140.00
1271,24,2.75,3.40,140.00
1272,27,1.00,0.85,140.00
1273,36,2.50,2.80,140.00
1274,1,0.40,0.50,140.00
1274,3,0.50,0.75,140.00
1275,22,0.80,1.10,140.00
1276,8,1.20,0.95,140.00
1277,2,0.75,0.40,140.00
1277,32,1.25,1.25,140.00
1277,3,0.60,0.65,140.00
1278,19,2.50,2.75,140.00
1279,29,2.00,2.05,140.00
1279,27,1.00,0.65,140.00
1280,10,1.00,1.30,140.00
1280,32,1.00,1.15,140.00
1281,6,1.20,1.50,140.00
1282,7,2.25,1.70,140.00
1282,3,0.60,0.55,140.00
1283,7,2.25,1.70,140.00
1284,1,0.40,0.40,140.00
1285,10,1.00,1.10,140.00
1286,1,0.40,0.40,140.00
1286,4,0.30,0.25,140.00
1287,1,0.40,0.60,140.00
1288,33,3.00,2.80,140.00
1289,8,1.20,1.10,140.00
1290,21,1.20,1.15,140.00
1290,9,0.80,0.70,140.00
1290,3,0.50,0.45,140.00
1291,12,0.40,0.35,140.00
1292,26,0.80,0.65,140.00
1292,32,1.00,1.35,140.00
1293,32,1.00,0.95,140.00
1293,4,0.30,0.35,140.00
1294,3,0.50,0.40,140.00
1294,32,1.00,1.00,140.00
1295,32,1.00,1.10,140.00
1296,36,2.00,1.90,140.00
1296,32,1.00,0.70,140.00
1296,9,0.80,0.75,140.00
1297,4,0.30,0.25,140.00
1298,4,0.35,0.30,140.00
1298,2,0.65,0.65,140.00
1299,2,0.60,0.65,140.00
1299,3,0.50,0.55,140.00
1300,5,1.00,1.60,140.00
1300,9,0.80,0.85,140.00
1300,27,1.00,1.25,140.00
1301,11,1.50,1.40,140.00
1301,12,0.40,0.45,140.00
1302,28,3.00,2.30,140.00
1302,9,0.80,0.90,140.00
1302,27,1.00,0.80,140.00
1303,12,0.40,0.35,140.00
1303,32,1.00,1.35,140.00
1304,21,1.20,1.30,140.00
1304,9,0.80,0.90,140.00
1305,1,0.40,0.40,140.00
1306,12,0.40,0.35,140.00
1306,3,0.50,0.65,140.00
1307,27,1.00,1.05,140.00
1307,3,0.50,0.45,140.00
1308,6,1.20,1.20,140.00
1309,1,0.40,0.35,140.00
1309,9,0.80,0.80,140.00
1309,3,0.50,0.55,140.00
1310,1,0.50,0.40,140.00
1311,26,0.80,0.85,140.00
1311,32,1.00,1.45,140.00
1312,7,2.25,2.85,140.00
1312,4,0.40,0.45,140.00
1313,7,0.00,0.65,140.00
1314,10,1.00,1.15,140.00
1315,14,2.25,2.00,140.00
1316,1,0.40,0.35,140.00
1317,22,0.80,0.75,140.00
1318,10,1.00,0.95,140.00
1318,32,1.00,0.75,140.00
1319,12,0.40,0.35,140.00
1319,4,0.30,0.20,140.00
1319,9,0.80,0.90,140.00
1320,7,1.80,2.15,140.00
1320,27,1.00,1.00,140.00
1321,23,4.50,4.15,140.00
1321,9,0.80,0.80,140.00
1322,10,0.00,0.90,140.00
1323,1,0.40,0.55,140.00
1323,9,0.80,1.20,140.00
1324,1,0.40,0.50,140.00
1325,15,1.00,1.25,140.00
1325,4,0.30,0.40,140.00
1326,15,1.00,0.75,140.00
1327,1,0.40,0.45,140.00
1328,10,1.00,1.25,140.00
1328,3,0.50,0.60,140.00
1329,7,1.80,2.05,140.00
1329,4,0.30,0.30,140.00
1330,1,0.40,0.50,140.00
1331,25,0.60,0.75,140.00
1331,2,0.60,0.80,140.00
1331,9,0.80,1.05,140.00
1332,1,0.40,0.50,140.00
1332,4,0.30,0.30,140.00
1333,12,0.40,0.55,140.00
1334,20,1.20,1.15,140.00
1335,7,1.80,1.85,140.00
1335,3,0.50,0.55,140.00
1336,24,2.20,2.05,140.00
1336,1,0.40,0.30,140.00
1336,2,0.60,0.65,140.00
1337,26,0.80,0.70,140.00
1337,3,0.50,0.55,140.00
1338,1,0.40,0.40,140.00
1338,9,0.80,1.05,140.00
1338,27,1.00,1.50,140.00
1339,12,0.40,0.35,140.00
1339,1,0.40,0.40,140.00
1340,15,1.00,1.00,140.00
1341,16,3.50,2.25,140.00
1341,2,0.60,0.45,140.00
1342,15,1.00,0.65,140.00
1342,27,1.00,0.75,140.00
1343,27,1.00,1.30,140.00
1344,12,0.40,0.55,140.00
1345,7,2.00,1.75,140.00
1346,1,0.40,0.60,140.00
1347,9,0.80,1.00,140.00
1348,15,1.00,0.90,140.00
1348,2,0.60,0.65,140.00
1349,8,1.20,1.55,140.00
1349,4,0.30,0.35,140.00
1350,6,1.20,1.35,140.00
1351,9,0.80,1.30,140.00
1352,7,1.80,2.75,140.00
1353,1,0.40,0.50,140.00
1353,32,1.00,1.20,140.00
1354,6,1.20,1.15,140.00
1355,1,0.40,0.55,140.00
1356,7,1.80,1.90,140.00
1356,27,1.00,1.30,140.00
1357,37,0.80,1.20,140.00
1357,27,1.00,1.35,140.00
1358,9,0.80,0.75,140.00
1358,2,0.60,0.70,140.00
1359,1,0.40,0.50,140.00
1360,37,0.80,1.05,140.00
1360,27,1.00,1.45,140.00
1361,12,0.40,0.35,140.00
1362,22,0.80,0.70,140.00
1363,9,1.00,1.65,140.00
1364,21,1.20,1.00,140.00
1364,2,0.60,0.70,140.00
1365,22,0.80,0.70,140.00
1366,12,0.40,0.35,140.00
1367,7,1.80,1.50,140.00
1368,1,0.40,0.40,140.00
1368,2,0.60,0.70,140.00
1369,8,1.20,1.75,140.00
1369,4,0.30,0.40,140.00
1370,10,1.00,1.00,140.00
1370,32,1.00,0.85,140.00
1371,27,1.00,1.10,140.00
1372,5,1.00,0.95,140.00
1372,1,0.40,0.35,140.00
1373,5,1.00,0.85,140.00
1374,10,1.00,0.95,140.00
1374,20,1.20,1.20,140.00
1375,3,0.50,0.40,140.00
1376,15,1.00,1.70,140.00
1377,2,0.60,0.70,140.00
1378,1,0.40,0.35,140.00
1379,5,1.25,1.50,140.00
1380,28,3.00,2.20,140.00
1380,9,0.80,0.60,140.00
1380,27,1.00,0.85,140.00
1381,21,1.20,1.45,140.00
1382,19,2.50,2.40,140.00
1383,12,0.40,0.35,140.00
1384,15,1.00,0.85,140.00
1385,4,0.30,0.35,140.00
1386,3,0.50,0.60,140.00
1387,7,0.00,0.65,140.00
1388,26,0.00,0.55,140.00
1389,1,0.40,0.40,140.00
1390,8,1.20,1.40,140.00
1390,9,0.80,1.20,140.00
1391,5,1.00,1.05,140.00
1392,1,0.40,0.35,140.00
1393,15,1.00,1.55,140.00
1393,27,1.00,1.10,140.00
1394,1,0.40,0.45,140.00
1395,11,1.50,2.00,140.00
1395,32,1.00,0.90,140.00
1396,1,0.40,0.45,140.00
1397,1,0.40,0.30,140.00
1398,14,1.80,1.95,140.00
1399,1,0.40,0.65,140.00
1400,34,6.00,5.55,140.00
1401,12,0.40,0.40,140.00
1401,27,1.00,0.95,140.00
1401,4,0.30,0.30,140.00
1402,21,1.20,1.25,140.00
1403,15,1.00,0.95,140.00
1404,12,0.40,0.55,140.00
1405,7,1.80,2.75,140.00
1406,7,0.00,1.45,140.00
1407,2,0.60,0.90,140.00
1408,10,1.00,1.35,140.00
1408,21,1.20,1.20,140.00
1408,4,0.30,0.40,140.00
1409,15,0.00,0.80,140.00
1410,1,0.40,0.45,140.00
1411,8,1.50,1.35,140.00
1411,4,0.40,0.35,140.00
1411,27,1.25,1.10,140.00
1412,15,1.00,0.95,140.00
1413,8,1.20,1.75,140.00
1414,23,5.60,5.70,140.00
1415,17,2.50,2.25,140.00
1416,32,1.00,1.25,140.00
1417,1,0.40,0.30,140.00
1418,7,1.80,2.05,140.00
1419,2,0.60,0.90,140.00
1420,1,0.40,0.50,140.00
1420,27,1.00,1.10,140.00
1420,32,1.00,1.00,140.00
1421,1,0.40,0.40,140.00
1422,7,1.80,1.70,140.00
1423,32,1.00,0.90,140.00
1424,15,1.00,1.00,140.00
1425,8,0.00,0.60,140.00
1426,10,1.00,1.00,140.00
1426,30,2.00,2.05,140.00
1426,3,0.50,0.45,140.00
1426,27,1.00,1.15,140.00
1427,27,1.00,1.05,140.00
1428,22,0.80,0.70,140.00
1428,4,0.30,0.40,140.00
1429,4,0.40,0.35,140.00
1430,15,0.00,0.60,140.00
1431,15,0.00,0.60,140.00
1432,2,0.60,0.80,140.00
1433,16,3.50,2.65,140.00
1434,2,0.60,0.70,140.00
1434,1,0.40,0.35,140.00
1435,11,1.50,1.55,140.00
1435,1,0.40,0.40,140.00
1436,7,1.80,1.35,140.00
1437,5,1.00,0.90,140.00
1438,2,0.75,0.55,140.00
1439,1,0.40,0.50,140.00
1440,15,1.00,1.55,140.00
1441,27,1.00,1.00,140.00
1441,1,0.40,0.35,140.00
1442,1,0.40,0.30,140.00
1443,24,0.00,1.00,140.00
1444,28,3.00,2.90,140.00
1444,32,1.00,0.90,140.00
1444,27,1.00,0.90,140.00
1445,32,1.00,1.05,140.00
1446,1,0.40,0.35,140.00
1446,27,1.00,0.95,140.00
1447,32,1.00,1.10,140.00
1447,4,0.30,0.35,140.00
1447,2,0.60,0.70,140.00
1448,8,1.20,1.25,140.00
1449,11,1.50,1.75,140.00
1450,19,2.50,2.95,140.00
1450,3,0.50,0.60,140.00
1451,2,0.60,0.80,140.00
1452,1,0.40,0.50,140.00
1452,4,0.30,0.30,140.00
1453,15,1.00,1.00,140.00
1453,2,0.60,0.55,140.00
1454,37,0.80,1.05,140.00
1454,1,0.40,0.45,140.00
1454,27,1.00,0.95,140.00
1455,12,0.40,0.45,140.00
1456,1,0.40,0.40,140.00
1457,1,0.40,0.50,140.00
1458,15,1.00,1.05,140.00
1458,2,0.60,0.40,140.00
1459,5,1.00,1.00,140.00
1460,21,1.20,1.35,140.00
1461,3,0.50,0.65,140.00
1461,32,1.00,1.25,140.00
1462,21,1.20,1.05,140.00
1463,2,0.60,0.65,140.00
1464,16,3.50,3.50,140.00
1465,12,0.00,0.10,140.00
1466,24,2.20,1.95,140.00
1467,24,2.20,2.30,140.00
1468,1,0.40,0.50,140.00
1469,28,3.00,3.10,140.00
1469,27,1.00,0.60,140.00
1470,6,1.20,1.45,140.00
1471,26,0.80,0.85,140.00
1471,27,1.00,0.90,140.00
1471,9,0.80,0.65,140.00
1472,32,1.00,1.25,140.00
1473,13,2.00,2.30,140.00
1474,7,1.80,1.25,140.00
1475,1,0.40,0.35,140.00
1476,16,3.50,2.65,140.00
1477,1,0.40,0.30,140.00
1478,34,6.00,5.15,140.00
1478,3,0.50,0.45,140.00
1478,32,1.00,1.05,140.00
1479,22,0.80,0.90,140.00
1480,1,0.40,0.45,140.00
1481,15,1.00,0.75,140.00
1482,12,0.40,0.50,140.00
1483,21,1.20,1.45,140.00
1484,3,0.50,0.60,140.00
1484,1,0.40,0.50,140.00
1485,5,1.00,1.00,140.00
1486,19,3.10,3.30,140.00
1486,9,1.00,1.00,140.00
1487,1,0.50,0.75,140.00
1488,4,0.30,0.25,140.00
1489,32,1.00,0.80,140.00
1490,10,1.00,1.10,140.00
1490,24,2.20,1.55,140.00
1490,27,1.00,0.85,140.00
1490,1,0.40,0.35,140.00
1491,21,1.20,1.30,140.00
1492,7,1.80,2.20,140.00
1493,15,1.00,0.90,140.00
1494,7,1.80,1.40,140.00
1495,7,1.80,2.35,140.00
1495,3,0.50,0.45,140.00
1496,32,1.00,1.35,140.00
1497,7,0.00,0.50,140.00
1498,1,0.40,0.55,140.00
1498,4,0.30,0.45,140.00
1498,32,1.00,1.85,140.00
1499,8,1.20,1.40,140.00
1500,7,1.80,2.05,140.00
1501,16,3.50,3.15,140.00
1502,1,0.40,0.35,140.00
1503,1,0.40,0.40,140.00
1503,3,0.50,0.35,140.00
1504,18,3.00,3.50,140.00
1505,1,0.40,0.45,140.00
1506,1,0.40,0.40,140.00
1506,9,0.80,0.75,140.00
1506,3,0.50,0.60,140.00
1507,1,0.40,0.45,140.00
1508,15,1.00,1.05,140.00
1509,11,1.50,1.50,140.00
1509,32,1.00,1.15,140.00
1510,1,0.40,0.35,140.00
1511,15,1.00,1.25,140.00
1512,10,1.00,0.85,140.00
1512,3,0.50,0.40,140.00
1513,1,0.40,0.45,140.00
1514,1,0.40,0.50,140.00
1514,9,0.80,0.95,140.00
1515,1,0.40,0.40,140.00
1516,12,0.40,0.55,140.00
1517,1,0.40,0.45,140.00
1517,2,0.60,0.65,140.00
1518,15,1.00,1.35,140.00
1519,15,1.25,1.15,140.00
1520,12,0.40,0.45,140.00
1521,1,0.40,0.55,140.00
1522,2,0.75,0.65,140.00
1523,2,0.60,0.55,140.00
1524,22,0.80,0.75,140.00
1525,8,1.50,1.55,140.00
1525,1,0.50,0.60,140.00
1526,13,2.00,2.10,140.00
1527,36,2.00,3.00,140.00
1528,1,0.50,0.45,140.00
1528,9,1.00,0.75,140.00
1528,2,0.75,0.95,140.00
1529,20,1.20,1.05,140.00
1530,2,0.60,0.75,140.00
1530,27,1.00,0.90,140.00
1530,9,0.80,1.10,140.00
1531,8,1.20,1.40,140.00
1531,3,0.50,0.65,140.00
1532,12,0.40,0.40,140.00
1532,3,0.50,0.45,140.00
1533,9,0.90,0.95,140.00
1534,1,0.40,0.35,140.00
1535,7,0.00,0.85,140.00
1536,12,0.40,0.30,140.00
1536,27,1.00,1.20,140.00
1537,15,1.00,1.15,140.00
1538,1,0.40,0.35,140.00
1538,3,0.50,0.45,140.00
1539,8,1.20,1.05,140.00
1539,4,0.30,0.25,140.00
1540,29,2.00,1.50,140.00
1540,9,0.80,0.90,140.00
1541,1,0.40,0.35,140.00
1542,9,0.80,0.85,140.00
1543,7,2.00,3.10,140.00
1544,1,0.45,0.40,140.00
1544,3,0.55,0.55,140.00
1544,27,1.10,1.50,140.00
1545,1,0.40,0.50,140.00
1545,2,0.60,0.90,140.00
1546,2,0.60,0.80,140.00
1546,1,0.40,0.35,140.00
1547,2,0.60,0.75,140.00
1548,3,0.50,0.50,140.00
1549,13,2.00,1.65,140.00
1550,7,1.80,2.00,140.00
1550,3,0.50,0.50,140.00
1550,2,0.60,0.75,140.00
1551,4,0.30,0.30,140.00
1552,8,1.20,1.05,140.00
1552,9,0.80,0.90,140.00
1552,2,0.60,0.50,140.00
1553,9,0.80,0.65,140.00
1554,15,1.25,1.15,140.00
1555,30,2.00,2.65,140.00
1555,3,0.50,0.50,140.00
1556,1,0.40,0.60,140.00
1557,15,1.00,1.50,140.00
1557,2,0.60,0.70,140.00
1557,3,0.50,0.50,140.00
1558,22,0.00,0.45,140.00
1559,1,0.40,0.35,140.00
1559,2,0.60,0.55,140.00
1560,22,0.80,1.40,140.00
1560,9,0.80,1.10,140.00
1561,8,1.20,1.30,140.00
1562,1,0.40,0.35,140.00
1562,2,0.60,0.50,140.00
1563,20,1.20,1.45,140.00
1563,2,0.60,0.55,140.00
1564,7,1.80,2.10,140.00
1564,4,0.30,0.40,140.00
1565,15,1.00,1.35,140.00
1566,17,2.50,2.10,140.00
1567,14,1.80,1.75,140.00
1568,28,3.30,3.50,140.00
1568,27,1.10,1.15,140.00
1569,7,1.80,1.50,140.00
1569,3,0.50,0.60,140.00
1570,21,0.00,0.60,140.00
1571,11,1.50,1.35,140.00
1571,13,2.00,1.65,140.00
1572,12,0.40,0.30,140.00
1572,32,1.00,0.80,140.00
1573,16,3.50,3.50,140.00
1573,1,0.40,0.35,140.00
1574,1,0.40,0.50,140.00
1575,2,0.60,0.65,140.00
1575,3,0.50,0.55,140.00
1575,27,1.00,0.85,140.00
1576,12,0.00,0.15,140.00
1577,24,2.20,1.75,140.00
1578,7,1.80,3.15,140.00
1579,1,0.40,0.45,140.00
1580,20,1.20,1.30,140.00
1581,17,2.50,2.65,140.00
1582,5,1.00,1.55,140.00
1582,4,0.30,0.30,140.00
1583,2,0.60,0.50,140.00
1584,7,1.80,1.75,140.00
1585,12,0.40,0.40,140.00
1586,18,3.00,3.65,140.00
1587,11,1.50,1.45,140.00
1588,8,1.20,1.65,140.00
1589,1,0.40,0.65,140.00
1589,2,0.60,0.75,140.00
1590,7,0.00,1.35,140.00
1591,27,1.00,1.25,140.00
1592,21,1.20,1.60,140.00
1593,21,1.20,1.65,140.00
1594,24,0.00,1.10,140.00
1595,16,3.50,3.50,140.00
1595,9,0.80,0.75,140.00
1596,1,0.40,0.40,140.00
1597,3,0.50,0.30,140.00
1598,1,0.40,0.35,140.00
1599,30,2.00,2.50,140.00
1600,1,0.40,0.35,140.00
1601,24,2.20,1.80,140.00
1602,26,0.80,0.85,140.00
1602,32,1.00,1.65,140.00
1603,7,2.25,2.25,140.00
1604,33,3.00,2.05,140.00
1605,32,1.00,1.00,140.00
1606,13,2.00,2.30,140.00
1607,10,1.00,0.75,140.00
1607,4,0.30,0.30,140.00
1607,3,0.50,0.45,140.00
1608,7,1.80,2.60,140.00
1608,2,0.60,0.60,140.00
1609,1,0.40,0.50,140.00
1609,27,1.00,1.00,140.00
1610,15,1.00,1.20,140.00
1611,10,1.00,1.20,140.00
1611,26,0.80,0.60,140.00
1612,21,1.20,1.40,140.00
1612,4,0.30,0.25,140.00
1613,11,0.00,0.60,140.00
1614,10,1.00,1.00,140.00
1614,24,2.20,2.00,140.00
1615,1,0.40,0.60,140.00
1616,11,1.50,1.70,140.00
1616,14,1.80,1.75,140.00
1617,7,1.80,1.95,140.00
1617,2,0.60,0.50,140.00
1617,3,0.50,0.50,140.00
1618,1,0.40,0.40,140.00
1619,2,0.75,0.90,140.00
1619,32,1.25,1.45,140.00
1620,3,0.50,0.40,140.00
1621,5,1.00,0.85,140.00
1622,16,4.40,4.80,140.00
1622,27,1.25,1.35,140.00
1623,13,2.00,1.45,140.00
1623,32,1.00,0.85,140.00
1623,2,0.60,0.75,140.00
1624,15,1.00,1.20,140.00
1624,1,0.40,0.50,140.00
1625,1,0.40,0.35,140.00
1626,5,1.25,1.65,140.00
1626,9,1.00,1.20,140.00
1627,1,0.40,0.55,140.00
1628,1,0.50,0.50,140.00
1629,14,1.80,1.75,140.00
1629,4,0.30,0.35,140.00
1630,7,1.80,1.55,140.00
1631,20,1.20,1.30,140.00
1632,5,1.00,1.45,140.00
1632,2,0.60,0.85,140.00
1633,12,0.40,0.50,140.00
1634,19,2.50,1.90,140.00
1635,38,2.50,2.80,140.00
1636,28,3.00,2.65,140.00
1637,1,0.40,0.35,140.00
1638,9,0.80,1.15,140.00
1638,27,1.00,1.55,140.00
1639,10,1.00,0.75,140.00
1640,25,0.60,0.65,140.00
1641,7,0.00,1.10,140.00
1642,6,1.20,1.00,140.00
1643,10,1.00,0.70,140.00
1643,3,0.50,0.35,140.00
1644,2,0.60,0.65,140.00
1644,32,1.00,1.55,140.00
1644,1,0.40,0.65,140.00
1645,2,0.60,0.75,140.00
1645,32,1.00,1.20,140.00
1646,3,0.50,0.60,140.00
1647,1,0.40,0.50,140.00
1647,4,0.30,0.35,140.00
1648,15,1.00,0.95,140.00
1648,4,0.30,0.30,140.00
1649,4,0.30,0.30,140.00
1650,12,0.40,0.25,140.00
1650,9,0.80,0.70,140.00
1651,12,0.40,0.40,140.00
1651,1,0.40,0.45,140.00
1652,8,1.20,1.30,140.00
1653,7,1.80,1.60,140.00
1654,30,0.00,1.20,140.00
1655,1,0.40,0.45,140.00
1656,12,0.40,0.35,140.00
1656,4,0.30,0.30,140.00
1657,19,2.50,2.80,140.00
1657,3,0.50,0.40,140.00
1657,4,0.30,0.30,140.00
1658,33,3.00,3.05,140.00
1658,27,1.00,0.80,140.00
1659,1,0.40,0.45,140.00
1660,12,0.40,0.50,140.00
1661,4,0.30,0.40,140.00
1662,10,1.00,1.20,140.00
1662,26,0.80,1.25,140.00
1662,4,0.30,0.50,140.00
1662,9,0.80,1.30,140.00
1663,12,0.40,0.30,140.00
1663,2,0.60,0.60,140.00
1664,12,0.40,0.55,140.00
1665,6,1.20,1.15,140.00
1666,20,1.20,1.05,140.00
1667,15,1.00,0.80,140.00
1668,1,0.40,0.50,140.00
1669,12,0.40,0.40,140.00
1670,1,0.40,0.45,140.00
1670,4,0.30,0.25,140.00
1671,6,1.20,1.65,140.00
1671,3,0.50,0.50,140.00
1672,5,1.00,1.00,140.00
1672,4,0.30,0.30,140.00
1673,15,1.00,1.30,140.00
1673,9,0.80,1.30,140.00
1674,1,0.40,0.35,140.00
1675,14,1.80,1.25,140.00
1675,3,0.50,0.40,140.00
1676,9,0.80,1.10,140.00
1676,2,0.60,0.90,140.00
1677,14,0.00,0.75,140.00
1678,1,0.40,0.35,140.00
1678,27,1.00,1.10,140.00
1679,12,0.40,0.45,140.00
1680,1,0.40,0.35,140.00
1681,26,0.80,1.35,140.00
1682,14,1.80,1.45,140.00
1683,1,0.40,0.40,140.00
1684,1,0.40,0.35,140.00
1685,23,4.95,5.10,140.00
1686,1,0.45,0.45,140.00
1686,2,0.65,1.00,140.00
1687,15,1.00,1.25,140.00
1687,32,1.00,0.90,140.00
1687,4,0.30,0.35,140.00
1688,17,2.50,2.95,140.00
1688,4,0.30,0.25,140.00
1688,1,0.40,0.30,140.00
1689,15,1.00,1.20,140.00
1689,3,0.50,0.65,140.00
1689,1,0.40,0.40,140.00
1690,19,2.50,1.80,140.00
1690,3,0.50,0.50,140.00
1691,27,1.25,1.50,140.00
1692,10,1.00,1.30,140.00
1692,32,1.00,1.05,140.00
1693,22,1.00,1.60,140.00
1694,9,0.80,0.75,140.00
1695,8,1.20,1.00,140.00
1695,1,0.40,0.40,140.00
1696,1,0.40,0.40,140.00
1697,7,1.80,1.30,140.00
1698,2,0.60,0.60,140.00
1698,27,1.00,0.80,140.00
1698,3,0.50,0.45,140.00
1699,8,1.20,1.60,140.00
1700,32,1.00,1.20,140.00
1700,3,0.50,0.50,140.00
1701,10,0.00,0.50,140.00
1702,23,4.50,5.15,140.00
1703,1,0.40,0.40,140.00
1704,2,0.60,0.65,140.00
1704,3,0.50,0.60,140.00
1705,12,0.40,0.35,140.00
1706,15,1.00,1.40,140.00
1707,12,0.40,0.40,140.00
1708,15,1.00,1.00,140.00
1708,2,0.60,0.45,140.00
1709,10,1.00,0.90,140.00
1710,4,0.30,0.40,140.00
1711,17,2.50,2.50,140.00
1711,3,0.50,0.50,140.00
1711,9,0.80,0.85,140.00
1712,15,1.00,1.05,140.00
1713,20,0.00,0.60,140.00
1714,11,1.50,1.45,140.00
1715,11,1.90,2.25,140.00
1715,14,2.25,1.90,140.00
1715,27,1.25,1.40,140.00
1716,5,1.00,1.05,140.00
1716,9,0.80,0.65,140.00
1717,7,1.80,1.65,140.00
1717,9,0.80,0.65,140.00
1718,37,0.80,1.15,140.00
1718,27,1.00,1.40,140.00
1719,17,0.00,1.15,140.00
1720,15,1.00,0.80,140.00
1721,12,0.40,0.40,140.00
1722,12,0.40,0.55,140.00
1722,3,0.50,0.45,140.00
1722,32,1.00,1.45,140.00
1723,10,1.00,1.55,140.00
1724,13,2.00,2.00,140.00
1725,1,0.50,0.45,140.00
1726,1,0.40,0.35,140.00
1726,4,0.30,0.25,140.00
1727,10,1.00,0.75,140.00
1727,1,0.40,0.45,140.00
1728,11,1.50,1.65,140.00
1728,12,0.40,0.35,140.00
1729,24,2.20,1.85,140.00
1729,3,0.50,0.50,140.00
1730,15,0.00,0.45,140.00
1731,21,1.20,1.85,140.00
1731,1,0.40,0.45,140.00
1732,16,3.50,2.70,140.00
1733,1,0.40,0.40,140.00
1734,28,3.00,3.95,140.00
1734,27,1.00,1.25,140.00
1735,37,0.80,0.85,140.00
1735,3,0.50,0.40,140.00
1735,27,1.00,1.00,140.00
1736,6,1.20,1.10,140.00
1737,7,1.80,2.75,140.00
1737,32,1.00,1.35,140.00
1737,2,0.60,0.70,140.00
1738,22,0.80,0.65,140.00
1739,13,2.00,2.45,140.00
1739,32,1.00,0.80,140.00
1739,27,1.00,0.95,140.00
1740,1,0.40,0.60,140.00
1740,3,0.50,0.40,140.00
1740,4,0.30,0.35,140.00
1741,15,0.00,0.70,140.00
1742,15,1.00,1.05,140.00
1743,10,1.10,1.25,140.00
1743,20,1.30,1.10,140.00
1744,15,1.00,1.10,140.00
1745,9,1.00,0.90,140.00
1746,16,3.50,4.10,140.00
1747,15,1.00,1.20,140.00
1747,4,0.30,0.50,140.00
1748,7,1.80,1.65,140.00
1748,9,0.80,0.80,140.00
1749,27,1.25,1.25,140.00
1749,9,1.00,0.80,140.00
1750,12,0.40,0.60,140.00
1751,7,1.80,1.95,140.00
1752,10,1.00,1.05,140.00
1752,22,0.80,0.70,140.00
1752,9,0.80,0.95,140.00
1753,7,2.25,2.00,140.00
1754,7,2.00,2.65,140.00
1755,1,0.40,0.40,140.00
1756,1,0.40,0.50,140.00
1757,12,0.40,0.45,140.00
1757,1,0.40,0.45,140.00
1758,20,1.20,1.45,140.00
1759,21,1.20,1.50,140.00
1760,12,0.40,0.55,140.00
1760,3,0.50,0.60,140.00
1761,12,0.40,0.40,140.00
1762,7,1.80,1.85,140.00
1763,1,0.40,0.35,140.00
1764,6,1.20,2.00,140.00
1765,26,0.80,1.20,140.00
1766,10,1.00,0.85,140.00
1766,1,0.40,0.40,140.00
1767,8,1.50,1.35,140.00
1768,15,1.00,1.05,140.00
1768,32,1.00,0.95,140.00
1768,27,1.00,1.00,140.00
1769,7,1.80,2.65,140.00
1769,27,1.00,1.20,140.00
1770,12,0.40,0.45,140.00
1770,1,0.40,0.30,140.00
1771,16,3.50,2.55,140.00
1772,15,1.00,1.05,140.00
1773,1,0.50,0.40,140.00
1773,9,1.00,1.40,140.00
1773,4,0.40,0.30,140.00
1774,1,0.40,0.40,140.00
1774,9,0.80,0.80,140.00
1775,19,2.50,2.75,140.00
1776,7,1.80,1.45,140.00
1776,9,0.80,0.95,140.00
1777,23,4.50,3.25,140.00
1778,10,1.00,1.30,140.00
1778,24,2.20,3.15,140.00
1779,15,1.00,0.65,140.00
1779,1,0.40,0.40,140.00
1779,4,0.30,0.30,140.00
1780,25,0.60,0.85,140.00
1781,20,1.50,1.10,140.00
1782,10,1.00,0.95,140.00
1782,27,1.00,0.90,140.00
1783,27,1.00,1.15,140.00
1784,14,2.00,1.75,140.00
1784,3,0.55,0.60,140.00
1785,12,0.40,0.55,140.00
1786,1,0.40,0.40,140.00
1787,12,0.40,0.50,140.00
1788,12,0.40,0.35,140.00
1789,12,0.40,0.50,140.00
1790,1,0.40,0.50,140.00
1791,1,0.40,0.45,140.00
1792,15,1.00,1.50,140.00
1793,25,0.60,0.70,140.00
1794,7,1.80,1.75,140.00
1794,32,1.00,1.05,140.00
1795,1,0.40,0.45,140.00
1796,12,0.40,0.35,140.00
1796,2,0.60,0.40,140.00
1797,10,1.00,0.75,140.00
1798,15,1.00,0.95,140.00
1799,12,0.50,0.75,140.00
1800,15,1.00,0.80,140.00
1801,1,0.40,0.50,140.00
1801,4,0.30,0.40,140.00
1801,3,0.50,0.55,140.00
1802,28,3.00,2.65,140.00
1802,27,1.00,0.80,140.00
1803,21,1.20,1.70,140.00
1804,12,0.40,0.45,140.00
1805,5,1.00,1.00,140.00
1805,1,0.40,0.55,140.00
1806,16,3.50,3.30,140.00
1807,15,1.00,0.90,140.00
1808,1,0.40,0.45,140.00
1809,1,0.40,0.40,140.00
1810,10,0.00,0.60,140.00
1811,2,0.60,0.35,140.00
1811,4,0.30,0.25,140.00
1812,10,1.00,0.90,140.00
1812,21,1.20,1.30,140.00
1812,4,0.30,0.25,140.00
1813,1,0.40,0.40,140.00
1813,32,1.00,0.90,140.00
1814,32,1.25,1.25,140.00
1814,1,0.50,0.40,140.00
1815,2,0.60,0.50,140.00
1816,21,1.20,1.45,140.00
1817,23,4.50,4.20,140.00
1817,2,0.60,0.60,140.00
1818,2,0.60,0.50,140.00
1819,16,3.50,3.65,140.00
1819,2,0.60,0.75,140.00
1820,1,0.40,0.40,140.00
1821,1,0.40,0.70,140.00
1822,20,1.20,1.05,140.00
1823,3,0.50,0.75,140.00
1824,26,0.00,0.45,140.00
1825,12,0.40,0.40,140.00
1826,10,1.00,0.75,140.00
1827,21,0.00,0.85,140.00
1828,7,1.80,2.10,140.00
1829,5,1.00,0.95,140.00
1830,1,0.40,0.55,140.00
1831,3,0.50,0.60,140.00
1832,12,0.40,0.60,140.00
1833,11,1.50,1.60,140.00
1833,14,1.80,1.40,140.00
1834,8,1.20,1.50,140.00
1834,1,0.40,0.35,140.00
1835,12,0.00,0.25,140.00
1836,25,0.60,0.45,140.00
1837,27,1.00,1.15,140.00
1837,2,0.60,0.70,140.00
1838,10,1.00,0.80,140.00
1838,24,2.20,1.50,140.00
1839,12,0.40,0.55,140.00
1840,19,2.50,3.00,140.00
1841,3,0.50,0.45,140.00
1842,30,2.00,1.65,140.00
1843,11,1.50,1.05,140.00
1843,4,0.30,0.25,140.00
1844,12,0.40,0.40,140.00
1845,28,3.00,2.30,140.00
1845,3,0.50,0.40,140.00
1845,27,1.00,1.00,140.00
1846,32,1.00,0.90,140.00
1847,32,1.00,1.55,140.00
1848,1,0.50,0.55,140.00
1849,12,0.40,0.50,140.00
1850,8,1.20,1.15,140.00
1851,1,0.40,0.25,140.00
1851,9,0.80,0.60,140.00
1852,8,1.20,1.25,140.00
1852,1,0.40,0.45,140.00
1853,25,0.60,0.65,140.00
1854,15,1.00,1.20,140.00
1855,7,1.80,1.15,140.00
1856,15,1.00,1.25,140.00
1857,15,1.00,0.95,140.00
1858,1,0.40,0.35,140.00
1858,32,1.00,1.15,140.00
1859,8,1.20,1.80,140.00
1860,27,1.00,0.95,140.00
1861,5,1.00,1.00,140.00
1861,27,1.00,0.90,140.00
1862,1,0.40,0.35,140.00
1863,15,1.25,1.45,140.00
1863,2,0.75,1.00,140.00
1864,25,0.60,0.60,140.00
1864,1,0.40,0.60,140.00
1865,5,1.00,1.05,140.00
1866,16,3.50,4.45,140.00
1867,4,0.30,0.30,140.00
1867,1,0.40,0.50,140.00
1868,1,0.40,0.50,140.00
1869,1,0.40,0.45,140.00
1870,5,1.00,1.30,140.00
1871,6,1.20,1.30,140.00
1872,12,0.40,0.50,140.00
1872,27,1.00,1.30,140.00
1873,1,0.50,0.65,140.00
1873,2,0.75,0.85,140.00
1874,1,0.40,0.40,140.00
1875,12,0.40,0.50,140.00
1876,11,1.50,1.15,140.00
1876,14,1.80,1.95,140.00
1877,2,0.60,0.70,140.00
1878,23,0.00,1.30,140.00
1879,15,1.00,1.10,140.00
1879,32,1.00,1.05,140.00
1880,2,0.60,0.65,140.00
1881,12,0.40,0.40,140.00
1881,32,1.00,0.80,140.00
1881,27,1.00,1.25,140.00
1882,5,1.00,1.30,140.00
1883,1,0.40,0.50,140.00
1883,4,0.30,0.35,140.00
1884,2,0.60,0.60,140.00
1885,20,1.20,1.40,140.00
1886,7,1.80,2.05,140.00
1887,9,0.80,0.90,140.00
1888,2,0.75,0.60,140.00
1888,27,1.25,1.15,140.00
1889,1,0.40,0.70,140.00
1890,29,2.00,2.45,140.00
1890,4,0.30,0.15,140.00
1890,27,1.00,1.00,140.00
1891,12,0.40,0.50,140.00
1892,32,1.00,1.15,140.00
1892,2,0.60,0.90,140.00
1893,1,0.40,0.35,140.00
1894,15,1.00,0.95,140.00
1895,15,0.00,0.45,140.00
1896,1,0.40,0.50,140.00
1897,18,3.00,3.50,140.00
1897,1,0.40,0.30,140.00
1898,10,0.00,0.60,140.00
1899,30,2.00,1.35,140.00
1899,3,0.50,0.45,140.00
1900,2,0.60,0.70,140.00
1901,2,0.60,0.45,140.00
1902,11,1.50,1.25,140.00
1902,14,1.80,2.00,140.00
1902,2,0.60,0.70,140.00
1903,10,1.00,1.10,140.00
1903,26,0.80,0.85,140.00
1903,27,1.00,1.20,140.00
1904,1,0.40,0.55,140.00
1905,12,0.40,0.30,140.00
1906,2,0.60,0.60,140.00
1907,8,1.20,1.15,140.00
1908,27,1.00,0.95,140.00
1908,2,0.60,0.65,140.00
1909,28,3.00,2.65,140.00
1909,1,0.40,0.30,140.00
1909,32,1.00,0.85,140.00
1909,27,1.00,0.95,140.00
1910,7,1.80,2.65,140.00
1910,32,1.00,1.10,140.00
1911,5,1.00,0.75,140.00
1911,3,0.50,0.40,140.00
1911,1,0.40,0.45,140.00
1912,10,1.00,1.35,140.00
1912,22,0.80,0.85,140.00
1912,32,1.00,0.85,140.00
1913,10,1.10,1.45,140.00
1914,12,0.40,0.35,140.00
1915,1,0.40,0.35,140.00
1916,14,2.25,2.50,140.00
1916,27,1.25,1.20,140.00
1917,1,0.40,0.45,140.00
1918,12,0.40,0.45,140.00
1919,4,0.30,0.35,140.00
1920,1,0.40,0.45,140.00
1921,12,0.40,0.65,140.00
1921,2,0.60,0.95,140.00
1921,32,1.00,1.20,140.00
1922,1,0.40,0.55,140.00
1922,4,0.30,0.30,140.00
1923,1,0.40,0.50,140.00
1924,1,0.40,0.55,140.00
1925,2,0.60,0.55,140.00
1926,12,0.00,0.25,140.00
1927,12,0.40,0.45,140.00
1927,32,1.00,1.10,140.00
1928,12,0.40,0.35,140.00
1929,33,3.00,2.20,140.00
1930,2,0.60,1.00,140.00
1930,1,0.40,0.50,140.00
1931,15,1.00,0.70,140.00
1931,2,0.60,0.65,140.00
1932,7,1.80,1.55,140.00
1933,5,1.00,1.15,140.00
1934,1,0.40,0.75,140.00
1935,23,4.50,3.40,140.00
1936,12,0.40,0.40,140.00
1936,3,0.50,0.55,140.00
1937,3,0.50,0.45,140.00
1938,1,0.40,0.35,140.00
1939,14,1.80,1.85,140.00
1939,32,1.00,1.30,140.00
1940,25,0.60,0.75,140.00
1941,15,1.00,0.95,140.00
1942,27,1.00,0.55,140.00
1942,32,1.00,0.80,140.00
1943,15,1.00,0.85,140.00
1943,4,0.30,0.25,140.00
1944,15,0.00,0.45,140.00
1945,14,1.80,1.75,140.00
1946,2,0.60,0.50,140.00
1946,4,0.30,0.20,140.00
1947,7,1.80,1.65,140.00
1948,1,0.40,0.35,140.00
1949,21,1.20,1.70,140.00
1950,10,1.00,0.95,140.00
1951,25,0.60,0.70,140.00
1952,30,2.50,3.30,140.00
1952,4,0.40,0.40,140.00
1952,9,1.00,0.80,140.00
1953,8,1.20,1.60,140.00
1954,25,0.60,0.45,140.00
1954,27,1.00,1.10,140.00
1954,32,1.00,1.10,140.00
1955,12,0.40,0.30,140.00
1956,1,0.40,0.30,140.00
1957,15,1.00,0.95,140.00
1958,1,0.40,0.35,140.00
1959,10,1.00,1.20,140.00
1959,32,1.00,0.85,140.00
1960,32,1.00,1.20,140.00
1960,9,0.80,0.80,140.00
1960,27,1.00,1.35,140.00
1961,15,1.00,0.75,140.00
1961,2,0.60,0.80,140.00
1961,1,0.40,0.40,140.00
1962,1,0.40,0.55,140.00
1963,15,1.00,0.95,140.00
1964,12,0.40,0.50,140.00
1965,12,0.50,0.55,140.00
1966,10,1.00,0.85,140.00
1966,26,0.80,0.65,140.00
1966,2,0.60,0.50,140.00
1967,7,1.80,1.35,140.00
1968,22,0.80,0.80,140.00
1969,7,2.25,2.10,140.00
1969,1,0.50,0.40,140.00
1970,7,1.80,1.80,140.00
1971,14,1.80,1.85,140.00
1971,9,0.80,0.75,140.00
1972,12,0.40,0.40,140.00
1973,7,1.80,2.05,140.00
1973,32,1.00,0.90,140.00
1974,15,1.00,0.80,140.00
1975,12,0.40,0.45,140.00
1976,21,1.20,1.20,140.00
1977,8,1.20,1.60,140.00
1978,2,0.60,0.70,140.00
1979,1,0.40,0.40,140.00
1979,4,0.30,0.30,140.00
1980,12,0.00,0.25,140.00
1981,19,2.50,2.00,140.00
1982,7,1.80,1.45,140.00
1982,27,1.00,0.70,140.00
1983,15,1.00,1.10,140.00
1984,1,0.40,0.30,140.00
1984,2,0.60,0.60,140.00
1985,32,1.00,1.05,140.00
1985,1,0.40,0.45,140.00
1986,12,0.40,0.40,140.00
1987,10,1.00,1.15,140.00
1987,21,1.20,1.50,140.00
1988,10,1.00,0.75,140.00
1988,30,2.00,2.10,140.00
1988,2,0.60,0.45,140.00
1989,2,0.60,0.85,140.00
1989,4,0.30,0.45,140.00
1989,1,0.40,0.50,140.00
1990,13,2.00,1.35,140.00
1991,17,2.50,3.30,140.00
1992,31,1.50,1.05,140.00
1992,2,0.75,0.65,140.00
1992,32,1.25,1.15,140.00
1993,1,0.40,0.45,140.00
1993,4,0.30,0.40,140.00
1994,1,0.40,0.45,140.00
1994,4,0.30,0.45,140.00
1995,8,1.50,1.30,140.00
1996,17,2.50,2.20,140.00
1997,27,1.00,1.00,140.00
1997,3,0.50,0.60,140.00
1998,15,1.00,1.55,140.00
1999,1,0.40,0.40,140.00
2000,8,1.20,0.85,140.00
2000,1,0.40,0.35,140.00
2001,11,1.50,1.70,140.00
2001,12,0.40,0.35,140.00
2001,2,0.60,0.65,140.00
2001,27,1.00,1.00,140.00
2002,9,0.80,0.75,140.00
2003,26,0.80,1.35,140.00
2004,1,0.40,0.30,140.00
2004,27,1.00,0.85,140.00
2005,15,1.25,1.15,140.00
2006,1,0.40,0.50,140.00
2006,32,1.00,1.20,140.00
2007,30,2.00,1.90,140.00
2008,28,3.75,4.00,140.00
2009,19,2.50,2.75,140.00
2010,27,1.00,0.75,140.00
2011,1,0.40,0.40,140.00
2012,5,1.00,1.25,140.00
2013,13,2.00,1.50,140.00
2013,1,0.40,0.35,140.00
2014,1,0.40,0.35,140.00
2015,15,1.00,1.10,140.00
2016,24,2.20,1.90,140.00
2017,2,0.60,0.55,140.00
2017,27,1.00,1.30,140.00
2018,38,2.75,3.05,140.00
2018,32,1.10,1.15,140.00
2019,12,0.40,0.40,140.00
2020,1,0.40,0.50,140.00
2021,7,0.00,0.90,140.00
2022,7,0.00,0.60,140.00
2023,12,0.40,0.50,140.00
2023,32,1.00,1.45,140.00
2024,21,1.20,1.20,140.00
2025,6,1.20,1.75,140.00
2026,1,0.40,0.30,140.00
2027,12,0.40,0.25,140.00
2028,5,1.00,0.80,140.00
2029,12,0.40,0.30,140.00
2030,15,1.00,1.55,140.00
2031,20,1.20,1.30,140.00
2032,12,0.40,0.45,140.00
2032,32,1.00,0.90,140.00
2033,19,2.50,2.45,140.00
2034,1,0.40,0.40,140.00
2035,21,1.20,1.10,140.00
2035,27,1.00,1.25,140.00
2035,32,1.00,1.00,140.00
2036,5,1.00,1.35,140.00
2037,2,0.60,0.70,140.00
2038,27,1.00,1.60,140.00
2039,15,1.00,1.00,140.00
2040,8,1.20,1.25,140.00
2041,1,0.40,0.40,140.00
2042,21,1.50,2.10,140.00
2043,26,0.00,0.45,140.00
2044,12,0.40,0.40,140.00
2044,32,1.00,1.05,140.00
2044,9,0.80,0.85,140.00
2045,5,1.10,1.20,140.00
2045,1,0.45,0.55,140.00
2046,7,1.80,1.55,140.00
2046,3,0.50,0.40,140.00
2047,21,1.50,1.40,140.00
2047,2,0.75,0.75,140.00
2048,2,0.60,0.50,140.00
2049,1,0.40,0.45,140.00
2050,38,2.50,2.95,140.00
2051,12,0.50,0.55,140.00
2052,1,0.40,0.30,140.00
2052,4,0.30,0.30,140.00
2053,29,2.00,1.80,140.00
2053,4,0.30,0.40,140.00
2053,27,1.00,1.05,140.00
2054,1,0.40,0.35,140.00
2055,1,0.40,0.55,140.00
2055,27,1.00,1.50,140.00
2056,1,0.50,0.50,140.00
2057,12,0.40,0.40,140.00
2058,4,0.30,0.45,140.00
2058,2,0.60,0.90,140.00
2059,1,0.40,0.60,140.00
2059,9,0.80,0.85,140.00
2060,12,0.45,0.40,140.00
2060,27,1.10,0.75,140.00
2061,1,0.40,0.35,140.00
2062,32,1.00,1.25,140.00
2063,3,0.50,0.80,140.00
2063,9,0.80,1.10,140.00
2064,8,1.20,1.25,140.00
2065,6,1.20,1.10,140.00
2065,32,1.00,0.75,140.00
2066,12,0.00,0.20,140.00
2067,26,0.80,0.85,140.00
2068,1,0.40,0.40,140.00
2068,3,0.50,0.65,140.00
2069,4,0.30,0.30,140.00
2069,27,1.00,1.30,140.00
2070,20,1.50,2.00,140.00
2070,1,0.50,0.70,140.00
2071,3,0.50,0.55,140.00
2072,15,1.00,1.50,140.00
2073,12,0.40,0.50,140.00
2073,3,0.50,0.80,140.00
2073,27,1.00,1.65,140.00
2074,1,0.40,0.35,140.00
2074,4,0.30,0.35,140.00
2075,20,1.20,1.25,140.00
2076,24,2.20,2.25,140.00
2077,8,1.20,1.75,140.00
2078,1,0.40,0.45,140.00
2079,2,0.60,0.80,140.00
2079,4,0.30,0.30,140.00
2080,22,0.80,1.00,140.00
2080,9,0.80,1.10,140.00
2081,10,1.25,1.50,140.00
2081,30,2.50,2.20,140.00
2081,32,1.25,1.45,140.00
2082,12,0.40,0.40,140.00
2083,1,0.40,0.35,140.00
2084,8,0.00,0.85,140.00
2085,15,1.00,0.95,140.00
2086,1,0.40,0.40,140.00
2087,10,1.00,0.75,140.00
2087,22,0.80,0.60,140.00
2087,9,0.80,0.75,140.00
2088,9,0.80,0.85,140.00
2089,5,1.00,0.95,140.00
2090,15,1.00,0.90,140.00
2091,4,0.30,0.35,140.00
2092,8,1.20,1.65,140.00
2093,5,1.00,1.10,140.00
2094,8,1.20,1.10,140.00
2094,9,0.80,0.80,140.00
2095,15,1.00,0.80,140.00
2095,3,0.50,0.50,140.00
2096,1,0.40,0.40,140.00
2097,8,1.20,1.00,140.00
2098,15,1.00,0.90,140.00
2099,1,0.40,0.55,140.00
2099,27,1.00,0.90,140.00
2100,1,0.40,0.40,140.00
2101,21,1.20,1.65,140.00
2102,1,0.40,0.50,140.00
2103,8,1.20,1.10,140.00
2104,2,0.60,0.45,140.00
2104,3,0.50,0.35,140.00
2104,32,1.00,0.90,140.00
2105,15,1.00,1.40,140.00
2105,1,0.40,0.65,140.00
2105,9,0.80,0.95,140.00
2106,7,1.80,3.50,140.00
2107,22,0.80,0.55,140.00
2108,12,0.40,0.40,140.00
2109,20,1.20,1.20,140.00
2109,4,0.30,0.40,140.00
2110,3,0.50,0.40,140.00
2110,4,0.30,0.20,140.00
2111,15,1.00,1.15,140.00
2112,21,1.20,0.90,140.00
2112,2,0.60,0.45,140.00
2113,1,0.40,0.40,140.00
2114,13,2.50,2.50,140.00
2115,18,3.00,2.65,140.00
2116,2,0.60,0.75,140.00
2116,32,1.00,1.15,140.00
2117,8,1.20,1.15,140.00
2117,3,0.50,0.40,140.00
2118,29,2.00,3.10,140.00
2118,27,1.00,1.15,140.00
2119,18,3.00,2.40,140.00
2120,8,1.20,2.00,140.00
2121,4,0.30,0.30,140.00
2121,3,0.50,0.55,140.00
2121,2,0.60,0.90,140.00
2122,13,2.00,1.75,140.00
2122,3,0.50,0.50,140.00
2123,1,0.40,0.30,140.00
2124,12,0.00,0.20,140.00
2125,38,0.00,1.50,140.00
2126,1,0.40,0.55,140.00
2127,1,0.40,0.35,140.00
2128,1,0.40,0.45,140.00
2128,27,1.00,1.05,140.00
2128,32,1.00,1.30,140.00
2129,21,0.00,0.75,140.00
2130,21,0.00,0.55,140.00
2131,15,1.00,1.05,140.00
2132,7,1.80,2.05,140.00
2132,27,1.00,0.95,140.00
2132,32,1.00,1.15,140.00
2133,12,0.40,0.35,140.00
2134,29,2.00,2.45,140.00
2135,1,0.40,0.30,140.00
2136,1,0.40,0.60,140.00
2137,7,1.80,1.75,140.00
2138,1,0.40,0.45,140.00
2139,1,0.50,0.80,140.00
2139,9,1.00,1.20,140.00
2139,4,0.40,0.50,140.00
2140,1,0.40,0.40,140.00
2141,16,3.50,2.95,140.00
2141,2,0.60,0.65,140.00
2141,27,1.00,0.65,140.00
2142,1,0.40,0.50,140.00
2142,3,0.50,0.50,140.00
2143,12,0.40,0.30,140.00
2143,2,0.60,0.50,140.00
2143,1,0.40,0.30,140.00
2144,7,1.80,2.20,140.00
2145,15,1.25,1.20,140.00
2146,19,2.50,1.90,140.00
2147,10,1.00,0.95,140.00
2147,32,1.00,0.95,140.00
2148,1,0.40,0.30,140.00
2148,27,1.00,0.85,140.00
2149,8,0.00,0.85,140.00
2150,7,1.80,1.40,140.00
2151,3,0.50,0.40,140.00
2151,27,1.00,0.75,140.00
2152,7,1.80,1.90,140.00
2152,2,0.60,0.80,140.00
2153,14,1.80,2.20,140.00
2153,9,0.80,0.75,140.00
2153,27,1.00,1.05,140.00
2154,1,0.40,0.50,140.00
2155,12,0.45,0.45,140.00
2155,32,1.10,1.30,140.00
2156,1,0.40,0.50,140.00
2157,1,0.45,0.35,140.00
2158,12,0.40,0.45,140.00
2159,1,0.40,0.35,140.00
2159,27,1.00,0.80,140.00
2160,10,1.25,1.20,140.00
2160,27,1.25,1.25,140.00
2160,1,0.50,0.35,140.00
2161,18,3.00,2.40,140.00
2162,9,1.00,0.95,140.00
2163,1,0.40,0.35,140.00
2164,1,0.50,0.45,140.00
2165,12,0.50,0.50,140.00
2165,1,0.50,0.60,140.00
2166,15,1.00,0.90,140.00
2166,2,0.60,0.65,140.00
2167,15,1.00,1.00,140.00
2168,1,0.40,0.35,140.00
2169,15,1.00,1.35,140.00
2170,15,1.00,0.80,140.00
2171,17,2.50,2.55,140.00
2172,7,1.80,2.45,140.00
2173,15,1.00,1.25,140.00
2174,1,0.40,0.60,140.00
2175,15,1.00,0.70,140.00
2176,7,1.80,1.35,140.00
2177,27,1.00,1.10,140.00
2178,7,1.80,1.25,140.00
2179,1,0.40,0.40,140.00
2179,2,0.60,0.90,140.00
2180,27,1.00,1.90,140.00
2180,9,0.80,0.90,140.00
2181,3,0.50,0.50,140.00
2182,2,0.60,0.85,140.00
2182,1,0.40,0.30,140.00
2183,17,2.50,2.30,140.00
2184,1,0.40,0.35,140.00
2185,7,1.80,1.35,140.00
2186,14,0.00,1.55,140.00
2187,5,1.00,0.85,140.00
2188,16,3.50,2.95,140.00
2189,10,0.00,0.55,140.00
2190,15,1.00,1.10,140.00
2191,12,0.40,0.45,140.00
2192,15,1.00,1.30,140.00
2193,6,1.20,0.95,140.00
2193,32,1.00,1.25,140.00
2194,3,0.50,0.60,140.00
2195,21,1.20,1.10,140.00
2196,1,0.40,0.40,140.00
2197,15,1.00,1.05,140.00
2198,6,1.20,1.10,140.00
2199,15,1.00,0.95,140.00
2199,2,0.60,0.40,140.00
2200,18,3.00,3.35,140.00
2201,12,0.40,0.35,140.00
2202,7,1.80,1.45,140.00
2202,1,0.40,0.50,140.00
2203,7,1.80,2.20,140.00
2204,1,0.40,0.50,140.00
2204,9,0.80,1.20,140.00
2205,20,0.00,0.65,140.00
2206,14,1.80,2.30,140.00
2207,15,1.00,1.20,140.00
2208,27,1.00,0.95,140.00
2209,7,1.80,1.50,140.00
2210,15,1.00,1.15,140.00
2211,17,2.50,2.90,140.00
2212,1,0.50,0.85,140.00
2213,15,1.10,1.20,140.00
2214,15,1.00,0.80,140.00
2214,4,0.30,0.35,140.00
2215,16,4.40,2.65,140.00
2215,9,1.00,1.10,140.00
2216,24,2.20,1.60,140.00
2216,27,1.00,0.95,140.00
2217,29,2.00,1.95,140.00
2217,1,0.40,0.30,140.00
2217,27,1.00,1.00,140.00
2218,1,0.40,0.35,140.00
2219,1,0.40,0.30,140.00
2219,27,1.00,1.10,140.00
2220,1,0.40,0.35,140.00
2221,19,2.50,2.70,140.00
2222,1,0.40,0.40,140.00
2222,3,0.50,0.45,140.00
2223,1,0.40,0.40,140.00
2223,2,0.60,0.65,140.00
2224,29,2.00,2.40,140.00
2224,9,0.80,0.75,140.00
2224,1,0.40,0.40,140.00
2224,27,1.00,0.75,140.00
2225,12,0.40,0.55,140.00
2226,10,1.00,1.30,140.00
2227,9,0.80,0.85,140.00
2228,1,0.40,0.45,140.00
2228,27,1.00,1.35,140.00
2229,13,2.00,1.85,140.00
2230,10,1.25,1.70,140.00
2230,22,1.00,0.90,140.00
2230,9,1.00,1.25,140.00
2231,15,1.00,1.20,140.00
2232,1,0.40,0.55,140.00
2233,3,0.50,0.50,140.00
2234,8,1.20,1.25,140.00
2235,9,0.80,0.80,140.00
2235,4,0.30,0.35,140.00
2236,15,1.25,1.30,140.00
2237,21,1.20,1.00,140.00
2238,6,1.20,1.30,140.00
2239,12,0.40,0.45,140.00
2240,36,2.00,1.85,140.00
2241,15,1.00,1.05,140.00
2242,23,4.50,4.35,140.00
2242,4,0.30,0.25,140.00
2242,1,0.40,0.55,140.00
2243,10,1.00,0.85,140.00
2243,22,0.80,0.65,140.00
2244,7,1.80,1.95,140.00
2245,2,0.60,0.80,140.00
2246,2,0.60,0.65,140.00
2247,12,0.40,0.45,140.00
2248,10,1.00,1.10,140.00
2248,22,0.80,0.90,140.00
2249,15,1.00,1.05,140.00
2250,12,0.50,0.55,140.00
2251,4,0.40,0.50,140.00
2251,1,0.50,0.50,140.00
2251,2,0.75,1.10,140.00
2252,15,0.00,0.95,140.00
2253,12,0.40,0.65,140.00
2254,22,0.80,0.80,140.00
2254,32,1.00,1.00,140.00
2255,12,0.50,0.55,140.00
2256,1,0.40,0.35,140.00
2257,29,2.00,2.80,140.00
2257,32,1.00,1.15,140.00
2257,27,1.00,0.95,140.00
2258,8,1.20,1.15,140.00
2258,9,0.80,0.95,140.00
2259,1,0.40,0.35,140.00
2260,1,0.40,0.40,140.00
2260,27,1.00,1.40,140.00
2261,15,1.00,1.50,140.00
2262,7,1.80,1.55,140.00
2262,2,0.60,0.55,140.00
2263,24,2.75,2.60,140.00
2264,12,0.40,0.55,140.00
2265,18,3.00,2.95,140.00
2266,8,1.20,1.75,140.00
2267,13,2.00,1.70,140.00
2268,5,1.00,1.00,140.00
2269,7,1.80,1.65,140.00
2269,32,1.00,0.75,140.00
2269,27,1.00,1.05,140.00
2270,1,0.40,0.30,140.00
2271,15,1.00,1.40,140.00
2272,16,3.50,4.60,140.00
2272,1,0.40,0.40,140.00
2273,15,1.00,1.05,140.00
2274,17,2.50,1.75,140.00
2274,32,1.00,0.70,140.00
2275,15,0.00,0.65,140.00
2276,12,0.40,0.55,140.00
2276,3,0.50,0.70,140.00
2276,4,0.30,0.40,140.00
2277,17,2.50,2.00,140.00
2278,26,0.80,0.85,140.00
2279,14,1.80,1.75,140.00
2279,27,1.00,0.65,140.00
2280,15,0.00,0.75,140.00
2281,2,0.60,0.75,140.00
2282,15,1.00,1.00,140.00
2282,4,0.30,0.20,140.00
2283,1,0.40,0.50,140.00
2283,2,0.60,0.80,140.00
2284,18,3.00,2.90,140.00
2285,1,0.40,0.45,140.00
2286,1,0.40,0.50,140.00
2287,18,3.00,2.65,140.00
2288,26,0.80,0.80,140.00
2289,7,0.00,0.60,140.00
2290,25,0.60,0.55,140.00
2290,2,0.60,0.45,140.00
2291,7,0.00,0.95,140.00
2292,25,0.60,0.50,140.00
2293,1,0.40,0.40,140.00
2293,3,0.50,0.70,140.00
2294,21,1.50,1.45,140.00
2294,27,1.25,1.30,140.00
2294,3,0.60,0.40,140.00
2295,1,0.40,0.40,140.00
2296,13,2.00,1.10,140.00
2296,2,0.60,0.45,140.00
2297,15,1.00,1.30,140.00
2298,21,1.20,1.40,140.00
2299,8,1.20,2.30,140.00
2299,27,1.00,1.10,140.00
2299,2,0.60,1.25,140.00
2300,1,0.40,0.45,140.00
2301,23,5.60,4.20,140.00
2302,27,1.25,1.55,140.00
2303,18,3.00,3.60,140.00
2304,7,1.80,1.40,140.00
2304,2,0.60,0.65,140.00
2304,9,0.80,0.85,140.00
2305,24,2.20,2.20,140.00
2306,15,1.00,1.15,140.00
2307,22,0.80,0.85,140.00
2308,4,0.40,0.50,140.00
2308,27,1.25,1.60,140.00
2309,15,1.00,1.10,140.00
2310,12,0.40,0.45,140.00
2311,15,1.00,1.05,140.00
2312,9,0.80,0.70,140.00
2312,3,0.50,0.45,140.00
2312,2,0.60,0.65,140.00
2313,1,0.40,0.45,140.00
2314,1,0.40,0.40,140.00
2314,2,0.60,0.60,140.00
2315,15,1.25,1.50,140.00
2315,32,1.25,1.00,140.00
2316,20,1.20,1.50,140.00
2317,1,0.40,0.35,140.00
2318,5,1.25,1.25,140.00
2319,15,1.00,0.80,140.00
2319,1,0.40,0.45,140.00
2320,7,1.80,1.95,140.00
2320,9,0.80,0.95,140.00
2321,25,0.00,0.35,140.00
2322,4,0.30,0.25,140.00
2323,21,0.00,0.75,140.00
2324,1,0.40,0.25,140.00
2325,10,1.00,1.35,140.00
2325,32,1.00,1.05,140.00
2325,27,1.00,0.85,140.00
2326,5,1.00,0.70,140.00
2326,1,0.40,0.45,140.00
2327,27,1.00,0.70,140.00
2328,10,1.00,1.15,140.00
2328,30,2.00,1.95,140.00
2329,8,1.20,0.90,140.00
2329,32,1.00,0.60,140.00
2330,5,1.00,0.80,140.00
2330,9,0.80,0.85,140.00
2330,4,0.30,0.30,140.00
2331,1,0.40,0.30,140.00
2331,27,1.00,0.75,140.00
2332,21,1.20,0.90,140.00
2332,4,0.30,0.30,140.00
2333,2,0.60,0.55,140.00
2334,4,0.30,0.25,140.00
2335,10,1.00,1.05,140.00
2336,12,0.40,0.50,140.00
2337,2,0.60,0.50,140.00
2337,3,0.50,0.40,140.00
2338,15,1.00,0.80,140.00
2339,12,0.00,0.15,140.00
2340,12,0.40,0.45,140.00
2341,15,1.00,0.85,140.00
2342,8,1.20,1.30,140.00
2343,17,2.50,2.30,140.00
2344,1,0.40,0.40,140.00
2345,29,2.00,2.30,140.00
2346,16,3.50,3.90,140.00
2347,15,1.00,0.90,140.00
2348,28,3.00,2.20,140.00
2348,1,0.40,0.35,140.00
2348,27,1.00,1.40,140.00
2349,22,1.00,0.95,140.00
2350,2,0.60,0.50,140.00
2351,1,0.40,0.35,140.00
2351,4,0.30,0.30,140.00
2352,26,0.80,0.80,140.00
2353,7,1.80,2.05,140.00
2354,16,3.50,3.80,140.00
2354,1,0.40,0.60,140.00
2355,14,1.80,1.55,140.00
2355,4,0.30,0.25,140.00
2356,1,0.40,0.40,140.00
2356,4,0.30,0.30,140.00
2357,1,0.40,0.45,140.00
2357,4,0.30,0.35,140.00
2358,34,6.00,5.55,140.00
2358,32,1.00,0.70,140.00
2359,18,3.00,2.90,140.00
2360,12,0.40,0.35,140.00
2361,1,0.40,0.50,140.00
2362,1,0.45,0.40,140.00
2363,13,2.00,1.90,140.00
2364,1,0.40,0.55,140.00
2364,2,0.60,0.85,140.00
2365,8,1.20,1.10,140.00
2366,1,0.40,0.45,140.00
2367,4,0.30,0.35,140.00
2368,8,1.20,1.00,140.00
2369,7,1.80,1.95,140.00
2370,8,1.20,1.40,140.00
2371,28,3.00,3.20,140.00
2371,4,0.30,0.25,140.00
2371,27,1.00,0.85,140.00
2372,27,1.00,1.35,140.00
2372,2,0.60,0.85,140.00
2373,16,3.50,2.65,140.00
2373,1,0.40,0.35,140.00
2373,27,1.00,1.00,140.00
2374,7,1.80,2.05,140.00
2375,38,2.50,2.70,140.00
2376,16,3.50,3.30,140.00
2376,3,0.50,0.40,140.00
2377,19,2.50,2.00,140.00
2377,9,0.80,0.95,140.00
2378,1,0.40,0.45,140.00
2379,15,1.00,1.10,140.00
2380,12,0.40,0.40,140.00
2381,8,1.20,1.25,140.00
2382,15,1.00,1.20,140.00
2382,1,0.40,0.50,140.00
2382,32,1.00,0.90,140.00
2383,15,1.00,1.05,140.00
2384,30,2.00,1.55,140.00
2385,1,0.50,0.45,140.00
2385,27,1.25,1.10,140.00
2386,7,1.80,2.05,140.00
2386,27,1.00,1.35,140.00
2387,15,1.00,0.90,140.00
2387,32,1.00,1.50,140.00
2388,31,1.20,1.65,140.00
2389,18,3.00,2.30,140.00
2389,32,1.00,0.70,140.00
2390,32,1.25,1.30,140.00
2391,21,1.20,1.15,140.00
2392,12,0.40,0.40,140.00
2393,37,0.80,1.25,140.00
2393,27,1.00,1.00,140.00
2394,12,0.40,0.35,140.00
2395,2,0.60,0.70,140.00
2396,1,0.50,0.70,140.00
2397,15,1.00,1.20,140.00
2398,29,2.00,1.60,140.00
2398,1,0.40,0.35,140.00
2399,4,0.30,0.25,140.00
2400,7,1.80,1.70,140.00
2401,1,0.40,0.40,140.00
2402,16,3.50,3.55,140.00
2403,12,0.40,0.50,140.00
2404,7,1.80,1.50,140.00
2404,3,0.50,0.40,140.00
2405,36,2.00,1.70,140.00
2405,3,0.50,0.40,140.00
2406,12,0.40,0.50,140.00
2406,1,0.40,0.35,140.00
2407,18,3.00,3.05,140.00
2408,1,0.40,0.45,140.00
2408,3,0.50,0.55,140.00
2408,32,1.00,1.55,140.00
2409,1,0.40,0.45,140.00
2409,9,0.80,0.85,140.00
2410,12,0.40,0.45,140.00
2411,19,2.50,2.00,140.00
2411,9,0.80,0.75,140.00
2412,11,1.50,1.45,140.00
2412,14,1.80,2.25,140.00
2412,9,0.80,0.85,140.00
2413,28,3.00,3.70,140.00
2413,3,0.50,0.40,140.00
2413,27,1.00,1.00,140.00
2414,1,0.40,0.55,140.00
2414,2,0.60,0.75,140.00
2415,1,0.40,0.40,140.00
2415,9,0.80,0.55,140.00
2416,1,0.40,0.30,140.00
2416,2,0.60,0.80,140.00
2417,8,1.20,1.20,140.00
2418,8,1.20,0.80,140.00
2418,32,1.00,0.85,140.00
2418,1,0.40,0.35,140.00
2419,15,1.10,0.90,140.00
2420,13,2.00,1.75,140.00
2421,15,1.00,1.40,140.00
2422,19,2.50,3.40,140.00
2423,5,1.00,0.95,140.00
2424,2,0.75,1.10,140.00
2425,1,0.50,0.45,140.00
2425,4,0.40,0.30,140.00
2426,18,0.00,1.10,140.00
2427,37,0.80,0.55,140.00
2427,1,0.40,0.50,140.00
2427,27,1.00,1.10,140.00
2428,1,0.40,0.45,140.00
2429,12,0.40,0.35,140.00
2430,29,2.00,1.90,140.00
2431,15,0.00,0.60,140.00
2432,11,1.50,1.40,140.00
2432,4,0.30,0.25,140.00
2433,16,3.50,2.90,140.00
2434,22,0.80,0.95,140.00
2434,3,0.50,0.75,140.00
2435,7,1.80,1.55,140.00
2436,15,1.10,1.40,140.00
2437,27,1.25,1.50,140.00
2437,1,0.50,0.45,140.00
2438,5,1.00,0.85,140.00
2438,32,1.00,1.00,140.00
2439,11,1.90,1.80,140.00
2439,13,2.50,2.60,140.00
2439,9,1.00,0.75,140.00
2440,15,0.00,0.55,140.00
2441,12,0.40,0.35,140.00
2441,27,1.00,0.65,140.00
2442,19,2.50,2.45,140.00
2443,20,1.20,1.05,140.00
2444,34,6.00,4.70,140.00
2445,21,1.50,1.50,140.00
2445,9,1.00,1.15,140.00
2446,15,1.00,1.35,140.00
2447,3,0.50,0.50,140.00
2448,1,0.40,0.35,140.00
2449,15,0.00,0.75,140.00
2450,8,1.20,2.10,140.00
2451,12,0.40,0.40,140.00
2452,32,1.00,1.20,140.00
2453,8,0.00,0.75,140.00
2454,12,0.40,0.45,140.00
2455,5,1.00,1.35,140.00
2456,22,1.00,1.20,140.00
2457,7,1.80,1.90,140.00
2457,3,0.50,0.70,140.00
2458,7,1.80,1.90,140.00
2459,1,0.40,0.55,140.00
2460,8,1.20,1.80,140.00
2461,6,1.20,0.95,140.00
2462,26,0.80,1.20,140.00
2462,1,0.40,0.55,140.00
2462,32,1.00,0.90,140.00
2463,2,0.60,0.70,140.00
2464,7,1.80,1.50,140.00
2465,1,0.40,0.50,140.00
2465,9,0.80,0.95,140.00
2466,9,0.80,0.85,140.00
2467,21,1.20,1.25,140.00
2468,1,0.40,0.60,140.00
2469,7,1.80,1.55,140.00
2470,1,0.40,0.45,140.00
2471,15,1.00,0.90,140.00
2471,27,1.00,0.85,140.00
2472,1,0.45,0.50,140.00
2473,18,3.00,2.80,140.00
2474,29,2.00,2.20,140.00
2475,1,0.40,0.50,140.00
2475,32,1.00,1.00,140.00
2475,3,0.50,0.50,140.00
2476,22,0.80,1.05,140.00
2477,29,2.00,1.65,140.00
2477,27,1.00,1.05,140.00
2478,7,1.80,1.60,140.00
2479,1,0.40,0.40,140.00
2479,2,0.60,0.80,140.00
2480,2,0.60,0.60,140.00
2481,11,1.50,1.35,140.00
2481,14,1.80,1.85,140.00
2482,7,1.80,1.70,140.00
2483,12,0.40,0.35,140.00
2484,3,0.50,0.60,140.00
2485,16,3.50,3.25,140.00
2486,10,0.00,0.45,140.00
2487,1,0.40,0.50,140.00
2487,32,1.00,1.15,140.00
2488,13,2.00,2.00,140.00
2489,10,1.00,0.80,140.00
2489,20,1.20,1.50,140.00
2490,12,0.40,0.40,140.00
2490,1,0.40,0.30,140.00
2491,10,1.00,0.95,140.00
2492,15,1.00,0.95,140.00
2493,12,0.40,0.35,140.00
2494,8,1.20,1.00,140.00
2495,32,1.00,1.35,140.00
2495,4,0.30,0.40,140.00
2495,27,1.00,1.35,140.00
2496,32,1.00,0.80,140.00
2497,8,1.20,1.10,140.00
2497,4,0.30,0.30,140.00
2498,1,0.40,0.35,140.00
2498,32,1.00,0.75,140.00
2498,9,0.80,0.60,140.00
2499,5,1.00,1.10,140.00
2499,9,0.80,0.80,140.00
2500,38,2.50,2.35,140.00
2500,32,1.00,0.95,140.00
2501,12,0.40,0.35,140.00
2502,29,2.00,2.90,140.00
2502,1,0.40,0.55,140.00
2502,27,1.00,0.90,140.00
2503,7,1.80,2.65,140.00
2503,32,1.00,1.00,140.00
2504,27,1.00,1.15,140.00
2505,1,0.50,0.65,140.00
2506,21,1.20,0.80,140.00
2506,1,0.40,0.40,140.00
2507,15,1.00,1.40,140.00
2507,3,0.50,0.80,140.00
2508,1,0.40,0.70,140.00
2509,15,1.00,0.95,140.00
2510,12,0.40,0.50,140.00
2511,1,0.40,0.45,140.00
2512,2,0.60,0.60,140.00
2512,27,1.00,1.05,140.00
2513,24,2.75,2.90,140.00
2514,21,1.20,1.45,140.00
2514,27,1.00,1.05,140.00
2515,8,1.20,1.00,140.00
2516,13,2.00,1.60,140.00
2517,13,2.20,2.20,140.00
2518,3,0.60,0.80,140.00
2518,1,0.50,0.55,140.00
2519,1,0.40,0.35,140.00
2520,1,0.40,0.35,140.00
2521,28,3.00,2.15,140.00
2521,27,1.00,0.75,140.00
2522,8,1.20,1.70,140.00
2523,27,1.00,0.90,140.00
2524,6,1.20,1.00,140.00
2525,2,0.60,0.60,140.00
2526,15,1.00,0.85,140.00
2526,32,1.00,0.70,140.00
2527,21,1.20,1.45,140.00
2527,27,1.00,1.10,140.00
2528,22,0.80,0.65,140.00
2528,27,1.00,0.80,140.00
2528,1,0.40,0.30,140.00
2529,12,0.40,0.45,140.00
2530,1,0.40,0.35,140.00
2531,23,4.50,4.80,140.00
2532,7,2.25,2.20,140.00
2533,2,0.60,0.80,140.00
2534,1,0.40,0.45,140.00
2535,6,1.20,1.10,140.00
2536,5,1.00,1.55,140.00
2536,27,1.00,1.05,140.00
2537,15,1.00,1.50,140.00
2537,1,0.40,0.35,140.00
2537,4,0.30,0.35,140.00
2538,12,0.40,0.45,140.00
2538,1,0.40,0.40,140.00
2538,4,0.30,0.30,140.00
2539,1,0.40,0.50,140.00
2540,18,3.00,2.10,140.00
2541,19,0.00,1.30,140.00
2542,1,0.40,0.25,140.00
2543,34,6.00,6.85,140.00
2544,1,0.40,0.45,140.00
2545,1,0.40,0.35,140.00
2546,22,0.00,0.80,140.00
2547,37,0.80,0.95,140.00
2548,1,0.40,0.50,140.00
2549,15,0.00,0.55,140.00
2550,10,1.00,1.15,140.00
2551,20,1.20,1.05,140.00
2551,1,0.40,0.45,140.00
2552,1,0.40,0.50,140.00
2553,3,0.50,0.55,140.00
2554,21,1.20,1.60,140.00
2555,2,0.60,0.65,140.00
2555,3,0.50,0.80,140.00
2555,32,1.00,1.05,140.00
2556,1,0.50,0.45,140.00
2557,7,1.80,1.05,140.00
2558,1,0.40,0.45,140.00
2558,32,1.00,1.35,140.00
2558,27,1.00,1.15,140.00
2559,15,0.00,0.55,140.00
2560,15,1.00,1.15,140.00
2561,10,1.00,0.90,140.00
2561,22,0.80,0.85,140.00
2562,23,4.50,4.15,140.00
2563,1,0.40,0.40,140.00
2564,1,0.50,0.55,140.00
2564,32,1.25,1.60,140.00
2565,1,0.40,0.60,140.00
2566,21,1.20,1.15,140.00
2567,1,0.40,0.30,140.00
2567,9,0.80,0.80,140.00
2568,12,0.40,0.45,140.00
2569,7,0.00,1.45,140.00
2570,29,2.00,2.10,140.00
2570,27,1.00,0.85,140.00
2571,30,2.00,1.70,140.00
2572,14,1.80,2.40,140.00
2572,4,0.30,0.35,140.00
2573,16,3.50,4.05,140.00
2574,15,1.00,1.35,140.00
2574,9,0.80,1.10,140.00
2575,21,1.50,1.70,140.00
2576,7,2.00,1.40,140.00
2577,10,1.00,1.20,140.00
2577,26,0.80,1.00,140.00
2578,6,1.20,1.05,140.00
2579,1,0.40,0.35,140.00
2579,32,1.00,0.90,140.00
2580,13,2.00,1.85,140.00
2581,28,0.00,1.65,140.00
2582,1,0.40,0.40,140.00
2583,4,0.40,0.30,140.00
2584,10,1.25,1.15,140.00
2584,24,2.75,2.20,140.00
2585,4,0.30,0.25,140.00
2586,1,0.40,0.40,140.00
2586,9,0.80,0.90,140.00
2586,27,1.00,1.15,140.00
2587,11,1.90,1.85,140.00
2587,14,2.25,2.50,140.00
2587,4,0.40,0.35,140.00
2588,12,0.40,0.50,140.00
2589,5,1.00,0.90,140.00
2590,1,0.40,0.30,140.00
2590,32,1.00,1.15,140.00
2591,1,0.40,0.35,140.00
2592,9,1.00,1.05,140.00
2593,8,1.20,1.70,140.00
2593,4,0.30,0.25,140.00
2594,14,1.80,2.10,140.00
2594,32,1.00,1.00,140.00
2595,2,0.60,0.55,140.00
2596,2,0.60,0.50,140.00
2597,15,1.00,0.75,140.00
2598,15,0.00,0.55,140.00
2599,3,0.50,0.45,140.00
2600,1,0.50,0.40,140.00
2601,1,0.40,0.55,140.00
2602,25,0.60,0.60,140.00
2602,32,1.00,1.25,140.00
2603,34,6.00,5.20,140.00
2603,4,0.30,0.25,140.00
2604,19,2.50,2.50,140.00
2605,20,1.20,0.75,140.00
2606,3,0.50,0.75,140.00
2607,1,0.40,0.30,140.00
2607,2,0.60,0.55,140.00
2608,7,1.80,1.75,140.00
2609,11,1.50,1.75,140.00
2609,3,0.50,0.70,140.00
2610,5,1.00,1.35,140.00
2611,1,0.40,0.45,140.00
2611,4,0.30,0.30,140.00
2612,21,1.20,1.10,140.00
2613,1,0.40,0.35,140.00
2613,9,0.80,0.80,140.00
2613,27,1.00,0.95,140.00
2614,12,0.40,0.35,140.00
2615,1,0.40,0.35,140.00
2616,1,0.40,0.50,140.00
2616,32,1.00,1.30,140.00
2617,12,0.40,0.45,140.00
2618,24,2.75,2.20,140.00
2619,13,0.00,0.95,140.00
2620,1,0.40,0.40,140.00
2620,27,1.00,1.00,140.00
2620,4,0.30,0.45,140.00
2621,5,1.00,1.15,140.00
2622,18,3.00,3.40,140.00
2623,10,1.00,0.70,140.00
2624,22,0.80,1.00,140.00
2625,1,0.40,0.40,140.00
2625,32,1.00,1.25,140.00
2626,7,1.80,2.00,140.00
2627,15,1.00,1.15,140.00
2628,1,0.40,0.45,140.00
2629,31,1.20,0.95,140.00
2630,1,0.40,0.40,140.00
2630,2,0.60,0.60,140.00
2631,1,0.40,0.40,140.00
2632,7,1.80,1.75,140.00
2633,28,3.00,2.30,140.00
2633,27,1.00,0.85,140.00
2634,12,0.40,0.50,140.00
2634,3,0.50,0.55,140.00
2634,2,0.60,0.80,140.00
2635,16,3.50,2.95,140.00
2636,15,1.25,1.10,140.00
2637,15,1.00,1.15,140.00
2637,2,0.60,0.70,140.00
2638,10,1.00,1.15,140.00
2639,27,1.00,1.10,140.00
2640,32,1.00,1.10,140.00
2641,1,0.40,0.45,140.00
2642,1,0.40,0.30,140.00
2642,2,0.60,0.60,140.00
2643,9,0.80,1.10,140.00
2644,21,1.20,1.25,140.00
2644,2,0.60,0.60,140.00
2644,3,0.50,0.45,140.00
2645,12,0.40,0.40,140.00
2646,12,0.40,0.45,140.00
2646,3,0.50,0.45,140.00
2647,10,1.00,1.05,140.00
2647,26,0.80,0.75,140.00
2648,9,0.80,0.95,140.00
2649,32,1.00,0.90,140.00
2649,1,0.40,0.35,140.00
2650,15,1.00,1.05,140.00
2650,32,1.00,1.05,140.00
2651,13,2.00,1.50,140.00
2651,32,1.00,0.90,140.00
2652,12,0.40,0.70,140.00
2652,9,0.80,1.05,140.00
2653,2,0.60,0.75,140.00
2653,9,0.80,1.00,140.00
2654,6,1.20,1.25,140.00
2654,9,0.80,0.85,140.00
2654,27,1.00,0.90,140.00
2655,7,1.80,1.70,140.00
2655,3,0.50,0.65,140.00
2655,9,0.80,0.90,140.00
2656,3,0.50,0.65,140.00
2656,2,0.60,0.65,140.00
2657,10,1.00,1.00,140.00
2657,20,1.20,1.45,140.00
2657,9,0.80,0.60,140.00
2658,10,1.00,0.80,140.00
2659,1,0.40,0.45,140.00
2660,34,0.00,2.55,140.00
2661,30,2.00,2.15,140.00
2662,29,2.00,2.00,140.00
2662,9,0.80,0.70,140.00
2662,27,1.00,1.20,140.00
2663,5,1.00,0.85,140.00
2663,27,1.00,0.90,140.00
2663,32,1.00,0.65,140.00
2664,4,0.30,0.30,140.00
2664,1,0.40,0.35,140.00
2665,4,0.30,0.35,140.00
2666,3,0.50,0.55,140.00
2667,15,1.25,1.00,140.00
2668,1,0.40,0.40,140.00
2669,12,0.40,0.40,140.00
2670,1,0.40,0.40,140.00
2671,33,3.00,2.95,140.00
2672,5,1.00,1.30,140.00
2672,32,1.00,1.40,140.00
2673,8,1.20,1.50,140.00
2674,32,1.00,0.75,140.00
2675,1,0.50,0.50,140.00
2675,4,0.40,0.40,140.00
2675,9,1.00,1.00,140.00
2676,1,0.40,0.45,140.00
2676,32,1.00,1.15,140.00
2677,2,0.60,0.75,140.00
2678,21,1.20,1.20,140.00
2678,32,1.00,1.25,140.00
2679,1,0.40,0.40,140.00
2679,32,1.00,0.65,140.00
2680,9,0.90,0.90,140.00
2680,1,0.45,0.40,140.00
2681,24,2.20,1.65,140.00
2681,4,0.30,0.25,140.00
2681,2,0.60,0.55,140.00
2682,3,0.50,0.45,140.00
2683,1,0.40,0.40,140.00
2684,15,1.00,1.05,140.00
2685,1,0.40,0.50,140.00
2686,15,1.00,1.15,140.00
2687,1,0.40,0.40,140.00
2688,12,0.40,0.55,140.00
2688,1,0.40,0.55,140.00
2688,9,0.80,0.90,140.00
2689,12,0.50,0.40,140.00
2690,15,1.00,1.00,140.00
2690,1,0.40,0.35,140.00
2691,9,0.80,1.05,140.00
2692,8,1.20,1.35,140.00
2693,10,1.00,1.30,140.00
2694,15,1.00,0.90,140.00
2695,15,1.00,1.00,140.00
2696,15,1.00,1.20,140.00
2696,1,0.40,0.40,140.00
2696,27,1.00,0.85,140.00
2697,28,3.00,3.80,140.00
2697,27,1.00,0.80,140.00
2698,1,0.40,0.55,140.00
2698,2,0.60,0.85,140.00
2699,1,0.40,0.55,140.00
2700,12,0.40,0.40,140.00
2700,32,1.00,0.95,140.00
2701,7,1.80,1.80,140.00
2701,9,0.80,0.95,140.00
2702,1,0.40,0.50,140.00
2702,4,0.30,0.35,140.00
2703,1,0.40,0.45,140.00
2704,11,1.50,1.45,140.00
2704,9,0.80,0.85,140.00
2705,24,0.00,1.85,140.00
2706,7,1.80,1.70,140.00
2707,17,2.50,2.90,140.00
2708,15,1.00,1.00,140.00
2708,27,1.00,1.00,140.00
2709,21,1.50,1.95,140.00
2709,2,0.75,0.85,140.00
2709,4,0.40,0.45,140.00
2710,12,0.40,0.40,140.00
2710,4,0.30,0.25,140.00
2710,9,0.80,0.75,140.00
2711,15,1.00,1.00,140.00
2712,8,1.20,1.80,140.00
2712,9,0.80,1.15,140.00
2713,1,0.40,0.40,140.00
2714,18,3.00,2.60,140.00
2715,18,3.00,2.35,140.00
2716,29,0.00,0.50,140.00
2717,7,1.80,1.55,140.00
2717,2,0.60,0.65,140.00
2718,19,2.50,2.70,140.00
2719,20,1.20,1.15,140.00
2719,3,0.50,0.60,140.00
2720,1,0.40,0.45,140.00
2721,12,0.40,0.45,140.00
2722,12,0.40,0.40,140.00
2723,15,1.00,0.95,140.00
2724,1,0.40,0.35,140.00
2724,3,0.50,0.65,140.00
2725,1,0.40,0.45,140.00
2725,9,0.80,0.70,140.00
2726,10,1.00,1.15,140.00
2726,30,2.00,1.85,140.00
2727,1,0.40,0.60,140.00
2727,32,1.00,1.20,140.00
2727,27,1.00,1.05,140.00
2728,21,1.20,1.45,140.00
2729,1,0.40,0.45,140.00
2730,12,0.40,0.30,140.00
2730,2,0.60,0.80,140.00
2730,4,0.30,0.30,140.00
2731,21,1.20,1.40,140.00
2732,1,0.40,0.40,140.00
2732,32,1.00,1.25,140.00
2732,2,0.60,0.55,140.00
2733,2,0.60,0.60,140.00
2734,11,1.50,1.40,140.00
2735,27,1.00,1.10,140.00
2736,5,1.00,1.40,140.00
2736,4,0.30,0.40,140.00
2737,6,1.20,1.35,140.00
2738,7,1.80,2.20,140.00
2738,3,0.50,0.50,140.00
2738,4,0.30,0.45,140.00
2739,9,0.80,1.30,140.00
2739,2,0.60,0.80,140.00
2740,14,1.80,1.60,140.00
2741,1,0.40,0.45,140.00
2742,13,2.00,1.65,140.00
2742,3,0.50,0.45,140.00
2743,37,0.80,1.00,140.00
2743,2,0.60,0.65,140.00
2743,27,1.00,1.30,140.00
2744,27,1.00,2.05,140.00
2744,32,1.00,1.10,140.00
2745,1,0.40,0.40,140.00
2746,1,0.50,0.60,140.00
2746,9,1.00,1.25,140.00
2747,1,0.40,0.50,140.00
2748,20,0.00,0.85,140.00
2749,27,1.10,1.05,140.00
2750,33,3.00,2.35,140.00
2750,1,0.40,0.30,140.00
2751,9,0.80,0.75,140.00
2752,12,0.40,0.35,140.00
2752,27,1.00,1.05,140.00
2752,32,1.00,1.00,140.00
2753,13,2.00,1.75,140.00
2754,29,2.00,2.50,140.00
2754,9,0.80,0.80,140.00
2754,27,1.00,0.75,140.00
2755,6,1.20,1.40,140.00
2755,1,0.40,0.40,140.00
2756,1,0.40,0.40,140.00
2757,9,0.80,0.90,140.00
2758,1,0.40,0.50,140.00
2758,3,0.50,0.45,140.00
2759,33,3.00,2.55,140.00
2760,1,0.40,0.50,140.00
2761,14,1.80,1.95,140.00
2762,1,0.40,0.40,140.00
2763,27,1.00,1.20,140.00
2763,9,0.80,1.15,140.00
2764,31,1.20,1.60,140.00
2765,18,3.00,3.45,140.00
2765,4,0.30,0.25,140.00
2766,1,0.40,0.40,140.00
2766,4,0.30,0.35,140.00
2766,9,0.80,0.80,140.00
2767,27,1.00,1.00,140.00
2767,2,0.60,0.90,140.00
2768,1,0.40,0.40,140.00
2769,10,1.00,1.35,140.00
2769,2,0.60,0.80,140.00
2770,3,0.50,0.40,140.00
2770,1,0.40,0.35,140.00
2771,15,1.00,0.80,140.00
2771,1,0.40,0.40,140.00
2772,4,0.30,0.45,140.00
2773,26,0.80,0.85,140.00
2774,7,2.00,1.45,140.00
2775,5,1.00,0.90,140.00
2775,9,0.80,1.00,140.00
2776,8,1.20,1.10,140.00
2777,31,1.20,1.45,140.00
2777,1,0.40,0.40,140.00
2778,15,1.00,1.25,140.00
2778,27,1.00,1.20,140.00
2779,31,1.20,1.50,140.00
2779,27,1.00,1.30,140.00
2780,12,0.40,0.40,140.00
2781,7,1.80,1.25,140.00
2782,1,0.40,0.35,140.00
2783,25,0.60,0.60,140.00
2784,4,0.30,0.40,140.00
2785,2,0.60,0.65,140.00
2786,1,0.40,0.55,140.00
2787,32,1.00,1.20,140.00
2787,9,0.80,0.80,140.00
2787,4,0.30,0.25,140.00
2788,23,4.50,4.05,140.00
2789,13,2.00,2.15,140.00
2790,1,0.40,0.35,140.00
2790,32,1.00,0.75,140.00
2790,27,1.00,1.00,140.00
2791,25,0.60,0.65,140.00
2792,3,0.50,0.45,140.00
2793,7,0.00,1.05,140.00
2794,12,0.40,0.30,140.00
2795,1,0.40,0.40,140.00
2796,15,1.00,0.90,140.00
2796,1,0.40,0.25,140.00
2796,3,0.50,0.60,140.00
2797,12,0.40,0.35,140.00
2798,1,0.40,0.40,140.00
2799,15,1.00,1.10,140.00
2800,12,0.40,0.35,140.00
2801,13,2.00,1.50,140.00
2802,1,0.40,0.55,140.00
2803,1,0.40,0.55,140.00
2804,12,0.00,0.20,140.00
2805,1,0.40,0.40,140.00
2806,11,1.50,1.15,140.00
2807,10,1.00,0.90,140.00
2807,32,1.00,1.40,140.00
2808,19,3.10,2.55,140.00
2808,3,0.60,0.65,140.00
2808,1,0.50,0.50,140.00
2809,12,0.40,0.65,140.00
2810,5,1.00,0.80,140.00
2810,27,1.00,0.85,140.00
2811,24,2.20,1.70,140.00
2812,19,2.50,1.95,140.00
2812,9,0.80,0.75,140.00
2813,2,0.60,0.85,140.00
2814,2,0.65,0.55,140.00
2815,7,1.80,1.30,140.00
2816,18,3.00,2.80,140.00
2817,5,1.00,1.20,140.00
2818,11,1.50,2.00,140.00
2819,12,0.40,0.45,140.00
2819,27,1.00,1.15,140.00
2820,15,0.00,0.30,140.00
2821,31,1.20,1.00,140.00
2821,27,1.00,1.10,140.00
2822,1,0.40,0.45,140.00
2823,1,0.45,0.40,140.00
2824,12,0.00,0.35,140.00
2825,2,0.60,0.65,140.00
2826,1,0.45,0.40,140.00
2827,15,1.00,0.90,140.00
2827,3,0.50,0.65,140.00
2828,15,1.00,1.05,140.00
2828,2,0.60,0.90,140.00
2829,11,1.50,1.40,140.00
2829,13,2.00,2.55,140.00
2830,2,0.60,0.50,140.00
2830,4,0.30,0.25,140.00
2831,8,1.50,1.20,140.00
2831,2,0.75,0.55,140.00
2832,13,2.00,1.60,140.00
2832,32,1.00,0.80,140.00
2833,12,0.40,0.25,140.00
2833,1,0.40,0.40,140.00
2833,4,0.30,0.20,140.00
2834,1,0.40,0.45,140.00
2834,3,0.50,0.60,140.00
2835,15,1.00,1.25,140.00
2836,26,0.80,0.85,140.00
2836,32,1.00,0.95,140.00
2837,1,0.40,0.45,140.00
2837,32,1.00,0.90,140.00
2838,11,1.50,1.75,140.00
2839,1,0.40,0.35,140.00
2840,11,0.00,0.60,140.00
2841,18,0.00,0.80,140.00
2842,24,2.20,1.90,140.00
2843,8,1.50,1.25,140.00
2844,15,1.00,1.30,140.00
2845,1,0.40,0.45,140.00
2846,10,1.00,1.30,140.00
2846,21,1.20,1.40,140.00
2847,4,0.30,0.40,140.00
2848,5,1.00,0.90,140.00
2849,1,0.40,0.55,140.00
2850,10,1.00,1.20,140.00
2850,26,0.80,0.65,140.00
2850,2,0.60,0.60,140.00
2851,7,1.80,2.30,140.00
2852,37,0.80,0.75,140.00
2852,27,1.00,1.00,140.00
2853,37,0.80,0.80,140.00
2853,27,1.00,1.05,140.00
2854,7,1.80,1.55,140.00
2855,1,0.40,0.45,140.00
2855,32,1.00,1.85,140.00
2855,4,0.30,0.40,140.00
2856,37,0.80,0.65,140.00
2856,27,1.00,0.75,140.00
2857,1,0.40,0.40,140.00
2857,32,1.00,0.75,140.00
2858,10,1.00,0.90,140.00
2858,26,0.80,0.95,140.00
2858,27,1.00,0.70,140.00
2859,1,0.40,0.40,140.00
2860,10,1.00,1.15,140.00
2860,21,1.20,1.20,140.00
2861,6,1.20,1.60,140.00
2861,32,1.00,1.25,140.00
2862,1,0.40,0.35,140.00
2862,9,0.80,0.65,140.00
2863,7,1.80,1.60,140.00
2863,2,0.60,0.45,140.00
2864,3,0.50,0.55,140.00
2865,7,1.80,1.60,140.00
2865,2,0.60,0.65,140.00
2865,3,0.50,0.40,140.00
2866,28,3.00,2.50,140.00
2866,2,0.60,0.55,140.00
2867,25,0.60,0.70,140.00
2867,27,1.00,1.25,140.00
2868,12,0.40,0.55,140.00
2869,1,0.40,0.45,140.00
2869,2,0.60,0.80,140.00
2869,32,1.00,1.30,140.00
2870,15,1.00,1.15,140.00
2871,7,1.80,1.95,140.00
2871,27,1.00,0.95,140.00
2872,1,0.40,0.65,140.00
2873,10,1.00,1.00,140.00
2873,32,1.00,0.90,140.00
2874,15,0.00,0.55,140.00
2875,1,0.40,0.35,140.00
2876,7,1.80,1.80,140.00
2877,2,0.60,0.50,140.00
2877,1,0.40,0.40,140.00
2878,5,1.00,0.90,140.00
2879,11,1.50,1.50,140.00
2879,12,0.40,0.35,140.00
2880,11,1.50,1.65,140.00
2881,1,0.50,0.75,140.00
2881,2,0.75,1.00,140.00
2882,1,0.40,0.30,140.00
2883,1,0.50,0.40,140.00
2883,27,1.25,1.20,140.00
2884,6,1.20,2.10,140.00
2884,32,1.00,1.35,140.00
2885,7,2.00,1.80,140.00
2886,2,0.60,0.60,140.00
2887,1,0.40,0.45,140.00
2888,8,1.20,1.60,140.00
2889,4,0.30,0.45,140.00
2890,15,1.00,1.05,140.00
2891,14,1.80,1.30,140.00
2892,7,1.80,1.75,140.00
2893,15,0.00,0.55,140.00
2894,12,0.40,0.30,140.00
2895,21,1.20,0.95,140.00
2895,9,0.80,0.90,140.00
2896,1,0.40,0.40,140.00
2897,27,1.00,0.80,140.00
2897,32,1.00,0.95,140.00
2898,34,6.00,5.85,140.00
2899,26,0.80,0.95,140.00
2900,8,1.20,1.05,140.00
2901,1,0.40,0.40,140.00
2901,4,0.30,0.35,140.00
2902,18,3.00,2.85,140.00
2902,4,0.30,0.25,140.00
2902,27,1.00,0.80,140.00
2903,11,1.50,1.60,140.00
2904,14,1.80,1.65,140.00
2905,7,1.80,1.45,140.00
2905,1,0.40,0.25,140.00
2906,4,0.30,0.25,140.00
2907,11,1.50,1.30,140.00
2908,1,0.40,0.60,140.00
2908,9,0.80,1.00,140.00
2909,1,0.40,0.35,140.00
2909,27,1.00,0.95,140.00
2910,3,0.60,0.55,140.00
2911,1,0.50,0.80,140.00
2911,32,1.25,1.40,140.00
2912,2,0.60,0.45,140.00
2913,15,0.00,0.40,140.00
2914,1,0.40,0.40,140.00
2915,35,10.00,13.20,140.00
2916,1,0.40,0.50,140.00
2916,9,0.80,1.20,140.00
2917,13,2.00,1.70,140.00
2918,3,0.50,0.60,140.00
2918,32,1.00,0.95,140.00
2919,28,3.00,3.00,140.00
2919,4,0.30,0.20,140.00
2919,27,1.00,0.75,140.00
2920,20,1.20,1.40,140.00
2921,12,0.40,0.55,140.00
2921,3,0.50,0.65,140.00
2921,2,0.60,0.95,140.00
2922,16,3.50,3.05,140.00
2923,27,1.00,0.75,140.00
2924,1,0.40,0.50,140.00
2924,3,0.50,0.55,140.00
2925,1,0.40,0.45,140.00
2925,2,0.60,0.65,140.00
2925,3,0.50,0.55,140.00
2926,12,0.40,0.45,140.00
2926,9,0.80,1.05,140.00
2927,1,0.40,0.40,140.00
2928,12,0.40,0.25,140.00
2929,13,2.00,2.60,140.00
2930,12,0.50,0.40,140.00
2931,15,1.00,0.95,140.00
2931,27,1.00,0.95,140.00
2932,12,0.40,0.40,140.00
2932,9,0.80,0.85,140.00
2933,2,0.60,0.80,140.00
2934,7,1.80,2.45,140.00
2935,18,3.00,3.75,140.00
2935,1,0.40,0.45,140.00
2936,1,0.50,0.60,140.00
2937,8,1.20,1.00,140.00
2938,13,2.00,1.90,140.00
2939,3,0.50,0.40,140.00
2940,19,2.50,2.65,140.00
2940,27,1.00,0.95,140.00
2941,1,0.50,0.35,140.00
2942,1,0.40,0.50,140.00
2942,9,0.80,0.70,140.00
2943,7,1.80,1.50,140.00
2944,1,0.40,0.50,140.00
2944,27,1.00,1.25,140.00
2944,9,0.80,1.10,140.00
2945,32,1.00,1.40,140.00
2946,26,0.80,0.55,140.00
2947,7,1.80,1.70,140.00
2948,7,2.00,1.85,140.00
2949,12,0.40,0.50,140.00
2950,12,0.40,0.30,140.00
2951,22,0.80,0.65,140.00
2952,15,1.00,1.10,140.00
2953,9,0.80,0.60,140.00
2953,4,0.30,0.35,140.00
2954,15,1.00,1.00,140.00
2954,3,0.50,0.45,140.00
2955,5,1.25,1.10,140.00
2956,12,0.40,0.45,140.00
2957,12,0.40,0.40,140.00
2957,27,1.00,1.10,140.00
2957,3,0.50,0.40,140.00
2958,1,0.50,0.40,140.00
2958,3,0.60,0.40,140.00
2959,12,0.40,0.45,140.00
2960,14,1.80,1.50,140.00
2960,2,0.60,0.75,140.00
2961,1,0.40,0.35,140.00
2962,26,0.00,0.30,140.00
2963,26,1.00,0.90,140.00
2964,1,0.40,0.65,140.00
2965,1,0.40,0.30,140.00
2966,29,2.00,2.10,140.00
2966,1,0.40,0.45,140.00
2966,27,1.00,1.35,140.00
2967,15,1.00,0.90,140.00
2967,9,0.80,0.70,140.00
2968,12,0.40,0.40,140.00
2969,1,0.45,0.55,140.00
2970,3,0.50,0.55,140.00
2971,8,1.20,1.80,140.00
2972,1,0.40,0.35,140.00
2973,15,1.00,0.90,140.00
2973,32,1.00,1.05,140.00
2974,2,0.60,0.90,140.00
2975,1,0.40,0.35,140.00
2976,2,0.60,0.60,140.00
2977,5,1.00,1.20,140.00
2978,1,0.50,0.30,140.00
2979,7,1.80,1.50,140.00
2980,1,0.40,0.50,140.00
2981,1,0.40,0.30,140.00
2981,3,0.50,0.45,140.00
2982,1,0.40,0.35,140.00
2983,1,0.40,0.40,140.00
2983,9,0.80,0.90,140.00
2984,3,0.60,0.75,140.00
2984,9,1.00,0.85,140.00
2985,7,1.80,1.65,140.00
2986,29,2.00,1.65,140.00
2986,27,1.00,1.10,140.00
2987,14,1.80,2.00,140.00
2988,32,1.00,0.75,140.00
2989,15,1.00,0.85,140.00
2990,1,0.50,0.40,140.00
2990,2,0.75,0.75,140.00
2990,9,1.00,0.95,140.00
2991,1,0.40,0.60,140.00
2992,13,2.50,1.95,140.00
2993,14,1.80,1.75,140.00
2994,1,0.40,0.40,140.00
2995,12,0.40,0.50,140.00
2995,2,0.60,0.90,140.00
2995,9,0.80,0.80,140.00
2996,1,0.40,0.35,140.00
2997,1,0.40,0.50,140.00
2997,9,0.80,1.00,140.00
2998,7,2.25,1.65,140.00
2998,1,0.50,0.45,140.00
2999,7,1.80,1.25,140.00
2999,9,0.80,0.75,140.00
3000,1,0.40,0.45,140.00
3001,37,0.80,1.10,140.00
3001,27,1.00,1.25,140.00
3002,3,0.50,0.45,140.00
3003,15,1.00,0.95,140.00
3004,1,0.40,0.30,140.00
3004,2,0.60,0.70,140.00
3005,1,0.40,0.35,140.00
3005,9,0.80,1.05,140.00
3006,4,0.30,0.40,140.00
3006,1,0.40,0.45,140.00
3007,7,1.80,2.20,140.00
3008,12,0.40,0.50,140.00
3008,32,1.00,1.30,140.00
3008,9,0.80,0.90,140.00
3009,12,0.40,0.45,140.00
3010,28,3.00,4.05,140.00
3010,9,0.80,1.00,140.00
3010,27,1.00,1.45,140.00
3011,16,3.50,2.75,140.00
3011,9,0.80,0.65,140.00
3012,7,0.00,1.10,140.00
3013,2,0.60,0.60,140.00
3014,7,1.80,1.75,140.00
3014,3,0.50,0.60,140.00
3014,32,1.00,0.90,140.00
3015,8,1.50,1.65,140.00
3015,3,0.60,0.60,140.00
3016,5,1.25,1.60,140.00
3017,1,0.40,0.30,140.00
3018,3,0.50,0.50,140.00
3019,7,1.80,1.60,140.00
3020,21,1.20,0.90,140.00
3020,32,1.00,1.05,140.00
3021,1,0.40,0.45,140.00
3021,9,0.80,0.85,140.00
3021,32,1.00,0.85,140.00
3022,1,0.40,0.30,140.00
3022,9,0.80,0.85,140.00
3023,1,0.40,0.35,140.00
3024,1,0.40,0.60,140.00
3024,32,1.00,1.25,140.00
3025,12,0.40,0.35,140.00
3025,32,1.00,0.95,140.00
3026,7,1.80,2.00,140.00
3027,21,1.20,1.50,140.00
3028,30,2.50,2.55,140.00
3028,4,0.40,0.35,140.00
3029,1,0.40,0.35,140.00
3030,11,1.50,1.95,140.00
3030,14,1.80,1.75,140.00
3030,9,0.80,1.00,140.00
3031,34,6.00,5.65,140.00
3032,2,0.60,0.75,140.00
3032,9,0.80,0.75,140.00
3033,7,1.80,2.00,140.00
3033,32,1.00,0.90,140.00
3034,7,1.80,1.60,140.00
3035,2,0.60,0.80,140.00
3036,32,1.00,1.35,140.00
3037,1,0.40,0.40,140.00
3038,22,0.80,0.90,140.00
3039,24,2.20,2.65,140.00
3039,1,0.40,0.40,140.00
3040,1,0.40,0.50,140.00
3040,4,0.30,0.30,140.00
3041,10,1.00,1.45,140.00
3041,22,0.80,0.90,140.00
3041,3,0.50,0.75,140.00
3042,12,0.40,0.45,140.00
3043,7,1.80,1.20,140.00
3044,12,0.40,0.35,140.00
3045,8,0.00,0.40,140.00
3046,6,1.20,1.10,140.00
3047,18,3.00,2.50,140.00
3048,26,0.00,0.40,140.00
3049,1,0.40,0.40,140.00
3049,32,1.00,1.10,140.00
3050,7,1.80,1.55,140.00
3050,3,0.50,0.40,140.00
3051,1,0.40,0.30,140.00
3052,12,0.50,0.40,140.00
3053,12,0.40,0.50,140.00
3054,1,0.40,0.35,140.00
3054,27,1.00,1.10,140.00
3055,3,0.50,0.50,140.00
3056,1,0.40,0.45,140.00
3057,32,1.00,0.90,140.00
3057,9,0.80,0.80,140.00
3058,7,1.80,1.60,140.00
3058,3,0.50,0.50,140.00
3058,32,1.00,0.70,140.00
3059,1,0.40,0.55,140.00
3060,4,0.30,0.25,140.00
3061,12,0.40,0.50,140.00
3061,2,0.60,0.65,140.00
3061,27,1.00,1.20,140.00
3062,15,1.00,0.75,140.00
3063,5,1.00,1.10,140.00
3063,3,0.50,0.50,140.00
3063,1,0.40,0.50,140.00
3064,24,2.20,1.85,140.00
3064,9,0.80,0.65,140.00
3065,12,0.40,0.40,140.00
3065,1,0.40,0.55,140.00
3066,25,0.65,0.55,140.00
3067,2,0.60,0.70,140.00
3068,1,0.40,0.45,140.00
3069,28,3.00,2.10,140.00
3069,27,1.00,1.00,140.00
3070,1,0.40,0.50,140.00
3070,2,0.60,0.55,140.00
3070,4,0.30,0.30,140.00
3071,2,0.60,0.60,140.00
3071,32,1.00,1.00,140.00
3071,3,0.50,0.40,140.00
3072,1,0.40,0.25,140.00
3073,2,0.60,0.55,140.00
3074,12,0.40,0.40,140.00
3074,9,0.80,0.85,140.00
3075,13,2.00,2.05,140.00
3076,1,0.50,0.50,140.00
3077,1,0.40,0.45,140.00
3078,25,0.60,0.75,140.00
3079,10,1.00,1.00,140.00
3079,30,2.00,1.35,140.00
3079,9,0.80,0.50,140.00
3079,27,1.00,0.85,140.00
3080,1,0.40,0.40,140.00
3081,1,0.40,0.40,140.00
3081,3,0.50,0.45,140.00
3082,3,0.50,0.45,140.00
3082,32,1.00,0.80,140.00
3082,1,0.40,0.30,140.00
3083,22,0.80,0.75,140.00
3084,37,0.80,0.85,140.00
3085,13,2.00,2.20,140.00
3085,27,1.00,0.70,140.00
3086,4,0.30,0.30,140.00
3087,5,1.25,1.45,140.00
3088,1,0.40,0.40,140.00
3089,1,0.40,0.40,140.00
3090,11,1.50,1.15,140.00
3090,3,0.50,0.70,140.00
3091,1,0.40,0.50,140.00
3092,5,1.00,1.30,140.00
3092,9,0.80,0.85,140.00
3093,27,1.25,1.35,140.00
3094,27,1.00,1.15,140.00
3095,12,0.40,0.40,140.00
3096,18,3.00,2.85,140.00
3096,3,0.50,0.55,140.00
3097,18,3.00,3.30,140.00
3098,1,0.40,0.30,140.00
3099,1,0.40,0.30,140.00
3100,1,0.40,0.40,140.00
3100,9,0.80,0.70,140.00
3101,7,1.80,1.80,140.00
3101,27,1.00,0.75,140.00
3102,10,1.00,0.90,140.00
3102,22,0.80,1.05,140.00
3103,1,0.40,0.30,140.00
3104,1,0.40,0.50,140.00
3105,4,0.30,0.30,140.00
3106,12,0.40,0.50,140.00
3107,12,0.40,0.40,140.00
3108,10,1.00,1.15,140.00
3108,32,1.00,0.90,140.00
3108,27,1.00,1.00,140.00
3109,1,0.40,0.45,140.00
3110,5,1.00,0.90,140.00
3110,27,1.00,1.00,140.00
3111,12,0.40,0.40,140.00
3112,7,1.80,1.60,140.00
3112,3,0.50,0.65,140.00
3113,12,0.40,0.35,140.00
3114,1,0.40,0.35,140.00
3114,27,1.00,1.10,140.00
3114,9,0.80,0.75,140.00
3115,3,0.50,0.45,140.00
3115,1,0.40,0.40,140.00
3116,1,0.40,0.45,140.00
3117,1,0.40,0.30,140.00
3118,7,1.80,1.65,140.00
3118,27,1.00,0.95,140.00
3119,2,0.60,0.65,140.00
3119,3,0.50,0.65,140.00
3119,9,0.80,0.90,140.00
3120,34,6.00,4.25,140.00
3121,15,1.00,0.85,140.00
3122,29,2.00,2.10,140.00
3123,33,3.00,2.05,140.00
3124,24,2.40,2.30,140.00
3124,27,1.10,0.95,140.00
3125,21,1.20,1.15,140.00
3125,9,0.80,0.85,140.00
3125,1,0.40,0.35,140.00
3126,28,3.00,3.25,140.00
3126,27,1.00,0.80,140.00
3127,30,2.00,1.65,140.00
3128,1,0.40,0.35,140.00
3129,1,0.50,0.55,140.00
3130,1,0.40,0.55,140.00
3130,27,1.00,0.95,140.00
3130,32,1.00,1.00,140.00
3131,30,2.00,2.10,140.00
3131,32,1.00,1.05,140.00
3132,7,1.80,1.90,140.00
3132,1,0.40,0.35,140.00
3133,1,0.40,0.35,140.00
3134,1,0.40,0.30,140.00
3135,22,0.80,0.85,140.00
3136,30,2.00,2.05,140.00
3136,32,1.00,0.95,140.00
3137,23,4.50,4.30,140.00
3137,1,0.40,0.35,140.00
3138,12,0.40,0.35,140.00
3138,4,0.30,0.30,140.00
3139,12,0.40,0.40,140.00
3140,30,2.00,3.00,140.00
3140,32,1.00,1.25,140.00
3141,26,0.80,0.85,140.00
3142,27,1.00,1.00,140.00
3142,32,1.00,0.80,140.00
3142,4,0.30,0.35,140.00
3143,5,1.00,0.80,140.00
3144,15,1.25,0.85,140.00
3144,9,1.00,1.00,140.00
3145,29,2.50,2.25,140.00
3146,7,1.80,1.75,140.00
3147,18,0.00,1.40,140.00
3148,1,0.40,0.50,140.00
3149,1,0.40,0.35,140.00
3149,32,1.00,1.10,140.00
3150,20,1.20,0.80,140.00
3151,6,1.20,1.45,140.00
3151,4,0.30,0.40,140.00
3151,27,1.00,1.35,140.00
3152,9,0.80,0.85,140.00
3153,13,2.00,2.30,140.00
3154,8,1.20,1.00,140.00
3155,6,1.20,1.00,140.00
3156,27,1.00,0.85,140.00
3157,7,1.80,1.30,140.00
3158,8,1.20,1.80,140.00
3158,4,0.30,0.35,140.00
3159,2,0.60,0.65,140.00
3159,1,0.40,0.50,140.00
3159,32,1.00,0.90,140.00
3160,29,2.00,2.20,140.00
3160,4,0.30,0.25,140.00
3160,27,1.00,0.80,140.00
3161,5,1.00,1.15,140.00
3162,3,0.50,0.70,140.00
3163,2,0.60,0.65,140.00
3164,32,1.00,1.10,140.00
3164,2,0.60,0.65,140.00
3164,27,1.00,1.10,140.00
3165,4,0.30,0.25,140.00
3165,9,0.80,0.80,140.00
3166,1,0.40,0.40,140.00
3166,4,0.30,0.30,140.00
3167,8,1.20,1.25,140.00
3168,22,0.80,0.65,140.00
3169,1,0.40,0.40,140.00
3169,4,0.30,0.25,140.00
3170,27,1.00,1.45,140.00
3170,32,1.00,1.25,140.00
3171,7,1.80,1.45,140.00
3172,25,0.60,0.85,140.00
3172,32,1.00,1.45,140.00
3173,26,0.80,0.60,140.00
3173,4,0.30,0.25,140.00
3174,9,0.80,1.00,140.00
3175,15,1.00,0.90,140.00
3176,13,2.00,1.75,140.00
3176,9,0.80,0.80,140.00
3177,24,2.20,1.65,140.00
3177,3,0.50,0.45,140.00
3178,12,0.40,0.40,140.00
3178,27,1.00,1.00,140.00
3179,27,1.00,1.00,140.00
3179,32,1.00,1.15,140.00
3180,1,0.40,0.50,140.00
3181,25,0.60,0.75,140.00
3182,1,0.40,0.45,140.00
3183,1,0.40,0.45,140.00
3184,8,1.20,1.45,140.00
3185,10,1.00,1.35,140.00
3185,20,1.20,1.45,140.00
3185,9,0.80,0.90,140.00
3185,1,0.40,0.50,140.00
3186,10,1.00,0.80,140.00
3186,26,0.80,0.75,140.00
3187,18,3.00,1.70,140.00
3187,4,0.30,0.20,140.00
3188,1,0.45,0.30,140.00
3188,32,1.10,1.30,140.00
3189,1,0.40,0.45,140.00
3190,14,1.80,1.60,140.00
3191,1,0.40,0.45,140.00
3191,27,1.00,1.15,140.00
3192,1,0.40,0.55,140.00
3193,1,0.40,0.40,140.00
3193,9,0.80,0.90,140.00
3194,8,1.20,0.95,140.00
3195,1,0.50,0.55,140.00
3195,32,1.25,1.05,140.00
3196,1,0.40,0.35,140.00
3196,4,0.30,0.30,140.00
3197,1,0.40,0.55,140.00
3198,25,0.60,0.50,140.00
3199,1,0.50,0.45,140.00
3200,1,0.40,0.35,140.00
3201,32,1.00,0.95,140.00
3202,2,0.60,0.70,140.00
3203,24,2.20,1.95,140.00
3204,1,0.50,0.45,140.00
3204,3,0.60,0.50,140.00
3204,27,1.25,1.40,140.00
3205,4,0.30,0.40,140.00
3206,1,0.40,0.35,140.00
3206,27,1.00,1.40,140.00
3206,3,0.50,0.75,140.00
3207,1,0.40,0.30,140.00
3208,10,1.00,1.05,140.00
3208,30,2.00,2.15,140.00
3208,4,0.30,0.20,140.00
3209,7,1.80,1.20,140.00
3209,32,1.00,0.90,140.00
3210,10,1.00,1.20,140.00
3210,32,1.00,1.15,140.00
3211,7,1.80,2.10,140.00
3212,7,2.25,2.20,140.00
3213,1,0.40,0.45,140.00
3214,32,1.00,1.30,140.00
3215,1,0.40,0.45,140.00
3216,37,0.80,0.75,140.00
3216,27,1.00,1.15,140.00
3217,10,1.25,1.25,140.00
3218,8,1.20,1.40,140.00
3218,32,1.00,1.35,140.00
3219,8,1.20,2.05,140.00
3220,2,0.75,0.70,140.00
3221,1,0.40,0.35,140.00
3222,27,1.00,1.25,140.00
3223,26,0.80,0.90,140.00
3223,4,0.30,0.35,140.00
3223,3,0.50,0.40,140.00
3224,10,0.00,0.55,140.00
3225,32,1.00,0.95,140.00
3225,1,0.40,0.45,140.00
3226,29,2.00,2.00,140.00
3226,3,0.50,0.45,140.00
3226,27,1.00,0.90,140.00
3227,15,1.00,0.80,140.00
3228,7,1.80,2.15,140.00
3228,2,0.60,0.70,140.00
3229,10,1.00,0.95,140.00
3229,24,2.20,2.20,140.00
3230,1,0.40,0.50,140.00
3231,1,0.40,0.65,140.00
3232,8,0.00,0.45,140.00
3233,2,0.60,0.50,140.00
3234,8,1.20,1.30,140.00
3235,7,2.25,2.55,140.00
3235,3,0.60,0.60,140.00
3235,1,0.50,0.60,140.00
3236,7,1.80,1.65,140.00
3237,6,1.20,1.25,140.00
3238,1,0.40,0.45,140.00
3238,4,0.30,0.35,140.00
3239,14,1.80,1.65,140.00
3240,1,0.40,0.45,140.00
3240,2,0.60,0.65,140.00
3241,1,0.40,0.35,140.00
3242,13,2.00,2.15,140.00
3243,21,1.20,1.30,140.00
3244,7,1.80,1.75,140.00
3244,32,1.00,0.90,140.00
3245,1,0.40,0.40,140.00
3245,9,0.80,0.85,140.00
3245,2,0.60,0.55,140.00
3246,6,1.20,1.35,140.00
3246,2,0.60,0.75,140.00
3247,20,1.20,1.45,140.00
3248,15,1.00,0.95,140.00
3249,1,0.40,0.50,140.00
3250,26,0.80,1.55,140.00
3251,3,0.50,0.40,140.00
3251,9,0.80,0.80,140.00
3252,2,0.60,0.45,140.00
3253,1,0.40,0.35,140.00
3254,1,0.40,0.35,140.00
3255,1,0.40,0.40,140.00
3256,8,1.30,1.05,140.00
3256,1,0.45,0.50,140.00
3257,1,0.50,0.55,140.00
3258,30,0.00,1.15,140.00
3259,1,0.50,0.60,140.00
3259,4,0.40,0.30,140.00
3259,9,1.00,0.90,140.00
3260,37,0.80,0.95,140.00
3260,4,0.30,0.30,140.00
3260,27,1.00,1.00,140.00
3261,4,0.30,0.45,140.00
3261,9,0.80,1.15,140.00
3262,1,0.40,0.30,140.00
3263,10,1.00,1.25,140.00
3263,32,1.00,1.35,140.00
3263,9,0.80,1.05,140.00
3264,5,1.00,1.10,140.00
3265,2,0.60,0.45,140.00
3265,9,0.80,0.65,140.00
3266,1,0.40,0.35,140.00
3267,1,0.40,0.55,140.00
3268,1,0.40,0.45,140.00
3268,2,0.60,0.55,140.00
3269,28,3.00,2.85,140.00
3269,27,1.00,0.90,140.00
3270,1,0.40,0.50,140.00
3271,8,1.50,1.55,140.00
3272,1,0.50,0.45,140.00
3273,7,1.80,1.60,140.00
3274,22,0.80,0.90,140.00
3274,3,0.50,0.50,140.00
3275,19,2.50,2.30,140.00
3276,12,0.40,0.35,140.00
3277,1,0.40,0.35,140.00
3277,4,0.30,0.30,140.00
3278,26,0.80,0.65,140.00
3278,9,0.80,0.60,140.00
3279,26,0.80,0.65,140.00
3279,3,0.50,0.50,140.00
3280,4,0.30,0.25,140.00
3281,10,1.00,0.85,140.00
3281,32,1.00,0.95,140.00
3282,1,0.40,0.35,140.00
3283,7,1.80,1.55,140.00
3283,32,1.00,0.85,140.00
3284,27,1.25,1.05,140.00
3285,8,1.20,1.10,140.00
3285,1,0.40,0.35,140.00
3285,4,0.30,0.25,140.00
3286,22,0.80,0.65,140.00
3287,1,0.50,0.60,140.00
3288,7,1.80,1.35,140.00
3289,3,0.50,0.45,140.00
3290,12,0.50,0.65,140.00
3290,1,0.50,0.40,140.00
3290,3,0.60,0.65,140.00
3291,12,0.40,0.45,140.00
3291,4,0.30,0.30,140.00
3292,7,1.80,1.85,140.00
3293,26,0.80,0.85,140.00
3294,32,1.00,1.10,140.00
3295,15,1.00,1.15,140.00
3296,1,0.40,0.35,140.00
3297,1,0.40,0.45,140.00
3298,7,1.80,2.00,140.00
3299,22,0.80,0.85,140.00
3300,7,1.80,1.85,140.00
3301,7,1.80,1.35,140.00
3302,2,0.65,0.70,140.00
3302,4,0.35,0.30,140.00
3303,3,0.50,0.45,140.00
3303,1,0.40,0.40,140.00
3303,32,1.00,0.85,140.00
3304,1,0.45,0.40,140.00
3305,12,0.40,0.45,140.00
3306,13,2.00,1.80,140.00
3307,5,1.00,1.00,140.00
3307,9,0.80,0.90,140.00
3308,13,2.00,2.20,140.00
3309,1,0.40,0.40,140.00
3309,3,0.50,0.50,140.00
3309,32,1.00,1.00,140.00
3310,9,0.80,0.75,140.00
3311,28,0.00,1.00,140.00
3312,10,1.00,1.05,140.00
3312,32,1.00,0.90,140.00
3313,15,1.00,0.95,140.00
3314,12,0.40,0.40,140.00
3314,27,1.00,0.95,140.00
3315,1,0.40,0.40,140.00
3315,32,1.00,1.00,140.00
3316,34,6.00,4.45,140.00
3316,32,1.00,1.05,140.00
3316,1,0.40,0.35,140.00
3317,7,1.80,1.90,140.00
3317,2,0.60,0.70,140.00
3318,1,0.40,0.40,140.00
3319,7,1.80,1.55,140.00
3319,1,0.40,0.45,140.00
3320,1,0.40,0.35,140.00
3320,9,0.80,0.85,140.00
3320,27,1.00,0.95,140.00
3321,15,1.00,1.05,140.00
3321,27,1.00,0.85,140.00
3321,32,1.00,0.85,140.00
3322,4,0.30,0.35,140.00
3322,2,0.60,0.65,140.00
3323,1,0.40,0.40,140.00
3324,7,1.80,1.75,140.00
3325,3,0.50,0.60,140.00
3326,33,3.00,2.85,140.00
3327,1,0.40,0.40,140.00
3328,5,1.00,1.45,140.00
3329,4,0.30,0.25,140.00
3330,15,1.00,0.80,140.00
3330,32,1.00,0.90,140.00
3331,21,1.20,0.95,140.00
3331,3,0.50,0.55,140.00
3331,27,1.00,0.60,140.00
3332,11,1.50,1.10,140.00
3332,12,0.40,0.40,140.00
3333,2,0.75,0.65,140.00
3334,28,3.00,3.30,140.00
3334,27,1.00,0.85,140.00
3335,1,0.40,0.45,140.00
3335,32,1.00,1.05,140.00
3336,19,2.50,2.20,140.00
3337,1,0.40,0.55,140.00
3337,4,0.30,0.30,140.00
3338,4,0.30,0.30,140.00
3339,1,0.40,0.45,140.00
3340,33,3.00,2.30,140.00
3341,1,0.40,0.45,140.00
3342,10,1.00,1.10,140.00
3342,22,0.80,0.70,140.00
3342,9,0.80,0.85,140.00
3342,1,0.40,0.40,140.00
3343,4,0.30,0.30,140.00
3343,3,0.50,0.40,140.00
3344,1,0.40,0.50,140.00
3345,6,1.20,1.10,140.00
3346,30,0.00,1.70,140.00
3347,18,3.00,2.35,140.00
3348,30,2.00,1.95,140.00
3348,2,0.60,0.70,140.00
3348,3,0.50,0.65,140.00
3349,3,0.50,0.40,140.00
3349,32,1.00,0.95,140.00
3350,7,1.80,1.80,140.00
3350,27,1.00,1.15,140.00
3351,16,3.50,3.20,140.00
3352,20,1.20,0.75,140.00
3353,1,0.50,0.55,140.00
3353,3,0.60,0.50,140.00
3353,4,0.40,0.50,140.00
3354,2,0.60,1.00,140.00
3355,1,0.40,0.30,140.00
3356,15,1.00,1.25,140.00
3357,6,1.20,1.40,140.00
3357,3,0.50,0.55,140.00
3357,2,0.60,0.70,140.00
3358,22,0.80,0.85,140.00
3358,1,0.40,0.25,140.00
3358,9,0.80,0.65,140.00
3359,1,0.40,0.35,140.00
3359,27,1.00,0.80,140.00
3360,7,1.80,1.35,140.00
3360,1,0.40,0.35,140.00
3361,7,1.80,1.45,140.00
3362,1,0.40,0.45,140.00
3363,12,0.40,0.40,140.00
3363,1,0.40,0.35,140.00
3364,1,0.40,0.30,140.00
3365,9,0.80,0.85,140.00
3366,22,0.80,1.10,140.00
3367,7,1.80,2.10,140.00
3368,1,0.40,0.35,140.00
3369,8,1.20,0.85,140.00
3370,1,0.40,0.40,140.00
3371,38,2.50,2.15,140.00
3372,8,1.20,1.15,140.00
3373,5,1.00,1.05,140.00
3373,32,1.00,1.60,140.00
3374,21,1.20,1.15,140.00
3375,27,1.25,1.30,140.00
3375,9,1.00,1.35,140.00
3376,5,1.00,0.95,140.00
3377,6,1.20,1.45,140.00
3378,2,0.60,0.75,140.00
3378,4,0.30,0.40,140.00
3379,4,0.30,0.35,140.00
3380,22,0.80,0.65,140.00
3381,1,0.40,0.40,140.00
3382,18,3.00,2.55,140.00
3382,9,0.80,0.80,140.00
3383,8,1.20,1.40,140.00
3384,10,1.00,1.00,140.00
3384,24,2.20,1.55,140.00
3384,2,0.60,0.60,140.00
3385,6,1.20,1.65,140.00
3385,2,0.60,0.95,140.00
3386,1,0.40,0.25,140.00
3387,33,0.00,0.70,140.00
3388,1,0.40,0.35,140.00
3388,9,0.80,0.75,140.00
3389,4,0.30,0.40,140.00
3389,32,1.00,1.25,140.00
3389,2,0.60,0.75,140.00
3390,8,1.20,1.45,140.00
3391,2,0.60,0.60,140.00
3392,1,0.40,0.45,140.00
3393,31,1.20,1.35,140.00
3394,6,1.20,1.95,140.00
3395,10,1.00,0.80,140.00
3395,32,1.00,0.85,140.00
3396,7,1.80,2.10,140.00
3397,5,1.00,1.50,140.00
3397,32,1.00,1.40,140.00
3398,19,2.50,1.95,140.00
3399,38,2.50,2.45,140.00
3399,2,0.60,0.70,140.00
3400,9,0.80,0.80,140.00
3400,4,0.30,0.35,140.00
3401,32,1.00,1.20,140.00
3401,4,0.30,0.25,140.00
3402,1,0.40,0.40,140.00
3403,27,1.00,1.35,140.00
3404,1,0.40,0.40,140.00
3404,4,0.30,0.40,140.00
3404,27,1.00,0.90,140.00
3405,15,1.00,1.05,140.00
3406,31,1.20,1.45,140.00
3407,1,0.40,0.30,140.00
3407,27,1.00,0.85,140.00
3408,1,0.40,0.40,140.00
3409,11,1.50,0.95,140.00
3409,14,1.80,1.60,140.00
3409,27,1.00,0.80,140.00
3410,1,0.40,0.45,140.00
3410,3,0.50,0.40,140.00
3411,10,1.00,1.45,140.00
3411,20,1.20,1.40,140.00
3412,7,1.80,2.05,140.00
3412,27,1.00,1.15,140.00
3413,1,0.40,0.30,140.00
3413,27,1.00,1.10,140.00
3414,8,1.20,1.00,140.00
3415,1,0.40,0.35,140.00
3416,7,1.80,2.10,140.00
3417,1,0.40,0.35,140.00
3417,27,1.00,1.25,140.00
3418,28,3.00,3.65,140.00
3418,27,1.00,1.30,140.00
3419,8,1.20,1.15,140.00
3419,9,0.80,0.70,140.00
3420,1,0.40,0.45,140.00
3420,3,0.50,0.65,140.00
3421,19,2.50,2.20,140.00
3422,8,1.20,1.25,140.00
3423,31,1.20,1.10,140.00
3424,2,0.60,0.55,140.00
3424,1,0.40,0.35,140.00
3425,21,1.20,1.75,140.00
3426,11,1.50,1.30,140.00
3427,1,0.40,0.35,140.00
3427,27,1.00,1.10,140.00
3428,8,1.20,1.30,140.00
3429,1,0.40,0.40,140.00
3430,27,1.00,1.25,140.00
3431,22,0.80,0.75,140.00
3432,38,2.50,1.75,140.00
3433,6,1.20,1.85,140.00
3433,9,0.80,0.90,140.00
3434,7,1.80,1.30,140.00
3435,21,1.20,1.10,140.00
3435,27,1.00,0.80,140.00
3436,1,0.40,0.35,140.00
3436,32,1.00,1.00,140.00
3437,10,1.00,0.80,140.00
3437,20,1.20,1.60,140.00
3438,1,0.40,0.50,140.00
3438,2,0.60,0.50,140.00
3439,12,0.40,0.50,140.00
3439,9,0.80,0.85,140.00
3440,32,1.00,1.15,140.00
3440,9,0.80,0.60,140.00
3440,4,0.30,0.30,140.00
3441,24,2.20,1.90,140.00
3441,32,1.00,0.90,140.00
3442,5,1.00,1.20,140.00
3443,12,0.40,0.70,140.00
3443,1,0.40,0.40,140.00
3444,10,1.00,1.00,140.00
3444,21,1.20,0.85,140.00
3445,1,0.40,0.45,140.00
3446,8,1.20,1.10,140.00
3447,1,0.40,0.50,140.00
3448,9,0.80,1.00,140.00
3449,1,0.40,0.50,140.00
3450,6,1.50,1.60,140.00
3450,9,1.00,1.40,140.00
3451,1,0.40,0.25,140.00
3451,4,0.30,0.25,140.00
3451,3,0.50,0.40,140.00
3452,32,1.00,0.70,140.00
3452,27,1.00,1.15,140.00
3453,10,1.00,1.05,140.00
3453,22,0.80,0.75,140.00
3454,1,0.40,0.40,140.00
3454,32,1.00,1.40,140.00
3454,3,0.50,0.40,140.00
3455,2,0.60,0.85,140.00
3455,9,0.80,0.70,140.00
3455,4,0.30,0.30,140.00
3456,11,1.90,1.85,140.00
3457,1,0.40,0.40,140.00
3458,7,1.80,1.15,140.00
3459,28,3.30,4.30,140.00
3459,27,1.10,0.75,140.00
3460,1,0.40,0.45,140.00
3460,4,0.30,0.25,140.00
3460,3,0.50,0.70,140.00
3461,27,1.00,1.30,140.00
3461,9,0.80,0.80,140.00
3462,1,0.40,0.40,140.00
3462,3,0.50,0.50,140.00
3462,32,1.00,0.80,140.00
3463,1,0.40,0.40,140.00
3464,1,0.40,0.35,140.00
3465,1,0.40,0.45,140.00
3466,12,0.40,0.50,140.00
3467,22,0.80,0.95,140.00
3467,2,0.60,0.85,140.00
3468,24,2.20,1.75,140.00
3469,1,0.40,0.35,140.00
3469,9,0.80,0.85,140.00
3470,12,0.40,0.50,140.00
3471,13,2.00,1.75,140.00
3471,27,1.00,1.00,140.00
3472,1,0.40,0.40,140.00
3473,22,0.80,0.70,140.00
3473,4,0.30,0.35,140.00
3474,1,0.40,0.35,140.00
3475,7,1.80,1.20,140.00
3476,12,0.40,0.40,140.00
3476,9,0.80,0.95,140.00
3476,3,0.50,0.70,140.00
3477,13,0.00,1.05,140.00
3478,1,0.40,0.40,140.00
3479,1,0.40,0.40,140.00
3480,1,0.40,0.35,140.00
3480,3,0.50,0.65,140.00
3481,1,0.40,0.50,140.00
3481,4,0.30,0.30,140.00
3481,9,0.80,1.20,140.00
3482,22,0.80,0.80,140.00
3483,1,0.40,0.25,140.00
3484,10,1.00,0.95,140.00
3485,13,2.00,1.60,140.00
3486,8,1.20,0.80,140.00
3487,25,0.60,0.55,140.00
3487,1,0.40,0.45,140.00
3488,2,0.60,0.55,140.00
3488,3,0.50,0.45,140.00
3489,10,1.00,1.05,140.00
3489,22,0.80,0.75,140.00
3489,32,1.00,1.05,140.00
3489,2,0.60,0.55,140.00
3490,3,0.50,0.70,140.00
3491,7,1.80,1.80,140.00
3492,4,0.30,0.30,140.00
3493,4,0.30,0.30,140.00
3494,13,2.00,2.00,140.00
3494,32,1.00,1.35,140.00
3494,27,1.00,0.90,140.00
3495,12,0.00,0.15,140.00
3496,15,1.25,1.40,140.00
3497,8,1.20,1.10,140.00
3498,12,0.40,0.35,140.00
3499,25,0.60,0.65,140.00
3500,22,0.80,0.80,140.00
3501,28,0.00,1.60,140.00
3502,10,1.00,0.95,140.00
3502,30,2.00,1.95,140.00
3503,8,1.50,1.95,140.00
3504,15,1.00,1.35,140.00
3504,2,0.60,0.80,140.00
3504,4,0.30,0.25,140.00
3505,1,0.40,0.50,140.00
3505,27,1.00,1.35,140.00
3506,18,3.00,2.15,140.00
3506,9,0.80,0.75,140.00
3507,1,0.40,0.30,140.00
3507,27,1.00,0.75,140.00
3508,8,1.20,1.40,140.00
3509,15,1.00,1.05,140.00
3510,1,0.40,0.45,140.00
3511,11,1.50,1.70,140.00
3511,12,0.40,0.35,140.00
3512,8,1.20,2.00,140.00
3513,16,3.50,2.65,140.00
3513,27,1.00,0.85,140.00
3514,7,2.25,2.20,140.00
3515,10,1.00,1.10,140.00
3515,26,0.80,1.00,140.00
3516,7,1.80,1.60,140.00
3516,32,1.00,1.25,140.00
3517,6,1.20,1.75,140.00
3518,23,4.50,4.25,140.00
3519,21,1.20,1.40,140.00
3519,1,0.40,0.55,140.00
3520,33,3.75,3.20,140.00
3520,32,1.25,1.05,140.00
3521,1,0.40,0.35,140.00
3522,8,1.20,1.20,140.00
3522,27,1.00,1.05,140.00
3523,10,1.00,0.80,140.00
3523,2,0.60,0.55,140.00
3524,1,0.40,0.50,140.00
3525,2,0.60,0.75,140.00
3525,27,1.00,1.05,140.00
3526,7,1.80,1.90,140.00
3526,27,1.00,0.85,140.00
3527,22,0.80,1.00,140.00
3528,31,1.20,0.95,140.00
3528,9,0.80,0.80,140.00
3529,15,1.00,1.15,140.00
3530,6,1.20,1.60,140.00
3530,9,0.80,0.65,140.00
3531,2,0.60,0.65,140.00
3532,2,0.60,0.70,140.00
3532,4,0.30,0.35,140.00
3533,37,0.80,1.10,140.00
3533,27,1.00,1.20,140.00
3534,2,0.60,0.85,140.00
3535,1,0.40,0.45,140.00
3535,2,0.60,0.90,140.00
3536,3,0.50,0.65,140.00
3537,1,0.40,0.50,140.00
3537,32,1.00,1.20,140.00
3538,13,2.00,1.60,140.00
3539,1,0.40,0.45,140.00
3539,27,1.00,1.40,140.00
3540,15,1.00,1.10,140.00
3541,1,0.40,0.50,140.00
3541,9,0.80,1.05,140.00
3542,11,1.50,1.25,140.00
3542,12,0.40,0.35,140.00
3543,7,1.80,1.85,140.00
3544,1,0.40,0.40,140.00
3545,38,2.50,1.55,140.00
3545,4,0.30,0.25,140.00
3546,1,0.40,0.50,140.00
3546,27,1.00,1.55,140.00
3547,37,0.80,1.20,140.00
3547,27,1.00,1.50,140.00
3548,13,2.50,2.40,140.00
3548,27,1.25,1.00,140.00
3549,4,0.30,0.25,140.00
3550,7,1.80,1.75,140.00
3551,6,1.30,1.05,140.00
3552,12,0.40,0.45,140.00
3552,32,1.00,1.05,140.00
3553,1,0.40,0.30,140.00
3554,10,1.00,1.25,140.00
3554,21,1.20,1.25,140.00
3555,1,0.50,0.70,140.00
3555,4,0.40,0.40,140.00
3556,22,0.80,0.95,140.00
3557,4,0.30,0.50,140.00
3558,28,3.00,2.40,140.00
3558,4,0.30,0.25,140.00
3558,1,0.40,0.40,140.00
3558,27,1.00,1.05,140.00
3559,27,1.00,1.45,140.00
3559,2,0.60,0.50,140.00
3560,25,0.60,0.55,140.00
3561,1,0.40,0.30,140.00
3561,9,0.80,0.70,140.00
3562,1,0.40,0.55,140.00
3563,12,0.00,0.15,140.00
3564,12,0.40,0.45,140.00
3564,3,0.50,0.65,140.00
3565,7,1.80,1.45,140.00
3565,4,0.30,0.30,140.00
3566,8,1.20,1.15,140.00
3567,3,0.50,0.45,140.00
3567,27,1.00,1.25,140.00
3568,23,4.50,5.20,140.00
3568,4,0.30,0.30,140.00
3569,7,1.80,1.50,140.00
3569,27,1.00,1.20,140.00
3570,22,0.80,0.70,140.00
3571,22,0.80,1.00,140.00
3572,2,0.60,0.75,140.00
3572,3,0.50,0.50,140.00
3573,7,1.80,1.70,140.00
3574,6,1.20,1.05,140.00
3575,24,2.20,2.65,140.00
3576,10,1.00,0.80,140.00
3576,22,0.80,1.35,140.00
3577,1,0.40,0.50,140.00
3578,11,1.50,1.60,140.00
3579,15,1.00,1.05,140.00
3580,19,2.50,2.80,140.00
3581,4,0.30,0.45,140.00
3582,1,0.40,0.35,140.00
3582,9,0.80,0.80,140.00
3582,32,1.00,0.70,140.00
3583,28,3.00,2.75,140.00
3583,27,1.00,0.90,140.00
3584,2,0.60,0.55,140.00
3585,36,2.00,1.70,140.00
3586,9,0.80,0.60,140.00
3587,1,0.40,0.35,140.00
3588,19,2.50,2.50,140.00
3589,5,1.00,1.10,140.00
3590,26,1.00,1.05,140.00
3590,27,1.25,1.35,140.00
3591,1,0.40,0.50,140.00
3592,10,1.00,1.00,140.00
3592,32,1.00,1.15,140.00
3593,1,0.40,0.50,140.00
3594,1,0.40,0.40,140.00
3595,11,1.50,1.70,140.00
3596,34,6.00,5.10,140.00
3597,8,1.30,0.90,140.00
3598,26,0.80,0.90,140.00
3599,21,1.20,1.05,140.00
3599,1,0.40,0.45,140.00
3600,7,1.80,1.65,140.00
3601,36,2.00,1.55,140.00
3602,1,0.40,0.30,140.00
3602,2,0.60,0.50,140.00
3603,15,1.00,0.85,140.00
3604,32,1.00,0.95,140.00
3605,1,0.40,0.30,140.00
3606,2,0.60,0.80,140.00
3607,21,1.20,0.80,140.00
3608,29,2.00,2.05,140.00
3608,27,1.00,1.60,140.00
3609,3,0.50,0.45,140.00
3609,27,1.00,0.80,140.00
3610,8,1.20,1.30,140.00
3610,2,0.60,0.65,140.00
3611,34,6.00,5.75,140.00
3611,3,0.50,0.30,140.00
3612,28,3.75,4.55,140.00
3612,27,1.25,1.35,140.00
3613,10,1.00,1.30,140.00
3614,23,4.50,4.80,140.00
3614,1,0.40,0.40,140.00
3615,25,0.60,0.75,140.00
3616,22,0.80,0.75,140.00
3617,10,1.00,0.85,140.00
3617,26,0.80,1.05,140.00
3618,10,1.25,1.45,140.00
3619,27,1.00,0.85,140.00
3620,8,1.20,1.20,140.00
3621,2,0.60,0.60,140.00
3621,27,1.00,1.50,140.00
3622,28,3.00,2.90,140.00
3622,32,1.00,1.10,140.00
3622,27,1.00,0.75,140.00
3623,21,1.20,1.45,140.00
3624,1,0.40,0.50,140.00
3625,7,1.80,2.05,140.00
3625,2,0.60,0.50,140.00
3626,1,0.40,0.45,140.00
3627,1,0.40,0.50,140.00
3628,24,2.20,3.70,140.00
3629,19,0.00,0.80,140.00
3630,7,1.80,1.75,140.00
3631,21,1.50,2.40,140.00
3632,7,2.25,1.95,140.00
3633,6,1.20,1.40,140.00
3634,3,0.50,0.40,140.00
3635,13,0.00,1.40,140.00
3636,1,0.40,0.35,140.00
3637,9,0.80,0.65,140.00
3637,2,0.60,0.65,140.00
3638,3,0.50,0.65,140.00
3639,1,0.45,0.45,140.00
3640,25,0.00,0.45,140.00
3641,7,1.80,1.60,140.00
3642,7,1.80,1.75,140.00
3643,35,10.00,8.60,140.00
3644,4,0.30,0.40,140.00
3644,32,1.00,1.00,140.00
3645,7,1.80,1.80,140.00
3645,3,0.50,0.50,140.00
3646,11,1.50,1.70,140.00
3646,13,2.00,2.60,140.00
3647,4,0.30,0.20,140.00
3648,6,1.20,1.25,140.00
3649,4,0.30,0.35,140.00
3650,2,0.60,0.45,140.00
3650,27,1.00,1.10,140.00
3651,33,3.00,2.20,140.00
3652,7,1.80,1.35,140.00
3653,7,1.80,1.55,140.00
3654,18,3.00,2.50,140.00
3654,9,0.80,0.75,140.00
3654,32,1.00,0.85,140.00
3655,11,1.50,1.15,140.00
3655,14,1.80,1.45,140.00
3655,27,1.00,0.85,140.00
3655,3,0.50,0.45,140.00
3656,8,1.20,1.00,140.00
3656,9,0.80,0.80,140.00
3657,19,2.50,2.75,140.00
3658,22,0.80,0.65,140.00
3659,8,1.20,1.60,140.00
3659,1,0.40,0.55,140.00
3660,7,1.80,1.75,140.00
3660,2,0.60,0.70,140.00
3660,1,0.40,0.45,140.00
3661,7,1.80,1.75,140.00
3662,1,0.40,0.40,140.00
3662,4,0.30,0.30,140.00
3663,1,0.40,0.30,140.00
3664,12,0.40,0.40,140.00
3665,2,0.60,0.60,140.00
3666,25,0.00,0.40,140.00
3667,1,0.40,0.40,140.00
3668,21,1.20,1.00,140.00
3669,22,0.80,0.90,140.00
3670,12,0.40,0.45,140.00
3671,8,0.00,0.90,140.00
3672,12,0.40,0.70,140.00
3672,3,0.50,0.50,140.00
3673,27,1.00,1.35,140.00
3673,1,0.40,0.45,140.00
3673,2,0.60,0.80,140.00
3674,7,1.80,2.25,140.00
3675,1,0.40,0.40,140.00
3676,28,3.00,2.75,140.00
3676,27,1.00,1.30,140.00
3677,12,0.40,0.35,140.00
3678,31,1.20,1.20,140.00
3678,2,0.60,0.55,140.00
3679,1,0.50,0.40,140.00
3680,3,0.50,0.35,140.00
3681,8,1.20,0.90,140.00
3681,1,0.40,0.35,140.00
3682,1,0.50,0.70,140.00
3683,12,0.40,0.30,140.00
3684,4,0.40,0.40,140.00
3685,1,0.40,0.35,140.00
3685,32,1.00,0.90,140.00
3686,1,0.40,0.30,140.00
3686,27,1.00,0.65,140.00
3686,9,0.80,0.75,140.00
3687,1,0.40,0.40,140.00
3688,1,0.40,0.35,140.00
3689,1,0.40,0.40,140.00
3689,2,0.60,0.50,140.00
3690,24,2.20,1.70,140.00
3690,4,0.30,0.30,140.00
3690,27,1.00,1.15,140.00
3691,36,2.00,2.35,140.00
3692,1,0.40,0.30,140.00
3693,1,0.45,0.50,140.00
3694,3,0.50,0.70,140.00
3694,2,0.60,0.75,140.00
3695,1,0.40,0.35,140.00
3696,7,2.00,1.45,140.00
3697,10,1.00,1.50,140.00
3698,7,1.80,1.60,140.00
3698,2,0.60,0.50,140.00
3699,9,0.80,0.90,140.00
3700,10,1.00,1.15,140.00
3700,22,0.80,0.95,140.00
3701,9,0.80,0.95,140.00
3701,2,0.60,0.60,140.00
3702,1,0.40,0.40,140.00
3703,1,0.40,0.45,140.00
3704,1,0.40,0.70,140.00
3704,4,0.30,0.35,140.00
3705,7,1.80,1.45,140.00
3706,21,0.00,0.35,140.00
3707,15,1.00,0.90,140.00
3707,9,0.80,0.75,140.00
3708,1,0.40,0.30,140.00
3708,2,0.60,0.50,140.00
3709,1,0.40,0.35,140.00
3709,4,0.30,0.30,140.00
3710,1,0.40,0.35,140.00
3711,1,0.40,0.45,140.00
3712,2,0.60,0.70,140.00
3712,3,0.50,0.60,140.00
3712,9,0.80,0.70,140.00
3713,23,4.50,5.25,140.00
3714,13,2.00,1.05,140.00
3715,23,4.50,5.15,140.00
3715,4,0.30,0.30,140.00
3716,7,1.80,1.70,140.00
3716,9,0.80,0.90,140.00
3717,1,0.40,0.50,140.00
3718,30,2.00,1.80,140.00
3719,13,2.00,2.55,140.00
3719,4,0.30,0.35,140.00
3719,2,0.60,0.60,140.00
3720,7,1.80,1.60,140.00
3720,1,0.40,0.50,140.00
3721,1,0.40,0.40,140.00
3722,3,0.50,0.45,140.00
3723,21,1.20,1.70,140.00
3723,4,0.30,0.35,140.00
3724,8,1.50,2.10,140.00
3724,1,0.50,0.55,140.00
3725,8,1.20,1.00,140.00
3726,1,0.40,0.45,140.00
3727,1,0.40,0.30,140.00
3728,3,0.50,0.35,140.00
3729,7,1.80,1.40,140.00
3730,12,0.40,0.35,140.00
3731,2,0.60,0.80,140.00
3732,2,0.60,0.70,140.00
3733,8,1.20,1.10,140.00
3733,32,1.00,0.90,140.00
3734,7,1.80,1.40,140.00
3735,37,0.80,0.90,140.00
3736,20,1.20,0.85,140.00
3736,3,0.50,0.35,140.00
3737,8,1.20,1.55,140.00
3738,1,0.40,0.45,140.00
3738,9,0.80,0.65,140.00
3739,10,1.00,1.25,140.00
3739,21,1.20,1.20,140.00
3740,5,1.00,0.85,140.00
3740,1,0.40,0.35,140.00
3741,27,1.00,1.20,140.00
3742,29,2.00,2.30,140.00
3742,27,1.00,1.15,140.00
3743,7,1.80,1.65,140.00
3744,1,0.40,0.30,140.00
3745,9,0.80,1.30,140.00
3745,27,1.00,1.35,140.00
3746,1,0.40,0.60,140.00
3746,32,1.00,1.30,140.00
3746,27,1.00,1.15,140.00
3747,12,0.40,0.40,140.00
3748,1,0.40,0.40,140.00
3748,9,0.80,1.05,140.00
3749,2,0.60,0.55,140.00
3750,8,1.20,1.10,140.00
3751,1,0.40,0.40,140.00
3752,1,0.40,0.50,140.00
3753,10,1.00,1.00,140.00
3754,8,1.20,1.10,140.00
3755,6,1.20,1.45,140.00
3755,9,0.80,0.75,140.00
3756,21,0.00,0.45,140.00
3757,23,4.50,5.10,140.00
3757,4,0.30,0.25,140.00
3758,12,0.40,0.50,140.00
3759,6,1.20,1.00,140.00
3759,4,0.30,0.30,140.00
3760,21,1.20,1.20,140.00
3761,1,0.50,0.55,140.00
3762,26,0.80,0.90,140.00
3763,32,1.00,1.00,140.00
3764,38,2.50,2.25,140.00
3765,14,1.80,2.05,140.00
3765,9,0.80,0.80,140.00
3766,12,0.40,0.35,140.00
3767,12,0.40,0.40,140.00
3768,1,0.40,0.35,140.00
3769,1,0.40,0.40,140.00
3770,2,0.60,0.45,140.00
3771,1,0.50,0.55,140.00
3772,8,1.20,1.45,140.00
3772,9,0.80,0.85,140.00
3773,1,0.40,0.35,140.00
3774,23,4.50,3.20,140.00
3775,1,0.40,0.45,140.00
3776,10,1.00,1.10,140.00
3777,1,0.45,0.60,140.00
3778,2,0.75,1.20,140.00
3779,7,1.80,1.80,140.00
3780,29,2.00,1.90,140.00
3780,27,1.00,0.95,140.00
3781,7,1.80,1.65,140.00
3781,4,0.30,0.20,140.00
3781,3,0.50,0.40,140.00
3782,37,0.80,0.95,140.00
3782,27,1.00,1.70,140.00
3783,27,1.00,0.80,140.00
3783,32,1.00,0.95,140.00
3784,1,0.40,0.45,140.00
3785,7,1.80,1.65,140.00
3785,9,0.80,0.65,140.00
3786,23,4.50,4.45,140.00
3787,21,1.20,1.20,140.00
3788,37,0.80,0.75,140.00
3788,27,1.00,0.90,140.00
3789,1,0.40,0.30,140.00
3790,8,1.20,1.40,140.00
3790,2,0.60,0.40,140.00
3790,3,0.50,0.50,140.00
3791,1,0.40,0.55,140.00
3791,27,1.00,1.00,140.00
3792,1,0.40,0.40,140.00
3793,32,1.00,1.10,140.00
3794,2,0.60,1.00,140.00
3794,3,0.50,0.50,140.00
3795,10,1.00,1.50,140.00
3796,28,3.00,2.80,140.00
3796,27,1.00,0.85,140.00
3797,10,1.00,1.15,140.00
3797,24,2.20,2.90,140.00
3798,1,0.40,0.40,140.00
3799,5,1.00,1.65,140.00
3800,7,1.80,1.30,140.00
3801,15,1.00,1.25,140.00
3802,38,2.50,2.55,140.00
3803,1,0.40,0.40,140.00
3804,26,0.80,0.90,140.00
3805,1,0.50,0.40,140.00
3806,1,0.40,0.40,140.00
3807,1,0.40,0.40,140.00
3808,10,1.00,0.80,140.00
3808,21,1.20,1.15,140.00
3809,8,1.20,1.15,140.00
3809,32,1.00,1.25,140.00
3810,2,0.75,0.90,140.00
3811,1,0.40,0.35,140.00
3812,1,0.40,0.40,140.00
3812,4,0.30,0.25,140.00
3813,3,0.60,0.75,140.00
3814,1,0.40,0.40,140.00
3815,28,3.00,2.60,140.00
3815,32,1.00,1.00,140.00
3815,27,1.00,0.90,140.00
3816,31,1.20,1.30,140.00
3817,1,0.40,0.40,140.00
3818,1,0.40,0.40,140.00
3819,7,1.80,1.65,140.00
3820,10,1.25,0.95,140.00
3820,32,1.25,1.05,140.00
3821,13,2.00,2.05,140.00
3822,15,1.00,1.15,140.00
3823,1,0.40,0.40,140.00
3823,3,0.50,0.50,140.00
3823,4,0.30,0.35,140.00
3824,1,0.40,0.55,140.00
3825,36,2.00,2.30,140.00
3825,4,0.30,0.25,140.00
3826,14,2.25,2.05,140.00
3827,1,0.40,0.25,140.00
3828,8,1.20,1.10,140.00
3829,1,0.40,0.45,140.00
3829,9,0.80,0.85,140.00
3830,32,1.00,1.05,140.00
3831,1,0.40,0.40,140.00
3832,2,0.60,0.75,140.00
3833,32,1.00,1.35,140.00
3834,7,1.80,1.65,140.00
3835,1,0.40,0.30,140.00
3836,19,2.50,2.80,140.00
3837,8,1.20,1.55,140.00
3838,1,0.40,0.35,140.00
3839,8,1.20,1.75,140.00
3839,4,0.30,0.25,140.00
3840,22,0.80,0.80,140.00
3841,1,0.40,0.55,140.00
3842,4,0.30,0.25,140.00
3842,1,0.40,0.35,140.00
3843,13,2.00,1.55,140.00
3844,27,1.00,1.55,140.00
3845,1,0.40,0.55,140.00
3846,22,0.80,1.10,140.00
3847,27,1.00,1.40,140.00
3848,1,0.40,0.60,140.00
3849,6,1.20,1.25,140.00
3850,32,1.00,1.15,140.00
3851,1,0.40,0.30,140.00
3852,5,1.00,1.05,140.00
3853,21,0.00,0.50,140.00
3854,31,1.20,1.40,140.00
3855,27,1.00,0.95,140.00
3856,20,1.20,1.45,140.00
3857,2,0.60,0.65,140.00
3857,32,1.00,1.15,140.00
3858,1,0.40,0.40,140.00
3858,3,0.50,0.50,140.00
3859,29,2.00,1.45,140.00
3859,27,1.00,0.85,140.00
3860,1,0.40,0.60,140.00
3861,7,1.80,1.60,140.00
3862,1,0.40,0.40,140.00
3862,32,1.00,1.25,140.00
3863,7,1.80,1.40,140.00
3864,13,2.00,2.20,140.00
3865,30,2.00,1.80,140.00
3865,32,1.00,1.00,140.00
3865,3,0.50,0.45,140.00
3866,8,1.20,1.30,140.00
3867,1,0.40,0.35,140.00
3867,32,1.00,1.10,140.00
3868,26,0.80,0.70,140.00
3868,1,0.40,0.30,140.00
3869,30,2.00,2.35,140.00
3870,8,0.00,1.00,140.00
3871,30,2.00,1.75,140.00
3872,7,1.80,1.75,140.00
3872,32,1.00,0.95,140.00
3873,1,0.40,0.45,140.00
3874,29,2.00,2.45,140.00
3874,3,0.50,0.60,140.00
3874,4,0.30,0.30,140.00
3874,27,1.00,1.15,140.00
3875,26,0.80,0.80,140.00
3875,2,0.60,0.80,140.00
3875,32,1.00,1.10,140.00
3876,10,1.00,1.40,140.00
3876,20,1.20,1.45,140.00
3876,2,0.60,0.50,140.00
3877,4,0.30,0.30,140.00
3878,10,0.00,0.45,140.00
3879,1,0.40,0.40,140.00
3880,5,1.00,1.00,140.00
3880,1,0.40,0.40,140.00
3881,1,0.40,0.50,140.00
3881,32,1.00,1.25,140.00
3882,1,0.40,0.40,140.00
3882,27,1.00,0.80,140.00
3882,32,1.00,0.90,140.00
3883,19,2.50,2.85,140.00
3884,23,4.50,4.25,140.00
3885,29,2.00,2.00,140.00
3885,27,1.00,0.85,140.00
3886,19,2.50,3.15,140.00
3887,12,0.40,0.45,140.00
3888,1,0.40,0.50,140.00
3889,38,2.50,2.45,140.00
3890,21,1.20,1.20,140.00
3890,27,1.00,1.00,140.00
3891,1,0.40,0.35,140.00
3891,27,1.00,0.65,140.00
3892,1,0.40,0.45,140.00
3893,12,0.40,0.45,140.00
3893,32,1.00,1.70,140.00
3894,26,0.80,0.70,140.00
3895,14,1.80,1.60,140.00
3896,10,1.00,0.75,140.00
3896,21,1.20,0.95,140.00
3896,3,0.50,0.40,140.00
3897,1,0.40,0.50,140.00
3898,7,0.00,0.40,140.00
3899,1,0.40,0.50,140.00
3900,1,0.40,0.40,140.00
3900,9,0.80,0.50,140.00
3901,21,1.20,1.20,140.00
3902,10,1.00,1.00,140.00
3902,21,1.20,1.20,140.00
3903,1,0.40,0.50,140.00
3904,8,0.00,0.50,140.00
3905,9,0.80,0.90,140.00
3906,27,1.00,0.85,140.00
3906,32,1.00,0.70,140.00
3906,2,0.60,0.55,140.00
3907,24,2.20,1.70,140.00
3907,2,0.60,0.45,140.00
3908,10,1.00,1.30,140.00
3908,30,2.00,1.95,140.00
3908,27,1.00,1.10,140.00
3909,1,0.40,0.35,140.00
3910,24,2.20,1.70,140.00
3911,11,1.90,1.50,140.00
3911,12,0.50,0.50,140.00
3912,1,0.40,0.50,140.00
3913,7,0.00,1.30,140.00
3914,4,0.30,0.40,140.00
3915,1,0.40,0.50,140.00
3916,1,0.40,0.45,140.00
3917,5,1.00,1.25,140.00
3918,21,0.00,0.80,140.00
3919,4,0.30,0.20,140.00
3920,8,1.20,1.40,140.00
3920,2,0.60,0.80,140.00
3921,7,1.80,1.55,140.00
3921,32,1.00,0.70,140.00
3921,1,0.40,0.45,140.00
3922,20,1.20,1.05,140.00
3923,1,0.40,0.40,140.00
3924,3,0.50,0.55,140.00
3924,32,1.00,1.10,140.00
3925,9,0.80,0.65,140.00
3926,4,0.30,0.30,140.00
3927,7,1.80,1.85,140.00
3928,13,2.00,1.70,140.00
3929,1,0.40,0.40,140.00
3929,27,1.00,0.85,140.00
3930,14,1.80,1.40,140.00
3930,9,0.80,0.90,140.00
3931,1,0.40,0.40,140.00
3931,9,0.80,0.80,140.00
3932,25,0.60,0.80,140.00
3932,27,1.00,1.05,140.00
3933,1,0.40,0.45,140.00
3934,26,0.80,0.80,140.00
3934,1,0.40,0.45,140.00
3935,20,0.00,0.55,140.00
3936,12,0.40,0.40,140.00
3936,32,1.00,0.90,140.00
3937,3,0.50,0.40,140.00
3938,27,1.00,1.35,140.00
3939,7,1.80,1.85,140.00
3940,8,1.50,1.95,140.00
3941,29,2.00,2.05,140.00
3941,9,0.80,0.80,140.00
3941,1,0.40,0.45,140.00
3941,27,1.00,0.75,140.00
3942,38,2.50,2.80,150.00
3943,1,0.40,0.40,150.00
3944,24,2.20,1.80,150.00
3944,32,1.00,0.90,150.00
3945,6,1.20,1.05,150.00
3945,1,0.40,0.35,150.00
3946,21,1.50,1.40,150.00
3947,6,1.20,1.10,150.00
3947,9,0.80,0.85,150.00
3948,1,0.50,0.50,150.00
3949,30,2.00,2.15,150.00
3950,1,0.40,0.40,150.00
3951,1,0.40,0.50,150.00
3952,32,1.00,1.25,150.00
3952,1,0.40,0.55,150.00
3953,2,0.60,0.50,150.00
3954,11,1.50,1.70,150.00
3954,13,2.00,1.65,150.00
3955,4,0.30,0.35,150.00
3955,3,0.50,0.35,150.00
3956,1,0.40,0.55,150.00
3957,1,0.40,0.50,150.00
3957,32,1.00,1.10,150.00
3958,13,2.00,2.35,150.00
3958,1,0.40,0.45,150.00
3959,26,0.80,0.75,150.00
3960,24,2.40,2.35,150.00
3961,7,1.80,1.55,150.00
3961,1,0.40,0.50,150.00
3961,9,0.80,0.90,150.00
3962,7,1.80,2.05,150.00
3963,9,0.80,0.85,150.00
3964,1,0.40,0.40,150.00
3965,1,0.40,0.45,150.00
3966,23,4.50,3.25,150.00
3967,13,2.00,2.20,150.00
3967,3,0.50,0.50,150.00
3968,12,0.40,0.45,150.00
3969,32,1.25,1.45,150.00
3970,21,0.00,0.45,150.00
3971,29,2.00,1.75,150.00
3971,9,0.80,0.75,150.00
3971,27,1.00,0.85,150.00
3972,1,0.40,0.40,150.00
3973,13,2.00,1.85,150.00
3974,1,0.50,0.80,150.00
3975,7,1.80,1.70,150.00
3976,12,0.40,0.45,150.00
3976,27,1.00,1.15,150.00
3976,2,0.60,0.65,150.00
3977,7,1.80,1.90,150.00
3978,3,0.50,0.55,150.00
3978,2,0.60,0.60,150.00
3979,5,1.00,1.40,150.00
3980,18,3.00,2.45,150.00
3981,23,4.50,3.60,150.00
3982,1,0.40,0.45,150.00
3982,3,0.50,0.60,150.00
3983,12,0.40,0.45,150.00
3984,1,0.40,0.40,150.00
3985,7,1.80,1.40,150.00
3986,12,0.40,0.20,150.00
3987,1,0.40,0.35,150.00
3988,1,0.40,0.45,150.00
3988,9,0.80,0.70,150.00
3989,1,0.40,0.40,150.00
3990,26,0.80,0.80,150.00
3990,2,0.60,0.50,150.00
3991,9,0.80,0.75,150.00
3992,10,1.00,0.55,150.00
3992,24,2.20,2.05,150.00
3993,32,1.00,1.15,150.00
3994,1,0.40,0.30,150.00
3995,27,1.25,0.90,150.00
3996,12,0.40,0.35,150.00
3996,2,0.60,0.55,150.00
3996,1,0.40,0.35,150.00
3997,12,0.00,0.15,150.00
3998,9,0.80,0.70,150.00
3998,4,0.30,0.20,150.00
3999,10,1.00,0.75,150.00
3999,24,2.20,2.25,150.00
3999,32,1.00,0.95,150.00
3999,9,0.80,0.80,150.00
4000,7,1.80,1.95,150.00
4001,10,1.00,0.80,150.00
4001,32,1.00,0.75,150.00
4001,9,0.80,0.70,150.00
4001,27,1.00,0.95,150.00
4002,1,0.40,0.40,150.00
4003,7,1.80,1.75,150.00
4003,3,0.50,0.40,150.00
4004,1,0.40,0.35,150.00
4005,1,0.40,0.50,150.00
4006,10,1.00,1.20,150.00
4007,12,0.40,0.50,150.00
4008,21,1.20,1.25,150.00
4008,2,0.60,0.60,150.00
4008,3,0.50,0.60,150.00
4009,24,0.00,1.60,150.00
4010,1,0.50,0.55,150.00
4011,10,1.00,1.05,150.00
4011,21,1.20,1.00,150.00
4011,1,0.40,0.40,150.00
4012,1,0.40,0.50,150.00
4013,10,1.00,1.30,150.00
4013,32,1.00,1.10,150.00
4014,1,0.50,0.45,150.00
4015,1,0.40,0.30,150.00
4016,10,1.00,1.30,150.00
4017,13,2.00,1.20,150.00
4018,22,0.80,0.80,150.00
4019,29,2.50,2.40,150.00
4019,2,0.75,0.80,150.00
4020,1,0.40,0.25,150.00
4021,7,1.80,1.85,150.00
4022,2,0.60,0.60,150.00
4023,1,0.40,0.30,150.00
4023,9,0.80,0.60,150.00
4023,4,0.30,0.25,150.00
4024,1,0.40,0.40,150.00
4024,27,1.00,0.80,150.00
4025,7,1.80,2.25,150.00
4026,24,2.75,2.80,150.00
4027,22,0.80,1.10,150.00
4027,32,1.00,1.30,150.00
4027,27,1.00,0.95,150.00
4028,29,2.00,1.75,150.00
4028,32,1.00,1.15,150.00
4028,27,1.00,0.75,150.00
4029,1,0.50,0.60,150.00
4030,8,1.20,1.50,150.00
4031,1,0.40,0.45,150.00
4031,9,0.80,0.85,150.00
4032,9,0.80,1.05,150.00
4032,3,0.50,0.45,150.00
4033,1,0.50,0.55,150.00
4034,18,3.00,2.80,150.00
4035,9,0.80,0.75,150.00
4035,1,0.40,0.35,150.00
4035,2,0.60,0.50,150.00
4036,7,1.80,1.85,150.00
4037,29,2.00,1.60,150.00
4037,3,0.50,0.45,150.00
4038,8,1.20,1.50,150.00
4039,21,1.20,1.40,150.00
4040,1,0.40,0.40,150.00
4041,38,2.50,2.40,150.00
4042,6,1.20,1.15,150.00
4042,32,1.00,0.70,150.00
4043,21,1.20,1.10,150.00
4044,32,1.00,1.10,150.00
4045,3,0.50,0.55,150.00
4045,27,1.00,0.95,150.00
4045,32,1.00,1.00,150.00
4046,1,0.40,0.40,150.00
4047,12,0.40,0.40,150.00
4047,2,0.60,0.55,150.00
4047,1,0.40,0.35,150.00
4048,10,1.00,1.10,150.00
4048,9,0.80,0.90,150.00
4049,10,1.00,0.95,150.00
4049,30,2.00,2.20,150.00
4049,1,0.40,0.40,150.00
4050,1,0.40,0.45,150.00
4051,7,1.80,2.15,150.00
4051,4,0.30,0.30,150.00
4052,1,0.40,0.35,150.00
4053,8,1.50,1.45,150.00
4054,31,1.20,1.20,150.00
4055,28,3.00,3.35,150.00
4055,27,1.00,0.75,150.00
4056,29,2.00,2.80,150.00
4056,2,0.60,0.85,150.00
4056,32,1.00,1.20,150.00
4056,27,1.00,1.20,150.00
4057,1,0.40,0.45,150.00
4058,20,1.50,1.30,150.00
4059,25,0.60,0.55,150.00
4060,2,0.65,0.55,150.00
4061,1,0.40,0.40,150.00
4062,1,0.40,0.50,150.00
4063,4,0.30,0.30,150.00
4064,14,1.80,2.40,150.00
4064,27,1.00,0.90,150.00
4065,35,10.00,12.10,150.00
4065,32,1.00,0.85,150.00
4066,1,0.40,0.50,150.00
4067,1,0.40,0.60,150.00
4068,2,0.60,0.55,150.00
4068,32,1.00,1.10,150.00
4069,25,0.60,0.50,150.00
4070,1,0.40,0.40,150.00
4071,25,0.60,0.55,150.00
4072,7,1.80,1.90,150.00
4073,1,0.40,0.50,150.00
4074,22,0.80,0.75,150.00
4075,7,1.80,2.35,150.00
4075,3,0.50,0.55,150.00
4075,27,1.00,1.55,150.00
4076,1,0.40,0.35,150.00
4076,9,0.80,0.70,150.00
4076,2,0.60,0.60,150.00
4077,3,0.50,0.80,150.00
4077,2,0.60,0.60,150.00
4078,38,2.50,2.50,150.00
4078,32,1.00,0.90,150.00
4078,2,0.60,0.40,150.00
4079,1,0.50,0.50,150.00
4080,2,0.60,0.75,150.00
4081,33,3.00,2.70,150.00
4081,1,0.40,0.45,150.00
4082,24,2.20,2.15,150.00
4082,32,1.00,0.75,150.00
4083,8,1.20,1.10,150.00
4084,31,1.20,1.65,150.00
4085,9,0.80,0.90,150.00
4086,22,0.80,1.05,150.00
4087,27,1.25,0.95,150.00
4087,4,0.40,0.35,150.00
4088,27,1.00,1.10,150.00
4089,27,1.00,0.80,150.00
4090,8,1.20,1.20,150.00
4090,2,0.60,0.55,150.00
4090,3,0.50,0.60,150.00
4091,1,0.40,0.35,150.00
4092,1,0.40,0.40,150.00
4092,27,1.00,0.90,150.00
4093,1,0.40,0.35,150.00
4094,1,0.40,0.50,150.00
4094,27,1.00,0.85,150.00
4094,4,0.30,0.35,150.00
4095,4,0.30,0.35,150.00
4095,1,0.40,0.55,150.00
4095,2,0.60,0.60,150.00
4096,27,1.00,1.20,150.00
4096,9,0.80,1.00,150.00
4097,8,1.20,1.35,150.00
4098,3,0.50,0.40,150.00
4098,27,1.00,1.00,150.00
4098,2,0.60,0.50,150.00
4099,24,2.20,1.95,150.00
4100,4,0.30,0.50,150.00
4100,9,0.80,0.90,150.00
4100,27,1.00,1.10,150.00
4101,29,2.00,1.25,150.00
4101,4,0.30,0.35,150.00
4102,3,0.50,0.60,150.00
4103,15,1.00,1.55,150.00
4104,1,0.50,0.45,150.00
4105,1,0.40,0.35,150.00
4106,22,0.80,0.85,150.00
4107,15,1.00,1.15,150.00
4108,1,0.40,0.35,150.00
4109,27,1.00,1.30,150.00
4110,1,0.40,0.40,150.00
4111,1,0.40,0.40,150.00
4112,12,0.40,0.35,150.00
4112,2,0.60,0.55,150.00
4112,1,0.40,0.55,150.00
4113,13,0.00,0.70,150.00
4114,29,2.00,1.55,150.00
4114,9,0.80,0.65,150.00
4114,3,0.50,0.30,150.00
4114,27,1.00,0.95,150.00
4115,35,10.00,8.95,150.00
4116,2,0.60,0.60,150.00
4117,9,1.00,1.60,150.00
4118,3,0.50,0.75,150.00
4119,29,2.50,1.70,150.00
4119,27,1.25,1.40,150.00
4120,10,1.00,1.35,150.00
4120,22,0.80,0.65,150.00
4120,27,1.00,0.95,150.00
4121,1,0.40,0.45,150.00
4121,9,0.80,0.85,150.00
4122,1,0.50,0.45,150.00
4123,35,10.00,8.25,150.00
4123,2,0.60,0.35,150.00
4123,32,1.00,0.70,150.00
4124,1,0.40,0.45,150.00
4125,20,1.20,1.40,150.00
4126,1,0.40,0.40,150.00
4127,32,1.00,0.80,150.00
4128,26,0.80,1.05,150.00
4128,9,0.80,0.80,150.00
4129,7,1.80,1.95,150.00
4130,10,1.00,0.65,150.00
4130,9,0.80,0.55,150.00
4131,1,0.40,0.50,150.00
4131,27,1.00,1.00,150.00
4132,6,1.20,1.25,150.00
4133,4,0.30,0.20,150.00
4134,10,1.00,1.15,150.00
4134,30,2.00,2.05,150.00
4135,6,1.20,1.75,150.00
4136,12,0.40,0.40,150.00
4137,7,0.00,0.55,150.00
4138,13,2.00,2.00,150.00
4139,4,0.30,0.30,150.00
4139,2,0.60,0.65,150.00
4140,1,0.50,0.45,150.00
4141,21,1.20,1.30,150.00
4142,31,1.20,1.15,150.00
4143,1,0.40,0.45,150.00
4144,7,1.80,1.30,150.00
4145,8,1.20,1.15,150.00
4145,2,0.60,0.40,150.00
4145,3,0.50,0.50,150.00
4146,7,1.80,1.85,150.00
4146,2,0.60,0.65,150.00
4147,4,0.35,0.40,150.00
4148,9,0.80,1.00,150.00
4149,7,1.80,2.05,150.00
4150,1,0.40,0.40,150.00
4150,2,0.60,0.70,150.00
4151,10,1.00,1.15,150.00
4151,22,0.80,0.75,150.00
4151,32,1.00,1.80,150.00
4152,12,0.40,0.45,150.00
4153,21,1.50,1.45,150.00
4154,10,1.00,1.15,150.00
4154,22,0.80,0.60,150.00
4155,9,0.80,0.90,150.00
4156,7,1.80,1.80,150.00
4157,8,1.20,0.95,150.00
4157,9,0.80,0.70,150.00
4158,15,1.00,1.10,150.00
4159,1,0.40,0.50,150.00
4159,3,0.50,0.65,150.00
4159,4,0.30,0.35,150.00
4160,1,0.50,0.50,150.00
4160,3,0.60,0.65,150.00
4160,4,0.40,0.35,150.00
4161,1,0.40,0.35,150.00
4161,32,1.00,0.95,150.00
4162,1,0.40,0.35,150.00
4162,9,0.80,0.75,150.00
4163,12,0.40,0.35,150.00
4164,8,1.20,1.30,150.00
4165,10,1.00,1.00,150.00
4165,30,2.00,1.55,150.00
4166,24,2.20,2.10,150.00
4167,13,2.00,1.65,150.00
4168,22,0.80,0.90,150.00
4168,27,1.00,1.15,150.00
4169,14,1.80,1.90,150.00
4169,4,0.30,0.25,150.00
4170,12,0.40,0.55,150.00
4171,2,0.75,0.50,150.00
4172,4,0.30,0.45,150.00
4172,32,1.00,1.15,150.00
4173,8,1.20,1.20,150.00
4174,5,1.00,0.70,150.00
4175,1,0.40,0.50,150.00
4176,21,1.20,1.50,150.00
4177,12,0.40,0.40,150.00
4178,1,0.40,0.45,150.00
4178,9,0.80,0.70,150.00
4179,1,0.40,0.50,150.00
4180,1,0.40,0.30,150.00
4181,2,0.60,0.65,150.00
4181,1,0.40,0.30,150.00
4181,9,0.80,0.70,150.00
4182,37,0.80,1.05,150.00
4183,24,2.20,1.90,150.00
4183,3,0.50,0.55,150.00
4183,27,1.00,1.15,150.00
4184,1,0.45,0.40,150.00
4184,2,0.65,1.10,150.00
4184,32,1.10,1.55,150.00
4185,2,0.75,1.00,150.00
4185,4,0.40,0.50,150.00
4186,9,0.80,0.80,150.00
4186,1,0.40,0.35,150.00
4187,7,1.80,1.85,150.00
4187,2,0.60,0.55,150.00
4188,1,0.40,0.40,150.00
4189,7,1.80,2.05,150.00
4190,1,0.40,0.40,150.00
4191,1,0.40,0.35,150.00
4191,27,1.00,0.85,150.00
4192,12,0.40,0.50,150.00
4193,21,1.50,1.75,150.00
4193,32,1.25,1.40,150.00
4194,1,0.40,0.40,150.00
4195,16,3.50,2.65,150.00
4196,7,1.80,1.75,150.00
4197,1,0.40,0.55,150.00
4198,25,0.60,0.90,150.00
4199,29,2.00,1.60,150.00
4200,3,0.50,0.45,150.00
4200,32,1.00,1.15,150.00
4201,1,0.40,0.55,150.00
4202,1,0.40,0.40,150.00
4203,1,0.40,0.35,150.00
4204,7,1.80,1.30,150.00
4205,7,1.80,1.65,150.00
4205,9,0.80,1.00,150.00
4206,4,0.30,0.40,150.00
4206,3,0.50,0.50,150.00
4207,13,0.00,1.20,150.00
4208,1,0.40,0.40,150.00
4208,27,1.00,0.90,150.00
4209,2,0.60,0.55,150.00
4209,32,1.00,1.05,150.00
4210,4,0.30,0.25,150.00
4211,34,6.00,7.75,150.00
4212,1,0.40,0.50,150.00
4213,10,1.00,0.90,150.00
4213,30,2.00,1.80,150.00
4213,4,0.30,0.40,150.00
4214,2,0.60,0.70,150.00
4215,7,1.80,1.80,150.00
4216,27,1.00,1.00,150.00
4217,9,0.80,0.70,150.00
4218,32,1.00,0.70,150.00
4219,14,1.80,2.30,150.00
4220,1,0.45,0.45,150.00
4220,32,1.10,1.05,150.00
4221,11,1.50,1.40,150.00
4221,12,0.40,0.40,150.00
4222,5,1.00,1.05,150.00
4223,8,1.20,1.40,150.00
4224,1,0.40,0.35,150.00
4224,9,0.80,1.15,150.00
4224,2,0.60,0.55,150.00
4225,1,0.40,0.40,150.00
4226,2,0.60,0.65,150.00
4227,33,3.00,3.10,150.00
4228,1,0.40,0.45,150.00
4229,12,0.40,0.55,150.00
4229,32,1.00,1.45,150.00
4230,7,0.00,1.10,150.00
4231,1,0.40,0.50,150.00
4231,27,1.00,0.80,150.00
4231,2,0.60,0.55,150.00
4232,1,0.40,0.40,150.00
4233,12,0.50,0.55,150.00
4233,27,1.25,1.25,150.00
4234,1,0.40,0.45,150.00
4235,8,0.00,0.40,150.00
4236,14,1.80,1.70,150.00
4236,4,0.30,0.35,150.00
4237,25,0.65,0.70,150.00
4237,4,0.35,0.40,150.00
4238,2,0.60,0.65,150.00
4238,27,1.00,1.55,150.00
4239,13,2.00,2.15,150.00
4240,21,1.20,1.65,150.00
4240,27,1.00,1.20,150.00
4241,27,1.00,1.15,150.00
4242,8,0.00,0.50,150.00
4243,25,0.60,0.45,150.00
4243,1,0.40,0.35,150.00
4244,7,1.80,1.75,150.00
4245,2,0.65,0.50,150.00
4246,12,0.40,0.30,150.00
4247,23,4.50,4.65,150.00
4248,1,0.40,0.50,150.00
4248,27,1.00,1.15,150.00
4249,8,1.20,1.30,150.00
4249,3,0.50,0.40,150.00
4250,4,0.30,0.45,150.00
4251,1,0.45,0.40,150.00
4251,2,0.65,0.70,150.00
4252,10,1.00,1.20,150.00
4252,4,0.30,0.45,150.00
4253,11,1.50,2.05,150.00
4253,12,0.40,0.40,150.00
4253,4,0.30,0.50,150.00
4253,3,0.50,0.65,150.00
4254,1,0.40,0.50,150.00
4255,12,0.40,0.35,150.00
4255,2,0.60,0.55,150.00
4256,1,0.40,0.50,150.00
4257,1,0.40,0.40,150.00
4258,11,1.50,1.40,150.00
4258,12,0.40,0.35,150.00
4258,9,0.80,1.00,150.00
4258,1,0.40,0.40,150.00
4259,25,0.60,0.50,150.00
4260,16,3.50,2.70,150.00
4261,29,0.00,1.30,150.00
4262,1,0.40,0.40,150.00
4263,1,0.40,0.45,150.00
4264,11,1.50,1.10,150.00
4265,8,1.20,1.75,150.00
4266,1,0.40,0.55,150.00
4267,1,0.40,0.45,150.00
4267,3,0.50,0.60,150.00
4268,1,0.50,0.45,150.00
4269,27,1.00,1.05,150.00
4269,9,0.80,0.75,150.00
4270,29,2.00,2.55,150.00
4271,1,0.40,0.45,150.00
4271,3,0.50,0.85,150.00
4271,9,0.80,0.95,150.00
4272,19,2.50,2.65,150.00
4273,1,0.40,0.45,150.00
4274,4,0.30,0.40,150.00
4274,32,1.00,0.90,150.00
4274,2,0.60,0.55,150.00
4275,33,3.00,1.85,150.00
4276,4,0.30,0.35,150.00
4277,4,0.30,0.25,150.00
4278,8,1.20,1.25,150.00
4279,1,0.40,0.55,150.00
4279,3,0.50,0.50,150.00
4279,27,1.00,1.35,150.00
4280,15,1.00,1.40,150.00
4281,1,0.50,0.65,150.00
4281,4,0.40,0.55,150.00
4282,1,0.40,0.45,150.00
4283,2,0.60,0.75,150.00
4283,3,0.50,0.45,150.00
4283,32,1.00,1.50,150.00
4284,29,0.00,1.35,150.00
4285,25,0.60,0.60,150.00
4286,8,1.20,0.90,150.00
4287,1,0.40,0.40,150.00
4288,10,1.00,1.10,150.00
4289,1,0.40,0.60,150.00
4290,7,1.80,1.75,150.00
4291,8,1.20,1.00,150.00
4292,10,1.00,0.90,150.00
4293,26,0.00,0.50,150.00
4294,27,1.25,1.05,150.00
4295,7,1.80,1.50,150.00
4296,12,0.40,0.40,150.00
4297,9,0.80,0.75,150.00
4297,27,1.00,0.85,150.00
4298,16,3.50,2.10,150.00
4299,5,1.00,1.00,150.00
4300,2,0.60,0.55,150.00
4300,4,0.30,0.25,150.00
4301,37,0.80,1.00,150.00
4301,27,1.00,1.15,150.00
4302,18,3.00,3.70,150.00
4302,32,1.00,1.10,150.00
4303,14,1.80,1.55,150.00
4303,32,1.00,0.90,150.00
4303,4,0.30,0.20,150.00
4304,31,1.20,1.30,150.00
4305,7,0.00,1.30,150.00
4306,3,0.50,0.50,150.00
4307,12,0.40,0.45,150.00
4308,1,0.50,0.60,150.00
4308,3,0.60,0.55,150.00
4309,12,0.40,0.45,150.00
4310,24,2.20,2.10,150.00
4311,7,1.80,1.50,150.00
4311,2,0.60,0.45,150.00
4312,12,0.40,0.45,150.00
4313,9,0.80,0.80,150.00
4314,37,0.80,0.85,150.00
4314,27,1.00,0.90,150.00
4315,1,0.40,0.55,150.00
4316,1,0.45,0.50,150.00
4316,2,0.65,0.60,150.00
4317,7,1.80,2.45,150.00
4318,6,1.50,2.20,150.00
4319,1,0.40,0.40,150.00
4320,15,1.00,1.15,150.00
4321,27,1.00,1.20,150.00
4322,25,0.00,0.45,150.00
4323,1,0.40,0.35,150.00
4324,1,0.50,0.45,150.00
4325,29,2.00,2.10,150.00
4325,2,0.60,0.60,150.00
4325,27,1.00,1.20,150.00
4326,1,0.40,0.40,150.00
4327,10,0.00,0.65,150.00
4328,8,1.20,0.85,150.00
4328,32,1.00,0.65,150.00
4329,1,0.40,0.45,150.00
4330,10,1.00,1.20,150.00
4331,21,0.00,0.70,150.00
4332,1,0.40,0.35,150.00
4333,23,4.50,3.45,150.00
4334,33,3.00,2.40,150.00
4335,15,1.00,1.55,150.00
4336,7,1.80,1.95,150.00
4337,2,0.60,0.70,150.00
4338,7,1.80,1.60,150.00
4339,3,0.60,0.75,150.00
4340,3,0.50,0.60,150.00
4340,1,0.40,0.40,150.00
4341,4,0.30,0.35,150.00
4342,1,0.40,0.45,150.00
4342,32,1.00,1.40,150.00
4343,29,2.00,2.40,150.00
4344,13,2.50,2.05,150.00
4344,4,0.40,0.35,150.00
4345,2,0.60,0.60,150.00
4346,6,1.20,0.95,150.00
4347,2,0.75,0.75,150.00
4348,5,1.00,1.15,150.00
4349,1,0.40,0.40,150.00
4350,1,0.40,0.45,150.00
4351,27,1.00,0.90,150.00
4352,1,0.40,0.45,150.00
4353,1,0.40,0.50,150.00
4353,3,0.50,0.65,150.00
4354,5,1.25,1.85,150.00
4355,22,0.80,1.05,150.00
4356,12,0.40,0.60,150.00
4356,3,0.50,0.55,150.00
4357,8,1.20,1.10,150.00
4358,1,0.40,0.35,150.00
4359,1,0.40,0.40,150.00
4359,9,0.80,0.95,150.00
4359,3,0.50,0.60,150.00
4360,1,0.40,0.40,150.00
4360,4,0.30,0.35,150.00
4361,4,0.30,0.40,150.00
4362,7,1.80,1.55,150.00
4363,3,0.50,0.65,150.00
4364,3,0.50,0.70,150.00
4365,1,0.40,0.45,150.00
4365,4,0.30,0.40,150.00
4366,2,0.60,0.50,150.00
4367,1,0.40,0.40,150.00
4368,12,0.50,0.50,150.00
4368,32,1.25,1.55,150.00
4369,29,2.00,2.40,150.00
4369,27,1.00,1.20,150.00
4370,9,0.80,0.80,150.00
4371,36,2.00,2.55,150.00
4371,1,0.40,0.30,150.00
4371,4,0.30,0.20,150.00
4372,21,1.20,1.60,150.00
4373,3,0.50,0.75,150.00
4374,1,0.40,0.40,150.00
4375,1,0.40,0.45,150.00
4375,3,0.50,0.40,150.00
4376,7,1.80,1.75,150.00
4377,21,1.20,1.20,150.00
4377,9,0.80,0.95,150.00
4378,7,1.80,2.10,150.00
4379,7,1.80,2.10,150.00
4379,32,1.00,1.45,150.00
4380,1,0.40,0.40,150.00
4381,12,0.40,0.50,150.00
4382,30,2.00,2.55,150.00
4383,6,1.20,1.80,150.00
4383,2,0.60,0.65,150.00
4384,2,0.60,0.55,150.00
4384,9,0.80,0.85,150.00
4385,8,1.20,1.15,150.00
4385,32,1.00,0.90,150.00
4386,1,0.40,0.40,150.00
4386,32,1.00,0.95,150.00
4387,20,1.20,1.40,150.00
4388,7,1.80,1.65,150.00
4389,12,0.40,0.60,150.00
4390,1,0.50,0.50,150.00
4391,7,1.80,1.65,150.00
4392,12,0.40,0.30,150.00
4393,11,1.50,1.30,150.00
4394,3,0.50,0.55,150.00
4394,27,1.00,0.70,150.00
4395,14,1.80,1.75,150.00
4396,21,1.20,1.25,150.00
4397,1,0.40,0.45,150.00
4397,32,1.00,1.05,150.00
4398,1,0.40,0.35,150.00
4398,2,0.60,0.65,150.00
4399,2,0.60,0.90,150.00
4400,7,1.80,1.65,150.00
4400,3,0.50,0.60,150.00
4401,35,10.00,9.95,150.00
4402,1,0.40,0.35,150.00
4403,10,1.00,0.85,150.00
4403,3,0.50,0.35,150.00
4404,7,1.80,1.85,150.00
4405,5,1.00,1.05,150.00
4405,2,0.60,0.55,150.00
4405,27,1.00,0.85,150.00
4406,26,0.80,0.55,150.00
4407,1,0.40,0.40,150.00
4407,3,0.50,0.45,150.00
4408,25,0.60,0.80,150.00
4409,3,0.50,0.50,150.00
4409,4,0.30,0.35,150.00
4410,15,0.00,0.30,150.00
4411,4,0.30,0.25,150.00
4412,1,0.40,0.50,150.00
4412,2,0.60,0.60,150.00
4413,1,0.40,0.40,150.00
4414,2,0.60,0.50,150.00
4415,1,0.40,0.40,150.00
4416,14,0.00,0.95,150.00
4417,13,2.50,1.85,150.00
4418,2,0.60,0.55,150.00
4419,1,0.40,0.35,150.00
4419,32,1.00,0.95,150.00
4420,4,0.30,0.30,150.00
4420,2,0.60,0.50,150.00
4421,18,3.00,2.25,150.00
4421,9,0.80,0.85,150.00
4422,1,0.40,0.35,150.00
4422,27,1.00,0.70,150.00
4423,1,0.40,0.35,150.00
4424,24,2.20,3.15,150.00
4425,33,3.00,3.50,150.00
4426,3,0.55,0.60,150.00
4427,7,1.80,2.25,150.00
4427,2,0.60,0.95,150.00
4428,1,0.40,0.50,150.00
4428,9,0.80,1.05,150.00
4429,24,2.20,1.95,150.00
4429,9,0.80,0.60,150.00
4429,2,0.60,0.65,150.00
4430,4,0.30,0.25,150.00
4430,3,0.50,0.65,150.00
4430,32,1.00,0.95,150.00
4431,1,0.40,0.35,150.00
4432,12,0.40,0.40,150.00
4433,12,0.40,0.60,150.00
4434,10,1.00,0.85,150.00
4434,22,0.80,0.85,150.00
4435,12,0.40,0.45,150.00
4436,1,0.40,0.40,150.00
4437,28,3.00,3.15,150.00
4437,27,1.00,0.80,150.00
4437,9,0.80,0.90,150.00
4438,7,0.00,0.80,150.00
4439,4,0.30,0.35,150.00
4440,1,0.40,0.40,150.00
4441,8,1.20,1.15,150.00
4442,32,1.25,1.95,150.00
4442,27,1.25,1.75,150.00
4443,1,0.40,0.45,150.00
4443,4,0.30,0.50,150.00
4444,7,1.80,1.60,150.00
4445,10,1.00,1.10,150.00
4445,21,1.20,1.10,150.00
4446,29,2.00,1.95,150.00
4446,27,1.00,1.25,150.00
4447,1,0.40,0.40,150.00
4447,27,1.00,1.45,150.00
4448,21,1.20,1.55,150.00
4448,27,1.00,1.10,150.00
4449,6,1.20,0.90,150.00
4449,4,0.30,0.30,150.00
4449,27,1.00,1.05,150.00
4450,29,2.00,2.00,150.00
4450,27,1.00,0.85,150.00
4451,1,0.40,0.40,150.00
4452,1,0.40,0.40,150.00
4452,27,1.00,1.00,150.00
4453,12,0.40,0.45,150.00
4454,1,0.40,0.30,150.00
4455,1,0.40,0.55,150.00
4456,1,0.40,0.35,150.00
4457,10,1.00,1.20,150.00
4457,30,2.00,1.85,150.00
4458,3,0.50,0.40,150.00
4459,14,1.80,1.90,150.00
4460,12,0.40,0.40,150.00
4461,2,0.60,0.55,150.00
4462,1,0.40,0.50,150.00
4462,27,1.00,1.15,150.00
4462,4,0.30,0.35,150.00
4463,8,1.20,1.55,150.00
4463,9,0.80,1.05,150.00
4464,21,1.20,0.85,150.00
4465,27,1.00,1.40,150.00
4466,11,1.50,1.65,150.00
4466,14,1.80,1.60,150.00
4466,27,1.00,1.10,150.00
4466,3,0.50,0.40,150.00
4467,1,0.40,0.40,150.00
4468,28,3.00,2.65,150.00
4468,2,0.60,0.40,150.00
4468,27,1.00,0.90,150.00
4469,7,1.80,1.80,150.00
4469,3,0.50,0.55,150.00
4470,15,1.00,1.05,150.00
4471,10,1.00,0.85,150.00
4471,32,1.00,0.90,150.00
4472,20,1.20,1.15,150.00
4472,1,0.40,0.50,150.00
4473,1,0.40,0.45,150.00
4473,4,0.30,0.25,150.00
4474,29,0.00,1.30,150.00
4475,5,1.00,1.05,150.00
4476,31,1.20,1.30,150.00
4476,9,0.80,0.70,150.00
4477,1,0.50,0.55,150.00
4477,27,1.25,1.00,150.00
4477,2,0.75,0.85,150.00
4478,10,1.00,0.85,150.00
4478,21,1.20,1.25,150.00
4479,7,1.80,1.40,150.00
4479,1,0.40,0.50,150.00
4479,2,0.60,0.75,150.00
4480,27,1.00,1.10,150.00
4480,3,0.50,0.75,150.00
4481,2,0.60,0.65,150.00
4482,12,0.40,0.45,150.00
4483,27,1.00,0.85,150.00
4484,1,0.40,0.30,150.00
4484,9,0.80,1.00,150.00
4484,4,0.30,0.30,150.00
4485,8,1.20,1.55,150.00
4486,21,1.20,1.05,150.00
4487,28,3.00,2.85,150.00
4488,7,1.80,1.70,150.00
4489,4,0.30,0.40,150.00
4489,2,0.60,0.60,150.00
4489,27,1.00,1.45,150.00
4490,11,1.65,1.60,150.00
4490,12,0.45,0.50,150.00
4491,1,0.40,0.40,150.00
4492,5,1.00,1.35,150.00
4493,27,1.00,0.85,150.00
4493,1,0.40,0.40,150.00
4493,3,0.50,0.40,150.00
4494,27,1.00,0.85,150.00
4495,29,2.00,1.65,150.00
4495,27,1.00,0.90,150.00
4496,14,1.80,1.75,150.00
4497,1,0.40,0.30,150.00
4498,27,1.00,1.20,150.00
4498,2,0.60,0.90,150.00
4499,1,0.40,0.30,150.00
4500,10,1.25,1.30,150.00
4500,24,2.75,2.70,150.00
4501,1,0.40,0.50,150.00
4502,29,2.00,1.50,150.00
4502,27,1.00,0.80,150.00
4503,2,0.60,0.75,150.00
4504,14,1.80,1.65,150.00
4504,2,0.60,0.55,150.00
4505,10,1.00,1.40,150.00
4505,26,0.80,0.95,150.00
4506,22,0.80,0.75,150.00
4507,32,1.00,0.95,150.00
4507,27,1.00,1.00,150.00
4508,6,1.20,1.90,150.00
4508,1,0.40,0.35,150.00
4509,22,0.80,0.80,150.00
4509,3,0.50,0.50,150.00
4509,27,1.00,1.00,150.00
4510,1,0.40,0.40,150.00
4511,37,0.80,0.65,150.00
4511,27,1.00,1.10,150.00
4512,1,0.40,0.50,150.00
4512,27,1.00,1.25,150.00
4513,10,1.00,1.05,150.00
4513,27,1.00,1.25,150.00
4513,32,1.00,1.35,150.00
4514,10,1.00,1.30,150.00
4514,2,0.60,0.75,150.00
4515,3,0.50,0.35,150.00
4516,4,0.30,0.30,150.00
4517,1,0.40,0.50,150.00
4517,32,1.00,0.85,150.00
4518,2,0.60,0.55,150.00
4519,5,1.00,1.00,150.00
4520,10,1.00,0.90,150.00
4521,1,0.40,0.45,150.00
4522,1,0.40,0.45,150.00
4522,2,0.60,0.60,150.00
4523,10,1.10,1.45,150.00
4523,32,1.10,1.50,150.00
4524,37,0.80,0.60,150.00
4524,27,1.00,0.90,150.00
4525,1,0.40,0.30,150.00
4525,3,0.50,0.55,150.00
4526,1,0.50,0.65,150.00
4527,1,0.40,0.30,150.00
4528,7,1.80,1.35,150.00
4529,9,0.80,0.55,150.00
4529,27,1.00,0.85,150.00
4530,21,1.20,1.35,150.00
4530,1,0.40,0.35,150.00
4530,3,0.50,0.40,150.00
4531,3,0.50,0.45,150.00
4531,9,0.80,0.90,150.00
4532,1,0.40,0.50,150.00
4533,7,0.00,0.75,150.00
4534,37,0.80,0.90,150.00
4535,7,2.25,1.95,150.00
4536,8,0.00,0.95,150.00
4537,2,0.60,0.45,150.00
4537,3,0.50,0.40,150.00
4538,1,0.40,0.45,150.00
4539,1,0.40,0.35,150.00
4540,1,0.40,0.35,150.00
4541,23,4.50,5.10,150.00
4542,1,0.40,0.55,150.00
4543,21,1.20,1.25,150.00
4544,12,0.40,0.40,150.00
4544,32,1.00,1.10,150.00
4545,27,1.00,1.20,150.00
4546,13,2.50,2.10,150.00
4546,2,0.75,0.50,150.00
4546,4,0.40,0.45,150.00
4547,11,1.50,1.90,150.00
4547,13,2.00,2.45,150.00
4548,7,1.80,1.65,150.00
4549,4,0.30,0.20,150.00
4550,1,0.40,0.40,150.00
4551,1,0.40,0.50,150.00
4552,4,0.30,0.25,150.00
4553,12,0.40,0.40,150.00
4554,12,0.40,0.65,150.00
4555,11,1.50,1.15,150.00
4555,13,2.00,1.95,150.00
4556,7,1.80,1.70,150.00
4556,4,0.30,0.30,150.00
4557,20,1.20,1.05,150.00
4557,32,1.00,0.85,150.00
4558,6,1.20,1.20,150.00
4559,7,1.80,1.60,150.00
4560,7,1.80,2.50,150.00
4560,27,1.00,0.65,150.00
4561,7,1.80,1.75,150.00
4562,25,0.60,0.55,150.00
4563,7,1.80,2.10,150.00
4563,9,0.80,0.85,150.00
4564,10,1.00,0.95,150.00
4564,24,2.20,1.85,150.00
4564,2,0.60,0.45,150.00
4565,1,0.40,0.35,150.00
4566,1,0.40,0.40,150.00
4567,10,1.00,1.15,150.00
4567,2,0.60,0.70,150.00
4567,3,0.50,0.60,150.00
4568,1,0.40,0.50,150.00
4569,7,1.80,1.75,150.00
4570,1,0.40,0.30,150.00
4570,3,0.50,0.50,150.00
4571,4,0.30,0.35,150.00
4572,7,1.80,1.60,150.00
4573,4,0.30,0.40,150.00
4574,1,0.40,0.60,150.00
4574,32,1.00,0.75,150.00
4574,3,0.50,0.65,150.00
4575,23,4.50,4.75,150.00
4575,4,0.30,0.20,150.00
4576,1,0.40,0.30,150.00
4577,14,1.80,2.10,150.00
4577,9,0.80,0.85,150.00
4578,10,1.00,0.95,150.00
4579,4,0.30,0.35,150.00
4579,9,0.80,0.90,150.00
4580,1,0.45,0.50,150.00
4580,27,1.10,1.40,150.00
4581,1,0.40,0.40,150.00
4581,32,1.00,0.95,150.00
4582,1,0.40,0.40,150.00
4583,25,0.60,0.45,150.00
4583,4,0.30,0.25,150.00
4584,1,0.40,0.45,150.00
4585,27,1.00,0.80,150.00
4586,3,0.50,0.70,150.00
4586,2,0.60,0.75,150.00
4587,2,0.65,0.90,150.00
4587,32,1.10,1.10,150.00
4588,38,2.50,2.55,150.00
4589,11,1.50,1.30,150.00
4590,7,1.80,1.25,150.00
4591,2,0.60,0.65,150.00
4592,1,0.40,0.40,150.00
4593,10,1.00,0.85,150.00
4593,21,1.20,0.90,150.00
4594,7,1.80,1.80,150.00
4595,2,0.60,0.70,150.00
4595,3,0.50,0.40,150.00
4596,8,1.50,1.80,150.00
4596,32,1.25,1.25,150.00
4596,4,0.40,0.35,150.00
4597,12,0.40,0.35,150.00
4597,2,0.60,0.35,150.00
4597,27,1.00,0.90,150.00
4598,26,0.80,0.85,150.00
4598,2,0.60,0.60,150.00
4599,36,2.00,2.30,150.00
4600,7,1.80,2.50,150.00
4601,10,1.00,1.25,150.00
4601,32,1.00,1.40,150.00
4602,1,0.40,0.30,150.00
4603,8,1.20,1.10,150.00
4604,1,0.40,0.35,150.00
4605,13,2.00,2.40,150.00
4606,4,0.30,0.30,150.00
4607,13,2.00,1.55,150.00
4608,21,1.20,1.25,150.00
4608,9,0.80,1.10,150.00
4609,8,1.20,1.90,150.00
4610,1,0.40,0.35,150.00
4610,4,0.30,0.35,150.00
4611,32,1.00,1.25,150.00
4612,28,3.75,3.55,150.00
4612,2,0.75,0.60,150.00
4612,27,1.25,1.05,150.00
4613,7,1.80,2.65,150.00
4614,7,2.25,1.95,150.00
4615,37,1.00,0.95,150.00
4615,27,1.25,1.65,150.00
4616,21,1.20,0.85,150.00
4616,4,0.30,0.25,150.00
4617,21,1.20,1.25,150.00
4617,4,0.30,0.25,150.00
4617,2,0.60,0.75,150.00
4618,3,0.50,0.65,150.00
4618,32,1.00,1.10,150.00
4619,24,2.20,2.20,150.00
4620,1,0.40,0.35,150.00
4621,1,0.50,0.35,150.00
4622,8,1.20,1.00,150.00
4623,18,3.00,3.00,150.00
4624,35,10.00,5.70,150.00
4625,13,2.00,2.25,150.00
4625,32,1.00,1.15,150.00
4626,34,6.00,5.10,150.00
4627,34,6.00,4.20,150.00
4628,1,0.40,0.45,150.00
4628,2,0.60,0.80,150.00
4629,32,1.00,0.70,150.00
4629,1,0.40,0.50,150.00
4630,25,0.75,0.90,150.00
4630,32,1.25,1.00,150.00
4631,5,1.25,1.00,150.00
4632,1,0.40,0.30,150.00
4632,4,0.30,0.30,150.00
4632,3,0.50,0.45,150.00
4633,10,1.00,0.85,150.00
4633,20,1.20,1.25,150.00
4634,12,0.40,0.65,150.00
4635,21,1.20,1.45,150.00
4636,28,3.00,2.85,150.00
4636,27,1.00,0.95,150.00
4637,2,0.60,0.55,150.00
4638,7,1.80,1.95,150.00
4639,20,1.20,1.25,150.00
4640,1,0.40,0.45,150.00
4640,9,0.80,0.80,150.00
4641,21,1.20,1.45,150.00
4642,15,1.25,1.80,150.00
4643,37,1.00,0.90,150.00
4643,32,1.25,0.95,150.00
4643,1,0.50,0.65,150.00
4643,27,1.25,1.05,150.00
4644,36,2.00,1.80,150.00
4644,32,1.00,0.75,150.00
4645,22,0.80,1.10,150.00
4646,8,1.20,1.15,150.00
4647,7,0.00,0.80,150.00
4648,2,0.60,0.80,150.00
4648,32,1.00,1.05,150.00
4649,1,0.40,0.45,150.00
4650,6,1.20,1.00,150.00
4651,1,0.40,0.55,150.00
4652,7,1.80,1.80,150.00
4653,1,0.40,0.40,150.00
4654,37,0.80,0.85,150.00
4654,27,1.00,1.00,150.00
4655,27,1.00,1.50,150.00
4655,2,0.60,1.00,150.00
4656,7,2.25,2.25,150.00
4657,7,1.80,1.80,150.00
4657,4,0.30,0.40,150.00
4657,27,1.00,1.20,150.00
4658,11,0.00,0.50,150.00
4659,10,1.25,1.55,150.00
4659,21,1.50,1.65,150.00
4659,27,1.25,1.25,150.00
4660,1,0.40,0.35,150.00
4661,7,1.80,1.70,150.00
4662,14,1.80,1.60,150.00
4662,1,0.40,0.50,150.00
4663,1,0.40,0.45,150.00
4663,32,1.00,1.10,150.00
4664,2,0.60,0.55,150.00
4665,37,0.80,0.80,150.00
4665,4,0.30,0.30,150.00
4665,27,1.00,1.25,150.00
4666,1,0.45,0.55,150.00
4666,27,1.10,1.30,150.00
4667,7,1.80,2.70,150.00
4668,1,0.40,0.45,150.00
4668,4,0.30,0.45,150.00
4669,25,0.60,0.70,150.00
4670,2,0.60,0.60,150.00
4671,1,0.50,0.30,150.00
4672,1,0.40,0.45,150.00
4672,2,0.60,0.65,150.00
4673,7,1.80,1.45,150.00
4674,10,1.00,1.00,150.00
4674,20,1.20,1.15,150.00
4675,1,0.40,0.55,150.00
4676,13,2.00,1.65,150.00
4677,3,0.50,0.45,150.00
4678,17,2.50,2.35,150.00
4679,12,0.40,0.35,150.00
4680,7,1.80,2.00,150.00
4681,13,2.00,1.80,150.00
4682,1,0.40,0.55,150.00
4682,9,0.80,1.00,150.00
4682,4,0.30,0.30,150.00
4683,14,1.80,1.90,150.00
4683,1,0.40,0.30,150.00
4684,4,0.30,0.30,150.00
4685,7,1.80,2.00,150.00
4686,10,1.00,1.15,150.00
4686,3,0.50,0.75,150.00
4686,1,0.40,0.35,150.00
4687,24,2.20,1.60,150.00
4688,7,1.80,1.45,150.00
4689,4,0.30,0.35,150.00
4690,12,0.40,0.45,150.00
4690,3,0.50,0.35,150.00
4691,1,0.40,0.35,150.00
4692,1,0.40,0.45,150.00
4693,9,0.80,0.70,150.00
4694,31,1.20,1.45,150.00
4695,1,0.40,0.50,150.00
4696,1,0.40,0.35,150.00
4697,7,1.80,2.15,150.00
4698,27,1.00,1.15,150.00
4699,8,1.20,1.15,150.00
4699,4,0.30,0.25,150.00
4700,1,0.40,0.45,150.00
4700,27,1.00,0.90,150.00
4701,7,1.80,2.00,150.00
4701,3,0.50,0.35,150.00
4702,1,0.45,0.40,150.00
4703,2,0.60,0.40,150.00
4704,18,3.00,2.35,150.00
4705,6,1.20,1.05,150.00
4706,26,0.80,0.95,150.00
4707,16,3.50,3.55,150.00
4707,9,0.80,0.65,150.00
4708,1,0.40,0.45,150.00
4709,4,0.30,0.30,150.00
4710,1,0.40,0.55,150.00
4711,1,0.40,0.45,150.00
4712,1,0.40,0.50,150.00
4713,1,0.40,0.25,150.00
4714,18,3.00,2.05,150.00
4714,1,0.40,0.30,150.00
4714,9,0.80,0.55,150.00
4715,7,1.80,1.60,150.00
4715,2,0.60,0.65,150.00
4715,3,0.50,0.45,150.00
4716,5,1.00,0.90,150.00
4716,3,0.50,0.40,150.00
4717,1,0.40,0.40,150.00
4718,12,0.40,0.35,150.00
4719,25,0.60,0.75,150.00
4720,21,1.20,0.95,150.00
4721,1,0.40,0.40,150.00
4722,14,1.80,1.80,150.00
4723,10,1.00,0.95,150.00
4723,30,2.00,1.55,150.00
4724,8,1.20,1.20,150.00
4725,10,1.25,1.05,150.00
4726,6,1.20,1.90,150.00
4727,10,1.00,1.25,150.00
4727,22,0.80,0.60,150.00
4728,1,0.40,0.40,150.00
4729,29,2.50,2.50,150.00
4729,27,1.25,1.10,150.00
4730,7,1.80,2.15,150.00
4731,5,1.00,0.90,150.00
4732,1,0.50,0.50,150.00
4732,2,0.75,0.90,150.00
4733,8,1.20,1.30,150.00
4734,27,1.00,1.20,150.00
4735,1,0.40,0.40,150.00
4736,8,1.20,1.25,150.00
4737,24,2.20,2.05,150.00
4737,4,0.30,0.25,150.00
4737,27,1.00,0.80,150.00
4738,10,1.00,1.25,150.00
4739,9,0.80,0.65,150.00
4739,1,0.40,0.45,150.00
4740,7,1.80,1.80,150.00
4740,32,1.00,0.75,150.00
4741,1,0.40,0.50,150.00
4742,7,1.80,1.70,150.00
4743,3,0.50,0.55,150.00
4744,8,1.20,1.15,150.00
4745,1,0.45,0.40,150.00
4746,10,1.00,1.20,150.00
4746,26,0.80,1.05,150.00
4747,13,2.00,2.50,150.00
4748,1,0.40,0.30,150.00
4749,1,0.40,0.40,150.00
4750,7,1.80,1.65,150.00
4751,1,0.40,0.30,150.00
4752,1,0.50,0.50,150.00
4753,8,1.20,1.50,150.00
4753,9,0.80,0.55,150.00
4754,10,1.00,1.00,150.00
4755,7,1.80,1.75,150.00
4755,3,0.50,0.35,150.00
4756,7,1.80,1.80,150.00
4757,7,1.80,1.45,150.00
4758,12,0.40,0.45,150.00
4759,1,0.40,0.35,150.00
4760,3,0.50,0.60,150.00
4760,9,0.80,0.70,150.00
4760,27,1.00,0.85,150.00
4761,13,2.00,2.70,150.00
4761,3,0.50,0.45,150.00
4762,1,0.40,0.40,150.00
4762,3,0.50,0.45,150.00
4762,9,0.80,0.85,150.00
4763,32,1.00,1.30,150.00
4763,4,0.30,0.35,150.00
4764,13,2.50,2.30,150.00
4765,1,0.40,0.35,150.00
4766,1,0.40,0.50,150.00
4767,18,3.00,2.75,150.00
4767,32,1.00,0.70,150.00
4768,1,0.40,0.30,150.00
4769,7,1.80,2.05,150.00
4769,1,0.40,0.45,150.00
4770,25,0.60,0.55,150.00
4771,10,1.00,0.75,150.00
4771,20,1.20,0.95,150.00
4772,8,1.20,1.10,150.00
4773,7,1.80,2.45,150.00
4773,32,1.00,1.00,150.00
4774,5,1.00,1.05,150.00
4775,36,0.00,0.65,150.00
4776,15,1.00,1.00,150.00
4777,13,2.00,2.25,150.00
4778,1,0.40,0.40,150.00
4778,4,0.30,0.30,150.00
4778,2,0.60,0.60,150.00
4779,1,0.40,0.35,150.00
4780,9,0.80,0.85,150.00
4781,4,0.30,0.40,150.00
4781,9,0.80,1.05,150.00
4782,9,0.80,0.75,150.00
4783,10,1.00,1.05,150.00
4783,32,1.00,1.15,150.00
4784,12,0.40,0.40,150.00
4785,7,1.80,1.55,150.00
4786,1,0.40,0.50,150.00
4787,10,1.00,0.95,150.00
4787,30,2.00,1.70,150.00
4787,1,0.40,0.35,150.00
4788,36,2.00,1.55,150.00
4788,3,0.50,0.60,150.00
4789,7,1.80,1.60,150.00
4790,1,0.50,0.70,150.00
4791,1,0.40,0.40,150.00
4791,4,0.30,0.40,150.00
4792,1,0.40,0.35,150.00
4793,7,1.80,2.00,150.00
4793,1,0.40,0.40,150.00
4794,3,0.50,0.55,150.00
4794,32,1.00,0.85,150.00
4795,4,0.30,0.30,150.00
4795,3,0.50,0.55,150.00
4796,7,1.80,1.80,150.00
4797,12,0.50,0.60,150.00
4798,9,0.80,0.75,150.00
4799,2,0.60,0.45,150.00
4800,24,2.20,2.20,150.00
4800,4,0.30,0.25,150.00
4801,1,0.50,0.40,150.00
4802,1,0.40,0.40,150.00
4802,27,1.00,0.90,150.00
4803,1,0.40,0.45,150.00
4804,1,0.40,0.60,150.00
4805,10,1.25,1.20,150.00
4806,15,1.00,1.15,150.00
4807,27,1.00,0.85,150.00
4807,3,0.50,0.45,150.00
4808,2,0.60,0.55,150.00
4809,28,3.00,2.25,150.00
4809,27,1.00,0.95,150.00
4810,14,1.80,1.35,150.00
4810,9,0.80,1.20,150.00
4810,3,0.50,0.45,150.00
4811,22,0.80,0.45,150.00
4812,1,0.40,0.35,150.00
4813,7,1.80,1.45,150.00
4814,17,2.50,2.60,150.00
4814,27,1.00,1.05,150.00
4815,35,10.00,12.25,150.00
4816,7,1.80,1.70,150.00
4816,4,0.30,0.40,150.00
4817,1,0.40,0.50,150.00
4818,21,1.20,1.05,150.00
4819,1,0.40,0.40,150.00
4820,10,1.00,1.30,150.00
4820,3,0.50,0.70,150.00
4821,1,0.40,0.40,150.00
4821,27,1.00,1.45,150.00
4821,9,0.80,1.10,150.00
4822,7,1.80,2.50,150.00
4822,2,0.60,0.80,150.00
4823,14,1.80,1.50,150.00
4823,32,1.00,1.00,150.00
4824,21,1.20,1.30,150.00
4825,10,1.00,1.30,150.00
4825,32,1.00,0.75,150.00
4825,2,0.60,0.55,150.00
4826,4,0.30,0.30,150.00
4826,9,0.80,1.10,150.00
4827,8,1.20,1.20,150.00
4827,1,0.40,0.35,150.00
4828,8,1.20,1.50,150.00
4829,1,0.40,0.40,150.00
4830,15,1.25,1.05,150.00
4831,37,0.80,1.10,150.00
4831,27,1.00,1.25,150.00
4832,7,1.80,1.55,150.00
4832,32,1.00,0.95,150.00
4833,10,1.00,1.55,150.00
4834,2,0.60,0.55,150.00
4835,27,1.00,0.80,150.00
4836,15,1.00,1.05,150.00
4837,23,5.60,5.55,150.00
4838,4,0.30,0.45,150.00
4839,1,0.40,0.55,150.00
4839,4,0.30,0.30,150.00
4840,7,1.80,1.70,150.00
4841,1,0.40,0.45,150.00
4841,2,0.60,0.85,150.00
4842,1,0.40,0.60,150.00
4843,31,1.20,1.15,150.00
4844,1,0.40,0.30,150.00
4845,7,1.80,1.80,150.00
4845,32,1.00,1.10,150.00
4845,2,0.60,0.80,150.00
4846,21,1.20,1.20,150.00
4847,23,4.50,3.45,150.00
4848,7,1.80,1.40,150.00
4849,1,0.40,0.35,150.00
4850,1,0.40,0.40,150.00
4851,1,0.40,0.45,150.00
4852,13,2.00,2.50,150.00
4852,27,1.00,1.05,150.00
4853,7,1.80,1.50,150.00
4854,9,1.00,0.65,150.00
4854,32,1.25,0.85,150.00
4855,9,0.80,0.65,150.00
4856,11,1.50,1.75,150.00
4856,14,1.80,1.70,150.00
4857,4,0.30,0.30,150.00
4857,3,0.50,0.55,150.00
4858,1,0.40,0.50,150.00
4858,27,1.00,0.65,150.00
4859,7,1.80,2.00,150.00
4860,15,1.00,0.75,150.00
4861,7,1.80,1.75,150.00
4862,1,0.40,0.30,150.00
4862,2,0.60,0.65,150.00
4863,1,0.40,0.40,150.00
4864,5,1.00,1.10,150.00
4865,7,1.80,2.30,150.00
4866,32,1.00,0.95,150.00
4866,3,0.50,0.55,150.00
4867,10,1.00,0.85,150.00
4867,22,0.80,0.80,150.00
4868,4,0.40,0.30,150.00
4868,27,1.25,0.90,150.00
4869,1,0.40,0.35,150.00
4870,9,0.80,1.15,150.00
4871,15,1.00,0.85,150.00
4871,2,0.60,0.70,150.00
4872,13,2.00,2.10,150.00
4872,9,0.80,0.80,150.00
4873,10,1.00,1.15,150.00
4873,2,0.60,0.80,150.00
4873,1,0.40,0.45,150.00
4874,3,0.50,0.60,150.00
4875,4,0.30,0.25,150.00
4875,27,1.00,1.00,150.00
4876,8,1.20,1.40,150.00
4877,11,1.50,1.35,150.00
4877,13,2.00,2.35,150.00
4877,3,0.50,0.55,150.00
4878,2,0.60,0.55,150.00
4879,27,1.00,1.00,150.00
4880,7,0.00,0.55,150.00
4881,1,0.40,0.35,150.00
4882,1,0.40,0.30,150.00
4883,16,3.50,2.85,150.00
4884,11,1.50,1.35,150.00
4884,12,0.40,0.40,150.00
4885,12,0.40,0.45,150.00
4886,1,0.40,0.40,150.00
4886,27,1.00,0.85,150.00
4887,10,1.00,0.85,150.00
4887,21,1.20,1.10,150.00
4888,3,0.50,0.60,150.00
4888,9,0.80,0.75,150.00
4889,12,0.40,0.30,150.00
4889,2,0.60,0.45,150.00
4890,19,2.50,2.10,150.00
4891,2,0.60,0.50,150.00
4892,8,1.20,1.10,150.00
4892,1,0.40,0.35,150.00
4892,27,1.00,1.25,150.00
4893,15,1.00,0.95,150.00
4894,12,0.40,0.25,150.00
4895,27,1.00,1.25,150.00
4896,1,0.40,0.45,150.00
4896,32,1.00,1.25,150.00
4896,27,1.00,1.15,150.00
4897,1,0.40,0.30,150.00
4898,12,0.40,0.30,150.00
4898,27,1.00,1.25,150.00
4899,1,0.40,0.30,150.00
4899,32,1.00,0.80,150.00
4899,9,0.80,0.85,150.00
4900,13,2.00,1.80,150.00
4901,36,2.00,2.55,150.00
4902,1,0.40,0.50,150.00
4903,1,0.40,0.40,150.00
4904,15,1.00,1.20,150.00
4905,1,0.50,0.60,150.00
4906,29,0.00,1.65,150.00
4907,8,0.00,0.70,150.00
4908,25,0.60,0.95,150.00
4909,14,1.80,2.00,150.00
4909,1,0.40,0.50,150.00
4909,27,1.00,0.85,150.00
4910,1,0.40,0.25,150.00
4911,7,1.80,1.70,150.00
4912,8,1.20,0.95,150.00
4913,1,0.40,0.40,150.00
4914,1,0.40,0.40,150.00
4915,1,0.40,0.35,150.00
4916,15,1.25,1.00,150.00
4916,3,0.60,0.60,150.00
4917,14,1.80,1.65,150.00
4917,9,0.80,0.75,150.00
4918,1,0.40,0.45,150.00
4918,27,1.00,1.35,150.00
4919,15,1.00,1.15,150.00
4920,1,0.40,0.45,150.00
4921,3,0.50,0.50,150.00
4922,1,0.40,0.35,150.00
4923,20,1.50,1.60,150.00
4924,7,1.80,1.60,150.00
4924,9,0.80,0.60,150.00
4924,4,0.30,0.30,150.00
4925,7,1.80,2.05,150.00
4926,12,0.50,0.55,150.00
4927,21,1.20,1.60,150.00
4928,12,0.40,0.35,150.00
4929,15,1.25,1.45,150.00
4930,15,1.00,1.05,150.00
4931,1,0.40,0.35,150.00
4932,21,1.20,1.15,150.00
4933,13,2.00,2.40,150.00
4933,2,0.60,0.75,150.00
4934,1,0.40,0.55,150.00
4934,32,1.00,0.70,150.00
4934,3,0.50,0.55,150.00
4935,2,0.60,0.60,150.00
4936,1,0.40,0.50,150.00
4937,4,0.30,0.30,150.00
4937,27,1.00,1.15,150.00
4938,15,1.00,1.50,150.00
4938,3,0.50,0.60,150.00
4938,9,0.80,0.75,150.00
4939,2,0.60,0.50,150.00
4940,1,0.40,0.35,150.00
4941,3,0.50,0.50,150.00
4941,2,0.60,0.55,150.00
4942,1,0.40,0.45,150.00
4943,4,0.30,0.30,150.00
4943,3,0.50,0.60,150.00
4944,1,0.40,0.50,150.00
4945,6,1.20,1.10,150.00
4945,2,0.60,0.70,150.00
4946,24,2.20,1.90,150.00
4947,1,0.40,0.55,150.00
4948,7,1.80,2.10,150.00
4949,32,1.00,1.05,150.00
4950,1,0.40,0.40,150.00
4951,18,3.00,3.15,150.00
4952,5,1.00,1.45,150.00
4952,3,0.50,0.65,150.00
4953,5,1.00,1.45,150.00
4954,1,0.40,0.50,150.00
4955,14,1.80,1.95,150.00
4956,12,0.40,0.40,150.00
4957,32,1.00,0.75,150.00
4957,9,0.80,0.75,150.00
4958,18,3.00,3.70,150.00
4959,33,3.00,2.00,150.00
4960,7,1.80,1.35,150.00
4961,1,0.40,0.40,150.00
4961,9,0.80,0.60,150.00
4962,26,0.80,0.95,150.00
4963,7,0.00,0.95,150.00
4964,21,0.00,0.50,150.00
4965,32,1.00,1.05,150.00
4966,10,1.00,1.30,150.00
4966,21,1.20,1.50,150.00
4966,3,0.50,0.45,150.00
4967,14,1.80,2.60,150.00
4968,1,0.40,0.35,150.00
4969,4,0.30,0.30,150.00
4970,15,1.00,1.05,150.00
4971,10,1.00,1.10,150.00
4971,21,1.20,1.00,150.00
4972,5,1.00,1.15,150.00
4973,24,2.75,2.95,150.00
4973,1,0.50,0.35,150.00
4973,3,0.60,0.60,150.00
4974,19,2.50,2.05,150.00
4974,4,0.30,0.30,150.00
4975,1,0.40,0.55,150.00
4976,9,0.80,0.75,150.00
4977,15,1.00,1.05,150.00
4978,22,0.80,1.40,150.00
4978,32,1.00,1.25,150.00
4979,5,1.00,1.00,150.00
4980,1,0.40,0.40,150.00
4980,3,0.50,0.40,150.00
4980,4,0.30,0.30,150.00
4981,1,0.40,0.35,150.00
4981,2,0.60,0.65,150.00
4982,25,0.60,0.40,150.00
4982,4,0.30,0.25,150.00
4983,1,0.40,0.55,150.00
4984,10,1.00,1.25,150.00
4985,3,0.50,0.55,150.00
4986,1,0.40,0.30,150.00
4987,7,1.80,1.90,150.00
4987,32,1.00,0.90,150.00
4988,1,0.40,0.50,150.00
4988,32,1.00,1.50,150.00
4989,7,1.80,2.25,150.00
4990,1,0.40,0.55,150.00
4991,23,4.50,4.50,150.00
4991,2,0.60,0.50,150.00
4991,9,0.80,0.80,150.00
4992,2,0.60,0.65,150.00
4993,10,1.00,1.20,150.00
4994,19,2.50,3.35,150.00
4994,4,0.30,0.30,150.00
4995,7,1.80,1.65,150.00
4996,4,0.30,0.20,150.00
4996,27,1.00,1.05,150.00
4997,7,2.25,1.85,150.00
4998,1,0.40,0.40,150.00
4999,4,0.30,0.40,150.00
5000,1,0.40,0.50,150.00
5001,8,1.20,1.05,150.00
5002,2,0.60,0.55,150.00
5002,3,0.50,0.35,150.00
5003,1,0.40,0.35,150.00
5004,1,0.40,0.55,150.00
5005,22,0.80,0.75,150.00
5006,1,0.50,0.60,150.00
5007,12,0.40,0.40,150.00
5008,10,1.00,1.10,150.00
5009,4,0.30,0.35,150.00
5010,32,1.00,0.90,150.00
5010,2,0.60,0.60,150.00
5011,1,0.40,0.35,150.00
5012,7,0.00,1.00,150.00
5013,24,2.20,1.80,150.00
5014,7,1.80,1.20,150.00
5015,12,0.50,0.50,150.00
5015,3,0.60,0.85,150.00
5015,32,1.25,1.15,150.00
5016,3,0.50,0.60,150.00
5016,9,0.80,0.75,150.00
5017,25,0.60,0.55,150.00
5017,3,0.50,0.40,150.00
5018,21,1.20,1.20,150.00
5018,1,0.40,0.40,150.00
5019,7,1.80,1.85,150.00
5020,28,3.00,3.15,150.00
5020,4,0.30,0.25,150.00
5020,27,1.00,1.30,150.00
5021,35,10.00,10.35,150.00
5022,1,0.40,0.35,150.00
5023,1,0.40,0.60,150.00
5023,9,0.80,1.00,150.00
5024,2,0.60,0.65,150.00
5025,1,0.40,0.35,150.00
5025,2,0.60,0.50,150.00
5026,21,1.20,1.05,150.00
5027,14,2.00,1.65,150.00
5028,1,0.50,0.45,150.00
5029,33,3.00,2.20,150.00
5030,25,0.60,0.55,150.00
5031,12,0.40,0.45,150.00
5031,2,0.60,0.70,150.00
5032,8,1.20,1.50,150.00
5033,31,1.30,1.10,150.00
5034,1,0.40,0.40,150.00
5035,15,1.00,0.95,150.00
5036,13,2.00,1.80,150.00
5037,5,1.00,0.85,150.00
5037,32,1.00,1.10,150.00
5038,1,0.40,0.35,150.00
5039,7,1.80,1.20,150.00
5040,1,0.40,0.45,150.00
5041,8,1.20,1.50,150.00
5042,9,0.80,0.65,150.00
5042,3,0.50,0.55,150.00
5043,1,0.40,0.35,150.00
5043,27,1.00,0.90,150.00
5043,32,1.00,0.80,150.00
5044,18,3.00,2.35,150.00
5045,1,0.40,0.55,150.00
5045,2,0.60,0.55,150.00
5046,19,3.10,3.05,150.00
5047,12,0.40,0.35,150.00
5048,4,0.30,0.30,150.00
5049,21,1.20,1.60,150.00
5050,12,0.40,0.45,150.00
5051,21,1.20,1.60,150.00
5052,15,1.00,0.80,150.00
5053,1,0.40,0.45,150.00
5053,32,1.00,1.05,150.00
5053,2,0.60,0.60,150.00
5054,1,0.40,0.45,150.00
5055,15,1.00,0.95,150.00
5055,1,0.40,0.50,150.00
5055,9,0.80,0.70,150.00
5056,1,0.40,0.40,150.00
5057,1,0.40,0.40,150.00
5057,4,0.30,0.30,150.00
5058,12,0.40,0.40,150.00
5059,24,2.20,2.25,150.00
5059,32,1.00,1.15,150.00
5060,1,0.40,0.40,150.00
5061,2,0.60,0.65,150.00
5062,22,0.80,0.70,150.00
5062,1,0.40,0.30,150.00
5062,3,0.50,0.40,150.00
5063,1,0.40,0.35,150.00
5064,1,0.40,0.30,150.00
5065,4,0.30,0.30,150.00
5065,2,0.60,0.70,150.00
5066,15,1.25,1.20,150.00
5067,1,0.40,0.60,150.00
5068,1,0.40,0.35,150.00
5068,2,0.60,0.80,150.00
5068,4,0.30,0.35,150.00
5069,2,0.60,0.80,150.00
5069,4,0.30,0.35,150.00
5069,32,1.00,1.10,150.00
5070,22,0.80,0.95,150.00
5071,2,0.60,0.80,150.00
5071,27,1.00,1.00,150.00
5072,3,0.50,0.40,150.00
5072,9,0.80,0.90,150.00
5072,32,1.00,0.95,150.00
5073,1,0.40,0.35,150.00
5074,6,1.20,1.25,150.00
5075,7,2.00,2.10,150.00
5075,4,0.35,0.25,150.00
5076,27,1.00,1.05,150.00
5076,1,0.40,0.55,150.00
5077,10,1.00,1.10,150.00
5078,1,0.40,0.60,150.00
5078,27,1.00,1.05,150.00
5079,3,0.50,0.40,150.00
5079,9,0.80,0.90,150.00
5080,24,2.20,1.75,150.00
5080,4,0.30,0.30,150.00
5081,8,1.20,1.05,150.00
5082,1,0.40,0.35,150.00
5082,4,0.30,0.30,150.00
5083,14,1.80,2.15,150.00
5084,1,0.40,0.40,150.00
5084,2,0.60,0.45,150.00
5085,13,2.50,1.90,150.00
5086,10,0.00,0.80,150.00
5087,1,0.40,0.40,150.00
5088,10,1.00,1.10,150.00
5088,21,1.20,0.95,150.00
5088,9,0.80,0.75,150.00
5089,2,0.60,0.60,150.00
5090,10,1.25,1.45,150.00
5091,1,0.40,0.50,150.00
5091,9,0.80,1.20,150.00
5091,27,1.00,1.05,150.00
5092,1,0.40,0.45,150.00
5093,8,1.20,1.10,150.00
5094,4,0.30,0.25,150.00
5094,32,1.00,1.00,150.00
5095,1,0.40,0.40,150.00
5096,3,0.50,0.50,150.00
5096,27,1.00,0.80,150.00
5097,1,0.40,0.35,150.00
5098,1,0.40,0.40,150.00
5099,1,0.40,0.50,150.00
5100,1,0.40,0.35,150.00
5100,9,0.80,0.90,150.00
5101,18,3.00,3.10,150.00
5101,2,0.60,0.55,150.00
5102,1,0.40,0.40,150.00
5103,5,1.00,1.30,150.00
5104,1,0.40,0.40,150.00
5105,7,1.80,1.40,150.00
5105,27,1.00,0.70,150.00
5106,12,0.40,0.35,150.00
5107,2,0.60,0.50,150.00
5108,19,2.50,2.85,150.00
5109,10,1.00,1.20,150.00
5109,20,1.20,0.95,150.00
5109,4,0.30,0.25,150.00
5109,32,1.00,0.75,150.00
5110,27,1.00,1.05,150.00
5111,7,1.80,1.00,150.00
5111,3,0.50,0.60,150.00
5112,1,0.40,0.40,150.00
5113,1,0.50,0.50,150.00
5114,7,0.00,0.95,150.00
5115,10,1.00,1.15,150.00
5116,7,1.80,1.85,150.00
5117,9,0.80,0.65,150.00
5118,1,0.40,0.35,150.00
5119,1,0.40,0.45,150.00
5120,15,1.00,0.90,150.00
5121,1,0.40,0.40,150.00
5122,15,1.00,1.05,150.00
5123,10,1.00,1.30,150.00
5123,22,0.80,0.85,150.00
5124,1,0.50,0.70,150.00
5124,27,1.25,1.45,150.00
5125,31,0.00,0.90,150.00
5126,1,0.40,0.45,150.00
5127,1,0.40,0.35,150.00
5127,4,0.30,0.30,150.00
5128,4,0.30,0.30,150.00
5129,31,1.20,1.20,150.00
5130,33,0.00,1.55,150.00
5131,27,1.00,1.25,150.00
5132,10,1.00,1.00,150.00
5133,10,1.00,1.05,150.00
5133,1,0.40,0.35,150.00
5133,4,0.30,0.30,150.00
5134,15,1.00,1.10,150.00
5135,2,0.60,0.55,150.00
5135,32,1.00,1.00,150.00
5136,1,0.40,0.45,150.00
5137,15,1.25,1.20,150.00
5137,32,1.25,1.15,150.00
5138,1,0.45,0.40,150.00
5139,8,1.20,1.20,150.00
5140,20,1.20,1.20,150.00
5141,1,0.50,0.65,150.00
5142,32,1.00,0.95,150.00
5143,6,1.20,1.60,150.00
5144,2,0.60,0.65,150.00
5144,4,0.30,0.30,150.00
5145,7,1.80,2.00,150.00
5145,3,0.50,0.35,150.00
5145,2,0.60,0.60,150.00
5146,1,0.40,0.45,150.00
5146,4,0.30,0.25,150.00
5146,27,1.00,1.45,150.00
5147,31,1.20,1.05,150.00
5148,15,1.25,1.30,150.00
5149,11,1.50,1.45,150.00
5149,14,1.80,1.45,150.00
5149,3,0.50,0.40,150.00
5150,12,0.40,0.50,150.00
5151,11,1.50,1.25,150.00
5151,4,0.30,0.30,150.00
5152,8,1.50,1.65,150.00
5152,1,0.50,0.40,150.00
5152,4,0.40,0.30,150.00
5153,7,1.80,2.05,150.00
5153,1,0.40,0.50,150.00
5153,9,0.80,1.05,150.00
5154,8,1.20,1.45,150.00
5154,32,1.00,1.00,150.00
5154,3,0.50,0.55,150.00
5155,1,0.40,0.35,150.00
5156,19,2.50,2.75,150.00
5156,27,1.00,1.10,150.00
5156,3,0.50,0.35,150.00
5157,7,1.80,1.70,150.00
5157,1,0.40,0.30,150.00
5158,8,1.20,1.25,150.00
5159,24,2.20,2.05,150.00
5160,11,1.50,1.10,150.00
5161,10,1.00,0.75,150.00
5161,22,0.80,0.70,150.00
5162,26,0.80,1.00,150.00
5163,27,1.00,0.80,150.00
5163,1,0.40,0.55,150.00
5164,12,0.40,0.50,150.00
5165,2,0.60,0.55,150.00
5165,9,0.80,1.05,150.00
5166,5,1.00,1.30,150.00
5166,3,0.50,0.40,150.00
5167,1,0.40,0.40,150.00
5167,4,0.30,0.40,150.00
5168,27,1.25,1.30,150.00
5169,15,1.00,0.80,150.00
5170,18,3.75,3.85,150.00
5170,1,0.50,0.45,150.00
5170,3,0.60,0.60,150.00
5171,8,1.20,1.15,150.00
5171,9,0.80,0.95,150.00
5172,2,0.60,0.55,150.00
5173,17,2.50,1.85,150.00
5174,5,1.00,1.25,150.00
5174,32,1.00,1.35,150.00
5175,10,1.00,0.95,150.00
5175,21,1.20,1.15,150.00
5176,15,1.00,0.85,150.00
5176,27,1.00,1.05,150.00
5177,10,1.10,0.95,150.00
5177,20,1.30,1.00,150.00
5178,28,3.00,3.60,150.00
5178,1,0.40,0.35,150.00
5178,27,1.00,0.75,150.00
5179,15,1.00,1.05,150.00
5180,12,0.40,0.35,150.00
5181,18,0.00,0.75,150.00
5182,1,0.40,0.45,150.00
5183,10,1.00,0.95,150.00
5183,24,2.20,2.00,150.00
5184,15,1.00,1.00,150.00
5184,4,0.30,0.35,150.00
5185,8,1.20,1.15,150.00
5185,3,0.50,0.50,150.00
5186,1,0.40,0.50,150.00
5187,6,1.20,1.05,150.00
5188,1,0.40,0.45,150.00
5189,1,0.40,0.45,150.00
5190,27,1.00,0.65,150.00
5190,32,1.00,1.00,150.00
5191,21,1.50,1.65,150.00
5192,9,0.80,0.90,150.00
5193,12,0.40,0.45,150.00
5194,7,1.80,1.90,150.00
5195,34,6.00,4.85,150.00
5196,5,1.00,1.05,150.00
5197,15,1.00,0.80,150.00
5198,1,0.40,0.45,150.00
5199,7,1.80,1.55,150.00
5199,1,0.40,0.35,150.00
5199,27,1.00,1.00,150.00
5200,10,1.00,1.00,150.00
5200,22,0.80,0.80,150.00
5200,9,0.80,1.05,150.00
5201,1,0.40,0.40,150.00
5202,16,3.50,2.95,150.00
5203,24,2.20,2.25,150.00
5204,8,1.20,1.30,150.00
5205,1,0.40,0.40,150.00
5206,12,0.40,0.30,150.00
5207,5,1.00,1.05,150.00
5208,15,1.00,1.05,150.00
5208,27,1.00,0.90,150.00
5209,15,1.00,0.85,150.00
5210,1,0.40,0.50,150.00
5211,10,1.00,0.95,150.00
5211,2,0.60,0.75,150.00
5212,7,1.80,1.55,150.00
5213,11,1.90,2.10,150.00
5213,13,2.50,2.10,150.00
5213,1,0.50,0.45,150.00
5214,30,2.00,1.90,150.00
5214,32,1.00,1.15,150.00
5215,15,1.00,1.45,150.00
5216,10,1.00,0.75,150.00
5216,30,2.00,1.85,150.00
5217,7,1.80,2.15,150.00
5217,32,1.00,0.95,150.00
5218,15,1.00,0.85,150.00
5219,1,0.45,0.60,150.00
5220,12,0.40,0.35,150.00
5220,4,0.30,0.30,150.00
5221,1,0.45,0.45,150.00
5221,2,0.65,0.70,150.00
5222,10,1.10,0.95,150.00
5222,24,2.40,2.10,150.00
5223,13,2.00,2.60,150.00
5224,30,2.00,2.10,150.00
5225,1,0.40,0.30,150.00
5226,15,1.00,1.10,150.00
5227,21,1.20,1.15,150.00
5228,1,0.40,0.40,150.00
5229,1,0.40,0.60,150.00
5229,3,0.50,0.55,150.00
5230,1,0.40,0.30,150.00
5230,3,0.50,0.50,150.00
5231,15,0.00,0.65,150.00
5232,8,0.00,0.50,150.00
5233,1,0.40,0.55,150.00
5234,12,0.40,0.40,150.00
5234,3,0.50,0.35,150.00
5235,10,1.00,1.00,150.00
5236,2,0.60,0.75,150.00
5236,32,1.00,0.90,150.00
5236,3,0.50,0.35,150.00
5237,2,0.60,0.50,150.00
5238,11,1.50,1.50,150.00
5239,12,0.40,0.40,150.00
5240,1,0.40,0.45,150.00
5241,23,4.50,6.05,150.00
5241,4,0.30,0.35,150.00
5242,36,2.00,1.50,150.00
5243,12,0.40,0.35,150.00
5244,19,2.50,2.50,150.00
5245,1,0.40,0.45,150.00
5245,32,1.00,1.10,150.00
5245,9,0.80,0.90,150.00
5246,27,1.00,1.45,150.00
5246,32,1.00,1.10,150.00
5247,1,0.40,0.35,150.00
5247,3,0.50,0.55,150.00
5248,1,0.40,0.60,150.00
5249,1,0.40,0.35,150.00
5249,32,1.00,0.75,150.00
5250,1,0.50,0.55,150.00
5251,1,0.40,0.50,150.00
5251,4,0.30,0.25,150.00
5252,1,0.40,0.50,150.00
5253,4,0.30,0.25,150.00
5254,5,1.00,0.95,150.00
5255,8,1.20,1.45,150.00
5256,12,0.40,0.25,150.00
5257,1,0.40,0.35,150.00
5258,12,0.40,0.40,150.00
5259,1,0.40,0.45,150.00
5260,1,0.40,0.50,150.00
5261,22,1.00,1.10,150.00
5262,25,0.60,0.45,150.00
5263,7,1.80,1.25,150.00
5264,1,0.40,0.30,150.00
5264,3,0.50,0.50,150.00
5265,11,1.50,1.35,150.00
5265,12,0.40,0.30,150.00
5266,10,1.00,1.20,150.00
5266,9,0.80,0.90,150.00
5267,10,1.00,0.95,150.00
5267,20,1.20,1.20,150.00
5267,1,0.40,0.35,150.00
5267,2,0.60,0.60,150.00
5268,1,0.40,0.55,150.00
5269,21,1.20,1.45,150.00
5270,15,1.00,1.05,150.00
5271,12,0.50,0.50,150.00
5272,1,0.40,0.50,150.00
5272,4,0.30,0.30,150.00
5273,18,3.00,2.35,150.00
5273,3,0.50,0.45,150.00
5274,1,0.40,0.40,150.00
5275,2,0.60,0.60,150.00
5276,7,1.80,1.85,150.00
5277,24,2.20,2.05,150.00
5278,1,0.40,0.40,150.00
5279,16,3.50,2.65,150.00
5279,32,1.00,0.85,150.00
5279,3,0.50,0.45,150.00
5280,28,3.00,2.65,150.00
5280,32,1.00,0.80,150.00
5280,27,1.00,0.80,150.00
5281,1,0.40,0.40,150.00
5281,27,1.00,0.75,150.00
5282,12,0.50,0.60,150.00
5283,12,0.40,0.50,150.00
5284,10,1.00,1.20,150.00
5284,21,1.20,1.40,150.00
5285,4,0.30,0.30,150.00
5286,9,0.80,0.70,150.00
5287,32,1.00,0.60,150.00
5288,1,0.40,0.40,150.00
5289,8,1.20,1.25,150.00
5290,8,1.20,1.65,150.00
5291,15,1.00,0.75,150.00
5292,3,0.50,0.50,150.00
5293,1,0.40,0.35,150.00
5294,7,1.80,2.65,150.00
5294,32,1.00,1.00,150.00
5294,3,0.50,0.70,150.00
5295,6,1.20,1.05,150.00
5295,27,1.00,1.25,150.00
5296,6,1.20,1.00,150.00
5296,4,0.30,0.25,150.00
5297,1,0.40,0.45,150.00
5298,1,0.40,0.35,150.00
5299,1,0.40,0.40,150.00
5300,20,1.20,0.95,150.00
5301,18,3.00,2.25,150.00
5301,4,0.30,0.20,150.00
5302,1,0.40,0.40,150.00
5303,35,10.00,8.10,150.00
5303,1,0.40,0.35,150.00
5304,1,0.40,0.35,150.00
5305,4,0.30,0.30,150.00
5306,22,0.80,0.80,150.00
5306,27,1.00,1.10,150.00
5307,1,0.40,0.40,150.00
5308,2,0.60,0.55,150.00
5309,30,2.00,1.45,150.00
5310,16,3.50,3.10,150.00
5311,32,1.00,1.30,150.00
5311,9,0.80,0.75,150.00
5312,10,1.00,0.80,150.00
5312,20,1.20,1.10,150.00
5312,3,0.50,0.55,150.00
5313,32,1.00,1.10,150.00
5314,12,0.40,0.35,150.00
5315,25,0.60,0.60,150.00
5316,27,1.25,0.95,150.00
5317,10,1.25,1.10,150.00
5317,32,1.25,1.05,150.00
5317,2,0.75,0.55,150.00
5318,35,10.00,10.65,150.00
5318,3,0.50,0.35,150.00
5319,21,0.00,0.45,150.00
5320,1,0.40,0.30,150.00
5321,15,1.25,1.20,150.00
5322,12,0.40,0.45,150.00
5322,9,0.80,0.80,150.00
5323,9,0.80,1.00,150.00
5323,3,0.50,0.55,150.00
5323,2,0.60,0.75,150.00
5324,1,0.40,0.35,150.00
5325,10,1.00,0.80,150.00
5325,20,1.20,1.05,150.00
5326,21,1.20,1.55,150.00
5327,12,0.50,0.35,150.00
5327,27,1.25,1.20,150.00
5327,1,0.50,0.40,150.00
5328,7,1.80,1.70,150.00
5328,4,0.30,0.25,150.00
5329,1,0.40,0.50,150.00
5329,2,0.60,0.60,150.00
5330,10,1.00,1.05,150.00
5330,22,0.80,0.70,150.00
5330,32,1.00,1.05,150.00
5331,34,6.00,3.45,150.00
5332,1,0.50,0.60,150.00
5333,12,0.40,0.40,150.00
5334,15,1.25,1.25,150.00
5334,2,0.75,0.55,150.00
5335,3,0.50,0.50,150.00
5336,1,0.50,0.50,150.00
5337,9,0.80,0.80,150.00
5337,4,0.30,0.25,150.00
5338,1,0.40,0.50,150.00
5339,15,1.00,1.00,150.00
5340,1,0.40,0.50,150.00
5340,2,0.60,0.45,150.00
5340,27,1.00,0.90,150.00
5341,1,0.40,0.40,150.00
5341,27,1.00,0.90,150.00
5342,1,0.40,0.45,150.00
5343,1,0.45,0.40,150.00
5343,4,0.35,0.30,150.00
5344,26,0.80,0.75,150.00
5345,1,0.40,0.35,150.00
5346,4,0.30,0.30,150.00
5347,15,1.00,1.00,150.00
5347,9,0.80,0.60,150.00
5348,11,1.50,1.50,150.00
5348,12,0.40,0.30,150.00
5349,24,2.20,1.95,150.00
5350,15,0.00,0.55,150.00
5351,26,0.80,0.75,150.00
5352,4,0.35,0.45,150.00
5353,7,2.25,1.80,150.00
5354,2,0.60,0.50,150.00
5354,27,1.00,0.75,150.00
5355,12,0.40,0.45,150.00
5355,27,1.00,0.95,150.00
5356,10,1.00,1.00,150.00
5356,21,1.20,1.00,150.00
5357,11,1.50,1.00,150.00
5357,13,2.00,2.05,150.00
5358,36,2.00,1.95,150.00
5359,1,0.40,0.30,150.00
5360,23,4.50,4.20,150.00
5361,1,0.40,0.35,150.00
5362,1,0.40,0.45,150.00
5363,1,0.40,0.55,150.00
5364,12,0.40,0.60,150.00
5364,1,0.40,0.55,150.00
5365,11,1.50,1.85,150.00
5365,13,2.00,2.10,150.00
5365,9,0.80,1.00,150.00
5365,2,0.60,0.65,150.00
5366,2,0.65,0.80,150.00
5367,2,0.60,0.75,150.00
5368,15,1.00,1.05,150.00
5369,26,0.80,0.60,150.00
5370,15,1.25,1.60,150.00
5371,14,1.80,1.30,150.00
5372,15,1.00,1.25,150.00
5373,1,0.40,0.45,150.00
5374,1,0.40,0.35,150.00
5375,2,0.60,0.50,150.00
5376,26,0.80,1.00,150.00
5377,7,1.80,1.80,150.00
5378,21,0.00,0.60,150.00
5379,5,1.00,1.05,150.00
5379,2,0.60,0.65,150.00
5380,1,0.40,0.50,150.00
5380,4,0.30,0.40,150.00
5381,2,0.60,0.70,150.00
5382,1,0.40,0.40,150.00
5383,12,0.40,0.45,150.00
5384,1,0.40,0.35,150.00
5385,1,0.40,0.50,150.00
5386,13,2.00,2.15,150.00
5387,12,0.40,0.35,150.00
5388,12,0.40,0.50,150.00
5389,27,1.00,1.15,150.00
5389,3,0.50,0.95,150.00
5390,1,0.40,0.40,150.00
5390,9,0.80,0.90,150.00
5391,12,0.40,0.35,150.00
5391,2,0.60,0.55,150.00
5392,1,0.40,0.40,150.00
5392,27,1.00,0.85,150.00
5392,9,0.80,0.70,150.00
5393,1,0.40,0.45,150.00
5394,16,3.50,2.90,150.00
5394,1,0.40,0.35,150.00
5395,1,0.40,0.45,150.00
5396,12,0.40,0.55,150.00
5397,7,2.25,2.30,150.00
5398,21,1.20,0.95,150.00
5398,1,0.40,0.30,150.00
5398,2,0.60,0.50,150.00
5399,1,0.40,0.55,150.00
5400,2,0.60,0.55,150.00
5401,26,0.80,0.80,150.00
5401,27,1.00,1.05,150.00
5402,1,0.40,0.35,150.00
5403,8,1.20,1.35,150.00
5403,27,1.00,1.15,150.00
5403,2,0.60,0.80,150.00
5404,1,0.40,0.40,150.00
5405,16,3.50,2.90,150.00
5406,7,1.80,1.90,150.00
5407,2,0.75,0.65,150.00
5408,9,0.90,0.75,150.00
5409,1,0.40,0.35,150.00
5410,12,0.50,0.55,150.00
5411,27,1.00,1.25,150.00
5412,27,1.00,1.20,150.00
5413,33,3.00,2.90,150.00
5414,13,2.00,2.10,150.00
5415,1,0.40,0.35,150.00
5416,28,3.00,3.00,150.00
5416,27,1.00,0.90,150.00
5417,1,0.40,0.35,150.00
5418,5,1.00,0.80,150.00
5419,34,6.00,5.25,150.00
5420,4,0.30,0.40,150.00
5421,7,1.80,2.00,150.00
5422,12,0.40,0.35,150.00
5423,15,1.00,1.00,150.00
5423,3,0.50,0.55,150.00
5424,15,0.00,0.45,150.00
5425,15,1.00,1.05,150.00
5426,1,0.40,0.55,150.00
5426,3,0.50,0.45,150.00
5427,13,2.00,1.90,150.00
5428,10,1.00,1.05,150.00
5429,1,0.50,0.45,150.00
5430,13,2.00,1.75,150.00
5431,3,0.50,0.40,150.00
5432,10,1.25,1.10,150.00
5432,20,1.50,1.80,150.00
5433,26,0.80,0.70,150.00
5434,1,0.40,0.35,150.00
5434,32,1.00,0.90,150.00
5434,9,0.80,0.70,150.00
5435,26,0.80,0.65,150.00
5436,27,1.00,1.00,150.00
5436,1,0.40,0.45,150.00
5437,19,2.50,4.05,150.00
5438,28,3.00,2.80,150.00
5439,15,1.00,0.95,150.00
5439,32,1.00,1.30,150.00
5440,36,2.00,1.95,150.00
5440,4,0.30,0.35,150.00
5440,1,0.40,0.35,150.00
5441,7,1.80,1.10,150.00
5441,4,0.30,0.25,150.00
5442,12,0.40,0.35,150.00
5443,7,1.80,1.45,150.00
5443,27,1.00,0.70,150.00
5444,12,0.40,0.35,150.00
5445,2,0.60,0.80,150.00
5445,3,0.50,0.55,150.00
5446,15,1.00,1.45,150.00
5447,5,1.00,0.75,150.00
5447,3,0.50,0.50,150.00
5447,32,1.00,0.95,150.00
5448,1,0.40,0.30,150.00
5448,3,0.50,0.40,150.00
5449,34,6.00,4.60,150.00
5449,4,0.30,0.30,150.00
5450,12,0.40,0.45,150.00
5450,3,0.50,0.50,150.00
5451,20,1.20,1.25,150.00
5452,1,0.40,0.30,150.00
5453,4,0.30,0.30,150.00
5453,1,0.40,0.50,150.00
5453,32,1.00,0.60,150.00
5454,1,0.40,0.30,150.00
5454,32,1.00,0.65,150.00
5454,2,0.60,0.35,150.00
5455,5,1.25,1.30,150.00
5456,1,0.40,0.55,150.00
5457,12,0.40,0.55,150.00
5457,27,1.00,1.20,150.00
5458,10,1.00,0.80,150.00
5459,18,3.00,3.25,150.00
5460,34,6.00,4.05,150.00
5460,2,0.60,0.65,150.00
5461,1,0.40,0.40,150.00
5461,32,1.00,1.45,150.00
5461,9,0.80,0.80,150.00
5462,27,1.10,1.30,150.00
5463,15,1.00,1.00,150.00
5464,37,0.80,0.60,150.00
5464,27,1.00,1.10,150.00
5465,22,0.80,1.00,150.00
5466,1,0.40,0.45,150.00
5466,9,0.80,0.70,150.00
5466,3,0.50,0.65,150.00
5467,11,1.50,1.25,150.00
5467,1,0.40,0.35,150.00
5468,21,1.20,1.95,150.00
5469,2,0.60,0.55,150.00
5470,9,0.80,0.95,150.00
5471,1,0.40,0.35,150.00
5471,4,0.30,0.30,150.00
5471,2,0.60,0.55,150.00
5472,9,0.80,0.80,150.00
5472,3,0.50,0.40,150.00
5472,2,0.60,0.65,150.00
5473,2,0.60,0.45,150.00
5473,32,1.00,0.95,150.00
5474,26,0.80,1.00,150.00
5475,1,0.40,0.45,150.00
5476,10,1.00,0.75,150.00
5476,24,2.20,1.75,150.00
5476,32,1.00,0.75,150.00
5477,4,0.30,0.25,150.00
5477,32,1.00,1.10,150.00
5477,2,0.60,0.65,150.00
5478,11,1.90,1.60,150.00
5478,13,2.50,2.05,150.00
5479,19,2.50,2.65,150.00
5479,27,1.00,0.95,150.00
5480,18,3.75,3.50,150.00
5481,1,0.40,0.40,150.00
5481,32,1.00,0.95,150.00
5482,1,0.40,0.40,150.00
5483,31,1.20,1.40,150.00
5484,10,1.00,1.05,150.00
5485,28,3.00,2.70,150.00
5485,27,1.00,0.90,150.00
5486,8,1.20,1.20,150.00
5486,1,0.40,0.30,150.00
5487,5,1.00,1.10,150.00
5488,6,1.20,1.40,150.00
5488,3,0.50,0.55,150.00
5489,1,0.40,0.40,150.00
5489,2,0.60,0.60,150.00
5490,25,0.60,0.55,150.00
5490,4,0.30,0.40,150.00
5491,9,0.80,0.80,150.00
5491,1,0.40,0.35,150.00
5491,32,1.00,0.90,150.00
5492,8,1.20,1.30,150.00
5493,1,0.40,0.40,150.00
5493,2,0.60,0.55,150.00
5494,12,0.40,0.35,150.00
5494,27,1.00,0.85,150.00
5495,9,0.80,1.40,150.00
5495,27,1.00,1.60,150.00
5496,12,0.00,0.20,150.00
5497,12,0.40,0.45,150.00
5498,11,1.50,1.60,150.00
5498,12,0.40,0.50,150.00
5499,1,0.40,0.55,150.00
5500,19,2.50,2.65,150.00
5500,27,1.00,0.80,150.00
5501,9,0.90,1.35,150.00
5502,15,1.00,1.45,150.00
5503,12,0.50,0.35,150.00
5504,22,0.80,0.65,150.00
5505,4,0.35,0.30,150.00
5506,1,0.50,0.55,150.00
5507,5,1.25,2.10,150.00
5508,1,0.40,0.40,150.00
5509,8,1.20,1.50,150.00
5509,1,0.40,0.35,150.00
5510,15,1.00,0.95,150.00
5510,27,1.00,0.85,150.00
5510,1,0.40,0.35,150.00
5511,27,1.00,1.00,150.00
5512,27,1.00,1.35,150.00
5513,11,1.50,1.55,150.00
5513,14,1.80,2.00,150.00
5514,1,0.40,0.40,150.00
5515,15,1.00,1.05,150.00
5516,1,0.40,0.55,150.00
5517,20,1.20,1.35,150.00
5518,1,0.50,0.70,150.00
5519,15,1.10,1.00,150.00
5519,4,0.35,0.35,150.00
5520,12,0.00,0.20,150.00
5521,1,0.40,0.55,150.00
5522,15,1.00,1.05,150.00
5523,33,3.30,3.85,150.00
5524,1,0.40,0.45,150.00
5524,3,0.50,0.55,150.00
5525,29,2.00,2.20,150.00
5525,27,1.00,0.95,150.00
5526,12,0.40,0.70,150.00
5527,18,3.00,2.90,150.00
5528,15,1.00,0.90,150.00
5529,1,0.40,0.30,150.00
5530,13,2.00,1.90,150.00
5531,1,0.50,0.65,150.00
5531,32,1.25,1.85,150.00
5532,1,0.40,0.55,150.00
5533,31,1.20,1.35,150.00
5534,6,1.20,1.30,150.00
5535,12,0.40,0.35,150.00
5535,2,0.60,0.65,150.00
5536,11,1.90,1.70,150.00
5536,14,2.25,2.45,150.00
5536,32,1.25,1.15,150.00
5536,4,0.40,0.35,150.00
5537,15,1.00,1.50,150.00
5537,3,0.50,0.85,150.00
5537,27,1.00,1.30,150.00
5538,19,2.75,2.40,150.00
5538,1,0.45,0.40,150.00
5538,32,1.10,1.00,150.00
5539,15,0.00,0.45,150.00
5540,33,3.00,3.25,150.00
5541,25,0.60,0.55,150.00
5542,1,0.40,0.35,150.00
5542,4,0.30,0.30,150.00
5543,21,0.00,0.80,150.00
5544,1,0.40,0.65,150.00
5545,1,0.40,0.50,150.00
5546,27,1.00,1.20,150.00
5547,29,2.50,2.75,150.00
5547,1,0.50,0.45,150.00
5548,10,1.00,1.05,150.00
5548,21,1.20,1.05,150.00
5549,10,1.00,1.50,150.00
5549,30,2.00,1.50,150.00
5550,7,1.80,1.75,150.00
5551,1,0.40,0.40,150.00
5551,2,0.60,0.55,150.00
5552,1,0.40,0.40,150.00
5553,4,0.30,0.45,150.00
5554,8,1.20,1.75,150.00
5554,3,0.50,0.65,150.00
5555,1,0.40,0.40,150.00
5556,13,2.00,1.65,150.00
5556,4,0.30,0.20,150.00
5557,1,0.40,0.35,150.00
5558,6,1.50,2.10,150.00
5559,12,0.40,0.40,150.00
5560,7,1.80,1.85,150.00
5561,1,0.40,0.65,150.00
5562,10,1.00,0.80,150.00
5562,22,0.80,0.85,150.00
5563,2,0.75,0.90,150.00
5564,29,2.20,3.10,150.00
5564,32,1.10,1.25,150.00
5564,27,1.10,1.75,150.00
5565,14,1.80,1.90,150.00
5565,27,1.00,0.90,150.00
5566,15,1.00,0.80,150.00
5567,1,0.40,0.60,150.00
5568,22,1.00,1.30,150.00
5568,2,0.75,0.85,150.00
5568,1,0.50,0.70,150.00
5569,32,1.25,1.20,150.00
5570,1,0.40,0.35,150.00
5571,1,0.50,0.45,150.00
5572,25,0.60,0.75,150.00
5572,2,0.60,0.55,150.00
5572,32,1.00,0.90,150.00
5573,15,1.00,1.00,150.00
5574,12,0.40,0.45,150.00
5575,1,0.40,0.50,150.00
5576,11,1.50,1.55,150.00
5576,12,0.40,0.40,150.00
5577,8,1.20,1.70,150.00
5578,16,3.50,3.60,150.00
5579,1,0.40,0.45,150.00
5580,12,0.40,0.65,150.00
5580,1,0.40,0.60,150.00
5581,19,2.50,2.75,150.00
5582,7,1.80,1.25,150.00
5582,2,0.60,0.80,150.00
5582,9,0.80,0.70,150.00
5583,7,1.80,1.45,150.00
5583,2,0.60,0.70,150.00
5584,12,0.40,0.35,150.00
5585,1,0.40,0.50,150.00
5586,15,1.00,1.05,150.00
5586,1,0.40,0.35,150.00
5587,12,0.40,0.45,150.00
5588,12,0.50,0.30,150.00
5589,27,1.00,1.35,150.00
5590,1,0.40,0.60,150.00
5590,3,0.50,0.75,150.00
5591,15,1.00,0.85,150.00
5592,1,0.40,0.35,150.00
5593,15,1.00,1.20,150.00
5594,15,1.25,0.80,150.00
5594,3,0.60,0.65,150.00
5595,21,1.20,1.15,150.00
5595,27,1.00,1.05,150.00
5596,1,0.40,0.45,150.00
5596,3,0.50,0.60,150.00
5596,4,0.30,0.35,150.00
5597,8,1.50,2.25,150.00
5598,2,0.75,0.70,150.00
5599,15,1.00,1.20,150.00
5600,18,3.00,3.00,150.00
5600,27,1.00,0.80,150.00
5600,3,0.50,0.40,150.00
5601,1,0.45,0.55,150.00
5601,2,0.65,0.80,150.00
5602,10,1.25,2.25,150.00
5603,15,1.00,0.70,150.00
5604,1,0.40,0.40,150.00
5605,9,0.80,1.20,150.00
5605,3,0.50,0.60,150.00
5606,3,0.50,0.50,150.00
5607,1,0.50,0.45,150.00
5607,27,1.25,1.20,150.00
5607,3,0.60,0.70,150.00
5608,15,1.00,0.95,150.00
5609,20,1.20,1.30,150.00
5609,9,0.80,0.75,150.00
5610,25,0.60,0.55,150.00
5611,1,0.40,0.45,150.00
5612,8,1.20,1.45,150.00
5613,11,1.50,2.15,150.00
5613,14,1.80,2.45,150.00
5614,15,1.00,1.00,150.00
5614,9,0.80,0.75,150.00
5615,1,0.50,0.45,150.00
5616,15,1.00,1.20,150.00
5617,17,2.50,2.40,150.00
5618,37,0.80,1.15,150.00
5618,4,0.30,0.45,150.00
5618,27,1.00,1.50,150.00
5619,12,0.40,0.45,150.00
5620,11,1.50,1.35,150.00
5620,13,2.00,2.05,150.00
5620,2,0.60,0.50,150.00
5621,25,0.60,0.75,150.00
5621,1,0.40,0.45,150.00
5622,15,1.00,1.80,150.00
5623,1,0.40,0.40,150.00
5623,2,0.60,0.60,150.00
5624,15,1.00,1.05,150.00
5625,11,1.90,1.95,150.00
5625,13,2.50,2.35,150.00
5625,9,1.00,0.80,150.00
5625,2,0.75,0.80,150.00
5626,6,1.20,1.15,150.00
5627,20,0.00,0.85,150.00
5628,20,1.20,1.80,150.00
5628,4,0.30,0.35,150.00
5629,1,0.40,0.50,150.00
5629,2,0.60,0.80,150.00
5630,26,0.00,0.50,150.00
5631,15,1.00,1.35,150.00
5632,17,2.50,1.80,150.00
5632,3,0.50,0.30,150.00
5633,1,0.40,0.70,150.00
5634,1,0.40,0.60,150.00
5634,27,1.00,1.35,150.00
5635,1,0.40,0.55,150.00
5635,9,0.80,1.25,150.00
5636,7,1.80,1.45,150.00
5637,7,1.80,1.65,150.00
5638,1,0.40,0.40,150.00
5639,1,0.40,0.35,150.00
5640,1,0.40,0.40,150.00
5641,1,0.40,0.60,150.00
5641,9,0.80,1.15,150.00
5642,2,0.60,0.60,150.00
5643,23,5.60,4.60,150.00
5644,1,0.45,0.45,150.00
5644,32,1.10,1.45,150.00
5645,15,1.00,1.35,150.00
5645,32,1.00,1.30,150.00
5646,27,1.00,0.80,150.00
5647,7,1.80,1.55,150.00
5647,1,0.40,0.40,150.00
5648,1,0.40,0.60,150.00
5649,1,0.40,0.70,150.00
5650,21,1.20,1.35,150.00
5650,9,0.80,0.80,150.00
5650,4,0.30,0.30,150.00
5651,6,1.20,0.85,150.00
5651,4,0.30,0.25,150.00
5652,5,1.00,1.25,150.00
5653,3,0.50,0.40,150.00
5654,15,1.00,1.10,150.00
5655,15,0.00,0.65,150.00
5656,15,1.00,1.05,150.00
5656,1,0.40,0.40,150.00
5657,28,3.00,3.10,150.00
5657,9,0.80,0.95,150.00
5657,27,1.00,1.20,150.00
5658,24,2.20,2.70,150.00
5658,9,0.80,1.05,150.00
5659,15,1.00,1.20,150.00
5659,1,0.40,0.65,150.00
5660,7,1.80,1.70,150.00
5661,7,1.80,1.60,150.00
5662,1,0.40,0.45,150.00
5663,1,0.40,0.40,150.00
5664,8,1.20,1.10,150.00
5665,15,1.00,1.50,150.00
5666,31,0.00,0.70,150.00
5667,8,1.20,1.10,150.00
5668,1,0.50,0.65,150.00
5669,6,1.20,2.40,150.00
5670,20,1.30,1.35,150.00
5670,9,0.90,0.90,150.00
5670,27,1.10,0.80,150.00
5671,15,1.00,1.50,150.00
5672,8,1.20,1.15,150.00
5673,10,1.00,0.95,150.00
5673,21,1.20,1.50,150.00
5674,15,1.00,1.10,150.00
5675,7,1.80,1.15,150.00
5676,14,0.00,0.85,150.00
5677,36,2.00,2.00,150.00
5677,9,0.80,0.85,150.00
5678,33,3.00,2.20,150.00
5679,27,1.00,0.85,150.00
5680,16,3.50,3.45,150.00
5680,4,0.30,0.25,150.00
5681,23,4.50,3.45,150.00
5682,8,1.20,0.90,150.00
5683,14,1.80,1.85,150.00
5684,9,0.90,0.80,150.00
5685,26,0.80,1.10,150.00
5686,1,0.45,0.55,150.00
5687,1,0.40,0.45,150.00
5688,36,2.00,1.50,150.00
5688,9,0.80,0.60,150.00
5689,1,0.40,0.35,150.00
5689,9,0.80,0.95,150.00
5690,31,0.00,1.20,150.00
5691,1,0.40,0.60,150.00
5692,10,1.25,1.60,150.00
5693,15,1.00,0.85,150.00
5694,1,0.40,0.40,150.00
5695,1,0.40,0.35,150.00
5695,3,0.50,0.55,150.00
5696,1,0.40,0.35,150.00
5697,2,0.60,0.85,150.00
5698,5,1.00,0.90,150.00
5698,9,0.80,0.65,150.00
5699,36,2.00,1.55,150.00
5700,1,0.40,0.45,150.00
5701,3,0.50,0.40,150.00
5702,12,0.50,0.80,150.00
5703,12,0.40,0.40,150.00
5704,1,0.40,0.55,150.00
5705,1,0.45,0.60,150.00
5706,12,0.00,0.15,150.00
5707,34,6.00,6.80,150.00
5708,31,1.20,1.30,150.00
5708,1,0.40,0.45,150.00
5709,15,1.00,1.80,150.00
5709,2,0.60,0.95,150.00
5710,15,1.00,1.25,150.00
5710,1,0.40,0.45,150.00
5711,7,1.80,1.75,150.00
5711,3,0.50,0.40,150.00
5712,15,1.00,1.40,150.00
5712,4,0.30,0.40,150.00
5713,1,0.40,0.55,150.00
5713,2,0.60,0.65,150.00
5713,4,0.30,0.30,150.00
5714,5,1.00,0.85,150.00
5714,9,0.80,0.70,150.00
5715,29,2.00,1.75,150.00
5715,27,1.00,0.75,150.00
5716,1,0.40,0.65,150.00
5717,8,1.20,1.85,150.00
5718,3,0.50,0.80,150.00
5719,1,0.40,0.40,150.00
5720,12,0.40,0.65,150.00
5721,15,1.00,1.05,150.00
5722,22,1.00,1.05,150.00
5723,14,2.00,3.70,150.00
5723,9,0.90,1.00,150.00
5724,15,1.00,1.30,150.00
5724,3,0.50,0.60,150.00
5725,21,1.20,1.40,150.00
5726,19,2.50,3.30,150.00
5727,15,1.25,1.55,150.00
5728,11,1.50,1.40,150.00
5728,13,2.00,1.90,150.00
5729,20,1.20,1.20,150.00
5730,1,0.40,0.50,150.00
5730,3,0.50,0.50,150.00
5731,3,0.50,0.65,150.00
5732,7,1.80,1.85,150.00
5733,1,0.40,0.35,150.00
5734,1,0.40,0.35,150.00
5735,7,1.80,2.05,150.00
5736,6,1.20,1.55,150.00
5736,2,0.60,0.85,150.00
5737,1,0.40,0.30,150.00
5738,19,2.50,2.65,150.00
5739,34,6.00,5.00,150.00
5740,36,2.00,2.30,150.00
5741,1,0.40,0.45,150.00
5742,10,1.00,1.00,150.00
5742,30,2.00,1.55,150.00
5743,8,1.20,1.10,150.00
5744,20,1.20,1.40,150.00
5745,23,4.50,3.75,150.00
5745,1,0.40,0.35,150.00
5745,32,1.00,0.75,150.00
5746,3,0.50,0.55,150.00
5747,5,1.25,1.05,150.00
5747,32,1.25,1.15,150.00
5748,1,0.40,0.40,150.00
5749,4,0.30,0.40,150.00
5750,31,1.20,1.30,150.00
5750,1,0.40,0.35,150.00
5751,29,2.00,1.75,150.00
5752,5,1.00,1.10,150.00
5752,9,0.80,0.55,150.00
5753,8,1.20,1.05,150.00
5754,10,1.00,1.30,150.00
5754,3,0.50,0.70,150.00
5754,32,1.00,1.00,150.00
5755,7,1.80,1.40,150.00
5755,4,0.30,0.25,150.00
5756,5,1.00,0.90,150.00
5756,27,1.00,1.00,150.00
5757,34,6.00,5.90,150.00
5758,17,2.50,2.25,150.00
5759,1,0.40,0.55,150.00
5760,15,1.00,0.85,150.00
5761,12,0.50,0.50,150.00
5762,9,1.00,1.05,150.00
5763,8,1.20,2.25,150.00
5763,32,1.00,1.60,150.00
5763,4,0.30,0.45,150.00
5764,8,1.20,1.30,150.00
5765,35,10.00,13.05,150.00
5766,34,6.00,8.50,150.00
5766,27,1.00,0.90,150.00
5767,14,1.80,1.35,150.00
5768,1,0.40,0.55,150.00
5768,2,0.60,0.80,150.00
5768,3,0.50,0.90,150.00
5769,16,3.50,3.05,150.00
5770,12,0.40,0.40,150.00
5771,4,0.30,0.45,150.00
5772,1,0.50,0.45,150.00
5772,4,0.40,0.25,150.00
5773,27,1.00,1.55,150.00
5774,1,0.40,0.40,150.00
5775,1,0.45,0.65,150.00
5775,27,1.10,1.60,150.00
5776,10,1.00,0.80,150.00
5776,30,2.00,1.75,150.00
5777,7,2.25,1.95,150.00
5777,27,1.25,1.25,150.00
5777,1,0.50,0.50,150.00
5778,1,0.50,0.65,150.00
5779,23,4.50,3.70,150.00
5780,31,1.20,1.35,150.00
5780,3,0.50,0.75,150.00
5781,6,1.20,0.95,150.00
5781,27,1.00,1.20,150.00
5782,8,0.00,1.50,150.00
5783,7,1.80,2.20,150.00
5783,2,0.60,0.55,150.00
5784,19,2.50,2.50,150.00
5784,9,0.80,0.85,150.00
5784,2,0.60,0.55,150.00
5785,22,0.80,1.00,150.00
5786,1,0.40,0.35,150.00
5787,10,1.00,0.85,150.00
5787,22,0.80,0.75,150.00
5787,4,0.30,0.30,150.00
5788,7,2.25,3.60,150.00
5788,4,0.40,0.25,150.00
5789,3,0.50,0.40,150.00
5790,16,3.85,4.65,150.00
5790,4,0.35,0.30,150.00
5791,2,0.60,0.50,150.00
5791,1,0.40,0.50,150.00
5792,15,1.25,1.10,150.00
5792,2,0.75,0.70,150.00
5792,9,1.00,0.95,150.00
5793,15,1.00,1.00,150.00
5793,32,1.00,0.90,150.00
5794,12,0.40,0.60,150.00
5794,27,1.00,1.35,150.00
5795,5,1.00,1.15,150.00
5796,1,0.40,0.70,150.00
5797,2,0.60,0.45,150.00
5798,1,0.40,0.45,150.00
5798,3,0.50,0.50,150.00
5799,12,0.40,0.45,150.00
5800,2,0.75,0.80,150.00
5801,1,0.40,0.35,150.00
5801,3,0.50,0.55,150.00
5802,1,0.40,0.50,150.00
5802,32,1.00,1.20,150.00
5803,12,0.40,0.50,150.00
5803,1,0.40,0.45,150.00
5804,26,0.80,0.55,150.00
5805,12,0.40,0.35,150.00
5806,12,0.50,0.70,150.00
5807,22,0.80,1.00,150.00
5808,12,0.40,0.35,150.00
5809,3,0.50,0.65,150.00
5810,15,1.00,1.35,150.00
5810,27,1.00,1.40,150.00
5810,9,0.80,0.70,150.00
5811,16,3.50,4.05,150.00
5812,1,0.40,0.50,150.00
5813,28,3.00,2.75,150.00
5813,32,1.00,0.85,150.00
5813,1,0.40,0.40,150.00
5813,27,1.00,1.10,150.00
5814,15,1.00,0.90,150.00
5814,3,0.50,0.60,150.00
5815,12,0.40,0.80,150.00
5816,9,0.80,0.75,150.00
5817,1,0.40,0.45,150.00
5817,3,0.50,0.55,150.00
5818,12,0.40,0.25,150.00
5819,31,1.20,1.25,150.00
5820,8,1.20,1.30,150.00
5821,26,0.80,0.60,150.00
5822,10,1.25,1.60,150.00
5823,18,3.00,2.85,150.00
5824,12,0.40,0.45,150.00
5824,1,0.40,0.40,150.00
5824,27,1.00,1.05,150.00
5825,22,0.80,1.30,150.00
5825,2,0.60,1.00,150.00
5826,19,2.50,3.45,150.00
5827,15,1.00,1.25,150.00
5828,15,1.00,1.15,150.00
5829,3,0.50,0.50,150.00
5829,1,0.40,0.35,150.00
5830,15,1.00,1.45,150.00
5831,1,0.40,0.65,150.00
5831,2,0.60,1.00,150.00
5832,10,1.00,1.10,150.00
5832,26,0.80,0.90,150.00
5832,2,0.60,0.95,150.00
5833,1,0.40,0.35,150.00
5833,9,0.80,0.70,150.00
5834,12,0.40,0.35,150.00
5835,2,0.75,0.90,150.00
5836,1,0.40,0.70,150.00
5837,17,2.50,2.60,150.00
5838,15,1.00,1.05,150.00
5839,1,0.50,0.65,150.00
5839,32,1.25,1.50,150.00
5839,9,1.00,1.30,150.00
5840,1,0.40,0.40,150.00
5840,27,1.00,0.90,150.00
5840,32,1.00,0.90,150.00
5841,27,1.00,1.25,150.00
5842,5,1.10,1.25,150.00
5843,10,1.00,0.90,150.00
5844,31,0.00,0.80,150.00
5845,7,1.80,1.10,150.00
5845,3,0.50,0.35,150.00
5846,1,0.40,0.35,150.00
5846,3,0.50,0.55,150.00
5847,26,0.80,0.85,150.00
5848,33,3.00,2.70,150.00
5849,6,1.20,1.80,150.00
5850,16,3.50,3.10,150.00
5850,3,0.50,0.55,150.00
5850,4,0.30,0.25,150.00
5851,20,1.20,1.90,150.00
5852,7,2.25,1.85,150.00
5853,12,0.40,0.45,150.00
5854,1,0.40,0.45,150.00
5854,9,0.80,0.90,150.00
5855,16,3.50,2.80,150.00
5856,12,0.50,0.45,150.00
5856,3,0.60,0.65,150.00
5856,32,1.25,1.10,150.00
5857,1,0.40,0.55,150.00
5858,23,4.50,4.00,150.00
5859,16,3.50,3.70,150.00
5860,16,3.50,3.30,150.00
5861,12,0.50,0.65,150.00
5861,4,0.40,0.40,150.00
5862,8,1.20,1.05,150.00
5863,15,1.00,1.20,150.00
5864,16,3.50,3.20,150.00
5865,15,1.00,0.90,150.00
5865,4,0.30,0.30,150.00
5865,1,0.40,0.60,150.00
5866,1,0.40,0.40,150.00
5867,15,1.00,1.25,150.00
5867,32,1.00,1.30,150.00
5868,15,1.00,1.15,150.00
5868,3,0.50,0.60,150.00
5869,1,0.40,0.40,150.00
5869,32,1.00,1.15,150.00
5869,3,0.50,0.75,150.00
5870,15,1.00,0.95,150.00
5870,27,1.00,1.20,150.00
5871,1,0.40,0.35,150.00
5872,12,0.40,0.35,150.00
5872,32,1.00,1.10,150.00
5873,1,0.40,0.55,150.00
5874,11,1.50,1.30,150.00
5874,12,0.40,0.40,150.00
5874,32,1.00,1.10,150.00
5875,5,1.00,1.10,150.00
5875,1,0.40,0.35,150.00
5876,1,0.40,0.55,150.00
5877,12,0.40,0.55,150.00
5878,13,2.00,2.00,150.00
5878,2,0.60,0.50,150.00
5879,13,2.00,2.45,150.00
5879,32,1.00,0.90,150.00
5880,10,1.00,1.50,150.00
5880,1,0.40,0.55,150.00
5881,2,0.60,1.10,150.00
5881,32,1.00,1.35,150.00
5882,24,2.20,1.85,150.00
5883,15,1.00,1.40,150.00
5884,9,0.80,1.45,150.00
5884,2,0.60,0.85,150.00
5885,17,2.50,2.50,150.00
5885,1,0.40,0.30,150.00
5886,12,0.40,0.45,150.00
5887,32,1.00,1.35,150.00
5887,27,1.00,1.70,150.00
5888,26,0.80,0.85,150.00
5889,1,0.40,0.40,150.00
5890,1,0.40,0.45,150.00
5890,2,0.60,0.55,150.00
5891,10,1.00,0.85,150.00
5892,15,1.00,1.05,150.00
5892,4,0.30,0.25,150.00
5892,27,1.00,1.15,150.00
5893,15,1.00,0.95,150.00
5894,2,0.60,0.55,150.00
5894,32,1.00,1.10,150.00
5895,1,0.40,0.30,150.00
5896,16,3.50,3.25,150.00
5897,14,0.00,1.05,150.00
5898,5,1.00,1.05,150.00
5899,1,0.40,0.30,150.00
5900,15,1.00,1.20,150.00
5901,15,1.00,1.40,150.00
5902,15,1.00,1.70,150.00
5903,22,0.80,0.70,150.00
5904,10,1.00,0.85,150.00
5905,21,1.20,1.20,150.00
5906,11,1.50,1.30,150.00
5906,14,1.80,1.55,150.00
5906,9,0.80,0.80,150.00
5907,1,0.40,0.35,150.00
5907,9,0.80,0.85,150.00
5907,4,0.30,0.30,150.00
5908,1,0.40,0.50,150.00
5909,3,0.50,0.65,150.00
5909,9,0.80,0.65,150.00
5910,1,0.40,0.45,150.00
5911,10,1.00,1.10,150.00
5911,27,1.00,1.00,150.00
5912,7,1.80,1.60,150.00
5913,1,0.40,0.25,150.00
5913,3,0.50,0.50,150.00
5913,9,0.80,0.75,150.00
5914,19,2.50,2.55,150.00
5914,27,1.00,0.65,150.00
5915,10,1.00,0.90,150.00
5915,30,2.00,1.70,150.00
5916,1,0.40,0.40,150.00
5916,32,1.00,1.60,150.00
5916,2,0.60,0.95,150.00
5917,13,2.50,2.55,150.00
5917,4,0.40,0.30,150.00
5918,1,0.40,0.35,150.00
5918,4,0.30,0.30,150.00
5919,1,0.50,0.55,150.00
5919,32,1.25,1.85,150.00
5920,4,0.30,0.30,150.00
5921,7,1.80,1.80,150.00
5921,2,0.60,0.65,150.00
5922,1,0.40,0.45,150.00
5923,21,1.20,1.55,150.00
5924,21,1.20,1.05,150.00
5924,9,0.80,0.85,150.00
5925,1,0.40,0.60,150.00
5926,1,0.40,0.45,150.00
5927,17,2.50,1.75,150.00
5928,18,3.00,3.75,150.00
5929,37,0.80,0.90,150.00
5929,27,1.00,0.75,150.00
5930,1,0.40,0.30,150.00
5931,1,0.40,0.30,150.00
5931,27,1.00,1.10,150.00
5932,8,1.20,1.00,150.00
5933,32,1.00,1.10,150.00
5934,19,2.50,2.55,150.00
5935,27,1.00,1.05,150.00
5936,2,0.60,0.85,150.00
5937,1,0.40,0.35,150.00
5938,13,2.00,1.55,150.00
5938,2,0.60,0.65,150.00
5939,12,0.45,0.55,150.00
5940,15,1.00,0.85,150.00
5940,27,1.00,1.25,150.00
5941,15,1.00,0.90,150.00
5942,7,1.80,1.80,150.00
5942,4,0.30,0.25,150.00
5943,23,4.50,4.35,150.00
5944,22,0.80,1.00,150.00
5945,15,1.25,2.35,150.00
5946,15,1.00,0.65,150.00
5946,32,1.00,1.10,150.00
5947,2,0.60,1.10,150.00
5948,38,2.50,2.15,150.00
5949,1,0.50,0.50,150.00
5949,32,1.25,0.95,150.00
5950,15,0.00,0.45,150.00
5951,12,0.40,0.45,150.00
5952,10,1.00,1.40,150.00
5952,26,0.80,1.05,150.00
5953,7,2.25,2.55,150.00
5954,7,1.80,1.50,150.00
5955,11,1.50,1.20,150.00
5955,13,2.00,1.95,150.00
5956,15,1.00,1.20,150.00
5957,1,0.40,0.45,150.00
5957,9,0.80,1.05,150.00
5957,4,0.30,0.40,150.00
5958,19,2.50,2.00,150.00
5958,4,0.30,0.30,150.00
5959,5,1.00,1.60,150.00
5960,15,1.00,1.45,150.00
5961,15,1.00,1.70,150.00
5961,27,1.00,1.70,150.00
5962,1,0.50,0.50,150.00
5963,1,0.40,0.50,150.00
5964,15,0.00,0.50,150.00
5965,15,1.00,1.10,150.00
5965,32,1.00,1.00,150.00
5965,1,0.40,0.65,150.00
5966,1,0.40,0.35,150.00
5967,21,1.20,1.55,150.00
5968,1,0.40,0.40,150.00
5969,10,1.00,1.15,150.00
5970,9,0.80,0.65,150.00
5971,12,0.50,0.55,150.00
5972,10,1.00,0.90,150.00
5972,4,0.30,0.40,150.00
5973,1,0.40,0.35,150.00
5974,12,0.40,0.35,150.00
5975,1,0.40,0.40,150.00
5976,5,1.00,0.80,150.00
5977,12,0.40,0.45,150.00
5978,36,2.00,1.75,150.00
5978,9,0.80,0.95,150.00
5978,1,0.40,0.35,150.00
5979,1,0.40,0.40,150.00
5980,2,0.60,0.55,150.00
5981,14,1.80,2.10,150.00
5982,5,1.00,1.10,150.00
5983,21,1.20,0.95,150.00
5984,1,0.40,0.60,150.00
5984,2,0.60,0.90,150.00
5985,8,1.20,1.20,150.00
5986,1,0.40,0.50,150.00
5987,11,1.50,1.15,150.00
5987,14,1.80,1.45,150.00
5987,9,0.80,0.65,150.00
5987,2,0.60,0.40,150.00
5988,21,1.20,1.05,150.00
5989,8,1.20,1.65,150.00
5990,7,1.80,2.35,150.00
5991,5,1.00,1.60,150.00
5991,27,1.00,1.30,150.00
5991,4,0.30,0.55,150.00
5992,1,0.40,0.40,150.00
5993,15,1.00,1.15,150.00
5994,15,1.00,0.90,150.00
5995,9,1.00,1.20,150.00
5995,3,0.60,0.65,150.00
5996,29,2.50,1.90,150.00
5996,27,1.25,1.55,150.00
5997,15,1.00,1.30,150.00
5998,23,4.95,4.55,150.00
5999,15,1.00,0.95,150.00
5999,4,0.30,0.25,150.00
6000,12,0.40,0.60,150.00
6000,3,0.50,0.75,150.00
6001,8,1.20,1.00,150.00
6001,4,0.30,0.25,150.00
6002,15,1.00,1.30,150.00
6003,5,1.00,1.25,150.00
6003,4,0.30,0.35,150.00
6004,32,1.00,1.25,150.00
6005,25,0.60,0.45,150.00
6005,1,0.40,0.35,150.00
6006,7,1.80,1.95,150.00
6006,4,0.30,0.30,150.00
6007,12,0.40,0.50,150.00
6008,21,1.20,1.65,150.00
6008,27,1.00,1.70,150.00
6009,11,1.50,1.25,150.00
6010,1,0.40,0.35,150.00
6011,15,1.00,0.90,150.00
6012,22,0.80,0.75,150.00
6012,27,1.00,0.85,150.00
6013,12,0.40,0.60,150.00
6014,1,0.40,0.45,150.00
6015,28,3.00,3.20,150.00
6015,1,0.40,0.35,150.00
6015,27,1.00,1.05,150.00
6016,15,0.00,0.40,150.00
6017,26,0.80,0.85,150.00
6018,20,1.20,1.65,150.00
6019,5,1.25,1.55,150.00
6019,9,1.00,1.10,150.00
6020,18,3.00,3.40,150.00
6020,27,1.00,1.15,150.00
6021,8,1.20,1.55,150.00
6022,38,3.10,3.75,150.00
6023,12,0.40,0.40,150.00
6024,1,0.40,0.45,150.00
6025,29,2.00,1.50,150.00
6026,26,0.80,1.00,150.00
6027,18,3.00,2.90,150.00
6027,3,0.50,0.40,150.00
6028,11,1.50,1.30,150.00
6028,12,0.40,0.30,150.00
6029,13,2.00,1.55,150.00
6030,18,3.00,2.70,150.00
6031,10,1.00,1.00,150.00
6031,2,0.60,0.60,150.00
6032,1,0.40,0.45,150.00
6033,1,0.40,0.75,150.00
6034,12,0.40,0.45,150.00
6034,2,0.60,0.60,150.00
6035,15,1.00,0.95,150.00
6035,3,0.50,0.45,150.00
6036,12,0.40,0.35,150.00
6036,3,0.50,0.40,150.00
6037,1,0.40,0.50,150.00
6038,10,1.00,1.10,150.00
6038,26,0.80,0.80,150.00
6038,27,1.00,0.80,150.00
6039,17,2.50,2.40,150.00
6040,24,2.20,2.45,150.00
6041,1,0.40,0.55,150.00
6041,4,0.30,0.40,150.00
6041,3,0.50,0.75,150.00
6042,1,0.40,0.65,150.00
6042,9,0.80,1.20,150.00
6043,4,0.40,0.65,150.00
6044,7,1.80,3.30,150.00
6044,9,0.80,0.90,150.00
6044,3,0.50,0.80,150.00
6045,1,0.40,0.45,150.00
6046,7,1.80,1.30,150.00
6046,32,1.00,1.00,150.00
6046,2,0.60,0.55,150.00
6047,1,0.50,0.75,150.00
6048,21,1.20,1.30,150.00
6049,14,1.80,2.05,150.00
6050,1,0.40,0.50,150.00
6050,9,0.80,0.75,150.00
6051,15,1.00,1.15,150.00
6051,1,0.40,0.50,150.00
6052,5,1.00,1.00,150.00
6052,27,1.00,0.95,150.00
6053,10,1.00,1.15,150.00
6053,22,0.80,1.10,150.00
6053,27,1.00,1.25,150.00
6054,7,1.80,1.95,150.00
6054,3,0.50,0.45,150.00
6055,12,0.40,0.40,150.00
6055,32,1.00,1.15,150.00
6056,10,1.25,1.15,150.00
6056,32,1.25,1.70,150.00
6056,4,0.40,0.45,150.00
6057,26,0.80,0.95,150.00
6057,2,0.60,0.80,150.00
6058,15,0.00,0.45,150.00
6059,15,1.00,1.80,150.00
6059,27,1.00,1.10,150.00
6059,9,0.80,1.00,150.00
6060,2,0.60,0.90,150.00
6060,9,0.80,1.00,150.00
6061,2,0.60,0.55,150.00
6062,7,1.80,2.00,150.00
6063,5,1.00,1.30,150.00
6063,2,0.60,1.20,150.00
6064,16,3.50,2.65,150.00
6064,27,1.00,1.00,150.00
6065,33,3.00,2.85,150.00
6065,3,0.50,0.45,150.00
6066,8,1.20,1.35,150.00
6066,3,0.50,0.50,150.00
6067,1,0.40,0.45,150.00
6068,16,3.50,3.00,150.00
6069,1,0.40,0.40,150.00
6069,32,1.00,0.90,150.00
6070,28,3.00,1.90,150.00
6070,27,1.00,0.75,150.00
6071,12,0.40,0.40,150.00
6072,8,1.20,1.20,150.00
6073,3,0.50,0.45,150.00
6073,27,1.00,0.80,150.00
6074,1,0.40,0.70,150.00
6075,25,0.60,0.95,150.00
6076,1,0.50,0.55,150.00
6076,3,0.60,0.70,150.00
6076,32,1.25,1.35,150.00
6077,7,1.80,1.20,150.00
6078,15,1.00,1.05,150.00
6079,1,0.40,0.40,150.00
6079,9,0.80,0.90,150.00
6080,7,1.80,1.25,150.00
6080,32,1.00,0.60,150.00
6080,4,0.30,0.25,150.00
6081,12,0.50,0.55,150.00
6082,15,1.00,1.30,150.00
6083,27,1.00,1.10,150.00
6083,1,0.40,0.50,150.00
6084,12,0.40,0.60,150.00
6085,1,0.40,0.50,150.00
6086,7,1.80,1.30,150.00
6087,19,2.50,3.00,150.00
6087,27,1.00,0.80,150.00
6088,10,1.00,0.95,150.00
6088,3,0.50,0.45,150.00
6089,11,0.00,0.65,150.00
6090,15,1.00,1.30,150.00
6091,36,2.00,1.35,150.00
6091,9,0.80,0.80,150.00
6092,1,0.40,0.35,150.00
6092,4,0.30,0.25,150.00
6093,8,1.20,1.30,150.00
6094,21,1.20,1.75,150.00
6095,10,1.00,0.80,150.00
6096,12,0.40,0.40,150.00
6096,2,0.60,0.90,150.00
6097,8,1.20,1.65,150.00
6098,1,0.40,0.45,150.00
6098,4,0.30,0.30,150.00
6099,21,1.20,1.05,150.00
6100,10,1.00,1.95,150.00
6101,31,1.30,1.25,150.00
6102,7,1.80,2.20,150.00
6102,4,0.30,0.35,150.00
6102,27,1.00,1.65,150.00
6103,1,0.40,0.50,150.00
6104,5,1.00,0.90,150.00
6104,32,1.00,1.10,150.00
6105,28,3.00,2.20,150.00
6106,12,0.40,0.30,150.00
6107,38,2.50,2.65,150.00
6108,12,0.40,0.35,150.00
6109,4,0.30,0.35,150.00
6110,15,0.00,0.30,150.00
6111,18,3.00,1.80,150.00
6111,4,0.30,0.25,150.00
6112,1,0.40,0.55,150.00
6112,4,0.30,0.40,150.00
6113,15,1.00,1.55,150.00
6113,2,0.60,1.10,150.00
6114,15,1.00,1.15,150.00
6115,1,0.40,0.40,150.00
6115,2,0.60,0.50,150.00
6115,9,0.80,0.70,150.00
6116,15,1.00,1.00,150.00
6117,1,0.40,0.35,150.00
6117,3,0.50,0.35,150.00
6117,2,0.60,0.55,150.00
6118,1,0.40,0.55,150.00
6118,2,0.60,0.70,150.00
6119,12,0.40,0.45,150.00
6120,28,3.00,2.50,150.00
6120,32,1.00,0.95,150.00
6120,27,1.00,0.80,150.00
6121,1,0.40,0.55,150.00
6121,9,0.80,1.10,150.00
6122,7,1.80,2.05,150.00
6123,27,1.00,1.40,150.00
6124,2,0.60,0.80,150.00
6125,15,1.00,1.00,150.00
6126,18,3.00,2.25,150.00
6126,1,0.40,0.35,150.00
6127,12,0.00,0.20,150.00
6128,20,1.20,1.20,150.00
6129,1,0.40,0.55,150.00
6130,1,0.40,0.55,150.00
6131,36,2.00,2.15,150.00
6132,15,1.00,1.80,150.00
6133,4,0.30,0.35,150.00
6134,16,3.50,3.10,150.00
6134,4,0.30,0.20,150.00
6135,1,0.40,0.45,150.00
6135,27,1.00,0.90,150.00
6135,4,0.30,0.25,150.00
6136,2,0.60,0.70,150.00
6137,5,1.00,0.85,150.00
6138,7,1.80,1.40,150.00
6139,31,1.20,1.15,150.00
6140,10,1.00,0.70,150.00
6140,21,1.20,1.40,150.00
6141,5,1.00,1.95,150.00
6142,19,2.50,2.70,150.00
6143,12,0.40,0.40,150.00
6144,23,4.50,4.80,150.00
6145,3,0.50,0.40,150.00
6146,2,0.60,0.60,150.00
6147,12,0.40,0.45,150.00
6148,18,3.00,2.35,150.00
6148,9,0.80,0.65,150.00
6148,4,0.30,0.25,150.00
6149,1,0.40,0.60,150.00
6150,2,0.60,0.75,150.00
6150,4,0.30,0.40,150.00
6151,26,0.80,0.65,150.00
6151,27,1.00,1.00,150.00
6152,10,1.00,1.10,150.00
6152,27,1.00,0.90,150.00
6152,1,0.40,0.45,150.00
6153,8,0.00,1.15,150.00
6154,15,1.00,1.35,150.00
6154,9,0.80,1.10,150.00
6155,1,0.40,0.35,150.00
6156,2,0.65,0.60,150.00
6156,3,0.55,0.50,150.00
6156,9,0.90,1.00,150.00
6157,15,1.10,1.40,150.00
6157,9,0.90,1.40,150.00
6158,16,3.50,2.50,150.00
6158,2,0.60,0.60,150.00
6159,12,0.40,0.60,150.00
6160,7,1.80,1.55,150.00
6161,12,0.40,0.60,150.00
6162,1,0.40,0.45,150.00
6163,1,0.40,0.30,150.00
6163,9,0.80,0.70,150.00
6164,25,0.60,0.50,150.00
6165,1,0.40,0.35,150.00
6166,12,0.40,0.75,150.00
6167,12,0.40,0.30,150.00
6167,27,1.00,1.00,150.00
6167,1,0.40,0.40,150.00
6168,37,0.90,0.85,150.00
6168,27,1.10,1.60,150.00
6169,21,1.50,1.45,150.00
6169,27,1.25,1.20,150.00
6169,1,0.50,0.35,150.00
6170,12,0.40,0.35,150.00
6170,3,0.50,0.55,150.00
6171,12,0.40,0.70,150.00
6171,9,0.80,1.05,150.00
6172,2,0.60,0.70,150.00
6172,3,0.50,0.50,150.00
6173,10,1.00,0.70,150.00
6173,9,0.80,0.75,150.00
6174,2,0.60,0.85,150.00
6175,26,0.80,1.10,150.00
6176,21,0.00,1.05,150.00
6177,25,0.60,0.80,150.00
6178,16,4.40,3.35,150.00
6178,4,0.40,0.40,150.00
6179,1,0.40,0.55,150.00
6180,15,1.00,0.90,150.00
6181,8,1.20,1.55,150.00
6181,1,0.40,0.35,150.00
6182,37,0.80,1.05,150.00
6183,12,0.40,0.30,150.00
6184,21,1.20,1.25,150.00
6184,3,0.50,0.50,150.00
6184,9,0.80,0.75,150.00
6185,15,1.00,1.15,150.00
6186,8,1.20,1.05,150.00
6187,15,1.00,1.10,150.00
6188,23,4.50,3.45,150.00
6189,14,0.00,0.70,150.00
6190,2,0.75,0.75,150.00
6190,27,1.25,1.50,150.00
6191,1,0.50,0.90,150.00
6191,32,1.25,1.65,150.00
6192,7,1.80,2.60,150.00
6193,19,0.00,1.20,150.00
6194,21,1.20,1.55,150.00
6194,1,0.40,0.40,150.00
6195,1,0.40,0.45,150.00
6195,27,1.00,1.00,150.00
6195,3,0.50,0.45,150.00
6196,15,1.00,0.90,150.00
6197,7,1.80,2.05,150.00
6197,3,0.50,0.45,150.00
6198,21,1.20,1.60,150.00
6198,27,1.00,1.35,150.00
6199,10,1.00,1.05,150.00
6199,30,2.00,1.90,150.00
6199,1,0.40,0.35,150.00
6200,3,0.50,0.65,150.00
6201,1,0.50,0.65,150.00
6201,4,0.40,0.40,150.00
6201,32,1.25,1.50,150.00
6202,18,3.00,2.80,150.00
6202,1,0.40,0.30,150.00
6203,1,0.40,0.50,150.00
6204,8,1.20,1.15,150.00
6205,7,2.25,2.85,150.00
6206,10,1.00,1.30,150.00
6206,27,1.00,0.85,150.00
6206,32,1.00,0.70,150.00
6207,2,0.60,0.90,150.00
6207,4,0.30,0.40,150.00
6208,16,3.50,2.20,150.00
6209,12,0.40,0.50,150.00
6210,2,0.75,0.75,150.00
6210,1,0.50,0.45,150.00
6211,6,1.20,1.65,150.00
6212,2,0.60,1.00,150.00
6212,1,0.40,0.60,150.00
6213,32,1.00,0.85,150.00
6213,1,0.40,0.35,150.00
6214,15,1.00,0.80,150.00
6215,18,3.00,2.55,150.00
6216,5,1.00,1.40,150.00
6217,4,0.30,0.30,150.00
6217,27,1.00,1.20,150.00
6218,11,1.50,2.75,150.00
6218,14,1.80,2.40,150.00
6219,16,3.50,2.40,150.00
6220,1,0.40,0.40,150.00
6220,2,0.60,0.65,150.00
6221,1,0.40,0.55,150.00
6222,15,1.10,0.95,150.00
6223,20,1.20,1.65,150.00
6224,1,0.40,0.40,150.00
6224,27,1.00,1.20,150.00
6225,15,1.00,1.20,150.00
6226,3,0.50,0.55,150.00
6226,1,0.40,0.40,150.00
6227,10,1.00,1.10,150.00
6227,26,0.80,0.85,150.00
6227,27,1.00,1.15,150.00
6228,21,1.20,1.45,150.00
6229,27,1.00,0.90,150.00
6230,1,0.40,0.35,150.00
6231,1,0.40,0.30,150.00
6232,7,1.80,1.50,150.00
6233,29,2.00,1.90,150.00
6233,1,0.40,0.35,150.00
6233,27,1.00,0.80,150.00
6234,20,1.50,1.45,150.00
6234,4,0.40,0.25,150.00
6235,27,1.00,1.00,150.00
6236,10,1.00,0.95,150.00
6237,1,0.40,0.40,150.00
6237,32,1.00,0.95,150.00
6238,12,0.40,0.55,150.00
6238,4,0.30,0.45,150.00
6238,32,1.00,1.30,150.00
6239,15,1.00,0.80,150.00
6240,25,0.60,0.45,150.00
6240,27,1.00,0.85,150.00
6241,12,0.40,0.35,150.00
6242,1,0.40,0.55,150.00
6243,12,0.40,0.50,150.00
6244,1,0.40,0.35,150.00
6245,15,1.00,0.90,150.00
6246,6,1.20,2.35,150.00
6247,15,1.00,0.95,150.00
6248,28,3.30,2.50,150.00
6248,27,1.10,1.15,150.00
6249,18,0.00,1.40,150.00
6250,21,1.20,1.70,150.00
6251,12,0.40,0.50,150.00
6252,37,0.80,0.80,150.00
6252,27,1.00,1.25,150.00
6253,15,1.00,1.85,150.00
6254,27,1.00,1.10,150.00
6255,16,3.50,3.60,150.00
6256,7,2.25,1.80,150.00
6257,36,2.00,1.50,150.00
6257,3,0.50,0.35,150.00
6258,10,1.00,1.30,150.00
6259,12,0.40,0.40,150.00
6259,1,0.40,0.40,150.00
6260,1,0.40,0.35,150.00
6261,10,1.00,0.90,150.00
6261,3,0.50,0.65,150.00
6262,1,0.40,0.55,150.00
6263,2,0.60,0.60,150.00
6264,12,0.40,0.35,150.00
6265,34,6.00,4.25,150.00
6266,1,0.40,0.40,150.00
6267,35,10.00,11.25,150.00
6268,22,0.80,0.75,150.00
6269,2,0.60,0.45,150.00
6269,4,0.30,0.30,150.00
6269,27,1.00,0.85,150.00
6270,1,0.40,0.55,150.00
6270,4,0.30,0.50,150.00
6271,2,0.60,0.75,150.00
6271,4,0.30,0.55,150.00
6271,3,0.50,0.45,150.00
6272,4,0.30,0.25,150.00
6273,17,3.10,4.00,150.00
6274,7,1.80,1.80,150.00
6274,3,0.50,0.35,150.00
6275,2,0.60,0.75,150.00
6276,15,1.00,1.10,150.00
6276,1,0.40,0.40,150.00
6277,1,0.40,0.30,150.00
6277,27,1.00,0.85,150.00
6277,2,0.60,0.55,150.00
6278,12,0.00,0.10,150.00
6279,10,1.00,1.60,150.00
6279,27,1.00,1.00,150.00
6280,1,0.40,0.75,150.00
6281,4,0.30,0.35,150.00
6281,2,0.60,0.70,150.00
6281,9,0.80,1.25,150.00
6282,12,0.40,0.60,150.00
6283,1,0.50,0.50,150.00
6284,12,0.40,0.65,150.00
6284,32,1.00,1.05,150.00
6284,9,0.80,1.05,150.00
6285,1,0.40,0.45,150.00
6286,1,0.45,0.45,150.00
6287,4,0.30,0.25,150.00
6288,27,1.00,1.40,150.00
6289,9,0.80,1.05,150.00
6289,27,1.00,1.15,150.00
6290,1,0.40,0.40,150.00
6290,4,0.30,0.30,150.00
6291,4,0.30,0.35,150.00
6291,2,0.60,0.95,150.00
6291,32,1.00,1.20,150.00
6292,1,0.40,0.30,150.00
6293,36,2.00,1.65,150.00
6294,1,0.40,0.45,150.00
6294,3,0.50,0.45,150.00
6295,15,1.00,1.55,150.00
6296,6,1.20,1.55,150.00
6297,32,1.00,1.00,150.00
6297,4,0.30,0.25,150.00
6298,1,0.40,0.35,150.00
6299,10,1.00,0.90,150.00
6299,21,1.20,1.30,150.00
6300,20,0.00,0.65,150.00
6301,28,3.00,2.40,150.00
6301,27,1.00,0.85,150.00
6302,6,1.20,1.25,150.00
6303,15,1.00,0.90,150.00
6304,1,0.45,0.50,150.00
6304,4,0.35,0.40,150.00
6305,15,1.00,0.75,150.00
6306,15,1.00,1.20,150.00
6307,3,0.50,0.40,150.00
6308,15,1.00,1.10,150.00
6309,10,1.00,0.75,150.00
6310,11,1.50,1.75,150.00
6310,2,0.60,0.65,150.00
6311,1,0.40,0.80,150.00
6311,2,0.60,0.90,150.00
6312,2,0.60,0.60,150.00
6313,5,1.00,0.90,150.00
6313,3,0.50,0.35,150.00
6313,32,1.00,0.95,150.00
6314,1,0.40,0.45,150.00
6315,10,1.00,1.00,150.00
6315,4,0.30,0.35,150.00
6316,5,1.00,1.30,150.00
6317,9,0.80,0.70,150.00
6318,26,0.80,1.00,150.00
6318,4,0.30,0.45,150.00
6319,1,0.40,0.55,150.00
6319,4,0.30,0.35,150.00
6319,2,0.60,0.80,150.00
6320,10,1.25,1.40,150.00
6320,24,2.75,2.65,150.00
6321,10,1.00,0.70,150.00
6321,22,0.80,0.85,150.00
6322,21,1.20,1.25,150.00
6323,1,0.45,0.35,150.00
6324,17,2.50,2.30,150.00
6324,32,1.00,0.75,150.00
6325,12,0.40,0.35,150.00
6325,4,0.30,0.25,150.00
6326,14,2.25,3.25,150.00
6327,10,0.00,0.75,150.00
6328,15,1.00,0.80,150.00
6328,1,0.40,0.40,150.00
6329,15,1.00,1.20,150.00
6330,27,1.00,1.35,150.00
6331,1,0.40,0.50,150.00
6331,27,1.00,1.80,150.00
6332,1,0.40,0.40,150.00
6332,2,0.60,0.60,150.00
6333,19,2.50,1.95,150.00
6333,27,1.00,0.90,150.00
6334,19,2.75,2.25,150.00
6335,1,0.40,0.30,150.00
6336,12,0.40,0.40,150.00
6336,3,0.50,0.40,150.00
6337,10,1.00,1.15,150.00
6337,21,1.20,1.50,150.00
6338,12,0.40,0.40,150.00
6339,11,1.50,1.55,150.00
6340,18,3.00,3.60,150.00
6341,12,0.40,0.55,150.00
6341,4,0.30,0.30,150.00
6342,4,0.30,0.40,150.00
6343,15,1.00,1.30,150.00
6343,27,1.00,1.05,150.00
6344,3,0.50,0.65,150.00
6344,9,0.80,1.05,150.00
6345,1,0.40,0.45,150.00
6346,23,4.50,5.55,150.00
6347,2,0.60,0.55,150.00
6347,4,0.30,0.35,150.00
6347,1,0.40,0.50,150.00
6348,1,0.40,0.40,150.00
6349,28,3.00,2.85,150.00
6349,27,1.00,0.75,150.00
6350,1,0.40,0.45,150.00
6351,15,1.00,0.75,150.00
6352,19,2.50,2.85,150.00
6352,2,0.60,0.85,150.00
6352,1,0.40,0.35,150.00
6353,18,0.00,1.75,150.00
6354,15,1.00,1.10,150.00
6354,4,0.30,0.25,150.00
6355,10,1.00,1.65,150.00
6355,30,2.00,2.85,150.00
6355,3,0.50,0.50,150.00
6356,27,1.00,0.90,150.00
6357,13,2.00,1.60,150.00
6358,10,1.00,1.40,150.00
6359,30,2.00,2.30,150.00
6359,2,0.60,0.65,150.00
6360,1,0.40,0.70,150.00
6361,2,0.60,0.50,150.00
6361,9,0.80,0.50,150.00
6361,27,1.00,1.25,150.00
6362,1,0.40,0.35,150.00
6363,34,6.00,5.20,150.00
6363,4,0.30,0.25,150.00
6364,1,0.40,0.40,150.00
6364,3,0.50,0.50,150.00
6364,32,1.00,0.95,150.00
6365,11,1.50,1.30,150.00
6365,14,1.80,1.65,150.00
6366,15,1.00,0.75,150.00
6366,9,0.80,0.85,150.00
6366,32,1.00,0.85,150.00
6367,29,2.00,2.20,150.00
6367,4,0.30,0.20,150.00
6367,27,1.00,0.95,150.00
6368,1,0.40,0.50,150.00
6369,22,0.80,0.75,150.00
6370,1,0.40,0.35,150.00
6371,1,0.40,0.60,150.00
6372,1,0.40,0.40,150.00
6372,2,0.60,0.75,150.00
6373,25,0.60,0.55,150.00
6374,1,0.40,0.60,150.00
6374,3,0.50,0.70,150.00
6375,9,1.00,1.00,150.00
6376,1,0.40,0.30,150.00
6377,16,3.50,3.35,150.00
6378,8,1.20,1.75,150.00
6378,1,0.40,0.50,150.00
6379,22,0.80,0.80,150.00
6380,25,0.60,1.15,150.00
6381,28,3.75,5.25,150.00
6381,2,0.75,1.00,150.00
6382,14,1.80,1.90,150.00
6382,27,1.00,0.85,150.00
6383,22,0.80,0.95,150.00
6383,3,0.50,0.55,150.00
6384,14,1.80,1.65,150.00
6385,12,0.40,0.60,150.00
6386,1,0.40,0.65,150.00
6387,4,0.30,0.45,150.00
6388,1,0.40,0.40,150.00
6388,3,0.50,0.55,150.00
6389,4,0.30,0.40,150.00
6389,1,0.40,0.55,150.00
6390,4,0.30,0.25,150.00
6391,8,1.20,1.20,150.00
6392,24,2.20,2.25,150.00
6392,9,0.80,0.55,150.00
6392,27,1.00,0.75,150.00
6393,12,0.40,0.55,150.00
6393,9,0.80,1.10,150.00
6394,10,1.00,0.65,150.00
6394,20,1.20,1.25,150.00
6394,2,0.60,0.60,150.00
6395,18,3.75,3.75,150.00
6396,1,0.40,0.30,150.00
6397,1,0.40,0.50,150.00
6398,3,0.60,0.65,150.00
6398,32,1.25,1.60,150.00
6399,29,2.00,1.75,150.00
6399,27,1.00,1.05,150.00
6400,2,0.60,0.80,150.00
6401,12,0.40,0.50,150.00
6402,12,0.40,0.35,150.00
6403,1,0.40,0.50,150.00
6404,12,0.50,0.45,150.00
6405,17,2.50,2.40,150.00
6405,1,0.40,0.40,150.00
6405,2,0.60,0.60,150.00
6406,1,0.40,0.45,150.00
6407,31,1.20,1.25,150.00
6408,12,0.40,0.70,150.00
6409,8,1.30,1.25,150.00
6409,32,1.10,0.85,150.00
6409,27,1.10,0.80,150.00
6410,1,0.40,0.55,150.00
6410,32,1.00,1.25,150.00
6410,27,1.00,1.50,150.00
6411,1,0.40,0.40,150.00
6412,19,2.50,1.80,150.00
6412,1,0.40,0.40,150.00
6413,32,1.25,1.15,150.00
6413,9,1.00,0.90,150.00
6414,15,1.00,1.00,150.00
6415,6,1.20,1.70,150.00
6416,10,1.00,1.20,150.00
6416,30,2.00,2.05,150.00
6417,21,1.20,0.70,150.00
6418,1,0.40,0.45,150.00
6419,23,5.60,5.15,150.00
6420,12,0.40,0.55,150.00
6421,2,0.60,0.80,150.00
6422,7,1.80,1.40,150.00
6423,7,1.80,2.05,150.00
6424,3,0.50,0.65,150.00
6424,4,0.30,0.30,150.00
6425,1,0.40,0.55,150.00
6426,24,2.75,2.30,150.00
6427,20,1.20,1.65,150.00
6428,7,2.00,2.40,150.00
6429,2,0.60,0.80,150.00
6429,4,0.30,0.25,150.00
6430,1,0.50,0.45,150.00
6430,3,0.60,0.60,150.00
6431,4,0.30,0.30,150.00
6432,17,2.50,2.15,150.00
6433,22,0.80,0.60,150.00
6434,2,0.60,0.70,150.00
6435,18,3.00,3.00,150.00
6435,4,0.30,0.35,150.00
6435,3,0.50,0.50,150.00
6436,13,2.00,1.85,150.00
6437,15,1.00,1.70,150.00
6437,27,1.00,1.55,150.00
6438,32,1.00,0.80,150.00
6439,20,1.20,0.85,150.00
6440,26,0.80,0.85,150.00
6440,4,0.30,0.25,150.00
6441,10,1.25,1.90,150.00
6441,20,1.50,1.95,150.00
6442,1,0.40,0.35,150.00
6443,12,0.40,0.50,150.00
6444,8,1.20,1.10,150.00
6445,12,0.40,0.45,150.00
6446,12,0.40,0.50,150.00
6447,12,0.40,0.35,150.00
6448,18,3.00,4.15,150.00
6449,10,1.00,0.90,150.00
6450,2,0.60,0.90,150.00
6451,12,0.50,0.35,150.00
6452,12,0.40,0.65,150.00
6453,4,0.30,0.25,150.00
6454,1,0.40,0.35,150.00
6454,9,0.80,0.80,150.00
6455,4,0.30,0.50,150.00
6456,1,0.40,0.35,150.00
6456,27,1.00,1.40,150.00
6457,2,0.60,0.55,150.00
6458,2,0.60,0.75,150.00
6458,32,1.00,1.00,150.00
6459,1,0.40,0.30,150.00
6460,5,1.00,1.00,150.00
6461,37,0.80,0.80,150.00
6461,27,1.00,0.75,150.00
6462,12,0.40,0.35,150.00
6463,4,0.40,0.45,150.00
6463,27,1.25,1.35,150.00
6463,32,1.25,1.95,150.00
6464,7,2.25,4.10,150.00
6465,1,0.40,0.30,150.00
6466,1,0.40,0.30,150.00
6466,3,0.50,0.60,150.00
6466,27,1.00,1.00,150.00
6467,15,1.00,0.80,150.00
6468,15,1.00,1.25,150.00
6468,1,0.40,0.35,150.00
6469,15,1.00,1.40,150.00
6469,3,0.50,0.65,150.00
6469,4,0.30,0.65,150.00
6470,37,0.80,1.50,150.00
6470,27,1.00,1.55,150.00
6471,28,3.00,3.05,150.00
6471,27,1.00,1.20,150.00
6472,16,3.50,3.15,150.00
6473,10,1.00,0.90,150.00
6474,16,3.50,3.50,150.00
6475,12,0.40,0.60,150.00
6476,1,0.40,0.50,150.00
6477,15,1.00,1.25,150.00
6478,7,1.80,1.20,150.00
6479,1,0.40,0.65,150.00
6479,3,0.50,0.60,150.00
6480,12,0.40,0.45,150.00
6481,27,1.00,1.30,150.00
6482,12,0.40,0.35,150.00
6483,1,0.40,0.60,150.00
6484,1,0.40,0.60,150.00
6484,9,0.80,0.85,150.00
6485,18,3.00,3.20,150.00
6486,10,1.00,1.35,150.00
6487,33,3.00,2.30,150.00
6488,37,0.80,0.75,150.00
6488,32,1.00,1.20,150.00
6488,27,1.00,0.95,150.00
6489,9,0.80,1.05,150.00
6489,3,0.50,0.50,150.00
6490,1,0.40,0.80,150.00
6490,9,0.80,1.20,150.00
6491,1,0.40,0.70,150.00
6491,4,0.30,0.35,150.00
6492,16,0.00,2.35,150.00
6493,10,1.00,1.60,150.00
6494,6,1.20,1.35,150.00
6495,6,1.20,1.85,150.00
6496,10,1.00,1.25,150.00
6496,24,2.20,1.60,150.00
6496,1,0.40,0.45,150.00
6496,27,1.00,0.60,150.00
6497,12,0.40,0.40,150.00
6498,7,1.80,1.95,150.00
6499,10,1.00,0.65,150.00
6499,24,2.20,1.85,150.00
6499,2,0.60,0.55,150.00
6500,27,1.00,0.85,150.00
6500,1,0.40,0.40,150.00
6501,24,2.20,2.05,150.00
6502,15,0.00,0.30,150.00
6503,7,1.80,2.05,150.00
6504,8,1.20,1.45,150.00
6505,6,1.20,1.40,150.00
6506,11,1.50,1.35,150.00
6507,12,0.40,0.55,150.00
6507,1,0.40,0.50,150.00
6507,3,0.50,0.70,150.00
6508,4,0.30,0.35,150.00
6509,21,1.20,1.10,150.00
6510,14,1.80,2.20,150.00
6511,5,1.00,1.25,150.00
6512,16,3.50,4.40,150.00
6513,15,1.00,1.05,150.00
6514,25,0.60,0.60,150.00
6515,5,1.00,0.85,150.00
6515,32,1.00,0.90,150.00
6516,1,0.40,0.55,150.00
6516,2,0.60,0.55,150.00
6517,7,1.80,1.45,150.00
6518,15,1.00,0.90,150.00
6518,1,0.40,0.30,150.00
6519,16,3.50,2.75,150.00
6519,1,0.40,0.40,150.00
6520,1,0.45,0.45,150.00
6520,27,1.10,0.95,150.00
6520,32,1.10,0.90,150.00
6521,1,0.40,0.40,150.00
6522,1,0.40,0.50,150.00
6523,9,0.80,0.75,150.00
6523,2,0.60,0.65,150.00
6524,2,0.60,0.75,150.00
6525,10,1.00,0.85,150.00
6525,30,2.00,2.05,150.00
6525,2,0.60,0.50,150.00
6526,9,0.80,0.95,150.00
6527,2,0.60,0.55,150.00
6528,23,4.50,3.45,150.00
6529,22,1.00,1.25,150.00
6530,1,0.40,0.35,150.00
6530,3,0.50,0.50,150.00
6531,33,3.00,3.70,150.00
6531,4,0.30,0.30,150.00
6531,1,0.40,0.40,150.00
6532,19,2.50,2.80,150.00
6533,10,1.00,0.80,150.00
6533,30,2.00,1.75,150.00
6534,1,0.40,0.60,150.00
6535,3,0.50,0.60,150.00
6536,11,1.50,1.75,150.00
6536,12,0.40,0.40,150.00
6537,1,0.40,0.45,150.00
6537,9,0.80,0.85,150.00
6538,2,0.60,0.50,150.00
6538,32,1.00,1.00,150.00
6538,27,1.00,1.00,150.00
6539,1,0.40,0.45,150.00
6539,2,0.60,0.60,150.00
6539,9,0.80,0.80,150.00
6540,1,0.40,0.40,150.00
6540,4,0.30,0.40,150.00
6541,11,1.50,2.05,150.00
6541,13,2.00,2.75,150.00
6542,28,3.00,3.10,150.00
6542,3,0.50,0.40,150.00
6542,27,1.00,1.00,150.00
6543,10,1.00,1.10,150.00
6543,21,1.20,1.65,150.00
6544,8,1.20,1.60,150.00
6545,37,0.80,0.70,150.00
6545,27,1.00,1.00,150.00
6546,10,1.00,1.15,150.00
6546,26,0.80,0.95,150.00
6547,1,0.40,0.60,150.00
6547,32,1.00,1.10,150.00
6547,3,0.50,0.75,150.00
6548,32,1.00,1.30,150.00
6549,2,0.60,0.55,150.00
6550,31,1.20,1.50,150.00
6551,12,0.40,0.30,150.00
6551,2,0.60,0.55,150.00
6552,15,1.00,1.35,150.00
6552,27,1.00,1.45,150.00
6553,16,3.50,3.35,150.00
6554,16,3.50,2.85,150.00
6555,28,3.00,3.25,150.00
6555,27,1.00,0.95,150.00
6556,6,1.20,1.30,150.00
6557,18,3.00,2.00,150.00
6558,15,1.00,1.10,150.00
6559,15,1.00,1.50,150.00
6560,7,1.80,1.85,150.00
6561,15,1.00,0.90,150.00
6561,1,0.40,0.35,150.00
6561,27,1.00,1.05,150.00
6562,1,0.40,0.35,150.00
6562,2,0.60,0.60,150.00
6563,10,1.00,0.95,150.00
6564,1,0.40,0.35,150.00
6564,2,0.60,0.75,150.00
6565,17,3.10,3.00,150.00
6565,1,0.50,0.55,150.00
6566,15,1.00,1.45,150.00
6567,1,0.40,0.55,150.00
6567,2,0.60,0.80,150.00
6567,9,0.80,0.95,150.00
6568,1,0.40,0.30,150.00
6568,27,1.00,0.85,150.00
6569,22,0.80,1.10,150.00
6570,5,1.25,1.20,150.00
6570,9,1.00,0.85,150.00
6570,2,0.75,0.65,150.00
6571,5,1.00,0.95,150.00
6571,32,1.00,1.20,150.00
6572,16,3.50,2.85,150.00
6573,17,2.50,2.35,150.00
6574,15,1.00,0.95,150.00
6575,15,1.00,1.15,150.00
6576,37,0.80,0.90,150.00
6576,1,0.40,0.45,150.00
6576,27,1.00,0.80,150.00
6577,12,0.40,0.30,150.00
6577,2,0.60,0.75,150.00
6578,20,1.50,1.55,150.00
6579,18,3.00,2.70,150.00
6580,9,1.00,1.30,150.00
6581,1,0.40,0.45,150.00
6582,1,0.40,0.50,150.00
6582,2,0.60,0.80,150.00
6583,1,0.40,0.60,150.00
6584,7,1.80,1.75,150.00
6585,1,0.50,0.65,150.00
6585,9,1.00,1.15,150.00
6586,27,1.00,1.10,150.00
6587,1,0.40,0.60,150.00
6587,9,0.80,1.05,150.00
6588,1,0.40,0.50,150.00
6588,3,0.50,0.60,150.00
6589,7,1.80,2.00,150.00
6590,28,3.00,2.80,150.00
6590,27,1.00,0.65,150.00
6591,28,3.00,2.50,150.00
6591,32,1.00,0.75,150.00
6591,27,1.00,1.00,150.00
6592,13,2.00,2.45,150.00
6592,27,1.00,1.00,150.00
6593,16,3.50,2.90,150.00
6593,9,0.80,0.60,150.00
6594,10,1.00,1.40,150.00
6594,26,0.80,0.90,150.00
6595,15,1.00,1.10,150.00
6596,1,0.40,0.35,150.00
6596,9,0.80,1.15,150.00
6597,30,2.00,1.95,150.00
6598,1,0.40,0.30,150.00
6599,8,1.50,2.05,150.00
6599,9,1.00,1.35,150.00
6600,27,1.00,1.50,150.00
6601,5,1.25,1.35,150.00
6601,9,1.00,1.10,150.00
6601,32,1.25,1.10,150.00
6602,5,1.00,1.05,150.00
6603,21,1.20,1.20,150.00
6603,4,0.30,0.30,150.00
6604,1,0.40,0.40,150.00
6605,22,0.80,1.35,150.00
6605,2,0.60,0.65,150.00
6606,4,0.30,0.30,150.00
6607,1,0.40,0.50,150.00
6608,15,1.00,0.90,150.00
6609,10,1.00,1.75,150.00
6609,26,0.80,1.35,150.00
6609,4,0.30,0.35,150.00
6610,7,1.80,1.60,150.00
6611,10,0.00,0.40,150.00
6612,30,2.20,2.30,150.00
6612,32,1.10,0.75,150.00
6613,26,0.80,0.75,150.00
6613,2,0.60,0.75,150.00
6614,7,1.80,2.50,150.00
6615,15,1.25,1.30,150.00
6616,12,0.00,0.35,150.00
6617,24,0.00,1.25,150.00
6618,8,1.20,1.25,150.00
6619,15,1.00,0.95,150.00
6619,1,0.40,0.30,150.00
6620,12,0.00,0.15,150.00
6621,7,1.80,2.05,150.00
6622,4,0.30,0.35,150.00
6622,1,0.40,0.45,150.00
6623,29,2.00,1.40,150.00
6623,27,1.00,1.15,150.00
6624,12,0.45,0.45,150.00
6625,1,0.40,0.55,150.00
6626,3,0.50,0.50,150.00
6627,2,0.60,0.70,150.00
6627,9,0.80,0.90,150.00
6628,32,1.25,1.15,150.00
6628,1,0.50,0.50,150.00
6629,2,0.75,0.60,150.00
6630,11,1.50,1.70,150.00
6630,12,0.40,0.60,150.00
6631,27,1.00,1.20,150.00
6631,9,0.80,0.65,150.00
6631,2,0.60,0.55,150.00
6632,19,2.50,2.50,150.00
6632,1,0.40,0.60,150.00
6633,1,0.40,0.60,150.00
6634,1,0.40,0.45,150.00
6634,27,1.00,0.70,150.00
6635,10,1.00,0.85,150.00
6635,22,0.80,0.55,150.00
6636,2,0.75,0.60,150.00
6637,1,0.50,0.35,150.00
6638,16,0.00,1.25,150.00
6639,20,1.20,1.70,150.00
6640,28,3.00,2.75,150.00
6640,27,1.00,0.80,150.00
6641,1,0.40,0.40,150.00
6642,1,0.40,0.35,150.00
6643,12,0.40,0.40,150.00
6643,1,0.40,0.35,150.00
6644,12,0.40,0.65,150.00
6644,27,1.00,1.10,150.00
6645,14,2.25,2.10,150.00
6645,32,1.25,1.05,150.00
6646,10,1.00,1.00,150.00
6647,10,1.00,1.60,150.00
6648,15,1.00,1.20,150.00
6649,21,1.20,1.35,150.00
6649,4,0.30,0.25,150.00
6649,9,0.80,0.70,150.00
6650,21,1.20,1.90,150.00
6651,4,0.30,0.30,150.00
6652,12,0.40,0.45,150.00
6653,8,1.20,1.40,150.00
6653,9,0.80,0.95,150.00
6654,26,0.80,1.15,150.00
6654,32,1.00,1.35,150.00
6655,1,0.50,0.55,150.00
6655,27,1.25,1.25,150.00
6656,20,1.20,1.40,150.00
6656,32,1.00,0.95,150.00
6657,1,0.40,0.55,150.00
6658,1,0.40,0.25,150.00
6658,32,1.00,1.00,150.00
6659,16,0.00,1.60,150.00
6660,15,1.00,1.15,150.00
6660,3,0.50,0.75,150.00
6661,2,0.60,0.75,150.00
6662,22,0.80,0.80,150.00
6662,3,0.50,0.65,150.00
6663,7,1.80,1.90,150.00
6664,9,0.80,1.15,150.00
6665,28,3.00,2.85,150.00
6665,27,1.00,0.90,150.00
6666,16,0.00,0.75,150.00
6667,9,0.80,0.70,150.00
6667,27,1.00,0.85,150.00
6668,25,0.00,0.35,150.00
6669,6,1.20,1.15,150.00
6670,5,1.00,1.10,150.00
6671,23,4.50,3.55,150.00
6672,1,0.40,0.30,150.00
6673,23,4.50,3.50,150.00
6674,12,0.40,0.35,150.00
6675,28,3.00,3.00,150.00
6675,27,1.00,1.05,150.00
6676,28,0.00,1.75,150.00
6677,28,3.00,3.30,150.00
6677,27,1.00,0.80,150.00
6678,1,0.40,0.30,150.00
6678,4,0.30,0.30,150.00
6679,1,0.40,0.55,150.00
6679,3,0.50,0.70,150.00
6679,9,0.80,0.95,150.00
6680,15,1.00,0.80,150.00
6681,10,1.00,1.20,150.00
6682,1,0.40,0.30,150.00
6683,23,4.50,4.05,150.00
6684,29,2.00,1.75,150.00
6684,27,1.00,1.10,150.00
6685,1,0.40,0.45,150.00
6685,9,0.80,0.85,150.00
6686,20,1.20,0.70,150.00
6686,9,0.80,0.65,150.00
6687,7,1.80,1.85,150.00
6688,5,1.00,1.00,150.00
6688,4,0.30,0.35,150.00
6689,1,0.40,0.50,150.00
6690,30,2.00,1.65,150.00
6691,4,0.30,0.35,150.00
6692,4,0.30,0.35,150.00
6693,2,0.60,0.45,150.00
6693,9,0.80,0.65,150.00
6694,21,1.50,1.40,150.00
6694,3,0.60,0.80,150.00
6695,2,0.75,0.75,150.00
6695,3,0.60,0.50,150.00
6696,1,0.40,0.45,150.00
6696,27,1.00,1.20,150.00
6696,2,0.60,0.70,150.00
6697,7,1.80,1.25,150.00
6697,4,0.30,0.25,150.00
6698,3,0.50,0.40,150.00
6698,27,1.00,0.95,150.00
6699,31,1.20,1.05,150.00
6700,15,1.00,1.10,150.00
6701,32,1.00,0.85,150.00
6701,2,0.60,0.45,150.00
6702,3,0.50,0.55,150.00
6703,28,3.00,2.00,150.00
6703,27,1.00,1.00,150.00
6704,25,0.60,0.50,150.00
6704,3,0.50,0.40,150.00
6705,1,0.50,0.55,150.00
6706,21,1.20,1.20,150.00
6706,1,0.40,0.30,150.00
6706,3,0.50,0.40,150.00
6707,32,1.00,1.05,150.00
6708,10,1.00,0.85,150.00
6708,32,1.00,0.85,150.00
6709,2,0.60,0.60,150.00
6709,4,0.30,0.30,150.00
6709,1,0.40,0.55,150.00
6710,15,1.00,1.05,150.00
6711,19,2.50,2.55,150.00
6712,10,1.00,0.75,150.00
6712,32,1.00,0.75,150.00
6712,27,1.00,0.95,150.00
6713,20,1.20,1.00,150.00
6713,4,0.30,0.35,150.00
6714,23,4.50,4.90,150.00
6714,3,0.50,0.55,150.00
6715,21,1.20,1.20,150.00
6715,4,0.30,0.20,150.00
6716,15,1.00,0.95,150.00
6716,3,0.50,0.50,150.00
6717,8,1.20,2.00,150.00
6718,15,1.00,0.80,150.00
6719,1,0.40,0.35,150.00
6720,1,0.40,0.40,150.00
6720,3,0.50,0.60,150.00
6721,10,1.00,1.00,150.00
6722,1,0.40,0.30,150.00
6723,12,0.40,0.50,150.00
6723,9,0.80,1.10,150.00
6724,2,0.60,1.00,150.00
6725,1,0.40,0.50,150.00
6726,20,0.00,0.80,150.00
6727,1,0.40,0.65,150.00
6727,32,1.00,1.50,150.00
6727,3,0.50,0.65,150.00
6728,10,1.00,1.15,150.00
6728,30,2.00,2.10,150.00
6729,22,0.80,1.10,150.00
6730,2,0.60,0.60,150.00
6731,2,0.75,0.90,150.00
6731,32,1.25,1.20,150.00
6732,10,1.00,1.40,150.00
6732,24,2.20,2.10,150.00
6732,1,0.40,0.40,150.00
6732,2,0.60,0.60,150.00
6733,13,2.00,2.10,150.00
6734,12,0.40,0.30,150.00
6735,12,0.40,0.45,150.00
6736,1,0.40,0.45,150.00
6736,2,0.60,0.70,150.00
6736,9,0.80,1.00,150.00
6737,29,2.00,2.40,150.00
6738,18,3.00,3.80,150.00
6738,4,0.30,0.30,150.00
6739,10,1.00,0.85,150.00
6739,32,1.00,0.85,150.00
6739,2,0.60,0.55,150.00
6740,8,1.20,1.20,150.00
6741,2,0.60,0.80,150.00
6742,6,1.20,1.40,150.00
6743,11,1.50,1.45,150.00
6743,13,2.00,1.95,150.00
6743,1,0.40,0.45,150.00
6743,9,0.80,0.85,150.00
6744,28,3.00,2.70,150.00
6744,27,1.00,0.55,150.00
6745,1,0.40,0.30,150.00
6746,8,1.20,2.40,150.00
6747,1,0.40,0.50,150.00
6748,31,1.20,1.40,150.00
6749,12,0.45,0.70,150.00
6750,1,0.40,0.35,150.00
6751,13,2.20,1.85,150.00
6752,10,1.00,1.60,150.00
6752,21,1.20,1.35,150.00
6753,32,1.00,1.15,150.00
6754,1,0.40,0.35,150.00
6755,26,0.80,0.80,150.00
6755,1,0.40,0.55,150.00
6756,10,1.00,0.85,150.00
6757,15,1.00,1.25,150.00
6758,8,0.00,1.10,150.00
6759,21,1.20,1.20,150.00
6760,24,2.20,1.35,150.00
6761,12,0.40,0.35,150.00
6762,24,2.20,1.95,150.00
6763,1,0.40,0.40,150.00
6763,9,0.80,1.10,150.00
6764,15,1.00,0.95,150.00
6765,14,2.25,2.95,150.00
6766,1,0.40,0.35,150.00
6767,7,1.80,2.35,150.00
6768,1,0.40,0.35,150.00
6769,15,1.25,1.35,150.00
6770,2,0.60,0.70,150.00
6770,9,0.80,1.10,150.00
6771,16,3.50,2.55,150.00
6772,1,0.50,0.60,150.00
6773,8,1.20,1.00,150.00
6774,16,3.50,3.65,150.00
6775,26,0.80,0.90,150.00
6776,1,0.40,0.35,150.00
6777,2,0.60,0.60,150.00
6777,1,0.40,0.45,150.00
6777,4,0.30,0.20,150.00
6778,3,0.50,0.60,150.00
6779,23,4.50,3.75,150.00
6779,3,0.50,0.50,150.00
6780,12,0.40,0.30,150.00
6781,21,1.20,1.30,150.00
6782,2,0.60,0.45,150.00
6783,2,0.60,0.60,150.00
6783,9,0.80,0.70,150.00
6784,35,12.50,9.15,150.00
6784,1,0.50,0.60,150.00
6785,12,0.40,0.40,150.00
6786,7,1.80,1.50,150.00
6786,1,0.40,0.40,150.00
6787,12,0.40,0.50,150.00
6787,1,0.40,0.40,150.00
6788,8,1.20,0.75,150.00
6788,2,0.60,0.45,150.00
6789,1,0.40,0.40,150.00
6789,27,1.00,1.05,150.00
6790,7,2.25,3.10,150.00
6791,2,0.60,0.50,150.00
6791,4,0.30,0.25,150.00
6791,27,1.00,1.05,150.00
6792,21,1.20,1.45,150.00
6793,10,1.00,1.00,150.00
6793,2,0.60,0.80,150.00
6794,17,2.50,1.65,150.00
6794,32,1.00,0.90,150.00
6795,1,0.40,0.45,150.00
6796,24,2.20,2.00,150.00
6796,2,0.60,0.55,150.00
6797,1,0.50,0.50,150.00
6797,27,1.25,0.95,150.00
6798,7,1.80,1.85,150.00
6798,2,0.60,0.65,150.00
6799,6,1.20,1.65,150.00
6799,27,1.00,0.80,150.00
6800,1,0.45,0.45,150.00
6800,27,1.10,1.45,150.00
6801,1,0.40,0.40,150.00
6802,1,0.50,0.70,150.00
6802,9,1.00,1.05,150.00
6803,2,0.60,0.45,150.00
6804,1,0.40,0.40,150.00
6805,12,0.40,0.40,150.00
6806,1,0.40,0.40,150.00
6806,3,0.50,0.50,150.00
6806,32,1.00,0.80,150.00
6807,3,0.50,0.35,150.00
6807,1,0.40,0.30,150.00
6807,2,0.60,0.65,150.00
6808,1,0.40,0.35,150.00
6809,12,0.40,0.60,150.00
6810,37,1.00,1.05,150.00
6810,9,1.00,0.70,150.00
6810,27,1.25,1.10,150.00
6811,12,0.40,0.35,150.00
6812,15,1.00,1.00,150.00
6813,1,0.40,0.45,150.00
6813,9,0.80,0.95,150.00
6814,6,1.20,1.65,150.00
6815,4,0.30,0.30,150.00
6816,16,4.40,3.30,150.00
6816,3,0.60,0.45,150.00
6817,10,1.00,1.40,150.00
6817,4,0.30,0.40,150.00
6818,27,1.00,1.20,150.00
6819,25,0.60,0.70,150.00
6819,1,0.40,0.30,150.00
6820,12,0.40,0.50,150.00
6821,12,0.40,0.40,150.00
6822,1,0.40,0.35,150.00
6823,16,3.50,4.00,150.00
6823,32,1.00,1.00,150.00
6824,26,0.80,0.95,150.00
6824,4,0.30,0.50,150.00
6825,18,3.00,2.10,150.00
6826,8,1.20,1.40,150.00
6827,1,0.40,0.40,150.00
6827,2,0.60,0.70,150.00
6827,4,0.30,0.25,150.00
6828,8,1.50,1.35,150.00
6828,32,1.25,0.95,150.00
6829,27,1.00,1.20,150.00
6829,4,0.30,0.25,150.00
6830,6,1.20,1.35,150.00
6830,4,0.30,0.35,150.00
6831,1,0.40,0.55,150.00
6832,26,0.80,0.70,150.00
6833,32,1.00,1.30,150.00
6833,2,0.60,0.80,150.00
6834,1,0.40,0.45,150.00
6834,4,0.30,0.25,150.00
6834,3,0.50,0.60,150.00
6835,1,0.40,0.35,150.00
6836,7,1.80,2.90,150.00
6837,12,0.40,0.40,150.00
6838,25,0.60,0.60,150.00
6839,1,0.40,0.55,150.00
6840,17,2.50,2.20,150.00
6840,3,0.50,0.45,150.00
6841,7,1.80,1.90,150.00
6842,8,1.20,1.40,150.00
6843,8,1.20,1.75,150.00
6844,24,2.20,1.50,150.00
6845,13,2.00,1.95,150.00
6845,9,0.80,0.85,150.00
6846,7,1.80,1.25,150.00
6847,10,1.25,1.15,150.00
6847,3,0.60,0.80,150.00
6848,1,0.40,0.35,150.00
6848,3,0.50,0.45,150.00
6848,27,1.00,1.00,150.00
6849,2,0.60,0.80,150.00
6850,2,0.60,0.60,150.00
6851,1,0.40,0.40,150.00
6852,1,0.40,0.35,150.00
6853,8,0.00,0.50,150.00
6854,5,1.00,0.80,150.00
6855,2,0.60,0.65,150.00
6855,1,0.40,0.40,150.00
6856,9,0.80,0.95,150.00
6857,1,0.40,0.30,150.00
6858,12,0.40,0.35,150.00
6858,32,1.00,0.85,150.00
6858,2,0.60,0.45,150.00
6859,7,1.80,1.65,150.00
6860,1,0.40,0.50,150.00
6860,2,0.60,0.85,150.00
6861,15,1.00,1.35,150.00
6862,1,0.40,0.45,150.00
6863,6,1.20,0.90,150.00
6864,12,0.40,0.55,150.00
6865,3,0.50,0.55,150.00
6866,1,0.40,0.40,150.00
6867,29,2.00,1.95,150.00
6867,27,1.00,1.25,150.00
6868,9,0.80,0.85,150.00
6869,7,1.80,1.60,150.00
6870,37,0.80,0.95,150.00
6871,10,0.00,0.35,150.00
6872,3,0.55,0.65,150.00
6872,4,0.35,0.35,150.00
6872,32,1.10,1.40,150.00
6873,15,1.00,1.60,150.00
6873,32,1.00,1.55,150.00
6874,15,1.00,1.25,150.00
6875,7,1.80,1.45,150.00
6876,11,1.50,1.15,150.00
6876,13,2.00,1.45,150.00
6877,6,1.20,1.25,150.00
6878,15,0.00,0.65,150.00
6879,1,0.40,0.45,150.00
6880,12,0.40,0.45,150.00
6880,4,0.30,0.35,150.00
6881,15,1.00,1.05,150.00
6882,1,0.40,0.40,150.00
6882,3,0.50,0.40,150.00
6883,21,1.20,1.10,150.00
6884,15,1.00,1.20,150.00
6885,21,1.20,1.90,150.00
6886,1,0.40,0.65,150.00
6886,2,0.60,0.75,150.00
6887,12,0.40,0.40,150.00
6887,32,1.00,0.80,150.00
6888,8,1.30,1.45,150.00
6889,2,0.60,0.65,150.00
6890,15,1.00,0.90,150.00
6890,3,0.50,0.40,150.00
6890,32,1.00,0.85,150.00
6891,29,2.00,1.30,150.00
6891,27,1.00,0.90,150.00
6892,1,0.40,0.55,150.00
6893,1,0.40,0.50,150.00
6894,1,0.40,0.40,150.00
6895,7,1.80,1.75,150.00
6896,15,1.00,1.30,150.00
6897,7,1.80,1.70,150.00
6897,2,0.60,0.45,150.00
6898,1,0.40,0.35,150.00
6899,12,0.40,0.45,150.00
6900,16,0.00,1.25,150.00
6901,1,0.50,0.45,150.00
6902,7,1.80,1.30,150.00
6903,1,0.40,0.55,150.00
6903,2,0.60,0.60,150.00
6903,3,0.50,0.60,150.00
6904,1,0.40,0.50,150.00
6905,1,0.40,0.50,150.00
6906,1,0.40,0.45,150.00
6906,4,0.30,0.35,150.00
6907,31,0.00,0.50,150.00
6908,22,0.80,0.90,150.00
6908,2,0.60,0.75,150.00
6909,15,1.00,1.15,150.00
6910,9,0.80,0.85,150.00
6911,1,0.40,0.45,150.00
6912,5,1.00,1.40,150.00
6913,6,1.20,1.95,150.00
6914,20,1.20,1.40,150.00
6915,15,1.00,0.85,150.00
6916,9,0.80,1.00,150.00
6917,1,0.40,0.35,150.00
6918,13,2.00,1.90,150.00
6919,7,1.80,1.65,150.00
6919,2,0.60,0.55,150.00
6919,1,0.40,0.35,150.00
6920,12,0.40,0.40,150.00
6921,24,2.20,2.35,150.00
6922,2,0.60,0.70,150.00
6923,29,2.00,1.75,150.00
6923,2,0.60,0.85,150.00
6923,27,1.00,1.00,150.00
6924,15,1.00,1.15,150.00
6925,2,0.60,0.80,150.00
6926,34,6.00,5.80,150.00
6927,7,1.80,1.80,150.00
6927,1,0.40,0.30,150.00
6928,1,0.40,0.30,150.00
6929,6,1.20,1.50,150.00
6929,9,0.80,1.10,150.00
6930,7,1.80,1.45,150.00
6930,4,0.30,0.25,150.00
6931,12,0.40,0.45,150.00
6931,1,0.40,0.50,150.00
6932,21,1.50,2.00,150.00
6932,3,0.60,0.65,150.00
6933,1,0.40,0.55,150.00
6934,15,1.00,0.70,150.00
6935,23,4.50,2.95,150.00
6935,9,0.80,0.80,150.00
6935,4,0.30,0.35,150.00
6936,28,3.00,2.45,150.00
6936,1,0.40,0.35,150.00
6936,3,0.50,0.45,150.00
6936,27,1.00,0.95,150.00
6937,2,0.60,0.95,150.00
6938,27,1.00,1.25,150.00
6938,3,0.50,0.50,150.00
6939,1,0.40,0.45,150.00
6939,9,0.80,0.90,150.00
6940,7,1.80,1.75,150.00
6941,3,0.50,0.85,150.00
6942,7,1.80,1.75,150.00
6942,2,0.60,0.50,150.00
6943,15,1.00,1.10,150.00
6944,1,0.40,0.35,150.00
6945,7,1.80,1.45,150.00
6946,1,0.50,0.70,150.00
6947,4,0.30,0.35,150.00
6948,19,2.50,2.40,150.00
6948,9,0.80,0.80,150.00
6948,4,0.30,0.30,150.00
6949,2,0.60,0.85,150.00
6950,5,1.25,1.35,150.00
6951,1,0.40,0.35,150.00
6952,27,1.00,1.40,150.00
6953,6,1.20,0.90,150.00
6953,2,0.60,0.65,150.00
6954,1,0.40,0.45,150.00
6954,2,0.60,0.65,150.00
6955,4,0.30,0.30,150.00
6956,12,0.40,0.45,150.00
6957,7,2.25,3.20,150.00
6958,22,0.80,0.65,150.00
6959,25,0.60,0.80,150.00
6960,25,0.65,0.70,150.00
6960,3,0.55,0.55,150.00
6961,10,1.00,1.35,150.00
6961,32,1.00,1.60,150.00
6962,1,0.40,0.50,150.00
6962,2,0.60,0.75,150.00
6963,5,1.00,0.85,150.00
6964,1,0.40,0.40,150.00
6964,3,0.50,0.60,150.00
6964,27,1.00,1.40,150.00
6965,1,0.50,0.65,150.00
6965,4,0.40,0.65,150.00
6965,32,1.25,1.35,150.00
6966,1,0.40,0.30,150.00
6966,9,0.80,0.85,150.00
6967,1,0.40,0.25,150.00
6968,8,1.20,1.30,150.00
6968,2,0.60,0.60,150.00
6969,32,1.00,0.75,150.00
6970,31,0.00,0.65,150.00
6971,1,0.40,0.45,150.00
6972,23,4.50,3.85,150.00
6972,1,0.40,0.45,150.00
6973,3,0.50,0.65,150.00
6973,1,0.40,0.35,150.00
6974,3,0.60,0.70,150.00
6975,1,0.40,0.45,150.00
6976,9,0.80,0.80,150.00
6977,20,1.20,1.30,150.00
6978,12,0.00,0.20,150.00
6979,1,0.40,0.45,150.00
6979,32,1.00,1.15,150.00
6980,7,1.80,2.25,150.00
6981,11,1.50,1.65,150.00
6981,2,0.60,0.65,150.00
6981,27,1.00,0.90,150.00
6982,1,0.40,0.50,150.00
6982,2,0.60,0.55,150.00
6983,1,0.40,0.35,150.00
6984,1,0.40,0.45,150.00
6984,4,0.30,0.30,150.00
6985,3,0.60,0.60,150.00
6986,10,1.10,1.35,150.00
6986,22,0.90,1.00,150.00
6986,2,0.65,0.60,150.00
6987,32,1.00,1.35,150.00
6987,2,0.60,0.65,150.00
6988,6,1.20,1.45,150.00
6988,4,0.30,0.45,150.00
6989,2,0.60,0.60,150.00
6990,12,0.40,0.40,150.00
6991,1,0.40,0.45,150.00
6991,9,0.80,0.75,150.00
6992,1,0.40,0.35,150.00
6993,6,1.20,2.00,150.00
6993,4,0.30,0.40,150.00
6994,7,1.80,1.70,150.00
6994,4,0.30,0.25,150.00
6995,13,2.00,2.10,150.00
6995,9,0.80,0.85,150.00
6996,1,0.40,0.40,150.00
6997,15,1.00,0.95,150.00
6998,2,0.60,0.65,150.00
6999,1,0.40,0.30,150.00
7000,8,1.50,2.30,150.00
7000,3,0.60,0.85,150.00
7001,36,2.00,3.20,150.00
7002,27,1.25,1.00,150.00
7003,22,0.80,0.75,150.00
7004,1,0.40,0.55,150.00
7005,20,1.20,1.00,150.00
7006,5,1.00,1.60,150.00
7007,35,10.00,11.85,150.00
7008,12,0.40,0.40,150.00
7009,16,3.50,2.95,150.00
7009,4,0.30,0.25,150.00
7010,1,0.40,0.45,150.00
7010,9,0.80,0.85,150.00
7010,4,0.30,0.35,150.00
7011,17,2.50,2.90,150.00
7011,32,1.00,1.10,150.00
7012,2,0.60,0.90,150.00
7013,1,0.40,0.40,150.00
7013,4,0.30,0.50,150.00
7014,1,0.40,0.35,150.00
7015,24,2.20,2.05,150.00
7016,7,0.00,1.00,150.00
7017,1,0.40,0.65,150.00
7018,16,4.40,4.05,150.00
7018,3,0.60,0.55,150.00
7019,31,1.20,1.00,150.00
7020,2,0.60,0.70,150.00
7021,15,1.00,0.95,150.00
7022,11,1.50,1.35,150.00
7023,7,1.80,2.65,150.00
7023,3,0.50,0.80,150.00
7024,15,1.00,0.80,150.00
7025,14,1.80,1.40,150.00
7026,1,0.40,0.50,150.00
7027,18,0.00,1.65,150.00
7028,34,7.50,5.50,150.00
7028,9,1.00,0.85,150.00
7029,2,0.65,0.60,150.00
7030,14,1.80,1.65,150.00
7031,7,2.25,2.35,150.00
7031,4,0.40,0.40,150.00
7032,7,1.80,1.75,150.00
7033,12,0.00,0.25,150.00
7034,15,1.00,0.85,150.00
7035,1,0.40,0.35,150.00
7036,12,0.40,0.50,150.00
7036,3,0.50,0.65,150.00
7037,1,0.40,0.50,150.00
7038,35,10.00,7.10,150.00
7039,3,0.50,0.50,150.00
7040,7,1.80,1.65,150.00
7041,30,2.00,1.85,150.00
7041,2,0.60,0.70,150.00
7042,12,0.40,0.40,150.00
7043,8,1.20,1.05,150.00
7044,15,1.00,1.00,150.00
7045,1,0.50,0.60,150.00
7045,27,1.25,1.80,150.00
7046,1,0.40,0.55,150.00
7047,4,0.30,0.35,150.00
7048,1,0.40,0.45,150.00
7049,4,0.35,0.40,150.00
7049,9,0.90,1.05,150.00
7050,17,2.50,2.15,150.00
7050,3,0.50,0.35,150.00
7051,27,1.25,1.75,150.00
7052,38,2.50,3.05,150.00
7052,32,1.00,0.95,150.00
7053,34,7.50,5.30,150.00
7054,1,0.40,0.30,150.00
7054,4,0.30,0.30,150.00
7055,1,0.40,0.50,150.00
7056,1,0.40,0.50,150.00
7057,1,0.40,0.35,150.00
7058,8,0.00,0.95,150.00
7059,1,0.40,0.35,150.00
7060,15,1.00,1.10,150.00
7061,9,0.80,1.00,150.00
7062,30,2.00,1.80,150.00
7063,22,0.00,0.25,150.00
7064,15,0.00,0.45,150.00
7065,12,0.40,0.35,150.00
7065,32,1.00,0.80,150.00
7066,22,0.80,0.95,150.00
7067,7,1.80,2.00,150.00
7067,32,1.00,1.20,150.00
7068,10,1.00,0.85,150.00
7069,24,2.20,2.75,150.00
7070,29,2.00,2.00,150.00
7071,1,0.40,0.40,150.00
7072,29,2.00,2.10,150.00
7073,1,0.40,0.60,150.00
7074,2,0.60,0.70,150.00
7075,11,1.50,1.40,150.00
7075,13,2.00,1.55,150.00
7075,2,0.60,0.55,150.00
7076,1,0.40,0.40,150.00
7076,32,1.00,0.70,150.00
7077,1,0.40,0.55,150.00
7078,15,1.25,1.05,150.00
7079,7,2.25,2.65,150.00
7079,4,0.40,0.50,150.00
7080,23,4.50,5.90,150.00
7080,27,1.00,1.35,150.00
7081,4,0.30,0.55,150.00
7082,14,1.80,1.45,150.00
7082,3,0.50,0.45,150.00
7082,2,0.60,0.40,150.00
7083,15,0.00,0.40,150.00
7084,15,1.00,1.25,150.00
7084,3,0.50,0.60,150.00
7085,21,1.20,1.35,150.00
7086,11,1.50,1.35,150.00
7086,13,2.00,1.35,150.00
7087,1,0.45,0.50,150.00
7087,27,1.10,1.30,150.00
7088,1,0.40,0.45,150.00
7089,19,2.50,2.20,150.00
7089,32,1.00,0.70,150.00
7090,30,2.00,1.55,150.00
7091,8,1.20,1.45,150.00
7092,15,1.25,1.30,150.00
7093,3,0.50,0.50,150.00
7094,1,0.40,0.40,150.00
7095,1,0.40,0.50,150.00
7096,1,0.40,0.60,150.00
7097,1,0.50,0.55,150.00
7098,1,0.40,0.40,150.00
7099,1,0.40,0.40,150.00
7100,1,0.40,0.45,150.00
7101,4,0.30,0.25,150.00
7101,1,0.40,0.40,150.00
7102,36,2.00,1.80,150.00
7103,14,1.80,1.55,150.00
7103,9,0.80,0.65,150.00
7104,35,12.50,8.65,150.00
7105,12,0.40,0.45,150.00
7105,3,0.50,0.55,150.00
7106,1,0.40,0.65,150.00
7106,3,0.50,0.60,150.00
7107,23,4.50,3.35,150.00
7107,9,0.80,0.60,150.00
7108,21,1.20,1.60,150.00
7108,9,0.80,0.85,150.00
7108,3,0.50,0.55,150.00
7109,1,0.40,0.70,150.00
7109,27,1.00,1.05,150.00
7110,7,1.80,1.60,150.00
7111,13,2.00,1.60,150.00
7112,1,0.50,0.45,150.00
7113,1,0.40,0.40,150.00
7113,32,1.00,1.00,150.00
7113,2,0.60,0.65,150.00
7114,1,0.40,0.45,150.00
7115,1,0.40,0.35,150.00
7116,15,1.00,1.15,150.00
7117,15,1.00,1.10,150.00
7117,1,0.40,0.60,150.00
7118,15,1.00,1.05,150.00
7119,26,0.80,1.05,150.00
7120,8,1.20,1.25,150.00
7121,5,1.25,1.20,150.00
7122,1,0.40,0.35,150.00
7122,3,0.50,0.65,150.00
7123,23,4.50,3.45,150.00
7124,8,1.20,1.80,150.00
7125,1,0.40,0.35,150.00
7126,1,0.40,0.50,150.00
7127,31,1.20,1.30,150.00
7128,27,1.00,1.35,150.00
7129,8,1.20,1.00,150.00
7130,4,0.30,0.45,150.00
7130,9,0.80,1.05,150.00
7130,32,1.00,1.15,150.00
7131,7,1.80,1.60,150.00
7131,27,1.00,0.80,150.00
7131,3,0.50,0.50,150.00
7132,20,1.50,2.40,150.00
7133,1,0.40,0.50,150.00
7134,1,0.40,0.60,150.00
7135,24,2.20,1.85,150.00
7136,2,0.60,0.65,150.00
7136,32,1.00,0.75,150.00
7136,4,0.30,0.30,150.00
7137,18,3.00,2.25,150.00
7138,1,0.40,0.40,150.00
7139,37,0.80,0.90,150.00
7139,27,1.00,1.20,150.00
7140,2,0.60,0.65,150.00
7141,21,1.20,1.25,150.00
7142,1,0.40,0.50,150.00
7143,8,1.20,1.50,150.00
7144,27,1.00,1.40,150.00
7144,2,0.60,0.70,150.00
7144,4,0.30,0.40,150.00
7145,2,0.60,0.70,150.00
7145,4,0.30,0.25,150.00
7145,27,1.00,1.10,150.00
7146,1,0.40,0.45,150.00
7147,25,0.60,0.90,150.00
7148,4,0.30,0.30,150.00
7149,15,1.00,0.75,150.00
7150,36,2.00,1.85,150.00
7151,10,1.00,1.05,150.00
7152,4,0.30,0.30,150.00
7153,3,0.50,0.55,150.00
7154,31,0.00,0.80,150.00
7155,3,0.50,0.40,150.00
7156,7,1.80,1.50,150.00
7157,1,0.40,0.35,150.00
7158,21,1.20,1.75,150.00
7159,10,1.00,0.90,150.00
7160,15,1.00,1.55,150.00
7161,1,0.40,0.45,150.00
7161,4,0.30,0.40,150.00
7162,10,1.00,1.15,150.00
7162,32,1.00,0.90,150.00
7163,12,0.50,0.50,150.00
7164,6,1.20,1.55,150.00
7165,12,0.40,0.45,150.00
7166,3,0.55,0.50,150.00
7167,1,0.40,0.35,150.00
7168,1,0.40,0.50,150.00
7169,1,0.40,0.50,150.00
7169,27,1.00,1.30,150.00
7169,3,0.50,0.50,150.00
7170,1,0.40,0.45,150.00
7170,32,1.00,0.90,150.00
7171,10,0.00,0.80,150.00
7172,7,1.80,1.45,150.00
7173,35,10.00,10.00,150.00
7174,1,0.50,0.55,150.00
7175,13,2.50,2.15,150.00
7176,4,0.30,0.35,150.00
7176,2,0.60,0.75,150.00
7177,7,1.80,1.55,150.00
7178,12,0.40,0.50,150.00
7178,2,0.60,0.75,150.00
7179,10,1.00,0.65,150.00
7179,27,1.00,0.75,150.00
7180,7,1.80,1.65,150.00
7180,1,0.40,0.35,150.00
7180,4,0.30,0.25,150.00
7181,1,0.40,0.55,150.00
7181,32,1.00,1.70,150.00
7182,6,1.20,1.65,150.00
7183,15,1.00,0.95,150.00
7183,3,0.50,0.60,150.00
7184,8,1.20,0.80,150.00
7185,1,0.40,0.40,150.00
7186,1,0.40,0.40,150.00
7186,2,0.60,0.55,150.00
7187,12,0.40,0.40,150.00
7187,4,0.30,0.30,150.00
7188,23,5.60,7.30,150.00
7188,32,1.25,1.35,150.00
7189,1,0.40,0.35,150.00
7190,7,1.80,1.65,150.00
7191,1,0.40,0.50,150.00
7192,24,2.20,1.60,150.00
7193,1,0.40,0.50,150.00
7193,9,0.80,0.95,150.00
7194,1,0.40,0.25,150.00
7195,12,0.40,0.30,150.00
7196,1,0.40,0.55,150.00
7197,12,0.40,0.50,150.00
7198,8,1.20,1.10,150.00
7199,3,0.50,0.35,150.00
7200,2,0.60,0.65,150.00
7201,12,0.40,0.50,150.00
7202,1,0.50,0.80,150.00
7203,1,0.40,0.35,150.00
7203,2,0.60,0.50,150.00
7204,1,0.40,0.45,150.00
7205,6,1.20,1.50,150.00
7206,26,0.80,0.85,150.00
7206,2,0.60,0.45,150.00
7207,35,10.00,8.25,150.00
7208,2,0.60,0.60,150.00
7208,3,0.50,0.60,150.00
7209,30,2.00,1.95,150.00
7209,2,0.60,0.65,150.00
7210,1,0.40,0.30,150.00
7211,35,0.00,5.85,150.00
7212,32,1.00,1.25,150.00
7212,1,0.40,0.50,150.00
7213,4,0.30,0.45,150.00
7213,3,0.50,0.70,150.00
7213,1,0.40,0.50,150.00
7214,15,1.00,0.90,150.00
7215,21,1.20,0.80,150.00
7215,4,0.30,0.30,150.00
7216,1,0.40,0.35,150.00
7217,1,0.40,0.50,150.00
7218,10,1.00,0.70,150.00
7218,20,1.20,1.00,150.00
7219,3,0.50,0.70,150.00
7220,30,2.00,1.75,150.00
7221,7,1.80,2.00,150.00
7222,16,3.50,2.25,150.00
7222,27,1.00,0.90,150.00
7222,2,0.60,0.65,150.00
7223,15,1.00,1.45,150.00
7224,3,0.50,0.70,150.00
7225,10,1.00,1.15,150.00
7225,21,1.20,1.25,150.00
7225,2,0.60,0.50,150.00
7225,27,1.00,1.10,150.00
7226,8,1.20,1.25,150.00
7227,6,1.20,1.05,150.00
7228,27,1.00,1.40,150.00
7229,1,0.40,0.45,150.00
7229,4,0.30,0.35,150.00
7229,9,0.80,1.35,150.00
7230,1,0.40,0.30,150.00
7231,15,1.00,0.90,150.00
7231,3,0.50,0.45,150.00
7231,4,0.30,0.30,150.00
7232,26,0.80,0.75,150.00
7233,9,0.80,0.85,150.00
7234,37,0.80,0.70,150.00
7234,3,0.50,0.50,150.00
7234,27,1.00,1.10,150.00
7235,12,0.40,0.40,150.00
7236,25,0.60,0.90,150.00
7237,7,1.80,1.75,150.00
7238,27,1.00,1.25,150.00
7239,1,0.40,0.65,150.00
7240,20,1.20,1.15,150.00
7240,2,0.60,0.55,150.00
7241,27,1.00,0.90,150.00
7241,32,1.00,0.80,150.00
7242,23,4.50,3.60,150.00
7243,1,0.40,0.40,150.00
7244,1,0.40,0.45,150.00
7244,32,1.00,1.25,150.00
7245,6,1.50,1.50,150.00
7246,12,0.40,0.50,150.00
7246,4,0.30,0.25,150.00
7246,9,0.80,0.90,150.00
7247,7,1.80,2.25,150.00
7248,1,0.40,0.35,150.00
7248,9,0.80,0.75,150.00
7249,18,3.00,3.30,150.00
7250,30,2.00,2.00,150.00
7251,1,0.40,0.30,150.00
7252,3,0.60,0.75,150.00
7252,2,0.75,1.10,150.00
7253,1,0.50,0.70,150.00
7254,4,0.30,0.25,150.00
7254,32,1.00,1.35,150.00
7255,13,2.50,2.80,150.00
7256,1,0.40,0.25,150.00
7257,27,1.00,0.75,150.00
7257,32,1.00,0.75,150.00
7257,1,0.40,0.35,150.00
7258,7,1.80,2.20,150.00
7258,4,0.30,0.30,150.00
7259,27,1.00,0.70,150.00
7260,25,0.60,0.65,150.00
7261,12,0.40,0.50,150.00
7262,38,2.50,2.75,150.00
7263,7,1.80,1.45,150.00
7263,4,0.30,0.25,150.00
7263,3,0.50,0.50,150.00
7264,1,0.50,0.55,150.00
7265,25,0.60,0.60,150.00
7266,1,0.40,0.30,150.00
7267,1,0.40,0.45,150.00
7268,15,1.00,1.20,150.00
7268,1,0.40,0.55,150.00
7269,11,1.50,1.80,150.00
7269,12,0.40,0.50,150.00
7269,9,0.80,0.75,150.00
7270,1,0.40,0.45,150.00
7270,3,0.50,0.55,150.00
7271,32,1.00,1.20,150.00
7272,1,0.40,0.45,150.00
7272,27,1.00,1.20,150.00
7273,1,0.40,0.45,150.00
7274,30,2.00,1.65,150.00
7274,4,0.30,0.25,150.00
7275,28,3.00,2.95,150.00
7275,1,0.40,0.50,150.00
7275,27,1.00,0.95,150.00
7276,7,1.80,2.00,150.00
7276,27,1.00,1.45,150.00
7277,1,0.40,0.55,150.00
7278,18,3.00,3.35,150.00
7279,27,1.00,1.15,150.00
7280,11,1.50,1.30,150.00
7281,1,0.40,0.30,150.00
7282,7,1.80,1.65,150.00
7283,10,1.00,1.30,150.00
7283,22,0.80,0.80,150.00
7284,7,1.80,2.15,150.00
7285,5,1.25,1.00,150.00
7286,38,2.50,2.40,150.00
7287,8,0.00,0.65,150.00
7288,21,1.20,1.40,150.00
7289,15,1.00,1.15,150.00
7289,32,1.00,1.00,150.00
7289,1,0.40,0.60,150.00
7290,12,0.40,0.40,150.00
7291,9,0.80,0.90,150.00
7292,8,1.20,1.40,150.00
7293,2,0.60,0.65,150.00
7293,4,0.30,0.55,150.00
7294,2,0.60,0.50,150.00
7294,32,1.00,1.35,150.00
7295,12,0.50,0.55,150.00
7296,36,2.00,2.60,150.00
7297,1,0.40,0.45,150.00
7298,3,0.50,0.55,150.00
7299,28,3.00,2.65,150.00
7299,4,0.30,0.25,150.00
7300,1,0.50,0.55,150.00
7301,5,1.00,1.55,150.00
7301,3,0.50,0.60,150.00
7302,2,0.60,0.70,150.00
7302,4,0.30,0.30,150.00
7302,9,0.80,0.65,150.00
7303,1,0.40,0.40,150.00
7304,6,1.20,1.05,150.00
7304,3,0.50,0.45,150.00
7305,33,3.00,3.00,150.00
7306,5,1.00,1.00,150.00
7307,14,1.80,1.75,150.00
7308,2,0.60,0.80,150.00
7309,1,0.40,0.55,150.00
7309,4,0.30,0.40,150.00
7310,4,0.30,0.30,150.00
7311,1,0.40,0.35,150.00
7312,15,0.00,0.65,150.00
7313,31,1.20,1.10,150.00
7314,24,2.20,1.95,150.00
7314,2,0.60,0.80,150.00
7314,4,0.30,0.30,150.00
7315,19,2.50,1.90,150.00
7316,27,1.00,1.35,150.00
7316,3,0.50,0.55,150.00
7317,4,0.30,0.25,150.00
7317,32,1.00,0.90,150.00
7317,2,0.60,0.55,150.00
7318,7,1.80,2.05,150.00
7319,13,2.00,1.85,150.00
7319,1,0.40,0.40,150.00
7320,1,0.40,0.60,150.00
7321,29,2.00,1.80,150.00
7321,27,1.00,1.05,150.00
7322,1,0.40,0.60,150.00
7323,1,0.40,0.45,150.00
7324,1,0.40,0.45,150.00
7325,7,1.80,1.75,150.00
7325,32,1.00,0.75,150.00
7326,15,1.00,0.70,150.00
7326,27,1.00,0.85,150.00
7327,1,0.40,0.35,150.00
7327,27,1.00,1.05,150.00
7327,32,1.00,0.95,150.00
7328,29,2.00,2.40,150.00
7329,6,1.20,1.35,150.00
7330,1,0.40,0.40,150.00
7331,20,1.20,1.00,150.00
7332,8,1.20,1.35,150.00
7333,1,0.40,0.60,150.00
7334,3,0.50,0.55,150.00
7335,2,0.60,0.80,150.00
7336,2,0.60,0.65,150.00
7337,27,1.00,1.10,150.00
7338,1,0.40,0.55,150.00
7338,27,1.00,1.25,150.00
7339,26,0.80,1.10,150.00
7339,1,0.40,0.60,150.00
7340,11,1.90,1.55,150.00
7341,10,1.00,1.00,150.00
7341,21,1.20,1.20,150.00
7342,3,0.50,0.45,150.00
7342,9,0.80,0.85,150.00
7343,1,0.40,0.60,150.00
7344,27,1.00,0.90,150.00
7345,1,0.40,0.60,150.00
7345,9,0.80,0.85,150.00
7346,1,0.40,0.50,150.00
7347,36,2.00,2.15,150.00
7348,6,1.20,0.90,150.00
7348,2,0.60,0.70,150.00
7349,19,2.50,2.90,150.00
7350,10,1.00,1.50,150.00
7350,20,1.20,1.75,150.00
7350,1,0.40,0.55,150.00
7351,7,0.00,0.80,150.00
7352,1,0.40,0.45,150.00
7353,1,0.40,0.35,150.00
7353,9,0.80,0.80,150.00
7353,4,0.30,0.40,150.00
7354,8,1.20,1.35,150.00
7355,26,1.00,1.30,150.00
7355,9,1.00,1.05,150.00
7356,1,0.40,0.40,150.00
7357,1,0.40,0.35,150.00
7358,12,0.40,0.55,150.00
7359,7,1.80,1.55,150.00
7360,8,1.20,1.20,150.00
7361,7,1.80,2.05,150.00
7362,10,1.00,0.65,150.00
7363,4,0.30,0.35,150.00
7364,12,0.40,0.35,150.00
7365,1,0.40,0.40,150.00
7366,1,0.50,0.45,150.00
7366,3,0.60,0.65,150.00
7367,26,0.80,0.90,150.00
7368,1,0.40,0.45,150.00
7369,1,0.40,0.30,150.00
7370,10,1.00,0.95,150.00
7370,24,2.20,2.30,150.00
7371,1,0.40,0.40,150.00
7372,8,1.20,1.35,150.00
7372,27,1.00,1.00,150.00
7373,1,0.45,0.45,150.00
7373,2,0.65,0.60,150.00
7374,12,0.40,0.45,150.00
7375,10,1.00,1.60,150.00
7375,26,0.80,0.85,150.00
7376,7,1.80,1.40,150.00
7376,4,0.30,0.30,150.00
7377,34,6.00,4.55,150.00
7378,13,0.00,1.20,150.00
7379,1,0.40,0.45,150.00
7380,1,0.40,0.40,150.00
7380,32,1.00,1.20,150.00
7381,24,2.20,2.65,150.00
7382,7,1.80,1.95,150.00
7383,7,2.00,1.80,150.00
7383,4,0.35,0.40,150.00
7384,8,1.20,1.10,150.00
7385,1,0.40,0.50,150.00
7386,1,0.40,0.35,150.00
7386,2,0.60,0.75,150.00
7386,9,0.80,0.65,150.00
7387,5,1.10,1.35,150.00
7388,12,0.40,0.30,150.00
7389,1,0.40,0.30,150.00
7390,10,1.00,0.95,150.00
7390,30,2.00,1.90,150.00
7391,2,0.60,0.65,150.00
7392,10,0.00,0.60,150.00
7393,12,0.50,0.55,150.00
7394,6,1.20,1.00,150.00
7395,1,0.40,0.30,150.00
7396,1,0.40,0.30,150.00
7397,12,0.40,0.45,150.00
7398,1,0.50,0.50,150.00
7399,19,2.50,2.25,150.00
7399,32,1.00,1.00,150.00
7400,1,0.40,0.30,150.00
7400,27,1.00,1.00,150.00
7400,9,0.80,0.70,150.00
7401,29,2.00,2.45,150.00
7401,2,0.60,0.50,150.00
7401,27,1.00,0.90,150.00
7402,11,1.50,1.25,150.00
7402,4,0.30,0.30,150.00
7403,1,0.40,0.50,150.00
7404,2,0.60,0.65,150.00
7404,27,1.00,1.20,150.00
7405,15,1.00,1.40,150.00
7406,1,0.40,0.40,150.00
7406,4,0.30,0.40,150.00
7407,1,0.40,0.45,150.00
7407,9,0.80,1.35,150.00
7408,7,1.80,1.55,150.00
7408,2,0.60,0.55,150.00
7408,27,1.00,1.00,150.00
7409,19,2.50,2.25,150.00
7410,14,1.80,1.70,150.00
7411,1,0.40,0.45,150.00
7411,32,1.00,1.10,150.00
7411,27,1.00,1.05,150.00
7412,32,1.00,1.40,150.00
7412,3,0.50,0.65,150.00
7413,4,0.30,0.30,150.00
7414,4,0.30,0.30,150.00
7415,19,2.50,2.30,150.00
7416,1,0.40,0.35,150.00
7417,1,0.40,0.55,150.00
7418,7,1.80,1.15,150.00
7419,1,0.40,0.35,150.00
7419,3,0.50,0.40,150.00
7420,9,0.80,0.75,150.00
7420,1,0.40,0.30,150.00
7421,8,1.20,1.15,150.00
7422,7,1.80,1.85,150.00
7423,1,0.40,0.60,150.00
7423,3,0.50,0.65,150.00
7424,1,0.40,0.60,150.00
7425,2,0.60,0.75,150.00
7426,1,0.40,0.40,150.00
7427,30,2.50,2.40,150.00
7428,14,1.80,1.40,150.00
7429,21,1.20,1.25,150.00
7430,20,0.00,0.65,150.00
7431,1,0.40,0.50,150.00
7432,1,0.40,0.50,150.00
7432,27,1.00,1.60,150.00
7433,2,0.60,0.65,150.00
7434,26,0.80,0.90,150.00
7434,2,0.60,0.70,150.00
7435,10,1.00,1.20,150.00
7435,30,2.00,1.70,150.00
7436,1,0.40,0.45,150.00
7436,27,1.00,1.50,150.00
7436,2,0.60,0.95,150.00
7437,7,1.80,2.30,150.00
7438,29,2.00,2.30,150.00
7438,27,1.00,1.05,150.00
7439,21,1.20,1.70,150.00
7440,32,1.00,1.50,150.00
7440,1,0.40,0.50,150.00
7441,34,6.00,4.20,150.00
7442,1,0.40,0.35,150.00
7442,2,0.60,0.75,150.00
7443,13,2.00,1.75,150.00
7444,1,0.40,0.50,150.00
7444,9,0.80,0.80,150.00
7444,32,1.00,1.15,150.00
7445,7,1.80,1.45,150.00
7446,2,0.60,0.95,150.00
7447,8,1.20,1.00,150.00
7447,9,0.80,0.90,150.00
7448,13,2.00,1.70,150.00
7449,1,0.40,0.60,150.00
7449,4,0.30,0.35,150.00
7450,2,0.60,0.65,150.00
7451,14,1.80,1.45,150.00
7451,1,0.40,0.35,150.00
7451,3,0.50,0.35,150.00
7452,8,1.20,1.05,150.00
7453,32,1.25,1.25,150.00
7453,4,0.40,0.35,150.00
7454,1,0.40,0.45,150.00
7454,2,0.60,0.80,150.00
7455,21,1.20,1.60,150.00
7455,3,0.50,0.45,150.00
7456,9,0.80,1.05,150.00
7457,10,1.00,1.15,150.00
7457,32,1.00,1.70,150.00
7458,7,1.80,1.65,150.00
7458,4,0.30,0.30,150.00
7458,9,0.80,1.00,150.00
7459,10,1.00,0.90,150.00
7459,24,2.20,2.20,150.00
7460,29,2.00,1.80,150.00
7460,27,1.00,0.90,150.00
7461,1,0.40,0.35,150.00
7462,12,0.40,0.50,150.00
7462,1,0.40,0.65,150.00
7462,3,0.50,0.50,150.00
7463,1,0.40,0.55,150.00
7464,7,1.80,2.05,150.00
7464,27,1.00,1.00,150.00
7465,24,2.20,2.40,150.00
7465,4,0.30,0.40,150.00
7466,11,1.50,1.55,150.00
7466,32,1.00,0.65,150.00
7467,12,0.00,0.20,150.00
7468,1,0.40,0.40,150.00
7469,8,0.00,0.60,150.00
7470,2,0.60,0.60,150.00
7470,4,0.30,0.30,150.00
7471,22,0.90,0.95,150.00
7471,32,1.10,1.15,150.00
7471,2,0.65,0.60,150.00
7472,24,0.00,0.85,150.00
7473,14,1.80,2.50,150.00
7474,1,0.40,0.35,150.00
7474,2,0.60,0.65,150.00
7475,10,1.00,0.75,150.00
7476,8,1.20,1.50,150.00
7477,26,0.80,0.65,150.00
7477,27,1.00,0.65,150.00
7478,12,0.40,0.50,150.00
7478,9,0.80,1.05,150.00
7478,3,0.50,0.55,150.00
7479,19,0.00,1.20,150.00
7480,1,0.40,0.50,150.00
7480,32,1.00,1.80,150.00
7481,32,1.00,1.25,150.00
7482,7,1.80,1.75,150.00
7482,1,0.40,0.45,150.00
7483,1,0.40,0.40,150.00
7483,27,1.00,1.05,150.00
7484,22,1.00,1.15,150.00
7485,2,0.60,0.60,150.00
7485,27,1.00,1.15,150.00
7485,3,0.50,0.50,150.00
7486,1,0.40,0.40,150.00
7486,9,0.80,1.20,150.00
7487,1,0.45,0.65,150.00
7488,1,0.40,0.45,150.00
7489,7,1.80,1.55,150.00
7490,21,1.20,1.70,150.00
7490,2,0.60,0.75,150.00
7490,1,0.40,0.45,150.00
7491,28,3.00,2.85,150.00
7491,27,1.00,1.00,150.00
7492,12,0.40,0.35,150.00
7492,27,1.00,1.25,150.00
7493,2,0.60,0.60,150.00
7493,27,1.00,1.15,150.00
7494,21,1.50,1.45,150.00
7494,3,0.60,0.55,150.00
7494,4,0.40,0.35,150.00
7495,4,0.30,0.30,150.00
7496,24,0.00,1.80,150.00
7497,3,0.50,0.70,150.00
7497,27,1.00,0.90,150.00
7498,1,0.40,0.50,150.00
7499,8,1.50,1.55,150.00
7499,9,1.00,0.75,150.00
7499,3,0.60,0.75,150.00
7500,3,0.50,0.55,150.00
7501,1,0.40,0.45,150.00
7502,11,1.50,1.80,150.00
7502,12,0.40,0.40,150.00
7503,9,0.80,1.00,150.00
7504,29,2.00,1.80,150.00
7505,21,1.20,1.80,150.00
7506,1,0.40,0.30,150.00
7506,9,0.80,0.70,150.00
7507,28,3.75,3.00,150.00
7507,27,1.25,1.30,150.00
7508,1,0.50,0.60,150.00
7508,27,1.25,2.00,150.00
7509,4,0.30,0.25,150.00
7509,1,0.40,0.50,150.00
7509,27,1.00,1.05,150.00
7510,26,0.80,0.75,150.00
7510,3,0.50,0.50,150.00
7511,1,0.40,0.30,150.00
7511,4,0.30,0.25,150.00
7511,2,0.60,0.45,150.00
7512,6,1.20,1.50,150.00
7513,1,0.40,0.45,150.00
7514,2,0.65,0.50,150.00
7515,25,0.60,0.65,150.00
7516,1,0.40,0.30,150.00
7517,3,0.60,0.60,150.00
7517,1,0.50,0.45,150.00
7518,7,1.80,1.55,150.00
7518,2,0.60,0.40,150.00
7519,1,0.40,0.35,150.00
7520,1,0.40,0.40,150.00
7520,4,0.30,0.25,150.00
7521,27,1.10,1.05,150.00
7522,24,2.20,2.00,150.00
7522,32,1.00,1.20,150.00
7523,1,0.40,0.45,150.00
7524,24,2.20,2.10,150.00
7525,1,0.40,0.35,150.00
7526,30,2.00,1.95,150.00
7527,21,1.20,0.95,150.00
7528,15,1.00,1.10,150.00
7528,3,0.50,0.65,150.00
7528,9,0.80,0.85,150.00
7529,1,0.50,0.50,150.00
7530,12,0.40,0.40,150.00
7530,1,0.40,0.45,150.00
7531,21,1.20,1.10,150.00
7532,3,0.50,0.40,150.00
7532,27,1.00,0.95,150.00
7533,21,1.20,0.95,150.00
7534,12,0.40,0.35,150.00
7534,3,0.50,0.55,150.00
7535,1,0.40,0.50,150.00
7536,7,2.25,2.05,150.00
7537,10,1.00,1.00,150.00
7538,1,0.40,0.35,150.00
7539,10,1.00,1.45,150.00
7540,8,1.20,1.05,150.00
7540,4,0.30,0.25,150.00
7541,15,1.00,1.25,150.00
7541,27,1.00,1.15,150.00
7542,10,1.00,1.50,150.00
7542,4,0.30,0.25,150.00
7543,7,1.80,1.45,150.00
7544,8,1.20,1.60,150.00
7545,6,1.20,1.25,150.00
7546,8,1.20,1.20,150.00
7547,7,2.25,2.75,150.00
7547,9,1.00,1.25,150.00
7548,1,0.40,0.40,150.00
7549,7,1.80,1.45,150.00
7550,4,0.30,0.40,150.00
7551,1,0.40,0.50,150.00
7552,10,1.00,0.85,150.00
7552,26,0.80,1.00,150.00
7553,4,0.30,0.35,150.00
7554,10,1.25,1.45,150.00
7554,26,1.00,1.25,150.00
7555,3,0.50,0.35,150.00
7556,9,0.80,0.95,150.00
7557,1,0.40,0.20,150.00
7557,32,1.00,0.65,150.00
7558,1,0.40,0.35,150.00
7559,13,2.00,1.95,150.00
7560,8,0.00,0.50,150.00
7561,15,1.00,1.35,150.00
7562,2,0.60,0.70,150.00
7563,7,1.80,1.25,150.00
7563,4,0.30,0.25,150.00
7563,27,1.00,0.95,150.00
7564,24,0.00,0.80,150.00
7565,1,0.40,0.45,150.00
7565,9,0.80,0.70,150.00
7565,32,1.00,0.75,150.00
7566,2,0.75,0.65,150.00
7567,7,1.80,1.65,150.00
7567,9,0.80,0.65,150.00
7568,38,2.50,2.75,150.00
7569,1,0.40,0.35,150.00
7569,32,1.00,1.15,150.00
7569,4,0.30,0.30,150.00
7570,10,1.00,0.70,150.00
7570,24,2.20,1.95,150.00
7570,3,0.50,0.35,150.00
7571,7,1.80,1.90,150.00
7572,8,1.20,1.10,150.00
7573,7,1.80,1.95,150.00
7574,7,0.00,0.60,150.00
7575,12,0.50,0.60,150.00
7576,2,0.60,0.65,150.00
7577,8,1.20,1.75,150.00
7577,2,0.60,0.90,150.00
7578,1,0.40,0.45,150.00
7579,13,2.50,2.65,150.00
7580,11,1.50,1.50,150.00
7580,14,1.80,1.45,150.00
7581,21,1.20,1.40,150.00
7581,9,0.80,0.80,150.00
7582,10,1.00,1.10,150.00
7582,22,0.80,0.65,150.00
7583,27,1.00,1.30,150.00
7584,26,0.80,0.80,150.00
7585,24,2.20,2.15,150.00
7586,7,1.80,1.95,150.00
7586,3,0.50,0.50,150.00
7586,1,0.40,0.60,150.00
7587,8,0.00,0.30,150.00
7588,2,0.60,0.70,150.00
7589,2,0.60,0.50,150.00
7589,3,0.50,0.50,150.00
7590,1,0.50,0.45,150.00
7590,32,1.25,1.30,150.00
7591,1,0.40,0.50,150.00
7592,3,0.50,0.50,150.00
7592,2,0.60,0.40,150.00
7592,27,1.00,0.90,150.00
7593,10,1.00,1.25,150.00
7593,32,1.00,1.05,150.00
7593,4,0.30,0.40,150.00
7594,12,0.40,0.55,150.00
7594,1,0.40,0.50,150.00
7594,2,0.60,0.55,150.00
7595,8,1.20,1.15,150.00
7595,2,0.60,0.55,150.00
7595,1,0.40,0.25,150.00
7596,12,0.40,0.50,150.00
7597,1,0.40,0.30,150.00
7597,4,0.30,0.35,150.00
7598,23,4.50,4.00,150.00
7598,27,1.00,0.85,150.00
7599,23,4.50,4.05,150.00
7599,27,1.00,1.00,150.00
7600,10,1.00,1.00,150.00
7600,24,2.20,2.45,150.00
7600,27,1.00,1.20,150.00
7600,2,0.60,0.75,150.00
7601,1,0.40,0.45,150.00
7602,29,2.00,1.70,150.00
7603,2,0.60,0.75,150.00
7603,4,0.30,0.40,150.00
7604,21,0.00,0.80,150.00
7605,24,2.20,1.55,150.00
7605,27,1.00,0.90,150.00
7605,3,0.50,0.35,150.00
7606,2,0.60,0.65,150.00
7606,1,0.40,0.35,150.00
7607,7,1.80,2.00,150.00
7608,22,0.80,0.95,150.00
7609,28,3.00,2.45,150.00
7609,1,0.40,0.40,150.00
7609,9,0.80,0.75,150.00
7609,27,1.00,0.85,150.00
7610,2,0.60,0.95,150.00
7610,3,0.50,0.65,150.00
7611,21,1.20,1.25,150.00
7612,12,0.40,0.45,150.00
7612,1,0.40,0.35,150.00
7613,21,1.20,0.95,150.00
7613,1,0.40,0.40,150.00
7614,10,1.00,0.85,150.00
7615,8,1.50,1.55,150.00
7616,1,0.50,0.30,150.00
7617,2,0.60,0.55,150.00
7618,9,0.80,0.75,150.00
7619,4,0.30,0.40,150.00
7619,9,0.80,1.05,150.00
7620,6,1.20,1.55,150.00
7621,7,1.80,2.10,150.00
7622,9,0.80,0.60,150.00
7623,23,5.60,7.20,150.00
7624,8,1.20,1.05,150.00
7625,1,0.40,0.35,150.00
7625,27,1.00,0.85,150.00
7626,10,1.00,1.05,150.00
7626,32,1.00,0.95,150.00
7626,4,0.30,0.40,150.00
7627,1,0.40,0.45,150.00
7627,27,1.00,0.95,150.00
7628,1,0.50,0.35,150.00
7629,1,0.40,0.35,150.00
7630,1,0.40,0.50,150.00
7630,27,1.00,1.10,150.00
7631,18,3.00,2.35,150.00
7632,6,1.20,1.45,150.00
7633,1,0.40,0.40,150.00
7634,1,0.40,0.50,150.00
7634,3,0.50,0.50,150.00
7635,8,1.20,1.00,150.00
7635,27,1.00,1.25,150.00
7635,32,1.00,1.50,150.00
7636,10,0.00,0.50,150.00
7637,1,0.40,0.45,150.00
7638,12,0.40,0.45,150.00
7638,3,0.50,0.65,150.00
7639,1,0.40,0.65,150.00
7640,27,1.00,0.90,150.00
7641,10,1.00,1.20,150.00
7642,5,1.00,1.55,150.00
7643,2,0.60,0.80,150.00
7644,10,1.00,1.20,150.00
7644,32,1.00,1.20,150.00
7645,8,1.20,0.85,150.00
7646,24,2.20,2.10,150.00
7647,36,2.00,1.80,150.00
7647,27,1.00,1.10,150.00
7648,8,1.20,1.45,150.00
7648,2,0.60,0.80,150.00
7649,1,0.40,0.65,150.00
7650,33,3.75,4.30,150.00
7650,3,0.60,0.55,150.00
7651,13,0.00,1.15,150.00
7652,27,1.00,1.20,150.00
7653,22,0.80,0.95,150.00
7654,8,1.20,1.25,150.00
7655,1,0.40,0.45,150.00
7656,4,0.30,0.50,150.00
7657,4,0.30,0.25,150.00
7658,1,0.40,0.35,150.00
7659,8,1.20,1.40,150.00
7659,27,1.00,1.00,150.00
7660,23,4.50,4.30,150.00
7661,1,0.40,0.40,150.00
7662,26,0.80,0.70,150.00
7663,6,1.20,1.20,150.00
7664,13,2.20,3.15,150.00
7664,2,0.65,0.60,150.00
7664,32,1.10,1.00,150.00
7665,2,0.60,0.70,150.00
7666,10,1.00,1.05,150.00
7666,20,1.20,1.50,150.00
7666,27,1.00,1.05,150.00
7667,29,2.00,2.60,150.00
7667,27,1.00,1.15,150.00
7668,35,10.00,12.60,150.00
7669,8,1.20,1.15,150.00
7670,4,0.30,0.25,150.00
7670,2,0.60,0.60,150.00
7671,2,0.60,0.40,150.00
7671,4,0.30,0.35,150.00
7672,1,0.40,0.35,150.00
7673,23,4.50,3.00,150.00
7673,2,0.60,0.60,150.00
7674,10,1.00,0.60,150.00
7675,21,1.20,1.10,150.00
7676,13,2.00,1.65,150.00
7677,1,0.40,0.50,150.00
7678,2,0.60,0.70,150.00
7678,3,0.50,0.50,150.00
7678,4,0.30,0.30,150.00
7679,18,3.00,2.95,150.00
7680,12,0.40,0.40,150.00
7680,9,0.80,0.75,150.00
7681,1,0.40,0.40,150.00
7682,20,1.20,0.90,150.00
7683,1,0.40,0.40,150.00
7684,1,0.40,0.40,150.00
7684,2,0.60,0.85,150.00
7685,4,0.30,0.30,150.00
7686,1,0.40,0.50,150.00
7686,27,1.00,1.40,150.00
7686,4,0.30,0.35,150.00
7687,9,0.90,0.85,150.00
7688,6,1.50,1.80,150.00
7689,1,0.40,0.30,150.00
7689,27,1.00,0.80,150.00
7689,3,0.50,0.35,150.00
7690,29,2.00,2.50,150.00
7690,27,1.00,1.00,150.00
7691,5,1.00,0.90,150.00
7691,27,1.00,1.25,150.00
7691,9,0.80,0.85,150.00
7692,1,0.40,0.50,150.00
7693,26,0.80,0.75,150.00
7693,2,0.60,0.75,150.00
7693,32,1.00,1.55,150.00
7694,1,0.40,0.40,150.00
7694,9,0.80,0.70,150.00
7695,3,0.50,0.45,150.00
7695,1,0.40,0.45,150.00
7695,27,1.00,1.15,150.00
7696,30,2.00,1.75,150.00
7697,7,2.00,2.15,150.00
7698,8,1.20,1.05,150.00
7698,3,0.50,0.45,150.00
7699,21,1.20,1.05,150.00
7700,1,0.40,0.40,150.00
7701,1,0.40,0.50,150.00
7702,1,0.40,0.35,150.00
7702,2,0.60,0.40,150.00
7703,6,1.20,1.50,150.00
7704,10,1.00,0.80,150.00
7705,8,1.20,1.15,150.00
7705,1,0.40,0.50,150.00
7706,10,1.25,1.20,150.00
7707,2,0.65,0.75,150.00
7708,1,0.40,0.40,150.00
7708,32,1.00,1.10,150.00
7709,8,1.50,2.00,150.00
7710,1,0.40,0.30,150.00
7711,1,0.40,0.40,150.00
7712,1,0.45,0.40,150.00
7713,1,0.40,0.55,150.00
7714,1,0.50,0.50,150.00
7715,1,0.40,0.50,150.00
7716,6,1.20,1.35,150.00
7717,22,0.80,0.70,150.00
7718,36,2.00,1.85,150.00
7718,4,0.30,0.30,150.00
7719,8,1.20,1.70,150.00
7720,23,0.00,2.60,150.00
7721,34,6.60,5.55,150.00
7722,11,1.50,1.45,150.00
7722,12,0.40,0.45,150.00
7723,12,0.40,0.35,150.00
7724,1,0.40,0.45,150.00
7725,2,0.60,0.50,150.00
7725,27,1.00,0.75,150.00
7725,9,0.80,0.60,150.00
7726,7,1.80,1.70,150.00
7727,33,3.00,2.55,150.00
7728,1,0.40,0.40,150.00
7729,21,1.20,1.20,150.00
7729,2,0.60,0.60,150.00
7730,4,0.30,0.30,150.00
7731,15,1.00,1.05,150.00
7732,2,0.60,0.80,150.00
7732,1,0.40,0.45,150.00
7733,8,1.20,1.20,150.00
7734,2,0.60,0.55,150.00
7735,1,0.40,0.40,150.00
7736,32,1.00,0.95,150.00
7737,29,2.00,1.75,150.00
7738,24,2.20,1.80,150.00
7739,1,0.40,0.50,150.00
7739,32,1.00,1.05,150.00
7740,4,0.30,0.25,150.00
7741,7,1.80,1.55,150.00
7742,2,0.60,0.60,150.00
7743,10,1.00,0.90,150.00
7743,26,0.80,0.60,150.00
7743,2,0.60,0.65,150.00
7744,10,1.00,1.30,150.00
7744,26,0.80,0.85,150.00
7744,3,0.50,0.50,150.00
7744,27,1.00,1.45,150.00
7745,7,1.80,1.50,150.00
7746,1,0.40,0.70,150.00
7747,12,0.40,0.35,150.00
7747,2,0.60,0.60,150.00
7748,36,2.00,2.00,150.00
7749,8,1.20,1.45,150.00
7750,11,1.50,2.20,150.00
7750,13,2.00,1.45,150.00
7750,2,0.60,0.55,150.00
7751,37,0.80,0.75,150.00
7752,2,0.60,0.65,150.00
7753,1,0.40,0.45,150.00
7753,3,0.50,0.65,150.00
7754,5,1.00,1.05,150.00
7755,28,3.00,2.30,150.00
7755,27,1.00,0.95,150.00
7756,1,0.40,0.30,150.00
7756,32,1.00,1.00,150.00
7757,12,0.40,0.60,150.00
7758,2,0.60,0.60,150.00
7759,1,0.40,0.50,150.00
7760,8,1.20,1.05,150.00
7761,7,1.80,1.70,150.00
7761,4,0.30,0.30,150.00
7762,1,0.40,0.40,150.00
7763,32,1.00,1.10,150.00
7764,22,0.80,0.75,150.00
7765,2,0.60,0.55,150.00
7766,1,0.40,0.45,150.00
7766,3,0.50,0.70,150.00
7767,11,1.50,1.25,150.00
7767,14,1.80,2.50,150.00
7768,7,0.00,0.50,150.00
7769,1,0.40,0.45,150.00
7770,1,0.40,0.55,150.00
7771,2,0.60,0.60,150.00
7772,12,0.40,0.40,150.00
7773,1,0.40,0.25,150.00
7774,1,0.40,0.55,150.00
7775,22,0.80,1.15,150.00
7776,1,0.40,0.30,150.00
7777,7,1.80,1.85,150.00
7778,23,5.60,6.35,150.00
7779,8,1.20,0.95,150.00
7780,19,2.50,2.35,150.00
7780,27,1.00,1.05,150.00
7781,21,1.20,1.30,150.00
7782,21,1.20,0.95,150.00
7783,8,1.20,1.95,150.00
7783,9,0.80,1.05,150.00
7784,34,6.00,4.40,150.00
7784,4,0.30,0.25,150.00
7785,26,0.80,0.80,150.00
7785,2,0.60,0.45,150.00
7786,14,1.80,1.95,150.00
7787,21,0.00,0.30,150.00
7788,2,0.60,0.85,150.00
7788,4,0.30,0.40,150.00
7789,1,0.40,0.40,150.00
7790,1,0.40,0.55,150.00
7791,1,0.40,0.65,150.00
7791,32,1.00,1.15,150.00
7792,13,2.00,1.75,150.00
7793,21,1.20,1.50,150.00
7793,2,0.60,0.75,150.00
7793,9,0.80,0.85,150.00
7794,6,1.20,1.00,150.00
7795,36,2.50,2.30,150.00
7795,27,1.25,1.00,150.00
7796,1,0.40,0.40,150.00
7797,4,0.30,0.35,150.00
7798,10,1.25,1.75,150.00
7799,8,1.20,1.15,150.00
7800,1,0.40,0.45,150.00
7801,1,0.40,0.35,150.00
7802,1,0.40,0.45,150.00
7803,7,1.80,1.30,150.00
7803,1,0.40,0.45,150.00
7804,4,0.30,0.25,150.00
7805,7,0.00,0.50,150.00
7806,24,2.20,1.90,150.00
7807,25,0.60,0.75,150.00
7807,27,1.00,1.45,150.00
7808,2,0.60,0.75,150.00
7809,22,0.80,1.00,150.00
7809,1,0.40,0.60,150.00
7810,21,1.20,1.65,150.00
7810,4,0.30,0.40,150.00
7810,32,1.00,0.95,150.00
7811,1,0.40,0.55,150.00
7812,1,0.50,0.50,150.00
7812,3,0.60,0.60,150.00
7813,18,3.00,3.20,150.00
7813,4,0.30,0.45,150.00
7814,1,0.40,0.30,150.00
7815,29,2.00,1.70,150.00
7815,27,1.00,0.75,150.00
7816,11,1.50,1.65,150.00
7817,12,0.40,0.40,150.00
7818,6,1.20,1.65,150.00
7819,11,1.50,1.55,150.00
7819,14,1.80,1.45,150.00
7819,9,0.80,0.80,150.00
7820,1,0.50,0.65,150.00
7821,8,1.20,1.80,150.00
7822,7,1.80,2.20,150.00
7822,27,1.00,1.20,150.00
7823,1,0.40,0.50,150.00
7824,1,0.40,0.45,150.00
7825,26,0.80,1.05,150.00
7826,36,2.00,1.45,150.00
7826,32,1.00,1.35,150.00
7827,1,0.40,0.35,150.00
7827,32,1.00,1.45,150.00
7828,12,0.40,0.35,150.00
7829,13,2.00,1.70,150.00
7830,1,0.40,0.40,150.00
7831,12,0.40,0.35,150.00
7832,1,0.40,0.35,150.00
7833,1,0.40,0.35,150.00
7833,27,1.00,0.85,150.00
7834,33,3.75,3.75,150.00
7835,1,0.40,0.55,150.00
7835,32,1.00,1.15,150.00
7836,1,0.45,0.40,150.00
7837,6,1.50,1.40,150.00
7837,2,0.75,0.95,150.00
7838,1,0.40,0.45,150.00
7839,10,1.00,1.05,150.00
7839,2,0.60,0.80,150.00
7840,1,0.40,0.55,150.00
7841,1,0.40,0.45,150.00
7841,4,0.30,0.35,150.00
7842,3,0.50,0.75,150.00
7842,9,0.80,1.10,150.00
7842,4,0.30,0.45,150.00
7843,1,0.40,0.45,150.00
7844,1,0.50,0.85,150.00
7844,4,0.40,0.45,150.00
7844,3,0.60,0.80,150.00
7845,10,1.00,1.40,150.00
7846,2,0.60,0.80,150.00
7847,3,0.50,0.55,150.00
7848,12,0.40,0.40,150.00
7849,1,0.50,0.55,150.00
7849,9,1.00,1.55,150.00
7850,1,0.40,0.40,150.00
7850,4,0.30,0.35,150.00
7851,21,1.50,1.95,150.00
7851,2,0.75,1.00,150.00
7852,2,0.60,0.55,150.00
7853,3,0.50,0.40,150.00
7853,2,0.60,0.55,150.00
7854,12,0.40,0.45,150.00
7855,32,1.00,1.30,150.00
7856,14,1.80,1.60,150.00
7857,7,1.80,1.55,150.00
7858,7,1.80,1.95,150.00
7859,20,1.20,1.40,150.00
7860,1,0.40,0.50,150.00
7861,22,0.00,0.65,150.00
7862,8,1.20,1.70,150.00
7863,1,0.40,0.45,150.00
7863,4,0.30,0.35,150.00
7864,14,1.80,1.70,150.00
7864,4,0.30,0.35,150.00
7865,12,0.40,0.45,150.00
7866,22,0.00,0.45,150.00
7867,23,4.50,4.15,150.00
7868,1,0.40,0.35,150.00
7869,1,0.40,0.45,150.00
7869,32,1.00,1.20,150.00
7870,10,1.00,1.05,150.00
7870,32,1.00,1.00,150.00
7871,1,0.40,0.35,150.00
7871,27,1.00,0.95,150.00
7872,15,1.00,1.10,150.00
7873,10,1.00,0.95,150.00
7873,21,1.20,1.55,150.00
7874,1,0.40,0.35,150.00
7875,19,3.10,3.35,150.00
7876,1,0.40,0.35,150.00
7877,4,0.30,0.25,150.00
7878,26,0.80,1.05,150.00
7879,22,1.00,0.75,150.00
7880,21,1.20,1.15,150.00
7881,10,1.00,1.10,150.00
7881,26,0.80,1.00,150.00
7882,2,0.60,0.75,150.00
7883,1,0.40,0.35,150.00
7884,7,2.25,1.70,150.00
7885,6,1.20,1.15,150.00
7885,3,0.50,0.50,150.00
7886,9,0.80,0.70,150.00
7887,10,1.00,1.05,150.00
7887,27,1.00,0.90,150.00
7888,31,1.20,0.90,150.00
7889,1,0.40,0.45,150.00
7890,29,2.00,1.55,150.00
7890,27,1.00,0.75,150.00
7891,1,0.40,0.40,150.00
7892,28,0.00,1.30,150.00
7893,24,2.20,1.80,150.00
7894,7,1.80,1.35,150.00
7894,32,1.00,0.90,150.00
7895,1,0.40,0.35,150.00
7895,32,1.00,1.05,150.00
7895,2,0.60,0.75,150.00
7896,9,0.80,0.90,150.00
7897,8,1.20,1.60,150.00
7897,1,0.40,0.60,150.00
7898,11,1.50,1.55,150.00
7898,12,0.40,0.45,150.00
7899,12,0.40,0.40,150.00
7900,2,0.60,0.60,150.00
7901,1,0.40,0.55,150.00
7902,10,1.25,1.10,150.00
7902,32,1.25,1.25,150.00
7903,15,1.25,1.15,150.00
7904,7,1.80,2.00,150.00
7905,2,0.60,0.60,150.00
7906,8,1.20,1.45,150.00
7907,1,0.40,0.35,150.00
7908,3,0.60,0.50,150.00
7909,12,0.40,0.40,150.00
7910,7,1.80,1.55,150.00
7911,22,0.80,0.65,150.00
7912,12,0.40,0.45,150.00
7913,7,1.80,1.55,150.00
7914,15,1.00,1.05,150.00
7915,9,0.80,1.35,150.00
7915,4,0.30,0.30,150.00
7916,8,0.00,0.65,150.00
7917,14,0.00,1.35,150.00
7918,2,0.75,0.95,150.00
7919,1,0.40,0.35,150.00
7919,3,0.50,0.55,150.00
7920,1,0.40,0.55,150.00
7920,3,0.50,0.65,150.00
7921,10,1.25,1.10,150.00
7921,20,1.50,1.60,150.00
7922,19,2.50,3.00,150.00
7923,4,0.30,0.30,150.00
7924,26,0.80,1.10,150.00
7924,3,0.50,0.50,150.00
7925,9,0.80,1.00,150.00
7926,12,0.40,0.45,150.00
7927,1,0.40,0.45,150.00
7928,1,0.40,0.40,150.00
7928,9,0.80,0.90,150.00
7929,23,4.50,4.80,150.00
7929,32,1.00,0.85,150.00
7930,28,3.75,3.40,150.00
7930,27,1.25,1.15,150.00
7931,1,0.40,0.65,150.00
7932,11,1.50,1.65,150.00
7932,13,2.00,2.30,150.00
7932,3,0.50,0.50,150.00
7932,1,0.40,0.35,150.00
7933,8,1.30,1.55,150.00
7933,2,0.65,0.65,150.00
7934,10,1.00,1.20,150.00
7935,7,1.80,1.65,150.00
7936,3,0.50,0.50,150.00
7937,1,0.40,0.35,150.00
7937,32,1.00,0.95,150.00
7938,4,0.30,0.25,150.00
7939,1,0.40,0.65,150.00
