work_order_id,vehicle_id,appointment_id,mechanic_id,parent_work_order_id,opened_at,promised_at,completed_at,status,odometer_miles
1,633,19,5,,2024-01-02 07:33:00,2024-01-02 12:18:00,2024-01-02 10:08:00,Completed,153390
2,969,13,4,,2024-01-02 07:34:00,2024-01-03 13:10:00,2024-01-03 13:56:00,Completed,109122
3,1464,46,4,,2024-01-02 08:30:00,2024-01-02 12:00:00,2024-01-02 09:56:00,Completed,69350
4,408,,1,,2024-01-02 09:03:00,2024-01-02 10:40:00,2024-01-02 09:52:00,Completed,152474
5,536,7,4,,2024-01-02 10:00:00,2024-01-02 13:52:00,2024-01-02 11:32:00,Completed,130031
6,1161,,2,,2024-01-02 10:44:00,2024-01-03 08:59:00,2024-01-02 15:00:00,Completed,112385
7,692,15,5,,2024-01-02 12:07:00,2024-01-02 15:52:00,2024-01-02 15:20:00,Completed,101451
8,137,49,6,,2024-01-02 13:02:00,2024-01-02 16:02:00,2024-01-03 08:09:00,Completed,186423
9,826,31,3,,2024-01-02 13:30:00,2024-01-03 10:41:00,2024-01-03 09:18:00,Completed,254342
10,1258,27,6,,2024-01-02 13:34:00,2024-01-02 15:09:00,2024-01-02 14:50:00,Completed,195570
11,720,44,4,,2024-01-02 13:55:00,2024-01-02 16:25:00,2024-01-02 15:31:00,Completed,126520
12,39,17,6,,2024-01-02 15:07:00,2024-01-02 16:22:00,2024-01-02 16:03:00,Completed,291582
13,85,53,4,,2024-01-03 08:05:00,2024-01-03 09:12:00,2024-01-03 08:41:00,Completed,123562
14,1430,24,4,,2024-01-03 09:03:00,2024-01-03 13:18:00,2024-01-03 11:09:00,Completed,121099
15,1083,,5,,2024-01-03 09:32:00,2024-01-03 11:17:00,2024-01-03 10:27:00,Completed,108508
16,1468,,5,,2024-01-03 09:40:00,2024-01-03 14:35:00,2024-01-03 13:13:00,Completed,156526
17,343,,4,,2024-01-03 10:32:00,2024-01-03 13:17:00,2024-01-03 14:01:00,Completed,185806
18,1197,52,6,,2024-01-03 10:33:00,2024-01-03 11:48:00,2024-01-03 11:23:00,Completed,154587
19,738,,4,,2024-01-03 10:33:00,2024-01-03 13:05:00,2024-01-03 12:56:00,Completed,106973
20,467,,6,,2024-01-03 10:48:00,2024-01-03 12:28:00,2024-01-03 12:02:00,Completed,107340
21,427,29,2,,2024-01-03 11:38:00,2024-01-03 15:53:00,2024-01-03 13:10:00,Completed,155508
22,1417,,6,,2024-01-03 12:55:00,2024-01-03 14:10:00,2024-01-03 13:37:00,Completed,26582
23,509,38,4,,2024-01-03 14:07:00,2024-01-04 08:59:00,2024-01-03 17:08:00,Completed,116000
24,423,,5,,2024-01-03 14:23:00,2024-01-06 08:43:00,2024-01-05 15:47:00,Completed,216069
25,972,23,1,,2024-01-03 14:36:00,2024-01-03 15:51:00,2024-01-03 15:20:00,Completed,155563
26,687,26,2,,2024-01-03 15:37:00,2024-01-03 17:30:00,2024-01-03 16:33:00,Completed,109689
27,1456,32,1,,2024-01-04 08:00:00,2024-01-04 12:15:00,2024-01-04 10:04:00,Completed,63195
28,596,,1,,2024-01-04 08:28:00,2024-01-04 11:46:00,2024-01-04 11:16:00,Completed,183559
29,766,11,1,,2024-01-04 09:06:00,2024-01-04 13:10:00,2024-01-04 12:41:00,Completed,73827
30,588,5,2,,2024-01-04 10:03:00,2024-01-04 13:18:00,2024-01-04 11:05:00,Completed,122781
31,496,,4,,2024-01-04 10:04:00,2024-01-04 11:34:00,2024-01-04 10:46:00,Completed,163926
32,1238,36,5,,2024-01-04 10:35:00,2024-01-04 15:05:00,2024-01-04 13:04:00,Completed,54687
33,1467,50,2,,2024-01-04 11:05:00,2024-01-04 14:05:00,2024-01-04 13:07:00,Completed,47287
34,1022,,4,,2024-01-04 12:15:00,2024-01-04 16:45:00,2024-01-04 16:14:00,Completed,124610
35,816,,5,,2024-01-04 12:25:00,2024-01-04 14:13:00,2024-01-04 13:54:00,Completed,122671
36,248,,4,,2024-01-04 13:27:00,2024-01-04 15:37:00,2024-01-04 15:30:00,Completed,121027
37,689,,5,,2024-01-04 13:32:00,2024-01-04 17:30:00,2024-01-04 15:36:00,Completed,75375
38,188,,2,,2024-01-04 13:46:00,2024-01-04 16:19:00,2024-01-04 15:27:00,Completed,143221
39,1188,,5,,2024-01-04 14:04:00,2024-01-04 16:08:00,2024-01-04 16:22:00,Completed,73150
40,666,8,4,,2024-01-04 14:06:00,2024-01-05 07:37:00,2024-01-04 16:10:00,Completed,137420
41,1115,47,3,,2024-01-05 07:33:00,2024-01-05 12:21:00,2024-01-05 12:51:00,Completed,234165
42,1449,10,1,,2024-01-05 07:37:00,2024-01-05 12:22:00,2024-01-05 13:00:00,Completed,109055
43,1472,66,3,,2024-01-05 08:39:00,2024-01-05 10:26:00,2024-01-05 10:07:00,Completed,27536
44,79,,1,,2024-01-05 09:32:00,2024-01-05 12:53:00,2024-01-05 11:02:00,Completed,112099
45,474,37,4,,2024-01-05 09:37:00,2024-01-05 13:14:00,2024-01-05 14:16:00,Completed,97249
46,1484,,3,,2024-01-05 09:59:00,2024-01-05 11:14:00,2024-01-05 10:29:00,Completed,77272
47,1461,42,5,,2024-01-05 10:32:00,2024-01-05 14:47:00,2024-01-05 12:15:00,Completed,50125
48,399,58,4,,2024-01-05 10:35:00,2024-01-05 15:59:00,2024-01-05 13:52:00,Completed,150869
49,625,65,4,,2024-01-05 10:50:00,2024-01-05 17:30:00,2024-01-05 16:01:00,Completed,190987
50,1482,67,1,,2024-01-05 11:22:00,2024-01-05 12:59:00,2024-01-05 12:02:00,Completed,101616
51,597,9,3,,2024-01-05 11:39:00,2024-01-05 15:09:00,2024-01-05 14:56:00,Completed,154227
52,812,,3,,2024-01-05 11:41:00,2024-01-05 13:47:00,2024-01-05 13:33:00,Completed,197299
53,1483,,5,,2024-01-05 11:57:00,2024-01-05 13:15:00,2024-01-05 12:32:00,Completed,52711
54,1470,55,4,,2024-01-05 12:03:00,2024-01-05 15:28:00,2024-01-05 16:19:00,Completed,36945
55,141,56,5,,2024-01-06 08:06:00,2024-01-06 10:36:00,2024-01-06 10:06:00,Completed,161708
56,1032,71,6,,2024-01-06 08:07:00,2024-01-06 12:52:00,2024-01-06 11:07:00,Completed,86368
57,14,41,6,,2024-01-06 08:38:00,2024-01-06 11:24:00,2024-01-06 11:49:00,Completed,94666
58,908,68,5,,2024-01-06 09:09:00,2024-01-06 12:06:00,2024-01-08 07:38:00,Completed,111383
59,1459,34,3,,2024-01-06 09:38:00,2024-01-08 08:53:00,2024-01-08 12:30:00,Completed,53752
60,533,,6,,2024-01-06 10:22:00,2024-01-06 14:00:00,2024-01-06 13:48:00,Completed,217773
61,977,18,5,,2024-01-06 12:03:00,2024-01-06 14:00:00,2024-01-06 12:46:00,Completed,157220
62,622,,4,,2024-01-06 12:33:00,2024-01-08 08:33:00,2024-01-06 13:51:00,Completed,263199
63,1028,35,5,,2024-01-08 07:31:00,2024-01-08 11:53:00,2024-01-08 09:32:00,Completed,202284
64,1492,79,4,,2024-01-08 07:35:00,2024-01-08 10:05:00,2024-01-08 10:14:00,Completed,147180
65,1491,81,6,,2024-01-08 08:37:00,2024-01-08 10:29:00,2024-01-08 10:14:00,Completed,94046
66,724,,5,,2024-01-08 09:01:00,2024-01-08 10:25:00,2024-01-08 10:07:00,Completed,216704
67,1220,,1,,2024-01-08 09:22:00,2024-01-08 10:37:00,2024-01-08 09:50:00,Completed,149769
68,1261,,2,,2024-01-08 09:43:00,2024-01-08 10:58:00,2024-01-08 10:13:00,Completed,36319
69,760,,3,,2024-01-08 10:07:00,2024-01-08 12:07:00,2024-01-08 11:33:00,Completed,60493
70,1007,,6,,2024-01-08 10:09:00,2024-01-08 11:24:00,2024-01-08 10:44:00,Completed,67558
71,1260,,4,,2024-01-08 10:22:00,2024-01-08 12:52:00,2024-01-08 11:08:00,Completed,132469
72,776,,4,,2024-01-08 10:30:00,2024-01-08 11:54:00,2024-01-08 11:18:00,Completed,58288
73,1497,,6,,2024-01-08 10:45:00,2024-01-08 13:52:00,2024-01-08 13:15:00,Completed,163241
74,1303,,5,,2024-01-08 11:22:00,2024-01-08 13:44:00,2024-01-08 12:56:00,Completed,75375
75,1306,,5,,2024-01-08 13:43:00,2024-01-08 17:30:00,2024-01-08 15:01:00,Completed,102682
76,681,40,3,,2024-01-08 14:04:00,2024-01-09 09:19:00,2024-01-08 17:09:00,Completed,65924
77,1494,78,5,,2024-01-09 07:33:00,2024-01-09 13:33:00,2024-01-09 11:54:00,Completed,69689
78,741,45,6,,2024-01-09 08:01:00,2024-01-09 09:16:00,2024-01-09 08:40:00,Completed,134323
79,1476,61,5,,2024-01-09 08:03:00,2024-01-10 13:03:00,2024-01-10 12:47:00,Completed,27133
80,714,,5,,2024-01-09 08:06:00,2024-01-09 15:26:00,2024-01-09 13:47:00,Completed,89530
81,1502,,6,,2024-01-09 08:16:00,2024-01-09 11:53:00,2024-01-09 11:17:00,Completed,37553
82,965,4,4,,2024-01-09 08:36:00,2024-01-11 10:58:00,2024-01-10 17:28:00,Completed,252797
83,1501,85,4,,2024-01-09 08:36:00,2024-01-09 11:36:00,2024-01-09 09:59:00,Completed,127804
84,698,,1,,2024-01-09 09:04:00,2024-01-09 10:19:00,2024-01-09 09:39:00,Completed,130735
85,339,6,3,,2024-01-09 09:08:00,2024-01-09 14:53:00,2024-01-10 13:02:00,Completed,263871
86,1499,,4,,2024-01-09 09:47:00,2024-01-09 12:32:00,2024-01-09 11:23:00,Completed,26207
87,628,72,6,,2024-01-09 10:00:00,2024-01-09 14:57:00,2024-01-09 13:39:00,Completed,213712
88,1046,86,2,,2024-01-09 10:05:00,2024-01-09 14:20:00,2024-01-09 11:37:00,Completed,49040
89,1496,75,1,,2024-01-10 08:03:00,2024-01-10 09:25:00,2024-01-10 08:38:00,Completed,49171
90,1462,43,6,,2024-01-10 08:05:00,2024-01-10 09:12:00,2024-01-10 08:45:00,Completed,73319
91,1240,,6,,2024-01-10 08:41:00,2024-01-10 10:11:00,2024-01-10 09:32:00,Completed,129653
92,1505,,6,,2024-01-10 08:46:00,2024-01-10 10:23:00,2024-01-10 10:15:00,Completed,69489
93,48,62,3,,2024-01-10 09:00:00,2024-01-10 16:15:00,2024-01-10 13:00:00,Completed,337664
94,1096,60,6,,2024-01-10 09:03:00,2024-01-10 10:51:00,2024-01-10 10:46:00,Completed,75429
95,426,,5,,2024-01-10 09:24:00,2024-01-10 11:54:00,2024-01-10 11:24:00,Completed,189290
96,865,88,6,,2024-01-10 09:37:00,2024-01-10 12:38:00,2024-01-10 12:17:00,Completed,200006
97,1106,,5,,2024-01-10 11:16:00,2024-01-10 12:31:00,2024-01-10 11:42:00,Completed,265621
98,631,,4,,2024-01-10 11:17:00,2024-01-10 15:32:00,2024-01-10 13:10:00,Completed,88423
99,1503,87,2,,2024-01-10 13:04:00,2024-01-10 14:41:00,2024-01-10 13:54:00,Completed,81041
100,1488,73,6,,2024-01-10 14:07:00,2024-01-11 07:37:00,2024-01-10 15:48:00,Completed,150400
101,1506,,2,,2024-01-10 14:54:00,2024-01-10 17:30:00,2024-01-10 16:03:00,Completed,47927
102,1455,25,4,,2024-01-11 07:34:00,2024-01-11 12:41:00,2024-01-11 11:06:00,Completed,64558
103,66,92,6,,2024-01-11 08:36:00,2024-01-11 15:17:00,2024-01-11 13:13:00,Completed,233361
104,1512,,5,,2024-01-11 09:51:00,2024-01-11 11:21:00,2024-01-11 10:51:00,Completed,99448
105,1454,28,6,,2024-01-11 10:02:00,2024-01-11 13:05:00,2024-01-11 13:31:00,Completed,225780
106,1513,,6,,2024-01-11 10:14:00,2024-01-11 14:02:00,2024-01-11 14:44:00,Completed,218558
107,1219,,6,,2024-01-11 10:35:00,2024-01-11 15:39:00,2024-01-11 17:12:00,Completed,75965
108,151,,5,,2024-01-11 11:02:00,2024-01-11 15:17:00,2024-01-11 15:23:00,Completed,207458
109,1511,94,5,,2024-01-11 12:37:00,2024-01-11 14:08:00,2024-01-11 13:52:00,Completed,128143
110,562,,4,,2024-01-11 12:59:00,2024-01-11 14:21:00,2024-01-11 13:47:00,Completed,164329
111,833,30,4,,2024-01-11 15:30:00,2024-01-12 07:45:00,2024-01-11 17:12:00,Completed,209112
112,1517,101,6,,2024-01-12 09:33:00,2024-01-12 11:03:00,2024-01-12 10:20:00,Completed,69667
113,1489,74,4,,2024-01-12 09:35:00,2024-01-12 10:57:00,2024-01-12 10:14:00,Completed,80344
114,1518,,1,,2024-01-12 09:37:00,2024-01-12 15:22:00,2024-01-12 13:41:00,Completed,93586
115,1516,,6,,2024-01-12 11:18:00,2024-01-12 12:55:00,2024-01-12 12:34:00,Completed,87671
116,684,,5,,2024-01-12 12:32:00,2024-01-12 13:47:00,2024-01-12 13:07:00,Completed,144882
117,1177,,4,,2024-01-12 12:46:00,2024-01-12 15:38:00,2024-01-12 14:55:00,Completed,165813
118,700,,6,,2024-01-12 13:23:00,2024-01-12 16:23:00,2024-01-12 14:28:00,Completed,136568
119,1405,83,5,,2024-01-12 14:34:00,2024-01-15 12:32:00,2024-01-15 10:22:00,Completed,129651
120,1514,95,3,,2024-01-13 08:00:00,2024-01-13 10:00:00,2024-01-13 09:21:00,Completed,117283
121,906,77,5,,2024-01-13 09:01:00,2024-01-13 13:08:00,2024-01-13 10:55:00,Completed,61498
122,421,,3,,2024-01-13 09:31:00,2024-01-15 08:08:00,2024-01-15 09:07:00,Completed,112309
123,1151,,6,,2024-01-13 10:17:00,2024-01-13 14:00:00,2024-01-13 12:55:00,Completed,104858
124,48,,3,93,2024-01-13 10:21:00,2024-01-15 08:13:00,2024-01-13 13:21:00,Completed,337865
125,973,90,5,,2024-01-13 10:35:00,2024-01-13 12:11:00,2024-01-13 11:26:00,Completed,137245
126,259,,1,,2024-01-13 11:20:00,2024-01-13 12:42:00,2024-01-13 11:52:00,Completed,135274
127,133,,6,,2024-01-13 11:26:00,2024-01-13 14:00:00,2024-01-13 13:20:00,Completed,136439
128,1171,82,1,,2024-01-15 07:35:00,2024-01-15 10:12:00,2024-01-15 09:16:00,Completed,131403
129,980,,1,,2024-01-15 08:20:00,2024-01-15 12:17:00,2024-01-15 11:11:00,Completed,228155
130,949,57,2,,2024-01-15 08:30:00,2024-01-15 12:00:00,2024-01-15 10:27:00,Completed,145473
131,1267,,2,,2024-01-15 08:34:00,2024-01-15 12:06:00,2024-01-15 11:37:00,Completed,72360
132,640,108,4,,2024-01-15 08:34:00,2024-01-15 09:49:00,2024-01-15 09:25:00,Completed,205195
133,763,,4,,2024-01-15 09:29:00,2024-01-15 13:21:00,2024-01-15 11:32:00,Completed,207185
134,314,112,4,,2024-01-15 09:32:00,2024-01-15 11:50:00,2024-01-15 11:54:00,Completed,100043
135,253,,4,,2024-01-15 09:57:00,2024-01-15 12:06:00,2024-01-15 12:04:00,Completed,218923
136,964,,5,,2024-01-15 10:20:00,2024-01-15 11:27:00,2024-01-15 10:51:00,Completed,73445
137,1389,,4,,2024-01-15 10:40:00,2024-01-15 16:10:00,2024-01-15 14:30:00,Completed,165477
138,221,97,3,,2024-01-15 11:33:00,2024-01-15 15:48:00,2024-01-15 13:01:00,Completed,139139
139,286,89,5,,2024-01-15 11:37:00,2024-01-15 15:52:00,2024-01-15 13:51:00,Completed,104974
140,1037,,1,,2024-01-15 12:03:00,2024-01-15 14:25:00,2024-01-15 13:03:00,Completed,113886
141,173,119,4,,2024-01-15 12:04:00,2024-01-16 10:08:00,2024-01-16 07:45:00,Completed,146783
142,560,,2,,2024-01-15 14:20:00,2024-01-16 08:50:00,2024-01-15 16:44:00,Completed,126230
143,410,124,6,,2024-01-16 07:38:00,2024-01-16 10:23:00,2024-01-16 12:06:00,Completed,187714
144,1238,105,5,32,2024-01-16 08:04:00,2024-01-16 12:00:00,2024-01-16 13:43:00,Completed,55105
145,392,106,6,,2024-01-16 09:07:00,2024-01-16 10:44:00,2024-01-16 10:27:00,Completed,180500
146,635,120,6,,2024-01-16 09:36:00,2024-01-16 13:24:00,2024-01-16 12:48:00,Completed,32105
147,1528,125,5,,2024-01-16 09:38:00,2024-01-16 12:53:00,2024-01-16 12:02:00,Completed,47943
148,700,,6,118,2024-01-16 09:45:00,2024-01-16 13:57:00,2024-01-16 12:38:00,Completed,136772
149,65,,2,,2024-01-16 10:04:00,2024-01-17 08:04:00,2024-01-16 15:22:00,Completed,140344
150,1526,,5,,2024-01-16 10:49:00,2024-01-17 11:36:00,2024-01-22 15:04:00,Completed,165744
151,1373,,6,,2024-01-16 10:52:00,2024-01-16 13:08:00,2024-01-16 13:29:00,Completed,34955
152,299,99,3,,2024-01-16 11:39:00,2024-01-16 12:54:00,2024-01-16 12:09:00,Completed,102848
153,1275,,4,,2024-01-16 12:12:00,2024-01-18 10:14:00,2024-01-17 17:22:00,Completed,92543
154,289,121,5,,2024-01-16 13:38:00,2024-01-17 09:44:00,2024-01-17 09:00:00,Completed,99039
155,278,114,1,,2024-01-17 08:03:00,2024-01-17 13:10:00,2024-01-17 12:12:00,Completed,139785
156,1083,133,4,,2024-01-17 08:31:00,2024-01-17 12:46:00,2024-01-17 11:38:00,Completed,108944
157,708,,6,,2024-01-17 09:14:00,2024-01-17 10:44:00,2024-01-17 10:09:00,Completed,96456
158,84,,4,,2024-01-17 09:37:00,2024-01-17 13:17:00,2024-01-17 13:20:00,Completed,107457
159,208,102,4,,2024-01-17 10:01:00,2024-01-18 13:05:00,2024-01-18 08:42:00,Completed,133252
160,1538,135,5,,2024-01-17 10:01:00,2024-01-17 13:34:00,2024-01-17 11:57:00,Completed,63777
161,1142,,6,,2024-01-17 10:06:00,2024-01-17 11:21:00,2024-01-17 10:51:00,Completed,121592
162,851,59,3,,2024-01-17 11:04:00,2024-01-17 13:04:00,2024-01-17 12:15:00,Completed,148281
163,137,63,3,,2024-01-17 11:39:00,2024-01-19 08:44:00,2024-01-18 16:20:00,Completed,187036
164,1509,93,3,,2024-01-17 12:38:00,2024-01-17 14:30:00,2024-01-17 13:41:00,Completed,37840
165,1153,,3,,2024-01-17 12:48:00,2024-01-18 08:25:00,2024-01-17 16:26:00,Completed,136871
166,1290,,1,,2024-01-17 13:31:00,2024-01-18 16:34:00,2024-01-18 14:35:00,Completed,134670
167,481,141,3,,2024-01-17 15:38:00,2024-01-17 17:30:00,2024-01-17 17:03:00,Completed,272716
168,301,145,5,,2024-01-18 07:30:00,2024-01-18 08:45:00,2024-01-18 07:53:00,Completed,141258
169,800,103,3,,2024-01-18 07:36:00,2024-01-18 11:06:00,2024-01-18 08:59:00,Completed,325278
170,1306,139,5,75,2024-01-18 09:05:00,2024-01-18 11:53:00,2024-01-18 10:06:00,Completed,103104
171,1087,122,3,,2024-01-18 09:06:00,2024-01-18 13:43:00,2024-01-18 10:59:00,Completed,84777
172,1393,,4,,2024-01-18 09:06:00,2024-01-18 14:21:00,2024-01-18 15:15:00,Completed,62749
173,1028,128,5,63,2024-01-18 09:32:00,2024-01-18 12:31:00,2024-01-18 10:40:00,Completed,202702
174,1558,,6,,2024-01-18 09:43:00,2024-01-18 12:50:00,2024-01-18 12:17:00,Completed,70330
175,1141,,6,,2024-01-18 09:51:00,2024-01-18 15:50:00,2024-01-18 15:46:00,Completed,89228
176,1521,123,6,,2024-01-18 10:05:00,2024-01-18 16:22:00,2024-01-18 16:49:00,Completed,243087
177,363,,5,,2024-01-18 10:33:00,2024-01-18 14:33:00,2024-01-18 16:16:00,Completed,85297
178,1556,148,6,,2024-01-18 12:03:00,2024-01-18 17:30:00,2024-01-19 08:22:00,Completed,122838
179,1448,,2,,2024-01-18 13:05:00,2024-01-18 14:35:00,2024-01-18 13:44:00,Completed,85923
180,1451,14,2,,2024-01-18 13:34:00,2024-01-19 09:19:00,2024-01-19 10:20:00,Completed,166456
181,1182,130,6,,2024-01-18 14:01:00,2024-01-19 10:37:00,2024-01-19 09:38:00,Completed,105245
182,1533,129,6,,2024-01-18 14:33:00,2024-01-19 09:24:00,2024-01-19 10:17:00,Completed,64131
183,1539,143,5,,2024-01-19 08:05:00,2024-01-19 09:20:00,2024-01-19 08:34:00,Completed,31024
184,1543,134,4,,2024-01-19 08:08:00,2024-01-19 09:23:00,2024-01-19 08:36:00,Completed,100476
185,24,147,6,,2024-01-19 08:24:00,2024-01-19 15:07:00,2024-01-19 15:30:00,Completed,145428
186,1540,137,4,,2024-01-19 08:36:00,2024-01-19 15:21:00,2024-01-19 15:14:00,Completed,161395
187,1562,,6,,2024-01-19 09:22:00,2024-01-19 13:42:00,2024-01-19 15:10:00,Completed,214887
188,1275,,4,153,2024-01-19 09:37:00,2024-01-19 15:59:00,2024-01-19 14:40:00,Completed,92665
189,232,155,3,,2024-01-19 10:07:00,2024-01-19 11:37:00,2024-01-19 10:50:00,Completed,161824
190,1519,111,6,,2024-01-19 10:37:00,2024-01-19 17:30:00,2024-01-20 09:17:00,Completed,125644
191,1564,,6,,2024-01-19 10:48:00,2024-01-19 15:46:00,2024-01-20 09:56:00,Completed,152402
192,1563,,4,,2024-01-19 10:50:00,2024-01-19 14:17:00,2024-01-19 14:45:00,Completed,67498
193,1029,152,3,,2024-01-20 08:02:00,2024-01-20 11:54:00,2024-01-20 09:37:00,Completed,102436
194,1471,54,4,,2024-01-20 08:04:00,2024-01-20 10:19:00,2024-01-20 09:30:00,Completed,59371
195,395,,4,,2024-01-20 08:27:00,2024-01-23 10:54:00,2024-01-23 07:57:00,Completed,151708
196,829,91,3,,2024-01-20 08:32:00,2024-01-20 14:00:00,2024-01-20 11:50:00,Completed,83318
197,1210,154,5,,2024-01-20 09:07:00,2024-01-20 10:29:00,2024-01-20 09:59:00,Completed,102966
198,237,160,3,,2024-01-20 09:08:00,2024-01-22 08:26:00,2024-01-22 08:25:00,Completed,242328
199,155,162,5,,2024-01-20 10:05:00,2024-01-20 14:00:00,2024-01-22 07:39:00,Completed,110532
200,1082,150,1,,2024-01-20 10:08:00,2024-01-20 13:08:00,2024-01-20 12:07:00,Completed,105566
201,941,,3,,2024-01-20 10:46:00,2024-01-22 07:45:00,2024-01-22 08:20:00,Completed,145465
202,1560,149,4,,2024-01-20 11:33:00,2024-01-20 12:48:00,2024-01-20 12:18:00,Completed,154935
203,1569,,2,,2024-01-20 11:45:00,2024-01-20 13:03:00,2024-01-20 12:29:00,Completed,111303
204,861,109,3,,2024-01-20 12:06:00,2024-01-22 13:57:00,2024-01-22 10:14:00,Completed,151798
205,1463,39,1,,2024-01-22 08:04:00,2024-01-22 11:19:00,2024-01-22 10:14:00,Completed,57297
206,1552,136,6,,2024-01-22 08:06:00,2024-01-22 09:21:00,2024-01-22 08:47:00,Completed,141306
207,110,,6,,2024-01-22 09:16:00,2024-01-22 11:46:00,2024-01-22 11:56:00,Completed,120609
208,1250,,1,,2024-01-22 09:35:00,2024-01-22 14:52:00,2024-01-22 12:02:00,Completed,106485
209,1040,169,6,,2024-01-22 10:04:00,2024-01-22 12:04:00,2024-01-22 11:13:00,Completed,211115
210,346,,3,,2024-01-22 10:23:00,2024-01-22 11:38:00,2024-01-22 10:59:00,Completed,166416
211,1004,,5,,2024-01-22 10:26:00,2024-01-22 13:03:00,2024-01-22 12:13:00,Completed,197237
212,479,170,5,,2024-01-22 10:32:00,2024-01-22 14:16:00,2024-01-22 17:01:00,Completed,127140
213,985,,4,,2024-01-22 10:55:00,2024-01-22 15:40:00,2024-01-22 14:26:00,Completed,164116
214,393,,2,,2024-01-22 10:55:00,2024-01-23 13:52:00,2024-01-23 13:40:00,Completed,189760
215,1346,138,1,,2024-01-22 11:03:00,2024-01-22 14:02:00,2024-01-22 15:56:00,Completed,254893
216,1085,,6,,2024-01-22 11:24:00,2024-01-22 12:39:00,2024-01-22 12:20:00,Completed,45137
217,1278,,5,,2024-01-22 12:02:00,2024-01-22 13:47:00,2024-01-22 13:32:00,Completed,92646
218,351,165,2,,2024-01-22 12:03:00,2024-01-22 13:18:00,2024-01-22 12:46:00,Completed,206364
219,434,110,1,,2024-01-22 12:34:00,2024-01-22 14:04:00,2024-01-22 13:11:00,Completed,155241
220,1580,,5,,2024-01-22 12:35:00,2024-01-23 08:43:00,2024-01-22 16:25:00,Completed,127178
221,1129,,3,,2024-01-22 13:01:00,2024-01-23 08:46:00,2024-01-22 16:16:00,Completed,101104
222,174,144,6,,2024-01-22 13:39:00,2024-01-22 14:54:00,2024-01-22 14:31:00,Completed,144766
223,1122,118,4,,2024-01-22 14:08:00,2024-01-22 15:45:00,2024-01-22 15:00:00,Completed,221757
224,1128,116,3,,2024-01-22 15:00:00,2024-01-23 10:17:00,2024-01-23 08:26:00,Completed,136663
225,1284,182,5,,2024-01-23 08:04:00,2024-01-23 10:49:00,2024-01-23 12:34:00,Completed,218163
226,1309,180,5,,2024-01-23 08:30:00,2024-01-23 11:30:00,2024-01-23 11:00:00,Completed,154817
227,1584,,2,,2024-01-23 08:46:00,2024-01-23 13:01:00,2024-01-23 10:48:00,Completed,48815
228,1302,151,6,,2024-01-23 09:33:00,2024-01-23 11:33:00,2024-01-23 11:29:00,Completed,103021
229,1582,,3,,2024-01-23 10:25:00,2024-01-23 12:25:00,2024-01-23 11:41:00,Completed,37651
230,1573,176,4,,2024-01-23 10:33:00,2024-01-23 14:03:00,2024-01-23 12:12:00,Completed,96671
231,1162,,6,,2024-01-23 11:37:00,2024-01-23 12:52:00,2024-01-23 12:17:00,Completed,68008
232,1494,,4,,2024-01-23 12:22:00,2024-01-23 16:37:00,2024-01-27 11:51:00,Completed,70205
233,491,174,1,,2024-01-23 12:30:00,2024-01-24 08:22:00,2024-01-23 15:18:00,Completed,63241
234,1554,142,5,,2024-01-23 12:33:00,2024-01-24 08:33:00,2024-01-23 16:21:00,Completed,34959
235,907,126,3,,2024-01-23 15:34:00,2024-01-24 09:11:00,2024-01-23 17:17:00,Completed,72224
236,1253,104,1,,2024-01-24 07:31:00,2024-01-24 12:01:00,2024-01-24 09:17:00,Completed,32914
237,1120,96,2,,2024-01-24 07:31:00,2024-01-24 13:16:00,2024-01-26 13:41:00,Completed,174301
238,660,158,1,,2024-01-24 07:50:00,2024-01-24 12:51:00,2024-01-24 12:29:00,Completed,184835
239,1002,192,4,,2024-01-24 08:15:00,2024-01-24 11:52:00,2024-01-24 09:35:00,Completed,147443
240,1571,168,3,,2024-01-24 08:30:00,2024-01-24 12:45:00,2024-01-24 10:36:00,Completed,148185
241,694,,5,,2024-01-24 09:15:00,2024-01-24 10:30:00,2024-01-24 09:59:00,Completed,92776
242,911,,6,,2024-01-24 09:40:00,2024-01-24 11:25:00,2024-01-24 10:48:00,Completed,143680
243,437,,3,,2024-01-24 09:45:00,2024-01-24 11:19:00,2024-01-24 10:56:00,Completed,210918
244,885,,4,,2024-01-24 10:20:00,2024-01-24 12:20:00,2024-01-24 11:26:00,Completed,67447
245,502,195,6,,2024-01-24 10:32:00,2024-01-24 11:53:00,2024-01-24 11:22:00,Completed,176981
246,895,191,1,,2024-01-24 11:31:00,2024-01-24 17:30:00,2024-01-24 14:32:00,Completed,111889
247,1498,107,3,,2024-01-24 12:34:00,2024-01-25 08:19:00,2024-01-25 07:53:00,Completed,81397
248,1295,,3,,2024-01-24 13:30:00,2024-01-24 16:28:00,2024-01-24 16:44:00,Completed,98920
249,1147,181,6,,2024-01-24 13:37:00,2024-01-24 15:52:00,2024-01-24 15:44:00,Completed,89587
250,824,186,3,,2024-01-24 15:31:00,2024-01-25 10:04:00,2024-01-25 07:52:00,Completed,104616
251,401,196,5,,2024-01-25 07:39:00,2024-01-25 12:46:00,2024-01-25 10:38:00,Completed,109201
252,291,,2,,2024-01-25 07:57:00,2024-01-25 12:27:00,2024-01-25 11:37:00,Completed,217511
253,1593,202,4,,2024-01-25 09:07:00,2024-01-25 15:59:00,2024-01-25 15:15:00,Completed,159249
254,1565,157,3,,2024-01-25 09:31:00,2024-01-25 10:38:00,2024-01-25 10:03:00,Completed,53175
255,378,184,6,,2024-01-25 10:35:00,2024-01-25 14:50:00,2024-01-25 17:13:00,Completed,118443
256,43,140,6,,2024-01-25 11:01:00,2024-01-25 17:30:00,2024-01-25 17:00:00,Completed,147353
257,1586,190,2,,2024-01-25 11:07:00,2024-01-25 17:30:00,2024-01-26 12:24:00,Completed,28665
258,1284,,5,225,2024-01-25 12:36:00,2024-01-25 14:54:00,2024-01-25 13:09:00,Completed,218244
259,1221,171,6,,2024-01-26 07:37:00,2024-01-26 08:52:00,2024-01-26 08:26:00,Completed,198997
260,611,205,3,,2024-01-26 07:38:00,2024-01-26 10:38:00,2024-01-26 09:42:00,Completed,194271
261,1342,22,3,,2024-01-26 08:01:00,2024-01-27 14:00:00,2024-01-29 12:37:00,Completed,143385
262,78,198,6,,2024-01-26 08:05:00,2024-01-26 09:24:00,2024-01-26 08:57:00,Completed,137731
263,1588,201,2,,2024-01-26 08:31:00,2024-01-26 11:01:00,2024-01-26 09:52:00,Completed,45992
264,1597,,6,,2024-01-26 08:59:00,2024-01-26 10:14:00,2024-01-26 09:47:00,Completed,40241
265,1587,193,1,,2024-01-26 10:02:00,2024-01-26 12:17:00,2024-01-26 11:24:00,Completed,118928
266,294,,3,,2024-01-26 10:18:00,2024-01-26 13:42:00,2024-01-26 13:49:00,Completed,179922
267,438,,6,,2024-01-26 10:25:00,2024-01-26 12:55:00,2024-01-26 12:36:00,Completed,112807
268,1589,197,6,,2024-01-26 15:09:00,2024-01-27 08:39:00,2024-01-27 08:41:00,Completed,101116
269,432,166,6,,2024-01-27 08:33:00,2024-01-27 09:48:00,2024-01-27 09:10:00,Completed,227639
270,587,211,5,,2024-01-27 08:33:00,2024-01-27 10:06:00,2024-01-27 09:17:00,Completed,166941
271,90,,6,,2024-01-27 09:27:00,2024-01-27 11:27:00,2024-01-27 10:39:00,Completed,184329
272,119,,4,,2024-01-27 09:31:00,2024-01-30 14:21:00,2024-01-30 11:58:00,Completed,127860
273,1357,98,3,,2024-01-27 09:32:00,2024-01-27 14:00:00,2024-01-29 08:40:00,Completed,104661
274,80,113,6,,2024-01-27 10:02:00,2024-01-29 08:07:00,2024-01-29 09:34:00,Completed,199498
275,883,51,3,,2024-01-27 10:03:00,2024-01-29 08:08:00,2024-01-27 12:50:00,Completed,261881
276,288,,3,,2024-01-27 10:30:00,2024-01-29 07:45:00,2024-01-27 13:10:00,Completed,151291
277,1109,,5,,2024-01-27 10:32:00,2024-01-29 09:32:00,2024-01-27 13:56:00,Completed,86912
278,303,64,5,,2024-01-27 11:01:00,2024-01-29 08:07:00,2024-01-29 08:14:00,Completed,116325
279,794,173,4,,2024-01-27 11:09:00,2024-01-27 12:24:00,2024-01-27 11:37:00,Completed,71439
280,1576,177,6,,2024-01-27 11:19:00,2024-01-29 09:12:00,2024-01-29 09:21:00,Completed,91442
281,1246,216,3,,2024-01-29 07:36:00,2024-01-29 13:36:00,2024-01-29 10:05:00,Completed,58877
282,561,220,6,,2024-01-29 08:00:00,2024-01-29 12:22:00,2024-01-29 10:35:00,Completed,136365
283,1293,167,4,,2024-01-29 08:04:00,2024-01-29 10:30:00,2024-01-29 09:16:00,Completed,154576
284,807,225,5,,2024-01-29 08:20:00,2024-01-29 09:50:00,2024-01-29 09:06:00,Completed,69955
285,1101,234,1,,2024-01-29 08:31:00,2024-01-29 11:01:00,2024-01-29 09:34:00,Completed,30192
286,1112,159,5,,2024-01-29 09:00:00,2024-02-01 12:33:00,2024-02-02 13:29:00,Completed,107206
287,572,217,6,,2024-01-29 09:06:00,2024-01-29 11:26:00,2024-01-29 11:29:00,Completed,172126
288,1224,,3,,2024-01-29 10:01:00,2024-01-29 12:16:00,2024-01-29 11:21:00,Completed,59981
289,1009,222,4,,2024-01-29 10:35:00,2024-01-29 13:50:00,2024-01-29 11:41:00,Completed,56189
290,1254,,5,,2024-01-29 10:36:00,2024-01-29 12:01:00,2024-01-29 11:35:00,Completed,39055
291,629,214,5,,2024-01-29 11:33:00,2024-01-29 15:03:00,2024-01-29 14:16:00,Completed,62880
292,664,,6,,2024-01-29 11:37:00,2024-01-29 12:52:00,2024-01-29 12:29:00,Completed,146759
293,465,,6,,2024-01-29 12:34:00,2024-01-29 13:56:00,2024-01-29 13:22:00,Completed,181542
294,1610,,5,,2024-01-29 14:26:00,2024-01-29 17:30:00,2024-01-29 16:17:00,Completed,42115
295,722,230,6,,2024-01-29 15:31:00,2024-01-29 17:30:00,2024-01-29 16:04:00,Completed,127837
296,1618,246,6,,2024-01-30 08:00:00,2024-01-30 09:15:00,2024-01-30 08:37:00,Completed,129450
297,1008,127,6,,2024-01-30 08:30:00,2024-01-30 11:01:00,2024-01-30 10:50:00,Completed,144622
298,1447,232,4,,2024-01-30 09:08:00,2024-01-30 13:38:00,2024-01-30 12:09:00,Completed,193746
299,1620,,3,,2024-01-30 09:22:00,2024-01-30 10:52:00,2024-01-30 10:03:00,Completed,124053
300,1065,227,1,,2024-01-30 09:31:00,2024-01-30 14:16:00,2024-01-30 14:09:00,Completed,250556
301,1617,,4,,2024-01-30 09:32:00,2024-01-30 12:55:00,2024-01-30 12:28:00,Completed,103351
302,1611,238,5,,2024-01-30 09:33:00,2024-01-30 12:10:00,2024-01-30 11:22:00,Completed,48259
303,575,,6,,2024-01-30 11:05:00,2024-01-30 12:35:00,2024-01-30 11:46:00,Completed,127477
304,1486,69,6,,2024-01-30 11:31:00,2024-01-30 14:05:00,2024-01-30 12:28:00,Completed,165399
305,835,,5,,2024-01-30 11:35:00,2024-01-31 09:12:00,2024-01-30 16:39:00,Completed,125799
306,1615,,3,,2024-01-30 11:43:00,2024-01-30 12:58:00,2024-01-30 12:16:00,Completed,63249
307,1616,,5,,2024-01-30 12:02:00,2024-01-31 09:05:00,2024-01-31 08:50:00,Completed,97919
308,1600,207,3,,2024-01-30 12:06:00,2024-01-30 13:58:00,2024-01-30 13:08:00,Completed,10161
309,1140,,6,,2024-01-30 12:11:00,2024-01-30 13:22:00,2024-01-30 12:54:00,Completed,143487
310,730,,5,,2024-01-30 14:52:00,2024-01-31 09:43:00,2024-01-31 09:23:00,Completed,69615
311,1173,226,5,,2024-01-31 07:33:00,2024-01-31 09:41:00,2024-01-31 09:45:00,Completed,144759
312,1190,161,3,,2024-01-31 08:08:00,2024-01-31 09:23:00,2024-01-31 08:50:00,Completed,104649
313,1594,206,5,,2024-01-31 08:08:00,2024-01-31 10:09:00,2024-01-31 10:01:00,Completed,115586
314,1609,231,1,,2024-01-31 08:25:00,2024-01-31 13:10:00,2024-01-31 10:10:00,Completed,21240
315,1622,248,4,,2024-01-31 08:30:00,2024-02-01 14:54:00,2024-02-01 12:07:00,Completed,67979
316,1623,251,5,,2024-01-31 08:36:00,2024-01-31 10:35:00,2024-01-31 10:23:00,Completed,112839
317,743,,4,,2024-01-31 09:22:00,2024-01-31 12:52:00,2024-01-31 12:05:00,Completed,115093
318,1561,153,1,,2024-01-31 09:30:00,2024-01-31 13:58:00,2024-01-31 11:53:00,Completed,184787
319,109,,4,,2024-01-31 10:24:00,2024-01-31 13:05:00,2024-01-31 11:25:00,Completed,218987
320,1487,70,6,,2024-01-31 10:35:00,2024-01-31 14:27:00,2024-01-31 12:23:00,Completed,62776
321,445,203,5,,2024-01-31 11:05:00,2024-01-31 12:20:00,2024-01-31 11:38:00,Completed,157937
322,866,,6,,2024-01-31 12:08:00,2024-01-31 15:38:00,2024-01-31 17:24:00,Completed,136682
323,1266,175,4,,2024-01-31 14:05:00,2024-01-31 15:57:00,2024-01-31 15:25:00,Completed,127112
324,899,178,3,,2024-01-31 14:31:00,2024-01-31 15:46:00,2024-01-31 15:04:00,Completed,142722
325,1333,236,1,,2024-02-01 07:30:00,2024-02-01 09:30:00,2024-02-01 08:31:00,Completed,33628
326,1591,199,5,,2024-02-01 07:39:00,2024-02-01 10:54:00,2024-02-01 09:05:00,Completed,68489
327,1634,260,6,,2024-02-01 07:56:00,2024-02-01 09:56:00,2024-02-01 09:59:00,Completed,139963
328,1603,208,1,,2024-02-01 08:03:00,2024-02-01 11:38:00,2024-02-01 10:12:00,Completed,359818
329,168,228,4,,2024-02-01 08:09:00,2024-02-01 13:35:00,2024-02-01 11:18:00,Completed,104579
330,354,245,3,,2024-02-01 09:31:00,2024-02-01 13:46:00,2024-02-01 11:04:00,Completed,138720
331,1633,259,3,,2024-02-01 09:34:00,2024-02-01 11:39:00,2024-02-01 11:35:00,Completed,170630
332,1632,,4,,2024-02-01 09:34:00,2024-02-01 13:14:00,2024-02-01 12:43:00,Completed,85957
333,532,,6,,2024-02-01 09:57:00,2024-02-01 12:04:00,2024-02-01 11:17:00,Completed,110306
334,1635,,5,,2024-02-01 10:26:00,2024-02-01 14:56:00,2024-02-01 14:52:00,Completed,22784
335,1184,,4,,2024-02-01 10:37:00,2024-02-01 17:30:00,2024-02-01 15:26:00,Completed,33768
336,44,,4,,2024-02-01 12:26:00,2024-02-02 07:56:00,2024-02-02 07:52:00,Completed,127719
337,863,,3,,2024-02-01 13:16:00,2024-02-01 17:30:00,2024-02-02 07:48:00,Completed,79260
338,1338,,6,,2024-02-01 13:59:00,2024-02-02 08:44:00,2024-02-02 11:24:00,Completed,39160
339,1624,256,6,,2024-02-01 15:09:00,2024-02-02 07:44:00,2024-02-02 08:19:00,Completed,93683
340,1502,265,6,,2024-02-02 07:31:00,2024-02-02 08:53:00,2024-02-02 08:40:00,Completed,38210
341,1607,210,6,,2024-02-02 08:35:00,2024-02-02 09:50:00,2024-02-02 09:09:00,Completed,77567
342,782,213,6,,2024-02-02 08:36:00,2024-02-02 12:21:00,2024-02-02 10:30:00,Completed,193409
343,1627,252,3,,2024-02-02 08:53:00,2024-02-03 08:53:00,2024-02-09 14:31:00,Completed,125291
344,1637,,5,,2024-02-02 09:02:00,2024-02-02 13:17:00,2024-02-02 11:09:00,Completed,145477
345,1108,257,6,,2024-02-02 09:38:00,2024-02-02 11:18:00,2024-02-02 11:10:00,Completed,167212
346,970,,2,,2024-02-02 10:04:00,2024-02-02 12:49:00,2024-02-02 11:45:00,Completed,187796
347,1187,,4,,2024-02-02 10:20:00,2024-02-02 11:50:00,2024-02-02 11:05:00,Completed,47913
348,106,,4,,2024-02-02 11:13:00,2024-02-02 15:05:00,2024-02-02 13:13:00,Completed,152103
349,830,194,5,,2024-02-02 13:34:00,2024-02-02 15:49:00,2024-02-02 14:52:00,Completed,95826
350,1636,,4,,2024-02-02 13:53:00,2024-02-06 08:49:00,2024-02-05 16:14:00,Completed,164976
351,1638,267,2,,2024-02-02 15:06:00,2024-02-05 11:18:00,2024-02-05 08:08:00,Completed,12628
352,230,,3,,2024-02-03 09:24:00,2024-02-05 08:09:00,2024-02-03 12:14:00,Completed,225037
353,483,,3,,2024-02-03 09:38:00,2024-02-03 12:08:00,2024-02-03 12:38:00,Completed,116089
354,1029,,5,,2024-02-03 09:56:00,2024-02-05 08:11:00,2024-02-05 09:39:00,Completed,102807
355,1073,221,4,,2024-02-03 10:36:00,2024-02-05 08:06:00,2024-02-03 12:26:00,Completed,86475
356,209,200,6,,2024-02-03 11:08:00,2024-02-05 08:53:00,2024-02-03 13:50:00,Completed,146713
357,829,270,4,,2024-02-03 11:38:00,2024-02-03 14:00:00,2024-02-03 12:39:00,Completed,83867
358,744,240,2,,2024-02-03 12:00:00,2024-02-07 12:02:00,2024-02-07 08:59:00,Completed,251921
359,479,273,5,212,2024-02-05 07:33:00,2024-02-05 09:48:00,2024-02-05 08:01:00,Completed,127566
360,733,243,1,,2024-02-05 08:04:00,2024-02-05 09:19:00,2024-02-05 08:32:00,Completed,94462
361,1377,280,2,,2024-02-05 08:05:00,2024-02-05 09:42:00,2024-02-05 08:51:00,Completed,113702
362,417,283,5,,2024-02-05 08:16:00,2024-02-05 10:53:00,2024-02-05 10:05:00,Completed,139764
363,589,276,4,,2024-02-05 08:30:00,2024-02-05 12:00:00,2024-02-10 12:47:00,Completed,235957
364,1264,287,4,,2024-02-05 08:41:00,2024-02-05 10:29:00,2024-02-05 09:58:00,Completed,55304
365,719,264,4,,2024-02-05 09:03:00,2024-02-05 11:59:00,2024-02-05 11:16:00,Completed,202827
366,187,,3,,2024-02-05 09:17:00,2024-02-05 10:32:00,2024-02-05 09:48:00,Completed,235043
367,1166,,4,,2024-02-05 09:22:00,2024-02-05 12:24:00,2024-02-05 12:53:00,Completed,73849
368,953,284,5,,2024-02-05 09:34:00,2024-02-06 12:42:00,2024-02-07 11:08:00,Completed,46478
369,1356,,5,,2024-02-05 11:10:00,2024-02-05 15:43:00,2024-02-05 13:27:00,Completed,91871
370,1409,,2,,2024-02-05 11:47:00,2024-02-06 13:13:00,2024-02-06 13:08:00,Completed,132716
371,72,,6,,2024-02-05 11:59:00,2024-02-05 15:29:00,2024-02-05 13:33:00,Completed,141109
372,1330,188,3,,2024-02-05 12:03:00,2024-02-05 14:33:00,2024-02-05 13:33:00,Completed,32192
373,219,146,6,,2024-02-05 14:07:00,2024-02-06 07:37:00,2024-02-06 09:50:00,Completed,158500
374,52,,6,,2024-02-05 14:34:00,2024-02-05 16:32:00,2024-02-05 16:30:00,Completed,274026
375,882,,6,,2024-02-05 14:43:00,2024-02-06 07:36:00,2024-02-06 07:48:00,Completed,161581
376,812,224,3,,2024-02-06 07:34:00,2024-02-06 08:49:00,2024-02-06 08:17:00,Completed,198310
377,1263,293,3,,2024-02-06 07:35:00,2024-02-06 10:18:00,2024-02-06 09:48:00,Completed,80512
378,235,254,5,,2024-02-06 08:01:00,2024-02-06 09:16:00,2024-02-06 08:40:00,Completed,222030
379,158,268,6,,2024-02-06 08:02:00,2024-02-06 09:17:00,2024-02-06 08:48:00,Completed,122450
380,1640,286,6,,2024-02-06 08:22:00,2024-02-06 09:55:00,2024-02-06 09:36:00,Completed,78697
381,1629,255,4,,2024-02-06 09:01:00,2024-02-06 13:16:00,2024-02-06 14:42:00,Completed,56258
382,652,297,6,,2024-02-06 11:30:00,2024-02-06 15:45:00,2024-02-06 14:28:00,Completed,81186
383,1215,,4,,2024-02-06 11:32:00,2024-02-06 16:02:00,2024-02-06 15:44:00,Completed,94946
384,1646,298,3,,2024-02-06 11:33:00,2024-02-06 12:48:00,2024-02-06 12:02:00,Completed,71199
385,1540,,4,186,2024-02-06 13:10:00,2024-02-06 17:30:00,2024-02-06 15:12:00,Completed,162590
386,1417,,6,,2024-02-06 14:12:00,2024-02-06 15:27:00,2024-02-06 14:54:00,Completed,27398
387,1225,,2,,2024-02-06 15:05:00,2024-02-06 16:27:00,2024-02-06 15:55:00,Completed,201696
388,368,291,4,,2024-02-07 07:32:00,2024-02-07 12:17:00,2024-02-07 09:44:00,Completed,149130
389,152,,1,,2024-02-07 08:27:00,2024-02-07 12:42:00,2024-02-07 10:28:00,Completed,191584
390,1169,244,6,,2024-02-07 09:06:00,2024-02-07 11:06:00,2024-02-07 10:55:00,Completed,108762
391,837,281,4,,2024-02-07 09:08:00,2024-02-07 14:17:00,2024-02-07 11:33:00,Completed,218352
392,903,,5,,2024-02-07 09:26:00,2024-02-09 10:19:00,2024-02-09 07:49:00,Completed,139372
393,634,261,5,,2024-02-07 10:07:00,2024-02-07 11:22:00,2024-02-07 10:50:00,Completed,128988
394,1211,301,5,,2024-02-07 10:38:00,2024-02-07 11:53:00,2024-02-07 11:16:00,Completed,143227
395,900,290,3,,2024-02-07 11:00:00,2024-02-07 12:07:00,2024-02-07 11:28:00,Completed,193937
396,1647,,6,,2024-02-07 14:39:00,2024-02-08 09:09:00,2024-02-08 07:38:00,Completed,71647
397,716,218,6,,2024-02-08 07:39:00,2024-02-08 10:31:00,2024-02-08 10:08:00,Completed,77928
398,702,277,4,,2024-02-08 08:03:00,2024-02-08 12:18:00,2024-02-08 09:40:00,Completed,72597
399,507,131,3,,2024-02-08 08:09:00,2024-02-08 11:39:00,2024-02-08 10:31:00,Completed,172769
400,1297,,6,,2024-02-08 09:25:00,2024-02-08 13:14:00,2024-02-08 15:23:00,Completed,88971
401,454,307,1,,2024-02-08 09:38:00,2024-02-08 13:30:00,2024-02-08 13:17:00,Completed,132428
402,711,289,4,,2024-02-08 10:06:00,2024-02-08 16:06:00,2024-02-08 13:10:00,Completed,83489
403,1332,,4,,2024-02-08 10:08:00,2024-02-09 10:24:00,2024-02-08 17:04:00,Completed,111706
404,1649,,3,,2024-02-08 11:17:00,2024-02-08 14:47:00,2024-02-08 15:41:00,Completed,77488
405,111,306,2,,2024-02-08 11:37:00,2024-02-10 12:52:00,2024-02-12 12:05:00,Completed,309678
406,325,204,3,,2024-02-08 12:03:00,2024-02-10 12:34:00,2024-02-10 11:48:00,Completed,103198
407,1025,300,6,,2024-02-08 15:03:00,2024-02-10 13:10:00,2024-02-12 14:29:00,Completed,241951
408,345,313,6,,2024-02-09 09:09:00,2024-02-09 12:39:00,2024-02-09 11:03:00,Completed,187992
409,441,,3,,2024-02-09 09:56:00,2024-02-09 12:26:00,2024-02-09 12:22:00,Completed,281233
410,1006,,3,,2024-02-09 11:18:00,2024-02-09 15:48:00,2024-02-09 15:42:00,Completed,87600
411,1362,279,3,,2024-02-09 12:38:00,2024-02-10 09:32:00,2024-02-10 10:47:00,Completed,172766
412,738,317,1,,2024-02-09 14:03:00,2024-02-09 17:30:00,2024-02-09 15:07:00,Completed,108090
413,76,269,6,,2024-02-09 14:07:00,2024-02-10 08:52:00,2024-02-10 10:12:00,Completed,235120
414,198,314,6,,2024-02-09 15:06:00,2024-02-09 17:30:00,2024-02-09 17:14:00,Completed,182289
415,195,320,5,,2024-02-10 08:01:00,2024-02-10 09:31:00,2024-02-10 09:01:00,Completed,162788
416,1658,316,6,,2024-02-10 09:09:00,2024-02-10 12:39:00,2024-02-10 11:40:00,Completed,156325
417,1099,,4,,2024-02-10 09:32:00,2024-02-10 14:00:00,2024-02-10 13:58:00,Completed,335177
418,347,,1,,2024-02-10 09:51:00,2024-02-10 11:51:00,2024-02-10 10:47:00,Completed,149287
419,1100,324,5,,2024-02-10 10:00:00,2024-02-10 12:37:00,2024-02-10 11:37:00,Completed,108394
420,1520,115,4,,2024-02-10 10:00:00,2024-02-12 10:37:00,2024-02-12 09:19:00,Completed,27905
421,1039,,6,,2024-02-10 10:21:00,2024-02-10 12:19:00,2024-02-10 12:16:00,Completed,69424
422,1515,319,2,,2024-02-10 10:39:00,2024-02-12 08:39:00,2024-02-10 12:29:00,Completed,191843
423,1038,,5,,2024-02-10 12:22:00,2024-02-10 14:00:00,2024-02-10 13:02:00,Completed,150428
424,1138,333,5,,2024-02-12 07:30:00,2024-02-12 15:30:00,2024-02-12 12:15:00,Completed,183215
425,34,292,6,,2024-02-12 07:35:00,2024-02-12 12:05:00,2024-02-12 11:48:00,Completed,221602
426,675,336,2,,2024-02-12 07:50:00,2024-02-12 10:20:00,2024-02-12 10:41:00,Completed,113822
427,394,,2,,2024-02-12 08:46:00,2024-02-12 12:49:00,2024-02-12 11:30:00,Completed,157843
428,805,,3,,2024-02-12 09:03:00,2024-02-12 15:10:00,2024-02-12 14:33:00,Completed,51132
429,708,,5,,2024-02-12 09:48:00,2024-02-12 13:27:00,2024-02-12 13:18:00,Completed,97574
430,592,,3,,2024-02-12 10:20:00,2024-02-12 14:17:00,2024-02-12 15:58:00,Completed,86783
431,578,,1,,2024-02-12 10:44:00,2024-02-12 15:51:00,2024-02-12 16:50:00,Completed,131705
432,591,309,1,,2024-02-12 11:00:00,2024-02-12 14:07:00,2024-02-12 13:56:00,Completed,199864
433,605,337,1,,2024-02-12 11:35:00,2024-02-13 07:35:00,2024-02-12 15:50:00,Completed,105133
434,525,,4,,2024-02-12 11:43:00,2024-02-13 14:35:00,2024-02-13 12:37:00,Completed,77292
435,1021,,4,,2024-02-12 12:35:00,2024-02-12 15:05:00,2024-02-12 16:14:00,Completed,55180
436,1664,332,4,,2024-02-13 07:33:00,2024-02-13 09:48:00,2024-02-13 08:53:00,Completed,88049
437,1665,329,1,,2024-02-13 07:37:00,2024-02-13 13:37:00,2024-02-13 13:19:00,Completed,27868
438,1613,239,3,,2024-02-13 08:02:00,2024-02-13 10:02:00,2024-02-13 09:12:00,Completed,255477
439,1662,318,6,,2024-02-13 08:30:00,2024-02-13 10:15:00,2024-02-13 09:58:00,Completed,50982
440,1667,,6,,2024-02-13 08:36:00,2024-02-13 10:49:00,2024-02-13 11:02:00,Completed,53351
441,1668,,3,,2024-02-13 08:53:00,2024-02-13 12:15:00,2024-02-13 11:28:00,Completed,101718
442,142,,6,,2024-02-13 09:10:00,2024-02-13 12:01:00,2024-02-13 12:09:00,Completed,176186
443,1663,326,4,,2024-02-13 09:39:00,2024-02-14 16:34:00,2024-02-14 16:18:00,Completed,172033
444,1666,327,5,,2024-02-13 10:34:00,2024-02-13 12:34:00,2024-02-13 12:12:00,Completed,107406
445,80,,5,274,2024-02-13 11:49:00,2024-02-13 14:50:00,2024-02-13 16:02:00,Completed,200155
446,1262,250,5,,2024-02-13 12:37:00,2024-02-13 17:30:00,2024-02-14 14:05:00,Completed,245797
447,797,308,4,,2024-02-13 13:39:00,2024-02-14 07:54:00,2024-02-13 15:28:00,Completed,154609
448,1669,,5,,2024-02-13 15:15:00,2024-02-13 17:30:00,2024-02-13 16:17:00,Completed,55348
449,1631,253,3,,2024-02-14 07:31:00,2024-02-14 09:31:00,2024-02-14 08:34:00,Completed,141575
450,209,340,6,356,2024-02-14 08:07:00,2024-02-14 10:52:00,2024-02-14 12:21:00,Completed,147140
451,943,,3,,2024-02-14 08:31:00,2024-02-14 11:01:00,2024-02-14 09:14:00,Completed,158355
452,693,323,6,,2024-02-14 08:34:00,2024-02-14 11:39:00,2024-02-14 11:29:00,Completed,154960
453,1282,,5,,2024-02-14 09:23:00,2024-02-14 10:45:00,2024-02-14 10:06:00,Completed,216755
454,228,346,1,,2024-02-14 10:01:00,2024-02-14 11:16:00,2024-02-14 10:39:00,Completed,157702
455,1470,330,6,,2024-02-14 10:07:00,2024-02-14 12:48:00,2024-02-14 12:35:00,Completed,38028
456,1671,345,6,,2024-02-14 11:03:00,2024-02-14 14:25:00,2024-02-14 14:31:00,Completed,245798
457,131,,6,,2024-02-14 11:12:00,2024-02-14 16:15:00,2024-02-15 07:38:00,Completed,124483
458,1009,,2,,2024-02-14 13:05:00,2024-02-14 17:30:00,2024-02-14 14:21:00,Completed,56823
459,564,328,1,,2024-02-14 13:05:00,2024-02-17 08:40:00,2024-02-16 16:41:00,Completed,114601
460,1186,,4,,2024-02-14 13:44:00,2024-02-16 16:36:00,2024-02-16 16:00:00,Completed,95886
461,1311,343,6,,2024-02-14 15:05:00,2024-02-15 08:04:00,2024-02-15 08:47:00,Completed,93428
462,1557,312,5,,2024-02-14 15:37:00,2024-02-15 09:07:00,2024-02-15 07:56:00,Completed,112158
463,1133,295,1,,2024-02-15 08:00:00,2024-02-15 09:37:00,2024-02-15 08:54:00,Completed,139715
464,1654,311,3,,2024-02-15 08:06:00,2024-02-15 09:21:00,2024-02-15 08:52:00,Completed,156034
465,1235,351,2,,2024-02-15 08:17:00,2024-02-15 13:02:00,2024-02-15 10:15:00,Completed,153294
466,64,341,4,,2024-02-15 09:01:00,2024-02-15 15:23:00,2024-02-15 12:27:00,Completed,199038
467,1217,263,6,,2024-02-15 09:04:00,2024-02-15 10:41:00,2024-02-15 10:27:00,Completed,60201
468,761,,3,,2024-02-15 09:56:00,2024-02-15 11:41:00,2024-02-15 11:04:00,Completed,142196
469,669,354,4,,2024-02-15 10:03:00,2024-02-15 16:02:00,2024-02-15 14:30:00,Completed,146555
470,266,163,6,,2024-02-15 10:31:00,2024-02-15 11:46:00,2024-02-15 10:59:00,Completed,112192
471,1024,,5,,2024-02-15 12:08:00,2024-02-15 15:08:00,2024-02-15 16:40:00,Completed,81974
472,1352,,6,,2024-02-15 12:48:00,2024-02-15 14:10:00,2024-02-15 13:36:00,Completed,80011
473,1392,349,6,,2024-02-16 07:37:00,2024-02-19 17:30:00,2024-02-19 15:58:00,Completed,82483
474,1675,348,4,,2024-02-16 07:39:00,2024-02-16 09:54:00,2024-02-16 09:00:00,Completed,227291
475,1464,359,3,,2024-02-16 07:55:00,2024-02-16 09:02:00,2024-02-16 08:30:00,Completed,70420
476,1168,,3,,2024-02-16 09:35:00,2024-02-16 13:35:00,2024-02-16 11:49:00,Completed,179495
477,1114,344,4,,2024-02-16 10:04:00,2024-02-16 14:34:00,2024-02-16 14:22:00,Completed,133962
478,1679,,5,,2024-02-16 10:33:00,2024-02-16 12:06:00,2024-02-16 11:32:00,Completed,124672
479,705,363,4,,2024-02-16 10:36:00,2024-02-16 15:56:00,2024-02-16 16:12:00,Completed,102722
480,1680,,3,,2024-02-16 11:28:00,2024-02-16 17:30:00,2024-02-16 15:37:00,Completed,4098
481,1581,185,6,,2024-02-16 11:32:00,2024-02-16 12:47:00,2024-02-16 12:34:00,Completed,90243
482,338,274,1,,2024-02-16 12:36:00,2024-02-16 13:51:00,2024-02-16 13:03:00,Completed,218112
483,489,247,6,,2024-02-16 12:39:00,2024-02-16 14:39:00,2024-02-16 14:12:00,Completed,150816
484,1601,321,2,,2024-02-16 14:30:00,2024-02-17 08:15:00,2024-02-17 09:01:00,Completed,173976
485,1226,325,6,,2024-02-17 08:06:00,2024-02-17 09:21:00,2024-02-17 08:34:00,Completed,173716
486,364,285,3,,2024-02-17 08:09:00,2024-02-17 09:39:00,2024-02-17 08:52:00,Completed,246598
487,529,331,1,,2024-02-17 08:23:00,2024-02-17 12:38:00,2024-02-17 10:53:00,Completed,92119
488,274,338,4,,2024-02-17 08:41:00,2024-02-19 07:56:00,2024-02-17 11:28:00,Completed,234092
489,83,358,2,,2024-02-17 08:59:00,2024-02-17 12:29:00,2024-02-17 13:17:00,Completed,141450
490,1681,369,6,,2024-02-17 09:09:00,2024-02-17 10:31:00,2024-02-17 10:07:00,Completed,43527
491,731,370,3,,2024-02-17 09:38:00,2024-02-17 10:53:00,2024-02-17 10:18:00,Completed,228570
492,1486,,3,304,2024-02-17 09:53:00,2024-02-17 12:15:00,2024-02-17 13:48:00,Completed,166074
493,742,,6,,2024-02-17 12:04:00,2024-02-19 08:34:00,2024-02-19 10:20:00,Completed,211133
494,1340,368,3,,2024-02-19 07:30:00,2024-02-19 11:45:00,2024-02-19 09:56:00,Completed,48847
495,366,353,3,,2024-02-19 07:34:00,2024-02-19 13:32:00,2024-02-19 12:06:00,Completed,140239
496,138,303,2,,2024-02-19 08:08:00,2024-02-20 08:59:00,2024-02-19 17:01:00,Completed,117120
497,1599,364,4,,2024-02-19 08:31:00,2024-02-19 09:46:00,2024-02-19 09:07:00,Completed,54774
498,120,379,4,,2024-02-19 09:02:00,2024-02-19 12:17:00,2024-02-19 11:09:00,Completed,189519
499,809,,6,,2024-02-19 09:09:00,2024-02-19 10:24:00,2024-02-19 09:57:00,Completed,227526
500,573,355,6,,2024-02-19 09:09:00,2024-02-19 12:40:00,2024-02-19 11:13:00,Completed,134037
501,960,,4,,2024-02-19 09:10:00,2024-02-19 13:13:00,2024-02-19 12:03:00,Completed,66821
502,534,367,4,,2024-02-19 09:33:00,2024-02-20 08:06:00,2024-02-19 15:39:00,Completed,175414
503,475,,6,,2024-02-19 09:36:00,2024-02-19 11:43:00,2024-02-19 11:49:00,Completed,235500
504,966,,4,,2024-02-19 09:55:00,2024-02-19 16:26:00,2024-02-19 17:19:00,Completed,51198
505,685,381,2,,2024-02-19 10:02:00,2024-02-19 13:09:00,2024-02-19 11:55:00,Completed,198456
506,236,,3,,2024-02-19 10:31:00,2024-02-19 13:35:00,2024-02-19 13:26:00,Completed,154395
507,1291,179,1,,2024-02-19 10:37:00,2024-02-19 14:52:00,2024-02-19 12:13:00,Completed,84042
508,1684,,1,,2024-02-19 11:28:00,2024-02-19 14:16:00,2024-02-19 13:20:00,Completed,141523
509,1542,,6,,2024-02-19 12:37:00,2024-02-19 15:07:00,2024-02-19 14:19:00,Completed,44504
510,703,,1,,2024-02-19 12:55:00,2024-02-19 14:34:00,2024-02-19 13:51:00,Completed,148700
511,1300,377,2,,2024-02-19 13:34:00,2024-02-20 07:49:00,2024-02-23 12:39:00,Completed,120331
512,1364,322,3,,2024-02-20 07:30:00,2024-02-20 12:15:00,2024-02-20 13:53:00,Completed,120873
513,61,397,6,,2024-02-20 08:07:00,2024-02-20 11:37:00,2024-02-20 11:34:00,Completed,174735
514,1347,,4,,2024-02-20 08:19:00,2024-02-20 12:11:00,2024-02-20 10:12:00,Completed,239711
515,583,,6,,2024-02-20 08:51:00,2024-02-20 11:18:00,2024-02-20 10:46:00,Completed,110086
516,1688,,1,,2024-02-20 09:02:00,2024-02-20 10:17:00,2024-02-20 09:34:00,Completed,113546
517,1687,,6,,2024-02-20 09:21:00,2024-02-20 11:21:00,2024-02-20 11:21:00,Completed,146842
518,1682,374,3,,2024-02-20 10:06:00,2024-02-22 12:34:00,2024-02-22 11:34:00,Completed,128303
519,1683,385,4,,2024-02-20 11:37:00,2024-02-22 12:34:00,2024-02-23 11:34:00,Completed,160323
520,1658,,6,416,2024-02-20 12:08:00,2024-02-20 14:56:00,2024-02-20 14:30:00,Completed,156884
521,234,335,6,,2024-02-20 14:06:00,2024-02-22 12:34:00,2024-02-23 11:16:00,Completed,176734
522,1189,382,2,,2024-02-20 15:04:00,2024-02-21 08:19:00,2024-02-20 16:51:00,Completed,49879
523,1686,,3,,2024-02-20 15:17:00,2024-02-20 16:32:00,2024-02-20 16:01:00,Completed,50500
524,458,373,6,,2024-02-21 08:06:00,2024-02-21 11:36:00,2024-02-21 09:57:00,Completed,212050
525,538,352,3,,2024-02-21 08:07:00,2024-02-21 15:07:00,2024-02-21 11:59:00,Completed,148850
526,1175,384,6,,2024-02-21 08:28:00,2024-02-21 14:01:00,2024-02-21 13:06:00,Completed,61863
527,1368,357,4,,2024-02-21 08:35:00,2024-02-26 15:06:00,2024-02-26 15:45:00,Completed,139833
528,558,,6,,2024-02-21 09:50:00,2024-02-21 14:08:00,2024-02-21 14:55:00,Completed,139071
529,420,372,3,,2024-02-21 10:07:00,2024-02-21 14:26:00,2024-02-21 16:18:00,Completed,162670
530,1691,,1,,2024-02-21 10:23:00,2024-02-21 14:38:00,2024-02-21 13:57:00,Completed,101387
531,1093,390,6,,2024-02-21 10:30:00,2024-02-21 14:21:00,2024-02-21 15:35:00,Completed,100502
532,250,,6,,2024-02-21 10:37:00,2024-02-21 16:27:00,2024-02-21 16:45:00,Completed,172144
533,1692,,1,,2024-02-21 10:38:00,2024-02-21 13:38:00,2024-02-21 13:06:00,Completed,145558
534,1693,408,6,,2024-02-21 11:34:00,2024-02-21 15:43:00,2024-02-21 17:06:00,Completed,74162
535,278,,3,,2024-02-21 11:45:00,2024-02-21 17:30:00,2024-02-21 16:55:00,Completed,141184
536,341,,6,,2024-02-21 12:27:00,2024-02-21 16:24:00,2024-02-22 07:51:00,Completed,229956
537,1262,383,2,446,2024-02-21 13:07:00,2024-02-21 16:29:00,2024-02-22 08:13:00,Completed,246178
538,41,393,1,,2024-02-21 14:36:00,2024-02-21 15:54:00,2024-02-21 15:09:00,Completed,207289
539,598,406,1,,2024-02-21 14:36:00,2024-02-21 16:07:00,2024-02-21 15:42:00,Completed,232889
540,1690,401,6,,2024-02-22 07:37:00,2024-02-22 11:52:00,2024-02-22 12:13:00,Completed,93654
541,71,414,4,,2024-02-22 08:02:00,2024-02-22 09:17:00,2024-02-22 08:41:00,Completed,194164
542,935,,3,,2024-02-22 08:50:00,2024-02-22 12:20:00,2024-02-22 10:23:00,Completed,206043
543,652,404,6,382,2024-02-22 09:06:00,2024-02-22 14:06:00,2024-02-22 12:36:00,Completed,81652
544,666,,6,,2024-02-22 09:24:00,2024-02-22 12:25:00,2024-02-22 13:22:00,Completed,139075
545,1704,,2,,2024-02-22 09:53:00,2024-02-23 09:53:00,2024-02-29 13:38:00,Completed,80618
546,1234,,4,,2024-02-22 10:11:00,2024-02-22 13:11:00,2024-02-22 13:01:00,Completed,231496
547,632,407,1,,2024-02-22 11:33:00,2024-02-22 17:30:00,2024-02-22 14:50:00,Completed,98185
548,547,376,3,,2024-02-22 12:08:00,2024-02-23 08:08:00,2024-02-22 17:07:00,Completed,210676
549,1378,405,4,,2024-02-22 12:37:00,2024-02-22 13:52:00,2024-02-22 13:04:00,Completed,242292
550,994,398,1,,2024-02-22 12:39:00,2024-02-22 14:33:00,2024-02-22 14:18:00,Completed,74930
551,1387,410,4,,2024-02-22 13:38:00,2024-02-22 17:30:00,2024-02-22 15:26:00,Completed,57546
552,217,375,2,,2024-02-22 14:08:00,2024-02-23 09:26:00,2024-02-23 07:32:00,Completed,269705
553,433,,1,,2024-02-22 15:48:00,2024-02-23 12:48:00,2024-02-23 10:01:00,Completed,134550
554,1694,412,3,,2024-02-23 07:35:00,2024-02-23 08:50:00,2024-02-23 08:17:00,Completed,79511
555,1702,411,4,,2024-02-23 08:30:00,2024-02-23 10:22:00,2024-02-23 09:41:00,Completed,106460
556,1539,417,6,,2024-02-23 08:36:00,2024-02-23 12:36:00,2024-02-23 12:00:00,Completed,31997
557,932,420,4,,2024-02-23 08:46:00,2024-02-23 12:42:00,2024-02-23 11:34:00,Completed,87951
558,1648,302,4,,2024-02-23 09:07:00,2024-02-23 15:50:00,2024-02-23 14:21:00,Completed,131335
559,1709,,6,,2024-02-23 09:09:00,2024-02-23 13:04:00,2024-02-23 13:25:00,Completed,15491
560,307,386,4,,2024-02-23 09:30:00,2024-02-23 13:22:00,2024-02-23 14:22:00,Completed,226639
561,70,409,5,,2024-02-23 09:32:00,2024-02-23 11:32:00,2024-02-23 10:47:00,Completed,264504
562,819,,1,,2024-02-23 10:36:00,2024-02-23 11:58:00,2024-02-23 11:12:00,Completed,114154
563,1670,342,4,,2024-02-23 11:03:00,2024-02-23 15:26:00,2024-02-23 16:00:00,Completed,72536
564,1710,,1,,2024-02-23 11:20:00,2024-02-23 13:35:00,2024-02-23 12:22:00,Completed,67347
565,1711,,5,,2024-02-23 11:35:00,2024-02-23 15:05:00,2024-02-23 17:00:00,Completed,24252
566,1280,392,2,,2024-02-23 12:33:00,2024-02-23 13:48:00,2024-02-23 13:23:00,Completed,36960
567,1009,424,1,458,2024-02-23 13:38:00,2024-02-23 17:30:00,2024-02-24 08:16:00,Completed,57180
568,1003,421,2,,2024-02-23 14:37:00,2024-02-26 08:48:00,2024-02-26 08:54:00,Completed,170860
569,606,371,3,,2024-02-24 08:07:00,2024-02-24 09:22:00,2024-02-24 08:46:00,Completed,92110
570,581,425,4,,2024-02-24 09:08:00,2024-02-24 14:00:00,2024-02-24 11:41:00,Completed,76730
571,1100,394,1,,2024-02-24 09:08:00,2024-02-26 07:56:00,2024-02-24 10:53:00,Completed,108934
572,601,,3,,2024-02-24 09:14:00,2024-02-24 14:00:00,2024-02-24 11:24:00,Completed,87972
573,416,431,6,,2024-02-24 09:26:00,2024-02-24 10:41:00,2024-02-24 10:00:00,Completed,216691
574,981,,4,,2024-02-24 09:44:00,2024-02-24 14:00:00,2024-02-24 12:56:00,Completed,35799
575,1253,305,3,,2024-02-24 10:39:00,2024-02-24 12:11:00,2024-02-24 11:56:00,Completed,33957
576,1584,432,2,,2024-02-24 11:06:00,2024-02-26 09:43:00,2024-02-26 10:51:00,Completed,50067
577,618,387,6,,2024-02-24 11:09:00,2024-02-26 07:54:00,2024-02-24 12:49:00,Completed,120370
578,1718,441,3,,2024-02-26 07:30:00,2024-02-26 08:45:00,2024-02-26 08:09:00,Completed,31909
579,1534,428,4,,2024-02-26 07:34:00,2024-02-26 08:49:00,2024-02-26 08:07:00,Completed,141752
580,1632,444,1,,2024-02-26 08:04:00,2024-02-26 10:22:00,2024-02-26 09:32:00,Completed,86722
581,397,426,1,,2024-02-26 08:04:00,2024-02-26 11:15:00,2024-02-26 09:40:00,Completed,144287
582,190,423,2,,2024-02-26 08:31:00,2024-02-26 10:01:00,2024-02-26 09:09:00,Completed,180798
583,1001,,3,,2024-02-26 08:45:00,2024-02-26 09:52:00,2024-02-26 09:16:00,Completed,138629
584,517,,4,,2024-02-26 08:45:00,2024-02-26 14:07:00,2024-02-26 13:46:00,Completed,83640
585,1276,,3,,2024-02-26 08:58:00,2024-02-26 12:14:00,2024-02-26 11:53:00,Completed,196344
586,497,378,2,,2024-02-26 09:04:00,2024-02-26 11:49:00,2024-02-26 10:46:00,Completed,230828
587,486,347,5,,2024-02-26 09:08:00,2024-02-26 11:00:00,2024-02-26 10:10:00,Completed,95391
588,1510,396,1,,2024-02-26 09:28:00,2024-02-26 13:44:00,2024-02-26 14:11:00,Completed,107481
589,1722,446,1,,2024-02-26 09:49:00,2024-02-26 12:12:00,2024-02-26 11:42:00,Completed,29352
590,884,,5,,2024-02-26 10:11:00,2024-02-26 14:41:00,2024-02-26 15:36:00,Completed,96321
591,184,445,4,,2024-02-26 11:36:00,2024-02-26 15:06:00,2024-02-26 16:25:00,Completed,140748
592,246,,3,,2024-02-26 11:43:00,2024-02-26 13:58:00,2024-02-26 13:34:00,Completed,166433
593,582,,4,,2024-02-26 12:02:00,2024-02-26 15:05:00,2024-02-26 14:16:00,Completed,153786
594,1059,,5,,2024-02-26 12:10:00,2024-02-27 09:47:00,2024-02-26 17:06:00,Completed,169995
595,536,,3,,2024-02-26 12:20:00,2024-02-26 16:31:00,2024-02-26 16:04:00,Completed,132377
596,1255,,4,,2024-02-26 14:32:00,2024-02-26 16:32:00,2024-02-26 15:27:00,Completed,84274
597,749,,3,,2024-02-26 14:58:00,2024-02-26 17:30:00,2024-02-26 15:49:00,Completed,78894
598,140,456,4,,2024-02-27 08:30:00,2024-02-27 13:15:00,2024-02-27 10:48:00,Completed,128810
599,1301,413,1,,2024-02-27 08:35:00,2024-02-28 10:48:00,2024-02-28 08:12:00,Completed,65612
600,1105,,3,,2024-02-27 09:13:00,2024-02-27 13:35:00,2024-02-27 11:09:00,Completed,51743
601,1703,,3,,2024-02-27 09:27:00,2024-02-27 15:53:00,2024-02-27 14:08:00,Completed,137351
602,224,,4,,2024-02-27 10:14:00,2024-02-27 12:25:00,2024-02-27 11:48:00,Completed,259718
603,726,438,3,,2024-02-27 10:39:00,2024-02-27 17:30:00,2024-02-27 15:45:00,Completed,112555
604,1719,439,4,,2024-02-27 11:02:00,2024-02-27 12:39:00,2024-02-27 12:05:00,Completed,144993
605,1121,282,3,,2024-02-27 11:32:00,2024-02-28 07:44:00,2024-02-28 07:37:00,Completed,93185
606,822,,1,,2024-02-27 11:46:00,2024-02-27 13:31:00,2024-02-27 12:50:00,Completed,170014
607,721,,4,,2024-02-27 12:54:00,2024-02-28 10:46:00,2024-02-27 17:16:00,Completed,94477
608,1004,436,4,,2024-02-27 13:05:00,2024-02-28 10:07:00,2024-02-28 10:58:00,Completed,198293
609,7,294,3,,2024-02-27 13:31:00,2024-02-28 10:16:00,2024-02-28 12:24:00,Completed,172407
610,1420,434,2,,2024-02-27 14:04:00,2024-02-27 15:19:00,2024-02-27 14:37:00,Completed,87935
611,1661,452,6,,2024-02-28 08:01:00,2024-02-28 12:01:00,2024-02-28 10:23:00,Completed,146838
612,232,,1,,2024-02-28 08:25:00,2024-02-28 12:40:00,2024-02-28 10:00:00,Completed,163010
613,86,,6,,2024-02-28 09:49:00,2024-02-28 12:33:00,2024-02-28 12:21:00,Completed,128551
614,616,,4,,2024-02-28 10:09:00,2024-02-28 13:09:00,2024-02-28 11:49:00,Completed,190725
615,388,389,4,,2024-02-28 12:01:00,2024-02-28 15:31:00,2024-02-28 13:27:00,Completed,117959
616,1108,454,4,,2024-02-28 12:09:00,2024-02-29 07:47:00,2024-02-29 08:18:00,Completed,167965
617,498,,6,,2024-02-28 12:20:00,2024-02-28 15:05:00,2024-02-28 14:35:00,Completed,69180
618,289,460,3,,2024-02-28 13:31:00,2024-02-28 15:31:00,2024-02-28 14:55:00,Completed,100020
619,1192,442,3,,2024-02-28 14:33:00,2024-02-28 17:30:00,2024-02-29 07:54:00,Completed,168593
620,1723,448,1,,2024-02-28 15:31:00,2024-02-29 11:16:00,2024-02-28 17:24:00,Completed,116544
621,1522,461,6,,2024-02-29 07:36:00,2024-02-29 09:06:00,2024-02-29 08:27:00,Completed,154507
622,1496,463,5,,2024-02-29 08:08:00,2024-02-29 10:26:00,2024-02-29 09:40:00,Completed,50748
623,886,310,6,,2024-02-29 09:09:00,2024-02-29 12:54:00,2024-02-29 12:45:00,Completed,117164
624,1706,419,5,,2024-02-29 10:02:00,2024-02-29 11:17:00,2024-02-29 10:43:00,Completed,170979
625,619,,5,,2024-02-29 10:12:00,2024-02-29 14:52:00,2024-02-29 13:50:00,Completed,196377
626,1728,453,3,,2024-02-29 10:30:00,2024-03-01 07:37:00,2024-02-29 16:57:00,Completed,23113
627,1318,443,1,,2024-02-29 10:32:00,2024-02-29 14:24:00,2024-02-29 13:24:00,Completed,77986
628,1558,,6,,2024-02-29 10:56:00,2024-02-29 13:14:00,2024-02-29 13:19:00,Completed,72007
629,130,,4,,2024-02-29 11:17:00,2024-02-29 15:32:00,2024-02-29 13:26:00,Completed,104022
630,635,457,6,,2024-02-29 11:32:00,2024-02-29 15:33:00,2024-02-29 16:16:00,Completed,33267
631,1733,,1,,2024-02-29 12:27:00,2024-03-01 09:49:00,2024-03-01 07:41:00,Completed,158798
632,1010,400,5,,2024-02-29 15:01:00,2024-03-01 11:16:00,2024-03-01 12:54:00,Completed,134879
633,1233,418,6,,2024-02-29 15:05:00,2024-02-29 16:20:00,2024-02-29 15:42:00,Completed,94772
634,115,440,2,,2024-03-01 07:34:00,2024-03-04 12:52:00,2024-03-05 13:16:00,Completed,217755
635,1715,427,3,,2024-03-01 08:01:00,2024-03-01 09:16:00,2024-03-01 08:43:00,Completed,228751
636,1736,,6,,2024-03-01 09:10:00,2024-03-01 13:10:00,2024-03-01 11:18:00,Completed,95065
637,540,,5,,2024-03-01 09:26:00,2024-03-01 13:11:00,2024-03-01 13:44:00,Completed,172585
638,499,464,4,,2024-03-01 09:33:00,2024-03-01 10:48:00,2024-03-01 10:11:00,Completed,153770
639,1737,,5,,2024-03-01 11:16:00,2024-03-01 15:27:00,2024-03-01 14:38:00,Completed,219833
640,166,466,6,,2024-03-01 11:32:00,2024-03-01 12:39:00,2024-03-01 12:08:00,Completed,172136
641,988,449,4,,2024-03-01 12:01:00,2024-03-01 16:16:00,2024-03-01 14:11:00,Completed,180115
642,713,429,6,,2024-03-01 13:33:00,2024-03-01 17:30:00,2024-03-02 08:08:00,Completed,238300
643,1735,465,6,,2024-03-01 13:36:00,2024-03-01 17:30:00,2024-03-02 08:40:00,Completed,232715
644,1744,,6,,2024-03-02 08:56:00,2024-03-02 10:11:00,2024-03-02 09:47:00,Completed,84798
645,627,288,6,,2024-03-02 09:02:00,2024-03-02 12:48:00,2024-03-04 08:37:00,Completed,130163
646,506,422,2,,2024-03-02 09:06:00,2024-03-02 11:21:00,2024-03-02 10:29:00,Completed,108870
647,855,472,6,,2024-03-02 09:34:00,2024-03-02 11:41:00,2024-03-02 11:30:00,Completed,111043
648,612,451,6,,2024-03-02 10:02:00,2024-03-02 14:00:00,2024-03-02 13:45:00,Completed,145539
649,968,,4,,2024-03-02 10:16:00,2024-03-02 14:00:00,2024-03-02 12:11:00,Completed,83350
650,599,,3,,2024-03-02 10:55:00,2024-03-02 12:25:00,2024-03-02 11:48:00,Completed,205248
651,271,,6,,2024-03-02 11:02:00,2024-03-05 17:30:00,2024-03-05 13:57:00,Completed,153358
652,761,491,2,,2024-03-04 08:03:00,2024-03-04 13:48:00,2024-03-04 10:36:00,Completed,142865
653,1372,475,3,,2024-03-04 08:06:00,2024-03-04 09:21:00,2024-03-04 08:38:00,Completed,120781
654,319,458,6,,2024-03-04 09:07:00,2024-03-04 12:37:00,2024-03-04 10:52:00,Completed,198667
655,186,,2,,2024-03-04 09:28:00,2024-03-04 16:20:00,2024-03-04 15:55:00,Completed,199972
656,414,,4,,2024-03-04 09:29:00,2024-03-04 10:44:00,2024-03-04 10:13:00,Completed,135295
657,1498,,2,,2024-03-04 09:34:00,2024-03-05 16:34:00,2024-03-11 11:01:00,Completed,82635
658,1444,459,3,,2024-03-04 09:38:00,2024-03-04 12:45:00,2024-03-04 11:53:00,Completed,48901
659,526,,1,,2024-03-04 11:03:00,2024-03-04 12:18:00,2024-03-04 11:46:00,Completed,147501
660,1107,,6,,2024-03-04 11:04:00,2024-03-04 14:19:00,2024-03-04 13:24:00,Completed,44473
661,1110,275,4,,2024-03-04 11:38:00,2024-03-04 16:23:00,2024-03-04 13:52:00,Completed,153836
662,1080,,4,,2024-03-04 11:52:00,2024-03-05 08:04:00,2024-03-04 16:20:00,Completed,89926
663,105,,3,,2024-03-04 12:20:00,2024-03-04 15:20:00,2024-03-04 17:02:00,Completed,100675
664,1630,481,5,,2024-03-05 07:37:00,2024-03-05 17:30:00,2024-03-06 08:26:00,Completed,172545
665,1023,,6,,2024-03-05 08:07:00,2024-03-05 09:22:00,2024-03-05 09:00:00,Completed,101462
666,1754,501,4,,2024-03-05 08:39:00,2024-03-05 09:54:00,2024-03-05 09:28:00,Completed,154792
667,104,,5,,2024-03-05 09:10:00,2024-03-05 12:10:00,2024-03-05 10:17:00,Completed,177060
668,1672,484,1,,2024-03-05 10:35:00,2024-03-07 10:46:00,2024-03-07 08:59:00,Completed,52174
669,1218,,3,,2024-03-05 10:40:00,2024-03-05 13:47:00,2024-03-05 12:44:00,Completed,110917
670,89,,4,,2024-03-05 12:28:00,2024-03-05 17:30:00,2024-03-05 16:04:00,Completed,77216
671,1749,493,6,,2024-03-05 13:05:00,2024-03-05 14:20:00,2024-03-05 13:41:00,Completed,72343
672,1090,483,2,,2024-03-05 13:07:00,2024-03-07 11:22:00,2024-03-07 08:34:00,Completed,135237
673,1461,492,5,,2024-03-06 08:31:00,2024-03-06 13:38:00,2024-03-06 14:01:00,Completed,52179
674,1746,482,2,,2024-03-06 08:33:00,2024-03-06 11:10:00,2024-03-06 09:46:00,Completed,48918
675,96,,3,,2024-03-06 09:42:00,2024-03-06 14:04:00,2024-03-06 14:52:00,Completed,111821
676,1755,503,1,,2024-03-06 10:04:00,2024-03-08 16:11:00,2024-03-08 13:14:00,Completed,78308
677,762,,4,,2024-03-06 10:29:00,2024-03-06 12:21:00,2024-03-06 11:27:00,Completed,58741
678,1326,,3,,2024-03-06 10:31:00,2024-03-06 13:51:00,2024-03-06 13:25:00,Completed,194605
679,444,500,6,,2024-03-06 10:36:00,2024-03-06 11:51:00,2024-03-06 11:22:00,Completed,285133
680,1013,,6,,2024-03-06 10:43:00,2024-03-06 12:11:00,2024-03-06 11:58:00,Completed,41469
681,1758,,3,,2024-03-06 11:14:00,2024-03-06 15:51:00,2024-03-06 14:32:00,Completed,45228
682,1286,,2,,2024-03-06 12:13:00,2024-03-06 14:13:00,2024-03-06 13:18:00,Completed,142726
683,1455,506,4,,2024-03-06 13:38:00,2024-03-06 15:53:00,2024-03-06 15:02:00,Completed,66533
684,1750,494,6,,2024-03-06 14:03:00,2024-03-06 15:33:00,2024-03-06 14:59:00,Completed,103482
685,342,334,3,,2024-03-07 08:01:00,2024-03-07 11:01:00,2024-03-07 08:56:00,Completed,242386
686,24,510,5,,2024-03-07 08:08:00,2024-03-07 13:15:00,2024-03-07 14:50:00,Completed,146986
687,1764,,6,,2024-03-07 08:19:00,2024-03-07 09:26:00,2024-03-07 09:01:00,Completed,103242
688,8,489,6,,2024-03-07 08:30:00,2024-03-07 12:09:00,2024-03-07 13:58:00,Completed,382410
689,107,,1,,2024-03-07 08:47:00,2024-03-08 09:52:00,2024-03-07 16:05:00,Completed,211113
690,1765,,6,,2024-03-07 08:56:00,2024-03-07 11:51:00,2024-03-07 12:06:00,Completed,122478
691,1761,515,4,,2024-03-07 10:05:00,2024-03-07 13:50:00,2024-03-07 12:27:00,Completed,47586
692,1747,480,3,,2024-03-07 10:39:00,2024-03-07 12:01:00,2024-03-07 11:16:00,Completed,115376
693,1643,,4,,2024-03-07 10:46:00,2024-03-07 14:23:00,2024-03-07 13:12:00,Completed,49507
694,58,,6,,2024-03-07 11:34:00,2024-03-08 12:52:00,2024-03-08 10:14:00,Completed,135223
695,1759,512,3,,2024-03-07 11:38:00,2024-03-07 13:38:00,2024-03-07 12:49:00,Completed,59256
696,1751,495,3,,2024-03-07 12:05:00,2024-03-07 15:06:00,2024-03-07 15:45:00,Completed,102001
697,1206,521,4,,2024-03-07 14:08:00,2024-03-08 08:23:00,2024-03-08 07:43:00,Completed,88586
698,1771,,6,,2024-03-08 07:57:00,2024-03-08 10:12:00,2024-03-08 09:47:00,Completed,60679
699,1393,528,6,,2024-03-08 08:03:00,2024-03-08 11:12:00,2024-03-08 11:46:00,Completed,63908
700,699,473,3,,2024-03-08 08:08:00,2024-03-08 10:15:00,2024-03-08 09:16:00,Completed,248376
701,1308,477,6,,2024-03-08 08:35:00,2024-03-08 13:05:00,2024-03-08 12:27:00,Completed,157617
702,1130,,1,,2024-03-08 08:58:00,2024-03-08 10:13:00,2024-03-08 09:38:00,Completed,158272
703,1518,499,6,,2024-03-08 09:03:00,2024-03-08 12:13:00,2024-03-08 13:08:00,Completed,96128
704,864,,5,,2024-03-08 09:03:00,2024-03-09 14:00:00,2024-03-11 13:21:00,Completed,125957
705,143,470,3,,2024-03-08 09:06:00,2024-03-08 13:37:00,2024-03-08 14:36:00,Completed,123355
706,796,509,6,,2024-03-08 09:28:00,2024-03-08 13:18:00,2024-03-08 14:10:00,Completed,192935
707,508,,2,,2024-03-08 09:29:00,2024-03-08 14:29:00,2024-03-08 13:41:00,Completed,128477
708,385,,3,,2024-03-08 09:32:00,2024-03-08 15:27:00,2024-03-08 16:03:00,Completed,186455
709,1034,511,4,,2024-03-08 09:34:00,2024-03-08 14:19:00,2024-03-08 12:01:00,Completed,144301
710,1346,504,5,,2024-03-08 09:35:00,2024-03-09 08:20:00,2024-03-08 15:21:00,Completed,256018
711,1767,527,6,,2024-03-08 09:48:00,2024-03-08 13:30:00,2024-03-08 14:33:00,Completed,142597
712,914,,6,,2024-03-08 10:47:00,2024-03-08 15:36:00,2024-03-08 17:04:00,Completed,106286
713,1743,508,4,,2024-03-08 11:04:00,2024-03-08 16:28:00,2024-03-08 15:07:00,Completed,57692
714,455,486,3,,2024-03-08 12:04:00,2024-03-08 17:30:00,2024-03-09 08:30:00,Completed,97552
715,1360,529,6,,2024-03-08 12:34:00,2024-03-09 08:32:00,2024-03-09 10:09:00,Completed,225863
716,1519,,4,,2024-03-08 12:51:00,2024-03-12 11:58:00,2024-03-12 08:38:00,Completed,126933
717,1049,497,5,,2024-03-09 08:06:00,2024-03-09 10:36:00,2024-03-09 09:35:00,Completed,70016
718,149,478,4,,2024-03-09 08:09:00,2024-03-09 10:16:00,2024-03-09 09:23:00,Completed,237573
719,580,534,6,,2024-03-09 08:33:00,2024-03-09 14:00:00,2024-03-11 07:36:00,Completed,66063
720,950,,2,,2024-03-09 08:42:00,2024-03-09 14:00:00,2024-03-09 10:30:00,Completed,96647
721,233,533,6,,2024-03-09 09:33:00,2024-03-11 07:37:00,2024-03-11 08:47:00,Completed,95031
722,905,524,6,,2024-03-09 10:05:00,2024-03-11 11:41:00,2024-03-11 11:31:00,Completed,58773
723,1010,532,5,632,2024-03-09 11:08:00,2024-03-11 07:53:00,2024-03-11 09:05:00,Completed,135134
724,15,,5,,2024-03-09 12:18:00,2024-03-09 14:00:00,2024-03-09 12:58:00,Completed,132760
725,772,517,1,,2024-03-11 07:31:00,2024-03-13 08:43:00,2024-03-12 15:35:00,Completed,136925
726,418,520,6,,2024-03-11 07:35:00,2024-03-11 14:35:00,2024-03-12 07:31:00,Completed,137432
727,377,538,2,,2024-03-11 08:00:00,2024-03-11 12:48:00,2024-03-11 14:02:00,Completed,51962
728,868,360,6,,2024-03-11 08:35:00,2024-03-11 14:48:00,2024-03-11 16:39:00,Completed,103898
729,1350,433,6,,2024-03-11 09:03:00,2024-03-11 17:30:00,2024-03-12 09:27:00,Completed,27889
730,542,516,2,,2024-03-11 09:07:00,2024-03-11 13:51:00,2024-03-11 12:03:00,Completed,123845
731,452,,5,,2024-03-11 09:11:00,2024-03-11 11:41:00,2024-03-11 10:37:00,Completed,192020
732,220,518,6,,2024-03-11 09:21:00,2024-03-11 14:19:00,2024-03-12 10:01:00,Completed,164646
733,1774,,5,,2024-03-11 09:46:00,2024-03-11 13:41:00,2024-03-11 11:51:00,Completed,91215
734,69,,1,,2024-03-11 10:03:00,2024-03-11 14:51:00,2024-03-11 12:15:00,Completed,180029
735,288,,2,,2024-03-11 10:43:00,2024-03-11 12:37:00,2024-03-11 12:12:00,Completed,153246
736,388,,2,615,2024-03-11 11:16:00,2024-03-11 14:17:00,2024-03-11 12:51:00,Completed,118453
737,1432,,6,,2024-03-11 13:30:00,2024-03-12 08:21:00,2024-03-12 10:28:00,Completed,218433
738,618,547,6,577,2024-03-11 15:36:00,2024-03-12 12:00:00,2024-03-12 11:12:00,Completed,120803
739,789,530,5,,2024-03-11 15:37:00,2024-03-11 17:30:00,2024-03-11 16:25:00,Completed,85002
740,982,548,1,,2024-03-12 08:07:00,2024-03-12 10:14:00,2024-03-12 09:24:00,Completed,138465
741,1779,,6,,2024-03-12 08:51:00,2024-03-12 11:57:00,2024-03-12 12:02:00,Completed,91073
742,1776,558,3,,2024-03-12 09:38:00,2024-03-12 14:23:00,2024-03-12 11:57:00,Completed,38254
743,468,487,5,,2024-03-12 10:04:00,2024-03-12 13:49:00,2024-03-12 13:33:00,Completed,216696
744,964,361,1,,2024-03-12 11:31:00,2024-03-12 15:46:00,2024-03-12 13:19:00,Completed,76001
745,1210,,2,,2024-03-12 11:34:00,2024-03-13 07:34:00,2024-03-12 14:43:00,Completed,104147
746,456,502,6,,2024-03-12 11:39:00,2024-03-12 16:03:00,2024-03-12 14:28:00,Completed,244540
747,13,549,3,,2024-03-12 11:48:00,2024-03-12 13:18:00,2024-03-12 12:35:00,Completed,148399
748,650,,5,,2024-03-12 12:58:00,2024-03-14 14:34:00,2024-03-14 12:05:00,Completed,121888
749,1655,557,6,,2024-03-12 13:39:00,2024-03-12 16:17:00,2024-03-12 16:11:00,Completed,48793
750,1195,555,6,,2024-03-12 15:34:00,2024-03-13 10:29:00,2024-03-13 13:35:00,Completed,74747
751,1595,544,3,,2024-03-12 15:34:00,2024-03-12 17:30:00,2024-03-12 16:11:00,Completed,135976
752,957,546,6,,2024-03-13 07:32:00,2024-03-13 12:12:00,2024-03-13 14:48:00,Completed,106948
753,328,,5,,2024-03-13 09:17:00,2024-03-13 10:47:00,2024-03-13 09:52:00,Completed,221286
754,710,474,5,,2024-03-13 09:31:00,2024-03-13 16:38:00,2024-03-13 15:23:00,Completed,63367
755,1497,,3,,2024-03-13 10:04:00,2024-03-13 12:34:00,2024-03-13 13:38:00,Completed,164861
756,674,526,3,,2024-03-13 10:09:00,2024-03-13 13:03:00,2024-03-13 12:30:00,Completed,148815
757,1058,,6,,2024-03-13 10:23:00,2024-03-13 11:58:00,2024-03-13 11:50:00,Completed,132402
758,95,,1,,2024-03-13 10:55:00,2024-03-14 14:14:00,2024-03-14 11:32:00,Completed,147015
759,1348,402,6,,2024-03-13 11:04:00,2024-03-13 13:13:00,2024-03-13 12:50:00,Completed,66212
760,1556,,6,,2024-03-13 12:05:00,2024-03-13 15:59:00,2024-03-14 08:17:00,Completed,125168
761,1787,,4,,2024-03-13 13:29:00,2024-03-13 15:14:00,2024-03-13 14:39:00,Completed,176666
762,1788,,6,,2024-03-13 13:53:00,2024-03-13 15:35:00,2024-03-13 15:14:00,Completed,59213
763,614,,1,,2024-03-13 15:17:00,2024-03-14 10:05:00,2024-03-13 17:06:00,Completed,232225
764,1721,437,6,,2024-03-14 08:30:00,2024-03-14 09:45:00,2024-03-14 09:18:00,Completed,134065
765,1584,540,5,,2024-03-14 09:06:00,2024-03-14 10:36:00,2024-03-14 09:41:00,Completed,50736
766,603,,1,,2024-03-14 09:23:00,2024-03-14 10:38:00,2024-03-14 09:59:00,Completed,137611
767,1791,571,3,,2024-03-14 10:03:00,2024-03-14 14:18:00,2024-03-14 14:10:00,Completed,259036
768,144,574,5,,2024-03-14 10:30:00,2024-03-14 11:37:00,2024-03-14 10:56:00,Completed,81378
769,350,522,6,,2024-03-14 10:34:00,2024-03-14 15:04:00,2024-03-14 13:17:00,Completed,220208
770,1630,578,5,664,2024-03-14 10:49:00,2024-03-14 14:04:00,2024-03-14 11:59:00,Completed,173234
771,1808,,3,,2024-03-14 11:50:00,2024-03-14 14:26:00,2024-03-14 12:33:00,Completed,212382
772,265,,2,,2024-03-14 12:18:00,2024-03-14 13:48:00,2024-03-14 13:18:00,Completed,81307
773,400,,6,,2024-03-14 12:30:00,2024-03-14 14:09:00,2024-03-14 14:02:00,Completed,128602
774,929,535,4,,2024-03-14 13:03:00,2024-03-14 16:33:00,2024-03-14 14:32:00,Completed,218191
775,511,,3,,2024-03-14 14:40:00,2024-03-14 16:40:00,2024-03-14 16:02:00,Completed,105828
776,31,551,5,,2024-03-14 15:30:00,2024-03-15 10:15:00,2024-03-15 08:09:00,Completed,124398
777,8,,5,688,2024-03-15 08:04:00,2024-03-15 10:34:00,2024-03-15 11:24:00,Completed,383017
778,850,536,6,,2024-03-15 08:07:00,2024-03-15 09:29:00,2024-03-15 08:54:00,Completed,59506
779,756,584,6,,2024-03-15 08:09:00,2024-03-15 12:03:00,2024-03-15 10:36:00,Completed,66042
780,1581,,1,,2024-03-15 08:31:00,2024-03-15 09:46:00,2024-03-15 08:54:00,Completed,91374
781,1792,575,3,,2024-03-15 08:38:00,2024-03-15 09:53:00,2024-03-15 09:07:00,Completed,25857
782,1821,,5,,2024-03-15 09:18:00,2024-03-15 14:44:00,2024-03-15 11:58:00,Completed,143486
783,1819,,4,,2024-03-15 09:18:00,2024-03-18 15:55:00,2024-03-18 12:59:00,Completed,120760
784,1782,563,5,,2024-03-15 09:38:00,2024-03-15 15:07:00,2024-03-15 13:43:00,Completed,159238
785,1346,,5,710,2024-03-15 10:06:00,2024-03-15 16:13:00,2024-03-16 08:46:00,Completed,256262
786,395,498,1,,2024-03-15 10:07:00,2024-03-15 15:52:00,2024-03-15 13:37:00,Completed,153395
787,593,,3,,2024-03-15 10:17:00,2024-03-15 13:32:00,2024-03-15 15:18:00,Completed,153530
788,448,,1,,2024-03-15 10:24:00,2024-03-15 15:46:00,2024-03-15 14:08:00,Completed,232570
789,1466,556,4,,2024-03-15 11:03:00,2024-03-15 15:18:00,2024-03-15 13:00:00,Completed,221399
790,625,,1,,2024-03-15 11:03:00,2024-03-15 17:30:00,2024-03-15 15:30:00,Completed,193769
791,180,,3,,2024-03-15 11:56:00,2024-03-15 15:11:00,2024-03-15 13:25:00,Completed,140973
792,1752,490,6,,2024-03-15 13:08:00,2024-03-15 14:23:00,2024-03-15 13:51:00,Completed,87821
793,1507,554,6,,2024-03-15 14:07:00,2024-03-15 17:30:00,2024-03-15 16:09:00,Completed,93839
794,306,585,3,,2024-03-15 15:04:00,2024-03-15 17:30:00,2024-03-15 16:28:00,Completed,147558
795,431,566,6,,2024-03-16 08:00:00,2024-03-16 11:30:00,2024-03-16 09:33:00,Completed,117012
796,247,568,4,,2024-03-16 08:03:00,2024-03-16 12:03:00,2024-03-16 09:51:00,Completed,179350
797,387,488,3,,2024-03-16 09:04:00,2024-03-16 10:11:00,2024-03-16 09:40:00,Completed,234032
798,894,580,5,,2024-03-16 09:30:00,2024-03-16 10:45:00,2024-03-16 09:57:00,Completed,111244
799,1152,586,2,,2024-03-16 10:38:00,2024-03-20 07:44:00,2024-03-20 07:48:00,Completed,90855
800,618,560,3,,2024-03-18 07:39:00,2024-03-18 11:16:00,2024-03-18 09:55:00,Completed,120995
801,1390,476,5,,2024-03-18 08:00:00,2024-03-18 12:30:00,2024-03-18 10:45:00,Completed,65506
802,1096,562,6,,2024-03-18 08:02:00,2024-03-18 09:17:00,2024-03-18 08:54:00,Completed,78580
803,262,564,3,,2024-03-18 08:31:00,2024-03-18 13:30:00,2024-03-18 14:59:00,Completed,159555
804,1084,,1,,2024-03-18 08:42:00,2024-03-18 14:42:00,2024-03-18 12:59:00,Completed,73634
805,706,,6,,2024-03-18 08:56:00,2024-03-18 14:41:00,2024-03-18 13:27:00,Completed,148943
806,308,581,5,,2024-03-18 09:07:00,2024-03-18 13:53:00,2024-03-18 15:40:00,Completed,133789
807,702,598,6,,2024-03-18 09:09:00,2024-03-18 12:54:00,2024-03-18 14:10:00,Completed,73950
808,1725,602,6,,2024-03-18 09:21:00,2024-03-18 17:30:00,2024-03-19 08:50:00,Completed,22930
809,1559,559,1,,2024-03-18 09:30:00,2024-03-18 15:33:00,2024-03-18 13:05:00,Completed,95113
810,1080,605,2,,2024-03-18 09:36:00,2024-03-18 11:51:00,2024-03-18 10:48:00,Completed,90374
811,1259,,3,,2024-03-18 09:42:00,2024-03-18 15:31:00,2024-03-18 13:57:00,Completed,59042
812,619,,2,625,2024-03-18 09:49:00,2024-03-18 13:20:00,2024-03-18 11:36:00,Completed,196975
813,725,,6,,2024-03-18 09:52:00,2024-03-18 14:43:00,2024-03-19 07:41:00,Completed,85460
814,405,593,3,,2024-03-18 10:00:00,2024-03-18 15:39:00,2024-03-18 16:04:00,Completed,179138
815,1025,545,3,,2024-03-18 10:04:00,2024-03-18 15:43:00,2024-03-18 17:00:00,Completed,243035
816,1826,610,4,,2024-03-18 10:38:00,2024-03-18 11:53:00,2024-03-18 11:20:00,Completed,27789
817,1597,595,2,,2024-03-18 11:36:00,2024-03-18 12:51:00,2024-03-18 12:20:00,Completed,42053
818,1526,594,5,,2024-03-18 11:39:00,2024-03-18 13:51:00,2024-03-18 13:03:00,Completed,167532
819,528,,3,,2024-03-18 12:25:00,2024-03-18 17:30:00,2024-03-19 08:03:00,Completed,140928
820,963,,3,,2024-03-18 12:28:00,2024-03-19 08:04:00,2024-03-19 09:06:00,Completed,53548
821,1046,583,6,,2024-03-18 12:35:00,2024-03-18 16:35:00,2024-03-19 08:01:00,Completed,50965
822,195,,6,,2024-03-18 12:52:00,2024-03-19 07:43:00,2024-03-19 08:38:00,Completed,165569
823,1798,573,4,,2024-03-18 13:00:00,2024-03-18 17:30:00,2024-03-18 15:21:00,Completed,192522
824,1708,567,3,,2024-03-18 13:06:00,2024-03-19 08:57:00,2024-03-19 10:09:00,Completed,101735
825,1212,597,1,,2024-03-18 13:30:00,2024-03-20 13:30:00,2024-03-20 10:05:00,Completed,94247
826,683,601,6,,2024-03-18 14:01:00,2024-03-19 08:52:00,2024-03-19 09:03:00,Completed,113884
827,6,,6,,2024-03-18 14:08:00,2024-03-19 11:14:00,2024-03-19 10:39:00,Completed,233494
828,1008,,3,,2024-03-18 14:47:00,2024-03-19 10:53:00,2024-03-19 10:43:00,Completed,146516
829,1809,579,5,,2024-03-19 08:07:00,2024-03-19 10:52:00,2024-03-19 08:58:00,Completed,143704
830,665,,6,,2024-03-19 08:40:00,2024-03-19 12:26:00,2024-03-19 11:18:00,Completed,131730
831,1837,,3,,2024-03-19 08:46:00,2024-03-20 17:30:00,2024-03-20 14:00:00,Completed,43241
832,757,,1,,2024-03-19 08:47:00,2024-03-19 13:54:00,2024-03-19 14:25:00,Completed,106250
833,1366,,2,,2024-03-19 08:59:00,2024-03-19 12:29:00,2024-03-19 11:34:00,Completed,43726
834,779,,6,,2024-03-19 09:20:00,2024-03-19 11:45:00,2024-03-19 12:07:00,Completed,103408
835,1803,577,2,,2024-03-19 10:30:00,2024-03-19 11:45:00,2024-03-19 11:13:00,Completed,30135
836,752,,3,,2024-03-19 12:03:00,2024-03-19 14:10:00,2024-03-19 13:26:00,Completed,193921
837,1377,,4,,2024-03-19 13:24:00,2024-03-19 14:39:00,2024-03-19 13:59:00,Completed,115272
838,1030,592,6,,2024-03-19 14:09:00,2024-03-19 16:39:00,2024-03-19 16:01:00,Completed,192300
839,411,603,4,,2024-03-19 14:37:00,2024-03-20 08:52:00,2024-03-20 09:54:00,Completed,210164
840,222,469,5,,2024-03-20 08:36:00,2024-03-22 10:52:00,2024-03-22 10:34:00,Completed,136913
841,1077,621,3,,2024-03-20 09:00:00,2024-03-20 12:00:00,2024-03-20 11:20:00,Completed,74322
842,440,576,1,,2024-03-20 09:01:00,2024-03-20 13:46:00,2024-03-20 12:50:00,Completed,96593
843,1838,616,4,,2024-03-20 10:02:00,2024-03-20 11:17:00,2024-03-20 10:52:00,Completed,92198
844,1447,,4,,2024-03-20 10:14:00,2024-03-20 13:38:00,2024-03-20 11:46:00,Completed,195183
845,1184,,5,,2024-03-20 10:47:00,2024-03-20 16:32:00,2024-03-20 15:37:00,Completed,35818
846,1816,582,1,,2024-03-20 11:08:00,2024-03-20 12:38:00,2024-03-20 11:57:00,Completed,75851
847,1783,565,5,,2024-03-20 11:33:00,2024-03-20 15:31:00,2024-03-20 15:03:00,Completed,25198
848,1159,,6,,2024-03-20 12:44:00,2024-03-20 14:14:00,2024-03-20 13:37:00,Completed,68231
849,664,614,4,,2024-03-20 15:06:00,2024-03-20 17:30:00,2024-03-20 16:29:00,Completed,148948
850,1822,587,4,,2024-03-21 07:37:00,2024-03-21 10:07:00,2024-03-21 09:08:00,Completed,200337
851,1430,630,4,,2024-03-21 07:38:00,2024-03-21 11:50:00,2024-03-21 10:06:00,Completed,123691
852,1842,626,3,,2024-03-21 08:05:00,2024-03-21 09:27:00,2024-03-21 08:58:00,Completed,242610
853,1852,635,5,,2024-03-21 09:06:00,2024-03-23 09:32:00,2024-03-22 16:51:00,Completed,76685
854,1850,,3,,2024-03-21 09:53:00,2024-03-21 13:23:00,2024-03-21 11:22:00,Completed,181753
855,541,,6,,2024-03-21 10:07:00,2024-03-21 13:52:00,2024-03-21 13:27:00,Completed,134641
856,649,,3,,2024-03-21 11:02:00,2024-03-21 14:17:00,2024-03-21 12:56:00,Completed,75824
857,1558,,3,,2024-03-21 11:10:00,2024-03-21 13:07:00,2024-03-21 12:33:00,Completed,72526
858,1854,,1,,2024-03-21 11:54:00,2024-03-22 08:35:00,2024-03-21 17:00:00,Completed,100540
859,1777,550,4,,2024-03-21 12:38:00,2024-03-21 15:08:00,2024-03-21 14:11:00,Completed,119208
860,1840,617,2,,2024-03-21 13:07:00,2024-03-22 07:37:00,2024-03-22 08:02:00,Completed,179055
861,1848,,6,,2024-03-21 13:17:00,2024-03-21 14:32:00,2024-03-21 13:44:00,Completed,74403
862,1853,634,4,,2024-03-21 15:00:00,2024-03-22 08:00:00,2024-03-22 09:41:00,Completed,40838
863,1011,543,4,,2024-03-22 07:36:00,2024-03-22 08:51:00,2024-03-22 08:10:00,Completed,63337
864,1830,607,6,,2024-03-22 08:04:00,2024-03-22 09:19:00,2024-03-22 08:31:00,Completed,81774
865,1285,639,5,,2024-03-22 08:08:00,2024-03-22 09:23:00,2024-03-22 08:48:00,Completed,66121
866,229,569,1,,2024-03-22 09:04:00,2024-03-22 10:19:00,2024-03-22 09:40:00,Completed,211920
867,681,,4,,2024-03-22 09:22:00,2024-03-22 10:44:00,2024-03-22 10:04:00,Completed,68105
868,213,624,3,,2024-03-22 09:35:00,2024-03-22 13:05:00,2024-03-22 13:53:00,Completed,237971
869,188,606,4,,2024-03-22 09:35:00,2024-03-22 11:02:00,2024-03-22 10:36:00,Completed,145506
870,1289,,3,,2024-03-22 09:48:00,2024-03-22 12:27:00,2024-03-22 11:48:00,Completed,87621
871,359,,1,,2024-03-22 10:43:00,2024-03-22 16:28:00,2024-03-22 14:06:00,Completed,127167
872,565,,3,,2024-03-22 11:22:00,2024-03-22 13:50:00,2024-03-22 13:24:00,Completed,120306
873,1855,,4,,2024-03-22 11:31:00,2024-03-22 13:31:00,2024-03-22 12:48:00,Completed,132149
874,594,640,5,,2024-03-22 12:06:00,2024-03-22 14:36:00,2024-03-22 13:54:00,Completed,157879
875,944,643,3,,2024-03-22 14:03:00,2024-03-22 15:18:00,2024-03-22 14:47:00,Completed,107111
876,143,623,6,705,2024-03-23 08:07:00,2024-03-23 10:48:00,2024-03-23 10:07:00,Completed,123739
877,802,612,6,,2024-03-23 08:08:00,2024-03-23 09:42:00,2024-03-23 09:17:00,Completed,222938
878,1063,,3,,2024-03-23 09:13:00,2024-03-23 14:00:00,2024-03-23 12:03:00,Completed,109981
879,506,599,4,,2024-03-23 11:03:00,2024-03-25 10:40:00,2024-03-25 11:37:00,Completed,109512
880,484,,4,,2024-03-23 11:57:00,2024-03-25 12:03:00,2024-03-25 10:49:00,Completed,108514
881,950,,2,720,2024-03-25 07:54:00,2024-03-25 11:09:00,2024-03-25 09:13:00,Completed,97371
882,1766,622,3,,2024-03-25 08:05:00,2024-03-25 12:20:00,2024-03-25 10:06:00,Completed,101402
883,1859,,6,,2024-03-25 09:06:00,2024-03-25 12:36:00,2024-03-25 13:26:00,Completed,154491
884,604,,5,,2024-03-25 09:31:00,2024-03-27 14:33:00,2024-03-27 11:39:00,Completed,130890
885,1245,,4,,2024-03-25 09:32:00,2024-03-25 11:44:00,2024-03-25 11:21:00,Completed,188109
886,1275,655,4,,2024-03-25 09:39:00,2024-03-25 12:29:00,2024-03-25 12:18:00,Completed,94659
887,521,629,5,,2024-03-25 10:07:00,2024-03-25 14:07:00,2024-03-25 12:06:00,Completed,139660
888,198,590,2,,2024-03-25 10:09:00,2024-03-25 17:30:00,2024-03-25 14:24:00,Completed,184090
889,402,552,4,,2024-03-25 10:31:00,2024-03-25 13:31:00,2024-03-25 13:22:00,Completed,116033
890,1185,625,3,,2024-03-25 10:33:00,2024-03-25 15:33:00,2024-03-25 16:12:00,Completed,153982
891,427,653,3,,2024-03-25 10:54:00,2024-03-25 13:33:00,2024-03-25 13:57:00,Completed,157909
892,333,646,1,,2024-03-25 11:30:00,2024-03-25 14:30:00,2024-03-25 14:06:00,Completed,214239
893,1082,,3,,2024-03-25 11:36:00,2024-03-25 17:30:00,2024-03-26 08:55:00,Completed,108329
894,972,628,3,,2024-03-25 12:37:00,2024-03-25 15:52:00,2024-03-25 16:16:00,Completed,159139
895,206,,5,,2024-03-25 12:44:00,2024-03-25 15:44:00,2024-03-25 15:31:00,Completed,210338
896,128,647,6,,2024-03-25 13:02:00,2024-03-25 14:47:00,2024-03-25 14:14:00,Completed,159330
897,1375,,4,,2024-03-25 14:25:00,2024-03-25 15:40:00,2024-03-25 15:04:00,Completed,103706
898,450,591,4,,2024-03-25 14:32:00,2024-03-25 15:57:00,2024-03-25 15:16:00,Completed,88092
899,445,641,5,,2024-03-25 15:39:00,2024-03-26 07:54:00,2024-03-25 17:12:00,Completed,160473
900,1836,608,3,,2024-03-26 08:06:00,2024-03-27 07:50:00,2024-03-26 16:31:00,Completed,66016
901,1862,,6,,2024-03-26 08:46:00,2024-03-26 10:01:00,2024-03-26 09:31:00,Completed,104820
902,1863,,3,,2024-03-26 08:55:00,2024-03-26 14:40:00,2024-03-26 15:24:00,Completed,34125
903,1844,627,1,,2024-03-26 09:08:00,2024-03-26 14:08:00,2024-03-26 12:54:00,Completed,71362
904,1856,642,5,,2024-03-26 09:33:00,2024-03-26 11:18:00,2024-03-26 10:45:00,Completed,61901
905,1867,,6,,2024-03-26 09:57:00,2024-03-26 11:12:00,2024-03-26 10:42:00,Completed,91313
906,1860,656,1,,2024-03-26 10:03:00,2024-03-26 12:02:00,2024-03-26 11:52:00,Completed,63257
907,257,661,2,,2024-03-26 10:33:00,2024-03-26 16:18:00,2024-03-26 14:53:00,Completed,191350
908,1868,,5,,2024-03-26 10:36:00,2024-03-26 15:21:00,2024-03-26 13:06:00,Completed,126006
909,745,631,4,,2024-03-26 10:38:00,2024-03-26 13:00:00,2024-03-26 12:02:00,Completed,138558
910,1866,,4,,2024-03-26 12:01:00,2024-03-26 13:16:00,2024-03-26 12:50:00,Completed,52376
911,290,660,6,,2024-03-26 12:31:00,2024-03-26 13:46:00,2024-03-26 13:10:00,Completed,120701
912,255,,6,,2024-03-26 13:51:00,2024-03-26 15:13:00,2024-03-26 14:32:00,Completed,121779
913,1865,,4,,2024-03-26 14:11:00,2024-03-26 15:26:00,2024-03-26 14:42:00,Completed,95822
914,1805,572,3,,2024-03-26 15:09:00,2024-03-27 08:09:00,2024-03-26 16:10:00,Completed,112103
915,518,651,3,,2024-03-27 07:31:00,2024-03-27 09:16:00,2024-03-27 08:10:00,Completed,92654
916,799,638,4,,2024-03-27 09:33:00,2024-03-27 12:48:00,2024-03-27 14:20:00,Completed,108216
917,1648,542,4,,2024-03-27 10:06:00,2024-03-27 13:37:00,2024-03-27 11:42:00,Completed,132298
918,24,,5,686,2024-03-27 10:54:00,2024-03-27 14:35:00,2024-03-27 12:31:00,Completed,147573
919,1015,,4,,2024-03-27 10:55:00,2024-03-27 15:49:00,2024-03-27 16:13:00,Completed,104748
920,1870,663,4,,2024-03-27 11:08:00,2024-03-27 15:35:00,2024-03-27 15:27:00,Completed,102440
921,1132,600,3,,2024-03-27 12:02:00,2024-03-27 17:30:00,2024-03-28 07:30:00,Completed,173964
922,1146,636,3,,2024-03-27 12:36:00,2024-03-27 16:08:00,2024-03-27 16:06:00,Completed,92958
923,690,652,5,,2024-03-27 12:38:00,2024-03-27 17:30:00,2024-03-28 09:02:00,Completed,124342
924,58,664,6,,2024-03-27 12:54:00,2024-03-27 14:39:00,2024-03-27 14:12:00,Completed,136059
925,211,,1,,2024-03-27 13:47:00,2024-03-29 09:26:00,2024-03-29 07:31:00,Completed,174201
926,1869,662,6,,2024-03-27 14:31:00,2024-03-27 17:30:00,2024-03-27 15:08:00,Completed,59630
927,1731,462,6,,2024-03-28 07:30:00,2024-03-28 08:45:00,2024-03-28 08:16:00,Completed,248356
928,1068,609,6,,2024-03-28 08:07:00,2024-03-28 11:37:00,2024-03-28 09:52:00,Completed,106766
929,1872,667,6,,2024-03-28 09:33:00,2024-03-28 13:54:00,2024-03-28 16:19:00,Completed,89593
930,107,615,1,,2024-03-28 09:36:00,2024-03-30 08:25:00,2024-03-29 14:36:00,Completed,211773
931,1871,671,4,,2024-03-28 10:39:00,2024-03-28 13:09:00,2024-03-28 13:12:00,Completed,49788
932,1303,,6,,2024-03-28 11:26:00,2024-03-28 14:52:00,2024-03-28 14:50:00,Completed,77332
933,947,674,6,,2024-03-28 11:32:00,2024-03-28 14:24:00,2024-03-28 14:40:00,Completed,207452
934,636,,1,,2024-03-28 11:36:00,2024-03-28 15:36:00,2024-03-28 13:41:00,Completed,128820
935,1876,,4,,2024-03-28 12:33:00,2024-03-28 14:18:00,2024-03-28 13:16:00,Completed,81648
936,1394,,5,,2024-03-28 13:14:00,2024-03-28 14:29:00,2024-03-28 13:41:00,Completed,248279
937,435,676,6,,2024-03-29 07:32:00,2024-03-29 09:02:00,2024-03-29 08:43:00,Completed,179484
938,671,613,6,,2024-03-29 07:38:00,2024-03-29 09:25:00,2024-03-29 09:07:00,Completed,64482
939,418,680,6,726,2024-03-29 08:36:00,2024-03-29 11:25:00,2024-03-29 13:28:00,Completed,137956
940,1670,673,1,,2024-03-29 09:31:00,2024-04-02 09:51:00,2024-04-02 08:49:00,Completed,73731
941,106,679,1,,2024-03-29 09:38:00,2024-03-29 15:23:00,2024-03-29 14:54:00,Completed,154078
942,1878,,4,,2024-03-29 11:58:00,2024-03-29 13:20:00,2024-03-29 12:45:00,Completed,203771
943,180,,6,791,2024-03-29 12:26:00,2024-03-29 15:29:00,2024-03-29 13:38:00,Completed,141441
944,149,,6,,2024-03-29 12:57:00,2024-03-29 14:39:00,2024-03-29 14:14:00,Completed,238966
945,238,668,6,,2024-03-29 13:08:00,2024-03-29 16:10:00,2024-03-29 16:16:00,Completed,194340
946,524,,5,,2024-03-29 13:57:00,2024-03-29 16:27:00,2024-03-29 15:24:00,Completed,158280
947,1873,666,2,,2024-03-29 15:09:00,2024-03-29 16:27:00,2024-03-29 15:48:00,Completed,23268
948,242,,6,,2024-03-30 09:14:00,2024-03-30 12:21:00,2024-03-30 11:59:00,Completed,125557
949,858,690,5,,2024-03-30 09:30:00,2024-03-30 12:07:00,2024-03-30 11:28:00,Completed,76750
950,1782,686,4,784,2024-03-30 09:39:00,2024-03-30 12:46:00,2024-04-01 07:44:00,Completed,160078
951,1572,650,4,,2024-03-30 10:05:00,2024-04-01 09:59:00,2024-04-01 07:32:00,Completed,89291
952,121,,5,,2024-03-30 10:06:00,2024-03-30 14:00:00,2024-03-30 13:28:00,Completed,87872
953,431,685,6,,2024-03-30 10:34:00,2024-03-30 12:31:00,2024-03-30 12:20:00,Completed,117863
954,1062,658,2,,2024-03-30 10:35:00,2024-03-30 14:00:00,2024-03-30 12:30:00,Completed,75627
955,1239,707,2,,2024-04-01 07:37:00,2024-04-01 09:52:00,2024-04-01 08:50:00,Completed,258961
956,1314,705,3,,2024-04-01 08:04:00,2024-04-01 09:26:00,2024-04-01 09:00:00,Completed,169214
957,390,708,1,,2024-04-01 08:32:00,2024-04-02 10:40:00,2024-04-02 08:14:00,Completed,223162
958,1176,687,3,,2024-04-01 08:33:00,2024-04-01 11:52:00,2024-04-01 09:52:00,Completed,112190
959,706,,2,805,2024-04-01 08:46:00,2024-04-01 12:53:00,2024-04-01 10:34:00,Completed,149341
960,1715,682,3,,2024-04-01 09:05:00,2024-04-01 10:44:00,2024-04-01 10:27:00,Completed,230185
961,68,,5,,2024-04-01 10:04:00,2024-04-01 13:56:00,2024-04-01 14:10:00,Completed,227223
962,1544,678,3,,2024-04-01 10:06:00,2024-04-01 11:28:00,2024-04-01 10:48:00,Completed,70027
963,1609,,5,,2024-04-01 10:14:00,2024-04-01 14:07:00,2024-04-01 12:46:00,Completed,23342
964,1000,,5,,2024-04-01 10:25:00,2024-04-01 15:17:00,2024-04-01 13:48:00,Completed,67280
965,1151,654,3,,2024-04-01 10:36:00,2024-04-01 14:10:00,2024-04-01 13:38:00,Completed,107707
966,1116,,1,,2024-04-01 10:38:00,2024-04-01 14:30:00,2024-04-01 15:32:00,Completed,136464
967,1900,,2,,2024-04-01 10:51:00,2024-04-01 15:43:00,2024-04-01 13:03:00,Completed,64160
968,1367,701,3,,2024-04-01 11:03:00,2024-04-01 15:00:00,2024-04-01 15:51:00,Completed,65909
969,82,711,1,,2024-04-01 11:03:00,2024-04-01 15:18:00,2024-04-01 14:45:00,Completed,74432
970,700,712,5,,2024-04-01 11:28:00,2024-04-03 16:43:00,2024-04-03 16:50:00,Completed,139728
971,650,,5,748,2024-04-01 11:38:00,2024-04-01 17:30:00,2024-04-02 08:59:00,Completed,122487
972,474,,3,,2024-04-01 12:12:00,2024-04-01 16:16:00,2024-04-01 14:40:00,Completed,99425
973,1809,689,5,829,2024-04-01 13:38:00,2024-04-01 17:30:00,2024-04-01 15:46:00,Completed,144196
974,1165,,5,,2024-04-01 14:39:00,2024-04-02 07:34:00,2024-04-01 17:27:00,Completed,89137
975,1300,645,5,,2024-04-01 15:04:00,2024-04-02 07:31:00,2024-04-02 07:52:00,Completed,121774
976,305,523,3,,2024-04-02 08:07:00,2024-04-02 10:52:00,2024-04-02 10:11:00,Completed,103701
977,1888,709,2,,2024-04-02 08:09:00,2024-04-02 10:24:00,2024-04-02 09:28:00,Completed,29645
978,284,,5,,2024-04-02 08:19:00,2024-04-02 11:34:00,2024-04-02 11:07:00,Completed,201447
979,1753,715,3,,2024-04-02 08:31:00,2024-04-02 10:47:00,2024-04-02 10:33:00,Completed,144382
980,260,714,5,,2024-04-02 08:34:00,2024-04-02 13:35:00,2024-04-02 12:44:00,Completed,138329
981,1901,,3,,2024-04-02 09:14:00,2024-04-02 12:23:00,2024-04-02 10:46:00,Completed,128434
982,280,681,5,,2024-04-02 10:02:00,2024-04-02 12:44:00,2024-04-02 13:12:00,Completed,136763
983,1406,717,4,,2024-04-02 11:35:00,2024-04-02 12:42:00,2024-04-02 12:15:00,Completed,201618
984,551,700,5,,2024-04-02 12:33:00,2024-04-02 14:57:00,2024-04-02 14:36:00,Completed,266637
985,1756,507,3,,2024-04-02 12:33:00,2024-04-02 13:48:00,2024-04-02 13:08:00,Completed,233218
986,476,,3,,2024-04-02 12:56:00,2024-04-02 17:30:00,2024-04-02 15:32:00,Completed,217354
987,1874,665,6,,2024-04-03 08:02:00,2024-04-03 13:02:00,2024-04-03 12:13:00,Completed,126180
988,1889,704,6,,2024-04-03 08:05:00,2024-04-03 14:38:00,2024-04-03 14:30:00,Completed,184124
989,764,731,6,,2024-04-03 08:23:00,2024-04-03 14:35:00,2024-04-03 14:55:00,Completed,59002
990,1770,519,2,,2024-04-03 08:32:00,2024-04-03 11:02:00,2024-04-03 10:11:00,Completed,210838
991,1845,723,3,,2024-04-03 09:09:00,2024-04-03 11:39:00,2024-04-03 10:48:00,Completed,81504
992,980,,5,,2024-04-03 09:11:00,2024-04-03 10:26:00,2024-04-03 09:42:00,Completed,230490
993,191,683,3,,2024-04-03 09:33:00,2024-04-03 12:37:00,2024-04-03 15:06:00,Completed,178965
994,945,,4,,2024-04-03 09:38:00,2024-04-03 13:38:00,2024-04-03 11:49:00,Completed,134144
995,916,,6,,2024-04-03 09:39:00,2024-04-03 13:51:00,2024-04-03 15:20:00,Completed,167666
996,1319,,3,,2024-04-03 10:22:00,2024-04-03 14:35:00,2024-04-03 12:28:00,Completed,127993
997,412,,3,,2024-04-03 10:23:00,2024-04-03 14:30:00,2024-04-03 14:22:00,Completed,90360
998,1858,649,5,,2024-04-03 10:33:00,2024-04-03 15:03:00,2024-04-03 15:28:00,Completed,33307
999,1342,,5,,2024-04-03 11:07:00,2024-04-03 13:42:00,2024-04-03 13:29:00,Completed,145266
1000,1904,725,5,,2024-04-03 12:05:00,2024-04-04 10:13:00,2024-04-03 17:19:00,Completed,57170
1001,1920,,3,,2024-04-03 12:12:00,2024-04-05 10:11:00,2024-04-05 08:37:00,Completed,176657
1002,1925,,5,,2024-04-03 13:06:00,2024-04-03 14:30:00,2024-04-03 13:50:00,Completed,53218
1003,1924,,3,,2024-04-03 13:53:00,2024-04-04 07:51:00,2024-04-03 15:50:00,Completed,23440
1004,1879,697,1,,2024-04-04 07:34:00,2024-04-04 09:26:00,2024-04-04 08:25:00,Completed,85118
1005,1343,736,6,,2024-04-04 08:09:00,2024-04-04 09:54:00,2024-04-04 09:28:00,Completed,149424
1006,602,,2,,2024-04-04 08:32:00,2024-04-05 08:02:00,2024-04-10 15:20:00,Completed,128491
1007,1930,,3,,2024-04-04 08:54:00,2024-04-05 14:07:00,2024-04-05 11:35:00,Completed,150479
1008,1929,742,4,,2024-04-04 09:03:00,2024-04-05 13:02:00,2024-04-05 10:17:00,Completed,101278
1009,851,732,6,,2024-04-04 09:30:00,2024-04-04 12:00:00,2024-04-04 10:05:00,Completed,151407
1010,1532,735,6,,2024-04-04 11:04:00,2024-04-04 13:26:00,2024-04-04 12:58:00,Completed,166459
1011,1907,722,6,,2024-04-04 11:31:00,2024-04-04 15:32:00,2024-04-04 15:38:00,Completed,106115
1012,409,537,3,,2024-04-04 11:35:00,2024-04-04 13:35:00,2024-04-04 12:42:00,Completed,81865
1013,902,,5,,2024-04-04 11:43:00,2024-04-04 14:58:00,2024-04-04 13:47:00,Completed,127674
1014,715,743,4,,2024-04-04 13:37:00,2024-04-04 17:30:00,2024-04-04 15:42:00,Completed,98062
1015,207,618,5,,2024-04-04 14:01:00,2024-04-05 08:31:00,2024-04-04 16:21:00,Completed,199695
1016,1931,,4,,2024-04-04 14:27:00,2024-04-04 16:22:00,2024-04-04 16:07:00,Completed,190653
1017,1906,728,6,,2024-04-04 15:01:00,2024-04-04 17:30:00,2024-04-04 17:09:00,Completed,34349
1018,1882,696,6,,2024-04-05 08:00:00,2024-04-05 09:15:00,2024-04-05 08:37:00,Completed,149412
1019,1192,729,2,,2024-04-05 08:02:00,2024-04-05 09:17:00,2024-04-05 08:26:00,Completed,170339
1020,147,703,3,,2024-04-05 08:33:00,2024-04-05 09:48:00,2024-04-05 09:03:00,Completed,173323
1021,1942,757,5,,2024-04-05 08:33:00,2024-04-05 10:33:00,2024-04-05 09:51:00,Completed,56330
1022,1945,,5,,2024-04-05 08:43:00,2024-04-05 12:50:00,2024-04-05 11:08:00,Completed,184309
1023,1806,570,4,,2024-04-05 09:09:00,2024-04-05 10:24:00,2024-04-05 09:42:00,Completed,122535
1024,1943,,1,,2024-04-05 09:33:00,2024-04-05 15:18:00,2024-04-05 11:42:00,Completed,74021
1025,808,716,6,,2024-04-05 09:34:00,2024-04-05 12:26:00,2024-04-05 11:50:00,Completed,218632
1026,1824,596,6,,2024-04-05 09:38:00,2024-04-05 12:53:00,2024-04-05 12:56:00,Completed,151989
1027,1932,755,3,,2024-04-05 10:38:00,2024-04-05 15:26:00,2024-04-05 13:14:00,Completed,33731
1028,676,750,2,,2024-04-05 11:09:00,2024-04-06 08:01:00,2024-04-05 17:01:00,Completed,165918
1029,1944,,3,,2024-04-05 13:32:00,2024-04-05 15:47:00,2024-04-05 15:03:00,Completed,144002
1030,419,751,4,,2024-04-05 14:39:00,2024-04-05 15:46:00,2024-04-05 15:04:00,Completed,88536
1031,196,749,3,,2024-04-06 08:34:00,2024-04-06 09:49:00,2024-04-06 09:02:00,Completed,161940
1032,1948,,4,,2024-04-06 08:35:00,2024-04-06 12:50:00,2024-04-06 10:41:00,Completed,62654
1033,928,737,1,,2024-04-06 09:06:00,2024-04-06 14:00:00,2024-04-06 10:58:00,Completed,151239
1034,769,,6,,2024-04-06 09:27:00,2024-04-06 12:27:00,2024-04-06 12:01:00,Completed,112263
1035,530,693,6,,2024-04-06 09:31:00,2024-04-06 12:13:00,2024-04-06 12:46:00,Completed,180879
1036,1360,754,4,,2024-04-06 09:38:00,2024-04-06 12:08:00,2024-04-06 11:40:00,Completed,226571
1037,904,,6,,2024-04-06 10:07:00,2024-04-08 08:14:00,2024-04-08 08:50:00,Completed,134302
1038,1825,,4,,2024-04-06 11:26:00,2024-04-08 10:05:00,2024-04-08 07:34:00,Completed,183927
1039,1891,770,6,,2024-04-08 07:37:00,2024-04-08 09:11:00,2024-04-08 08:39:00,Completed,105707
1040,1757,648,6,,2024-04-08 07:39:00,2024-04-08 09:21:00,2024-04-08 09:06:00,Completed,35257
1041,466,677,4,,2024-04-08 08:00:00,2024-04-08 13:52:00,2024-04-08 11:02:00,Completed,245197
1042,240,724,5,,2024-04-08 08:05:00,2024-04-08 09:20:00,2024-04-08 08:37:00,Completed,194706
1043,877,753,6,,2024-04-08 08:22:00,2024-04-08 11:58:00,2024-04-08 10:25:00,Completed,236250
1044,152,,5,,2024-04-08 08:34:00,2024-04-08 09:49:00,2024-04-08 09:23:00,Completed,193624
1045,1800,768,6,,2024-04-08 08:44:00,2024-04-08 12:48:00,2024-04-08 15:04:00,Completed,189299
1046,1952,,5,,2024-04-08 08:45:00,2024-04-08 12:48:00,2024-04-08 11:41:00,Completed,53312
1047,1353,777,1,,2024-04-08 09:07:00,2024-04-10 14:55:00,2024-04-10 11:24:00,Completed,51533
1048,1740,776,6,,2024-04-08 09:09:00,2024-04-08 13:15:00,2024-04-08 13:55:00,Completed,143127
1049,1949,769,5,,2024-04-08 09:32:00,2024-04-08 15:20:00,2024-04-08 14:55:00,Completed,76910
1050,1256,745,6,,2024-04-08 10:38:00,2024-04-08 16:15:00,2024-04-08 17:08:00,Completed,44779
1051,451,774,4,,2024-04-08 10:39:00,2024-04-08 14:59:00,2024-04-08 13:01:00,Completed,119307
1052,1137,,3,,2024-04-08 11:32:00,2024-04-08 17:30:00,2024-04-09 08:40:00,Completed,49807
1053,1033,756,6,,2024-04-08 11:38:00,2024-04-08 17:30:00,2024-04-09 09:07:00,Completed,110186
1054,1778,775,1,,2024-04-08 12:34:00,2024-04-15 12:04:00,2024-04-15 17:06:00,Completed,81089
1055,1750,780,4,,2024-04-08 13:30:00,2024-04-08 15:37:00,2024-04-08 14:37:00,Completed,104973
1056,326,740,5,,2024-04-08 15:01:00,2024-04-09 09:16:00,2024-04-09 07:42:00,Completed,166509
1057,1808,759,4,,2024-04-08 15:07:00,2024-04-09 09:22:00,2024-04-08 17:05:00,Completed,213124
1058,1950,763,6,,2024-04-09 08:03:00,2024-04-09 10:28:00,2024-04-09 10:25:00,Completed,101916
1059,159,752,2,,2024-04-09 08:05:00,2024-04-09 09:12:00,2024-04-09 08:37:00,Completed,221308
1060,1964,,6,,2024-04-09 08:26:00,2024-04-09 10:48:00,2024-04-09 10:58:00,Completed,79503
1061,1953,786,5,,2024-04-09 08:27:00,2024-04-09 10:27:00,2024-04-09 09:38:00,Completed,155728
1062,108,,5,,2024-04-09 08:44:00,2024-04-09 10:56:00,2024-04-09 10:22:00,Completed,183349
1063,1262,762,5,,2024-04-09 09:04:00,2024-04-09 11:03:00,2024-04-09 10:47:00,Completed,247384
1064,1871,,5,931,2024-04-09 09:33:00,2024-04-09 12:29:00,2024-04-09 11:00:00,Completed,50217
1065,1885,692,4,,2024-04-09 10:36:00,2024-04-09 12:06:00,2024-04-09 11:23:00,Completed,203097
1066,1965,,1,,2024-04-09 10:57:00,2024-04-09 17:30:00,2024-04-09 14:47:00,Completed,43132
1067,1961,,4,,2024-04-09 11:04:00,2024-04-09 16:05:00,2024-04-09 13:31:00,Completed,71273
1068,68,788,5,961,2024-04-09 12:06:00,2024-04-09 14:43:00,2024-04-09 12:56:00,Completed,227455
1069,1959,,6,,2024-04-09 12:48:00,2024-04-09 15:18:00,2024-04-09 13:25:00,Completed,52721
1070,1933,741,5,,2024-04-09 13:32:00,2024-04-09 16:02:00,2024-04-09 14:17:00,Completed,70697
1071,1912,726,6,,2024-04-09 14:31:00,2024-04-10 08:01:00,2024-04-10 08:03:00,Completed,52057
1072,138,789,1,,2024-04-09 15:06:00,2024-04-11 14:34:00,2024-04-11 12:35:00,Completed,118336
1073,281,,5,,2024-04-10 07:59:00,2024-04-10 12:29:00,2024-04-10 10:42:00,Completed,191172
1074,468,793,2,,2024-04-10 09:02:00,2024-04-11 11:16:00,2024-04-16 13:14:00,Completed,217832
1075,1437,,4,,2024-04-10 09:22:00,2024-04-10 10:37:00,2024-04-10 09:54:00,Completed,189835
1076,1596,767,4,,2024-04-10 10:00:00,2024-04-10 11:30:00,2024-04-10 10:54:00,Completed,138720
1077,1383,766,5,,2024-04-10 10:33:00,2024-04-10 11:49:00,2024-04-10 11:19:00,Completed,125220
1078,1004,781,4,,2024-04-10 10:39:00,2024-04-10 12:46:00,2024-04-10 11:53:00,Completed,200194
1079,1700,,2,,2024-04-10 12:15:00,2024-04-10 16:30:00,2024-04-12 12:40:00,Completed,248694
1080,1102,,5,,2024-04-10 12:38:00,2024-04-10 15:08:00,2024-04-10 13:28:00,Completed,155734
1081,576,765,5,,2024-04-10 15:35:00,2024-04-11 10:50:00,2024-04-11 08:42:00,Completed,112338
1082,1365,782,1,,2024-04-10 15:38:00,2024-04-11 16:32:00,2024-04-11 14:55:00,Completed,99487
1083,1966,792,6,,2024-04-11 07:35:00,2024-04-11 10:12:00,2024-04-11 09:30:00,Completed,40928
1084,1958,783,3,,2024-04-11 07:37:00,2024-04-11 12:07:00,2024-04-11 09:34:00,Completed,28397
1085,133,800,2,,2024-04-11 08:36:00,2024-04-11 15:36:00,2024-04-11 12:56:00,Completed,139181
1086,1970,,4,,2024-04-11 08:46:00,2024-04-11 10:01:00,2024-04-11 09:20:00,Completed,43505
1087,1956,785,5,,2024-04-11 09:04:00,2024-04-11 12:19:00,2024-04-11 14:06:00,Completed,193563
1088,449,747,3,,2024-04-11 09:05:00,2024-04-11 11:32:00,2024-04-11 11:01:00,Completed,159401
1089,1968,,4,,2024-04-11 09:35:00,2024-04-11 11:05:00,2024-04-11 10:27:00,Completed,96864
1090,1349,794,1,,2024-04-11 09:37:00,2024-04-11 12:52:00,2024-04-11 10:54:00,Completed,175271
1091,250,,4,,2024-04-11 09:53:00,2024-04-16 15:06:00,2024-04-16 13:57:00,Completed,173694
1092,1172,,6,,2024-04-11 11:00:00,2024-04-11 12:15:00,2024-04-11 11:50:00,Completed,129353
1093,1163,764,6,,2024-04-11 11:06:00,2024-04-11 14:33:00,2024-04-11 13:06:00,Completed,78407
1094,1934,744,6,,2024-04-11 12:33:00,2024-04-11 17:30:00,2024-04-12 09:33:00,Completed,78728
1095,1649,,5,,2024-04-11 13:19:00,2024-04-11 14:34:00,2024-04-11 13:47:00,Completed,79870
1096,457,773,6,,2024-04-11 13:35:00,2024-04-11 15:59:00,2024-04-11 16:32:00,Completed,162535
1097,1538,694,1,,2024-04-11 13:37:00,2024-04-12 12:57:00,2024-04-12 09:58:00,Completed,66314
1098,1951,772,2,,2024-04-11 15:01:00,2024-04-12 08:31:00,2024-04-11 16:49:00,Completed,172973
1099,1391,802,3,,2024-04-12 07:32:00,2024-04-12 09:54:00,2024-04-12 09:01:00,Completed,94541
1100,204,702,6,,2024-04-12 08:02:00,2024-04-12 09:17:00,2024-04-12 08:50:00,Completed,169855
1101,1089,810,3,,2024-04-12 10:03:00,2024-04-12 11:18:00,2024-04-12 10:42:00,Completed,57214
1102,1065,805,5,,2024-04-12 11:02:00,2024-04-12 12:17:00,2024-04-12 11:45:00,Completed,253155
1103,1930,,3,1007,2024-04-12 11:07:00,2024-04-12 14:03:00,2024-04-12 12:00:00,Completed,150722
1104,413,,5,,2024-04-12 11:44:00,2024-04-12 15:59:00,2024-04-12 13:30:00,Completed,173000
1105,75,,5,,2024-04-12 12:57:00,2024-04-12 15:10:00,2024-04-12 14:33:00,Completed,220512
1106,727,632,3,,2024-04-12 13:04:00,2024-04-12 16:04:00,2024-04-12 15:03:00,Completed,142862
1107,1113,813,3,,2024-04-13 08:39:00,2024-04-13 12:54:00,2024-04-13 10:47:00,Completed,199084
1108,1787,,4,,2024-04-13 08:43:00,2024-04-13 10:13:00,2024-04-13 09:28:00,Completed,178025
1109,248,806,3,,2024-04-13 09:04:00,2024-04-13 12:50:00,2024-04-13 13:01:00,Completed,124406
1110,1206,787,6,,2024-04-13 09:32:00,2024-04-13 10:54:00,2024-04-13 10:30:00,Completed,89916
1111,1967,797,3,,2024-04-13 09:34:00,2024-04-15 08:47:00,2024-04-15 08:54:00,Completed,124482
1112,1420,804,1,,2024-04-13 10:09:00,2024-04-13 14:00:00,2024-04-13 11:11:00,Completed,89879
1113,1092,790,3,,2024-04-13 11:30:00,2024-04-13 14:00:00,2024-04-13 13:17:00,Completed,115291
1114,516,825,6,,2024-04-15 07:33:00,2024-04-15 08:48:00,2024-04-15 08:12:00,Completed,98407
1115,1353,821,1,1047,2024-04-15 07:38:00,2024-04-15 11:34:00,2024-04-15 09:16:00,Completed,51764
1116,1857,644,1,,2024-04-15 08:03:00,2024-04-15 10:28:00,2024-04-15 10:24:00,Completed,272908
1117,373,721,5,,2024-04-15 08:09:00,2024-04-15 12:09:00,2024-04-15 11:37:00,Completed,74529
1118,1983,,1,,2024-04-15 08:19:00,2024-04-15 10:37:00,2024-04-15 10:31:00,Completed,69830
1119,981,734,6,,2024-04-15 08:25:00,2024-04-15 10:17:00,2024-04-15 09:46:00,Completed,37756
1120,1030,784,6,,2024-04-15 08:32:00,2024-04-15 10:59:00,2024-04-15 10:38:00,Completed,192958
1121,1103,,6,,2024-04-15 08:41:00,2024-04-15 13:41:00,2024-04-15 16:28:00,Completed,64720
1122,986,816,4,,2024-04-15 09:00:00,2024-04-15 10:15:00,2024-04-15 09:43:00,Completed,208261
1123,1915,720,3,,2024-04-15 09:02:00,2024-04-15 13:32:00,2024-04-15 10:59:00,Completed,215719
1124,542,,6,,2024-04-15 09:28:00,2024-04-15 14:31:00,2024-04-15 15:14:00,Completed,124739
1125,207,828,4,1015,2024-04-15 10:02:00,2024-04-15 12:35:00,2024-04-15 12:56:00,Completed,200081
1126,744,796,4,,2024-04-15 10:04:00,2024-04-15 12:19:00,2024-04-15 11:27:00,Completed,253695
1127,446,812,5,,2024-04-15 11:06:00,2024-04-15 12:33:00,2024-04-15 12:14:00,Completed,98732
1128,404,,3,,2024-04-15 11:16:00,2024-04-15 14:31:00,2024-04-15 13:20:00,Completed,130506
1129,1229,,1,,2024-04-15 12:29:00,2024-04-15 15:44:00,2024-04-15 13:22:00,Completed,98134
1130,104,779,4,,2024-04-15 14:09:00,2024-04-16 08:24:00,2024-04-15 16:37:00,Completed,178172
1131,500,,2,,2024-04-15 14:53:00,2024-04-15 16:08:00,2024-04-15 15:22:00,Completed,85546
1132,158,761,5,,2024-04-16 08:37:00,2024-04-16 11:52:00,2024-04-16 10:08:00,Completed,125436
1133,1213,,6,,2024-04-16 08:51:00,2024-04-16 13:06:00,2024-04-16 11:27:00,Completed,32021
1134,1208,,4,,2024-04-16 10:02:00,2024-04-16 11:17:00,2024-04-16 10:26:00,Completed,115242
1135,1298,834,3,,2024-04-16 10:02:00,2024-04-16 11:39:00,2024-04-16 11:08:00,Completed,101516
1136,1989,,3,,2024-04-16 10:23:00,2024-04-16 13:59:00,2024-04-16 14:52:00,Completed,63018
1137,1986,827,1,,2024-04-16 10:31:00,2024-04-16 13:01:00,2024-04-16 12:00:00,Completed,32463
1138,877,832,2,,2024-04-16 10:38:00,2024-04-16 13:45:00,2024-04-16 12:44:00,Completed,236758
1139,1988,,6,,2024-04-16 11:36:00,2024-04-16 12:58:00,2024-04-16 12:34:00,Completed,130919
1140,1270,798,4,,2024-04-16 13:01:00,2024-04-16 15:01:00,2024-04-16 14:04:00,Completed,63900
1141,1980,826,4,,2024-04-16 14:08:00,2024-04-16 16:41:00,2024-04-16 16:19:00,Completed,71986
1142,1366,,5,,2024-04-16 14:31:00,2024-04-16 17:30:00,2024-04-16 16:07:00,Completed,45013
1143,1670,808,3,,2024-04-16 15:09:00,2024-04-17 13:31:00,2024-04-17 12:44:00,Completed,74170
1144,12,836,5,,2024-04-16 15:09:00,2024-04-18 13:06:00,2024-04-18 10:03:00,Completed,127898
1145,856,830,6,,2024-04-17 07:36:00,2024-04-17 10:06:00,2024-04-17 09:04:00,Completed,79533
1146,537,842,6,,2024-04-17 07:38:00,2024-04-17 11:36:00,2024-04-17 11:19:00,Completed,156816
1147,1378,841,3,,2024-04-17 08:05:00,2024-04-17 10:32:00,2024-04-17 10:49:00,Completed,244634
1148,1987,829,3,,2024-04-17 08:31:00,2024-04-17 16:03:00,2024-04-17 13:37:00,Completed,108461
1149,1191,831,5,,2024-04-17 09:07:00,2024-04-17 10:22:00,2024-04-17 09:40:00,Completed,157950
1150,57,840,5,,2024-04-17 09:09:00,2024-04-17 12:55:00,2024-04-17 11:05:00,Completed,194769
1151,1990,,6,,2024-04-17 09:11:00,2024-04-17 13:38:00,2024-04-17 16:24:00,Completed,212924
1152,662,,3,,2024-04-17 09:53:00,2024-04-17 14:29:00,2024-04-17 13:57:00,Completed,113328
1153,1991,,2,,2024-04-17 10:01:00,2024-04-17 12:38:00,2024-04-17 11:50:00,Completed,84173
1154,859,815,4,,2024-04-17 11:02:00,2024-04-17 14:02:00,2024-04-17 15:42:00,Completed,91519
1155,1080,,2,,2024-04-17 12:32:00,2024-04-17 14:09:00,2024-04-17 13:17:00,Completed,91399
1156,1992,,2,,2024-04-17 12:33:00,2024-04-17 15:52:00,2024-04-17 16:03:00,Completed,18600
1157,1803,803,5,,2024-04-18 07:35:00,2024-04-18 08:57:00,2024-04-18 08:25:00,Completed,31749
1158,1181,684,6,,2024-04-18 08:01:00,2024-04-18 11:23:00,2024-04-18 10:36:00,Completed,183996
1159,1938,748,5,,2024-04-18 08:05:00,2024-04-18 14:27:00,2024-04-18 12:50:00,Completed,32326
1160,1999,847,6,,2024-04-18 08:25:00,2024-04-18 12:05:00,2024-04-18 13:20:00,Completed,100242
1161,2000,,3,,2024-04-18 09:15:00,2024-04-18 13:30:00,2024-04-18 13:53:00,Completed,57065
1162,2001,,1,,2024-04-18 09:27:00,2024-04-18 12:42:00,2024-04-18 11:44:00,Completed,64863
1163,1971,811,4,,2024-04-18 09:30:00,2024-04-18 13:00:00,2024-04-18 13:25:00,Completed,120905
1164,930,809,3,,2024-04-18 09:31:00,2024-04-18 12:46:00,2024-04-18 12:47:00,Completed,259381
1165,1997,,3,,2024-04-18 09:50:00,2024-04-18 15:57:00,2024-04-18 16:54:00,Completed,31686
1166,820,814,3,,2024-04-18 09:53:00,2024-04-18 16:17:00,2024-04-19 07:53:00,Completed,175576
1167,1963,835,2,,2024-04-18 10:08:00,2024-04-18 15:08:00,2024-04-18 12:43:00,Completed,114975
1168,1940,746,6,,2024-04-18 10:33:00,2024-04-18 13:33:00,2024-04-18 12:55:00,Completed,138038
1169,680,,4,,2024-04-18 10:58:00,2024-04-18 12:20:00,2024-04-18 11:39:00,Completed,145272
1170,1887,695,6,,2024-04-18 11:04:00,2024-04-18 13:19:00,2024-04-18 13:24:00,Completed,58162
1171,659,,3,,2024-04-18 11:33:00,2024-04-18 16:06:00,2024-04-18 16:44:00,Completed,157969
1172,1998,,6,,2024-04-18 12:22:00,2024-04-18 15:53:00,2024-04-18 14:45:00,Completed,89160
1173,73,818,3,,2024-04-18 13:33:00,2024-04-18 17:30:00,2024-04-18 17:18:00,Completed,188625
1174,514,855,4,,2024-04-19 08:07:00,2024-04-19 09:22:00,2024-04-19 08:53:00,Completed,165522
1175,439,837,5,,2024-04-19 09:03:00,2024-04-20 09:58:00,2024-04-19 17:17:00,Completed,178196
1176,1993,846,6,,2024-04-19 09:07:00,2024-04-19 10:14:00,2024-04-19 09:55:00,Completed,41932
1177,1580,817,1,,2024-04-19 09:34:00,2024-04-19 13:49:00,2024-04-19 11:22:00,Completed,130152
1178,1448,819,6,,2024-04-19 09:38:00,2024-04-19 12:08:00,2024-04-19 10:27:00,Completed,89330
1179,2002,848,3,,2024-04-19 09:55:00,2024-04-19 13:47:00,2024-04-19 12:17:00,Completed,102167
1180,1996,844,2,,2024-04-19 10:01:00,2024-04-19 11:16:00,2024-04-19 10:24:00,Completed,96085
1181,2009,,6,,2024-04-19 10:32:00,2024-04-19 13:47:00,2024-04-19 11:45:00,Completed,96509
1182,2010,,4,,2024-04-19 11:10:00,2024-04-19 15:02:00,2024-04-19 12:39:00,Completed,132641
1183,1973,820,6,,2024-04-19 12:09:00,2024-04-19 15:24:00,2024-04-19 13:44:00,Completed,5435
1184,2007,,2,,2024-04-19 12:30:00,2024-04-19 15:45:00,2024-04-19 13:30:00,Completed,197668
1185,2008,,2,,2024-04-19 14:02:00,2024-04-20 09:02:00,2024-04-19 16:21:00,Completed,59644
1186,773,863,3,,2024-04-20 08:02:00,2024-04-20 11:17:00,2024-04-20 12:35:00,Completed,213738
1187,2003,852,6,,2024-04-20 08:08:00,2024-04-20 11:08:00,2024-04-20 13:21:00,Completed,77297
1188,2013,866,3,,2024-04-20 08:23:00,2024-04-20 09:54:00,2024-04-20 09:21:00,Completed,41226
1189,697,,5,,2024-04-20 08:33:00,2024-04-22 08:03:00,2024-04-20 12:32:00,Completed,148243
1190,738,,6,,2024-04-20 08:48:00,2024-04-20 14:00:00,2024-04-20 12:34:00,Completed,110649
1191,2012,,2,,2024-04-20 09:53:00,2024-04-20 12:15:00,2024-04-20 11:16:00,Completed,131936
1192,784,,6,,2024-04-20 09:55:00,2024-04-20 12:40:00,2024-04-20 12:59:00,Completed,168027
1193,1380,839,3,,2024-04-20 10:00:00,2024-04-20 14:00:00,2024-04-20 11:12:00,Completed,109227
1194,495,,6,,2024-04-20 10:14:00,2024-04-22 08:32:00,2024-04-22 07:51:00,Completed,110790
1195,1982,824,4,,2024-04-22 08:03:00,2024-04-22 12:18:00,2024-04-22 09:46:00,Completed,83801
1196,249,850,1,,2024-04-22 08:03:00,2024-04-23 09:45:00,2024-04-23 08:41:00,Completed,247873
1197,279,,3,,2024-04-22 08:30:00,2024-04-22 12:52:00,2024-04-22 12:59:00,Completed,170697
1198,1316,,5,,2024-04-22 08:48:00,2024-04-22 10:18:00,2024-04-22 09:29:00,Completed,121678
1199,987,,6,,2024-04-22 10:17:00,2024-04-22 12:47:00,2024-04-22 14:55:00,Completed,222326
1200,932,865,3,,2024-04-22 10:37:00,2024-04-22 11:52:00,2024-04-22 11:16:00,Completed,89313
1201,1035,,6,,2024-04-22 11:17:00,2024-04-22 12:32:00,2024-04-22 11:59:00,Completed,91695
1202,473,886,3,,2024-04-22 12:04:00,2024-04-22 13:34:00,2024-04-22 12:39:00,Completed,191867
1203,172,,4,,2024-04-22 12:16:00,2024-04-22 14:34:00,2024-04-22 13:45:00,Completed,230306
1204,186,843,5,,2024-04-22 13:03:00,2024-04-22 14:25:00,2024-04-22 13:56:00,Completed,201451
1205,331,868,6,,2024-04-22 13:09:00,2024-04-22 15:54:00,2024-04-22 15:02:00,Completed,175658
1206,1251,807,6,,2024-04-22 13:32:00,2024-04-22 16:28:00,2024-04-22 16:44:00,Completed,112494
1207,1020,875,3,,2024-04-22 14:38:00,2024-04-22 17:30:00,2024-04-22 15:12:00,Completed,94914
1208,194,845,2,,2024-04-22 15:09:00,2024-04-23 09:54:00,2024-04-23 08:41:00,Completed,217625
1209,934,688,6,,2024-04-22 15:31:00,2024-04-23 10:17:00,2024-04-23 08:48:00,Completed,46283
1210,43,898,6,,2024-04-23 07:38:00,2024-04-23 09:24:00,2024-04-23 09:29:00,Completed,151222
1211,1682,881,2,,2024-04-23 08:34:00,2024-04-23 09:49:00,2024-04-23 09:02:00,Completed,130841
1212,2032,,4,,2024-04-23 08:38:00,2024-04-23 12:53:00,2024-04-23 14:42:00,Completed,32205
1213,1324,822,4,,2024-04-23 08:39:00,2024-04-23 14:28:00,2024-04-23 13:05:00,Completed,166558
1214,2022,887,4,,2024-04-23 09:01:00,2024-04-23 13:12:00,2024-04-23 14:03:00,Completed,184104
1215,2028,901,1,,2024-04-23 09:06:00,2024-04-23 11:06:00,2024-04-23 09:57:00,Completed,122587
1216,2014,869,5,,2024-04-23 09:37:00,2024-04-23 15:22:00,2024-04-23 15:08:00,Completed,174725
1217,1262,,4,,2024-04-23 11:07:00,2024-04-24 07:48:00,2024-04-24 10:06:00,Completed,247981
1218,354,,2,,2024-04-23 12:49:00,2024-04-23 14:49:00,2024-04-23 14:02:00,Completed,142989
1219,2030,,6,,2024-04-23 13:29:00,2024-04-23 17:30:00,2024-04-23 16:32:00,Completed,118821
1220,2015,871,6,,2024-04-23 14:33:00,2024-04-23 17:30:00,2024-04-24 07:31:00,Completed,158652
1221,2021,889,6,,2024-04-23 15:05:00,2024-04-24 10:07:00,2024-04-24 10:45:00,Completed,135750
1222,323,867,4,,2024-04-24 07:34:00,2024-04-24 12:11:00,2024-04-24 09:46:00,Completed,283200
1223,300,713,3,,2024-04-24 08:00:00,2024-04-24 10:30:00,2024-04-24 09:32:00,Completed,188716
1224,370,900,5,,2024-04-24 08:33:00,2024-04-24 13:03:00,2024-04-24 13:54:00,Completed,111359
1225,1116,858,3,,2024-04-24 08:37:00,2024-04-24 14:48:00,2024-04-24 14:17:00,Completed,137089
1226,913,,4,,2024-04-24 09:02:00,2024-04-24 11:45:00,2024-04-24 09:58:00,Completed,251969
1227,2023,895,6,,2024-04-24 09:34:00,2024-04-24 15:40:00,2024-04-24 14:42:00,Completed,54716
1228,1190,,3,,2024-04-24 10:14:00,2024-04-24 13:54:00,2024-04-24 16:21:00,Completed,108098
1229,171,911,6,,2024-04-24 10:36:00,2024-04-24 14:27:00,2024-04-24 15:34:00,Completed,78461
1230,304,799,6,,2024-04-24 11:08:00,2024-04-24 16:22:00,2024-04-25 08:35:00,Completed,112481
1231,1861,873,6,,2024-04-24 13:09:00,2024-04-25 08:13:00,2024-04-25 07:30:00,Completed,89690
1232,633,913,2,,2024-04-25 07:30:00,2024-04-25 11:52:00,2024-04-25 09:52:00,Completed,156308
1233,1895,876,4,,2024-04-25 07:36:00,2024-04-25 08:51:00,2024-04-25 08:09:00,Completed,94750
1234,2018,878,3,,2024-04-25 08:02:00,2024-04-25 12:17:00,2024-04-25 10:41:00,Completed,147883
1235,2005,854,6,,2024-04-25 09:01:00,2024-04-25 10:08:00,2024-04-25 09:43:00,Completed,212512
1236,2004,849,6,,2024-04-25 09:33:00,2024-04-25 12:03:00,2024-04-25 12:42:00,Completed,158867
1237,341,899,4,,2024-04-25 10:02:00,2024-04-25 14:47:00,2024-04-25 12:46:00,Completed,231596
1238,455,893,6,,2024-04-25 10:32:00,2024-04-25 12:17:00,2024-04-25 11:30:00,Completed,99527
1239,1109,903,4,,2024-04-25 12:03:00,2024-04-25 15:41:00,2024-04-25 14:39:00,Completed,90431
1240,547,670,6,,2024-04-25 12:05:00,2024-04-25 15:20:00,2024-04-25 15:02:00,Completed,212988
1241,1164,,5,,2024-04-25 12:33:00,2024-04-25 15:03:00,2024-04-25 14:50:00,Completed,43235
1242,1057,861,1,,2024-04-25 13:02:00,2024-04-27 11:08:00,2024-04-27 08:20:00,Completed,98698
1243,2024,894,6,,2024-04-25 13:35:00,2024-04-25 15:27:00,2024-04-25 15:09:00,Completed,67417
1244,1715,859,4,,2024-04-26 07:39:00,2024-04-26 12:24:00,2024-04-26 11:46:00,Completed,231661
1245,2044,914,3,,2024-04-26 08:31:00,2024-04-26 10:31:00,2024-04-26 09:37:00,Completed,68280
1246,1658,860,6,,2024-04-26 08:35:00,2024-04-26 09:50:00,2024-04-26 09:23:00,Completed,160771
1247,2047,,2,,2024-04-26 09:11:00,2024-04-27 14:00:00,2024-04-27 13:12:00,Completed,173752
1248,226,,5,,2024-04-26 09:24:00,2024-04-26 10:39:00,2024-04-26 09:56:00,Completed,171912
1249,738,,3,1190,2024-04-26 09:50:00,2024-04-26 12:38:00,2024-04-26 12:19:00,Completed,110915
1250,864,,6,,2024-04-26 10:02:00,2024-04-26 11:24:00,2024-04-26 10:53:00,Completed,127833
1251,1039,892,4,,2024-04-26 10:07:00,2024-04-29 15:59:00,2024-04-29 15:06:00,Completed,71900
1252,78,,1,,2024-04-26 10:10:00,2024-04-27 08:40:00,2024-04-26 16:03:00,Completed,141812
1253,937,,6,,2024-04-26 10:12:00,2024-04-26 13:12:00,2024-04-26 13:05:00,Completed,138156
1254,1830,870,5,,2024-04-26 10:31:00,2024-04-26 13:38:00,2024-04-26 12:47:00,Completed,83578
1255,231,877,6,,2024-04-26 10:37:00,2024-04-26 15:28:00,2024-04-26 16:44:00,Completed,149031
1256,1736,,3,,2024-04-26 12:09:00,2024-04-26 16:39:00,2024-04-26 14:30:00,Completed,96863
1257,1341,,1,,2024-04-26 14:18:00,2024-04-27 08:18:00,2024-04-26 16:11:00,Completed,165649
1258,51,906,6,,2024-04-26 15:05:00,2024-04-26 16:20:00,2024-04-26 15:52:00,Completed,196628
1259,1,801,3,,2024-04-26 15:06:00,2024-04-27 09:58:00,2024-04-27 11:08:00,Completed,171903
1260,857,883,1,,2024-04-27 08:00:00,2024-04-27 14:00:00,2024-04-27 10:50:00,Completed,50884
1261,1636,885,6,,2024-04-27 08:04:00,2024-04-27 12:41:00,2024-04-27 13:09:00,Completed,167054
1262,690,908,2,,2024-04-27 08:22:00,2024-04-27 12:52:00,2024-05-02 11:53:00,Completed,125917
1263,1373,929,4,,2024-04-27 08:51:00,2024-04-27 10:06:00,2024-04-27 09:34:00,Completed,37992
1264,1703,,5,,2024-04-27 09:48:00,2024-04-27 11:03:00,2024-04-27 10:19:00,Completed,139668
1265,946,928,6,,2024-04-27 10:00:00,2024-04-29 08:21:00,2024-04-29 08:14:00,Completed,110156
1266,358,,6,,2024-04-27 10:24:00,2024-04-29 07:40:00,2024-04-29 08:34:00,Completed,231679
1267,947,934,5,,2024-04-27 11:02:00,2024-04-27 12:17:00,2024-04-27 11:31:00,Completed,208669
1268,1195,718,6,,2024-04-27 11:30:00,2024-04-29 11:51:00,2024-04-29 11:23:00,Completed,76428
1269,1150,,1,,2024-04-27 11:32:00,2024-04-29 09:17:00,2024-04-29 08:13:00,Completed,163831
1270,235,927,5,,2024-04-29 07:31:00,2024-04-29 09:23:00,2024-04-29 08:42:00,Completed,224487
1271,371,925,5,,2024-04-29 08:00:00,2024-04-29 15:20:00,2024-04-29 16:34:00,Completed,81101
1272,397,935,3,,2024-04-29 08:07:00,2024-04-29 10:07:00,2024-04-29 09:20:00,Completed,146135
1273,1119,,3,,2024-04-29 08:14:00,2024-04-29 13:47:00,2024-04-29 11:54:00,Completed,113037
1274,788,944,6,,2024-04-29 08:21:00,2024-04-29 11:54:00,2024-04-29 12:37:00,Completed,336338
1275,404,888,6,,2024-04-29 08:35:00,2024-04-29 13:53:00,2024-04-29 13:51:00,Completed,131158
1276,2055,,2,,2024-04-29 08:39:00,2024-04-29 12:09:00,2024-04-29 09:58:00,Completed,98888
1277,739,,4,,2024-04-29 08:49:00,2024-04-29 12:49:00,2024-04-29 11:27:00,Completed,118449
1278,571,912,3,,2024-04-29 09:01:00,2024-04-29 15:47:00,2024-04-29 14:34:00,Completed,235684
1279,1570,917,2,,2024-04-29 09:38:00,2024-04-29 15:23:00,2024-04-29 12:38:00,Completed,117354
1280,591,,6,,2024-04-29 10:10:00,2024-04-29 16:40:00,2024-04-30 09:50:00,Completed,202672
1281,2017,,6,,2024-04-29 10:22:00,2024-04-29 15:58:00,2024-04-30 07:46:00,Completed,193722
1282,412,,2,,2024-04-29 10:58:00,2024-04-29 17:30:00,2024-04-29 14:57:00,Completed,91498
1283,835,872,3,,2024-04-29 11:08:00,2024-04-30 07:58:00,2024-04-29 16:26:00,Completed,128228
1284,732,897,6,,2024-04-29 13:04:00,2024-04-29 17:30:00,2024-04-30 07:58:00,Completed,197460
1285,2051,930,4,,2024-04-30 07:37:00,2024-04-30 10:52:00,2024-04-30 12:39:00,Completed,217685
1286,430,931,4,,2024-04-30 07:39:00,2024-04-30 09:54:00,2024-04-30 09:35:00,Completed,369910
1287,480,922,6,,2024-04-30 08:07:00,2024-04-30 09:22:00,2024-04-30 09:06:00,Completed,182601
1288,320,943,1,,2024-04-30 08:34:00,2024-04-30 14:19:00,2024-04-30 11:44:00,Completed,237383
1289,2034,907,5,,2024-04-30 09:09:00,2024-04-30 12:39:00,2024-04-30 14:16:00,Completed,98372
1290,777,,3,,2024-04-30 09:58:00,2024-04-30 15:05:00,2024-04-30 12:26:00,Completed,57438
1291,658,924,3,,2024-04-30 13:02:00,2024-04-30 15:32:00,2024-04-30 14:25:00,Completed,96798
1292,1319,933,3,,2024-04-30 13:32:00,2024-04-30 16:32:00,2024-04-30 15:44:00,Completed,129169
1293,723,953,3,,2024-04-30 14:08:00,2024-04-30 17:30:00,2024-04-30 17:11:00,Completed,132944
1294,1328,,4,,2024-04-30 15:39:00,2024-05-01 08:16:00,2024-04-30 17:23:00,Completed,137667
1295,2049,921,3,,2024-05-01 07:31:00,2024-05-01 09:31:00,2024-05-01 08:56:00,Completed,41386
1296,2040,910,2,,2024-05-01 07:34:00,2024-05-03 10:55:00,2024-05-03 07:37:00,Completed,10721
1297,2058,951,4,,2024-05-01 08:01:00,2024-05-01 09:08:00,2024-05-01 08:22:00,Completed,1770
1298,2056,950,4,,2024-05-01 09:04:00,2024-05-01 11:04:00,2024-05-01 10:09:00,Completed,49243
1299,2045,918,5,,2024-05-01 09:39:00,2024-05-01 11:46:00,2024-05-01 11:11:00,Completed,84278
1300,154,916,6,,2024-05-01 10:30:00,2024-05-01 14:45:00,2024-05-01 14:34:00,Completed,138870
1301,375,864,5,,2024-05-01 11:09:00,2024-05-01 15:31:00,2024-05-01 13:08:00,Completed,190927
1302,1154,915,1,,2024-05-01 11:30:00,2024-05-02 17:30:00,2024-05-02 15:27:00,Completed,87282
1303,505,882,6,,2024-05-01 11:37:00,2024-05-01 15:40:00,2024-05-01 15:57:00,Completed,185773
1304,2050,923,5,,2024-05-01 12:32:00,2024-05-01 17:30:00,2024-05-02 07:54:00,Completed,44314
1305,1381,940,3,,2024-05-01 13:02:00,2024-05-01 14:17:00,2024-05-01 13:45:00,Completed,182980
1306,2052,932,2,,2024-05-01 13:03:00,2024-05-01 14:55:00,2024-05-01 14:21:00,Completed,171167
1307,2061,955,4,,2024-05-01 15:30:00,2024-05-02 08:07:00,2024-05-01 17:09:00,Completed,68778
1308,634,971,6,,2024-05-02 08:02:00,2024-05-02 10:17:00,2024-05-02 09:20:00,Completed,132055
1309,2027,896,3,,2024-05-02 08:07:00,2024-05-02 10:59:00,2024-05-02 10:04:00,Completed,100948
1310,882,891,3,,2024-05-02 08:31:00,2024-05-02 10:40:00,2024-05-02 10:36:00,Completed,164213
1311,689,,6,,2024-05-02 08:36:00,2024-05-02 11:58:00,2024-05-02 11:54:00,Completed,78338
1312,2077,,6,,2024-05-02 08:59:00,2024-05-02 15:49:00,2024-05-02 16:15:00,Completed,106426
1313,12,963,5,1144,2024-05-02 09:32:00,2024-05-02 12:20:00,2024-05-02 10:26:00,Completed,128591
1314,2076,,3,,2024-05-02 09:34:00,2024-05-02 13:12:00,2024-05-02 11:40:00,Completed,186513
1315,2064,958,2,,2024-05-02 10:03:00,2024-05-02 14:51:00,2024-05-02 12:18:00,Completed,99680
1316,2063,954,1,,2024-05-02 10:07:00,2024-05-02 11:22:00,2024-05-02 10:39:00,Completed,131485
1317,875,,2,,2024-05-02 12:41:00,2024-05-02 15:41:00,2024-05-02 13:42:00,Completed,154432
1318,2075,,3,,2024-05-02 12:42:00,2024-05-02 17:30:00,2024-05-02 14:33:00,Completed,183316
1319,2074,970,3,,2024-05-02 13:03:00,2024-05-02 16:29:00,2024-05-02 16:07:00,Completed,65411
1320,892,945,5,,2024-05-02 14:05:00,2024-05-03 09:35:00,2024-05-03 07:33:00,Completed,156184
1321,1093,853,3,,2024-05-02 15:36:00,2024-05-04 08:07:00,2024-05-03 14:10:00,Completed,102173
1322,1973,948,6,1183,2024-05-02 15:39:00,2024-05-03 08:46:00,2024-05-03 08:42:00,Completed,6218
1323,2011,857,6,,2024-05-03 07:34:00,2024-05-03 09:49:00,2024-05-03 09:23:00,Completed,40591
1324,1852,977,6,,2024-05-03 07:36:00,2024-05-03 09:52:00,2024-05-03 10:10:00,Completed,78273
1325,630,957,6,,2024-05-03 08:35:00,2024-05-03 12:56:00,2024-05-03 12:41:00,Completed,183218
1326,1660,965,1,,2024-05-03 08:39:00,2024-05-03 11:54:00,2024-05-03 10:20:00,Completed,85209
1327,2059,947,1,,2024-05-03 09:34:00,2024-05-03 10:49:00,2024-05-03 10:17:00,Completed,14502
1328,639,902,4,,2024-05-03 10:35:00,2024-05-03 14:27:00,2024-05-03 14:56:00,Completed,133206
1329,2081,978,3,,2024-05-03 12:32:00,2024-05-03 17:30:00,2024-05-06 11:57:00,Completed,101426
1330,6,,5,,2024-05-03 13:44:00,2024-05-03 14:59:00,2024-05-03 14:26:00,Completed,235521
1331,1124,979,6,,2024-05-03 14:03:00,2024-05-03 17:30:00,2024-05-03 16:42:00,Completed,35561
1332,229,982,5,,2024-05-03 15:31:00,2024-05-03 17:30:00,2024-05-03 16:42:00,Completed,213256
1333,466,952,6,,2024-05-04 08:01:00,2024-05-04 10:31:00,2024-05-04 08:49:00,Completed,245885
1334,2033,989,4,,2024-05-04 08:32:00,2024-05-04 12:02:00,2024-05-04 11:48:00,Completed,89671
1335,2071,967,4,,2024-05-04 09:07:00,2024-05-07 10:16:00,2024-05-07 09:52:00,Completed,90624
1336,1650,973,4,,2024-05-04 09:30:00,2024-05-06 09:06:00,2024-05-04 13:55:00,Completed,104619
1337,1786,976,3,,2024-05-04 09:32:00,2024-05-04 13:09:00,2024-05-04 13:00:00,Completed,37049
1338,1374,,6,,2024-05-04 09:54:00,2024-05-04 14:00:00,2024-05-04 13:05:00,Completed,101531
1339,827,987,3,,2024-05-04 10:34:00,2024-05-04 14:00:00,2024-05-06 08:46:00,Completed,159885
1340,568,,3,,2024-05-04 11:10:00,2024-05-06 08:08:00,2024-05-04 12:49:00,Completed,143793
1341,1028,961,4,,2024-05-06 08:07:00,2024-05-06 15:14:00,2024-05-06 11:03:00,Completed,206582
1342,612,956,4,,2024-05-06 08:08:00,2024-05-06 14:14:00,2024-05-06 12:17:00,Completed,149284
1343,1508,972,6,,2024-05-06 08:29:00,2024-05-06 10:29:00,2024-05-06 09:57:00,Completed,82567
1344,2088,1000,6,,2024-05-06 08:30:00,2024-05-06 11:46:00,2024-05-06 12:51:00,Completed,94167
1345,63,946,2,,2024-05-06 08:39:00,2024-05-06 13:09:00,2024-05-06 10:39:00,Completed,248194
1346,1502,,6,,2024-05-06 09:08:00,2024-05-06 11:06:00,2024-05-06 10:59:00,Completed,40637
1347,178,962,6,,2024-05-06 09:38:00,2024-05-06 12:09:00,2024-05-06 12:11:00,Completed,137267
1348,2007,,4,,2024-05-06 09:39:00,2024-05-06 15:11:00,2024-05-07 07:44:00,Completed,198129
1349,668,,6,,2024-05-06 09:44:00,2024-05-06 14:55:00,2024-05-06 16:05:00,Completed,219620
1350,1533,986,5,,2024-05-06 10:00:00,2024-05-06 12:15:00,2024-05-06 11:35:00,Completed,70154
1351,2072,968,6,,2024-05-06 10:01:00,2024-05-06 14:03:00,2024-05-06 15:11:00,Completed,33033
1352,346,,5,,2024-05-06 10:46:00,2024-05-06 15:22:00,2024-05-06 14:25:00,Completed,171130
1353,1267,,6,,2024-05-06 11:18:00,2024-05-06 16:06:00,2024-05-06 17:09:00,Completed,75847
1354,645,975,5,,2024-05-06 14:04:00,2024-05-06 16:20:00,2024-05-06 15:38:00,Completed,114247
1355,151,999,6,,2024-05-06 14:05:00,2024-05-06 17:30:00,2024-05-07 07:40:00,Completed,211489
1356,2092,1004,4,,2024-05-06 14:34:00,2024-05-07 10:04:00,2024-05-07 07:57:00,Completed,237890
1357,2082,983,6,,2024-05-07 07:31:00,2024-05-07 10:31:00,2024-05-07 10:15:00,Completed,106870
1358,2019,880,5,,2024-05-07 08:04:00,2024-05-07 10:34:00,2024-05-07 09:37:00,Completed,47659
1359,318,995,6,,2024-05-07 08:09:00,2024-05-07 10:33:00,2024-05-07 10:42:00,Completed,219153
1360,907,969,6,,2024-05-07 08:34:00,2024-05-07 12:46:00,2024-05-07 13:27:00,Completed,75540
1361,1320,981,4,,2024-05-07 08:35:00,2024-05-07 11:05:00,2024-05-07 09:17:00,Completed,90452
1362,2073,964,4,,2024-05-07 09:31:00,2024-05-07 12:31:00,2024-05-07 10:22:00,Completed,69193
1363,2065,959,6,,2024-05-07 10:36:00,2024-05-07 14:04:00,2024-05-07 15:01:00,Completed,101829
1364,951,,5,,2024-05-07 12:35:00,2024-05-07 17:30:00,2024-05-07 14:23:00,Completed,144771
1365,1191,960,4,,2024-05-07 13:38:00,2024-05-07 16:38:00,2024-05-07 14:28:00,Completed,158991
1366,376,984,4,,2024-05-07 15:06:00,2024-05-08 07:36:00,2024-05-07 15:33:00,Completed,91397
1367,2114,1017,3,,2024-05-08 07:35:00,2024-05-08 11:50:00,2024-05-10 13:20:00,Completed,168512
1368,688,938,5,,2024-05-08 08:01:00,2024-05-08 10:01:00,2024-05-08 09:19:00,Completed,75401
1369,493,1016,6,,2024-05-08 08:04:00,2024-05-08 11:56:00,2024-05-08 10:18:00,Completed,111695
1370,2093,1009,4,,2024-05-08 09:35:00,2024-05-08 14:05:00,2024-05-08 11:48:00,Completed,161875
1371,2110,,3,,2024-05-08 09:54:00,2024-05-08 11:54:00,2024-05-08 11:15:00,Completed,62407
1372,2111,,3,,2024-05-08 10:34:00,2024-05-08 13:19:00,2024-05-08 12:28:00,Completed,62966
1373,2086,991,2,,2024-05-08 11:00:00,2024-05-08 13:00:00,2024-05-08 11:57:00,Completed,195020
1374,2112,,4,,2024-05-08 11:09:00,2024-05-08 16:04:00,2024-05-08 13:56:00,Completed,142369
1375,57,,5,,2024-05-08 11:18:00,2024-05-08 12:40:00,2024-05-08 11:47:00,Completed,195466
1376,815,,6,,2024-05-08 11:35:00,2024-05-08 14:50:00,2024-05-08 15:39:00,Completed,111232
1377,2108,,6,,2024-05-08 12:04:00,2024-05-08 14:17:00,2024-05-08 14:04:00,Completed,24459
1378,2095,1002,1,,2024-05-08 12:35:00,2024-05-08 13:50:00,2024-05-08 13:08:00,Completed,116191
1379,534,,6,,2024-05-08 13:28:00,2024-05-08 16:05:00,2024-05-08 15:46:00,Completed,178556
1380,2100,1014,2,,2024-05-08 13:36:00,2024-05-10 13:34:00,2024-05-10 10:49:00,Completed,108069
1381,2096,1007,5,,2024-05-08 14:02:00,2024-05-09 07:32:00,2024-05-08 15:32:00,Completed,29953
1382,2113,,4,,2024-05-08 14:59:00,2024-05-09 10:06:00,2024-05-09 07:32:00,Completed,169815
1383,2131,1028,3,,2024-05-09 07:30:00,2024-05-09 10:00:00,2024-05-09 08:09:00,Completed,182850
1384,2035,905,4,,2024-05-09 07:39:00,2024-05-09 10:54:00,2024-05-09 08:37:00,Completed,123683
1385,545,992,5,,2024-05-09 08:09:00,2024-05-09 09:16:00,2024-05-09 08:45:00,Completed,128903
1386,2133,,6,,2024-05-09 08:26:00,2024-05-09 09:48:00,2024-05-09 09:08:00,Completed,13376
1387,892,,5,1320,2024-05-09 09:00:00,2024-05-09 11:48:00,2024-05-09 09:51:00,Completed,156450
1388,1,1005,3,1259,2024-05-09 09:09:00,2024-05-09 11:50:00,2024-05-09 11:55:00,Completed,172499
1389,2130,,4,,2024-05-09 10:20:00,2024-05-09 11:35:00,2024-05-09 10:58:00,Completed,193931
1390,2129,,6,,2024-05-09 10:32:00,2024-05-09 15:02:00,2024-05-09 13:27:00,Completed,66924
1391,2125,,5,,2024-05-09 10:32:00,2024-05-09 12:32:00,2024-05-09 11:48:00,Completed,73352
1392,2126,1031,1,,2024-05-09 10:34:00,2024-05-09 11:49:00,2024-05-09 11:01:00,Completed,79679
1393,2116,1024,6,,2024-05-09 10:37:00,2024-05-09 16:37:00,2024-05-10 09:30:00,Completed,80078
1394,2132,,4,,2024-05-09 11:12:00,2024-05-09 12:27:00,2024-05-09 11:50:00,Completed,140928
1395,1963,996,2,,2024-05-09 11:30:00,2024-05-09 16:37:00,2024-05-10 07:37:00,Completed,116162
1396,2089,997,3,,2024-05-09 12:06:00,2024-05-09 13:21:00,2024-05-09 12:37:00,Completed,36965
1397,2102,1011,6,,2024-05-09 12:31:00,2024-05-09 15:43:00,2024-05-09 16:19:00,Completed,53149
1398,2124,,4,,2024-05-09 12:38:00,2024-05-09 17:30:00,2024-05-10 08:20:00,Completed,75767
1399,2128,,6,,2024-05-09 12:58:00,2024-05-09 16:05:00,2024-05-09 16:58:00,Completed,87732
1400,2115,1027,1,,2024-05-09 13:34:00,2024-05-14 15:06:00,2024-05-15 15:14:00,Completed,96466
1401,2127,,5,,2024-05-09 13:38:00,2024-05-09 16:30:00,2024-05-09 15:30:00,Completed,32722
1402,2090,998,5,,2024-05-10 08:00:00,2024-05-10 11:30:00,2024-05-10 09:31:00,Completed,144352
1403,2117,1021,4,,2024-05-10 09:01:00,2024-05-10 12:16:00,2024-05-10 10:11:00,Completed,190360
1404,2084,980,6,,2024-05-10 09:05:00,2024-05-10 11:35:00,2024-05-10 13:09:00,Completed,67955
1405,2143,,5,,2024-05-10 09:41:00,2024-05-10 13:56:00,2024-05-10 16:06:00,Completed,20584
1406,346,,5,1352,2024-05-10 09:52:00,2024-05-10 15:13:00,2024-05-10 14:12:00,Completed,171229
1407,2141,,6,,2024-05-10 09:53:00,2024-05-10 11:23:00,2024-05-10 10:51:00,Completed,12896
1408,2145,,5,,2024-05-10 10:16:00,2024-05-11 08:03:00,2024-05-10 17:03:00,Completed,94330
1409,547,,6,1240,2024-05-10 10:33:00,2024-05-10 13:41:00,2024-05-10 11:47:00,Completed,213614
1410,289,1035,4,,2024-05-10 11:00:00,2024-05-10 12:15:00,2024-05-10 11:43:00,Completed,102459
1411,214,1001,1,,2024-05-10 11:01:00,2024-05-10 17:30:00,2024-05-10 13:56:00,Completed,112865
1412,2118,1025,3,,2024-05-10 11:32:00,2024-05-10 14:47:00,2024-05-10 12:38:00,Completed,27910
1413,2146,,6,,2024-05-10 13:44:00,2024-05-10 17:30:00,2024-05-11 08:48:00,Completed,252841
1414,2144,,1,,2024-05-10 13:49:00,2024-05-11 14:00:00,2024-05-11 11:26:00,Completed,83894
1415,2142,,4,,2024-05-10 14:44:00,2024-05-11 10:21:00,2024-05-10 17:21:00,Completed,125018
1416,1768,988,6,,2024-05-11 08:01:00,2024-05-11 10:01:00,2024-05-11 09:34:00,Completed,87515
1417,1388,1043,5,,2024-05-11 08:06:00,2024-05-11 09:21:00,2024-05-11 08:33:00,Completed,121394
1418,748,937,3,,2024-05-11 08:38:00,2024-05-11 12:53:00,2024-05-11 10:52:00,Completed,205664
1419,70,1045,6,,2024-05-11 09:00:00,2024-05-11 10:39:00,2024-05-11 10:29:00,Completed,266998
1420,306,1015,6,,2024-05-11 09:07:00,2024-05-11 14:00:00,2024-05-11 13:04:00,Completed,149192
1421,2134,1034,5,,2024-05-11 09:32:00,2024-05-11 10:47:00,2024-05-11 10:15:00,Completed,49195
1422,771,1041,4,,2024-05-11 10:08:00,2024-05-13 12:34:00,2024-05-14 13:06:00,Completed,126881
1423,1746,,4,,2024-05-11 10:51:00,2024-05-11 14:00:00,2024-05-11 13:01:00,Completed,51224
1424,59,,2,,2024-05-11 11:26:00,2024-05-13 08:11:00,2024-05-13 08:46:00,Completed,172557
1425,2034,,5,1289,2024-05-11 11:37:00,2024-05-13 07:52:00,2024-05-13 08:56:00,Completed,98646
1426,1126,833,4,,2024-05-13 07:37:00,2024-05-15 08:12:00,2024-05-15 09:13:00,Completed,133259
1427,450,,3,,2024-05-13 08:04:00,2024-05-13 10:04:00,2024-05-13 09:17:00,Completed,89245
1428,1897,1047,5,,2024-05-13 08:06:00,2024-05-13 11:28:00,2024-05-13 09:34:00,Completed,79368
1429,1879,1033,3,,2024-05-13 08:33:00,2024-05-13 10:08:00,2024-05-13 09:42:00,Completed,86678
1430,630,,6,1325,2024-05-13 08:33:00,2024-05-13 11:18:00,2024-05-13 10:56:00,Completed,183555
1431,568,,3,1340,2024-05-13 08:51:00,2024-05-13 11:58:00,2024-05-13 10:16:00,Completed,144110
1432,1715,1050,5,,2024-05-13 09:08:00,2024-05-13 10:40:00,2024-05-13 10:04:00,Completed,232959
1433,864,920,1,,2024-05-13 09:09:00,2024-05-13 15:31:00,2024-05-13 12:00:00,Completed,128559
1434,157,,4,,2024-05-13 09:11:00,2024-05-13 11:11:00,2024-05-13 10:35:00,Completed,240635
1435,1522,,3,,2024-05-13 09:20:00,2024-05-13 14:08:00,2024-05-13 15:09:00,Completed,159636
1436,2162,,2,,2024-05-13 09:21:00,2024-05-13 13:36:00,2024-05-13 10:49:00,Completed,111195
1437,1042,,5,,2024-05-13 09:26:00,2024-05-13 11:46:00,2024-05-13 11:13:00,Completed,165985
1438,2151,1053,1,,2024-05-13 09:33:00,2024-05-13 12:35:00,2024-05-13 12:41:00,Completed,103185
1439,2161,,5,,2024-05-13 09:52:00,2024-05-13 11:44:00,2024-05-13 11:34:00,Completed,51591
1440,1105,1056,6,,2024-05-13 10:00:00,2024-05-13 13:15:00,2024-05-13 11:45:00,Completed,54685
1441,156,1062,2,,2024-05-13 10:03:00,2024-05-13 12:56:00,2024-05-13 12:25:00,Completed,127459
1442,498,,5,,2024-05-13 10:13:00,2024-05-13 12:10:00,2024-05-13 11:57:00,Completed,70916
1443,1324,1066,4,1213,2024-05-13 10:18:00,2024-05-13 13:33:00,2024-05-13 11:22:00,Completed,167036
1444,867,1055,1,,2024-05-13 10:33:00,2024-05-14 09:52:00,2024-05-14 09:00:00,Completed,113768
1445,694,856,5,,2024-05-13 10:39:00,2024-05-13 13:16:00,2024-05-13 12:48:00,Completed,96161
1446,1330,,4,,2024-05-13 11:17:00,2024-05-13 13:47:00,2024-05-13 12:50:00,Completed,35587
1447,1218,,6,,2024-05-13 11:27:00,2024-05-13 14:38:00,2024-05-13 13:57:00,Completed,113480
1448,563,,6,,2024-05-13 11:48:00,2024-05-13 16:26:00,2024-05-14 08:36:00,Completed,75382
1449,2159,1067,3,,2024-05-13 12:07:00,2024-05-13 15:59:00,2024-05-13 13:59:00,Completed,196306
1450,2158,,3,,2024-05-13 13:53:00,2024-05-14 14:44:00,2024-05-14 12:53:00,Completed,29973
1451,2147,1048,6,,2024-05-14 07:33:00,2024-05-14 09:03:00,2024-05-14 08:31:00,Completed,38007
1452,1847,1013,6,,2024-05-14 08:03:00,2024-05-14 09:51:00,2024-05-14 09:14:00,Completed,289966
1453,91,1036,5,,2024-05-14 08:37:00,2024-05-14 12:37:00,2024-05-14 10:32:00,Completed,93933
1454,1216,1054,6,,2024-05-14 09:00:00,2024-05-14 12:35:00,2024-05-14 11:39:00,Completed,102635
1455,2166,,5,,2024-05-14 09:26:00,2024-05-14 12:22:00,2024-05-14 11:33:00,Completed,140709
1456,2053,1068,5,,2024-05-14 09:35:00,2024-05-14 11:27:00,2024-05-14 11:06:00,Completed,101746
1457,2167,,6,,2024-05-14 10:38:00,2024-05-14 12:27:00,2024-05-14 12:20:00,Completed,263199
1458,2107,1012,4,,2024-05-14 11:06:00,2024-05-14 15:06:00,2024-05-14 12:41:00,Completed,144249
1459,2091,994,4,,2024-05-14 11:35:00,2024-05-14 14:09:00,2024-05-14 13:44:00,Completed,92745
1460,1926,,2,,2024-05-14 12:08:00,2024-05-14 15:38:00,2024-05-14 16:31:00,Completed,29955
1461,2163,1072,6,,2024-05-14 12:38:00,2024-05-14 15:15:00,2024-05-14 14:51:00,Completed,46391
1462,1142,1022,4,,2024-05-14 12:38:00,2024-05-14 16:41:00,2024-05-14 15:48:00,Completed,126740
1463,2085,985,5,,2024-05-14 14:00:00,2024-05-14 15:30:00,2024-05-14 14:45:00,Completed,159460
1464,1007,1059,1,,2024-05-14 14:03:00,2024-05-15 16:35:00,2024-05-15 14:02:00,Completed,72420
1465,2004,1071,2,1236,2024-05-14 14:19:00,2024-05-14 16:26:00,2024-05-14 14:39:00,Completed,159499
1466,2168,1081,5,,2024-05-15 08:04:00,2024-05-15 12:49:00,2024-05-15 11:52:00,Completed,94581
1467,2174,1083,3,,2024-05-15 08:07:00,2024-05-15 12:52:00,2024-05-15 10:36:00,Completed,280097
1468,747,1070,6,,2024-05-15 09:05:00,2024-05-15 10:20:00,2024-05-15 09:38:00,Completed,95773
1469,106,,1,,2024-05-15 09:15:00,2024-05-15 16:15:00,2024-05-15 15:58:00,Completed,156193
1470,1252,,6,,2024-05-15 09:38:00,2024-05-15 11:53:00,2024-05-15 11:25:00,Completed,85573
1471,2175,,4,,2024-05-15 09:48:00,2024-05-15 13:48:00,2024-05-15 12:21:00,Completed,133872
1472,1919,,3,,2024-05-15 11:40:00,2024-05-15 13:40:00,2024-05-15 13:12:00,Completed,4526
1473,268,,5,,2024-05-15 12:24:00,2024-05-15 17:30:00,2024-05-15 16:20:00,Completed,264464
1474,1128,1087,2,,2024-05-16 07:32:00,2024-05-16 11:47:00,2024-05-16 08:57:00,Completed,141282
1475,2179,1088,5,,2024-05-16 08:08:00,2024-05-16 09:23:00,2024-05-16 08:32:00,Completed,157690
1476,2177,,1,,2024-05-16 08:36:00,2024-05-16 14:58:00,2024-05-16 11:35:00,Completed,23857
1477,2006,851,3,,2024-05-16 09:05:00,2024-05-16 10:20:00,2024-05-16 09:30:00,Completed,264740
1478,2180,,1,,2024-05-16 10:05:00,2024-05-20 11:47:00,2024-05-22 15:15:00,Completed,126221
1479,2182,,6,,2024-05-16 10:28:00,2024-05-16 13:28:00,2024-05-16 14:05:00,Completed,116928
1480,2078,974,5,,2024-05-16 10:31:00,2024-05-16 11:46:00,2024-05-16 11:11:00,Completed,73917
1481,2183,,4,,2024-05-16 11:58:00,2024-05-16 15:13:00,2024-05-16 13:45:00,Completed,28699
1482,3,,6,,2024-05-16 12:17:00,2024-05-16 14:47:00,2024-05-16 13:09:00,Completed,188510
1483,1012,,6,,2024-05-16 12:34:00,2024-05-16 16:11:00,2024-05-16 14:17:00,Completed,175785
1484,2181,1091,6,,2024-05-16 13:32:00,2024-05-16 15:49:00,2024-05-16 15:31:00,Completed,78463
1485,2149,1052,5,,2024-05-16 13:34:00,2024-05-16 15:34:00,2024-05-16 14:51:00,Completed,74566
1486,1160,1040,3,,2024-05-16 14:04:00,2024-05-20 10:48:00,2024-05-20 08:10:00,Completed,165259
1487,772,1084,6,,2024-05-16 14:31:00,2024-05-16 16:22:00,2024-05-16 16:08:00,Completed,139723
1488,2169,1079,4,,2024-05-16 14:31:00,2024-05-16 15:38:00,2024-05-16 15:04:00,Completed,63617
1489,1479,1076,2,,2024-05-17 08:31:00,2024-05-17 10:31:00,2024-05-17 09:41:00,Completed,209077
1490,2187,,2,,2024-05-17 09:08:00,2024-05-17 17:30:00,2024-05-17 15:09:00,Completed,70308
1491,2099,,6,,2024-05-17 10:08:00,2024-05-17 13:38:00,2024-05-17 11:41:00,Completed,232422
1492,2188,,5,,2024-05-17 10:56:00,2024-05-17 15:11:00,2024-05-17 14:53:00,Completed,25461
1493,1719,,1,,2024-05-17 11:40:00,2024-05-17 14:55:00,2024-05-17 12:43:00,Completed,148142
1494,2185,,5,,2024-05-17 11:47:00,2024-05-17 17:30:00,2024-05-17 14:39:00,Completed,65068
1495,898,1003,5,,2024-05-17 12:08:00,2024-05-20 10:27:00,2024-05-20 13:31:00,Completed,108012
1496,1280,,6,,2024-05-17 13:03:00,2024-05-17 15:03:00,2024-05-17 14:28:00,Completed,39746
1497,2162,1095,2,1436,2024-05-17 13:34:00,2024-05-17 16:11:00,2024-05-17 16:50:00,Completed,111378
1498,1096,1049,6,,2024-05-18 08:31:00,2024-05-18 11:23:00,2024-05-18 11:38:00,Completed,81126
1499,2184,1089,3,,2024-05-18 09:01:00,2024-05-18 12:31:00,2024-05-18 13:59:00,Completed,140685
1500,1404,1060,3,,2024-05-18 09:30:00,2024-05-20 07:48:00,2024-05-20 13:21:00,Completed,87115
1501,2153,1063,5,,2024-05-18 10:07:00,2024-05-23 13:36:00,2024-05-25 13:02:00,Completed,160083
1502,28,1093,2,,2024-05-18 10:34:00,2024-05-18 11:49:00,2024-05-18 11:17:00,Completed,218760
1503,277,1057,3,,2024-05-18 10:35:00,2024-05-18 14:00:00,2024-05-18 13:19:00,Completed,138599
1504,1067,1065,2,,2024-05-18 11:30:00,2024-05-20 10:45:00,2024-05-20 08:43:00,Completed,36430
1505,732,1102,6,,2024-05-20 07:36:00,2024-05-20 08:51:00,2024-05-20 08:06:00,Completed,198361
1506,514,1115,5,,2024-05-20 07:39:00,2024-05-20 10:31:00,2024-05-20 09:39:00,Completed,166649
1507,1550,1092,2,,2024-05-20 08:03:00,2024-05-20 09:34:00,2024-05-20 09:13:00,Completed,138320
1508,697,,4,,2024-05-20 09:18:00,2024-05-20 12:33:00,2024-05-20 10:28:00,Completed,149209
1509,1694,941,3,,2024-05-20 09:36:00,2024-05-20 14:43:00,2024-05-20 13:05:00,Completed,81822
1510,543,1101,5,,2024-05-20 10:01:00,2024-05-20 11:16:00,2024-05-20 10:42:00,Completed,119822
1511,2197,1113,6,,2024-05-20 10:09:00,2024-05-20 13:24:00,2024-05-20 11:47:00,Completed,138332
1512,2172,1080,4,,2024-05-20 10:34:00,2024-05-20 14:26:00,2024-05-20 12:39:00,Completed,73150
1513,183,,4,,2024-05-20 10:50:00,2024-05-20 12:40:00,2024-05-20 12:31:00,Completed,121014
1514,1020,1078,6,,2024-05-20 11:07:00,2024-05-20 13:32:00,2024-05-20 13:14:00,Completed,95815
1515,2199,,6,,2024-05-20 12:55:00,2024-05-20 14:10:00,2024-05-20 13:28:00,Completed,137053
1516,2154,1064,5,,2024-05-20 13:08:00,2024-05-20 15:38:00,2024-05-20 13:44:00,Completed,29479
1517,2192,1103,3,,2024-05-20 13:32:00,2024-05-20 15:32:00,2024-05-20 14:44:00,Completed,209637
1518,1635,1111,6,,2024-05-20 14:02:00,2024-05-20 17:30:00,2024-05-21 07:51:00,Completed,27203
1519,1347,,1,,2024-05-20 14:09:00,2024-05-21 07:42:00,2024-05-20 15:30:00,Completed,242321
1520,1233,1098,1,,2024-05-20 14:36:00,2024-05-21 07:31:00,2024-05-20 15:57:00,Completed,97235
1521,1322,1046,6,,2024-05-21 08:00:00,2024-05-21 09:15:00,2024-05-21 08:47:00,Completed,117774
1522,961,1116,3,,2024-05-21 08:04:00,2024-05-21 09:45:00,2024-05-21 08:58:00,Completed,95622
1523,2198,1110,3,,2024-05-21 08:31:00,2024-05-21 10:08:00,2024-05-21 09:38:00,Completed,142639
1524,2201,1122,6,,2024-05-21 10:09:00,2024-05-21 13:09:00,2024-05-21 11:11:00,Completed,83480
1525,2209,,5,,2024-05-21 11:08:00,2024-05-21 15:38:00,2024-05-21 13:36:00,Completed,205615
1526,2211,,3,,2024-05-21 11:10:00,2024-05-22 12:40:00,2024-05-22 12:41:00,Completed,44612
1527,2097,,6,,2024-05-21 13:03:00,2024-05-22 07:33:00,2024-05-21 17:25:00,Completed,132880
1528,2140,1030,2,,2024-05-21 13:35:00,2024-05-21 17:30:00,2024-05-21 15:50:00,Completed,109577
1529,1190,1029,3,,2024-05-21 14:35:00,2024-05-22 08:05:00,2024-05-21 15:52:00,Completed,109267
1530,2155,1058,6,,2024-05-22 07:38:00,2024-05-22 11:23:00,2024-05-22 10:32:00,Completed,43143
1531,707,1126,6,,2024-05-22 08:03:00,2024-05-22 13:34:00,2024-05-22 15:04:00,Completed,99960
1532,1921,1097,3,,2024-05-22 08:05:00,2024-05-22 09:57:00,2024-05-22 09:09:00,Completed,42660
1533,1207,1129,6,,2024-05-22 08:38:00,2024-05-22 12:47:00,2024-05-22 13:32:00,Completed,118293
1534,1731,1114,2,,2024-05-22 09:03:00,2024-05-22 10:18:00,2024-05-22 09:30:00,Completed,250088
1535,2185,,5,1494,2024-05-22 09:24:00,2024-05-22 12:27:00,2024-05-22 10:36:00,Completed,65271
1536,2203,1121,4,,2024-05-22 09:31:00,2024-05-22 12:01:00,2024-05-22 11:16:00,Completed,60757
1537,638,,6,,2024-05-22 09:33:00,2024-05-22 15:06:00,2024-05-22 15:33:00,Completed,108458
1538,2204,1124,2,,2024-05-22 10:04:00,2024-05-22 11:56:00,2024-05-22 10:57:00,Completed,55742
1539,556,1118,4,,2024-05-22 10:07:00,2024-05-22 14:31:00,2024-05-22 14:25:00,Completed,203149
1540,2121,1018,3,,2024-05-22 11:09:00,2024-05-22 16:39:00,2024-05-22 14:23:00,Completed,49023
1541,2205,1123,5,,2024-05-22 11:30:00,2024-05-22 12:45:00,2024-05-22 12:06:00,Completed,104829
1542,2212,,2,,2024-05-22 14:37:00,2024-05-22 16:22:00,2024-05-22 15:36:00,Completed,62268
1543,837,,3,,2024-05-22 14:38:00,2024-05-23 09:08:00,2024-05-23 09:05:00,Completed,222383
1544,2220,1143,4,,2024-05-23 07:39:00,2024-05-23 11:01:00,2024-05-23 10:29:00,Completed,128670
1545,2189,1100,6,,2024-05-23 08:00:00,2024-05-23 10:00:00,2024-05-23 09:43:00,Completed,62639
1546,2216,1145,4,,2024-05-23 08:34:00,2024-05-23 11:29:00,2024-05-23 11:27:00,Completed,75617
1547,1147,,6,,2024-05-23 09:40:00,2024-05-23 11:10:00,2024-05-23 10:28:00,Completed,95764
1548,1344,,5,,2024-05-23 09:42:00,2024-05-23 11:04:00,2024-05-23 10:19:00,Completed,57340
1549,2222,,5,,2024-05-23 09:49:00,2024-05-23 14:32:00,2024-05-23 12:01:00,Completed,89212
1550,240,,5,,2024-05-23 10:44:00,2024-05-23 17:30:00,2024-05-23 17:29:00,Completed,196179
1551,398,1134,4,,2024-05-23 11:39:00,2024-05-23 12:46:00,2024-05-23 12:12:00,Completed,143752
1552,2217,1147,4,,2024-05-23 12:36:00,2024-05-24 07:51:00,2024-05-23 15:59:00,Completed,185254
1553,171,1130,1,,2024-05-23 13:31:00,2024-05-23 15:16:00,2024-05-23 14:29:00,Completed,79784
1554,84,1037,4,,2024-05-23 13:32:00,2024-05-24 08:00:00,2024-05-23 16:27:00,Completed,111390
1555,2215,,5,,2024-05-23 14:03:00,2024-05-24 09:48:00,2024-05-24 13:00:00,Completed,67469
1556,2219,,6,,2024-05-23 14:08:00,2024-05-23 15:23:00,2024-05-23 14:54:00,Completed,207633
1557,1177,1112,6,,2024-05-24 08:02:00,2024-05-24 12:39:00,2024-05-24 13:48:00,Completed,170325
1558,2073,1137,4,1362,2024-05-24 08:34:00,2024-05-24 11:07:00,2024-05-24 09:47:00,Completed,69622
1559,1211,,4,,2024-05-24 08:50:00,2024-05-24 10:56:00,2024-05-24 10:11:00,Completed,147331
1560,1910,1125,6,,2024-05-24 10:31:00,2024-05-24 14:38:00,2024-05-24 15:54:00,Completed,46571
1561,789,1138,4,,2024-05-24 11:34:00,2024-05-24 15:04:00,2024-05-24 13:12:00,Completed,88029
1562,1696,1135,6,,2024-05-24 11:39:00,2024-05-24 14:36:00,2024-05-24 14:25:00,Completed,78012
1563,379,,5,,2024-05-24 13:21:00,2024-05-25 08:06:00,2024-05-24 15:29:00,Completed,105974
1564,441,1117,6,,2024-05-25 08:31:00,2024-05-29 12:02:00,2024-05-29 10:08:00,Completed,289061
1565,1389,1154,5,,2024-05-25 09:05:00,2024-05-25 12:20:00,2024-05-25 10:38:00,Completed,170844
1566,565,1159,1,,2024-05-25 09:09:00,2024-05-28 07:46:00,2024-05-25 11:37:00,Completed,122809
1567,2227,,4,,2024-05-25 10:00:00,2024-05-28 07:45:00,2024-05-25 13:31:00,Completed,67717
1568,1113,1107,1,,2024-05-25 10:04:00,2024-05-28 11:46:00,2024-05-28 09:43:00,Completed,200454
1569,1074,1146,2,,2024-05-25 10:08:00,2024-05-28 08:30:00,2024-05-25 12:30:00,Completed,171019
1570,1142,,4,1462,2024-05-25 10:26:00,2024-05-25 14:00:00,2024-05-25 12:35:00,Completed,127066
1571,1304,1158,4,,2024-05-25 10:28:00,2024-05-29 11:35:00,2024-05-29 08:08:00,Completed,113654
1572,645,1131,4,,2024-05-25 11:32:00,2024-05-28 08:01:00,2024-05-25 13:35:00,Completed,115587
1573,2226,1161,2,,2024-05-25 12:03:00,2024-05-29 14:27:00,2024-05-29 13:17:00,Completed,51596
1574,1512,1174,5,,2024-05-28 08:03:00,2024-05-28 09:18:00,2024-05-28 08:43:00,Completed,105083
1575,1172,1142,3,,2024-05-28 08:05:00,2024-05-28 11:27:00,2024-05-28 10:28:00,Completed,132087
1576,2166,1177,5,1455,2024-05-28 08:28:00,2024-05-28 10:42:00,2024-05-28 08:47:00,Completed,141098
1577,390,1188,1,,2024-05-28 08:36:00,2024-05-28 13:49:00,2024-05-28 13:56:00,Completed,224603
1578,1962,,6,,2024-05-28 08:40:00,2024-05-30 12:34:00,2024-05-31 14:19:00,Completed,32372
1579,196,1153,6,,2024-05-28 09:01:00,2024-05-28 11:56:00,2024-05-28 12:22:00,Completed,163218
1580,811,,2,,2024-05-28 09:11:00,2024-05-28 12:41:00,2024-05-28 10:51:00,Completed,256758
1581,77,1186,4,,2024-05-28 09:33:00,2024-05-29 11:10:00,2024-05-29 09:03:00,Completed,268137
1582,2246,,5,,2024-05-28 10:04:00,2024-05-28 12:26:00,2024-05-28 11:58:00,Completed,205787
1583,1370,1149,5,,2024-05-28 10:33:00,2024-05-28 12:52:00,2024-05-28 12:34:00,Completed,38734
1584,146,1168,4,,2024-05-28 11:00:00,2024-05-30 12:34:00,2024-05-30 11:17:00,Completed,223721
1585,307,1120,6,,2024-05-28 11:03:00,2024-05-28 14:16:00,2024-05-28 13:36:00,Completed,230076
1586,2119,,3,,2024-05-28 11:24:00,2024-05-28 17:30:00,2024-05-28 15:07:00,Completed,77392
1587,917,1075,2,,2024-05-28 11:36:00,2024-05-28 15:28:00,2024-05-28 17:18:00,Completed,147231
1588,322,1150,6,,2024-05-28 12:01:00,2024-05-28 15:54:00,2024-05-28 14:27:00,Completed,261833
1589,641,1178,6,,2024-05-28 12:07:00,2024-05-28 15:26:00,2024-05-28 15:51:00,Completed,79384
1590,2143,1187,5,1405,2024-05-28 12:22:00,2024-05-28 16:05:00,2024-05-28 17:28:00,Completed,21062
1591,2087,990,6,,2024-05-28 14:31:00,2024-05-28 17:30:00,2024-05-28 17:21:00,Completed,248750
1592,1812,,6,,2024-05-28 14:35:00,2024-05-29 09:30:00,2024-05-29 12:02:00,Completed,158151
1593,344,1173,6,,2024-05-28 15:04:00,2024-05-29 12:10:00,2024-05-29 13:07:00,Completed,98092
1594,2168,1185,5,1466,2024-05-28 15:33:00,2024-05-29 08:55:00,2024-05-29 09:58:00,Completed,95106
1595,513,1167,4,,2024-05-28 15:35:00,2024-05-29 16:34:00,2024-05-29 13:31:00,Completed,179950
1596,1826,1181,1,,2024-05-29 08:07:00,2024-05-29 09:22:00,2024-05-29 08:39:00,Completed,30878
1597,2251,1198,4,,2024-05-29 08:30:00,2024-05-29 09:52:00,2024-05-29 08:54:00,Completed,132386
1598,261,1155,1,,2024-05-29 09:00:00,2024-05-29 10:15:00,2024-05-29 09:26:00,Completed,94289
1599,833,1136,3,,2024-05-29 09:08:00,2024-05-29 13:38:00,2024-05-30 12:39:00,Completed,213730
1600,1092,1127,5,,2024-05-29 09:30:00,2024-05-29 10:45:00,2024-05-29 10:09:00,Completed,116693
1601,1087,966,2,,2024-05-29 10:06:00,2024-05-29 14:51:00,2024-05-29 12:03:00,Completed,87916
1602,1708,1169,6,,2024-05-29 10:08:00,2024-05-29 13:11:00,2024-05-29 12:54:00,Completed,106433
1603,1137,1200,3,,2024-05-29 10:17:00,2024-05-31 12:51:00,2024-05-31 12:53:00,Completed,51773
1604,1994,1152,1,,2024-05-29 11:01:00,2024-05-29 17:30:00,2024-05-29 14:09:00,Completed,161063
1605,1925,1172,3,,2024-05-29 11:01:00,2024-05-29 14:44:00,2024-05-29 15:04:00,Completed,54668
1606,1234,1094,5,,2024-05-29 11:33:00,2024-05-30 09:53:00,2024-05-30 08:04:00,Completed,234790
1607,449,1109,3,,2024-05-29 11:35:00,2024-05-30 07:48:00,2024-05-29 16:35:00,Completed,160795
1608,2250,,6,,2024-05-29 14:05:00,2024-05-30 11:34:00,2024-06-03 14:20:00,Completed,190205
1609,667,1211,6,,2024-05-30 07:35:00,2024-05-30 10:05:00,2024-05-30 09:14:00,Completed,51686
1610,2156,1061,4,,2024-05-30 07:36:00,2024-05-30 10:51:00,2024-05-30 10:32:00,Completed,32320
1611,2232,1160,1,,2024-05-30 08:01:00,2024-05-30 12:16:00,2024-05-30 09:57:00,Completed,166673
1612,1235,1192,4,,2024-05-30 08:09:00,2024-05-30 12:24:00,2024-05-30 10:35:00,Completed,156509
1613,917,1209,2,1587,2024-05-30 08:15:00,2024-05-30 11:00:00,2024-05-30 09:10:00,Completed,147293
1614,2213,1132,4,,2024-05-30 08:30:00,2024-05-30 15:40:00,2024-05-30 15:31:00,Completed,83993
1615,2272,,6,,2024-05-30 08:32:00,2024-05-30 10:06:00,2024-05-30 10:03:00,Completed,95480
1616,2146,1175,3,,2024-05-30 08:35:00,2024-05-30 14:42:00,2024-05-30 15:14:00,Completed,253290
1617,2273,,3,,2024-05-30 09:25:00,2024-05-30 16:36:00,2024-05-30 17:20:00,Completed,42873
1618,594,1210,2,,2024-05-30 09:39:00,2024-05-30 10:54:00,2024-05-30 10:25:00,Completed,160997
1619,2064,,6,,2024-05-30 10:06:00,2024-05-30 13:21:00,2024-05-30 12:47:00,Completed,100713
1620,2100,1042,3,,2024-05-30 10:07:00,2024-05-30 14:24:00,2024-05-30 15:41:00,Completed,108982
1621,1055,,5,,2024-05-30 10:22:00,2024-05-30 12:22:00,2024-05-30 11:22:00,Completed,90651
1622,1174,1179,2,,2024-05-31 08:07:00,2024-05-31 17:30:00,2024-05-31 14:19:00,Completed,71083
1623,1607,993,3,,2024-05-31 08:07:00,2024-05-31 14:37:00,2024-05-31 11:26:00,Completed,82033
1624,2242,1182,5,,2024-05-31 08:32:00,2024-05-31 12:17:00,2024-05-31 10:36:00,Completed,112039
1625,2253,1197,6,,2024-05-31 08:38:00,2024-05-31 09:53:00,2024-05-31 09:03:00,Completed,159992
1626,699,1194,6,,2024-05-31 08:43:00,2024-05-31 12:26:00,2024-05-31 12:10:00,Completed,251634
1627,2239,1164,6,,2024-05-31 09:06:00,2024-05-31 11:59:00,2024-05-31 12:41:00,Completed,29946
1628,2275,1215,3,,2024-05-31 09:06:00,2024-05-31 11:42:00,2024-05-31 11:56:00,Completed,60627
1629,2278,,4,,2024-05-31 09:10:00,2024-05-31 13:47:00,2024-05-31 11:19:00,Completed,46240
1630,2282,,1,,2024-05-31 10:24:00,2024-05-31 14:39:00,2024-05-31 13:51:00,Completed,173568
1631,2258,1199,5,,2024-05-31 11:30:00,2024-05-31 15:00:00,2024-05-31 16:53:00,Completed,66532
1632,410,1217,6,,2024-05-31 12:30:00,2024-05-31 15:15:00,2024-05-31 15:10:00,Completed,191903
1633,2266,1207,6,,2024-05-31 12:31:00,2024-05-31 16:23:00,2024-05-31 16:47:00,Completed,309778
1634,2281,,3,,2024-05-31 12:41:00,2024-06-03 12:41:00,2024-06-03 11:48:00,Completed,191385
1635,1418,1170,4,,2024-05-31 14:04:00,2024-06-01 09:41:00,2024-05-31 17:01:00,Completed,83566
1636,687,1216,4,,2024-05-31 14:04:00,2024-06-03 10:17:00,2024-06-01 12:08:00,Completed,116237
1637,1438,1219,2,,2024-06-01 09:07:00,2024-06-01 10:22:00,2024-06-01 09:36:00,Completed,65196
1638,1881,,6,,2024-06-01 10:05:00,2024-06-01 13:05:00,2024-06-01 12:58:00,Completed,39902
1639,1463,,2,,2024-06-01 10:21:00,2024-06-01 14:00:00,2024-06-01 11:12:00,Completed,61800
1640,1554,1128,5,,2024-06-01 11:06:00,2024-06-01 14:00:00,2024-06-03 07:32:00,Completed,40354
1641,898,1229,1,1495,2024-06-01 11:07:00,2024-06-03 07:59:00,2024-06-03 09:45:00,Completed,108598
1642,2286,,1,,2024-06-01 11:30:00,2024-06-03 07:40:00,2024-06-01 13:16:00,Completed,5597
1643,2170,1190,1,,2024-06-01 11:39:00,2024-06-03 09:57:00,2024-06-03 11:33:00,Completed,100921
1644,1759,1227,6,,2024-06-03 08:00:00,2024-06-03 11:15:00,2024-06-03 11:08:00,Completed,62164
1645,1699,1208,5,,2024-06-03 08:39:00,2024-06-03 11:24:00,2024-06-03 10:40:00,Completed,33733
1646,2297,,6,,2024-06-03 08:50:00,2024-06-03 11:25:00,2024-06-03 11:36:00,Completed,103886
1647,2240,1162,6,,2024-06-03 09:33:00,2024-06-03 12:18:00,2024-06-03 12:21:00,Completed,131977
1648,309,1218,5,,2024-06-03 09:35:00,2024-06-03 13:49:00,2024-06-03 12:40:00,Completed,192521
1649,1501,,4,,2024-06-03 10:08:00,2024-06-03 11:15:00,2024-06-03 10:48:00,Completed,133860
1650,207,1243,4,,2024-06-03 10:33:00,2024-06-03 12:48:00,2024-06-03 11:34:00,Completed,202279
1651,2141,,3,,2024-06-03 10:46:00,2024-06-03 13:46:00,2024-06-03 11:45:00,Completed,13692
1652,2299,,3,,2024-06-03 11:10:00,2024-06-03 14:56:00,2024-06-03 12:59:00,Completed,73566
1653,319,1191,4,,2024-06-03 11:37:00,2024-06-03 15:52:00,2024-06-03 14:23:00,Completed,205359
1654,2215,,5,1555,2024-06-03 12:33:00,2024-06-03 16:03:00,2024-06-03 16:16:00,Completed,67800
1655,567,1183,3,,2024-06-03 13:04:00,2024-06-03 14:19:00,2024-06-03 13:38:00,Completed,235740
1656,2298,,3,,2024-06-03 13:05:00,2024-06-03 16:13:00,2024-06-03 14:25:00,Completed,75761
1657,577,1235,4,,2024-06-03 15:01:00,2024-06-04 11:08:00,2024-06-04 11:24:00,Completed,134700
1658,2195,1106,1,,2024-06-04 07:32:00,2024-06-06 13:30:00,2024-06-06 10:27:00,Completed,123848
1659,2313,1251,5,,2024-06-04 07:37:00,2024-06-04 08:52:00,2024-06-04 08:08:00,Completed,115995
1660,2248,1196,6,,2024-06-04 08:07:00,2024-06-04 10:37:00,2024-06-04 11:37:00,Completed,89145
1661,909,,6,,2024-06-04 08:16:00,2024-06-04 09:36:00,2024-06-04 09:05:00,Completed,111951
1662,2307,,6,,2024-06-04 08:47:00,2024-06-05 10:00:00,2024-06-05 09:52:00,Completed,99123
1663,1805,1252,3,,2024-06-04 09:05:00,2024-06-04 11:05:00,2024-06-04 10:17:00,Completed,115277
1664,2305,,6,,2024-06-04 09:33:00,2024-06-04 12:03:00,2024-06-04 10:18:00,Completed,86040
1665,2317,,6,,2024-06-04 09:58:00,2024-06-04 12:17:00,2024-06-04 11:38:00,Completed,134395
1666,1266,1239,4,,2024-06-04 10:00:00,2024-06-04 13:30:00,2024-06-04 13:57:00,Completed,130041
1667,2198,1255,3,,2024-06-04 11:32:00,2024-06-04 14:47:00,2024-06-04 12:27:00,Completed,143007
1668,2309,,6,,2024-06-04 11:42:00,2024-06-04 12:57:00,2024-06-04 12:24:00,Completed,72974
1669,2312,,6,,2024-06-04 12:28:00,2024-06-04 14:58:00,2024-06-04 12:56:00,Completed,103899
1670,2311,,5,,2024-06-04 12:32:00,2024-06-04 14:09:00,2024-06-04 13:18:00,Completed,226739
1671,2288,1230,3,,2024-06-04 12:33:00,2024-06-04 15:25:00,2024-06-04 15:01:00,Completed,68112
1672,2315,,4,,2024-06-04 12:55:00,2024-06-04 15:17:00,2024-06-04 14:19:00,Completed,79016
1673,2295,1236,6,,2024-06-04 13:01:00,2024-06-04 17:30:00,2024-06-04 15:42:00,Completed,131128
1674,2223,1156,4,,2024-06-04 14:02:00,2024-06-04 15:23:00,2024-06-04 14:37:00,Completed,79155
1675,1556,1096,4,,2024-06-04 14:04:00,2024-06-05 09:14:00,2024-06-04 16:23:00,Completed,128394
1676,2292,1240,6,,2024-06-04 15:08:00,2024-06-05 07:55:00,2024-06-05 07:58:00,Completed,197808
1677,2227,1244,4,1567,2024-06-05 08:08:00,2024-06-05 11:04:00,2024-06-05 10:24:00,Completed,68077
1678,787,1214,4,,2024-06-05 09:04:00,2024-06-05 11:34:00,2024-06-05 10:53:00,Completed,150608
1679,2123,1026,6,,2024-06-05 09:08:00,2024-06-05 11:38:00,2024-06-05 09:51:00,Completed,48195
1680,27,1242,3,,2024-06-05 09:21:00,2024-06-05 10:36:00,2024-06-05 10:01:00,Completed,161518
1681,2066,,6,,2024-06-05 09:34:00,2024-06-05 12:34:00,2024-06-05 11:05:00,Completed,85162
1682,2289,1234,4,,2024-06-05 10:00:00,2024-06-05 14:33:00,2024-06-05 12:21:00,Completed,128255
1683,2322,,1,,2024-06-05 10:08:00,2024-06-05 11:23:00,2024-06-05 10:49:00,Completed,17014
1684,229,1228,4,,2024-06-05 10:36:00,2024-06-05 12:40:00,2024-06-05 12:40:00,Completed,214374
1685,1569,,1,,2024-06-05 11:34:00,2024-06-07 17:30:00,2024-06-07 14:18:00,Completed,114812
1686,2323,,6,,2024-06-05 11:45:00,2024-06-05 13:52:00,2024-06-05 13:21:00,Completed,75542
1687,1322,,5,,2024-06-05 12:24:00,2024-06-05 17:30:00,2024-06-05 15:03:00,Completed,118193
1688,206,1225,4,,2024-06-05 12:34:00,2024-06-06 08:34:00,2024-06-05 16:19:00,Completed,212635
1689,1665,1263,6,,2024-06-05 13:33:00,2024-06-06 07:55:00,2024-06-05 15:54:00,Completed,31278
1690,2318,1258,2,,2024-06-05 13:34:00,2024-06-06 09:19:00,2024-06-05 15:58:00,Completed,24403
1691,1311,1241,5,,2024-06-05 14:03:00,2024-06-05 17:30:00,2024-06-05 16:43:00,Completed,95948
1692,1975,1226,5,,2024-06-06 07:33:00,2024-06-06 12:03:00,2024-06-06 10:47:00,Completed,26686
1693,2249,1193,6,,2024-06-06 07:38:00,2024-06-06 10:53:00,2024-06-06 09:29:00,Completed,42712
1694,2336,,3,,2024-06-06 08:07:00,2024-06-06 09:52:00,2024-06-06 09:13:00,Completed,60119
1695,2327,1266,4,,2024-06-06 08:09:00,2024-06-06 12:09:00,2024-06-06 09:36:00,Completed,37570
1696,2337,,6,,2024-06-06 08:30:00,2024-06-06 10:11:00,2024-06-06 09:41:00,Completed,45718
1697,2334,1270,2,,2024-06-06 08:36:00,2024-06-06 12:51:00,2024-06-06 11:56:00,Completed,87913
1698,2341,,2,,2024-06-06 08:55:00,2024-06-06 12:52:00,2024-06-06 12:00:00,Completed,95910
1699,1164,1254,6,,2024-06-06 09:06:00,2024-06-06 12:55:00,2024-06-06 11:26:00,Completed,44788
1700,2340,,3,,2024-06-06 09:22:00,2024-06-06 11:59:00,2024-06-06 11:22:00,Completed,53882
1701,449,,3,1607,2024-06-06 09:35:00,2024-06-06 13:05:00,2024-06-06 15:44:00,Completed,161022
1702,2343,,5,,2024-06-06 09:59:00,2024-06-07 07:36:00,2024-06-06 15:19:00,Completed,46048
1703,2344,,4,,2024-06-06 10:04:00,2024-06-06 11:19:00,2024-06-06 10:33:00,Completed,21146
1704,2276,1213,5,,2024-06-06 10:09:00,2024-06-06 15:15:00,2024-06-06 16:36:00,Completed,109022
1705,2335,,4,,2024-06-06 10:31:00,2024-06-06 13:01:00,2024-06-06 10:57:00,Completed,121459
1706,2346,1269,6,,2024-06-06 10:33:00,2024-06-06 14:12:00,2024-06-06 12:48:00,Completed,141804
1707,2241,1171,4,,2024-06-06 10:39:00,2024-06-06 13:16:00,2024-06-06 11:34:00,Completed,175512
1708,2339,,4,,2024-06-06 12:42:00,2024-06-06 16:42:00,2024-06-06 14:14:00,Completed,52740
1709,2345,,3,,2024-06-06 12:55:00,2024-06-06 16:10:00,2024-06-06 13:57:00,Completed,232541
1710,370,,6,,2024-06-06 14:35:00,2024-06-06 15:42:00,2024-06-06 15:03:00,Completed,112363
1711,2283,1221,3,,2024-06-06 15:00:00,2024-06-10 08:40:00,2024-06-08 12:30:00,Completed,74240
1712,2319,1259,4,,2024-06-06 15:03:00,2024-06-07 08:18:00,2024-06-06 16:25:00,Completed,209437
1713,379,1273,5,1563,2024-06-07 07:32:00,2024-06-07 10:17:00,2024-06-07 08:15:00,Completed,106467
1714,1705,1220,4,,2024-06-07 08:03:00,2024-06-07 11:55:00,2024-06-07 11:01:00,Completed,147381
1715,2245,1184,5,,2024-06-07 08:07:00,2024-06-07 17:30:00,2024-06-07 13:49:00,Completed,118580
1716,2347,1275,3,,2024-06-07 08:24:00,2024-06-07 11:24:00,2024-06-07 10:13:00,Completed,113536
1717,2164,1069,4,,2024-06-07 08:32:00,2024-06-07 14:21:00,2024-06-07 12:11:00,Completed,104002
1718,2355,,6,,2024-06-07 08:47:00,2024-06-07 11:47:00,2024-06-07 11:23:00,Completed,34510
1719,206,1262,4,1688,2024-06-07 09:01:00,2024-06-12 12:11:00,2024-06-13 13:02:00,Completed,212730
1720,2224,1157,4,,2024-06-07 10:08:00,2024-06-07 15:04:00,2024-06-07 13:52:00,Completed,182415
1721,1122,1247,6,,2024-06-07 10:33:00,2024-06-07 13:31:00,2024-06-11 11:45:00,Completed,227041
1722,2357,,6,,2024-06-07 10:53:00,2024-06-07 14:31:00,2024-06-11 11:52:00,Completed,160035
1723,416,1260,6,,2024-06-07 11:00:00,2024-06-07 16:09:00,2024-06-07 16:05:00,Completed,220528
1724,2354,,1,,2024-06-07 11:53:00,2024-06-07 16:23:00,2024-06-07 14:12:00,Completed,69941
1725,172,1261,4,,2024-06-07 13:01:00,2024-06-07 14:49:00,2024-06-07 14:32:00,Completed,232278
1726,7,1195,1,,2024-06-08 08:04:00,2024-06-08 09:41:00,2024-06-08 08:44:00,Completed,175521
1727,634,1276,3,,2024-06-08 08:08:00,2024-06-08 11:53:00,2024-06-08 09:28:00,Completed,133004
1728,1881,1282,4,,2024-06-08 09:01:00,2024-06-08 14:00:00,2024-06-08 11:23:00,Completed,40286
1729,536,1287,4,,2024-06-08 10:01:00,2024-06-10 09:29:00,2024-06-10 09:48:00,Completed,134797
1730,2242,,3,1624,2024-06-08 10:18:00,2024-06-08 12:51:00,2024-06-10 07:47:00,Completed,112263
1731,1185,1289,6,,2024-06-08 12:04:00,2024-06-10 09:34:00,2024-06-10 08:08:00,Completed,156792
1732,326,1223,2,,2024-06-08 12:09:00,2024-06-10 17:30:00,2024-06-10 13:30:00,Completed,167996
1733,2365,,5,,2024-06-08 12:16:00,2024-06-08 14:00:00,2024-06-08 12:51:00,Completed,112527
1734,1961,1288,6,,2024-06-10 08:31:00,2024-06-10 15:31:00,2024-06-10 17:05:00,Completed,75527
1735,2165,1073,5,,2024-06-10 08:34:00,2024-06-10 12:11:00,2024-06-10 10:54:00,Completed,46389
1736,2268,1203,3,,2024-06-10 09:07:00,2024-06-10 11:22:00,2024-06-10 10:28:00,Completed,94562
1737,805,1248,6,,2024-06-10 09:38:00,2024-06-11 08:20:00,2024-06-11 10:14:00,Completed,53890
1738,2152,,5,,2024-06-10 09:46:00,2024-06-10 13:23:00,2024-06-10 11:51:00,Completed,157706
1739,2371,,5,,2024-06-10 09:55:00,2024-06-12 13:03:00,2024-06-12 10:46:00,Completed,121753
1740,2358,1280,5,,2024-06-10 10:07:00,2024-06-10 13:10:00,2024-06-10 13:11:00,Completed,19467
1741,1635,1299,6,1518,2024-06-10 10:08:00,2024-06-10 16:36:00,2024-06-11 09:25:00,Completed,27744
1742,56,,5,,2024-06-10 11:03:00,2024-06-10 15:21:00,2024-06-10 14:02:00,Completed,174106
1743,1207,1293,3,,2024-06-10 12:02:00,2024-06-10 17:30:00,2024-06-10 14:31:00,Completed,119006
1744,288,1253,6,,2024-06-10 13:01:00,2024-06-11 09:52:00,2024-06-11 10:31:00,Completed,156826
1745,2370,,3,,2024-06-10 14:18:00,2024-06-10 16:21:00,2024-06-10 15:24:00,Completed,51667
1746,1722,,3,,2024-06-10 15:14:00,2024-06-11 11:38:00,2024-06-11 09:40:00,Completed,32015
1747,2320,1257,6,,2024-06-11 07:35:00,2024-06-11 12:50:00,2024-06-11 12:23:00,Completed,59594
1748,2331,1267,5,,2024-06-11 07:38:00,2024-06-11 12:53:00,2024-06-11 11:49:00,Completed,3764
1749,2214,1141,4,,2024-06-11 08:07:00,2024-06-11 11:40:00,2024-06-11 10:13:00,Completed,140679
1750,2388,1309,6,,2024-06-11 08:38:00,2024-06-11 13:09:00,2024-06-11 12:51:00,Completed,65020
1751,2225,1151,1,,2024-06-11 09:37:00,2024-06-11 13:52:00,2024-06-14 12:32:00,Completed,142133
1752,2386,,1,,2024-06-11 09:50:00,2024-06-11 16:07:00,2024-06-11 15:29:00,Completed,35151
1753,2206,1119,2,,2024-06-11 10:03:00,2024-06-13 12:51:00,2024-06-14 12:13:00,Completed,46337
1754,2220,,3,,2024-06-11 10:44:00,2024-06-11 15:14:00,2024-06-13 12:13:00,Completed,129125
1755,2390,,5,,2024-06-11 10:58:00,2024-06-11 12:13:00,2024-06-11 11:31:00,Completed,234952
1756,2230,,6,,2024-06-11 11:07:00,2024-06-11 13:16:00,2024-06-11 13:29:00,Completed,30504
1757,2391,,3,,2024-06-11 11:08:00,2024-06-11 15:29:00,2024-06-11 15:00:00,Completed,37768
1758,2389,,3,,2024-06-11 11:25:00,2024-06-11 16:38:00,2024-06-11 17:26:00,Completed,124335
1759,2368,1295,6,,2024-06-11 12:30:00,2024-06-11 16:22:00,2024-06-11 14:57:00,Completed,85416
1760,413,1250,6,,2024-06-11 13:00:00,2024-06-11 15:50:00,2024-06-11 15:51:00,Completed,174459
1761,583,1313,5,,2024-06-11 13:36:00,2024-06-11 16:06:00,2024-06-11 14:05:00,Completed,113034
1762,1199,1265,5,,2024-06-11 15:03:00,2024-06-12 09:18:00,2024-06-13 12:19:00,Completed,76201
1763,2373,1298,5,,2024-06-12 07:36:00,2024-06-12 08:51:00,2024-06-12 08:13:00,Completed,132275
1764,1721,1105,6,,2024-06-12 09:09:00,2024-06-12 11:24:00,2024-06-12 11:16:00,Completed,136417
1765,2392,1315,6,,2024-06-12 09:31:00,2024-06-12 13:29:00,2024-06-12 12:30:00,Completed,160129
1766,734,1308,4,,2024-06-12 09:37:00,2024-06-12 13:22:00,2024-06-12 11:12:00,Completed,149735
1767,2400,,4,,2024-06-12 09:45:00,2024-06-12 14:17:00,2024-06-12 12:30:00,Completed,59524
1768,1403,1304,3,,2024-06-12 10:08:00,2024-06-13 15:09:00,2024-06-13 12:32:00,Completed,19173
1769,2396,,5,,2024-06-12 10:35:00,2024-06-12 16:05:00,2024-06-12 14:40:00,Completed,76780
1770,2072,,4,,2024-06-12 11:34:00,2024-06-12 14:57:00,2024-06-12 13:13:00,Completed,34491
1771,2361,1279,1,,2024-06-12 12:07:00,2024-06-13 17:30:00,2024-06-13 15:40:00,Completed,59561
1772,1510,1316,5,,2024-06-12 12:09:00,2024-06-12 17:30:00,2024-06-13 08:24:00,Completed,115378
1773,2394,,3,,2024-06-12 13:20:00,2024-06-12 16:27:00,2024-06-12 15:33:00,Completed,31302
1774,2397,,4,,2024-06-12 14:19:00,2024-06-12 16:34:00,2024-06-12 15:52:00,Completed,209812
1775,2399,,4,,2024-06-12 14:27:00,2024-06-13 17:30:00,2024-06-13 14:30:00,Completed,762
1776,2393,1312,2,,2024-06-13 08:04:00,2024-06-13 13:19:00,2024-06-13 10:34:00,Completed,99033
1777,2350,1274,2,,2024-06-13 08:07:00,2024-06-13 17:30:00,2024-06-13 13:53:00,Completed,44242
1778,1503,1327,5,,2024-06-13 08:25:00,2024-06-13 14:25:00,2024-06-13 16:51:00,Completed,87028
1779,761,1303,3,,2024-06-13 08:36:00,2024-06-13 12:43:00,2024-06-13 13:39:00,Completed,145820
1780,1009,,6,,2024-06-13 08:58:00,2024-06-13 11:43:00,2024-06-13 09:53:00,Completed,59818
1781,2404,,3,,2024-06-13 09:44:00,2024-06-13 13:44:00,2024-06-13 13:31:00,Completed,146469
1782,712,1314,4,,2024-06-13 10:05:00,2024-06-13 14:35:00,2024-06-13 12:01:00,Completed,232121
1783,1755,1271,4,,2024-06-13 12:08:00,2024-06-13 14:08:00,2024-06-13 13:20:00,Completed,81919
1784,188,1077,5,,2024-06-13 12:33:00,2024-06-14 07:55:00,2024-06-13 16:34:00,Completed,148118
1785,2406,,6,,2024-06-13 14:25:00,2024-06-13 17:30:00,2024-06-13 17:29:00,Completed,80325
1786,1908,1286,4,,2024-06-13 15:32:00,2024-06-13 17:30:00,2024-06-13 16:05:00,Completed,60215
1787,345,1294,6,,2024-06-13 15:35:00,2024-06-14 08:05:00,2024-06-13 16:10:00,Completed,191778
1788,2242,1311,2,,2024-06-14 07:36:00,2024-06-14 10:06:00,2024-06-21 12:28:00,Completed,112477
1789,2363,1284,6,,2024-06-14 08:07:00,2024-06-14 10:37:00,2024-06-14 08:51:00,Completed,199313
1790,544,1325,6,,2024-06-14 08:39:00,2024-06-14 09:54:00,2024-06-14 09:17:00,Completed,182651
1791,2417,,6,,2024-06-14 08:51:00,2024-06-14 10:16:00,2024-06-14 09:42:00,Completed,93445
1792,2301,1245,6,,2024-06-14 09:00:00,2024-06-14 12:36:00,2024-06-14 11:16:00,Completed,202627
1793,2416,,3,,2024-06-14 09:04:00,2024-06-14 11:49:00,2024-06-14 10:03:00,Completed,90455
1794,357,,3,,2024-06-14 09:45:00,2024-06-15 08:10:00,2024-06-14 16:48:00,Completed,136033
1795,502,,4,,2024-06-14 10:25:00,2024-06-14 11:40:00,2024-06-14 11:02:00,Completed,182047
1796,663,,2,,2024-06-14 10:26:00,2024-06-14 12:26:00,2024-06-14 11:17:00,Completed,111218
1797,1844,1326,1,,2024-06-14 11:09:00,2024-06-14 14:24:00,2024-06-14 13:27:00,Completed,74634
1798,1462,,4,,2024-06-14 13:00:00,2024-06-14 16:15:00,2024-06-14 14:09:00,Completed,78412
1799,2407,1328,6,,2024-06-14 13:35:00,2024-06-14 16:12:00,2024-06-19 12:35:00,Completed,95135
1800,2291,1232,4,,2024-06-14 15:05:00,2024-06-15 08:50:00,2024-06-14 16:14:00,Completed,96552
1801,2419,1337,6,,2024-06-14 15:33:00,2024-06-15 08:18:00,2024-06-14 17:11:00,Completed,56872
1802,643,1322,2,,2024-06-15 08:08:00,2024-06-18 14:38:00,2024-06-18 11:22:00,Completed,193352
1803,1857,,6,,2024-06-15 09:46:00,2024-06-15 14:00:00,2024-06-15 11:45:00,Completed,274716
1804,541,,3,,2024-06-15 10:34:00,2024-06-18 12:00:00,2024-06-18 11:03:00,Completed,137447
1805,1089,1305,6,,2024-06-15 11:33:00,2024-06-17 07:33:00,2024-06-15 13:13:00,Completed,58990
1806,2176,,1,,2024-06-15 12:52:00,2024-06-17 12:44:00,2024-06-17 12:34:00,Completed,108234
1807,2381,1300,2,,2024-06-17 08:05:00,2024-06-17 11:20:00,2024-06-24 11:11:00,Completed,64421
1808,764,1319,6,,2024-06-17 08:33:00,2024-06-17 09:48:00,2024-06-17 09:15:00,Completed,61641
1809,1486,1324,6,,2024-06-17 08:39:00,2024-06-17 10:06:00,2024-06-17 09:27:00,Completed,170414
1810,2386,,1,1752,2024-06-17 08:41:00,2024-06-17 12:01:00,2024-06-17 10:22:00,Completed,35352
1811,360,1346,4,,2024-06-17 09:36:00,2024-06-17 11:28:00,2024-06-17 10:34:00,Completed,208360
1812,207,1345,4,,2024-06-17 09:39:00,2024-06-17 15:06:00,2024-06-17 15:54:00,Completed,202879
1813,1995,,4,,2024-06-17 10:15:00,2024-06-17 14:11:00,2024-06-17 14:03:00,Completed,112616
1814,1681,,1,,2024-06-17 10:17:00,2024-06-17 13:13:00,2024-06-17 12:16:00,Completed,46999
1815,2427,,4,,2024-06-17 10:26:00,2024-06-17 14:02:00,2024-06-17 14:44:00,Completed,21343
1816,2367,1291,1,,2024-06-17 10:37:00,2024-06-17 14:54:00,2024-06-17 13:39:00,Completed,44696
1817,2385,1302,2,,2024-06-17 11:07:00,2024-06-18 09:29:00,2024-06-18 09:15:00,Completed,148688
1818,2196,,3,,2024-06-17 11:09:00,2024-06-17 12:39:00,2024-06-17 11:51:00,Completed,90860
1819,2429,,3,,2024-06-17 12:53:00,2024-06-18 10:00:00,2024-06-18 10:02:00,Completed,86162
1820,2428,1359,6,,2024-06-17 13:32:00,2024-06-17 14:47:00,2024-06-17 14:09:00,Completed,76616
1821,309,1321,6,,2024-06-17 14:06:00,2024-06-17 15:21:00,2024-06-17 15:10:00,Completed,193470
1822,1922,,3,,2024-06-17 14:35:00,2024-06-18 09:42:00,2024-06-18 10:32:00,Completed,184504
1823,2425,1355,6,,2024-06-17 15:01:00,2024-06-17 16:23:00,2024-06-17 15:59:00,Completed,130553
1824,2066,1356,6,1681,2024-06-18 07:31:00,2024-06-18 10:04:00,2024-06-18 08:06:00,Completed,85796
1825,1791,1307,5,,2024-06-18 08:06:00,2024-06-18 10:36:00,2024-06-18 11:03:00,Completed,262633
1826,747,,4,,2024-06-18 08:25:00,2024-06-18 11:40:00,2024-06-18 09:30:00,Completed,97056
1827,344,1353,3,1593,2024-06-18 08:38:00,2024-06-18 11:41:00,2024-06-18 11:51:00,Completed,98797
1828,2402,1320,5,,2024-06-18 09:06:00,2024-06-18 13:21:00,2024-06-18 13:45:00,Completed,16240
1829,1301,,4,,2024-06-18 09:46:00,2024-06-18 11:46:00,2024-06-18 11:04:00,Completed,68794
1830,1744,1366,6,,2024-06-18 10:36:00,2024-06-18 11:51:00,2024-06-18 11:19:00,Completed,87460
1831,348,1338,5,,2024-06-18 11:09:00,2024-06-18 12:33:00,2024-06-18 12:00:00,Completed,182200
1832,1176,,6,,2024-06-18 11:58:00,2024-06-18 14:28:00,2024-06-18 12:45:00,Completed,114431
1833,1945,1296,4,,2024-06-18 13:39:00,2024-06-19 09:46:00,2024-06-18 16:53:00,Completed,187580
1834,933,1370,2,,2024-06-18 14:05:00,2024-06-19 08:05:00,2024-06-19 08:28:00,Completed,63070
1835,2363,1351,6,1789,2024-06-18 14:33:00,2024-06-18 17:30:00,2024-06-18 15:05:00,Completed,199454
1836,877,1350,4,,2024-06-19 08:00:00,2024-06-19 10:45:00,2024-06-19 08:31:00,Completed,239774
1837,2010,1290,3,,2024-06-19 08:06:00,2024-06-19 10:51:00,2024-06-19 10:13:00,Completed,134258
1838,2272,1377,2,,2024-06-19 08:32:00,2024-06-19 14:32:00,2024-06-19 11:13:00,Completed,96031
1839,2434,1373,6,,2024-06-19 08:37:00,2024-06-19 11:07:00,2024-06-19 10:16:00,Completed,60977
1840,2443,,3,,2024-06-19 08:40:00,2024-06-19 14:33:00,2024-06-19 13:12:00,Completed,51150
1841,2435,1374,4,,2024-06-19 09:01:00,2024-06-19 10:23:00,2024-06-19 09:42:00,Completed,56512
1842,2179,,5,,2024-06-19 09:08:00,2024-06-20 12:42:00,2024-06-20 12:10:00,Completed,159089
1843,1215,1348,4,,2024-06-19 09:30:00,2024-06-19 13:45:00,2024-06-19 11:37:00,Completed,100853
1844,2441,,3,,2024-06-19 09:43:00,2024-06-19 14:09:00,2024-06-19 15:10:00,Completed,147214
1845,2442,,2,,2024-06-19 10:08:00,2024-06-20 08:10:00,2024-06-19 16:51:00,Completed,190908
1846,2364,1278,2,,2024-06-19 10:31:00,2024-06-19 14:55:00,2024-06-19 15:30:00,Completed,56010
1847,2303,1246,6,,2024-06-19 11:09:00,2024-06-19 13:09:00,2024-06-19 13:05:00,Completed,33520
1848,1159,,4,,2024-06-19 11:48:00,2024-06-19 13:10:00,2024-06-19 12:26:00,Completed,71934
1849,2453,1384,5,,2024-06-20 08:07:00,2024-06-20 10:37:00,2024-06-20 08:49:00,Completed,82351
1850,904,1281,5,,2024-06-20 08:34:00,2024-06-20 12:05:00,2024-06-20 13:05:00,Completed,136778
1851,2426,1354,2,,2024-06-20 08:37:00,2024-06-20 10:52:00,2024-06-20 09:44:00,Completed,158990
1852,2437,1368,2,,2024-06-20 09:03:00,2024-06-20 13:18:00,2024-06-20 11:33:00,Completed,80920
1853,2449,,3,,2024-06-20 09:23:00,2024-06-20 12:08:00,2024-06-20 10:15:00,Completed,114841
1854,2451,,5,,2024-06-20 09:30:00,2024-06-20 12:54:00,2024-06-20 11:07:00,Completed,144674
1855,481,1297,1,,2024-06-20 10:05:00,2024-06-20 14:20:00,2024-06-20 13:05:00,Completed,278118
1856,1013,1331,6,,2024-06-20 10:05:00,2024-06-20 13:20:00,2024-06-20 11:40:00,Completed,46115
1857,2452,,2,,2024-06-20 10:14:00,2024-06-20 14:02:00,2024-06-20 14:59:00,Completed,66053
1858,1508,1332,5,,2024-06-20 10:26:00,2024-06-20 13:15:00,2024-06-20 12:41:00,Completed,84864
1859,366,,6,,2024-06-20 10:27:00,2024-06-20 14:28:00,2024-06-20 13:31:00,Completed,142981
1860,1098,1371,4,,2024-06-20 10:44:00,2024-06-20 12:44:00,2024-06-20 11:59:00,Completed,276397
1861,2421,1343,3,,2024-06-20 12:04:00,2024-06-20 15:19:00,2024-06-20 14:03:00,Completed,103223
1862,2036,1363,6,,2024-06-20 13:33:00,2024-06-20 14:48:00,2024-06-20 14:12:00,Completed,84173
1863,2472,1395,6,,2024-06-21 08:05:00,2024-06-21 12:35:00,2024-06-21 10:41:00,Completed,38138
1864,2470,,5,,2024-06-21 08:57:00,2024-06-21 12:12:00,2024-06-21 10:23:00,Completed,83354
1865,1820,1383,4,,2024-06-21 09:03:00,2024-06-21 11:03:00,2024-06-21 10:29:00,Completed,171355
1866,2471,,3,,2024-06-21 09:04:00,2024-06-21 15:26:00,2024-06-27 13:31:00,Completed,82855
1867,1943,,3,,2024-06-21 09:52:00,2024-06-21 13:40:00,2024-06-21 14:23:00,Completed,77045
1868,138,1393,5,,2024-06-21 11:36:00,2024-06-21 12:51:00,2024-06-21 12:11:00,Completed,121628
1869,2469,,5,,2024-06-21 12:34:00,2024-06-21 13:49:00,2024-06-21 13:15:00,Completed,66787
1870,2296,1238,6,,2024-06-21 13:01:00,2024-06-21 15:01:00,2024-06-21 14:29:00,Completed,185874
1871,1054,1341,4,,2024-06-21 13:04:00,2024-06-21 15:19:00,2024-06-21 14:25:00,Completed,83821
1872,2467,,6,,2024-06-21 13:50:00,2024-06-21 16:37:00,2024-06-21 16:18:00,Completed,176382
1873,2064,1402,5,,2024-06-22 08:02:00,2024-06-22 10:20:00,2024-06-22 09:43:00,Completed,101454
1874,2346,1386,4,,2024-06-22 08:04:00,2024-06-22 09:19:00,2024-06-22 08:51:00,Completed,142242
1875,1765,1403,3,,2024-06-22 08:23:00,2024-06-22 10:53:00,2024-06-22 11:36:00,Completed,125055
1876,2090,1352,4,,2024-06-22 09:06:00,2024-06-24 08:43:00,2024-06-24 09:04:00,Completed,145505
1877,2438,1367,3,,2024-06-22 10:05:00,2024-06-22 11:35:00,2024-06-22 10:50:00,Completed,47817
1878,2385,,1,1817,2024-06-22 10:38:00,2024-06-24 07:45:00,2024-06-22 12:13:00,Completed,148858
1879,1925,1204,4,,2024-06-22 10:39:00,2024-06-24 09:34:00,2024-06-24 07:59:00,Completed,55435
1880,1596,1357,4,,2024-06-22 12:05:00,2024-06-24 10:41:00,2024-06-24 08:48:00,Completed,144092
1881,2312,1414,4,,2024-06-24 08:02:00,2024-06-24 12:03:00,2024-06-24 11:06:00,Completed,104493
1882,625,1382,5,,2024-06-24 08:08:00,2024-06-24 10:08:00,2024-06-24 09:36:00,Completed,197918
1883,1592,1318,6,,2024-06-24 08:37:00,2024-06-24 10:14:00,2024-06-24 09:44:00,Completed,147424
1884,2418,1362,3,,2024-06-24 09:02:00,2024-06-24 10:32:00,2024-06-24 09:45:00,Completed,114583
1885,1994,1385,6,,2024-06-24 09:07:00,2024-06-24 12:49:00,2024-06-24 12:25:00,Completed,162500
1886,271,,5,,2024-06-24 09:47:00,2024-06-24 14:02:00,2024-06-24 15:50:00,Completed,157319
1887,436,1411,6,,2024-06-24 10:07:00,2024-06-24 12:19:00,2024-06-24 12:04:00,Completed,178587
1888,2403,,4,,2024-06-24 10:42:00,2024-06-24 14:06:00,2024-06-24 12:53:00,Completed,113666
1889,2455,1387,6,,2024-06-24 11:00:00,2024-06-24 12:42:00,2024-06-24 12:34:00,Completed,104132
1890,2013,1342,2,,2024-06-24 12:31:00,2024-06-25 08:38:00,2024-06-24 16:26:00,Completed,42889
1891,1381,,6,,2024-06-24 12:32:00,2024-06-24 15:02:00,2024-06-24 13:25:00,Completed,187042
1892,596,,5,,2024-06-24 12:40:00,2024-06-24 15:25:00,2024-06-24 15:05:00,Completed,191012
1893,162,1358,1,,2024-06-24 13:02:00,2024-06-24 14:17:00,2024-06-24 13:30:00,Completed,171171
1894,702,,3,,2024-06-24 14:34:00,2024-06-25 07:49:00,2024-06-24 15:48:00,Completed,76201
1895,2291,,6,1800,2024-06-24 14:36:00,2024-06-24 17:30:00,2024-06-24 17:04:00,Completed,96857
1896,1880,1380,5,,2024-06-24 14:37:00,2024-06-24 15:55:00,2024-06-24 15:32:00,Completed,70292
1897,230,1399,4,,2024-06-25 07:32:00,2024-06-25 13:47:00,2024-06-25 14:46:00,Completed,229850
1898,416,1433,6,1723,2024-06-25 08:09:00,2024-06-25 10:54:00,2024-06-25 11:59:00,Completed,221112
1899,2465,1388,2,,2024-06-25 08:31:00,2024-06-25 15:52:00,2024-06-26 11:24:00,Completed,157776
1900,276,1378,5,,2024-06-25 08:35:00,2024-06-25 10:05:00,2024-06-25 09:23:00,Completed,215879
1901,2133,1413,3,,2024-06-25 08:46:00,2024-06-25 10:16:00,2024-06-25 09:25:00,Completed,15230
1902,1040,,5,,2024-06-25 08:51:00,2024-06-25 15:59:00,2024-06-25 13:36:00,Completed,216791
1903,2412,,4,,2024-06-25 08:58:00,2024-06-25 15:53:00,2024-06-25 14:52:00,Completed,64640
1904,183,1391,6,,2024-06-25 09:04:00,2024-06-25 10:19:00,2024-06-25 09:50:00,Completed,122086
1905,1109,,5,,2024-06-25 09:56:00,2024-06-25 14:24:00,2024-06-25 16:18:00,Completed,91911
1906,2439,1372,1,,2024-06-25 11:00:00,2024-06-25 12:30:00,2024-06-25 11:40:00,Completed,93962
1907,1967,,3,,2024-06-25 11:13:00,2024-06-25 14:43:00,2024-06-25 15:58:00,Completed,126823
1908,2352,1330,3,,2024-06-25 14:07:00,2024-06-25 17:30:00,2024-06-25 15:53:00,Completed,83740
1909,2481,1420,1,,2024-06-26 07:35:00,2024-06-26 16:20:00,2024-06-26 14:39:00,Completed,76366
1910,1749,1416,5,,2024-06-26 08:07:00,2024-06-27 16:21:00,2024-06-27 14:55:00,Completed,75803
1911,1521,1430,3,,2024-06-26 09:03:00,2024-06-26 12:10:00,2024-06-26 11:01:00,Completed,254200
1912,2473,1396,5,,2024-06-26 10:01:00,2024-06-26 15:31:00,2024-06-26 13:11:00,Completed,263859
1913,2269,1206,5,,2024-06-26 10:09:00,2024-06-26 15:16:00,2024-06-26 14:53:00,Completed,212092
1914,1775,1432,4,,2024-06-26 11:09:00,2024-06-26 13:39:00,2024-06-26 15:23:00,Completed,150005
1915,2284,1222,3,,2024-06-26 11:35:00,2024-06-26 12:50:00,2024-06-26 12:00:00,Completed,26820
1916,2077,,3,,2024-06-26 11:51:00,2024-06-28 15:35:00,2024-06-28 13:14:00,Completed,108284
1917,49,,4,,2024-06-26 12:26:00,2024-06-26 13:41:00,2024-06-26 12:56:00,Completed,243382
1918,187,1425,6,,2024-06-26 12:33:00,2024-06-26 15:03:00,2024-07-01 10:47:00,Completed,240826
1919,2491,1440,3,,2024-06-26 12:34:00,2024-06-26 13:41:00,2024-06-26 13:00:00,Completed,162525
1920,2492,,4,,2024-06-26 12:44:00,2024-06-26 14:04:00,2024-06-26 13:25:00,Completed,70961
1921,2477,1405,6,,2024-06-26 13:00:00,2024-06-26 16:15:00,2024-06-26 16:02:00,Completed,76459
1922,1877,1446,3,,2024-06-26 15:03:00,2024-06-26 16:40:00,2024-06-26 16:06:00,Completed,190112
1923,2446,1381,3,,2024-06-26 15:34:00,2024-06-26 17:30:00,2024-06-26 16:43:00,Completed,48879
1924,792,1394,6,,2024-06-27 07:32:00,2024-06-27 08:47:00,2024-06-27 08:12:00,Completed,194892
1925,2142,1406,4,,2024-06-27 07:39:00,2024-06-27 09:09:00,2024-06-27 08:21:00,Completed,126415
1926,541,1447,5,1804,2024-06-27 08:01:00,2024-07-01 12:00:00,2024-07-02 11:34:00,Completed,137786
1927,1167,1450,5,,2024-06-27 08:08:00,2024-06-27 10:42:00,2024-07-01 11:09:00,Completed,192557
1928,2482,1426,3,,2024-06-27 09:00:00,2024-07-01 12:00:00,2024-07-03 11:11:00,Completed,145378
1929,403,1444,2,,2024-06-27 09:01:00,2024-06-27 14:46:00,2024-06-27 11:21:00,Completed,133310
1930,1039,,6,,2024-06-27 09:26:00,2024-06-27 11:26:00,2024-06-27 11:14:00,Completed,74263
1931,2270,1201,4,,2024-06-27 10:05:00,2024-06-27 14:05:00,2024-06-27 11:42:00,Completed,92146
1932,2493,,1,,2024-06-27 10:46:00,2024-06-27 15:01:00,2024-06-27 12:27:00,Completed,57954
1933,1213,,6,,2024-06-27 10:52:00,2024-06-27 12:54:00,2024-06-27 12:26:00,Completed,34024
1934,455,1409,6,,2024-06-27 11:30:00,2024-06-27 13:06:00,2024-06-27 12:53:00,Completed,101382
1935,2466,1389,2,,2024-06-27 12:34:00,2024-06-28 10:11:00,2024-06-27 16:10:00,Completed,107501
1936,1166,1417,4,,2024-06-27 12:39:00,2024-06-27 14:31:00,2024-06-27 13:46:00,Completed,77164
1937,2478,1407,3,,2024-06-27 14:02:00,2024-06-27 15:24:00,2024-06-27 14:49:00,Completed,104831
1938,2286,1237,5,,2024-06-28 07:32:00,2024-06-28 08:47:00,2024-06-28 08:12:00,Completed,6727
1939,2483,1437,3,,2024-06-28 07:37:00,2024-06-28 13:07:00,2024-06-28 14:29:00,Completed,215034
1940,2495,1449,6,,2024-06-28 07:53:00,2024-06-28 10:38:00,2024-06-28 09:47:00,Completed,105106
1941,2474,1400,4,,2024-06-28 08:06:00,2024-06-28 11:21:00,2024-06-28 09:20:00,Completed,162790
1942,2503,,1,,2024-06-28 08:59:00,2024-06-28 12:14:00,2024-06-28 10:36:00,Completed,247254
1943,357,1379,1,,2024-06-28 09:07:00,2024-06-28 13:28:00,2024-06-28 11:31:00,Completed,136646
1944,2451,,6,1854,2024-06-28 09:09:00,2024-06-28 11:42:00,2024-06-28 09:51:00,Completed,144972
1945,750,1453,5,,2024-06-28 09:33:00,2024-07-01 12:34:00,2024-07-01 11:37:00,Completed,156200
1946,1053,,2,,2024-06-28 09:38:00,2024-06-28 11:30:00,2024-06-28 10:42:00,Completed,495018
1947,2494,1452,4,,2024-06-28 10:02:00,2024-06-28 14:17:00,2024-06-28 11:59:00,Completed,94676
1948,2485,1436,5,,2024-06-28 10:07:00,2024-06-28 12:04:00,2024-06-28 11:56:00,Completed,191605
1949,1206,1340,6,,2024-06-28 11:07:00,2024-06-28 14:37:00,2024-06-28 15:36:00,Completed,93240
1950,2479,1408,3,,2024-06-28 11:30:00,2024-06-28 14:45:00,2024-06-28 12:37:00,Completed,77394
1951,2504,1457,5,,2024-06-28 12:00:00,2024-06-28 14:45:00,2024-06-28 12:50:00,Completed,152450
1952,2433,1360,3,,2024-06-28 12:07:00,2024-06-29 14:00:00,2024-07-01 07:47:00,Completed,217920
1953,2271,1202,6,,2024-06-28 13:35:00,2024-06-28 17:30:00,2024-06-29 09:22:00,Completed,128709
1954,2305,1451,3,,2024-06-29 08:07:00,2024-06-29 12:07:00,2024-06-29 11:02:00,Completed,86832
1955,2068,1442,3,,2024-06-29 08:09:00,2024-06-29 12:13:00,2024-06-29 11:21:00,Completed,173728
1956,133,1465,4,,2024-06-29 08:37:00,2024-06-29 09:52:00,2024-06-29 09:18:00,Completed,142205
1957,1471,1461,4,,2024-06-29 08:39:00,2024-06-29 12:03:00,2024-06-29 10:02:00,Completed,63235
1958,2365,1419,1,,2024-06-29 09:00:00,2024-06-29 10:15:00,2024-06-29 09:44:00,Completed,113107
1959,194,,4,,2024-06-29 09:05:00,2024-07-01 07:33:00,2024-06-29 12:01:00,Completed,221157
1960,861,1427,6,,2024-06-29 09:31:00,2024-06-29 14:00:00,2024-06-29 13:15:00,Completed,158214
1961,1258,,3,,2024-06-29 09:38:00,2024-07-01 08:29:00,2024-06-29 13:16:00,Completed,205787
1962,1071,1445,6,,2024-06-29 09:38:00,2024-06-29 12:49:00,2024-06-29 13:37:00,Completed,270444
1963,1951,1464,2,,2024-06-29 09:50:00,2024-06-29 13:05:00,2024-07-01 08:16:00,Completed,175785
1964,2163,,6,,2024-06-29 09:56:00,2024-07-01 08:01:00,2024-07-01 08:50:00,Completed,47433
1965,394,1317,3,,2024-07-01 07:32:00,2024-07-01 10:09:00,2024-07-01 11:50:00,Completed,163900
1966,1516,1473,1,,2024-07-01 07:36:00,2024-07-01 12:36:00,2024-07-01 09:39:00,Completed,94446
1967,1373,1438,1,,2024-07-01 08:00:00,2024-07-01 13:12:00,2024-07-01 12:34:00,Completed,39731
1968,1570,1422,6,,2024-07-01 08:03:00,2024-07-01 11:03:00,2024-07-01 08:58:00,Completed,120934
1969,69,1458,1,,2024-07-01 08:28:00,2024-07-01 15:23:00,2024-07-01 14:51:00,Completed,184479
1970,1298,1470,5,,2024-07-01 08:30:00,2024-07-01 12:45:00,2024-07-01 10:37:00,Completed,104922
1971,1705,1455,6,,2024-07-01 08:39:00,2024-07-01 14:01:00,2024-07-06 13:19:00,Completed,148409
1972,167,1474,5,,2024-07-01 08:39:00,2024-07-01 12:08:00,2024-07-01 10:50:00,Completed,204352
1973,1533,1480,3,,2024-07-01 08:59:00,2024-07-01 14:29:00,2024-07-03 13:38:00,Completed,72939
1974,1710,1486,1,,2024-07-01 09:02:00,2024-07-01 14:56:00,2024-07-01 14:36:00,Completed,70562
1975,1138,1469,3,,2024-07-01 09:06:00,2024-07-01 13:18:00,2024-07-01 15:52:00,Completed,188410
1976,562,,6,,2024-07-01 09:20:00,2024-07-01 14:06:00,2024-07-01 15:46:00,Completed,169837
1977,1320,1249,6,,2024-07-01 09:33:00,2024-07-01 14:54:00,2024-07-01 14:26:00,Completed,91977
1978,1948,1435,3,,2024-07-01 09:35:00,2024-07-01 12:45:00,2024-07-01 13:13:00,Completed,65417
1979,1669,1375,5,,2024-07-01 10:04:00,2024-07-01 12:04:00,2024-07-01 11:46:00,Completed,60346
1980,2406,1459,6,1785,2024-07-01 10:06:00,2024-07-01 14:54:00,2024-07-02 08:38:00,Completed,80765
1981,1692,1421,2,,2024-07-01 10:35:00,2024-07-02 15:05:00,2024-07-02 12:15:00,Completed,149137
1982,1991,1334,4,,2024-07-01 10:38:00,2024-07-01 16:08:00,2024-07-05 13:08:00,Completed,87208
1983,224,1485,3,,2024-07-01 10:58:00,2024-07-01 15:29:00,2024-07-01 17:13:00,Completed,263083
1984,1504,1466,4,,2024-07-01 12:06:00,2024-07-01 14:30:00,2024-07-01 13:50:00,Completed,146964
1985,2518,,6,,2024-07-01 13:08:00,2024-07-01 16:27:00,2024-07-01 16:08:00,Completed,90109
1986,1806,1364,5,,2024-07-01 13:31:00,2024-07-01 16:01:00,2024-07-05 12:38:00,Completed,125893
1987,1662,1487,5,,2024-07-01 13:33:00,2024-07-02 08:31:00,2024-07-01 16:44:00,Completed,57037
1988,1546,1448,2,,2024-07-01 14:39:00,2024-07-02 13:56:00,2024-07-02 14:43:00,Completed,207372
1989,932,1484,6,,2024-07-01 15:09:00,2024-07-02 08:02:00,2024-07-02 07:55:00,Completed,91770
1990,721,1492,1,,2024-07-02 08:30:00,2024-07-03 08:23:00,2024-07-02 15:23:00,Completed,98842
1991,2520,1494,5,,2024-07-02 08:39:00,2024-07-03 11:29:00,2024-07-03 11:10:00,Completed,73527
1992,960,,2,,2024-07-02 09:14:00,2024-07-05 13:42:00,2024-07-05 11:13:00,Completed,70087
1993,2522,,6,,2024-07-02 10:16:00,2024-07-02 11:53:00,2024-07-02 11:21:00,Completed,52609
1994,727,1415,6,,2024-07-02 10:32:00,2024-07-02 12:30:00,2024-07-02 12:14:00,Completed,145002
1995,2523,,1,,2024-07-02 12:19:00,2024-07-02 16:11:00,2024-07-02 17:16:00,Completed,168990
1996,679,1412,1,,2024-07-02 13:31:00,2024-07-03 08:42:00,2024-07-02 16:03:00,Completed,191495
1997,643,1488,5,,2024-07-02 13:38:00,2024-07-02 16:15:00,2024-07-02 15:33:00,Completed,194323
1998,1660,1468,6,,2024-07-02 14:30:00,2024-07-03 07:45:00,2024-07-02 16:22:00,Completed,88620
1999,2519,1493,5,,2024-07-02 14:39:00,2024-07-02 16:15:00,2024-07-02 15:48:00,Completed,107476
2000,724,,3,,2024-07-02 15:03:00,2024-07-03 09:03:00,2024-07-02 16:38:00,Completed,223680
2001,2530,,3,,2024-07-03 08:08:00,2024-07-03 14:30:00,2024-07-03 13:08:00,Completed,28052
2002,2529,1501,4,,2024-07-03 08:31:00,2024-07-03 10:16:00,2024-07-03 09:28:00,Completed,93194
2003,2496,1456,6,,2024-07-03 08:32:00,2024-07-03 11:32:00,2024-07-03 10:00:00,Completed,155711
2004,2531,,1,,2024-07-03 08:54:00,2024-07-03 11:24:00,2024-07-03 10:20:00,Completed,31056
2005,2536,,4,,2024-07-03 09:10:00,2024-07-03 12:47:00,2024-07-03 10:48:00,Completed,140246
2006,2475,1401,6,,2024-07-03 09:37:00,2024-07-03 12:16:00,2024-07-03 11:51:00,Completed,101846
2007,2524,1499,2,,2024-07-03 09:37:00,2024-07-03 14:07:00,2024-07-05 13:30:00,Completed,68723
2008,412,1502,2,,2024-07-03 09:54:00,2024-07-05 15:11:00,2024-07-05 14:41:00,Completed,92993
2009,1255,1500,4,,2024-07-03 10:06:00,2024-07-03 15:24:00,2024-07-03 15:33:00,Completed,87742
2010,2508,1479,1,,2024-07-03 11:02:00,2024-07-03 13:02:00,2024-07-03 11:51:00,Completed,101073
2011,2514,1472,4,,2024-07-03 11:36:00,2024-07-03 13:47:00,2024-07-03 13:49:00,Completed,48984
2012,2369,1292,6,,2024-07-03 12:07:00,2024-07-03 14:07:00,2024-07-03 13:42:00,Completed,64319
2013,2528,,1,,2024-07-03 12:38:00,2024-07-05 07:38:00,2024-07-03 15:42:00,Completed,208288
2014,2533,,4,,2024-07-03 12:39:00,2024-07-03 14:27:00,2024-07-03 14:15:00,Completed,37726
2015,2521,1489,5,,2024-07-03 13:32:00,2024-07-03 17:30:00,2024-07-03 14:43:00,Completed,129926
2016,2502,1454,5,,2024-07-03 14:01:00,2024-07-05 09:08:00,2024-07-03 16:51:00,Completed,80583
2017,2325,1481,6,,2024-07-03 15:36:00,2024-07-05 08:21:00,2024-07-05 07:41:00,Completed,83982
2018,474,1285,6,,2024-07-05 07:39:00,2024-07-05 14:27:00,2024-07-05 14:56:00,Completed,102500
2019,2540,1509,6,,2024-07-05 08:05:00,2024-07-05 12:50:00,2024-07-09 10:51:00,Completed,157296
2020,2549,,5,,2024-07-05 08:56:00,2024-07-05 10:11:00,2024-07-05 09:45:00,Completed,76338
2021,1749,,2,1910,2024-07-05 09:09:00,2024-07-05 12:16:00,2024-07-05 13:50:00,Completed,76160
2022,1298,,5,1970,2024-07-05 09:57:00,2024-07-05 12:42:00,2024-07-05 10:51:00,Completed,105078
2023,1768,1477,5,,2024-07-05 10:04:00,2024-07-05 12:51:00,2024-07-09 11:32:00,Completed,91557
2024,2095,1503,5,,2024-07-05 10:34:00,2024-07-05 15:13:00,2024-07-05 16:06:00,Completed,118409
2025,1885,1410,6,,2024-07-05 10:37:00,2024-07-05 13:50:00,2024-07-05 14:12:00,Completed,205117
2026,2539,1516,1,,2024-07-05 10:46:00,2024-07-05 12:01:00,2024-07-05 11:26:00,Completed,144640
2027,2145,1361,4,,2024-07-05 11:00:00,2024-07-05 13:30:00,2024-07-08 11:37:00,Completed,96006
2028,1558,,3,,2024-07-05 11:21:00,2024-07-05 13:21:00,2024-07-05 12:20:00,Completed,76334
2029,2392,,2,,2024-07-05 12:05:00,2024-07-05 14:35:00,2024-07-09 11:54:00,Completed,161062
2030,598,1398,6,,2024-07-05 14:01:00,2024-07-05 17:30:00,2024-07-06 09:54:00,Completed,237089
2031,2233,1476,6,,2024-07-05 14:04:00,2024-07-06 08:58:00,2024-07-06 11:31:00,Completed,39540
2032,2321,1519,4,,2024-07-05 14:37:00,2024-07-08 12:20:00,2024-07-10 12:15:00,Completed,77074
2033,1842,1283,5,,2024-07-05 15:30:00,2024-07-06 11:07:00,2024-07-06 08:39:00,Completed,246738
2034,1443,1528,5,,2024-07-06 08:30:00,2024-07-06 09:45:00,2024-07-06 09:06:00,Completed,67123
2035,2190,1523,5,,2024-07-06 09:01:00,2024-07-08 08:31:00,2024-07-08 08:00:00,Completed,134081
2036,1712,1491,6,,2024-07-06 09:04:00,2024-07-06 11:04:00,2024-07-06 10:46:00,Completed,58086
2037,1769,1522,6,,2024-07-06 09:38:00,2024-07-06 11:36:00,2024-07-06 11:15:00,Completed,98077
2038,2176,,6,,2024-07-06 10:45:00,2024-07-06 12:58:00,2024-07-06 12:56:00,Completed,108887
2039,2558,,5,,2024-07-06 11:33:00,2024-07-08 08:47:00,2024-07-08 07:49:00,Completed,57475
2040,395,1310,1,,2024-07-06 11:39:00,2024-07-08 08:39:00,2024-07-08 09:07:00,Completed,156042
2041,144,1462,4,,2024-07-08 07:37:00,2024-07-08 08:52:00,2024-07-08 08:04:00,Completed,85758
2042,882,1423,6,,2024-07-08 08:01:00,2024-07-08 11:53:00,2024-07-08 10:24:00,Completed,166660
2043,2496,,6,2003,2024-07-08 08:34:00,2024-07-08 12:03:00,2024-07-08 10:37:00,Completed,156082
2044,1664,,4,,2024-07-08 09:03:00,2024-07-08 12:33:00,2024-07-08 11:42:00,Completed,93783
2045,2480,1404,5,,2024-07-08 09:34:00,2024-07-08 12:15:00,2024-07-08 11:23:00,Completed,60766
2046,1234,1530,1,,2024-07-08 10:04:00,2024-07-08 14:56:00,2024-07-08 15:24:00,Completed,236465
2047,1932,1529,4,,2024-07-08 10:06:00,2024-07-08 15:39:00,2024-07-08 13:33:00,Completed,37390
2048,2211,1478,3,,2024-07-08 11:35:00,2024-07-08 13:05:00,2024-07-08 12:11:00,Completed,46299
2049,2013,,4,,2024-07-08 12:10:00,2024-07-08 14:13:00,2024-07-08 14:19:00,Completed,43282
2050,580,,4,,2024-07-08 12:44:00,2024-07-09 08:35:00,2024-07-09 10:28:00,Completed,71239
2051,1006,1540,4,,2024-07-08 13:01:00,2024-07-09 07:58:00,2024-07-09 07:35:00,Completed,93628
2052,2562,1538,4,,2024-07-08 13:01:00,2024-07-08 17:30:00,2024-07-09 08:17:00,Completed,85389
2053,1852,1515,5,,2024-07-08 13:30:00,2024-07-09 09:37:00,2024-07-08 16:49:00,Completed,80839
2054,430,1532,3,,2024-07-08 13:36:00,2024-07-08 14:51:00,2024-07-08 14:04:00,Completed,374962
2055,1703,1424,6,,2024-07-08 14:35:00,2024-07-08 17:30:00,2024-07-08 16:57:00,Completed,141412
2056,1821,,5,,2024-07-08 14:49:00,2024-07-08 17:30:00,2024-07-08 17:23:00,Completed,146990
2057,2541,1512,4,,2024-07-08 15:06:00,2024-07-09 11:12:00,2024-07-09 08:41:00,Completed,42687
2058,2015,1543,6,,2024-07-09 07:32:00,2024-07-09 09:24:00,2024-07-09 09:07:00,Completed,161423
2059,2537,1506,6,,2024-07-09 07:36:00,2024-07-09 10:37:00,2024-07-09 10:40:00,Completed,47501
2060,1679,1539,1,,2024-07-09 08:08:00,2024-07-09 10:49:00,2024-07-09 09:34:00,Completed,128057
2061,2572,1547,3,,2024-07-09 09:04:00,2024-07-09 10:19:00,2024-07-09 09:29:00,Completed,2719
2062,2571,,3,,2024-07-09 09:13:00,2024-07-09 11:20:00,2024-07-09 10:48:00,Completed,60897
2063,2568,,6,,2024-07-09 09:29:00,2024-07-09 12:22:00,2024-07-09 12:32:00,Completed,198776
2064,2570,,6,,2024-07-09 10:16:00,2024-07-09 14:56:00,2024-07-09 16:40:00,Completed,68892
2065,2563,1537,4,,2024-07-09 11:39:00,2024-07-09 15:09:00,2024-07-09 13:53:00,Completed,149316
2066,2068,1551,6,1955,2024-07-09 12:38:00,2024-07-09 15:23:00,2024-07-10 07:35:00,Completed,174162
2067,1897,1518,5,,2024-07-09 13:33:00,2024-07-09 16:33:00,2024-07-09 14:36:00,Completed,83283
2068,1673,1508,6,,2024-07-09 14:32:00,2024-07-09 16:24:00,2024-07-09 15:44:00,Completed,36226
2069,1858,1507,6,,2024-07-09 14:38:00,2024-07-10 07:34:00,2024-07-09 17:20:00,Completed,35804
2070,2551,1521,6,,2024-07-10 07:30:00,2024-07-10 12:00:00,2024-07-10 10:34:00,Completed,49421
2071,2559,1533,6,,2024-07-10 07:32:00,2024-07-10 10:30:00,2024-07-10 11:03:00,Completed,184255
2072,2574,,6,,2024-07-10 08:16:00,2024-07-10 13:00:00,2024-07-10 12:38:00,Completed,185755
2073,2525,1495,6,,2024-07-10 08:38:00,2024-07-10 13:55:00,2024-07-10 15:20:00,Completed,64239
2074,2560,1534,3,,2024-07-10 09:31:00,2024-07-10 11:08:00,2024-07-10 10:20:00,Completed,26772
2075,2199,,4,,2024-07-10 09:32:00,2024-07-10 13:02:00,2024-07-10 11:01:00,Completed,138957
2076,2575,,5,,2024-07-10 10:21:00,2024-07-10 15:06:00,2024-07-10 15:17:00,Completed,72658
2077,2561,1531,3,,2024-07-10 11:35:00,2024-07-10 15:05:00,2024-07-10 13:24:00,Completed,26276
2078,2424,1349,5,,2024-07-10 12:05:00,2024-07-10 13:38:00,2024-07-10 13:06:00,Completed,230990
2079,2564,1542,5,,2024-07-10 12:31:00,2024-07-10 14:42:00,2024-07-10 14:24:00,Completed,36331
2080,2268,1545,6,,2024-07-10 14:34:00,2024-07-11 08:56:00,2024-07-11 07:30:00,Completed,95750
2081,2566,1544,4,,2024-07-10 15:02:00,2024-07-11 14:30:00,2024-07-11 13:18:00,Completed,186675
2082,32,1554,2,,2024-07-11 08:02:00,2024-07-11 10:32:00,2024-07-11 09:47:00,Completed,202240
2083,2544,1517,3,,2024-07-11 09:31:00,2024-07-11 10:46:00,2024-07-11 09:56:00,Completed,33673
2084,2523,1549,1,1995,2024-07-11 09:34:00,2024-07-11 12:37:00,2024-07-11 14:33:00,Completed,169303
2085,2188,,6,,2024-07-11 09:46:00,2024-07-11 13:01:00,2024-07-11 14:32:00,Completed,27733
2086,1382,1546,6,,2024-07-11 10:35:00,2024-07-11 11:54:00,2024-07-11 11:12:00,Completed,171520
2087,2538,1505,4,,2024-07-11 10:35:00,2024-07-11 15:50:00,2024-07-11 12:47:00,Completed,91308
2088,1565,1566,3,,2024-07-11 10:45:00,2024-07-11 12:30:00,2024-07-11 11:39:00,Completed,60297
2089,2179,,2,,2024-07-11 12:17:00,2024-07-11 14:17:00,2024-07-11 13:19:00,Completed,159940
2090,1855,,6,,2024-07-11 12:21:00,2024-07-11 15:36:00,2024-07-11 13:33:00,Completed,136118
2091,1356,1556,6,,2024-07-11 12:34:00,2024-07-11 14:06:00,2024-07-11 13:47:00,Completed,97587
2092,221,1552,6,,2024-07-11 12:37:00,2024-07-11 16:42:00,2024-07-11 15:33:00,Completed,146634
2093,2553,1527,3,,2024-07-11 14:07:00,2024-07-11 16:07:00,2024-07-11 15:28:00,Completed,105333
2094,2543,1511,4,,2024-07-11 15:00:00,2024-07-12 09:30:00,2024-07-12 09:40:00,Completed,61561
2095,2552,1524,4,,2024-07-11 15:34:00,2024-07-12 10:14:00,2024-07-12 08:29:00,Completed,46554
2096,2589,,4,,2024-07-12 08:07:00,2024-07-12 09:25:00,2024-07-12 08:47:00,Completed,114320
2097,2415,1335,3,,2024-07-12 08:07:00,2024-07-12 11:37:00,2024-07-12 11:03:00,Completed,59359
2098,2573,1548,4,,2024-07-12 08:08:00,2024-07-12 11:39:00,2024-07-12 09:36:00,Completed,105385
2099,1073,1573,5,,2024-07-12 08:17:00,2024-07-12 10:47:00,2024-07-12 10:02:00,Completed,96455
2100,1732,1578,6,,2024-07-12 08:34:00,2024-07-12 09:49:00,2024-07-12 09:10:00,Completed,48791
2101,2459,1535,6,,2024-07-12 08:36:00,2024-07-12 12:19:00,2024-07-12 10:46:00,Completed,27434
2102,2588,1579,3,,2024-07-12 09:04:00,2024-07-12 10:20:00,2024-07-12 09:42:00,Completed,35871
2103,2505,1463,4,,2024-07-12 09:39:00,2024-07-12 13:09:00,2024-07-12 11:05:00,Completed,50767
2104,2587,,2,,2024-07-12 10:49:00,2024-07-12 14:11:00,2024-07-12 12:45:00,Completed,214406
2105,2592,1577,6,,2024-07-12 11:08:00,2024-07-12 15:53:00,2024-07-12 14:28:00,Completed,175825
2106,2590,,6,,2024-07-12 11:23:00,2024-07-12 17:30:00,2024-07-13 11:56:00,Completed,49153
2107,2585,,1,,2024-07-12 12:49:00,2024-07-12 15:49:00,2024-07-13 08:01:00,Completed,14138
2108,2591,,3,,2024-07-12 13:07:00,2024-07-12 15:37:00,2024-07-12 13:49:00,Completed,264633
2109,2586,,6,,2024-07-12 13:22:00,2024-07-13 11:20:00,2024-07-15 07:33:00,Completed,139295
2110,2235,1569,2,,2024-07-13 08:07:00,2024-07-13 09:52:00,2024-07-13 09:05:00,Completed,58107
2111,638,1571,6,,2024-07-13 09:04:00,2024-07-13 12:43:00,2024-07-13 11:07:00,Completed,109681
2112,2593,1585,2,,2024-07-13 10:03:00,2024-07-15 07:48:00,2024-07-13 11:34:00,Completed,33782
2113,1108,,3,,2024-07-13 10:04:00,2024-07-13 11:19:00,2024-07-13 10:32:00,Completed,173632
2114,2577,1572,3,,2024-07-13 10:04:00,2024-07-15 08:55:00,2024-07-13 13:10:00,Completed,182580
2115,1631,1595,1,,2024-07-13 10:23:00,2024-07-15 09:38:00,2024-07-13 13:23:00,Completed,145274
2116,2278,1565,6,,2024-07-13 10:36:00,2024-07-13 14:00:00,2024-07-13 13:02:00,Completed,48545
2117,1803,1558,2,,2024-07-13 11:05:00,2024-07-15 08:53:00,2024-07-15 09:53:00,Completed,35666
2118,2162,1604,6,,2024-07-15 07:39:00,2024-07-16 12:37:00,2024-07-16 11:28:00,Completed,113875
2119,2500,,5,,2024-07-15 08:17:00,2024-07-15 14:02:00,2024-07-15 14:53:00,Completed,32337
2120,552,1587,6,,2024-07-15 08:30:00,2024-07-15 12:00:00,2024-07-15 10:47:00,Completed,136153
2121,142,1514,6,,2024-07-15 08:31:00,2024-07-15 12:12:00,2024-07-15 12:26:00,Completed,179871
2122,2157,,5,,2024-07-15 08:32:00,2024-07-15 14:56:00,2024-07-15 15:53:00,Completed,74654
2123,1333,,2,,2024-07-15 08:41:00,2024-07-15 09:56:00,2024-07-15 09:19:00,Completed,38274
2124,2591,,4,2108,2024-07-15 09:08:00,2024-07-15 11:23:00,2024-07-15 10:53:00,Completed,264767
2125,474,1582,6,2018,2024-07-15 09:08:00,2024-07-15 14:52:00,2024-07-15 14:03:00,Completed,102803
2126,2600,1607,6,,2024-07-15 10:09:00,2024-07-15 13:33:00,2024-07-15 14:26:00,Completed,40716
2127,433,1504,3,,2024-07-15 11:00:00,2024-07-15 12:15:00,2024-07-15 11:33:00,Completed,138314
2128,1491,1559,6,,2024-07-15 11:02:00,2024-07-15 16:44:00,2024-07-15 17:23:00,Completed,98371
2129,2459,1590,6,2101,2024-07-15 11:33:00,2024-07-16 07:49:00,2024-07-16 08:14:00,Completed,27579
2130,2095,,4,2024,2024-07-15 12:19:00,2024-07-15 15:00:00,2024-07-15 15:13:00,Completed,118742
2131,1521,,3,,2024-07-15 14:23:00,2024-07-16 07:38:00,2024-07-16 08:16:00,Completed,255381
2132,809,1597,3,,2024-07-15 15:06:00,2024-07-16 12:03:00,2024-07-16 11:58:00,Completed,233935
2133,1146,1609,1,,2024-07-15 15:08:00,2024-07-16 07:38:00,2024-07-15 15:48:00,Completed,98604
2134,2576,1561,6,,2024-07-16 07:31:00,2024-07-16 12:13:00,2024-07-16 10:37:00,Completed,26765
2135,2042,1611,3,,2024-07-16 07:34:00,2024-07-16 10:01:00,2024-07-16 10:14:00,Completed,47838
2136,605,1598,6,,2024-07-16 08:04:00,2024-07-16 10:39:00,2024-07-16 10:59:00,Completed,109548
2137,2603,1612,2,,2024-07-16 08:08:00,2024-07-16 12:23:00,2024-07-16 10:01:00,Completed,143573
2138,480,1562,6,,2024-07-16 08:33:00,2024-07-16 11:12:00,2024-07-16 11:27:00,Completed,186013
2139,2607,,6,,2024-07-16 09:39:00,2024-07-16 13:47:00,2024-07-16 13:55:00,Completed,94862
2140,2608,,4,,2024-07-16 09:42:00,2024-07-16 10:57:00,2024-07-16 10:13:00,Completed,166434
2141,242,1536,1,,2024-07-16 10:00:00,2024-07-17 08:22:00,2024-07-16 14:25:00,Completed,130230
2142,2604,1614,3,,2024-07-16 10:06:00,2024-07-16 11:58:00,2024-07-16 11:19:00,Completed,61759
2143,1753,1608,1,,2024-07-16 10:30:00,2024-07-16 15:15:00,2024-07-16 15:36:00,Completed,148202
2144,362,,4,,2024-07-16 11:50:00,2024-07-16 16:05:00,2024-07-16 17:00:00,Completed,235641
2145,2476,1397,1,,2024-07-16 12:07:00,2024-07-17 07:37:00,2024-07-17 08:06:00,Completed,149537
2146,2578,1574,1,,2024-07-16 13:33:00,2024-07-17 10:28:00,2024-07-17 08:39:00,Completed,61536
2147,1245,1498,4,,2024-07-16 14:09:00,2024-07-17 08:39:00,2024-07-17 09:16:00,Completed,191905
2148,1673,1610,1,,2024-07-16 14:31:00,2024-07-17 10:37:00,2024-07-17 09:43:00,Completed,36562
2149,2271,1617,6,1953,2024-07-17 07:32:00,2024-07-17 10:35:00,2024-07-17 08:41:00,Completed,129256
2150,2602,1602,4,,2024-07-17 07:36:00,2024-07-17 11:51:00,2024-07-17 09:15:00,Completed,130410
2151,2609,1622,2,,2024-07-17 07:58:00,2024-07-17 10:35:00,2024-07-17 09:15:00,Completed,132137
2152,2616,,4,,2024-07-17 08:37:00,2024-07-17 13:50:00,2024-07-17 11:50:00,Completed,52608
2153,1226,1557,3,,2024-07-17 09:09:00,2024-07-17 15:39:00,2024-07-17 13:12:00,Completed,177076
2154,1464,1623,6,,2024-07-17 09:38:00,2024-07-17 10:53:00,2024-07-17 10:24:00,Completed,74617
2155,2554,1525,5,,2024-07-17 10:33:00,2024-07-17 13:14:00,2024-07-17 12:36:00,Completed,26229
2156,669,1605,6,,2024-07-17 10:36:00,2024-07-17 11:51:00,2024-07-17 11:17:00,Completed,153031
2157,1493,1369,4,,2024-07-17 11:03:00,2024-07-17 12:45:00,2024-07-17 12:19:00,Completed,82562
2158,1921,1591,6,,2024-07-17 11:05:00,2024-07-17 13:35:00,2024-07-17 11:49:00,Completed,46108
2159,2601,1601,2,,2024-07-17 11:21:00,2024-07-17 13:51:00,2024-07-17 12:35:00,Completed,138104
2160,2614,,1,,2024-07-17 12:22:00,2024-07-18 08:07:00,2024-07-17 16:01:00,Completed,110129
2161,2595,1584,2,,2024-07-17 13:09:00,2024-07-18 16:33:00,2024-07-18 13:31:00,Completed,68862
2162,581,1594,3,,2024-07-17 14:38:00,2024-07-17 16:38:00,2024-07-17 15:52:00,Completed,80345
2163,715,1563,4,,2024-07-18 08:04:00,2024-07-18 09:19:00,2024-07-18 08:46:00,Completed,102408
2164,2144,1613,4,,2024-07-18 08:07:00,2024-07-18 09:40:00,2024-07-18 09:11:00,Completed,86418
2165,2618,1632,4,,2024-07-18 08:25:00,2024-07-18 11:56:00,2024-07-18 10:18:00,Completed,188025
2166,2599,1596,5,,2024-07-18 08:31:00,2024-07-18 12:31:00,2024-07-18 11:40:00,Completed,18619
2167,2596,1592,6,,2024-07-18 09:00:00,2024-07-18 12:15:00,2024-07-18 10:11:00,Completed,72581
2168,2227,1599,1,,2024-07-18 09:08:00,2024-07-18 10:23:00,2024-07-18 09:35:00,Completed,69518
2169,1863,,6,,2024-07-18 09:09:00,2024-07-18 12:54:00,2024-07-18 11:31:00,Completed,37170
2170,291,,4,,2024-07-18 09:10:00,2024-07-18 12:53:00,2024-07-18 13:15:00,Completed,225079
2171,2626,,3,,2024-07-18 10:08:00,2024-07-18 15:15:00,2024-07-18 13:00:00,Completed,89558
2172,2621,1635,5,,2024-07-18 11:00:00,2024-07-18 15:15:00,2024-07-20 13:15:00,Completed,215063
2173,2620,,6,,2024-07-18 11:09:00,2024-07-18 14:31:00,2024-07-18 12:50:00,Completed,84697
2174,1057,,6,,2024-07-18 12:32:00,2024-07-18 13:49:00,2024-07-18 13:31:00,Completed,102486
2175,2624,1636,1,,2024-07-18 14:36:00,2024-07-19 07:51:00,2024-07-19 08:14:00,Completed,117481
2176,1700,1615,4,,2024-07-19 07:30:00,2024-07-19 11:45:00,2024-07-19 09:57:00,Completed,256001
2177,2579,1576,6,,2024-07-19 07:33:00,2024-07-19 09:33:00,2024-07-19 08:58:00,Completed,199974
2178,2619,1626,1,,2024-07-19 07:53:00,2024-07-19 12:08:00,2024-07-19 09:24:00,Completed,194449
2179,1369,1588,6,,2024-07-19 08:08:00,2024-07-19 10:26:00,2024-07-19 10:03:00,Completed,79981
2180,2627,1641,6,,2024-07-19 08:37:00,2024-07-19 12:25:00,2024-07-19 12:49:00,Completed,74749
2181,1594,,3,,2024-07-19 08:51:00,2024-07-19 10:13:00,2024-07-19 09:40:00,Completed,128193
2182,663,,3,,2024-07-19 09:30:00,2024-07-19 11:30:00,2024-07-19 10:43:00,Completed,112652
2183,2470,,4,,2024-07-19 09:58:00,2024-07-22 09:39:00,2024-07-20 13:26:00,Completed,84263
2184,351,1586,6,,2024-07-19 11:35:00,2024-07-19 13:32:00,2024-07-19 13:19:00,Completed,215610
2185,2524,1644,3,,2024-07-19 11:38:00,2024-07-19 15:53:00,2024-07-19 13:17:00,Completed,69127
2186,1705,1628,6,1971,2024-07-19 12:02:00,2024-07-19 16:36:00,2024-07-20 08:18:00,Completed,149411
2187,2630,,3,,2024-07-19 12:19:00,2024-07-19 14:43:00,2024-07-19 14:00:00,Completed,12329
2188,2605,1616,2,,2024-07-19 12:33:00,2024-07-20 09:25:00,2024-07-20 08:17:00,Completed,266514
2189,1245,,3,2147,2024-07-19 12:49:00,2024-07-19 16:06:00,2024-07-19 14:30:00,Completed,192053
2190,440,,6,,2024-07-19 13:00:00,2024-07-19 17:30:00,2024-07-20 08:08:00,Completed,100645
2191,792,1630,4,,2024-07-19 13:04:00,2024-07-19 15:34:00,2024-07-19 13:45:00,Completed,196260
2192,1933,1648,6,,2024-07-20 09:31:00,2024-07-20 12:46:00,2024-07-20 10:55:00,Completed,75284
2193,1514,1490,3,,2024-07-20 10:30:00,2024-07-20 14:00:00,2024-07-20 12:58:00,Completed,122903
2194,1571,,6,,2024-07-20 10:57:00,2024-07-20 12:19:00,2024-07-20 11:43:00,Completed,157556
2195,1853,1627,5,,2024-07-20 11:00:00,2024-07-22 08:00:00,2024-07-20 12:25:00,Completed,44799
2196,1886,1631,3,,2024-07-20 11:00:00,2024-07-20 14:00:00,2024-07-20 13:12:00,Completed,126170
2197,1035,,4,,2024-07-20 11:01:00,2024-07-22 07:46:00,2024-07-22 08:08:00,Completed,94599
2198,631,,5,,2024-07-20 11:27:00,2024-07-22 07:35:00,2024-07-20 13:33:00,Completed,94299
2199,2280,1600,2,,2024-07-20 12:08:00,2024-07-22 09:38:00,2024-07-20 13:37:00,Completed,45723
2200,2112,1629,5,,2024-07-22 08:06:00,2024-07-22 13:51:00,2024-07-22 12:14:00,Completed,144383
2201,735,1637,5,,2024-07-22 08:06:00,2024-07-22 12:36:00,2024-07-22 15:53:00,Completed,226967
2202,1289,,3,,2024-07-22 08:47:00,2024-07-22 13:32:00,2024-07-22 12:57:00,Completed,90505
2203,1744,,5,,2024-07-22 08:50:00,2024-07-22 14:51:00,2024-07-22 14:58:00,Completed,88849
2204,1304,,6,,2024-07-22 08:54:00,2024-07-22 11:09:00,2024-07-22 10:43:00,Completed,116267
2205,2233,,6,2031,2024-07-22 09:07:00,2024-07-22 12:49:00,2024-07-22 11:30:00,Completed,40722
2206,1296,1655,6,,2024-07-22 10:02:00,2024-07-22 15:00:00,2024-07-22 13:54:00,Completed,49996
2207,157,1583,6,,2024-07-22 10:06:00,2024-07-22 15:25:00,2024-07-22 16:58:00,Completed,242630
2208,1083,,3,,2024-07-22 11:47:00,2024-07-22 13:47:00,2024-07-22 12:48:00,Completed,114419
2209,133,1606,3,,2024-07-22 12:07:00,2024-07-22 16:44:00,2024-07-23 08:24:00,Completed,142936
2210,2200,1560,6,,2024-07-22 13:32:00,2024-07-23 07:30:00,2024-07-22 16:12:00,Completed,66844
2211,2250,1575,3,,2024-07-22 14:03:00,2024-07-23 09:17:00,2024-07-29 12:01:00,Completed,192432
2212,2656,,6,,2024-07-23 08:43:00,2024-07-23 10:05:00,2024-07-23 09:38:00,Completed,55780
2213,1454,,5,,2024-07-23 09:01:00,2024-07-23 12:23:00,2024-07-23 10:34:00,Completed,230997
2214,1121,1650,3,,2024-07-23 09:05:00,2024-07-23 12:42:00,2024-07-23 12:12:00,Completed,99306
2215,2610,1624,1,,2024-07-23 09:35:00,2024-07-24 08:20:00,2024-07-23 13:39:00,Completed,169841
2216,2657,,2,,2024-07-23 09:47:00,2024-07-23 15:47:00,2024-07-23 12:24:00,Completed,126882
2217,416,1664,3,,2024-07-23 10:00:00,2024-07-23 16:23:00,2024-07-23 13:40:00,Completed,221795
2218,2654,,2,,2024-07-23 10:43:00,2024-07-23 12:56:00,2024-07-23 12:51:00,Completed,174117
2219,2628,1638,2,,2024-07-23 12:09:00,2024-07-23 14:58:00,2024-07-23 14:18:00,Completed,66998
2220,434,1653,2,,2024-07-23 13:06:00,2024-07-23 14:56:00,2024-07-23 14:29:00,Completed,161249
2221,2655,,5,,2024-07-23 13:09:00,2024-07-24 16:04:00,2024-07-24 16:13:00,Completed,105564
2222,2612,1621,3,,2024-07-23 13:31:00,2024-07-23 15:23:00,2024-07-23 14:26:00,Completed,62203
2223,2447,1619,6,,2024-07-23 15:04:00,2024-07-23 17:30:00,2024-07-23 16:25:00,Completed,57082
2224,2629,1639,2,,2024-07-24 07:36:00,2024-07-24 14:51:00,2024-07-24 12:02:00,Completed,130041
2225,880,1675,6,,2024-07-24 08:09:00,2024-07-24 10:39:00,2024-07-24 08:49:00,Completed,120090
2226,2664,,6,,2024-07-24 08:58:00,2024-07-24 12:13:00,2024-07-24 12:37:00,Completed,55009
2227,281,1647,5,,2024-07-24 09:02:00,2024-07-24 10:47:00,2024-07-24 10:07:00,Completed,193589
2228,2337,1680,6,,2024-07-24 09:03:00,2024-07-24 12:16:00,2024-07-24 12:17:00,Completed,47811
2229,2666,,4,,2024-07-24 09:22:00,2024-07-26 11:13:00,2024-07-26 08:49:00,Completed,190012
2230,2653,1672,5,,2024-07-24 09:38:00,2024-07-24 15:50:00,2024-07-24 13:58:00,Completed,46776
2231,2667,,6,,2024-07-24 09:45:00,2024-07-24 14:23:00,2024-07-24 13:36:00,Completed,107328
2232,2559,1671,6,,2024-07-24 10:34:00,2024-07-24 13:26:00,2024-07-24 14:07:00,Completed,184856
2233,1864,1633,4,,2024-07-24 10:38:00,2024-07-24 12:00:00,2024-07-24 11:16:00,Completed,100687
2234,307,1673,4,,2024-07-24 10:47:00,2024-07-24 14:29:00,2024-07-24 15:18:00,Completed,231885
2235,1133,1669,5,,2024-07-24 11:01:00,2024-07-24 14:46:00,2024-07-24 15:11:00,Completed,143595
2236,465,1581,4,,2024-07-24 11:05:00,2024-07-24 15:25:00,2024-07-24 13:55:00,Completed,189059
2237,2515,1482,4,,2024-07-24 11:35:00,2024-07-24 16:20:00,2024-07-25 08:13:00,Completed,183240
2238,2452,1670,4,,2024-07-24 13:03:00,2024-07-24 16:16:00,2024-07-24 16:22:00,Completed,67003
2239,2665,,5,,2024-07-24 13:57:00,2024-07-24 17:30:00,2024-07-25 09:19:00,Completed,211710
2240,2488,1439,1,,2024-07-25 07:32:00,2024-07-25 12:02:00,2024-07-25 09:26:00,Completed,31391
2241,2211,1692,5,,2024-07-25 07:34:00,2024-07-25 10:49:00,2024-07-25 08:48:00,Completed,46716
2242,2256,1679,5,,2024-07-25 08:03:00,2024-07-25 17:30:00,2024-07-25 13:58:00,Completed,93370
2243,1925,1686,4,,2024-07-25 08:04:00,2024-07-25 12:19:00,2024-07-25 09:44:00,Completed,56430
2244,2661,1683,5,,2024-07-25 09:07:00,2024-07-25 16:09:00,2024-07-25 15:50:00,Completed,67362
2245,2659,1682,6,,2024-07-25 09:09:00,2024-07-25 10:39:00,2024-07-25 10:09:00,Completed,127884
2246,2042,1674,6,,2024-07-25 09:37:00,2024-07-25 11:19:00,2024-07-25 10:54:00,Completed,48459
2247,2389,1666,6,,2024-07-25 09:37:00,2024-07-25 12:42:00,2024-07-25 13:44:00,Completed,125735
2248,2676,,5,,2024-07-25 09:42:00,2024-07-26 07:33:00,2024-07-26 10:56:00,Completed,43763
2249,2650,1661,4,,2024-07-25 10:34:00,2024-07-25 13:49:00,2024-07-25 13:41:00,Completed,67709
2250,2631,1645,1,,2024-07-25 11:39:00,2024-07-25 14:16:00,2024-07-25 12:15:00,Completed,76942
2251,2581,1568,6,,2024-07-25 12:09:00,2024-07-25 14:57:00,2024-07-25 14:30:00,Completed,26571
2252,598,1694,6,2030,2024-07-25 14:37:00,2024-07-26 07:48:00,2024-07-25 15:47:00,Completed,237713
2253,2669,1685,6,,2024-07-25 15:01:00,2024-07-26 07:50:00,2024-07-25 16:18:00,Completed,191019
2254,2687,,5,,2024-07-26 10:06:00,2024-07-26 13:06:00,2024-07-26 11:59:00,Completed,72010
2255,2679,1697,6,,2024-07-26 10:08:00,2024-07-26 12:45:00,2024-07-26 13:29:00,Completed,55181
2256,453,,4,,2024-07-26 10:33:00,2024-07-26 11:48:00,2024-07-26 11:03:00,Completed,257311
2257,2641,1652,5,,2024-07-26 10:34:00,2024-07-27 08:52:00,2024-07-26 17:03:00,Completed,84403
2258,2686,,4,,2024-07-26 10:37:00,2024-07-26 15:17:00,2024-07-26 14:44:00,Completed,58217
2259,1594,1657,4,,2024-07-26 11:02:00,2024-07-26 13:27:00,2024-07-26 13:28:00,Completed,128511
2260,2606,1618,6,,2024-07-26 11:07:00,2024-07-26 13:37:00,2024-07-26 13:00:00,Completed,106818
2261,1471,1668,6,,2024-07-26 11:33:00,2024-07-31 12:06:00,2024-08-01 12:40:00,Completed,64030
2262,2684,1706,3,,2024-07-26 11:38:00,2024-07-26 16:38:00,2024-07-26 14:06:00,Completed,116435
2263,2677,1701,4,,2024-07-26 12:00:00,2024-07-27 08:44:00,2024-07-27 08:06:00,Completed,61367
2264,2392,1705,6,,2024-07-26 13:03:00,2024-07-29 12:00:00,2024-07-31 12:39:00,Completed,161774
2265,1116,1704,1,,2024-07-26 13:06:00,2024-07-27 09:21:00,2024-07-26 16:19:00,Completed,140745
2266,2685,,6,,2024-07-26 13:12:00,2024-07-27 08:15:00,2024-07-27 10:23:00,Completed,12342
2267,812,1663,1,,2024-07-26 13:35:00,2024-07-27 12:29:00,2024-07-27 08:31:00,Completed,202918
2268,722,,4,,2024-07-26 13:37:00,2024-07-26 17:30:00,2024-07-26 17:18:00,Completed,134978
2269,2565,1654,4,,2024-07-26 13:38:00,2024-07-27 12:52:00,2024-07-29 12:47:00,Completed,13977
2270,2166,1646,2,,2024-07-27 08:01:00,2024-07-27 09:16:00,2024-07-27 08:32:00,Completed,143221
2271,511,1695,6,,2024-07-27 08:08:00,2024-07-27 11:23:00,2024-08-03 10:52:00,Completed,110653
2272,2695,1714,3,,2024-07-27 08:19:00,2024-07-30 13:37:00,2024-07-30 12:05:00,Completed,110613
2273,91,1690,5,,2024-07-27 08:35:00,2024-07-27 11:50:00,2024-08-02 11:40:00,Completed,96482
2274,2694,1716,1,,2024-07-27 09:04:00,2024-07-29 08:56:00,2024-07-27 11:44:00,Completed,102148
2275,1863,1700,6,2169,2024-07-27 09:04:00,2024-07-27 12:09:00,2024-08-01 11:38:00,Completed,37503
2276,2670,1691,6,,2024-07-27 09:33:00,2024-07-27 12:10:00,2024-07-31 12:58:00,Completed,104069
2277,2646,1649,1,,2024-07-27 10:01:00,2024-07-29 09:32:00,2024-07-27 13:47:00,Completed,179556
2278,2693,,6,,2024-07-27 11:25:00,2024-07-29 08:10:00,2024-07-27 13:00:00,Completed,131021
2279,2516,1475,2,,2024-07-27 11:34:00,2024-07-29 10:34:00,2024-07-29 07:37:00,Completed,19930
2280,2200,,6,2210,2024-07-27 11:36:00,2024-07-29 08:41:00,2024-07-27 13:41:00,Completed,67012
2281,2688,1707,5,,2024-07-27 12:02:00,2024-07-27 14:00:00,2024-07-27 13:02:00,Completed,69244
2282,1512,1730,4,,2024-07-29 08:02:00,2024-07-29 11:39:00,2024-07-29 09:31:00,Completed,106714
2283,732,1712,6,,2024-07-29 08:30:00,2024-07-29 10:30:00,2024-07-29 10:11:00,Completed,201654
2284,2315,1728,5,,2024-07-29 08:39:00,2024-07-30 16:20:00,2024-07-30 13:42:00,Completed,81332
2285,2331,1693,6,,2024-07-29 09:02:00,2024-07-29 10:44:00,2024-07-29 10:28:00,Completed,6248
2286,1657,1677,6,,2024-07-29 09:04:00,2024-07-29 11:01:00,2024-07-29 10:49:00,Completed,98752
2287,2689,1711,2,,2024-07-29 09:24:00,2024-07-31 08:52:00,2024-07-30 15:59:00,Completed,47639
2288,2165,1729,3,,2024-07-29 09:31:00,2024-07-29 12:31:00,2024-07-29 10:26:00,Completed,48153
2289,2603,1719,5,2137,2024-07-29 10:34:00,2024-07-29 13:19:00,2024-07-29 11:20:00,Completed,143893
2290,685,1643,4,,2024-07-29 10:39:00,2024-07-29 14:09:00,2024-07-29 11:49:00,Completed,203281
2291,362,1721,3,2144,2024-07-29 10:53:00,2024-07-29 14:04:00,2024-07-29 11:53:00,Completed,236151
2292,1945,1722,4,,2024-07-29 11:36:00,2024-07-29 14:22:00,2024-07-29 12:30:00,Completed,189246
2293,2699,1725,6,,2024-07-29 11:39:00,2024-07-29 13:31:00,2024-07-29 12:57:00,Completed,136604
2294,214,,1,,2024-07-29 11:51:00,2024-07-30 08:02:00,2024-07-29 16:28:00,Completed,116020
2295,2700,1726,6,,2024-07-29 11:54:00,2024-07-29 13:39:00,2024-07-29 13:18:00,Completed,127071
2296,2548,1717,1,,2024-07-29 12:05:00,2024-07-30 09:05:00,2024-07-30 08:05:00,Completed,57125
2297,980,1727,6,,2024-07-29 14:33:00,2024-07-30 07:48:00,2024-07-29 17:07:00,Completed,234216
2298,2439,1665,6,,2024-07-29 14:34:00,2024-07-30 08:50:00,2024-07-29 17:19:00,Completed,95475
2299,2526,1496,6,,2024-07-29 15:34:00,2024-07-30 12:04:00,2024-07-30 12:00:00,Completed,243541
2300,738,1593,5,,2024-07-30 08:31:00,2024-07-30 09:46:00,2024-07-30 09:04:00,Completed,113921
2301,1620,1735,1,,2024-07-30 09:38:00,2024-07-31 08:38:00,2024-07-30 13:58:00,Completed,128940
2302,1282,,6,,2024-07-30 10:02:00,2024-07-30 13:27:00,2024-07-30 13:41:00,Completed,223726
2303,2313,1741,5,,2024-07-30 10:04:00,2024-07-30 15:49:00,2024-07-30 15:24:00,Completed,118314
2304,2709,,4,,2024-07-30 10:12:00,2024-07-31 14:50:00,2024-07-31 15:04:00,Completed,114362
2305,2708,,6,,2024-07-30 11:38:00,2024-07-30 17:30:00,2024-07-30 15:42:00,Completed,84077
2306,1058,1740,6,,2024-07-30 13:05:00,2024-07-31 07:52:00,2024-07-31 10:45:00,Completed,135495
2307,2340,,2,,2024-07-30 13:30:00,2024-07-30 16:30:00,2024-07-30 14:29:00,Completed,55235
2308,2577,1737,6,,2024-07-30 14:04:00,2024-07-31 08:31:00,2024-07-31 09:03:00,Completed,183019
2309,2212,1752,4,,2024-07-31 07:30:00,2024-07-31 10:45:00,2024-07-31 09:57:00,Completed,64667
2310,2652,1662,3,,2024-07-31 07:36:00,2024-07-31 10:06:00,2024-07-31 09:19:00,Completed,55091
2311,2583,1567,5,,2024-07-31 08:00:00,2024-07-31 11:15:00,2024-07-31 09:20:00,Completed,102150
2312,2702,1742,3,,2024-07-31 08:05:00,2024-07-31 11:12:00,2024-07-31 10:02:00,Completed,37516
2313,2701,1744,5,,2024-07-31 08:15:00,2024-07-31 09:58:00,2024-07-31 09:34:00,Completed,176854
2314,2714,1757,3,,2024-07-31 08:34:00,2024-07-31 11:21:00,2024-07-31 11:16:00,Completed,93754
2315,2710,1747,5,,2024-07-31 08:47:00,2024-07-31 14:20:00,2024-07-31 15:52:00,Completed,179552
2316,541,1756,5,,2024-07-31 09:07:00,2024-07-31 14:20:00,2024-07-31 17:14:00,Completed,139190
2317,2716,,4,,2024-07-31 09:17:00,2024-07-31 10:32:00,2024-07-31 10:01:00,Completed,133929
2318,1174,1739,5,,2024-07-31 09:32:00,2024-07-31 14:13:00,2024-07-31 15:04:00,Completed,73202
2319,2724,,3,,2024-07-31 09:48:00,2024-07-31 14:12:00,2024-07-31 12:14:00,Completed,51749
2320,867,1684,5,,2024-07-31 10:04:00,2024-08-01 08:07:00,2024-08-01 07:49:00,Completed,115955
2321,685,1753,4,2290,2024-07-31 11:06:00,2024-07-31 13:32:00,2024-07-31 11:38:00,Completed,203349
2322,2721,1755,4,,2024-07-31 11:07:00,2024-07-31 12:26:00,2024-07-31 11:56:00,Completed,137075
2323,1853,,3,2195,2024-07-31 11:46:00,2024-07-31 14:55:00,2024-07-31 16:03:00,Completed,45236
2324,2726,,1,,2024-07-31 11:46:00,2024-07-31 13:01:00,2024-07-31 12:14:00,Completed,25813
2325,2720,1762,5,,2024-07-31 12:34:00,2024-08-01 11:55:00,2024-08-01 14:46:00,Completed,103059
2326,2719,,1,,2024-07-31 13:01:00,2024-07-31 15:31:00,2024-07-31 14:30:00,Completed,174047
2327,2722,,4,,2024-07-31 13:15:00,2024-07-31 15:15:00,2024-07-31 14:17:00,Completed,172757
2328,2718,,5,,2024-07-31 13:36:00,2024-08-01 12:57:00,2024-08-02 13:32:00,Completed,193579
2329,2725,,1,,2024-07-31 14:23:00,2024-08-01 09:08:00,2024-07-31 16:16:00,Completed,87592
2330,1156,1738,4,,2024-08-01 07:32:00,2024-08-01 10:54:00,2024-08-01 09:49:00,Completed,137853
2331,2061,1713,3,,2024-08-01 07:33:00,2024-08-01 10:03:00,2024-08-01 08:47:00,Completed,71984
2332,1972,1751,1,,2024-08-01 08:05:00,2024-08-01 11:57:00,2024-08-01 12:14:00,Completed,81374
2333,2727,1769,4,,2024-08-01 08:09:00,2024-08-01 10:27:00,2024-08-01 10:23:00,Completed,125984
2334,1694,1767,3,,2024-08-01 08:32:00,2024-08-01 09:41:00,2024-08-01 09:01:00,Completed,83483
2335,2637,1761,3,,2024-08-01 09:07:00,2024-08-01 12:22:00,2024-08-01 10:20:00,Completed,301290
2336,1949,1771,5,,2024-08-01 10:00:00,2024-08-01 14:54:00,2024-08-01 14:46:00,Completed,81306
2337,2598,1580,2,,2024-08-01 10:02:00,2024-08-01 12:09:00,2024-08-01 11:03:00,Completed,88542
2338,2264,1710,1,,2024-08-01 11:01:00,2024-08-01 14:16:00,2024-08-01 14:13:00,Completed,111209
2339,2389,,2,2247,2024-08-01 11:34:00,2024-08-01 13:45:00,2024-08-01 11:50:00,Completed,125937
2340,2705,1743,5,,2024-08-01 11:34:00,2024-08-01 15:49:00,2024-08-01 15:17:00,Completed,130234
2341,2492,,4,,2024-08-01 12:44:00,2024-08-01 15:59:00,2024-08-01 13:49:00,Completed,71877
2342,2697,1715,3,,2024-08-01 13:06:00,2024-08-01 16:36:00,2024-08-01 14:40:00,Completed,195406
2343,2738,,2,,2024-08-01 13:27:00,2024-08-02 08:34:00,2024-08-08 12:38:00,Completed,151952
2344,1210,1748,4,,2024-08-01 14:35:00,2024-08-01 15:50:00,2024-08-01 15:18:00,Completed,109842
2345,183,1772,3,,2024-08-01 15:07:00,2024-08-02 09:37:00,2024-08-02 07:30:00,Completed,123437
2346,2744,1775,5,,2024-08-02 08:08:00,2024-08-02 14:30:00,2024-08-02 12:13:00,Completed,127956
2347,2747,,3,,2024-08-02 08:49:00,2024-08-02 12:04:00,2024-08-02 11:31:00,Completed,132692
2348,2748,,4,,2024-08-02 09:01:00,2024-08-06 09:05:00,2024-08-06 07:33:00,Completed,70653
2349,2745,,1,,2024-08-02 09:08:00,2024-08-02 12:23:00,2024-08-02 11:47:00,Completed,135620
2350,2732,1765,3,,2024-08-02 09:08:00,2024-08-02 10:59:00,2024-08-02 10:17:00,Completed,18745
2351,646,1768,4,,2024-08-02 10:04:00,2024-08-02 11:41:00,2024-08-02 11:02:00,Completed,126111
2352,762,,3,,2024-08-02 10:10:00,2024-08-02 13:11:00,2024-08-02 11:17:00,Completed,63308
2353,2728,1770,3,,2024-08-02 10:39:00,2024-08-02 15:07:00,2024-08-02 15:29:00,Completed,74572
2354,1073,1723,5,,2024-08-02 11:09:00,2024-08-06 12:13:00,2024-08-06 09:27:00,Completed,97722
2355,545,1736,2,,2024-08-02 12:31:00,2024-08-02 17:30:00,2024-08-02 14:36:00,Completed,132987
2356,2739,1774,2,,2024-08-02 13:30:00,2024-08-02 15:36:00,2024-08-02 15:04:00,Completed,161939
2357,2000,1760,5,,2024-08-03 08:00:00,2024-08-03 09:37:00,2024-08-03 09:08:00,Completed,60206
2358,2110,1689,1,,2024-08-03 08:04:00,2024-08-05 12:19:00,2024-08-09 15:22:00,Completed,65646
2359,2761,1787,4,,2024-08-03 09:03:00,2024-08-05 08:18:00,2024-08-05 08:11:00,Completed,72022
2360,1342,,4,,2024-08-03 09:57:00,2024-08-03 14:00:00,2024-08-03 12:28:00,Completed,149102
2361,2006,1786,6,,2024-08-03 10:02:00,2024-08-03 11:17:00,2024-08-03 10:53:00,Completed,267892
2362,1390,1788,5,,2024-08-03 10:30:00,2024-08-03 11:48:00,2024-08-03 11:02:00,Completed,70821
2363,2762,,4,,2024-08-03 10:55:00,2024-08-05 09:44:00,2024-08-05 11:24:00,Completed,78556
2364,2760,,6,,2024-08-03 11:27:00,2024-08-03 14:00:00,2024-08-03 13:10:00,Completed,52189
2365,1995,1754,3,,2024-08-05 07:35:00,2024-08-05 11:05:00,2024-08-05 08:48:00,Completed,115575
2366,2749,1781,3,,2024-08-05 07:36:00,2024-08-05 09:30:00,2024-08-05 09:21:00,Completed,32949
2367,2706,1733,3,,2024-08-05 08:00:00,2024-08-05 09:48:00,2024-08-05 09:38:00,Completed,104850
2368,1929,1734,4,,2024-08-05 08:04:00,2024-08-05 11:34:00,2024-08-05 09:26:00,Completed,106675
2369,2462,1777,3,,2024-08-05 08:22:00,2024-08-05 13:17:00,2024-08-05 13:17:00,Completed,76699
2370,2162,,6,,2024-08-05 08:28:00,2024-08-05 11:58:00,2024-08-05 10:11:00,Completed,114746
2371,2770,,4,,2024-08-05 08:30:00,2024-08-06 13:22:00,2024-08-06 14:00:00,Completed,39573
2372,2282,1790,6,,2024-08-05 08:30:00,2024-08-05 12:04:00,2024-08-05 12:26:00,Completed,175819
2373,2690,1709,2,,2024-08-05 08:32:00,2024-08-12 07:56:00,2024-08-12 14:12:00,Completed,50004
2374,1257,1797,3,,2024-08-05 09:03:00,2024-08-05 14:43:00,2024-08-06 07:47:00,Completed,95833
2375,2390,1795,4,,2024-08-05 09:35:00,2024-08-07 13:31:00,2024-08-07 12:10:00,Completed,236452
2376,1403,1749,1,,2024-08-05 10:35:00,2024-08-07 16:23:00,2024-08-12 14:39:00,Completed,22249
2377,2672,1688,5,,2024-08-05 11:09:00,2024-08-06 14:22:00,2024-08-06 12:30:00,Completed,30623
2378,2772,,3,,2024-08-05 11:13:00,2024-08-05 13:49:00,2024-08-05 14:13:00,Completed,72940
2379,2768,,5,,2024-08-05 12:30:00,2024-08-05 15:45:00,2024-08-05 13:41:00,Completed,124816
2380,2713,1745,2,,2024-08-05 13:05:00,2024-08-05 15:35:00,2024-08-05 13:35:00,Completed,108631
2381,2771,,5,,2024-08-05 13:14:00,2024-08-05 17:30:00,2024-08-05 15:04:00,Completed,33126
2382,2773,1805,6,,2024-08-06 07:37:00,2024-08-07 17:30:00,2024-08-08 07:42:00,Completed,33943
2383,2707,1732,3,,2024-08-06 08:08:00,2024-08-06 11:23:00,2024-08-06 09:20:00,Completed,95866
2384,2750,1782,2,,2024-08-06 08:36:00,2024-08-06 13:06:00,2024-08-09 11:26:00,Completed,30831
2385,2785,,5,,2024-08-06 09:40:00,2024-08-06 12:36:00,2024-08-06 11:16:00,Completed,122220
2386,2775,1808,3,,2024-08-06 10:08:00,2024-08-06 15:38:00,2024-08-06 13:35:00,Completed,61797
2387,2782,,5,,2024-08-06 10:44:00,2024-08-06 15:31:00,2024-08-06 16:36:00,Completed,44701
2388,2779,,6,,2024-08-06 11:10:00,2024-08-06 14:40:00,2024-08-06 13:11:00,Completed,32761
2389,507,,1,,2024-08-06 11:20:00,2024-08-07 08:20:00,2024-08-06 16:58:00,Completed,179564
2390,2783,,6,,2024-08-06 11:24:00,2024-08-06 14:33:00,2024-08-06 14:26:00,Completed,129151
2391,1852,1801,3,,2024-08-06 12:08:00,2024-08-06 16:28:00,2024-08-06 14:52:00,Completed,81836
2392,2662,1681,2,,2024-08-06 12:37:00,2024-08-06 15:07:00,2024-08-06 13:24:00,Completed,60361
2393,2781,,6,,2024-08-06 12:49:00,2024-08-06 16:35:00,2024-08-06 16:30:00,Completed,121045
2394,373,,1,,2024-08-06 13:36:00,2024-08-06 16:32:00,2024-08-06 14:57:00,Completed,78990
2395,2734,1766,6,,2024-08-07 08:00:00,2024-08-07 09:30:00,2024-08-07 09:00:00,Completed,46813
2396,2798,1818,6,,2024-08-07 08:06:00,2024-08-07 09:50:00,2024-08-07 09:32:00,Completed,102552
2397,2691,1708,5,,2024-08-07 09:06:00,2024-08-07 12:21:00,2024-08-07 10:21:00,Completed,60851
2398,2777,1803,3,,2024-08-07 09:07:00,2024-08-07 14:07:00,2024-08-07 11:08:00,Completed,91929
2399,2797,,5,,2024-08-07 09:17:00,2024-08-07 11:01:00,2024-08-07 10:40:00,Completed,51610
2400,2795,,3,,2024-08-07 09:55:00,2024-08-07 14:51:00,2024-08-07 14:00:00,Completed,148379
2401,2321,,5,,2024-08-07 10:25:00,2024-08-07 11:44:00,2024-08-07 11:17:00,Completed,78060
2402,2674,1687,2,,2024-08-07 10:35:00,2024-08-07 17:30:00,2024-08-08 08:11:00,Completed,85391
2403,2792,,6,,2024-08-07 11:33:00,2024-08-07 14:03:00,2024-08-07 15:57:00,Completed,111452
2404,2794,,1,,2024-08-07 11:55:00,2024-08-08 11:57:00,2024-08-09 11:28:00,Completed,45250
2405,2680,1698,3,,2024-08-07 12:02:00,2024-08-08 07:35:00,2024-08-08 08:14:00,Completed,100878
2406,2280,1758,5,,2024-08-07 13:00:00,2024-08-10 12:00:00,2024-08-13 11:39:00,Completed,46563
2407,2801,,1,,2024-08-07 14:13:00,2024-08-09 15:41:00,2024-08-09 13:12:00,Completed,73570
2408,2776,1802,6,,2024-08-07 15:05:00,2024-08-08 08:12:00,2024-08-08 07:52:00,Completed,80664
2409,2786,1809,5,,2024-08-07 15:32:00,2024-08-08 07:47:00,2024-08-07 16:54:00,Completed,71683
2410,49,1815,6,,2024-08-08 07:34:00,2024-08-08 10:06:00,2024-08-14 11:34:00,Completed,245308
2411,322,1817,2,,2024-08-08 08:05:00,2024-08-08 14:12:00,2024-08-08 11:08:00,Completed,265285
2412,2808,,2,,2024-08-08 08:35:00,2024-08-08 17:30:00,2024-08-09 08:42:00,Completed,187279
2413,2806,,3,,2024-08-08 08:52:00,2024-08-08 16:29:00,2024-08-08 16:08:00,Completed,54267
2414,2805,1826,6,,2024-08-08 09:35:00,2024-08-08 11:35:00,2024-08-08 11:05:00,Completed,194977
2415,2804,,1,,2024-08-08 09:42:00,2024-08-08 11:57:00,2024-08-08 10:50:00,Completed,64971
2416,1581,1813,5,,2024-08-08 10:05:00,2024-08-08 12:05:00,2024-08-08 11:19:00,Completed,96358
2417,2426,,5,,2024-08-08 10:12:00,2024-08-08 14:17:00,2024-08-08 13:31:00,Completed,160579
2418,2757,1785,1,,2024-08-08 10:33:00,2024-08-08 15:51:00,2024-08-08 16:34:00,Completed,61323
2419,2807,,5,,2024-08-08 10:41:00,2024-08-08 15:04:00,2024-08-08 13:20:00,Completed,81286
2420,983,,3,,2024-08-08 11:24:00,2024-08-08 17:30:00,2024-08-08 15:52:00,Completed,103356
2421,2663,1678,6,,2024-08-08 11:31:00,2024-08-08 14:46:00,2024-08-08 13:00:00,Completed,200600
2422,1157,1791,5,,2024-08-08 13:03:00,2024-08-10 12:30:00,2024-08-10 10:59:00,Completed,78996
2423,1720,1811,6,,2024-08-08 13:08:00,2024-08-08 15:08:00,2024-08-08 14:19:00,Completed,48515
2424,2144,1779,5,,2024-08-08 14:05:00,2024-08-08 15:46:00,2024-08-08 15:34:00,Completed,86971
2425,2370,1553,5,,2024-08-08 15:07:00,2024-08-08 17:30:00,2024-08-08 16:05:00,Completed,53917
2426,2112,1834,2,2200,2024-08-09 09:04:00,2024-08-09 12:26:00,2024-08-09 13:21:00,Completed,145094
2427,2704,1825,3,,2024-08-09 09:05:00,2024-08-09 12:35:00,2024-08-09 11:31:00,Completed,33123
2428,2812,,6,,2024-08-09 10:04:00,2024-08-09 11:19:00,2024-08-09 10:48:00,Completed,29606
2429,706,1564,1,,2024-08-09 11:01:00,2024-08-12 12:00:00,2024-08-13 10:55:00,Completed,152691
2430,476,,2,,2024-08-09 11:15:00,2024-08-09 15:45:00,2024-08-09 13:14:00,Completed,220744
2431,2211,1816,3,2241,2024-08-09 11:33:00,2024-08-09 14:18:00,2024-08-09 12:30:00,Completed,47409
2432,423,1835,1,,2024-08-09 12:08:00,2024-08-09 16:23:00,2024-08-09 13:56:00,Completed,222735
2433,1856,1838,1,,2024-08-09 12:35:00,2024-08-10 10:10:00,2024-08-10 09:41:00,Completed,66311
2434,13,,6,,2024-08-09 13:00:00,2024-08-09 16:37:00,2024-08-09 14:45:00,Completed,153818
2435,2813,1840,4,,2024-08-09 13:38:00,2024-08-10 08:23:00,2024-08-10 09:00:00,Completed,63431
2436,2681,1696,6,,2024-08-09 14:01:00,2024-08-10 08:18:00,2024-08-10 09:22:00,Completed,192759
2437,2077,1798,3,,2024-08-09 15:06:00,2024-08-10 08:32:00,2024-08-09 17:19:00,Completed,109877
2438,1860,1820,2,,2024-08-10 08:01:00,2024-08-10 11:16:00,2024-08-10 09:57:00,Completed,69360
2439,1737,1806,1,,2024-08-10 08:08:00,2024-08-12 10:23:00,2024-08-10 13:32:00,Completed,223681
2440,2710,1839,3,2315,2024-08-10 08:28:00,2024-08-10 11:09:00,2024-08-10 09:23:00,Completed,179794
2441,2184,1833,4,,2024-08-10 09:04:00,2024-08-10 11:34:00,2024-08-10 10:19:00,Completed,144240
2442,2817,,2,,2024-08-10 09:20:00,2024-08-14 07:37:00,2024-08-13 15:33:00,Completed,145011
2443,694,,6,,2024-08-10 10:02:00,2024-08-10 14:00:00,2024-08-10 13:00:00,Completed,98648
2444,2818,,2,,2024-08-10 11:21:00,2024-08-12 14:21:00,2024-08-17 13:47:00,Completed,232209
2445,260,1812,5,,2024-08-12 08:03:00,2024-08-12 13:10:00,2024-08-12 10:47:00,Completed,144230
2446,2093,,6,,2024-08-12 08:31:00,2024-08-12 11:46:00,2024-08-12 10:03:00,Completed,165166
2447,2017,1844,3,,2024-08-12 08:32:00,2024-08-12 09:54:00,2024-08-12 09:10:00,Completed,197944
2448,444,1842,5,,2024-08-12 08:35:00,2024-08-12 11:06:00,2024-08-12 11:21:00,Completed,295505
2449,511,1859,6,2271,2024-08-12 08:56:00,2024-08-12 12:25:00,2024-08-12 10:42:00,Completed,111092
2450,2167,1845,6,,2024-08-12 09:05:00,2024-08-12 13:30:00,2024-08-12 13:23:00,Completed,265367
2451,1870,1789,3,,2024-08-12 09:07:00,2024-08-12 11:37:00,2024-08-12 09:41:00,Completed,107754
2452,2383,1851,5,,2024-08-12 09:19:00,2024-08-12 12:21:00,2024-08-12 12:23:00,Completed,132685
2453,2162,,6,2370,2024-08-12 09:27:00,2024-08-12 14:20:00,2024-08-12 13:36:00,Completed,114977
2454,1340,1852,5,,2024-08-12 10:05:00,2024-08-12 13:53:00,2024-08-12 15:25:00,Completed,56280
2455,2838,,6,,2024-08-12 10:18:00,2024-08-12 14:12:00,2024-08-12 15:07:00,Completed,107767
2456,2836,,6,,2024-08-12 10:32:00,2024-08-12 16:21:00,2024-08-12 16:24:00,Completed,129728
2457,1752,,5,,2024-08-12 10:59:00,2024-08-12 17:30:00,2024-08-12 15:36:00,Completed,91715
2458,6,1830,3,,2024-08-12 11:06:00,2024-08-12 15:21:00,2024-08-12 15:24:00,Completed,238429
2459,2074,,6,,2024-08-12 11:23:00,2024-08-12 15:24:00,2024-08-12 16:37:00,Completed,68148
2460,166,1836,5,,2024-08-12 13:31:00,2024-08-13 08:05:00,2024-08-13 08:50:00,Completed,182367
2461,2524,1822,2,,2024-08-12 13:33:00,2024-08-12 15:48:00,2024-08-12 14:48:00,Completed,70066
2462,2822,1848,6,,2024-08-13 07:34:00,2024-08-13 11:04:00,2024-08-13 10:34:00,Completed,83663
2463,344,1854,3,,2024-08-13 08:09:00,2024-08-13 09:39:00,2024-08-13 09:04:00,Completed,100708
2464,2830,1849,3,,2024-08-13 08:09:00,2024-08-13 12:49:00,2024-08-13 10:43:00,Completed,20763
2465,2844,,3,,2024-08-13 08:33:00,2024-08-13 11:52:00,2024-08-13 12:02:00,Completed,201416
2466,1649,1776,5,,2024-08-13 08:37:00,2024-08-13 10:22:00,2024-08-13 09:32:00,Completed,83440
2467,943,,3,,2024-08-13 08:41:00,2024-08-13 14:03:00,2024-08-13 13:15:00,Completed,164432
2468,2226,,6,,2024-08-13 08:49:00,2024-08-13 10:54:00,2024-08-13 10:57:00,Completed,54559
2469,516,1837,5,,2024-08-13 09:00:00,2024-08-13 13:31:00,2024-08-17 12:57:00,Completed,103626
2470,2809,1832,5,,2024-08-13 09:35:00,2024-08-13 11:41:00,2024-08-13 11:38:00,Completed,268555
2471,634,,5,,2024-08-13 09:48:00,2024-08-13 15:18:00,2024-08-13 13:28:00,Completed,134511
2472,1253,1724,6,,2024-08-13 10:07:00,2024-08-13 11:50:00,2024-08-13 11:22:00,Completed,38501
2473,2802,1821,1,,2024-08-13 10:09:00,2024-08-13 15:54:00,2024-08-13 13:20:00,Completed,41652
2474,2845,,5,,2024-08-13 10:42:00,2024-08-13 16:42:00,2024-08-13 16:21:00,Completed,79355
2475,427,,3,,2024-08-13 12:26:00,2024-08-13 15:55:00,2024-08-13 15:24:00,Completed,161600
2476,1142,,6,,2024-08-13 12:38:00,2024-08-13 15:38:00,2024-08-13 13:44:00,Completed,130105
2477,2846,1869,4,,2024-08-13 13:01:00,2024-08-14 08:46:00,2024-08-13 16:00:00,Completed,107485
2478,2683,1699,1,,2024-08-13 14:30:00,2024-08-14 08:45:00,2024-08-17 13:08:00,Completed,159609
2479,2437,1784,6,,2024-08-14 07:30:00,2024-08-14 09:30:00,2024-08-14 09:00:00,Completed,82575
2480,2839,1858,1,,2024-08-14 07:31:00,2024-08-14 09:01:00,2024-08-14 08:21:00,Completed,36017
2481,2847,1874,3,,2024-08-14 08:04:00,2024-08-14 14:11:00,2024-08-14 11:31:00,Completed,170375
2482,2810,1824,5,,2024-08-14 09:00:00,2024-08-14 13:15:00,2024-08-14 11:05:00,Completed,153777
2483,455,1846,3,,2024-08-14 09:08:00,2024-08-14 12:54:00,2024-08-14 12:00:00,Completed,103209
2484,272,1870,4,,2024-08-14 09:32:00,2024-08-14 10:54:00,2024-08-14 10:28:00,Completed,141875
2485,2725,1773,4,,2024-08-14 09:33:00,2024-08-14 16:16:00,2024-08-21 13:46:00,Completed,88165
2486,2676,,5,2248,2024-08-14 11:06:00,2024-08-14 13:39:00,2024-08-14 13:47:00,Completed,44653
2487,2860,1880,6,,2024-08-14 11:08:00,2024-08-14 13:38:00,2024-08-14 13:05:00,Completed,188833
2488,62,,6,,2024-08-14 11:27:00,2024-08-14 16:45:00,2024-08-15 08:21:00,Completed,190236
2489,2699,1878,5,,2024-08-14 11:38:00,2024-08-14 16:23:00,2024-08-14 15:01:00,Completed,137236
2490,2759,1783,5,,2024-08-15 07:34:00,2024-08-15 10:34:00,2024-08-15 11:47:00,Completed,72118
2491,2814,1841,4,,2024-08-15 08:00:00,2024-08-15 11:15:00,2024-08-15 09:08:00,Completed,928
2492,2368,1827,3,,2024-08-15 08:06:00,2024-08-15 11:21:00,2024-08-15 12:31:00,Completed,87780
2493,2515,1887,4,,2024-08-15 08:23:00,2024-08-15 11:13:00,2024-08-15 09:37:00,Completed,184019
2494,2126,1640,4,,2024-08-15 08:35:00,2024-08-15 12:30:00,2024-08-15 12:14:00,Completed,82385
2495,2152,,6,,2024-08-15 09:06:00,2024-08-15 12:43:00,2024-08-15 12:33:00,Completed,160004
2496,2246,,4,,2024-08-15 09:53:00,2024-08-15 12:08:00,2024-08-15 11:29:00,Completed,209294
2497,1043,,3,,2024-08-15 11:04:00,2024-08-15 14:56:00,2024-08-15 12:47:00,Completed,80221
2498,2865,,2,,2024-08-15 11:39:00,2024-08-15 15:09:00,2024-08-15 13:30:00,Completed,44246
2499,2030,1780,5,,2024-08-15 14:30:00,2024-08-15 17:30:00,2024-08-15 16:33:00,Completed,122668
2500,2445,1850,2,,2024-08-16 07:34:00,2024-08-16 13:56:00,2024-08-16 10:59:00,Completed,48876
2501,2861,1881,4,,2024-08-16 07:37:00,2024-08-16 10:07:00,2024-08-16 08:44:00,Completed,155566
2502,1837,1807,5,,2024-08-16 08:00:00,2024-08-16 14:15:00,2024-08-16 12:40:00,Completed,49894
2503,2190,1847,5,,2024-08-16 08:07:00,2024-08-19 11:33:00,2024-08-19 09:34:00,Completed,136768
2504,2819,1843,4,,2024-08-16 08:31:00,2024-08-16 10:31:00,2024-08-16 09:53:00,Completed,23480
2505,2874,,6,,2024-08-16 08:50:00,2024-08-16 10:12:00,2024-08-16 09:39:00,Completed,29421
2506,2863,1884,4,,2024-08-16 09:31:00,2024-08-16 13:36:00,2024-08-16 15:06:00,Completed,120496
2507,2840,1860,5,,2024-08-16 09:37:00,2024-08-16 15:07:00,2024-08-16 16:58:00,Completed,91639
2508,2848,1875,6,,2024-08-16 10:00:00,2024-08-16 11:15:00,2024-08-16 10:58:00,Completed,48387
2509,777,1899,6,,2024-08-16 10:39:00,2024-08-16 13:55:00,2024-08-16 11:59:00,Completed,62085
2510,2879,,6,,2024-08-16 10:44:00,2024-08-16 13:47:00,2024-08-16 12:32:00,Completed,149687
2511,2876,,6,,2024-08-16 10:54:00,2024-08-16 12:54:00,2024-08-16 12:42:00,Completed,82684
2512,2878,,3,,2024-08-16 11:10:00,2024-08-16 13:55:00,2024-08-16 13:06:00,Completed,90409
2513,2862,1882,4,,2024-08-16 11:31:00,2024-08-16 17:30:00,2024-08-16 16:39:00,Completed,94194
2514,2881,,3,,2024-08-16 12:26:00,2024-08-16 17:30:00,2024-08-16 15:27:00,Completed,128469
2515,2296,1894,5,,2024-08-16 13:07:00,2024-08-16 17:30:00,2024-08-17 10:05:00,Completed,187782
2516,2882,1904,4,,2024-08-16 13:38:00,2024-08-20 07:32:00,2024-08-19 14:24:00,Completed,86436
2517,2698,1896,3,,2024-08-16 14:08:00,2024-08-20 08:18:00,2024-08-21 12:53:00,Completed,213144
2518,2778,1799,4,,2024-08-16 15:32:00,2024-08-17 08:09:00,2024-08-16 17:03:00,Completed,71415
2519,2336,,6,,2024-08-17 08:58:00,2024-08-17 10:13:00,2024-08-17 09:23:00,Completed,62974
2520,1386,1856,1,,2024-08-17 09:09:00,2024-08-17 10:24:00,2024-08-17 09:43:00,Completed,189714
2521,2150,1897,2,,2024-08-17 09:32:00,2024-08-19 10:02:00,2024-08-17 12:49:00,Completed,98915
2522,1506,1902,6,,2024-08-17 10:01:00,2024-08-17 14:00:00,2024-08-19 07:33:00,Completed,53765
2523,1882,1866,3,,2024-08-17 10:06:00,2024-08-17 12:06:00,2024-08-17 11:21:00,Completed,158504
2524,2891,,6,,2024-08-17 10:32:00,2024-08-17 14:00:00,2024-08-17 12:49:00,Completed,44671
2525,2835,1857,6,,2024-08-17 10:34:00,2024-08-17 14:00:00,2024-08-17 13:27:00,Completed,43858
2526,2890,1907,3,,2024-08-17 10:37:00,2024-08-19 08:50:00,2024-08-17 13:49:00,Completed,83585
2527,174,1702,6,,2024-08-17 11:02:00,2024-08-19 10:39:00,2024-08-19 09:35:00,Completed,151079
2528,1571,1906,3,,2024-08-19 07:31:00,2024-08-19 11:01:00,2024-08-19 09:37:00,Completed,159357
2529,576,1879,4,,2024-08-19 07:36:00,2024-08-19 10:06:00,2024-08-19 10:27:00,Completed,116789
2530,977,,5,,2024-08-19 07:50:00,2024-08-19 09:05:00,2024-08-19 08:34:00,Completed,163418
2531,1712,1890,4,,2024-08-19 08:01:00,2024-08-19 15:39:00,2024-08-19 13:10:00,Completed,60194
2532,377,1667,1,,2024-08-19 08:05:00,2024-08-19 12:53:00,2024-08-19 10:32:00,Completed,55985
2533,2790,,6,,2024-08-19 08:56:00,2024-08-19 10:41:00,2024-08-19 10:14:00,Completed,101610
2534,318,1876,6,,2024-08-19 09:08:00,2024-08-19 11:00:00,2024-08-19 10:40:00,Completed,226197
2535,1952,,5,,2024-08-19 09:25:00,2024-08-19 11:40:00,2024-08-19 10:49:00,Completed,57833
2536,2841,1864,6,,2024-08-19 09:37:00,2024-08-19 13:28:00,2024-08-19 13:34:00,Completed,28733
2537,1691,1867,5,,2024-08-19 10:00:00,2024-08-19 14:26:00,2024-08-19 14:48:00,Completed,108465
2538,2883,1903,4,,2024-08-19 10:06:00,2024-08-19 15:07:00,2024-08-19 14:06:00,Completed,204025
2539,1825,,6,,2024-08-19 10:46:00,2024-08-19 13:29:00,2024-08-19 13:50:00,Completed,189049
2540,2035,1746,2,,2024-08-19 11:09:00,2024-08-21 09:25:00,2024-08-21 08:07:00,Completed,127058
2541,2672,,2,2377,2024-08-19 11:18:00,2024-08-19 14:55:00,2024-08-19 12:47:00,Completed,31015
2542,265,1861,4,,2024-08-19 11:36:00,2024-08-19 14:17:00,2024-08-19 14:22:00,Completed,86512
2543,2373,1889,4,,2024-08-19 13:33:00,2024-08-20 13:28:00,2024-08-26 14:38:00,Completed,135775
2544,2261,1868,2,,2024-08-19 13:36:00,2024-08-19 14:51:00,2024-08-19 14:08:00,Completed,157653
2545,1171,,3,,2024-08-19 13:54:00,2024-08-19 15:09:00,2024-08-19 14:33:00,Completed,143596
2546,2836,,5,2456,2024-08-19 13:56:00,2024-08-19 17:30:00,2024-08-20 07:42:00,Completed,130060
2547,2901,1927,4,,2024-08-20 07:36:00,2024-08-20 12:42:00,2024-08-20 12:16:00,Completed,96444
2548,2803,1877,5,,2024-08-20 08:05:00,2024-08-20 09:20:00,2024-08-20 08:50:00,Completed,180369
2549,2807,1913,5,2419,2024-08-20 08:09:00,2024-08-20 11:05:00,2024-08-20 11:22:00,Completed,81769
2550,2900,,6,,2024-08-20 08:33:00,2024-08-20 11:48:00,2024-08-20 10:02:00,Completed,112518
2551,2896,1919,3,,2024-08-20 09:00:00,2024-08-20 13:00:00,2024-08-20 10:44:00,Completed,95614
2552,1389,1918,3,,2024-08-20 09:03:00,2024-08-20 11:10:00,2024-08-20 11:09:00,Completed,172880
2553,2866,,4,,2024-08-20 09:12:00,2024-08-20 12:17:00,2024-08-20 12:53:00,Completed,52622
2554,2904,,6,,2024-08-20 09:22:00,2024-08-20 13:04:00,2024-08-20 12:48:00,Completed,150542
2555,2898,1926,6,,2024-08-20 09:22:00,2024-08-20 13:54:00,2024-08-20 14:03:00,Completed,44774
2556,2783,1916,4,,2024-08-20 10:36:00,2024-08-20 13:10:00,2024-08-20 13:26:00,Completed,129752
2557,2903,,1,,2024-08-20 12:52:00,2024-08-20 17:30:00,2024-08-20 15:55:00,Completed,118977
2558,2869,1895,6,,2024-08-20 13:01:00,2024-08-20 17:30:00,2024-08-20 17:00:00,Completed,257549
2559,2368,1938,3,2492,2024-08-21 08:00:00,2024-08-21 10:41:00,2024-08-21 10:23:00,Completed,88038
2560,2911,,3,,2024-08-21 08:50:00,2024-08-21 12:05:00,2024-08-21 10:05:00,Completed,57396
2561,2715,,4,,2024-08-21 08:56:00,2024-08-21 13:11:00,2024-08-21 11:51:00,Completed,105924
2562,2909,,2,,2024-08-21 09:08:00,2024-08-21 17:30:00,2024-08-21 13:32:00,Completed,133711
2563,2737,1764,5,,2024-08-21 10:09:00,2024-08-21 11:24:00,2024-08-21 10:52:00,Completed,121710
2564,465,1800,6,,2024-08-21 10:09:00,2024-08-21 13:05:00,2024-08-21 12:30:00,Completed,190266
2565,2916,,6,,2024-08-21 10:23:00,2024-08-21 12:47:00,2024-08-21 13:05:00,Completed,133912
2566,2897,1917,4,,2024-08-21 11:08:00,2024-08-21 14:38:00,2024-08-21 12:36:00,Completed,88847
2567,2899,1923,4,,2024-08-21 13:33:00,2024-08-21 15:48:00,2024-08-21 14:51:00,Completed,83351
2568,1211,1891,5,,2024-08-21 14:02:00,2024-08-21 16:32:00,2024-08-21 14:52:00,Completed,150151
2569,1257,,4,2374,2024-08-21 14:03:00,2024-08-22 08:13:00,2024-08-21 16:10:00,Completed,96978
2570,2892,1912,2,,2024-08-21 14:04:00,2024-08-22 09:49:00,2024-08-21 17:15:00,Completed,58772
2571,2917,1941,1,,2024-08-21 15:08:00,2024-08-22 09:38:00,2024-08-22 12:48:00,Completed,143609
2572,2843,1863,3,,2024-08-22 07:32:00,2024-08-22 12:09:00,2024-08-22 10:30:00,Completed,77883
2573,2735,1928,2,,2024-08-22 08:01:00,2024-08-22 14:23:00,2024-08-22 14:41:00,Completed,119896
2574,2924,,6,,2024-08-22 08:08:00,2024-08-22 12:23:00,2024-08-22 12:26:00,Completed,139305
2575,2923,,5,,2024-08-22 08:53:00,2024-08-22 12:45:00,2024-08-22 10:39:00,Completed,57674
2576,2323,1828,4,,2024-08-22 09:03:00,2024-08-22 13:33:00,2024-08-22 10:44:00,Completed,78162
2577,2471,1936,6,,2024-08-22 09:09:00,2024-08-22 14:15:00,2024-08-22 13:00:00,Completed,84658
2578,2871,1892,3,,2024-08-22 10:07:00,2024-08-22 12:28:00,2024-08-22 11:43:00,Completed,178543
2579,2888,1898,4,,2024-08-22 10:35:00,2024-08-22 13:05:00,2024-08-22 11:56:00,Completed,107407
2580,65,1945,2,,2024-08-22 11:31:00,2024-08-24 11:54:00,2024-08-24 12:09:00,Completed,146301
2581,2770,,4,2371,2024-08-22 12:13:00,2024-08-22 16:16:00,2024-08-22 14:11:00,Completed,40025
2582,596,1925,5,,2024-08-22 12:30:00,2024-08-22 13:45:00,2024-08-22 13:06:00,Completed,192468
2583,2864,1885,1,,2024-08-22 13:00:00,2024-08-22 14:15:00,2024-08-22 13:23:00,Completed,19302
2584,2842,1865,1,,2024-08-22 15:31:00,2024-08-24 12:38:00,2024-08-24 09:17:00,Completed,38303
2585,73,1948,6,,2024-08-23 07:30:00,2024-08-23 08:37:00,2024-08-23 07:48:00,Completed,193347
2586,2893,1911,6,,2024-08-23 07:33:00,2024-08-23 11:10:00,2024-08-23 10:35:00,Completed,31269
2587,2940,1949,4,,2024-08-23 08:00:00,2024-08-23 15:41:00,2024-08-23 12:51:00,Completed,17313
2588,2553,1920,5,,2024-08-23 08:09:00,2024-08-23 10:39:00,2024-08-23 08:53:00,Completed,106893
2589,748,1924,5,,2024-08-23 09:07:00,2024-08-23 11:07:00,2024-08-23 10:10:00,Completed,208746
2590,2939,,3,,2024-08-23 09:16:00,2024-08-23 11:46:00,2024-08-23 10:52:00,Completed,219688
2591,1418,1922,3,,2024-08-23 09:32:00,2024-08-23 11:29:00,2024-08-23 11:13:00,Completed,88727
2592,2905,1937,5,,2024-08-23 09:38:00,2024-08-23 11:51:00,2024-08-23 11:17:00,Completed,98488
2593,2937,,5,,2024-08-23 10:14:00,2024-08-23 14:36:00,2024-08-23 16:45:00,Completed,67724
2594,2936,,4,,2024-08-23 10:53:00,2024-08-23 17:30:00,2024-08-24 08:44:00,Completed,41893
2595,2938,,3,,2024-08-23 11:58:00,2024-08-23 13:28:00,2024-08-23 12:46:00,Completed,106104
2596,689,,1,,2024-08-23 12:13:00,2024-08-23 13:43:00,2024-08-23 12:49:00,Completed,83344
2597,1082,,3,,2024-08-23 12:47:00,2024-08-23 16:02:00,2024-08-23 17:15:00,Completed,113799
2598,2768,1956,6,2379,2024-08-24 08:06:00,2024-08-24 10:47:00,2024-08-24 12:47:00,Completed,125409
2599,2788,,1,,2024-08-24 08:33:00,2024-08-24 09:55:00,2024-08-24 09:18:00,Completed,117689
2600,2894,1909,4,,2024-08-24 08:37:00,2024-08-24 09:59:00,2024-08-24 09:07:00,Completed,40932
2601,658,,6,,2024-08-24 09:09:00,2024-08-24 10:24:00,2024-08-24 09:47:00,Completed,100987
2602,1323,,6,,2024-08-24 09:32:00,2024-08-24 12:23:00,2024-08-24 11:53:00,Completed,64452
2603,2130,1901,2,,2024-08-24 09:38:00,2024-08-26 13:00:00,2024-08-29 13:53:00,Completed,198348
2604,1164,1958,4,,2024-08-24 11:30:00,2024-08-26 12:46:00,2024-08-26 10:15:00,Completed,48013
2605,2611,1908,4,,2024-08-24 12:09:00,2024-08-26 09:09:00,2024-08-24 13:03:00,Completed,59819
2606,2686,1929,6,,2024-08-26 07:31:00,2024-08-26 08:53:00,2024-08-26 08:24:00,Completed,59537
2607,2919,1939,3,,2024-08-26 07:32:00,2024-08-26 09:32:00,2024-08-26 08:44:00,Completed,101124
2608,2951,1961,4,,2024-08-26 07:51:00,2024-08-26 12:06:00,2024-08-26 11:25:00,Completed,91626
2609,2859,1873,5,,2024-08-26 08:04:00,2024-08-26 12:34:00,2024-08-26 14:10:00,Completed,69795
2610,2857,1872,6,,2024-08-26 08:08:00,2024-08-26 10:12:00,2024-08-26 09:40:00,Completed,39440
2611,2955,1970,3,,2024-08-26 08:15:00,2024-08-26 09:57:00,2024-08-26 09:31:00,Completed,124684
2612,2491,1934,4,,2024-08-26 08:33:00,2024-08-26 12:40:00,2024-08-26 10:53:00,Completed,164067
2613,2895,1910,3,,2024-08-26 08:38:00,2024-08-26 12:26:00,2024-08-26 11:20:00,Completed,62102
2614,2980,,1,,2024-08-26 09:32:00,2024-08-26 12:02:00,2024-08-26 10:12:00,Completed,163107
2615,1508,,4,,2024-08-26 09:33:00,2024-08-26 11:29:00,2024-08-26 11:15:00,Completed,89338
2616,2960,1966,6,,2024-08-26 09:36:00,2024-08-26 12:06:00,2024-08-26 11:43:00,Completed,17862
2617,1430,1976,5,,2024-08-26 10:08:00,2024-08-26 12:51:00,2024-08-26 14:43:00,Completed,129816
2618,2979,,2,,2024-08-26 10:30:00,2024-08-26 15:56:00,2024-08-26 14:34:00,Completed,191689
2619,2698,1980,3,2517,2024-08-26 11:02:00,2024-08-26 14:20:00,2024-08-26 12:29:00,Completed,213429
2620,142,1957,6,,2024-08-26 11:08:00,2024-08-26 14:10:00,2024-08-26 13:38:00,Completed,181391
2621,2119,,3,,2024-08-26 11:27:00,2024-08-26 13:53:00,2024-08-26 13:35:00,Completed,80703
2622,2953,1960,1,,2024-08-26 11:30:00,2024-08-28 11:34:00,2024-08-28 09:33:00,Completed,59062
2623,635,1954,4,,2024-08-26 12:32:00,2024-08-26 15:47:00,2024-08-26 13:35:00,Completed,38382
2624,2906,1931,6,,2024-08-26 12:39:00,2024-08-26 16:01:00,2024-08-27 07:33:00,Completed,16125
2625,2918,1943,6,,2024-08-26 13:00:00,2024-08-26 16:15:00,2024-08-26 16:08:00,Completed,63348
2626,431,1953,5,,2024-08-26 13:38:00,2024-08-27 07:53:00,2024-08-26 15:42:00,Completed,127467
2627,2984,1985,6,,2024-08-27 07:34:00,2024-08-27 10:49:00,2024-08-27 09:04:00,Completed,130091
2628,1451,1905,5,,2024-08-27 07:36:00,2024-08-27 08:51:00,2024-08-27 08:25:00,Completed,175154
2629,2619,1888,3,,2024-08-27 08:34:00,2024-08-27 12:04:00,2024-08-27 09:45:00,Completed,195851
2630,1158,1952,5,,2024-08-27 09:02:00,2024-08-27 11:02:00,2024-08-27 10:07:00,Completed,186040
2631,2358,,4,,2024-08-27 10:11:00,2024-08-27 11:26:00,2024-08-27 10:40:00,Completed,24121
2632,2986,1990,5,,2024-08-27 11:02:00,2024-08-27 15:17:00,2024-08-27 12:52:00,Completed,117814
2633,1929,1986,2,,2024-08-27 11:03:00,2024-08-28 16:20:00,2024-08-28 15:51:00,Completed,107520
2634,2983,1978,5,,2024-08-27 11:30:00,2024-08-27 14:53:00,2024-08-27 14:48:00,Completed,72149
2635,1355,1963,1,,2024-08-27 12:02:00,2024-08-28 08:24:00,2024-08-27 15:11:00,Completed,101493
2636,1347,1983,2,,2024-08-27 12:07:00,2024-08-27 15:40:00,2024-08-27 16:49:00,Completed,245494
2637,86,1987,5,,2024-08-27 12:35:00,2024-08-28 07:48:00,2024-08-28 09:10:00,Completed,135734
2638,105,1992,6,,2024-08-27 14:03:00,2024-08-27 17:30:00,2024-08-28 07:39:00,Completed,105716
2639,2985,1991,4,,2024-08-27 14:06:00,2024-08-27 16:06:00,2024-08-27 15:32:00,Completed,22574
2640,2966,1964,5,,2024-08-28 07:32:00,2024-08-28 09:32:00,2024-08-28 08:54:00,Completed,63062
2641,1342,1974,5,,2024-08-28 08:07:00,2024-08-28 09:40:00,2024-08-28 09:17:00,Completed,150226
2642,218,,3,,2024-08-28 09:42:00,2024-08-28 11:42:00,2024-08-28 10:59:00,Completed,196603
2643,2118,1962,6,,2024-08-28 10:33:00,2024-08-28 12:18:00,2024-08-28 11:54:00,Completed,30985
2644,2990,,5,,2024-08-28 10:40:00,2024-08-28 15:32:00,2024-08-28 16:18:00,Completed,23050
2645,2766,1792,4,,2024-08-28 11:00:00,2024-08-28 13:30:00,2024-08-28 14:24:00,Completed,126701
2646,1838,1900,6,,2024-08-28 11:34:00,2024-08-28 13:29:00,2024-08-28 12:53:00,Completed,99320
2647,2921,1942,1,,2024-08-28 12:06:00,2024-08-28 16:21:00,2024-08-28 13:59:00,Completed,78316
2648,2992,,6,,2024-08-28 13:55:00,2024-08-28 15:40:00,2024-08-28 15:11:00,Completed,45730
2649,2989,1993,4,,2024-08-28 14:05:00,2024-08-28 16:35:00,2024-08-28 15:23:00,Completed,114621
2650,2847,1972,5,,2024-08-28 14:39:00,2024-08-29 09:09:00,2024-08-29 09:39:00,Completed,170733
2651,2967,1971,1,,2024-08-28 15:01:00,2024-08-29 10:46:00,2024-08-29 07:45:00,Completed,47124
2652,2927,1944,6,,2024-08-29 08:07:00,2024-08-29 10:22:00,2024-08-29 10:05:00,Completed,94059
2653,2942,1955,6,,2024-08-29 08:32:00,2024-08-29 11:50:00,2024-08-29 11:58:00,Completed,91707
2654,2873,1893,5,,2024-08-29 08:33:00,2024-08-29 13:03:00,2024-08-29 11:39:00,Completed,116475
2655,194,1984,3,,2024-08-29 09:36:00,2024-08-30 11:55:00,2024-08-30 12:43:00,Completed,225598
2656,2907,1935,6,,2024-08-29 09:39:00,2024-08-29 12:57:00,2024-08-29 13:04:00,Completed,203877
2657,3002,,3,,2024-08-29 10:03:00,2024-08-29 15:48:00,2024-08-29 13:20:00,Completed,17061
2658,2999,,2,,2024-08-29 10:21:00,2024-08-29 13:36:00,2024-08-29 11:30:00,Completed,75568
2659,1343,,3,,2024-08-29 10:42:00,2024-08-29 13:23:00,2024-08-29 13:48:00,Completed,153886
2660,2110,1975,1,2358,2024-08-29 11:03:00,2024-08-29 16:14:00,2024-09-06 13:41:00,Completed,66324
2661,2993,1994,6,,2024-08-29 11:35:00,2024-08-30 10:54:00,2024-08-30 11:25:00,Completed,101287
2662,2196,1947,2,,2024-08-29 11:35:00,2024-08-30 08:20:00,2024-08-29 16:54:00,Completed,93777
2663,3001,2005,4,,2024-08-29 12:05:00,2024-08-29 16:35:00,2024-08-29 14:52:00,Completed,130180
2664,178,1950,3,,2024-08-29 12:30:00,2024-08-29 14:45:00,2024-08-29 14:33:00,Completed,143228
2665,3006,,6,,2024-08-29 12:31:00,2024-08-29 13:52:00,2024-08-29 13:24:00,Completed,75145
2666,2995,2004,3,,2024-08-29 13:00:00,2024-08-29 15:05:00,2024-08-29 14:57:00,Completed,60538
2667,2998,,4,,2024-08-29 13:10:00,2024-08-30 07:31:00,2024-08-30 07:48:00,Completed,98315
2668,3003,2010,6,,2024-08-29 13:34:00,2024-08-29 14:49:00,2024-08-29 14:13:00,Completed,51476
2669,2954,1959,3,,2024-08-29 15:35:00,2024-08-30 08:05:00,2024-08-29 16:11:00,Completed,133897
2670,2968,1967,5,,2024-08-29 15:37:00,2024-08-29 17:30:00,2024-08-29 16:22:00,Completed,29793
2671,427,2009,2,,2024-08-30 07:33:00,2024-09-03 09:30:00,2024-08-31 13:16:00,Completed,162178
2672,2996,2002,6,,2024-08-30 08:01:00,2024-08-30 11:16:00,2024-08-30 10:53:00,Completed,17107
2673,3020,,6,,2024-08-30 08:10:00,2024-08-30 13:11:00,2024-08-30 12:35:00,Completed,257034
2674,160,2013,4,,2024-08-30 08:35:00,2024-08-30 10:35:00,2024-08-30 09:28:00,Completed,280482
2675,69,1883,4,,2024-08-30 08:37:00,2024-08-30 12:10:00,2024-08-30 11:27:00,Completed,186806
2676,3019,2022,5,,2024-08-30 09:00:00,2024-08-30 11:30:00,2024-08-30 10:58:00,Completed,89464
2677,2229,2017,6,,2024-08-30 09:01:00,2024-08-30 12:26:00,2024-08-30 13:12:00,Completed,53188
2678,1863,2003,5,,2024-08-30 09:38:00,2024-08-30 14:57:00,2024-08-30 13:19:00,Completed,38611
2679,1438,,2,,2024-08-30 09:53:00,2024-08-30 12:23:00,2024-08-30 11:04:00,Completed,69104
2680,3017,,2,,2024-08-30 10:29:00,2024-08-30 13:11:00,2024-08-30 12:18:00,Completed,59898
2681,3015,,4,,2024-08-30 10:46:00,2024-08-30 17:30:00,2024-08-30 13:57:00,Completed,226833
2682,2976,1965,4,,2024-08-30 11:37:00,2024-08-30 14:13:00,2024-08-30 14:11:00,Completed,45490
2683,811,2015,5,,2024-08-30 12:30:00,2024-08-30 14:04:00,2024-08-30 13:46:00,Completed,260964
2684,1505,,6,,2024-08-30 13:27:00,2024-08-30 16:42:00,2024-08-30 14:37:00,Completed,77168
2685,2908,1933,6,,2024-08-30 14:09:00,2024-08-30 15:36:00,2024-08-30 15:21:00,Completed,39986
2686,129,1855,6,,2024-08-31 08:01:00,2024-08-31 11:16:00,2024-08-31 09:22:00,Completed,109941
2687,3010,2006,6,,2024-08-31 08:02:00,2024-08-31 09:57:00,2024-08-31 09:49:00,Completed,49600
2688,2490,2007,6,,2024-08-31 08:28:00,2024-08-31 11:52:00,2024-08-31 11:50:00,Completed,77109
2689,850,2028,5,,2024-08-31 08:30:00,2024-09-03 12:00:00,2024-09-04 10:41:00,Completed,66729
2690,3,2018,4,,2024-08-31 08:49:00,2024-08-31 12:34:00,2024-08-31 10:18:00,Completed,191606
2691,2005,,6,,2024-08-31 09:01:00,2024-08-31 12:17:00,2024-08-31 12:58:00,Completed,215904
2692,2562,2021,6,,2024-08-31 09:05:00,2024-09-03 08:12:00,2024-09-03 07:50:00,Completed,86864
2693,2041,2014,6,,2024-08-31 09:09:00,2024-09-03 08:47:00,2024-09-03 12:00:00,Completed,60117
2694,3021,2025,5,,2024-08-31 09:32:00,2024-08-31 12:47:00,2024-08-31 10:34:00,Completed,130892
2695,2191,,5,,2024-08-31 09:34:00,2024-08-31 14:00:00,2024-08-31 11:47:00,Completed,68347
2696,187,1979,5,,2024-08-31 10:05:00,2024-09-03 09:23:00,2024-09-03 09:12:00,Completed,242527
2697,1385,1977,5,,2024-08-31 10:05:00,2024-09-03 12:51:00,2024-09-03 15:45:00,Completed,189926
2698,1145,1981,6,,2024-08-31 10:22:00,2024-09-03 09:28:00,2024-09-03 10:27:00,Completed,257404
2699,1035,2039,4,,2024-09-03 07:31:00,2024-09-03 08:46:00,2024-09-03 08:11:00,Completed,95637
2700,2718,1988,6,,2024-09-03 07:36:00,2024-09-03 11:38:00,2024-09-03 11:54:00,Completed,194408
2701,1700,2020,5,,2024-09-03 08:09:00,2024-09-03 15:42:00,2024-09-03 14:59:00,Completed,259447
2702,1584,,3,,2024-09-03 08:20:00,2024-09-03 09:57:00,2024-09-03 09:24:00,Completed,55837
2703,1872,,6,,2024-09-03 08:24:00,2024-09-03 11:31:00,2024-09-03 12:09:00,Completed,95554
2704,3028,,5,,2024-09-03 08:27:00,2024-09-03 17:30:00,2024-09-04 08:14:00,Completed,40980
2705,2979,,2,2618,2024-09-03 09:00:00,2024-09-03 13:18:00,2024-09-03 10:55:00,Completed,192012
2706,681,2011,2,,2024-09-03 09:30:00,2024-09-03 14:33:00,2024-09-03 14:05:00,Completed,73688
2707,2237,,1,,2024-09-03 09:33:00,2024-09-05 12:04:00,2024-09-05 13:42:00,Completed,78454
2708,1994,2001,1,,2024-09-03 10:01:00,2024-09-03 14:31:00,2024-09-03 13:47:00,Completed,167334
2709,961,,6,,2024-09-03 10:15:00,2024-09-03 16:35:00,2024-09-03 16:50:00,Completed,98051
2710,945,1996,3,,2024-09-03 10:32:00,2024-09-03 13:09:00,2024-09-03 12:14:00,Completed,140561
2711,908,,5,,2024-09-03 10:56:00,2024-09-04 07:47:00,2024-09-04 11:00:00,Completed,121833
2712,1344,2052,6,,2024-09-03 11:02:00,2024-09-04 08:02:00,2024-09-04 10:40:00,Completed,61357
2713,320,2042,5,,2024-09-03 11:09:00,2024-09-03 16:00:00,2024-09-04 08:48:00,Completed,246592
2714,664,2056,6,,2024-09-03 11:25:00,2024-09-04 10:46:00,2024-09-04 10:57:00,Completed,155417
2715,366,2051,4,,2024-09-03 12:06:00,2024-09-04 07:51:00,2024-09-03 14:47:00,Completed,145506
2716,2846,2048,2,2477,2024-09-03 12:34:00,2024-09-03 15:11:00,2024-09-03 13:11:00,Completed,108155
2717,2520,,2,,2024-09-03 12:55:00,2024-09-04 08:00:00,2024-09-04 07:50:00,Completed,75614
2718,2153,,4,,2024-09-03 13:59:00,2024-09-05 10:07:00,2024-09-05 08:23:00,Completed,163183
2719,322,2049,3,,2024-09-03 15:02:00,2024-09-04 09:09:00,2024-09-03 17:05:00,Completed,266404
2720,2633,2016,6,,2024-09-03 15:04:00,2024-09-04 09:55:00,2024-09-04 11:19:00,Completed,37099
2721,2116,2058,5,,2024-09-03 15:28:00,2024-09-04 11:34:00,2024-09-04 09:06:00,Completed,84208
2722,884,1998,3,,2024-09-03 15:34:00,2024-09-04 08:47:00,2024-09-04 09:13:00,Completed,104701
2723,2026,2054,3,,2024-09-04 08:00:00,2024-09-04 11:15:00,2024-09-04 10:28:00,Completed,74409
2724,34,1997,4,,2024-09-04 08:03:00,2024-09-04 09:55:00,2024-09-04 09:14:00,Completed,230027
2725,3035,,4,,2024-09-04 08:14:00,2024-09-04 10:58:00,2024-09-04 10:17:00,Completed,70895
2726,3031,2057,3,,2024-09-04 08:16:00,2024-09-04 14:25:00,2024-09-05 13:16:00,Completed,161773
2727,3037,,6,,2024-09-04 08:38:00,2024-09-04 13:56:00,2024-09-04 14:07:00,Completed,80419
2728,2055,,5,,2024-09-04 09:03:00,2024-09-04 12:33:00,2024-09-04 10:41:00,Completed,103452
2729,533,1989,6,,2024-09-04 09:06:00,2024-09-04 13:19:00,2024-09-04 14:39:00,Completed,223268
2730,3036,,5,,2024-09-04 09:23:00,2024-09-04 12:25:00,2024-09-04 12:10:00,Completed,28831
2731,3030,2053,3,,2024-09-04 09:31:00,2024-09-04 14:28:00,2024-09-04 14:06:00,Completed,37953
2732,2511,2045,5,,2024-09-04 09:32:00,2024-09-04 14:12:00,2024-09-04 14:16:00,Completed,66784
2733,2071,2044,4,,2024-09-04 11:01:00,2024-09-04 12:31:00,2024-09-04 11:46:00,Completed,98573
2734,206,,4,,2024-09-04 13:16:00,2024-09-04 17:30:00,2024-09-05 08:07:00,Completed,214945
2735,2280,2040,6,,2024-09-04 13:31:00,2024-09-04 16:07:00,2024-09-04 15:46:00,Completed,47849
2736,2672,2050,6,,2024-09-04 14:06:00,2024-09-04 17:30:00,2024-09-05 07:34:00,Completed,31486
2737,1365,2064,6,,2024-09-04 14:06:00,2024-09-05 08:20:00,2024-09-05 08:50:00,Completed,103693
2738,3039,2072,6,,2024-09-05 08:09:00,2024-09-05 13:46:00,2024-09-05 12:06:00,Completed,78773
2739,1593,,5,,2024-09-05 08:27:00,2024-09-05 10:57:00,2024-09-05 10:44:00,Completed,167020
2740,1360,2071,5,,2024-09-05 08:33:00,2024-09-05 14:00:00,2024-09-05 15:13:00,Completed,230843
2741,3013,2012,4,,2024-09-05 08:35:00,2024-09-05 09:50:00,2024-09-05 09:13:00,Completed,90783
2742,830,,2,,2024-09-05 08:55:00,2024-09-09 07:36:00,2024-09-07 12:05:00,Completed,105462
2743,3027,2047,6,,2024-09-05 09:04:00,2024-09-05 14:31:00,2024-09-05 14:57:00,Completed,41382
2744,3042,,6,,2024-09-05 09:18:00,2024-09-05 15:53:00,2024-09-06 08:13:00,Completed,28165
2745,2606,2041,5,,2024-09-05 09:35:00,2024-09-05 12:22:00,2024-09-05 12:41:00,Completed,108134
2746,3041,,5,,2024-09-05 09:37:00,2024-09-05 14:00:00,2024-09-05 14:40:00,Completed,31893
2747,261,2073,6,,2024-09-05 10:30:00,2024-09-05 15:21:00,2024-09-06 08:36:00,Completed,97989
2748,2896,,3,2551,2024-09-05 10:40:00,2024-09-05 13:43:00,2024-09-05 14:19:00,Completed,96319
2749,3022,2027,5,,2024-09-05 11:00:00,2024-09-05 15:09:00,2024-09-05 15:48:00,Completed,96119
2750,3038,2066,2,,2024-09-05 11:05:00,2024-09-06 17:30:00,2024-09-06 13:50:00,Completed,136569
2751,3040,,4,,2024-09-05 13:14:00,2024-09-05 14:59:00,2024-09-05 14:18:00,Completed,57469
2752,1769,,3,,2024-09-05 14:58:00,2024-09-06 08:43:00,2024-09-06 07:30:00,Completed,99570
2753,1394,2076,1,,2024-09-05 15:01:00,2024-09-06 09:31:00,2024-09-05 17:00:00,Completed,253692
2754,2231,2070,3,,2024-09-06 07:31:00,2024-09-06 14:16:00,2024-09-06 11:56:00,Completed,142128
2755,3024,2023,5,,2024-09-06 07:36:00,2024-09-06 10:21:00,2024-09-06 09:45:00,Completed,97906
2756,2006,2024,6,,2024-09-06 08:03:00,2024-09-06 09:34:00,2024-09-06 09:17:00,Completed,268986
2757,3023,2029,5,,2024-09-06 09:35:00,2024-09-06 11:20:00,2024-09-06 10:49:00,Completed,180120
2758,354,2063,4,,2024-09-06 10:02:00,2024-09-06 11:54:00,2024-09-06 11:11:00,Completed,148957
2759,3051,,3,,2024-09-06 10:54:00,2024-09-06 17:30:00,2024-09-06 14:20:00,Completed,178292
2760,2503,1995,4,,2024-09-06 11:01:00,2024-09-06 12:16:00,2024-09-06 11:40:00,Completed,250416
2761,1022,2032,4,,2024-09-06 13:01:00,2024-09-06 17:30:00,2024-09-06 15:20:00,Completed,131730
2762,164,2031,3,,2024-09-06 15:03:00,2024-09-06 16:18:00,2024-09-06 15:43:00,Completed,256455
2763,2590,,5,,2024-09-07 09:00:00,2024-09-07 12:00:00,2024-09-07 11:42:00,Completed,51479
2764,790,2034,6,,2024-09-07 09:08:00,2024-09-07 12:38:00,2024-09-07 13:52:00,Completed,171630
2765,3046,2075,2,,2024-09-07 09:33:00,2024-09-09 09:10:00,2024-09-09 09:10:00,Completed,151549
2766,1736,,3,,2024-09-07 09:40:00,2024-09-07 12:17:00,2024-09-07 11:16:00,Completed,100170
2767,3056,,6,,2024-09-07 10:00:00,2024-09-07 13:11:00,2024-09-07 12:47:00,Completed,175440
2768,2359,2037,5,,2024-09-07 10:35:00,2024-09-07 12:17:00,2024-09-07 12:08:00,Completed,134563
2769,1067,,6,,2024-09-07 11:03:00,2024-09-09 09:30:00,2024-09-09 08:23:00,Completed,41020
2770,1925,,4,,2024-09-07 12:53:00,2024-09-09 08:15:00,2024-09-07 13:47:00,Completed,58340
2771,1054,2091,2,,2024-09-09 07:35:00,2024-09-09 11:20:00,2024-09-09 08:58:00,Completed,87513
2772,2493,2081,6,,2024-09-09 08:09:00,2024-09-09 09:21:00,2024-09-09 08:54:00,Completed,60193
2773,1774,2062,6,,2024-09-09 08:35:00,2024-09-09 11:40:00,2024-09-09 10:15:00,Completed,97722
2774,3033,2055,4,,2024-09-09 09:08:00,2024-09-09 13:38:00,2024-09-09 13:50:00,Completed,249419
2775,3014,2019,4,,2024-09-09 09:35:00,2024-09-09 13:11:00,2024-09-09 12:42:00,Completed,106135
2776,583,,5,,2024-09-09 09:51:00,2024-09-09 13:21:00,2024-09-09 11:19:00,Completed,116777
2777,1902,2088,6,,2024-09-09 10:06:00,2024-09-09 14:06:00,2024-09-09 12:18:00,Completed,112381
2778,272,,6,,2024-09-09 10:44:00,2024-09-09 15:57:00,2024-09-09 14:36:00,Completed,143461
2779,1087,2035,6,,2024-09-09 11:07:00,2024-09-10 07:50:00,2024-09-10 11:03:00,Completed,90387
2780,2340,2096,5,,2024-09-09 12:04:00,2024-09-09 14:34:00,2024-09-09 16:22:00,Completed,56902
2781,727,2068,1,,2024-09-09 13:00:00,2024-09-09 17:30:00,2024-09-09 17:15:00,Completed,147450
2782,2401,2098,3,,2024-09-09 15:33:00,2024-09-09 17:30:00,2024-09-09 16:03:00,Completed,52025
2783,3057,2090,4,,2024-09-10 07:30:00,2024-09-10 10:15:00,2024-09-10 10:44:00,Completed,81251
2784,1951,2102,6,,2024-09-10 07:39:00,2024-09-10 08:46:00,2024-09-10 08:16:00,Completed,178450
2785,1368,2067,3,,2024-09-10 08:00:00,2024-09-10 09:30:00,2024-09-10 08:50:00,Completed,152960
2786,669,2038,6,,2024-09-10 08:04:00,2024-09-10 09:19:00,2024-09-10 08:45:00,Completed,154385
2787,2868,2069,5,,2024-09-10 08:23:00,2024-09-10 11:45:00,2024-09-10 11:00:00,Completed,63023
2788,1004,2100,2,,2024-09-10 08:35:00,2024-09-12 10:57:00,2024-09-12 09:09:00,Completed,204111
2789,2759,2101,2,,2024-09-10 08:53:00,2024-09-10 13:23:00,2024-09-10 11:17:00,Completed,73106
2790,2813,,4,,2024-09-10 11:37:00,2024-09-10 15:22:00,2024-09-10 13:59:00,Completed,64726
2791,3034,2059,6,,2024-09-10 14:32:00,2024-09-10 17:30:00,2024-09-10 15:18:00,Completed,30719
2792,635,1982,3,,2024-09-10 14:34:00,2024-09-10 15:56:00,2024-09-10 15:17:00,Completed,38913
2793,2986,2116,5,2632,2024-09-11 07:30:00,2024-09-11 10:48:00,2024-09-11 11:36:00,Completed,118482
2794,2575,2112,3,,2024-09-11 07:34:00,2024-09-11 10:04:00,2024-09-11 08:02:00,Completed,75040
2795,15,,5,,2024-09-11 08:10:00,2024-09-11 09:38:00,2024-09-11 09:02:00,Completed,139857
2796,2393,,2,,2024-09-11 09:20:00,2024-09-11 13:42:00,2024-09-11 11:13:00,Completed,102854
2797,2786,2107,4,,2024-09-11 09:37:00,2024-09-11 12:07:00,2024-09-11 10:02:00,Completed,72706
2798,1563,,3,,2024-09-11 10:24:00,2024-09-11 11:39:00,2024-09-11 11:02:00,Completed,76641
2799,1581,2097,6,,2024-09-11 10:30:00,2024-09-11 13:45:00,2024-09-11 11:58:00,Completed,97347
2800,1464,2000,3,,2024-09-11 11:06:00,2024-09-11 13:36:00,2024-09-11 14:50:00,Completed,76953
2801,2460,,4,,2024-09-11 12:48:00,2024-09-11 17:30:00,2024-09-11 15:54:00,Completed,105440
2802,2122,2078,6,,2024-09-11 13:35:00,2024-09-11 14:50:00,2024-09-11 14:20:00,Completed,122795
2803,3066,,6,,2024-09-11 13:59:00,2024-09-11 15:19:00,2024-09-11 14:45:00,Completed,37174
2804,2116,,5,2721,2024-09-11 14:16:00,2024-09-11 16:31:00,2024-09-12 07:58:00,Completed,84410
2805,2454,2105,4,,2024-09-11 14:31:00,2024-09-11 15:46:00,2024-09-11 15:15:00,Completed,153707
2806,2142,2083,1,,2024-09-11 14:32:00,2024-09-12 08:24:00,2024-09-11 15:54:00,Completed,128971
2807,3053,2085,5,,2024-09-12 07:31:00,2024-09-12 12:01:00,2024-09-12 11:06:00,Completed,51955
2808,3026,2036,3,,2024-09-12 08:01:00,2024-09-12 15:16:00,2024-09-12 12:02:00,Completed,118686
2809,3061,2110,5,,2024-09-12 08:04:00,2024-09-12 11:37:00,2024-09-12 13:00:00,Completed,152333
2810,446,2117,4,,2024-09-12 08:23:00,2024-09-12 11:38:00,2024-09-12 10:22:00,Completed,108970
2811,3069,,2,,2024-09-12 09:35:00,2024-09-12 14:20:00,2024-09-12 11:28:00,Completed,15870
2812,3070,,3,,2024-09-12 10:03:00,2024-09-12 17:30:00,2024-09-12 17:07:00,Completed,135235
2813,2638,2094,6,,2024-09-12 10:03:00,2024-09-12 11:33:00,2024-09-12 11:07:00,Completed,202526
2814,3050,2077,2,,2024-09-12 10:06:00,2024-09-12 12:22:00,2024-09-12 11:54:00,Completed,107310
2815,1868,2118,1,,2024-09-12 11:07:00,2024-09-12 15:22:00,2024-09-12 12:32:00,Completed,130134
2816,2332,2106,5,,2024-09-12 11:09:00,2024-09-12 17:30:00,2024-09-12 14:05:00,Completed,98011
2817,3060,2115,6,,2024-09-12 13:30:00,2024-09-12 15:30:00,2024-09-12 15:05:00,Completed,188739
2818,633,2129,4,,2024-09-13 07:36:00,2024-09-13 11:28:00,2024-09-13 13:40:00,Completed,160824
2819,399,,3,,2024-09-13 09:38:00,2024-09-13 12:08:00,2024-09-13 11:24:00,Completed,157784
2820,1347,,3,2636,2024-09-13 10:28:00,2024-09-13 13:18:00,2024-09-13 11:48:00,Completed,246025
2821,152,,3,,2024-09-13 10:40:00,2024-09-13 15:56:00,2024-09-13 13:55:00,Completed,199289
2822,3074,,6,,2024-09-13 11:20:00,2024-09-13 12:35:00,2024-09-13 11:59:00,Completed,55473
2823,1624,2104,4,,2024-09-13 11:34:00,2024-09-13 12:52:00,2024-09-13 12:19:00,Completed,100097
2824,2340,2133,5,2780,2024-09-13 12:37:00,2024-09-13 15:03:00,2024-09-13 15:13:00,Completed,57053
2825,2964,,4,,2024-09-13 14:26:00,2024-09-13 15:56:00,2024-09-13 15:22:00,Completed,194850
2826,2567,,1,,2024-09-13 14:53:00,2024-09-13 16:11:00,2024-09-13 15:22:00,Completed,122087
2827,3078,2131,5,,2024-09-13 15:01:00,2024-09-14 09:23:00,2024-09-13 16:39:00,Completed,206065
2828,2133,1932,6,,2024-09-13 15:03:00,2024-09-14 09:33:00,2024-09-14 09:24:00,Completed,18321
2829,3077,,4,,2024-09-13 15:15:00,2024-09-14 12:07:00,2024-09-14 09:50:00,Completed,125421
2830,1753,2065,4,,2024-09-14 08:03:00,2024-09-14 10:54:00,2024-09-14 10:45:00,Completed,149678
2831,2677,2111,1,,2024-09-14 08:36:00,2024-09-14 14:00:00,2024-09-14 10:38:00,Completed,63540
2832,1177,,1,,2024-09-14 09:19:00,2024-09-17 13:07:00,2024-09-19 11:38:00,Completed,174779
2833,1098,,1,,2024-09-14 09:28:00,2024-09-14 14:00:00,2024-09-14 11:27:00,Completed,281183
2834,2270,,6,,2024-09-14 10:48:00,2024-09-14 12:40:00,2024-09-14 12:00:00,Completed,95189
2835,1895,2130,6,,2024-09-16 07:30:00,2024-09-16 10:45:00,2024-09-16 08:49:00,Completed,102402
2836,2515,2030,3,,2024-09-16 07:33:00,2024-09-16 10:33:00,2024-09-16 09:40:00,Completed,185060
2837,75,2160,4,,2024-09-16 08:03:00,2024-09-16 10:33:00,2024-09-16 09:30:00,Completed,226622
2838,3101,,1,,2024-09-16 08:30:00,2024-09-16 12:22:00,2024-09-16 10:32:00,Completed,100257
2839,2343,2155,4,,2024-09-16 08:34:00,2024-09-16 10:19:00,2024-09-16 09:50:00,Completed,48838
2840,3028,,3,2704,2024-09-16 08:52:00,2024-09-16 11:54:00,2024-09-16 10:03:00,Completed,41561
2841,3046,,1,2765,2024-09-16 09:02:00,2024-09-16 12:45:00,2024-09-16 11:25:00,Completed,152205
2842,1138,,4,,2024-09-16 09:08:00,2024-09-16 14:15:00,2024-09-16 11:50:00,Completed,191392
2843,826,2141,3,,2024-09-16 09:39:00,2024-09-16 13:42:00,2024-09-16 11:23:00,Completed,261067
2844,2521,2152,6,,2024-09-16 10:09:00,2024-09-16 13:24:00,2024-09-16 11:36:00,Completed,133067
2845,1013,2139,6,,2024-09-16 10:39:00,2024-09-16 12:22:00,2024-09-16 12:02:00,Completed,49667
2846,249,2046,6,,2024-09-16 11:38:00,2024-09-16 16:32:00,2024-09-16 14:43:00,Completed,252835
2847,2164,2158,6,,2024-09-16 14:09:00,2024-09-16 15:32:00,2024-09-16 15:08:00,Completed,108015
2848,1618,2142,4,,2024-09-16 14:32:00,2024-09-16 16:32:00,2024-09-16 15:38:00,Completed,136690
2849,805,2166,6,,2024-09-17 07:30:00,2024-09-17 08:45:00,2024-09-17 08:26:00,Completed,57902
2850,243,2157,4,,2024-09-17 07:36:00,2024-09-17 12:36:00,2024-09-17 10:24:00,Completed,97735
2851,2499,2135,6,,2024-09-17 08:01:00,2024-09-17 12:17:00,2024-09-17 10:31:00,Completed,93711
2852,2353,2087,3,,2024-09-17 08:07:00,2024-09-17 11:07:00,2024-09-17 09:57:00,Completed,120436
2853,3067,2120,6,,2024-09-17 08:37:00,2024-09-17 12:39:00,2024-09-17 12:34:00,Completed,186098
2854,2033,2061,3,,2024-09-17 09:02:00,2024-09-17 13:47:00,2024-09-17 14:22:00,Completed,94150
2855,2179,,6,,2024-09-17 09:12:00,2024-09-17 13:52:00,2024-09-17 15:08:00,Completed,162833
2856,3054,2079,1,,2024-09-17 09:34:00,2024-09-17 12:34:00,2024-09-17 11:12:00,Completed,43300
2857,1322,2156,3,,2024-09-17 10:08:00,2024-09-17 13:24:00,2024-09-17 12:57:00,Completed,121326
2858,3105,,3,,2024-09-17 11:06:00,2024-09-17 17:30:00,2024-09-17 15:27:00,Completed,80550
2859,3106,,3,,2024-09-17 11:40:00,2024-09-17 14:59:00,2024-09-17 15:35:00,Completed,15574
2860,3108,2169,6,,2024-09-17 14:09:00,2024-09-18 09:21:00,2024-09-17 17:21:00,Completed,48007
2861,2706,2167,6,,2024-09-17 14:37:00,2024-09-18 09:41:00,2024-09-18 10:18:00,Completed,106799
2862,1657,2146,4,,2024-09-17 15:00:00,2024-09-17 17:30:00,2024-09-17 16:07:00,Completed,101154
2863,3036,2121,3,,2024-09-18 08:00:00,2024-09-18 13:00:00,2024-09-18 14:12:00,Completed,29440
2864,3063,2114,3,,2024-09-18 08:02:00,2024-09-18 10:37:00,2024-09-18 10:54:00,Completed,134530
2865,3119,,4,,2024-09-18 08:18:00,2024-09-19 13:34:00,2024-09-20 13:15:00,Completed,153030
2866,3086,2148,2,,2024-09-18 08:36:00,2024-09-18 15:06:00,2024-09-18 12:02:00,Completed,134938
2867,3120,,6,,2024-09-18 08:38:00,2024-09-18 12:15:00,2024-09-18 12:23:00,Completed,154653
2868,338,2082,6,,2024-09-18 09:01:00,2024-09-18 13:20:00,2024-09-18 12:56:00,Completed,227430
2869,3062,2108,6,,2024-09-18 09:08:00,2024-09-18 14:27:00,2024-09-18 15:20:00,Completed,67153
2870,3121,,6,,2024-09-18 09:24:00,2024-09-18 16:06:00,2024-09-19 08:37:00,Completed,68786
2871,2258,,4,,2024-09-18 09:41:00,2024-09-20 13:54:00,2024-09-21 12:50:00,Completed,68977
2872,497,,6,,2024-09-18 10:18:00,2024-09-18 15:09:00,2024-09-18 17:05:00,Completed,238145
2873,706,2140,1,,2024-09-18 10:38:00,2024-09-18 15:08:00,2024-09-18 12:36:00,Completed,153592
2874,3021,,4,2694,2024-09-18 11:24:00,2024-09-18 14:05:00,2024-09-18 12:16:00,Completed,131670
2875,3110,2168,3,,2024-09-18 11:34:00,2024-09-18 12:49:00,2024-09-18 12:14:00,Completed,67480
2876,51,2122,5,,2024-09-18 14:06:00,2024-09-19 08:21:00,2024-09-20 12:35:00,Completed,204661
2877,2454,2173,4,,2024-09-18 15:03:00,2024-09-18 17:30:00,2024-09-18 16:15:00,Completed,154075
2878,3071,2126,4,,2024-09-18 15:07:00,2024-09-19 07:37:00,2024-09-18 16:55:00,Completed,81154
2879,2935,1946,4,,2024-09-19 07:31:00,2024-09-19 11:53:00,2024-09-19 09:31:00,Completed,175817
2880,3113,2177,3,,2024-09-19 08:34:00,2024-09-19 12:26:00,2024-09-19 10:22:00,Completed,29570
2881,752,2184,6,,2024-09-19 08:35:00,2024-09-19 10:53:00,2024-09-19 10:38:00,Completed,199427
2882,3117,2172,4,,2024-09-19 09:31:00,2024-09-19 10:46:00,2024-09-19 10:05:00,Completed,147435
2883,3130,,5,,2024-09-19 09:59:00,2024-09-19 12:55:00,2024-09-19 11:57:00,Completed,1195
2884,3126,,6,,2024-09-19 10:01:00,2024-09-19 13:42:00,2024-09-19 14:08:00,Completed,74552
2885,3129,,2,,2024-09-19 10:31:00,2024-09-19 15:01:00,2024-09-21 11:15:00,Completed,100349
2886,3125,2185,3,,2024-09-19 10:36:00,2024-09-19 12:06:00,2024-09-19 11:27:00,Completed,34117
2887,3127,,6,,2024-09-19 10:57:00,2024-09-19 13:54:00,2024-09-19 14:22:00,Completed,105891
2888,3123,,1,,2024-09-19 11:38:00,2024-09-19 15:08:00,2024-09-19 16:35:00,Completed,174631
2889,2519,2145,6,,2024-09-19 12:30:00,2024-09-19 14:39:00,2024-09-19 14:55:00,Completed,111029
2890,3102,2164,3,,2024-09-19 14:05:00,2024-09-19 17:30:00,2024-09-19 17:25:00,Completed,195335
2891,3092,2138,1,,2024-09-20 07:32:00,2024-09-20 11:47:00,2024-09-20 10:44:00,Completed,60126
2892,3095,2143,1,,2024-09-20 07:32:00,2024-09-20 12:33:00,2024-09-23 11:47:00,Completed,149206
2893,908,2174,6,2711,2024-09-20 07:52:00,2024-09-20 10:33:00,2024-09-20 08:41:00,Completed,122275
2894,2051,2175,4,,2024-09-20 08:01:00,2024-09-20 10:31:00,2024-09-20 08:36:00,Completed,222620
2895,712,2179,3,,2024-09-20 08:06:00,2024-09-20 12:36:00,2024-09-20 10:17:00,Completed,236007
2896,3055,2080,6,,2024-09-20 08:34:00,2024-09-20 09:49:00,2024-09-20 09:07:00,Completed,80213
2897,419,2144,2,,2024-09-20 08:36:00,2024-09-20 11:51:00,2024-09-20 10:42:00,Completed,95415
2898,2868,2182,2,,2024-09-20 08:49:00,2024-09-21 09:44:00,2024-09-26 14:49:00,Completed,63706
2899,3133,,5,,2024-09-20 09:10:00,2024-09-20 12:10:00,2024-09-20 10:14:00,Completed,138083
2900,3131,2187,4,,2024-09-20 12:36:00,2024-09-20 16:06:00,2024-09-20 16:34:00,Completed,78673
2901,1805,2127,5,,2024-09-20 14:34:00,2024-09-20 16:11:00,2024-09-20 15:24:00,Completed,120069
2902,326,2099,1,,2024-09-21 08:01:00,2024-09-23 08:53:00,2024-09-21 12:11:00,Completed,172166
2903,3118,2176,2,,2024-09-21 08:04:00,2024-09-21 11:56:00,2024-09-21 11:41:00,Completed,122748
2904,3104,2162,4,,2024-09-21 08:31:00,2024-09-21 12:46:00,2024-09-21 10:33:00,Completed,111430
2905,2689,,1,,2024-09-21 09:03:00,2024-09-23 09:01:00,2024-09-23 11:07:00,Completed,49784
2906,2281,2181,3,,2024-09-21 10:38:00,2024-09-21 11:45:00,2024-09-21 10:57:00,Completed,196070
2907,3097,2159,5,,2024-09-21 11:08:00,2024-09-23 08:30:00,2024-09-23 09:48:00,Completed,70977
2908,2331,,6,,2024-09-21 11:36:00,2024-09-21 14:00:00,2024-09-21 13:31:00,Completed,9028
2909,2707,2165,4,,2024-09-23 07:39:00,2024-09-23 10:09:00,2024-09-23 09:15:00,Completed,97055
2910,1465,2183,4,,2024-09-23 07:39:00,2024-09-23 09:55:00,2024-09-23 09:42:00,Completed,86209
2911,2209,2194,6,,2024-09-23 07:56:00,2024-09-23 10:52:00,2024-09-23 10:14:00,Completed,211027
2912,2026,,4,,2024-09-23 08:18:00,2024-09-23 10:31:00,2024-09-23 10:04:00,Completed,75118
2913,1581,2214,6,2799,2024-09-23 09:06:00,2024-09-23 12:13:00,2024-09-23 12:02:00,Completed,97730
2914,2437,2200,5,,2024-09-23 09:30:00,2024-09-23 10:45:00,2024-09-23 09:59:00,Completed,84019
2915,2445,2180,4,,2024-09-23 10:00:00,2024-09-30 11:00:00,2024-10-01 07:58:00,Completed,51106
2916,3014,,6,,2024-09-23 10:02:00,2024-09-23 12:35:00,2024-09-23 12:22:00,Completed,106663
2917,433,2163,3,,2024-09-23 10:36:00,2024-09-25 14:12:00,2024-09-25 11:30:00,Completed,141347
2918,1964,1999,5,,2024-09-23 12:09:00,2024-09-23 14:46:00,2024-09-23 14:01:00,Completed,84997
2919,65,2192,1,,2024-09-23 12:35:00,2024-09-24 09:57:00,2024-09-23 16:36:00,Completed,147320
2920,2284,,3,,2024-09-23 12:59:00,2024-09-23 16:29:00,2024-09-23 16:58:00,Completed,29587
2921,2611,2128,6,,2024-09-23 14:03:00,2024-09-23 16:40:00,2024-09-23 16:28:00,Completed,61153
2922,3135,2196,1,,2024-09-24 07:32:00,2024-09-25 15:31:00,2024-09-25 14:27:00,Completed,117450
2923,3073,2124,1,,2024-09-24 07:32:00,2024-09-24 09:32:00,2024-09-24 08:30:00,Completed,211482
2924,3167,,4,,2024-09-24 07:53:00,2024-09-24 12:56:00,2024-09-24 14:20:00,Completed,75678
2925,2708,2226,5,,2024-09-24 07:54:00,2024-09-24 10:31:00,2024-09-24 09:41:00,Completed,86265
2926,3132,2186,6,,2024-09-24 08:06:00,2024-09-24 10:21:00,2024-09-24 09:45:00,Completed,145563
2927,3138,2195,5,,2024-09-24 08:31:00,2024-09-24 10:23:00,2024-09-24 10:00:00,Completed,148254
2928,3169,,2,,2024-09-24 09:26:00,2024-09-24 11:56:00,2024-09-24 09:59:00,Completed,139445
2929,3168,,5,,2024-09-24 10:04:00,2024-09-24 14:34:00,2024-09-24 13:02:00,Completed,49923
2930,84,2210,3,,2024-09-24 10:07:00,2024-09-24 12:44:00,2024-09-24 13:46:00,Completed,115725
2931,3172,,3,,2024-09-24 10:26:00,2024-09-24 14:59:00,2024-09-24 12:48:00,Completed,48688
2932,3161,2224,3,,2024-09-24 11:38:00,2024-09-24 14:21:00,2024-09-24 13:55:00,Completed,143457
2933,1699,2191,6,,2024-09-24 12:07:00,2024-09-24 13:37:00,2024-09-24 13:11:00,Completed,40437
2934,3147,2206,6,,2024-09-24 12:09:00,2024-09-24 17:30:00,2024-09-24 15:43:00,Completed,62619
2935,3171,,5,,2024-09-24 13:34:00,2024-09-25 09:49:00,2024-09-25 08:05:00,Completed,200215
2936,3140,2202,6,,2024-09-25 07:32:00,2024-09-25 08:54:00,2024-09-25 08:13:00,Completed,91898
2937,1076,2193,5,,2024-09-25 07:39:00,2024-09-25 11:13:00,2024-09-25 12:15:00,Completed,112020
2938,3174,2231,3,,2024-09-25 07:56:00,2024-09-28 12:42:00,2024-09-30 11:50:00,Completed,219832
2939,2956,2190,4,,2024-09-25 08:00:00,2024-09-25 09:22:00,2024-09-25 08:47:00,Completed,223888
2940,409,2161,1,,2024-09-25 08:06:00,2024-09-26 17:30:00,2024-09-26 14:22:00,Completed,87548
2941,2877,2209,4,,2024-09-25 08:36:00,2024-09-25 09:58:00,2024-09-25 09:08:00,Completed,35001
2942,2687,2233,5,,2024-09-25 09:35:00,2024-09-25 11:50:00,2024-09-25 11:01:00,Completed,74275
2943,1057,2217,2,,2024-09-25 10:05:00,2024-09-25 14:20:00,2024-09-25 15:44:00,Completed,106680
2944,3180,,6,,2024-09-25 10:21:00,2024-09-25 13:51:00,2024-09-25 13:24:00,Completed,117445
2945,3182,,6,,2024-09-25 10:41:00,2024-09-25 14:11:00,2024-09-25 14:51:00,Completed,20231
2946,3162,2225,3,,2024-09-25 13:30:00,2024-09-25 16:30:00,2024-09-25 16:31:00,Completed,110248
2947,3179,,4,,2024-09-25 14:40:00,2024-09-26 08:55:00,2024-09-26 09:20:00,Completed,134975
2948,1569,2230,5,,2024-09-25 15:32:00,2024-09-26 10:02:00,2024-09-27 13:26:00,Completed,118614
2949,2571,2150,6,,2024-09-26 07:31:00,2024-09-26 10:01:00,2024-09-26 08:21:00,Completed,63774
2950,2815,2234,4,,2024-09-26 07:38:00,2024-09-26 10:08:00,2024-09-26 10:48:00,Completed,97673
2951,944,2103,5,,2024-09-26 08:03:00,2024-09-26 11:03:00,2024-09-26 11:35:00,Completed,114431
2952,3187,,6,,2024-09-26 09:08:00,2024-09-26 12:23:00,2024-09-26 10:27:00,Completed,23031
2953,3188,,5,,2024-09-26 09:13:00,2024-09-26 11:20:00,2024-09-26 10:21:00,Completed,68466
2954,3189,,4,,2024-09-26 09:29:00,2024-09-26 13:21:00,2024-09-26 13:07:00,Completed,100632
2955,3191,,5,,2024-09-26 09:55:00,2024-09-26 12:22:00,2024-09-26 11:35:00,Completed,78857
2956,2625,,5,,2024-09-26 10:14:00,2024-09-30 12:00:00,2024-10-03 10:48:00,Completed,40768
2957,1664,,4,,2024-09-26 10:38:00,2024-09-26 13:56:00,2024-09-30 11:13:00,Completed,97350
2958,3026,,1,,2024-09-26 11:47:00,2024-09-26 13:54:00,2024-09-26 12:49:00,Completed,119088
2959,3190,,5,,2024-09-26 12:45:00,2024-09-26 15:15:00,2024-09-30 11:58:00,Completed,49916
2960,183,2204,3,,2024-09-26 13:00:00,2024-09-27 08:00:00,2024-09-27 08:42:00,Completed,124820
2961,2494,2220,3,,2024-09-26 13:03:00,2024-09-26 15:37:00,2024-09-26 15:51:00,Completed,97716
2962,1774,2216,6,2773,2024-09-26 14:30:00,2024-09-26 17:30:00,2024-09-27 08:36:00,Completed,98315
2963,225,2238,5,,2024-09-27 07:35:00,2024-09-27 10:50:00,2024-09-27 10:32:00,Completed,168331
2964,3192,2248,6,,2024-09-27 08:08:00,2024-09-27 09:23:00,2024-09-27 09:09:00,Completed,144972
2965,3151,2207,4,,2024-09-27 08:09:00,2024-09-27 09:24:00,2024-09-27 08:35:00,Completed,74493
2966,3198,2249,5,,2024-09-27 08:36:00,2024-09-30 09:09:00,2024-09-30 09:32:00,Completed,215087
2967,1786,2236,3,,2024-09-27 09:33:00,2024-09-27 13:48:00,2024-09-27 14:29:00,Completed,42326
2968,3194,,6,,2024-09-27 09:45:00,2024-09-30 12:00:00,2024-10-01 11:38:00,Completed,51523
2969,3183,2237,6,,2024-09-27 10:08:00,2024-09-27 11:27:00,2024-09-27 10:59:00,Completed,122089
2970,3176,2229,5,,2024-09-27 10:09:00,2024-09-27 11:31:00,2024-09-27 10:55:00,Completed,67248
2971,3196,,6,,2024-09-27 10:11:00,2024-09-27 13:59:00,2024-09-27 13:17:00,Completed,14096
2972,3197,,3,,2024-09-27 10:51:00,2024-09-27 12:16:00,2024-09-27 11:49:00,Completed,102339
2973,1463,2257,6,,2024-09-28 08:01:00,2024-09-28 12:31:00,2024-09-28 11:17:00,Completed,66416
2974,2192,2198,6,,2024-09-28 08:36:00,2024-09-28 10:55:00,2024-09-28 11:00:00,Completed,219388
2975,2359,2218,3,,2024-09-28 09:05:00,2024-09-28 10:20:00,2024-09-28 09:33:00,Completed,135898
2976,3056,2188,1,,2024-09-28 09:36:00,2024-09-28 11:06:00,2024-09-28 10:24:00,Completed,176202
2977,3100,2149,5,,2024-09-28 10:00:00,2024-09-28 12:00:00,2024-09-28 11:18:00,Completed,12099
2978,2577,2043,5,,2024-09-28 10:00:00,2024-09-28 12:05:00,2024-09-28 11:34:00,Completed,184517
2979,3201,,1,,2024-09-28 10:33:00,2024-09-30 08:18:00,2024-09-28 13:12:00,Completed,94054
2980,1909,2252,6,,2024-09-30 07:30:00,2024-09-30 08:45:00,2024-09-30 08:03:00,Completed,85969
2981,3084,2255,4,,2024-09-30 08:00:00,2024-09-30 09:52:00,2024-09-30 08:57:00,Completed,85681
2982,316,2241,4,,2024-09-30 08:03:00,2024-09-30 09:43:00,2024-09-30 09:10:00,Completed,229121
2983,564,2264,5,,2024-09-30 08:27:00,2024-09-30 10:42:00,2024-09-30 10:07:00,Completed,123661
2984,1821,2033,6,,2024-09-30 08:34:00,2024-09-30 11:19:00,2024-09-30 10:13:00,Completed,149608
2985,3163,2222,1,,2024-09-30 09:02:00,2024-09-30 13:17:00,2024-09-30 10:53:00,Completed,153716
2986,3207,,1,,2024-09-30 09:20:00,2024-09-30 15:53:00,2024-09-30 13:46:00,Completed,218635
2987,3208,,5,,2024-09-30 09:23:00,2024-09-30 13:51:00,2024-09-30 11:59:00,Completed,173782
2988,3046,,1,,2024-09-30 09:31:00,2024-09-30 13:52:00,2024-09-30 14:19:00,Completed,153252
2989,1068,2262,4,,2024-09-30 10:03:00,2024-09-30 13:18:00,2024-09-30 11:00:00,Completed,112916
2990,2400,,3,,2024-09-30 10:48:00,2024-09-30 14:21:00,2024-09-30 13:11:00,Completed,63528
2991,1477,2253,6,,2024-09-30 11:03:00,2024-09-30 12:18:00,2024-09-30 12:00:00,Completed,116011
2992,3203,2267,4,,2024-09-30 12:33:00,2024-10-01 07:40:00,2024-09-30 14:36:00,Completed,102806
2993,3206,,1,,2024-09-30 13:28:00,2024-10-01 08:08:00,2024-09-30 16:56:00,Completed,74171
2994,78,2208,6,,2024-09-30 14:34:00,2024-09-30 15:49:00,2024-09-30 15:02:00,Completed,147802
2995,3210,2277,5,,2024-10-01 08:31:00,2024-10-01 11:31:00,2024-10-01 10:51:00,Completed,75882
2996,1754,2266,4,,2024-10-01 08:39:00,2024-10-01 09:54:00,2024-10-01 09:22:00,Completed,162521
2997,630,,6,,2024-10-01 09:20:00,2024-10-01 11:35:00,2024-10-01 11:08:00,Completed,187457
2998,1160,2227,2,,2024-10-01 10:00:00,2024-10-01 15:26:00,2024-10-01 12:09:00,Completed,169463
2999,437,2228,4,,2024-10-01 10:38:00,2024-10-01 15:53:00,2024-10-01 12:44:00,Completed,217631
3000,3216,,6,,2024-10-01 11:04:00,2024-10-01 12:19:00,2024-10-01 11:51:00,Completed,129140
3001,3215,,6,,2024-10-01 12:34:00,2024-10-01 15:34:00,2024-10-01 15:08:00,Completed,75400
3002,2748,2089,4,,2024-10-01 13:39:00,2024-10-01 15:01:00,2024-10-01 14:18:00,Completed,73243
3003,789,2245,4,,2024-10-01 14:08:00,2024-10-01 17:30:00,2024-10-01 15:19:00,Completed,96739
3004,3164,2221,6,,2024-10-01 15:09:00,2024-10-01 17:30:00,2024-10-01 16:16:00,Completed,199780
3005,3096,2286,6,,2024-10-02 07:35:00,2024-10-02 09:50:00,2024-10-02 09:05:00,Completed,50135
3006,3016,2242,6,,2024-10-02 09:05:00,2024-10-02 10:42:00,2024-10-02 10:06:00,Completed,42281
3007,3222,2296,4,,2024-10-02 10:03:00,2024-10-02 14:18:00,2024-10-05 13:14:00,Completed,161902
3008,2200,2086,6,,2024-10-02 11:02:00,2024-10-02 14:32:00,2024-10-02 14:00:00,Completed,68792
3009,3221,,5,,2024-10-02 11:32:00,2024-10-02 14:02:00,2024-10-02 14:59:00,Completed,29635
3010,3223,,5,,2024-10-02 13:29:00,2024-10-03 11:29:00,2024-10-03 14:03:00,Completed,80861
3011,243,2170,1,,2024-10-02 14:08:00,2024-10-04 15:14:00,2024-10-04 11:28:00,Completed,98097
3012,1569,2285,2,2948,2024-10-02 15:01:00,2024-10-03 08:23:00,2024-10-02 17:08:00,Completed,118883
3013,2741,2256,5,,2024-10-03 07:38:00,2024-10-03 10:32:00,2024-10-03 10:49:00,Completed,56314
3014,1581,2259,4,,2024-10-03 08:09:00,2024-10-03 14:16:00,2024-10-03 11:37:00,Completed,98198
3015,3199,2254,5,,2024-10-03 08:38:00,2024-10-03 14:25:00,2024-10-03 17:08:00,Completed,128568
3016,3228,,6,,2024-10-03 08:52:00,2024-10-03 11:10:00,2024-10-03 10:38:00,Completed,115932
3017,3067,2171,4,,2024-10-03 09:09:00,2024-10-03 11:45:00,2024-10-03 12:04:00,Completed,186628
3018,2939,,4,,2024-10-03 09:38:00,2024-10-03 12:14:00,2024-10-03 12:15:00,Completed,220836
3019,737,2251,2,,2024-10-03 10:03:00,2024-10-03 14:18:00,2024-10-03 15:40:00,Completed,151989
3020,3205,2265,4,,2024-10-03 10:35:00,2024-10-03 16:18:00,2024-10-03 16:42:00,Completed,161329
3021,2366,,4,,2024-10-03 12:07:00,2024-10-03 17:30:00,2024-10-03 16:23:00,Completed,35295
3022,3227,,3,,2024-10-03 14:36:00,2024-10-03 17:30:00,2024-10-03 15:55:00,Completed,45333
3023,3224,2295,3,,2024-10-03 15:08:00,2024-10-03 17:30:00,2024-10-03 16:13:00,Completed,113180
3024,3229,2312,6,,2024-10-04 07:31:00,2024-10-04 10:01:00,2024-10-04 09:31:00,Completed,75095
3025,3217,2293,1,,2024-10-04 07:32:00,2024-10-04 10:02:00,2024-10-04 08:59:00,Completed,71315
3026,3143,2203,3,,2024-10-04 08:00:00,2024-10-04 12:15:00,2024-10-04 11:28:00,Completed,101972
3027,1991,2300,6,,2024-10-04 09:05:00,2024-10-04 12:45:00,2024-10-04 11:13:00,Completed,89571
3028,401,,4,,2024-10-04 09:11:00,2024-10-05 13:14:00,2024-10-05 12:18:00,Completed,116183
3029,2771,2119,4,,2024-10-04 09:39:00,2024-10-04 10:54:00,2024-10-04 10:13:00,Completed,34899
3030,2721,2313,5,,2024-10-04 10:02:00,2024-10-04 17:30:00,2024-10-04 14:57:00,Completed,138855
3031,1102,2250,2,,2024-10-04 10:07:00,2024-10-05 10:07:00,2024-10-11 15:11:00,Completed,159878
3032,3211,2273,5,,2024-10-04 10:38:00,2024-10-04 15:35:00,2024-10-04 16:20:00,Completed,75829
3033,3202,2261,4,,2024-10-04 11:08:00,2024-10-08 08:37:00,2024-10-07 16:08:00,Completed,157033
3034,1004,2271,3,,2024-10-04 12:35:00,2024-10-04 17:30:00,2024-10-07 11:17:00,Completed,204724
3035,3112,2279,6,,2024-10-04 15:06:00,2024-10-04 16:36:00,2024-10-04 16:13:00,Completed,52068
3036,3078,2307,6,,2024-10-05 08:08:00,2024-10-05 10:08:00,2024-10-05 09:43:00,Completed,207035
3037,272,,5,,2024-10-05 08:51:00,2024-10-05 10:06:00,2024-10-05 09:30:00,Completed,144912
3038,645,2301,6,,2024-10-05 09:30:00,2024-10-05 12:30:00,2024-10-05 10:40:00,Completed,124278
3039,2791,2269,3,,2024-10-05 10:00:00,2024-10-07 08:45:00,2024-10-05 13:41:00,Completed,54383
3040,880,,6,,2024-10-05 10:18:00,2024-10-05 11:59:00,2024-10-05 11:20:00,Completed,124121
3041,2463,2310,6,,2024-10-05 10:32:00,2024-10-07 09:18:00,2024-10-07 08:04:00,Completed,39889
3042,1147,2315,3,,2024-10-05 10:36:00,2024-10-07 08:04:00,2024-10-05 13:40:00,Completed,105138
3043,374,,2,,2024-10-05 10:46:00,2024-10-07 12:34:00,2024-10-08 13:08:00,Completed,84290
3044,2549,,4,,2024-10-05 10:49:00,2024-10-05 14:00:00,2024-10-05 12:34:00,Completed,79452
3045,3123,,5,2888,2024-10-05 11:15:00,2024-10-05 14:00:00,2024-10-05 12:00:00,Completed,175075
3046,1342,,5,,2024-10-05 12:51:00,2024-10-07 08:36:00,2024-10-07 07:42:00,Completed,151319
3047,2255,2287,2,,2024-10-07 07:30:00,2024-10-07 13:15:00,2024-10-07 11:28:00,Completed,78593
3048,3133,2318,5,2899,2024-10-07 07:31:00,2024-10-07 10:01:00,2024-10-07 08:14:00,Completed,138833
3049,1940,2284,3,,2024-10-07 08:03:00,2024-10-07 10:33:00,2024-10-07 09:45:00,Completed,143668
3050,2603,2134,2,,2024-10-07 08:04:00,2024-10-07 14:06:00,2024-10-07 15:26:00,Completed,146241
3051,1716,,5,,2024-10-07 08:17:00,2024-10-07 09:32:00,2024-10-07 08:50:00,Completed,205488
3052,260,2275,1,,2024-10-07 08:30:00,2024-10-07 11:07:00,2024-10-11 12:21:00,Completed,146725
3053,2017,2276,3,,2024-10-07 09:08:00,2024-10-07 11:53:00,2024-10-07 12:40:00,Completed,200439
3054,2690,2240,3,,2024-10-07 09:37:00,2024-10-07 12:22:00,2024-10-07 11:45:00,Completed,52367
3055,3267,,5,,2024-10-07 09:41:00,2024-10-07 11:03:00,2024-10-07 10:24:00,Completed,176672
3056,3266,,4,,2024-10-07 10:39:00,2024-10-07 11:54:00,2024-10-07 11:18:00,Completed,217022
3057,2989,,3,,2024-10-07 10:47:00,2024-10-07 14:12:00,2024-10-07 13:22:00,Completed,115682
3058,2068,2292,4,,2024-10-07 11:05:00,2024-10-07 17:30:00,2024-10-07 14:46:00,Completed,178034
3059,2846,2281,5,,2024-10-07 13:06:00,2024-10-07 14:21:00,2024-10-07 13:53:00,Completed,108934
3060,389,2244,1,,2024-10-07 13:35:00,2024-10-07 14:42:00,2024-10-07 13:54:00,Completed,259699
3061,1352,2282,5,,2024-10-07 14:02:00,2024-10-07 17:30:00,2024-10-07 16:45:00,Completed,89516
3062,3081,2311,1,,2024-10-07 15:36:00,2024-10-08 08:51:00,2024-10-08 08:29:00,Completed,196692
3063,1826,2298,4,,2024-10-08 07:31:00,2024-10-08 10:38:00,2024-10-08 09:53:00,Completed,35418
3064,229,2246,2,,2024-10-08 08:02:00,2024-10-08 13:47:00,2024-10-08 10:35:00,Completed,219101
3065,3218,2288,4,,2024-10-08 08:35:00,2024-10-08 12:12:00,2024-10-14 11:48:00,Completed,233793
3066,1454,2289,3,,2024-10-08 08:39:00,2024-10-08 11:27:00,2024-10-08 09:17:00,Completed,234253
3067,3263,2334,5,,2024-10-08 08:53:00,2024-10-08 10:23:00,2024-10-08 09:51:00,Completed,47223
3068,2305,2344,5,,2024-10-08 09:30:00,2024-10-08 10:48:00,2024-10-08 10:15:00,Completed,90550
3069,3240,2323,1,,2024-10-08 10:33:00,2024-10-09 07:33:00,2024-10-08 13:51:00,Completed,24357
3070,2552,2280,5,,2024-10-08 11:05:00,2024-10-08 13:27:00,2024-10-08 12:38:00,Completed,49525
3071,1890,2332,3,,2024-10-08 11:07:00,2024-10-08 14:29:00,2024-10-08 13:21:00,Completed,32776
3072,454,2268,3,,2024-10-08 12:08:00,2024-10-08 13:58:00,2024-10-08 13:37:00,Completed,138702
3073,1806,2320,3,,2024-10-08 14:09:00,2024-10-08 15:39:00,2024-10-08 14:45:00,Completed,128433
3074,2630,,5,,2024-10-08 14:20:00,2024-10-11 12:13:00,2024-10-12 12:19:00,Completed,15792
3075,3272,2353,3,,2024-10-09 08:04:00,2024-10-09 12:34:00,2024-10-09 14:29:00,Completed,28891
3076,3260,2326,5,,2024-10-09 08:07:00,2024-10-09 09:29:00,2024-10-09 08:43:00,Completed,59278
3077,3268,2343,4,,2024-10-09 08:30:00,2024-10-09 09:45:00,2024-10-09 09:05:00,Completed,110358
3078,3279,2354,6,,2024-10-09 08:33:00,2024-10-09 11:18:00,2024-10-09 09:22:00,Completed,22873
3079,886,,1,,2024-10-09 08:41:00,2024-10-10 14:22:00,2024-10-10 14:24:00,Completed,125936
3080,3278,,5,,2024-10-09 08:51:00,2024-10-09 10:06:00,2024-10-09 09:33:00,Completed,119806
3081,902,,3,,2024-10-09 08:52:00,2024-10-09 11:29:00,2024-10-09 11:07:00,Completed,132312
3082,3105,2294,2,,2024-10-09 09:05:00,2024-10-09 12:12:00,2024-10-09 10:53:00,Completed,81336
3083,3258,2328,6,,2024-10-09 09:38:00,2024-10-09 12:38:00,2024-10-09 12:03:00,Completed,104309
3084,2589,2302,5,,2024-10-09 10:03:00,2024-10-09 13:03:00,2024-10-09 11:14:00,Completed,116555
3085,3230,2308,2,,2024-10-09 10:06:00,2024-10-11 10:03:00,2024-10-11 10:31:00,Completed,76506
3086,3193,2243,3,,2024-10-09 10:30:00,2024-10-09 11:54:00,2024-10-09 11:36:00,Completed,106358
3087,3158,2213,5,,2024-10-09 10:35:00,2024-10-09 13:05:00,2024-10-09 12:44:00,Completed,231605
3088,2544,2342,3,,2024-10-09 10:59:00,2024-10-09 12:24:00,2024-10-09 12:00:00,Completed,36993
3089,3273,,6,,2024-10-09 11:20:00,2024-10-09 12:35:00,2024-10-09 12:01:00,Completed,198275
3090,3184,2239,4,,2024-10-09 13:05:00,2024-10-10 07:35:00,2024-10-09 15:13:00,Completed,68484
3091,3186,2235,6,,2024-10-09 13:34:00,2024-10-09 14:49:00,2024-10-09 14:27:00,Completed,118318
3092,3264,2338,6,,2024-10-09 13:35:00,2024-10-09 17:30:00,2024-10-09 16:27:00,Completed,122523
3093,3245,2317,5,,2024-10-09 14:01:00,2024-10-09 16:19:00,2024-10-09 15:30:00,Completed,79076
3094,1853,,6,,2024-10-10 09:00:00,2024-10-10 11:00:00,2024-10-10 10:15:00,Completed,48167
3095,808,,4,,2024-10-10 10:20:00,2024-10-10 12:50:00,2024-10-10 13:59:00,Completed,225516
3096,3283,,5,,2024-10-10 10:24:00,2024-10-11 13:54:00,2024-10-11 11:06:00,Completed,179677
3097,2666,2272,5,,2024-10-10 10:32:00,2024-10-10 16:17:00,2024-10-10 14:03:00,Completed,193268
3098,2795,,4,,2024-10-10 10:36:00,2024-10-10 11:55:00,2024-10-10 11:10:00,Completed,150862
3099,466,2331,4,,2024-10-10 12:04:00,2024-10-10 13:19:00,2024-10-10 12:25:00,Completed,251336
3100,2638,2359,4,,2024-10-10 13:07:00,2024-10-10 15:22:00,2024-10-10 14:30:00,Completed,204451
3101,3122,2178,1,,2024-10-10 15:36:00,2024-10-11 15:13:00,2024-10-11 12:39:00,Completed,52924
3102,3270,2347,6,,2024-10-11 07:30:00,2024-10-11 11:45:00,2024-10-11 12:08:00,Completed,205222
3103,3145,2201,4,,2024-10-11 07:31:00,2024-10-11 08:46:00,2024-10-11 08:06:00,Completed,44149
3104,1595,2325,6,,2024-10-11 08:01:00,2024-10-11 10:07:00,2024-10-11 10:08:00,Completed,151878
3105,3159,2211,6,,2024-10-11 08:02:00,2024-10-11 10:18:00,2024-10-11 10:26:00,Completed,79999
3106,2089,2306,6,,2024-10-11 08:30:00,2024-10-11 12:03:00,2024-10-11 10:52:00,Completed,41241
3107,3289,,3,,2024-10-11 08:40:00,2024-10-11 11:10:00,2024-10-11 11:41:00,Completed,84787
3108,578,,6,,2024-10-11 09:05:00,2024-10-11 15:50:00,2024-10-11 13:58:00,Completed,139251
3109,2948,,3,,2024-10-11 09:46:00,2024-10-11 11:01:00,2024-10-11 10:35:00,Completed,109144
3110,3284,2365,4,,2024-10-11 10:06:00,2024-10-11 13:21:00,2024-10-11 12:15:00,Completed,260471
3111,3234,2303,2,,2024-10-11 10:07:00,2024-10-11 12:37:00,2024-10-11 13:18:00,Completed,165605
3112,1756,2368,3,,2024-10-11 10:37:00,2024-10-11 15:29:00,2024-10-11 15:13:00,Completed,238613
3113,3247,2322,5,,2024-10-11 11:34:00,2024-10-11 14:04:00,2024-10-11 12:04:00,Completed,38481
3114,2479,,3,,2024-10-11 12:16:00,2024-10-11 16:07:00,2024-10-11 15:17:00,Completed,79717
3115,3251,2316,4,,2024-10-11 12:37:00,2024-10-11 14:29:00,2024-10-11 13:31:00,Completed,154251
3116,481,2369,5,,2024-10-11 13:33:00,2024-10-11 14:48:00,2024-10-11 14:06:00,Completed,282878
3117,1173,2335,1,,2024-10-11 13:39:00,2024-10-11 14:54:00,2024-10-11 14:11:00,Completed,159496
3118,3290,,4,,2024-10-11 13:45:00,2024-10-14 13:10:00,2024-10-14 13:39:00,Completed,176413
3119,156,2337,5,,2024-10-11 14:07:00,2024-10-11 17:30:00,2024-10-11 16:26:00,Completed,133965
3120,2227,2327,3,,2024-10-12 08:04:00,2024-10-14 17:30:00,2024-10-17 13:30:00,Completed,72791
3121,1370,2377,4,,2024-10-12 08:34:00,2024-10-12 11:49:00,2024-10-12 09:36:00,Completed,48174
3122,2926,2362,4,,2024-10-12 09:09:00,2024-10-12 14:00:00,2024-10-12 11:54:00,Completed,92875
3123,2133,,1,,2024-10-12 09:52:00,2024-10-14 09:07:00,2024-10-14 07:39:00,Completed,19384
3124,2987,,1,,2024-10-12 10:16:00,2024-10-14 11:07:00,2024-10-14 08:49:00,Completed,79569
3125,1204,2329,4,,2024-10-12 10:35:00,2024-10-14 09:38:00,2024-10-14 10:14:00,Completed,102360
3126,3098,,3,,2024-10-12 11:01:00,2024-10-14 11:31:00,2024-10-14 09:56:00,Completed,43306
3127,1501,2363,2,,2024-10-12 11:08:00,2024-10-14 14:57:00,2024-10-14 13:38:00,Completed,137444
3128,1032,,2,,2024-10-12 12:50:00,2024-10-14 07:35:00,2024-10-12 13:33:00,Completed,94653
3129,3303,,6,,2024-10-14 08:03:00,2024-10-14 09:25:00,2024-10-14 08:59:00,Completed,25710
3130,3281,2355,3,,2024-10-14 08:06:00,2024-10-14 12:07:00,2024-10-14 11:21:00,Completed,42980
3131,2587,,4,,2024-10-14 08:27:00,2024-10-15 08:23:00,2024-10-15 13:40:00,Completed,217508
3132,2321,2380,5,,2024-10-14 08:37:00,2024-10-14 13:22:00,2024-10-14 13:14:00,Completed,79590
3133,2871,,5,,2024-10-14 09:24:00,2024-10-14 11:31:00,2024-10-14 11:31:00,Completed,180461
3134,2697,,4,,2024-10-14 09:58:00,2024-10-14 11:13:00,2024-10-14 10:23:00,Completed,197885
3135,2670,2151,3,,2024-10-14 10:39:00,2024-10-14 13:54:00,2024-10-14 15:06:00,Completed,105929
3136,3302,,3,,2024-10-14 11:29:00,2024-10-15 13:18:00,2024-10-15 11:56:00,Completed,36113
3137,144,2364,1,,2024-10-14 11:33:00,2024-10-15 09:40:00,2024-10-14 17:22:00,Completed,88228
3138,821,,3,,2024-10-14 11:47:00,2024-10-14 16:32:00,2024-10-15 08:31:00,Completed,168838
3139,1087,,4,,2024-10-14 13:55:00,2024-10-14 16:25:00,2024-10-14 14:32:00,Completed,91662
3140,2560,2247,5,,2024-10-14 14:05:00,2024-10-15 13:18:00,2024-10-16 14:41:00,Completed,29412
3141,3219,2283,6,,2024-10-14 15:04:00,2024-10-15 08:04:00,2024-10-14 16:12:00,Completed,51807
3142,2449,2356,2,,2024-10-14 15:07:00,2024-10-15 08:44:00,2024-10-14 17:25:00,Completed,118254
3143,689,2291,4,,2024-10-15 07:36:00,2024-10-15 09:36:00,2024-10-15 08:42:00,Completed,85020
3144,525,2387,4,,2024-10-15 07:37:00,2024-10-15 12:53:00,2024-10-15 11:34:00,Completed,86601
3145,2940,2393,4,,2024-10-15 07:51:00,2024-10-15 14:24:00,2024-10-15 12:47:00,Completed,18903
3146,1746,2351,3,,2024-10-15 08:06:00,2024-10-15 12:21:00,2024-10-15 13:38:00,Completed,58114
3147,2666,2396,5,3097,2024-10-15 08:17:00,2024-10-15 12:03:00,2024-10-15 11:11:00,Completed,193520
3148,1695,2372,6,,2024-10-15 08:30:00,2024-10-15 09:45:00,2024-10-15 09:21:00,Completed,117720
3149,1091,2398,1,,2024-10-15 08:35:00,2024-10-15 11:05:00,2024-10-15 10:08:00,Completed,117523
3150,2322,2366,3,,2024-10-15 09:07:00,2024-10-15 13:03:00,2024-10-15 14:14:00,Completed,21728
3151,455,,6,,2024-10-15 09:25:00,2024-10-15 13:17:00,2024-10-15 12:50:00,Completed,104911
3152,2562,,6,,2024-10-15 09:48:00,2024-10-15 13:14:00,2024-10-15 13:37:00,Completed,88876
3153,3216,2378,5,,2024-10-15 10:38:00,2024-10-16 08:14:00,2024-10-15 16:16:00,Completed,129709
3154,3307,,5,,2024-10-15 11:01:00,2024-10-15 14:31:00,2024-10-15 12:14:00,Completed,114857
3155,2232,,5,,2024-10-15 12:58:00,2024-10-15 15:13:00,2024-10-15 14:12:00,Completed,171748
3156,1486,2349,3,,2024-10-15 13:31:00,2024-10-15 15:31:00,2024-10-15 14:42:00,Completed,175466
3157,2456,2346,1,,2024-10-15 13:33:00,2024-10-16 07:48:00,2024-10-15 17:15:00,Completed,63132
3158,3237,2392,6,,2024-10-16 07:32:00,2024-10-16 11:24:00,2024-10-16 12:14:00,Completed,108441
3159,3297,2382,3,,2024-10-16 07:36:00,2024-10-16 10:51:00,2024-10-16 09:49:00,Completed,6250
3160,2521,2395,3,,2024-10-16 07:54:00,2024-10-16 15:04:00,2024-10-16 14:58:00,Completed,134326
3161,3308,2400,6,,2024-10-16 08:18:00,2024-10-16 11:07:00,2024-10-16 10:57:00,Completed,80043
3162,184,,5,,2024-10-16 08:18:00,2024-10-16 09:40:00,2024-10-16 09:14:00,Completed,149684
3163,2990,,6,,2024-10-16 08:28:00,2024-10-16 11:23:00,2024-10-16 11:50:00,Completed,24324
3164,3306,2391,5,,2024-10-16 08:37:00,2024-10-16 12:50:00,2024-10-16 12:05:00,Completed,89956
3165,3134,,5,,2024-10-16 08:52:00,2024-10-16 12:46:00,2024-10-16 13:01:00,Completed,59236
3166,3271,2348,4,,2024-10-16 09:00:00,2024-10-16 10:37:00,2024-10-16 09:50:00,Completed,173085
3167,3321,,6,,2024-10-16 09:12:00,2024-10-16 14:04:00,2024-10-16 13:01:00,Completed,86450
3168,3323,,4,,2024-10-16 09:36:00,2024-10-16 12:39:00,2024-10-16 14:03:00,Completed,106939
3169,2415,2385,3,,2024-10-16 15:36:00,2024-10-16 17:30:00,2024-10-16 16:25:00,Completed,62226
3170,2265,2361,6,,2024-10-17 07:38:00,2024-10-17 10:53:00,2024-10-17 10:39:00,Completed,32742
3171,3160,2205,4,,2024-10-17 07:38:00,2024-10-17 11:53:00,2024-10-17 09:23:00,Completed,140980
3172,2076,2376,6,,2024-10-17 08:01:00,2024-10-17 12:09:00,2024-10-17 12:42:00,Completed,193257
3173,3299,2381,3,,2024-10-17 08:07:00,2024-10-17 11:29:00,2024-10-17 09:18:00,Completed,116879
3174,142,2370,6,,2024-10-17 08:08:00,2024-10-17 12:35:00,2024-10-17 13:49:00,Completed,182590
3175,3310,2402,4,,2024-10-17 08:36:00,2024-10-17 12:08:00,2024-10-17 12:05:00,Completed,47282
3176,3301,2383,5,,2024-10-17 08:38:00,2024-10-17 14:08:00,2024-10-17 14:47:00,Completed,11717
3177,1682,,2,,2024-10-17 08:56:00,2024-10-17 14:18:00,2024-10-17 12:16:00,Completed,136410
3178,345,2412,3,,2024-10-17 09:02:00,2024-10-17 11:32:00,2024-10-17 10:35:00,Completed,196979
3179,3328,,3,,2024-10-17 09:36:00,2024-10-17 13:21:00,2024-10-17 12:56:00,Completed,146053
3180,3235,2304,6,,2024-10-17 10:06:00,2024-10-17 13:28:00,2024-10-17 14:31:00,Completed,44105
3181,3326,,1,,2024-10-17 11:34:00,2024-10-17 14:19:00,2024-10-17 12:36:00,Completed,151142
3182,3329,,3,,2024-10-17 11:35:00,2024-10-17 13:26:00,2024-10-17 13:18:00,Completed,56574
3183,3285,2367,5,,2024-10-17 12:05:00,2024-10-17 13:20:00,2024-10-17 12:49:00,Completed,59173
3184,3309,2406,6,,2024-10-17 12:07:00,2024-10-17 17:30:00,2024-10-18 08:35:00,Completed,122174
3185,3327,,6,,2024-10-17 12:55:00,2024-10-18 10:46:00,2024-10-18 13:03:00,Completed,116715
3186,2691,2388,1,,2024-10-17 13:38:00,2024-10-18 07:53:00,2024-10-18 08:55:00,Completed,63800
3187,3312,2403,1,,2024-10-17 14:05:00,2024-10-18 10:52:00,2024-10-17 17:12:00,Completed,108094
3188,3324,2413,3,,2024-10-18 08:06:00,2024-10-18 10:47:00,2024-10-18 09:48:00,Completed,160566
3189,2520,2409,5,,2024-10-18 08:07:00,2024-10-18 09:22:00,2024-10-18 08:51:00,Completed,76754
3190,2574,2422,1,,2024-10-18 08:24:00,2024-10-18 12:39:00,2024-10-18 10:13:00,Completed,188101
3191,1875,2373,6,,2024-10-18 08:36:00,2024-10-18 11:48:00,2024-10-18 11:45:00,Completed,28058
3192,3334,,6,,2024-10-18 09:23:00,2024-10-18 11:50:00,2024-10-18 12:15:00,Completed,261906
3193,3336,,3,,2024-10-18 10:11:00,2024-10-18 12:26:00,2024-10-18 11:34:00,Completed,71987
3194,3335,2423,5,,2024-10-18 10:36:00,2024-10-18 14:06:00,2024-10-18 11:49:00,Completed,4220
3195,3333,,6,,2024-10-18 11:02:00,2024-10-18 14:30:00,2024-10-18 13:53:00,Completed,195487
3196,2494,2411,5,,2024-10-18 11:06:00,2024-10-18 12:59:00,2024-10-18 12:19:00,Completed,98458
3197,3291,2371,6,,2024-10-18 14:07:00,2024-10-18 15:22:00,2024-10-18 15:00:00,Completed,77010
3198,3225,2299,4,,2024-10-18 14:08:00,2024-10-18 17:30:00,2024-10-18 16:24:00,Completed,34536
3199,3214,2278,6,,2024-10-18 15:30:00,2024-10-18 17:30:00,2024-10-18 16:04:00,Completed,173009
3200,3010,2394,4,,2024-10-19 08:06:00,2024-10-19 09:21:00,2024-10-19 08:38:00,Completed,53264
3201,697,2336,5,,2024-10-19 08:07:00,2024-10-19 10:07:00,2024-10-19 09:25:00,Completed,154400
3202,1022,2420,6,,2024-10-19 08:30:00,2024-10-19 10:00:00,2024-10-19 09:35:00,Completed,133557
3203,1052,2426,4,,2024-10-19 08:32:00,2024-10-19 14:00:00,2024-10-19 10:44:00,Completed,211718
3204,2394,2358,5,,2024-10-19 09:00:00,2024-10-19 12:43:00,2024-10-19 11:48:00,Completed,37115
3205,1775,2330,6,,2024-10-19 09:37:00,2024-10-19 10:44:00,2024-10-19 10:06:00,Completed,154324
3206,3042,,6,,2024-10-19 09:51:00,2024-10-19 13:04:00,2024-10-19 12:36:00,Completed,29473
3207,3058,2408,4,,2024-10-19 10:02:00,2024-10-19 11:33:00,2024-10-19 11:00:00,Completed,66962
3208,1330,2427,5,,2024-10-19 10:04:00,2024-10-23 07:51:00,2024-10-22 15:19:00,Completed,41893
3209,805,2379,2,,2024-10-19 12:05:00,2024-10-21 11:05:00,2024-10-21 08:01:00,Completed,58821
3210,3013,,6,,2024-10-21 08:00:00,2024-10-21 12:30:00,2024-10-21 11:46:00,Completed,91967
3211,2126,2404,4,,2024-10-21 08:06:00,2024-10-21 12:21:00,2024-10-21 12:10:00,Completed,84554
3212,3338,2430,3,,2024-10-21 08:31:00,2024-10-21 13:19:00,2024-10-21 10:58:00,Completed,135195
3213,1571,2433,3,,2024-10-21 08:33:00,2024-10-21 11:06:00,2024-10-21 11:18:00,Completed,163939
3214,663,2445,6,,2024-10-21 08:46:00,2024-10-21 11:43:00,2024-10-21 12:02:00,Completed,115024
3215,3346,,4,,2024-10-21 09:01:00,2024-10-21 10:58:00,2024-10-21 10:53:00,Completed,42015
3216,2558,2384,2,,2024-10-21 09:05:00,2024-10-21 12:05:00,2024-10-21 11:09:00,Completed,61268
3217,3343,,5,,2024-10-21 09:08:00,2024-10-21 12:41:00,2024-10-21 10:42:00,Completed,245516
3218,2788,,6,,2024-10-21 09:16:00,2024-10-21 15:26:00,2024-10-21 16:02:00,Completed,120166
3219,1517,2435,5,,2024-10-21 10:06:00,2024-10-21 13:46:00,2024-10-21 13:45:00,Completed,77646
3220,1821,2443,2,,2024-10-21 12:04:00,2024-10-21 13:45:00,2024-10-21 12:50:00,Completed,150546
3221,3344,,3,,2024-10-21 13:00:00,2024-10-21 14:15:00,2024-10-21 13:33:00,Completed,91073
3222,57,2399,6,,2024-10-21 15:09:00,2024-10-21 17:30:00,2024-10-21 16:38:00,Completed,200973
3223,2418,2386,5,,2024-10-22 07:32:00,2024-10-22 11:32:00,2024-10-22 11:03:00,Completed,118664
3224,3270,2456,3,3102,2024-10-22 08:06:00,2024-10-22 10:47:00,2024-10-22 10:26:00,Completed,205595
3225,3356,2458,3,,2024-10-22 08:36:00,2024-10-22 11:07:00,2024-10-22 10:22:00,Completed,64788
3226,2616,,2,,2024-10-22 08:47:00,2024-10-22 15:09:00,2024-10-22 12:29:00,Completed,55137
3227,904,,2,,2024-10-22 08:56:00,2024-10-22 14:06:00,2024-10-22 14:27:00,Completed,142224
3228,1262,2457,6,,2024-10-22 09:00:00,2024-10-22 14:00:00,2024-10-22 12:14:00,Completed,253474
3229,2409,,4,,2024-10-22 09:14:00,2024-10-22 15:14:00,2024-10-22 12:29:00,Completed,56378
3230,2816,2450,6,,2024-10-22 10:35:00,2024-10-22 12:35:00,2024-10-22 12:37:00,Completed,150098
3231,402,,6,,2024-10-22 10:35:00,2024-10-22 12:53:00,2024-10-22 13:21:00,Completed,121189
3232,3335,,5,3194,2024-10-22 11:31:00,2024-10-22 14:04:00,2024-10-22 16:04:00,Completed,4384
3233,3197,2431,3,,2024-10-22 11:35:00,2024-10-22 13:05:00,2024-10-22 12:21:00,Completed,103121
3234,702,2447,3,,2024-10-22 11:37:00,2024-10-22 15:23:00,2024-10-22 14:17:00,Completed,80814
3235,2209,,5,,2024-10-22 12:48:00,2024-10-23 08:59:00,2024-10-25 13:43:00,Completed,212028
3236,3319,2401,4,,2024-10-22 15:31:00,2024-10-23 09:46:00,2024-10-24 12:42:00,Completed,32138
3237,178,2440,3,,2024-10-23 07:38:00,2024-10-23 09:53:00,2024-10-23 09:09:00,Completed,145821
3238,1420,2434,6,,2024-10-23 08:30:00,2024-10-23 10:07:00,2024-10-23 09:34:00,Completed,102963
3239,3358,2460,2,,2024-10-23 08:36:00,2024-10-23 12:51:00,2024-10-23 10:37:00,Completed,66834
3240,3375,2476,5,,2024-10-23 09:02:00,2024-10-23 11:02:00,2024-10-23 10:23:00,Completed,83579
3241,1503,,3,,2024-10-23 09:15:00,2024-10-23 10:30:00,2024-10-23 09:45:00,Completed,92671
3242,1866,,6,,2024-10-23 09:50:00,2024-10-23 14:20:00,2024-10-23 12:13:00,Completed,57758
3243,3373,,6,,2024-10-23 10:12:00,2024-10-23 14:46:00,2024-10-23 13:35:00,Completed,231595
3244,2879,,5,,2024-10-23 10:39:00,2024-10-23 16:09:00,2024-10-28 07:31:00,Completed,152158
3245,3370,,2,,2024-10-23 10:40:00,2024-10-23 13:40:00,2024-10-23 12:41:00,Completed,82143
3246,2175,2468,6,,2024-10-23 11:00:00,2024-10-23 15:22:00,2024-10-23 15:38:00,Completed,139264
3247,3359,2473,6,,2024-10-23 11:06:00,2024-10-23 17:30:00,2024-10-24 09:01:00,Completed,11467
3248,2369,2437,1,,2024-10-23 12:32:00,2024-10-23 15:47:00,2024-10-23 15:33:00,Completed,68917
3249,323,,6,,2024-10-23 12:45:00,2024-10-23 16:27:00,2024-10-23 17:25:00,Completed,296200
3250,3357,2464,6,,2024-10-23 13:02:00,2024-10-24 08:36:00,2024-10-24 11:25:00,Completed,100364
3251,3369,2477,2,,2024-10-23 13:04:00,2024-10-23 15:26:00,2024-10-23 14:37:00,Completed,207958
3252,3350,2446,1,,2024-10-23 13:32:00,2024-10-23 15:02:00,2024-10-23 14:12:00,Completed,54386
3253,3331,2419,5,,2024-10-23 14:08:00,2024-10-23 15:23:00,2024-10-23 14:44:00,Completed,82527
3254,2182,2341,3,,2024-10-23 15:08:00,2024-10-23 16:23:00,2024-10-23 15:32:00,Completed,124128
3255,3293,2442,3,,2024-10-23 15:31:00,2024-10-23 17:30:00,2024-10-23 16:06:00,Completed,56169
3256,3352,2452,3,,2024-10-24 08:09:00,2024-10-24 12:20:00,2024-10-24 10:05:00,Completed,101444
3257,3360,2474,3,,2024-10-24 08:30:00,2024-10-24 10:35:00,2024-10-24 10:30:00,Completed,75770
3258,401,,3,3028,2024-10-24 09:00:00,2024-10-24 13:11:00,2024-10-28 10:41:00,Completed,117048
3259,3387,,5,,2024-10-24 09:32:00,2024-10-24 12:39:00,2024-10-24 11:41:00,Completed,115644
3260,2312,2484,5,,2024-10-24 10:34:00,2024-10-24 14:24:00,2024-10-24 13:39:00,Completed,108702
3261,3386,,6,,2024-10-24 11:14:00,2024-10-24 13:21:00,2024-10-24 13:09:00,Completed,65028
3262,3229,2471,1,,2024-10-24 11:33:00,2024-10-24 12:48:00,2024-10-24 12:04:00,Completed,75588
3263,634,2483,6,,2024-10-24 12:05:00,2024-10-25 08:02:00,2024-10-25 09:41:00,Completed,136572
3264,2773,2487,6,,2024-10-24 13:38:00,2024-10-24 17:30:00,2024-10-25 07:42:00,Completed,37401
3265,1095,2481,1,,2024-10-24 15:09:00,2024-10-25 07:39:00,2024-10-24 16:32:00,Completed,78243
3266,3286,2360,2,,2024-10-24 15:30:00,2024-10-24 16:45:00,2024-10-24 16:07:00,Completed,84915
3267,3093,2416,6,,2024-10-24 15:36:00,2024-10-25 10:27:00,2024-10-25 08:11:00,Completed,96122
3268,2511,2480,4,,2024-10-25 07:32:00,2024-10-25 09:32:00,2024-10-25 08:40:00,Completed,70039
3269,3388,2488,1,,2024-10-25 08:06:00,2024-10-25 15:06:00,2024-10-25 16:06:00,Completed,43004
3270,3340,2429,4,,2024-10-25 08:08:00,2024-10-25 09:37:00,2024-10-25 09:06:00,Completed,248372
3271,3393,2491,3,,2024-10-25 08:24:00,2024-10-25 12:16:00,2024-10-25 13:02:00,Completed,148058
3272,3391,2492,4,,2024-10-25 09:08:00,2024-10-25 10:30:00,2024-10-25 09:52:00,Completed,94463
3273,3072,2397,4,,2024-10-25 09:32:00,2024-10-25 13:48:00,2024-10-25 14:28:00,Completed,182536
3274,3395,,5,,2024-10-25 09:34:00,2024-10-25 13:11:00,2024-10-25 11:12:00,Completed,92912
3275,3362,2463,4,,2024-10-25 10:03:00,2024-10-25 15:51:00,2024-10-25 15:27:00,Completed,62434
3276,3394,,1,,2024-10-25 10:24:00,2024-10-25 13:46:00,2024-10-25 15:54:00,Completed,48353
3277,3354,2453,3,,2024-10-25 10:31:00,2024-10-25 12:08:00,2024-10-25 11:19:00,Completed,196035
3278,2067,2475,2,,2024-10-25 10:38:00,2024-10-25 14:38:00,2024-10-25 15:42:00,Completed,81059
3279,2872,2495,4,,2024-10-25 10:54:00,2024-10-25 16:04:00,2024-10-25 15:00:00,Completed,80341
3280,193,,5,,2024-10-25 11:40:00,2024-10-25 12:47:00,2024-10-25 11:58:00,Completed,144460
3281,3392,,3,,2024-10-25 11:48:00,2024-10-25 16:18:00,2024-10-26 08:08:00,Completed,188377
3282,3355,2448,2,,2024-10-25 13:01:00,2024-10-25 14:16:00,2024-10-25 13:38:00,Completed,104056
3283,2471,2461,4,,2024-10-26 08:00:00,2024-10-28 11:08:00,2024-10-28 09:05:00,Completed,86796
3284,883,2424,2,,2024-10-26 08:33:00,2024-10-26 10:51:00,2024-10-26 09:53:00,Completed,268225
3285,2812,2502,1,,2024-10-26 09:00:00,2024-10-26 14:00:00,2024-10-26 13:44:00,Completed,32640
3286,2630,2417,2,,2024-10-26 10:04:00,2024-10-26 13:04:00,2024-10-26 11:06:00,Completed,16467
3287,2523,,4,,2024-10-26 10:14:00,2024-10-26 11:36:00,2024-10-26 11:13:00,Completed,172572
3288,2889,2436,1,,2024-10-26 10:30:00,2024-10-28 08:22:00,2024-10-26 12:14:00,Completed,32107
3289,3396,2498,3,,2024-10-26 11:35:00,2024-10-26 12:57:00,2024-10-26 12:07:00,Completed,57291
3290,2864,2469,4,,2024-10-28 08:04:00,2024-10-28 10:49:00,2024-10-28 09:51:00,Completed,22040
3291,3368,2470,6,,2024-10-28 08:06:00,2024-10-28 10:58:00,2024-10-28 09:10:00,Completed,178751
3292,2334,2504,4,,2024-10-28 08:30:00,2024-10-28 13:30:00,2024-10-28 14:28:00,Completed,92571
3293,155,2511,6,,2024-10-28 08:31:00,2024-10-28 11:43:00,2024-10-28 12:13:00,Completed,122748
3294,2575,2333,6,,2024-10-28 08:35:00,2024-10-28 11:15:00,2024-10-28 10:57:00,Completed,76947
3295,1000,2410,6,,2024-10-28 09:04:00,2024-10-28 13:21:00,2024-10-28 12:10:00,Completed,76542
3296,1882,,4,,2024-10-28 09:37:00,2024-10-28 12:04:00,2024-10-28 12:08:00,Completed,163285
3297,2665,,4,,2024-10-28 10:28:00,2024-10-28 12:37:00,2024-10-28 12:36:00,Completed,216040
3298,318,2494,5,,2024-10-28 11:05:00,2024-10-28 15:20:00,2024-10-28 13:43:00,Completed,230135
3299,3416,,6,,2024-10-28 11:44:00,2024-10-28 14:51:00,2024-10-28 14:35:00,Completed,127175
3300,1171,2501,5,,2024-10-28 12:37:00,2024-10-28 17:30:00,2024-10-28 16:20:00,Completed,148848
3301,3405,2514,2,,2024-10-28 13:05:00,2024-10-28 17:30:00,2024-10-28 14:35:00,Completed,76947
3302,3320,2482,1,,2024-10-28 13:06:00,2024-10-28 15:06:00,2024-10-28 14:29:00,Completed,187292
3303,3269,,2,,2024-10-28 13:35:00,2024-10-28 17:30:00,2024-10-28 16:13:00,Completed,92545
3304,2220,2496,3,,2024-10-28 14:35:00,2024-10-28 15:53:00,2024-10-28 15:08:00,Completed,134624
3305,1735,2455,6,,2024-10-28 15:06:00,2024-10-29 07:36:00,2024-10-29 09:24:00,Completed,240409
3306,2355,,5,,2024-10-28 15:32:00,2024-10-29 10:02:00,2024-10-29 07:35:00,Completed,40961
3307,2326,2493,5,,2024-10-29 07:31:00,2024-10-29 10:31:00,2024-10-29 09:42:00,Completed,85874
3308,2662,2309,3,,2024-10-29 07:37:00,2024-10-29 12:07:00,2024-10-29 13:49:00,Completed,64028
3309,446,2462,5,,2024-10-29 09:01:00,2024-10-29 12:22:00,2024-10-29 11:31:00,Completed,111073
3310,3424,,5,,2024-10-29 09:27:00,2024-10-29 12:19:00,2024-10-29 12:18:00,Completed,61998
3311,3098,,3,3126,2024-10-29 09:29:00,2024-10-29 12:56:00,2024-10-29 11:08:00,Completed,43731
3312,2391,,6,,2024-10-29 10:04:00,2024-10-29 14:34:00,2024-10-29 14:44:00,Completed,41491
3313,2168,,5,,2024-10-29 10:06:00,2024-10-29 14:31:00,2024-10-29 13:18:00,Completed,101298
3314,3378,2479,4,,2024-10-29 10:07:00,2024-10-29 12:37:00,2024-10-29 11:38:00,Completed,58492
3315,3422,,6,,2024-10-29 14:06:00,2024-10-29 16:36:00,2024-10-29 15:34:00,Completed,87360
3316,1995,2526,1,,2024-10-29 15:07:00,2024-10-30 16:22:00,2024-11-04 15:40:00,Completed,121368
3317,3389,2490,5,,2024-10-30 07:35:00,2024-10-30 12:35:00,2024-10-30 12:33:00,Completed,54004
3318,3226,2297,4,,2024-10-30 07:38:00,2024-10-30 08:53:00,2024-10-30 08:15:00,Completed,114308
3319,3417,2522,4,,2024-10-30 07:52:00,2024-10-30 12:43:00,2024-11-01 12:57:00,Completed,126382
3320,3236,2305,3,,2024-10-30 08:05:00,2024-10-30 11:35:00,2024-10-30 10:32:00,Completed,209624
3321,353,2497,2,,2024-10-30 08:09:00,2024-10-30 13:54:00,2024-10-30 11:45:00,Completed,241499
3322,3403,2505,6,,2024-10-30 08:24:00,2024-10-30 10:16:00,2024-10-30 09:39:00,Completed,74195
3323,2951,2527,1,,2024-10-30 09:04:00,2024-10-30 11:27:00,2024-10-30 11:34:00,Completed,96169
3324,3427,,5,,2024-10-30 09:20:00,2024-11-01 12:34:00,2024-11-02 12:04:00,Completed,72819
3325,3428,2533,6,,2024-10-30 09:30:00,2024-10-30 10:52:00,2024-10-30 10:25:00,Completed,156472
3326,3431,,5,,2024-10-30 10:18:00,2024-10-31 12:01:00,2024-10-31 10:59:00,Completed,143255
3327,3430,,2,,2024-10-30 10:57:00,2024-10-30 12:12:00,2024-10-30 11:24:00,Completed,204579
3328,2333,2485,6,,2024-10-30 11:31:00,2024-10-30 13:31:00,2024-10-30 13:04:00,Completed,76668
3329,3433,,3,,2024-10-30 12:01:00,2024-10-30 13:08:00,2024-10-30 12:34:00,Completed,100410
3330,3429,,4,,2024-10-30 12:56:00,2024-10-30 17:30:00,2024-10-30 14:48:00,Completed,192556
3331,1298,2441,1,,2024-10-30 13:30:00,2024-10-31 08:52:00,2024-10-30 15:47:00,Completed,108799
3332,2936,2537,2,,2024-10-31 07:37:00,2024-10-31 11:59:00,2024-10-31 09:24:00,Completed,44553
3333,3332,2418,4,,2024-10-31 08:08:00,2024-10-31 09:49:00,2024-10-31 09:00:00,Completed,89214
3334,3337,2428,4,,2024-10-31 08:30:00,2024-10-31 15:40:00,2024-10-31 13:05:00,Completed,230629
3335,3438,,5,,2024-10-31 08:38:00,2024-10-31 11:08:00,2024-10-31 10:29:00,Completed,43201
3336,2527,2541,2,,2024-10-31 09:09:00,2024-10-31 14:16:00,2024-10-31 12:56:00,Completed,67903
3337,3439,,6,,2024-10-31 09:20:00,2024-10-31 10:57:00,2024-10-31 10:14:00,Completed,204346
3338,3441,,2,,2024-10-31 09:36:00,2024-10-31 11:46:00,2024-10-31 12:00:00,Completed,84998
3339,3444,2542,6,,2024-10-31 11:01:00,2024-10-31 12:16:00,2024-10-31 11:39:00,Completed,34070
3340,721,,2,,2024-10-31 11:06:00,2024-10-31 17:30:00,2024-10-31 14:03:00,Completed,103863
3341,3385,2478,6,,2024-10-31 11:07:00,2024-10-31 12:34:00,2024-10-31 12:04:00,Completed,112202
3342,3295,2489,3,,2024-10-31 12:03:00,2024-11-01 07:48:00,2024-10-31 15:12:00,Completed,76467
3343,1838,,4,,2024-10-31 12:10:00,2024-10-31 14:22:00,2024-10-31 13:51:00,Completed,100958
3344,3436,,6,,2024-10-31 12:55:00,2024-10-31 14:10:00,2024-10-31 13:45:00,Completed,58254
3345,2089,2454,3,,2024-10-31 13:03:00,2024-10-31 16:31:00,2024-10-31 16:22:00,Completed,42122
3346,1330,2540,5,3208,2024-11-01 07:38:00,2024-11-02 12:31:00,2024-11-04 12:53:00,Completed,42313
3347,3447,,4,,2024-11-01 09:26:00,2024-11-01 15:11:00,2024-11-01 11:52:00,Completed,102831
3348,3412,2512,5,,2024-11-01 09:39:00,2024-11-01 15:31:00,2024-11-02 12:26:00,Completed,219350
3349,2514,2499,1,,2024-11-01 09:39:00,2024-11-01 12:16:00,2024-11-01 11:20:00,Completed,56366
3350,2262,,5,,2024-11-01 10:07:00,2024-11-01 17:30:00,2024-11-01 16:02:00,Completed,113272
3351,53,2321,1,,2024-11-01 10:32:00,2024-11-05 07:33:00,2024-11-04 14:16:00,Completed,139628
3352,3448,,2,,2024-11-01 11:01:00,2024-11-01 14:31:00,2024-11-01 12:06:00,Completed,133714
3353,3446,,3,,2024-11-01 11:01:00,2024-11-01 13:38:00,2024-11-01 12:39:00,Completed,131649
3354,1477,2519,6,,2024-11-01 11:04:00,2024-11-01 12:34:00,2024-11-01 12:22:00,Completed,117505
3355,3445,,2,,2024-11-01 11:59:00,2024-11-01 13:14:00,2024-11-01 12:34:00,Completed,53754
3356,3176,2506,6,,2024-11-01 13:00:00,2024-11-01 16:15:00,2024-11-01 14:28:00,Completed,69609
3357,2734,,6,,2024-11-01 13:18:00,2024-11-01 17:30:00,2024-11-01 17:11:00,Completed,50117
3358,2608,2421,4,,2024-11-01 13:33:00,2024-11-02 08:33:00,2024-11-01 15:36:00,Completed,169763
3359,1176,2425,3,,2024-11-01 14:38:00,2024-11-01 17:30:00,2024-11-01 16:01:00,Completed,119404
3360,250,2545,1,,2024-11-02 08:02:00,2024-11-02 12:47:00,2024-11-02 10:06:00,Completed,179577
3361,2324,2548,5,,2024-11-02 08:36:00,2024-11-02 12:51:00,2024-11-02 10:08:00,Completed,86749
3362,1494,2549,4,,2024-11-02 09:02:00,2024-11-02 10:17:00,2024-11-02 09:37:00,Completed,77742
3363,2761,,5,,2024-11-02 09:59:00,2024-11-02 13:01:00,2024-11-02 11:37:00,Completed,75559
3364,396,2536,2,,2024-11-02 10:35:00,2024-11-02 11:50:00,2024-11-02 11:06:00,Completed,194363
3365,3326,,3,,2024-11-02 10:35:00,2024-11-02 12:20:00,2024-11-02 11:37:00,Completed,151876
3366,2639,2509,6,,2024-11-02 11:30:00,2024-11-04 08:00:00,2024-11-04 09:41:00,Completed,105574
3367,2256,2547,5,,2024-11-02 11:30:00,2024-11-04 09:15:00,2024-11-04 10:42:00,Completed,99613
3368,631,2350,4,,2024-11-04 07:37:00,2024-11-04 08:52:00,2024-11-04 08:03:00,Completed,98285
3369,1527,2486,1,,2024-11-04 07:39:00,2024-11-04 11:09:00,2024-11-04 08:46:00,Completed,134259
3370,1172,2534,5,,2024-11-04 08:08:00,2024-11-04 09:23:00,2024-11-04 08:40:00,Completed,139694
3371,3455,2569,1,,2024-11-04 08:09:00,2024-11-05 15:10:00,2024-11-05 12:50:00,Completed,64691
3372,3419,2523,5,,2024-11-04 08:35:00,2024-11-04 12:05:00,2024-11-04 12:28:00,Completed,55722
3373,13,2521,6,,2024-11-04 09:08:00,2024-11-04 12:23:00,2024-11-04 11:56:00,Completed,157567
3374,3014,2568,4,,2024-11-04 10:02:00,2024-11-04 13:32:00,2024-11-04 11:18:00,Completed,108263
3375,2631,,3,,2024-11-04 10:09:00,2024-11-04 13:42:00,2024-11-04 13:01:00,Completed,80785
3376,3313,2528,4,,2024-11-04 11:35:00,2024-11-04 13:35:00,2024-11-04 12:46:00,Completed,26823
3377,1368,2552,6,,2024-11-04 12:06:00,2024-11-04 14:21:00,2024-11-04 13:49:00,Completed,155295
3378,513,2559,6,,2024-11-04 12:34:00,2024-11-04 15:01:00,2024-11-04 15:03:00,Completed,187067
3379,2942,2535,6,,2024-11-04 12:36:00,2024-11-04 14:59:00,2024-11-04 15:13:00,Completed,96443
3380,3013,2562,3,,2024-11-05 08:09:00,2024-11-05 11:09:00,2024-11-05 09:05:00,Completed,92515
3381,1806,2467,5,,2024-11-05 10:06:00,2024-11-05 11:21:00,2024-11-05 10:39:00,Completed,129520
3382,2846,2532,1,,2024-11-05 10:35:00,2024-11-06 17:30:00,2024-11-06 15:58:00,Completed,110184
3383,3224,2472,6,,2024-11-05 11:06:00,2024-11-05 14:36:00,2024-11-05 16:09:00,Completed,114045
3384,2241,,1,,2024-11-05 12:15:00,2024-11-06 09:00:00,2024-11-06 07:31:00,Completed,179989
3385,2592,2555,6,,2024-11-05 13:35:00,2024-11-05 16:35:00,2024-11-05 16:30:00,Completed,179245
3386,3094,2563,5,,2024-11-05 14:30:00,2024-11-05 15:45:00,2024-11-05 14:56:00,Completed,53215
3387,721,2589,2,3340,2024-11-06 07:30:00,2024-11-06 10:22:00,2024-11-06 08:28:00,Completed,104075
3388,2813,2551,3,,2024-11-06 07:38:00,2024-11-06 09:53:00,2024-11-06 09:03:00,Completed,67260
3389,2787,2581,5,,2024-11-06 08:05:00,2024-11-06 11:12:00,2024-11-06 10:37:00,Completed,56221
3390,3460,,6,,2024-11-06 08:09:00,2024-11-06 11:39:00,2024-11-06 13:26:00,Completed,90042
3391,2739,2544,5,,2024-11-06 09:08:00,2024-11-06 11:26:00,2024-11-06 11:17:00,Completed,167713
3392,1985,2573,6,,2024-11-06 09:34:00,2024-11-06 10:50:00,2024-11-06 10:18:00,Completed,40170
3393,747,2582,5,,2024-11-06 10:08:00,2024-11-06 14:12:00,2024-11-06 14:28:00,Completed,101612
3394,3342,2444,6,,2024-11-06 10:33:00,2024-11-06 12:48:00,2024-11-06 12:41:00,Completed,78856
3395,3459,,4,,2024-11-06 10:36:00,2024-11-06 15:06:00,2024-11-06 12:37:00,Completed,74288
3396,3451,2564,6,,2024-11-06 11:01:00,2024-11-06 16:09:00,2024-11-07 08:38:00,Completed,81712
3397,3453,2566,6,,2024-11-06 11:05:00,2024-11-06 16:26:00,2024-11-07 07:36:00,Completed,115900
3398,3462,2590,2,,2024-11-06 12:32:00,2024-11-07 07:39:00,2024-11-07 08:00:00,Completed,186391
3399,1756,,3,,2024-11-06 13:27:00,2024-11-07 09:19:00,2024-11-06 16:49:00,Completed,239808
3400,3456,2585,6,,2024-11-06 14:01:00,2024-11-07 08:13:00,2024-11-07 08:44:00,Completed,104163
3401,1631,2352,4,,2024-11-07 08:39:00,2024-11-07 11:01:00,2024-11-07 10:23:00,Completed,148364
3402,1514,2583,3,,2024-11-07 09:31:00,2024-11-07 10:46:00,2024-11-07 10:05:00,Completed,126496
3403,3457,2588,6,,2024-11-07 10:37:00,2024-11-07 12:37:00,2024-11-07 12:15:00,Completed,90484
3404,358,2576,3,,2024-11-07 11:05:00,2024-11-07 13:57:00,2024-11-07 13:03:00,Completed,236769
3405,2457,2543,5,,2024-11-07 11:08:00,2024-11-07 14:23:00,2024-11-07 15:05:00,Completed,184978
3406,3465,2597,6,,2024-11-07 11:28:00,2024-11-07 15:16:00,2024-11-07 13:33:00,Completed,71692
3407,1572,,3,,2024-11-07 12:05:00,2024-11-07 15:00:00,2024-11-07 14:18:00,Completed,101419
3408,545,2553,5,,2024-11-07 12:39:00,2024-11-07 13:54:00,2024-11-07 13:11:00,Completed,137906
3409,3454,2565,1,,2024-11-07 13:06:00,2024-11-08 10:28:00,2024-11-07 16:46:00,Completed,79302
3410,3413,2513,5,,2024-11-07 14:32:00,2024-11-07 16:24:00,2024-11-07 15:38:00,Completed,123299
3411,1057,2577,6,,2024-11-08 08:05:00,2024-11-08 12:50:00,2024-11-08 12:47:00,Completed,108490
3412,2164,2570,5,,2024-11-08 08:09:00,2024-11-08 13:39:00,2024-11-08 11:33:00,Completed,110117
3413,3468,2603,3,,2024-11-08 08:23:00,2024-11-08 10:53:00,2024-11-08 09:53:00,Completed,108620
3414,3469,2602,1,,2024-11-08 10:04:00,2024-11-08 13:34:00,2024-11-08 11:15:00,Completed,90353
3415,2868,2598,6,,2024-11-08 10:06:00,2024-11-08 11:51:00,2024-11-08 11:35:00,Completed,67191
3416,3471,2605,3,,2024-11-08 10:23:00,2024-11-08 14:38:00,2024-11-08 15:39:00,Completed,20801
3417,1097,2556,1,,2024-11-08 10:38:00,2024-11-08 13:23:00,2024-11-08 12:53:00,Completed,138651
3418,2558,,5,,2024-11-08 12:02:00,2024-11-09 09:32:00,2024-11-08 17:05:00,Completed,61895
3419,3466,2594,5,,2024-11-08 12:37:00,2024-11-09 10:14:00,2024-11-09 09:26:00,Completed,139140
3420,2019,2580,6,,2024-11-09 08:03:00,2024-11-09 09:55:00,2024-11-09 09:20:00,Completed,54547
3421,2553,,3,,2024-11-09 08:50:00,2024-11-09 14:00:00,2024-11-09 13:45:00,Completed,109961
3422,3366,,4,,2024-11-09 08:58:00,2024-11-09 12:28:00,2024-11-09 10:26:00,Completed,117953
3423,1067,,5,,2024-11-09 09:02:00,2024-11-09 12:42:00,2024-11-09 10:44:00,Completed,43763
3424,108,2518,4,,2024-11-09 09:07:00,2024-11-09 11:46:00,2024-11-09 11:20:00,Completed,192964
3425,70,2567,6,,2024-11-09 09:09:00,2024-11-09 12:39:00,2024-11-09 10:58:00,Completed,275115
3426,1820,,1,,2024-11-09 09:28:00,2024-11-09 14:00:00,2024-11-11 07:36:00,Completed,175519
3427,1595,2561,3,,2024-11-09 09:36:00,2024-11-09 12:57:00,2024-11-09 12:39:00,Completed,153415
3428,1952,,6,,2024-11-09 09:53:00,2024-11-09 14:00:00,2024-11-09 12:30:00,Completed,60372
3429,1925,2610,3,,2024-11-09 10:09:00,2024-11-09 12:48:00,2024-11-09 12:57:00,Completed,60358
3430,3097,2574,6,,2024-11-09 10:33:00,2024-11-09 14:00:00,2024-11-09 13:39:00,Completed,72701
3431,2248,2579,5,,2024-11-09 11:04:00,2024-11-11 07:34:00,2024-11-09 13:33:00,Completed,94131
3432,1587,2558,3,,2024-11-09 11:33:00,2024-11-11 10:58:00,2024-11-11 10:11:00,Completed,128520
3433,3473,,6,,2024-11-09 11:43:00,2024-11-11 09:30:00,2024-11-11 09:56:00,Completed,106234
3434,3467,2595,1,,2024-11-11 08:03:00,2024-11-11 12:18:00,2024-11-11 12:35:00,Completed,266399
3435,3204,2600,1,,2024-11-11 08:07:00,2024-11-11 13:36:00,2024-11-11 11:20:00,Completed,108117
3436,880,2623,5,,2024-11-11 08:22:00,2024-11-11 10:52:00,2024-11-11 09:55:00,Completed,126597
3437,2771,2466,6,,2024-11-11 08:33:00,2024-11-11 13:59:00,2024-11-11 15:02:00,Completed,36507
3438,2195,2575,5,,2024-11-11 10:03:00,2024-11-11 12:03:00,2024-11-11 11:23:00,Completed,129757
3439,901,2572,3,,2024-11-11 10:08:00,2024-11-11 12:23:00,2024-11-11 11:52:00,Completed,139034
3440,689,2599,4,,2024-11-11 10:19:00,2024-11-11 13:41:00,2024-11-11 12:25:00,Completed,85673
3441,352,2571,3,,2024-11-11 11:01:00,2024-11-11 17:30:00,2024-11-11 14:39:00,Completed,227570
3442,3420,2612,6,,2024-11-11 11:06:00,2024-11-11 13:42:00,2024-11-11 13:25:00,Completed,54665
3443,34,2616,6,,2024-11-11 11:31:00,2024-11-11 15:35:00,2024-11-11 14:46:00,Completed,232345
3444,3477,,3,,2024-11-11 13:32:00,2024-11-12 08:44:00,2024-11-11 16:31:00,Completed,115551
3445,3159,,6,,2024-11-11 13:36:00,2024-11-11 15:19:00,2024-11-11 15:04:00,Completed,81096
3446,2237,2586,2,,2024-11-11 13:38:00,2024-11-11 17:30:00,2024-11-11 14:50:00,Completed,81573
3447,2387,2508,4,,2024-11-11 14:05:00,2024-11-11 15:20:00,2024-11-11 14:53:00,Completed,70298
3448,2878,2515,6,,2024-11-11 14:38:00,2024-11-11 16:30:00,2024-11-11 16:14:00,Completed,93833
3449,431,2614,6,,2024-11-11 15:36:00,2024-11-11 17:30:00,2024-11-11 16:40:00,Completed,130738
3450,1006,2625,6,,2024-11-12 09:04:00,2024-11-12 12:56:00,2024-11-12 12:12:00,Completed,98334
3451,3178,2609,2,,2024-11-12 09:34:00,2024-11-12 11:49:00,2024-11-12 10:33:00,Completed,7479
3452,2307,2630,3,,2024-11-12 11:00:00,2024-11-12 14:15:00,2024-11-12 12:57:00,Completed,103487
3453,3151,2584,5,,2024-11-12 12:38:00,2024-11-12 17:30:00,2024-11-12 16:11:00,Completed,77142
3454,1316,,3,,2024-11-12 13:01:00,2024-11-12 16:08:00,2024-11-12 15:19:00,Completed,130377
3455,3476,2622,5,,2024-11-12 13:06:00,2024-11-12 17:30:00,2024-11-12 16:27:00,Completed,124754
3456,3478,,4,,2024-11-12 13:33:00,2024-11-13 07:55:00,2024-11-13 08:49:00,Completed,57870
3457,2320,2438,6,,2024-11-12 15:30:00,2024-11-12 16:45:00,2024-11-12 16:17:00,Completed,63775
3458,645,2596,2,,2024-11-12 15:38:00,2024-11-13 09:53:00,2024-11-12 16:59:00,Completed,126942
3459,3485,,5,,2024-11-13 08:31:00,2024-11-14 14:03:00,2024-11-14 11:55:00,Completed,131753
3460,179,2593,5,,2024-11-13 08:38:00,2024-11-13 10:53:00,2024-11-13 10:24:00,Completed,213456
3461,2719,,3,,2024-11-13 08:44:00,2024-11-13 11:44:00,2024-11-13 11:00:00,Completed,178551
3462,1752,,2,,2024-11-13 08:50:00,2024-11-13 11:57:00,2024-11-13 10:52:00,Completed,94682
3463,3288,,3,,2024-11-13 09:26:00,2024-11-13 11:31:00,2024-11-13 11:30:00,Completed,75095
3464,2932,2611,4,,2024-11-13 10:03:00,2024-11-13 11:18:00,2024-11-13 10:30:00,Completed,67932
3465,3486,,6,,2024-11-13 10:13:00,2024-11-13 11:28:00,2024-11-13 10:54:00,Completed,126062
3466,3463,2592,6,,2024-11-13 10:36:00,2024-11-13 13:08:00,2024-11-13 13:12:00,Completed,56325
3467,249,,6,,2024-11-13 12:32:00,2024-11-13 16:17:00,2024-11-14 08:22:00,Completed,255268
3468,3483,,4,,2024-11-13 12:46:00,2024-11-14 07:31:00,2024-11-14 08:11:00,Completed,72961
3469,2744,2550,6,,2024-11-13 13:36:00,2024-11-13 16:17:00,2024-11-13 15:51:00,Completed,130644
3470,733,2618,5,,2024-11-13 14:03:00,2024-11-13 16:33:00,2024-11-13 14:52:00,Completed,112541
3471,727,2634,5,,2024-11-14 07:37:00,2024-11-15 10:30:00,2024-11-15 10:51:00,Completed,148952
3472,73,2636,3,,2024-11-14 08:07:00,2024-11-14 09:22:00,2024-11-14 08:49:00,Completed,195211
3473,3489,,4,,2024-11-14 08:30:00,2024-11-14 11:52:00,2024-11-14 09:39:00,Completed,140070
3474,1584,,4,,2024-11-14 09:01:00,2024-11-14 10:35:00,2024-11-14 10:03:00,Completed,57545
3475,2676,,2,,2024-11-14 09:05:00,2024-11-14 13:20:00,2024-11-14 12:25:00,Completed,48275
3476,3132,,6,,2024-11-14 09:17:00,2024-11-14 12:09:00,2024-11-14 11:37:00,Completed,147240
3477,2662,2627,3,3308,2024-11-14 09:34:00,2024-11-14 12:52:00,2024-11-14 10:43:00,Completed,64686
3478,2489,2645,4,,2024-11-14 09:39:00,2024-11-14 11:03:00,2024-11-14 10:28:00,Completed,71466
3479,2358,,6,,2024-11-14 10:31:00,2024-11-14 12:15:00,2024-11-14 11:49:00,Completed,27766
3480,2738,,6,,2024-11-14 11:36:00,2024-11-14 13:33:00,2024-11-14 12:59:00,Completed,154949
3481,2381,2635,6,,2024-11-14 12:05:00,2024-11-14 15:05:00,2024-11-14 15:04:00,Completed,72736
3482,2475,2620,4,,2024-11-14 13:04:00,2024-11-14 16:04:00,2024-11-15 07:43:00,Completed,107612
3483,2974,2640,3,,2024-11-15 08:01:00,2024-11-15 09:16:00,2024-11-15 08:32:00,Completed,74922
3484,3095,,4,,2024-11-15 08:29:00,2024-11-15 11:44:00,2024-11-15 11:30:00,Completed,151493
3485,1994,2631,5,,2024-11-15 08:39:00,2024-11-18 12:43:00,2024-11-18 10:12:00,Completed,172120
3486,3496,,1,,2024-11-15 08:52:00,2024-11-15 12:22:00,2024-11-15 09:51:00,Completed,192277
3487,3233,2606,4,,2024-11-15 09:06:00,2024-11-15 12:33:00,2024-11-15 13:25:00,Completed,239021
3488,1882,2621,3,,2024-11-15 09:33:00,2024-11-15 11:40:00,2024-11-15 10:45:00,Completed,164471
3489,3494,,3,,2024-11-15 10:19:00,2024-11-18 11:44:00,2024-11-18 08:56:00,Completed,55049
3490,3211,2432,6,,2024-11-15 10:38:00,2024-11-15 12:00:00,2024-11-15 11:40:00,Completed,77576
3491,2265,,4,,2024-11-15 10:59:00,2024-11-15 15:14:00,2024-11-15 13:06:00,Completed,34379
3492,2128,2415,5,,2024-11-15 11:03:00,2024-11-15 12:10:00,2024-11-15 11:26:00,Completed,95456
3493,187,,6,,2024-11-15 13:08:00,2024-11-15 14:15:00,2024-11-15 13:33:00,Completed,245712
3494,2414,2608,5,,2024-11-15 13:39:00,2024-11-18 11:36:00,2024-11-20 14:14:00,Completed,172435
3495,34,2639,6,3443,2024-11-15 14:36:00,2024-11-15 17:30:00,2024-11-15 15:00:00,Completed,232469
3496,3474,2617,5,,2024-11-16 08:06:00,2024-11-16 11:39:00,2024-11-16 13:27:00,Completed,67785
3497,1512,2560,5,,2024-11-16 08:08:00,2024-11-16 12:27:00,2024-11-16 10:46:00,Completed,109989
3498,2569,2638,5,,2024-11-16 08:19:00,2024-11-16 12:11:00,2024-11-16 11:05:00,Completed,184575
3499,3414,2516,4,,2024-11-16 08:32:00,2024-11-16 11:17:00,2024-11-16 09:14:00,Completed,74971
3500,1539,2658,3,,2024-11-16 08:40:00,2024-11-16 11:40:00,2024-11-16 13:05:00,Completed,43484
3501,3485,2653,1,3459,2024-11-16 09:05:00,2024-11-16 13:05:00,2024-11-16 10:49:00,Completed,131878
3502,2281,,2,,2024-11-16 09:16:00,2024-11-18 08:31:00,2024-11-18 12:17:00,Completed,197746
3503,2877,2613,6,,2024-11-16 10:39:00,2024-11-18 08:01:00,2024-11-16 12:48:00,Completed,36364
3504,2904,2657,4,,2024-11-16 11:08:00,2024-11-18 09:00:00,2024-11-18 07:57:00,Completed,152603
3505,2423,2673,5,,2024-11-18 07:32:00,2024-11-18 10:02:00,2024-11-18 09:29:00,Completed,63371
3506,3500,2672,2,,2024-11-18 07:39:00,2024-11-18 14:24:00,2024-11-18 10:51:00,Completed,4822
3507,3135,2633,3,,2024-11-18 08:06:00,2024-11-18 10:36:00,2024-11-18 09:26:00,Completed,119458
3508,1982,2607,2,,2024-11-18 08:06:00,2024-11-18 13:04:00,2024-11-18 15:32:00,Completed,89079
3509,3417,2674,3,,2024-11-18 08:24:00,2024-11-18 12:06:00,2024-11-18 12:36:00,Completed,127202
3510,3418,2649,6,,2024-11-18 08:32:00,2024-11-18 09:47:00,2024-11-18 09:03:00,Completed,118670
3511,1501,2601,2,,2024-11-18 09:01:00,2024-11-18 15:09:00,2024-11-18 14:07:00,Completed,138803
3512,1121,2643,6,,2024-11-18 09:01:00,2024-11-18 12:31:00,2024-11-18 13:53:00,Completed,103181
3513,1953,2662,2,,2024-11-18 09:23:00,2024-11-19 09:46:00,2024-11-19 08:32:00,Completed,160670
3514,2144,2641,3,,2024-11-18 09:35:00,2024-11-18 14:45:00,2024-11-18 15:32:00,Completed,91491
3515,2954,2644,6,,2024-11-18 09:39:00,2024-11-18 14:43:00,2024-11-18 13:29:00,Completed,135701
3516,3403,,5,,2024-11-18 09:44:00,2024-11-20 13:10:00,2024-11-20 13:20:00,Completed,74850
3517,984,,6,,2024-11-18 10:43:00,2024-11-18 14:24:00,2024-11-18 15:10:00,Completed,40341
3518,2162,,2,,2024-11-18 11:24:00,2024-11-19 12:37:00,2024-11-19 14:23:00,Completed,118567
3519,3504,,6,,2024-11-18 13:51:00,2024-11-19 08:27:00,2024-11-19 09:46:00,Completed,240103
3520,172,2667,3,,2024-11-18 14:01:00,2024-11-20 15:47:00,2024-11-20 11:52:00,Completed,236227
3521,3497,2654,3,,2024-11-18 14:37:00,2024-11-18 15:52:00,2024-11-18 15:07:00,Completed,77457
3522,2344,2676,6,,2024-11-19 07:37:00,2024-11-19 12:22:00,2024-11-19 13:35:00,Completed,27831
3523,3503,2671,2,,2024-11-19 07:39:00,2024-11-19 14:06:00,2024-11-19 13:19:00,Completed,241291
3524,3426,2530,6,,2024-11-19 08:06:00,2024-11-19 10:24:00,2024-11-19 10:26:00,Completed,24507
3525,1570,2680,6,,2024-11-19 11:30:00,2024-11-19 14:15:00,2024-11-19 13:22:00,Completed,131181
3526,152,2663,2,,2024-11-19 12:04:00,2024-11-20 08:11:00,2024-11-19 16:13:00,Completed,201647
3527,3509,2684,6,,2024-11-19 13:02:00,2024-11-19 16:11:00,2024-11-19 14:26:00,Completed,112077
3528,3064,2670,2,,2024-11-19 13:30:00,2024-11-20 09:24:00,2024-11-20 10:24:00,Completed,111161
3529,3508,,3,,2024-11-19 14:37:00,2024-11-20 07:52:00,2024-11-19 15:55:00,Completed,121219
3530,3501,2666,6,,2024-11-19 14:38:00,2024-11-20 07:53:00,2024-11-19 17:02:00,Completed,71980
3531,3475,2615,6,,2024-11-19 15:08:00,2024-11-20 07:41:00,2024-11-20 07:49:00,Completed,73264
3532,3042,2655,6,,2024-11-20 07:37:00,2024-11-20 09:29:00,2024-11-20 08:57:00,Completed,30282
3533,3505,2677,6,,2024-11-20 08:01:00,2024-11-20 11:24:00,2024-11-20 11:21:00,Completed,102529
3534,3517,2693,6,,2024-11-20 08:06:00,2024-11-20 11:19:00,2024-11-20 12:03:00,Completed,96139
3535,3315,2675,6,,2024-11-20 08:38:00,2024-11-20 12:32:00,2024-11-20 13:28:00,Completed,36192
3536,3512,2692,6,,2024-11-20 09:07:00,2024-11-20 12:55:00,2024-11-20 13:54:00,Completed,83641
3537,3516,,6,,2024-11-20 09:08:00,2024-11-20 14:26:00,2024-11-20 15:51:00,Completed,60065
3538,2325,2650,1,,2024-11-20 09:34:00,2024-11-23 12:42:00,2024-11-25 12:07:00,Completed,92291
3539,3514,,6,,2024-11-20 10:01:00,2024-11-20 15:49:00,2024-11-21 07:38:00,Completed,24394
3540,2714,,2,,2024-11-20 10:32:00,2024-11-20 13:47:00,2024-11-20 11:44:00,Completed,97800
3541,3515,,6,,2024-11-20 11:45:00,2024-11-20 17:30:00,2024-11-21 09:16:00,Completed,74139
3542,3421,2520,3,,2024-11-20 14:04:00,2024-11-21 08:26:00,2024-11-21 08:10:00,Completed,139628
3543,3513,,1,,2024-11-20 14:54:00,2024-11-21 09:09:00,2024-11-20 16:58:00,Completed,48305
3544,2863,2459,6,,2024-11-20 15:36:00,2024-11-21 10:27:00,2024-11-21 09:41:00,Completed,123273
3545,2901,2651,4,,2024-11-21 07:30:00,2024-11-21 13:00:00,2024-11-21 10:35:00,Completed,98821
3546,2283,2701,6,,2024-11-21 08:05:00,2024-11-21 11:19:00,2024-11-21 11:34:00,Completed,79630
3547,3162,2648,6,,2024-11-21 08:06:00,2024-11-21 13:03:00,2024-11-21 14:18:00,Completed,111998
3548,3531,,4,,2024-11-21 09:16:00,2024-11-23 09:44:00,2024-11-22 16:12:00,Completed,134037
3549,946,2699,4,,2024-11-21 10:07:00,2024-11-21 11:14:00,2024-11-21 10:43:00,Completed,116107
3550,3492,2647,3,,2024-11-21 10:36:00,2024-11-21 14:51:00,2024-11-21 14:04:00,Completed,185738
3551,3532,,5,,2024-11-21 11:37:00,2024-11-21 13:59:00,2024-11-21 13:01:00,Completed,46098
3552,764,2700,6,,2024-11-21 11:38:00,2024-11-21 15:35:00,2024-11-21 15:46:00,Completed,67632
3553,3529,,4,,2024-11-21 11:44:00,2024-11-21 12:59:00,2024-11-21 12:09:00,Completed,143920
3554,2802,2554,5,,2024-11-21 12:38:00,2024-11-21 17:30:00,2024-11-21 15:22:00,Completed,45648
3555,3533,,6,,2024-11-21 13:10:00,2024-11-21 16:28:00,2024-11-21 17:01:00,Completed,77362
3556,3510,2687,5,,2024-11-21 13:30:00,2024-11-21 17:30:00,2024-11-22 10:06:00,Completed,57968
3557,3530,,6,,2024-11-21 14:48:00,2024-11-21 17:30:00,2024-11-22 07:33:00,Completed,64501
3558,2971,,3,,2024-11-22 08:50:00,2024-11-22 16:42:00,2024-11-22 13:14:00,Completed,79157
3559,2046,,6,,2024-11-22 09:37:00,2024-11-22 12:22:00,2024-11-22 11:46:00,Completed,83310
3560,2228,2690,4,,2024-11-22 10:00:00,2024-11-22 12:45:00,2024-11-22 12:01:00,Completed,176165
3561,2949,2668,4,,2024-11-22 10:09:00,2024-11-22 12:38:00,2024-11-22 11:48:00,Completed,62613
3562,1863,,6,,2024-11-22 10:25:00,2024-11-22 12:21:00,2024-11-22 12:24:00,Completed,41558
3563,3463,,6,3466,2024-11-22 10:35:00,2024-11-22 13:41:00,2024-11-22 12:23:00,Completed,56624
3564,3178,2669,6,,2024-11-22 13:09:00,2024-11-22 15:01:00,2024-11-22 14:20:00,Completed,8008
3565,1430,2698,4,,2024-11-22 13:35:00,2024-11-23 08:42:00,2024-11-23 08:45:00,Completed,133532
3566,3034,2646,3,,2024-11-23 08:07:00,2024-11-23 11:37:00,2024-11-23 10:32:00,Completed,33402
3567,1952,2705,6,,2024-11-23 08:08:00,2024-11-23 10:45:00,2024-11-23 10:08:00,Completed,60853
3568,2601,2710,5,,2024-11-23 08:27:00,2024-11-25 09:57:00,2024-11-25 10:49:00,Completed,142741
3569,2256,2678,5,,2024-11-23 10:09:00,2024-11-25 11:25:00,2024-11-25 10:24:00,Completed,101001
3570,3325,,4,,2024-11-23 10:54:00,2024-11-23 14:00:00,2024-11-23 11:49:00,Completed,118821
3571,195,2660,6,,2024-11-23 11:33:00,2024-11-25 08:03:00,2024-11-23 13:28:00,Completed,176342
3572,3285,2702,6,,2024-11-23 11:39:00,2024-11-25 07:48:00,2024-11-23 13:58:00,Completed,60053
3573,226,2714,5,,2024-11-23 12:03:00,2024-11-25 13:24:00,2024-11-25 14:27:00,Completed,177919
3574,2584,2510,2,,2024-11-25 07:31:00,2024-11-25 09:46:00,2024-11-25 08:53:00,Completed,106716
3575,1229,2517,5,,2024-11-25 08:01:00,2024-11-25 15:04:00,2024-11-25 14:39:00,Completed,106268
3576,2217,2578,5,,2024-11-25 08:07:00,2024-11-25 15:58:00,2024-11-26 08:48:00,Completed,192615
3577,2797,,6,,2024-11-25 08:23:00,2024-11-25 09:38:00,2024-11-25 09:12:00,Completed,56364
3578,3179,2665,5,,2024-11-25 08:25:00,2024-11-25 15:53:00,2024-11-26 08:28:00,Completed,137603
3579,162,2682,3,,2024-11-25 08:31:00,2024-11-25 11:46:00,2024-11-25 09:56:00,Completed,181418
3580,3549,,5,,2024-11-25 08:41:00,2024-11-25 17:30:00,2024-11-26 13:15:00,Completed,249551
3581,2416,2728,6,,2024-11-25 09:35:00,2024-11-25 10:42:00,2024-11-25 10:18:00,Completed,95709
3582,3051,,4,,2024-11-25 09:51:00,2024-11-25 13:21:00,2024-11-25 11:57:00,Completed,180586
3583,2548,2730,3,,2024-11-25 10:05:00,2024-11-25 17:30:00,2024-11-25 14:07:00,Completed,62014
3584,2221,2539,5,,2024-11-25 11:03:00,2024-11-25 16:09:00,2024-11-26 11:50:00,Completed,129086
3585,1036,,1,,2024-11-25 12:05:00,2024-11-25 16:35:00,2024-11-25 14:06:00,Completed,186541
3586,1751,2652,2,,2024-11-25 13:35:00,2024-11-25 15:20:00,2024-11-25 14:23:00,Completed,109407
3587,2889,2708,5,,2024-11-25 14:03:00,2024-11-26 08:54:00,2024-11-26 12:01:00,Completed,33635
3588,3498,2711,3,,2024-11-25 14:06:00,2024-11-27 09:30:00,2024-11-27 07:46:00,Completed,119204
3589,3201,2707,6,,2024-11-25 14:33:00,2024-11-25 16:33:00,2024-11-25 15:46:00,Completed,96203
3590,3499,2664,6,,2024-11-26 07:34:00,2024-11-26 11:07:00,2024-11-26 10:12:00,Completed,60579
3591,3244,2720,6,,2024-11-26 07:36:00,2024-11-26 10:16:00,2024-11-26 10:47:00,Completed,128547
3592,1395,2729,6,,2024-11-26 07:50:00,2024-11-26 13:54:00,2024-11-26 12:56:00,Completed,144318
3593,1595,2688,3,,2024-11-26 08:00:00,2024-11-26 09:15:00,2024-11-26 08:46:00,Completed,154248
3594,3406,2685,6,,2024-11-26 08:04:00,2024-11-26 12:02:00,2024-11-26 13:11:00,Completed,71467
3595,1138,2736,4,,2024-11-26 08:27:00,2024-11-26 12:19:00,2024-11-26 10:27:00,Completed,193066
3596,2345,2739,1,,2024-11-26 09:05:00,2024-12-02 15:06:00,2024-12-02 15:01:00,Completed,238276
3597,3555,,3,,2024-11-26 09:13:00,2024-11-26 12:50:00,2024-11-26 10:10:00,Completed,158044
3598,3482,2628,5,,2024-11-26 10:35:00,2024-11-26 14:24:00,2024-11-26 12:55:00,Completed,122944
3599,3551,,3,,2024-11-26 12:33:00,2024-11-26 16:33:00,2024-11-26 14:24:00,Completed,90917
3600,3552,,2,,2024-11-26 12:33:00,2024-11-26 17:30:00,2024-11-26 15:15:00,Completed,60751
3601,3556,,2,,2024-11-26 12:58:00,2024-11-27 08:12:00,2024-11-27 08:30:00,Completed,150923
3602,3557,,1,,2024-11-26 14:09:00,2024-11-26 16:10:00,2024-11-26 15:05:00,Completed,141743
3603,1487,2731,5,,2024-11-26 15:35:00,2024-11-27 08:50:00,2024-11-26 16:31:00,Completed,71116
3604,3545,2723,4,,2024-11-27 07:33:00,2024-11-27 09:33:00,2024-11-27 08:35:00,Completed,110161
3605,3558,2741,3,,2024-11-27 07:35:00,2024-11-27 08:50:00,2024-11-27 07:58:00,Completed,42339
3606,1872,2750,6,,2024-11-27 08:01:00,2024-11-27 09:31:00,2024-11-27 08:55:00,Completed,99301
3607,3566,2752,2,,2024-11-27 08:37:00,2024-11-27 12:07:00,2024-11-27 09:44:00,Completed,138448
3608,3565,,4,,2024-11-27 09:04:00,2024-11-27 14:49:00,2024-11-27 12:54:00,Completed,20760
3609,1836,,2,,2024-11-27 09:58:00,2024-11-27 12:35:00,2024-11-27 11:19:00,Completed,76975
3610,3563,,3,,2024-11-27 10:38:00,2024-11-27 14:53:00,2024-11-27 14:30:00,Completed,36226
3611,399,,1,,2024-11-27 10:47:00,2024-11-29 10:54:00,2024-12-03 15:23:00,Completed,160085
3612,2610,2742,4,,2024-11-27 11:32:00,2024-11-29 15:28:00,2024-11-29 12:37:00,Completed,175053
3613,3564,,6,,2024-11-27 11:54:00,2024-11-27 15:09:00,2024-11-27 13:20:00,Completed,145997
3614,3521,2697,5,,2024-11-27 13:05:00,2024-11-29 11:12:00,2024-11-29 10:52:00,Completed,69037
3615,3538,2706,6,,2024-11-27 13:39:00,2024-11-27 16:24:00,2024-11-27 14:28:00,Completed,57346
3616,3520,2696,6,,2024-11-27 15:04:00,2024-11-29 08:04:00,2024-11-29 09:46:00,Completed,48032
3617,1042,2717,3,,2024-11-29 07:34:00,2024-11-29 11:49:00,2024-11-29 09:41:00,Completed,174110
3618,2785,2766,5,,2024-11-29 07:36:00,2024-11-29 11:34:00,2024-11-29 09:57:00,Completed,126438
3619,288,2767,5,,2024-11-29 08:03:00,2024-11-29 11:03:00,2024-11-29 10:39:00,Completed,161513
3620,432,2709,4,,2024-11-29 08:07:00,2024-11-29 11:37:00,2024-11-29 11:59:00,Completed,243182
3621,2286,2764,6,,2024-11-29 08:34:00,2024-11-29 11:19:00,2024-11-29 10:43:00,Completed,11435
3622,2406,,5,,2024-11-29 08:47:00,2024-11-30 08:36:00,2024-11-29 16:35:00,Completed,86822
3623,320,2718,6,,2024-11-29 09:02:00,2024-11-29 13:30:00,2024-11-29 15:57:00,Completed,250507
3624,3571,,3,,2024-11-29 10:18:00,2024-11-29 11:33:00,2024-11-29 10:52:00,Completed,44199
3625,1995,2735,3,,2024-11-29 10:36:00,2024-11-29 15:43:00,2024-11-29 13:25:00,Completed,122999
3626,2455,2727,6,,2024-11-29 10:38:00,2024-11-29 12:46:00,2024-11-29 12:51:00,Completed,115828
3627,1590,2762,6,,2024-11-29 10:53:00,2024-11-29 13:08:00,2024-11-29 13:08:00,Completed,41327
3628,809,,4,,2024-11-29 12:11:00,2024-11-29 17:30:00,2024-11-29 16:03:00,Completed,238527
3629,3549,,1,3580,2024-11-29 12:43:00,2024-11-29 15:43:00,2024-11-29 13:48:00,Completed,249691
3630,513,2768,2,,2024-11-29 13:38:00,2024-11-30 08:23:00,2024-11-29 15:32:00,Completed,188208
3631,1288,2732,6,,2024-11-29 14:05:00,2024-11-30 08:27:00,2024-11-29 16:47:00,Completed,38108
3632,3573,,2,,2024-11-29 14:30:00,2024-11-30 10:20:00,2024-11-30 09:26:00,Completed,103309
3633,2571,2771,6,,2024-11-30 08:04:00,2024-11-30 10:19:00,2024-11-30 09:33:00,Completed,65533
3634,3575,2770,3,,2024-11-30 08:04:00,2024-11-30 09:26:00,2024-11-30 08:39:00,Completed,106392
3635,1994,,5,3485,2024-11-30 09:03:00,2024-11-30 12:48:00,2024-12-02 07:58:00,Completed,173210
3636,3579,,4,,2024-11-30 09:09:00,2024-11-30 10:24:00,2024-11-30 09:36:00,Completed,46314
3637,3578,,4,,2024-11-30 09:21:00,2024-11-30 11:56:00,2024-11-30 11:03:00,Completed,120611
3638,3577,,6,,2024-11-30 10:21:00,2024-11-30 11:43:00,2024-11-30 11:04:00,Completed,161578
3639,3546,2726,4,,2024-11-30 10:34:00,2024-11-30 12:01:00,2024-11-30 11:33:00,Completed,188486
3640,3538,2761,6,3615,2024-11-30 11:03:00,2024-11-30 14:00:00,2024-11-30 11:53:00,Completed,57489
3641,2927,2785,4,,2024-12-02 07:30:00,2024-12-02 11:45:00,2024-12-02 09:20:00,Completed,100781
3642,1837,2786,4,,2024-12-02 07:33:00,2024-12-02 12:43:00,2024-12-02 10:55:00,Completed,54657
3643,2460,2744,1,,2024-12-02 08:04:00,2024-12-03 12:34:00,2024-12-09 16:41:00,Completed,111197
3644,167,2745,2,,2024-12-02 08:08:00,2024-12-02 10:30:00,2024-12-02 09:42:00,Completed,214007
3645,2514,2746,1,,2024-12-02 08:27:00,2024-12-04 12:52:00,2024-12-04 11:27:00,Completed,58700
3646,2902,,5,,2024-12-02 08:30:00,2024-12-02 14:52:00,2024-12-02 13:09:00,Completed,103729
3647,2379,2753,5,,2024-12-02 08:31:00,2024-12-02 12:12:00,2024-12-02 13:04:00,Completed,94796
3648,1142,2782,5,,2024-12-02 08:36:00,2024-12-02 13:29:00,2024-12-02 14:29:00,Completed,134727
3649,3589,,6,,2024-12-02 08:48:00,2024-12-02 09:55:00,2024-12-02 09:16:00,Completed,240213
3650,1486,2774,3,,2024-12-02 09:00:00,2024-12-02 11:45:00,2024-12-02 10:56:00,Completed,176654
3651,2052,2740,4,,2024-12-02 09:02:00,2024-12-02 15:52:00,2024-12-02 13:07:00,Completed,177381
3652,2716,2787,4,,2024-12-02 09:37:00,2024-12-04 12:34:00,2024-12-05 11:29:00,Completed,137410
3653,2066,2755,2,,2024-12-02 10:04:00,2024-12-02 14:19:00,2024-12-04 13:11:00,Completed,92602
3654,3583,2783,4,,2024-12-02 11:04:00,2024-12-05 09:03:00,2024-12-04 16:31:00,Completed,71040
3655,2684,2637,2,,2024-12-02 11:06:00,2024-12-04 15:47:00,2024-12-04 11:31:00,Completed,120153
3656,3472,,2,,2024-12-02 11:17:00,2024-12-02 15:59:00,2024-12-02 17:13:00,Completed,63743
3657,1505,2749,6,,2024-12-02 11:31:00,2024-12-02 16:38:00,2024-12-02 14:26:00,Completed,80429
3658,3588,,6,,2024-12-02 11:37:00,2024-12-02 16:12:00,2024-12-02 15:13:00,Completed,93024
3659,261,,6,,2024-12-02 11:50:00,2024-12-03 07:41:00,2024-12-03 11:05:00,Completed,100252
3660,3587,2791,3,,2024-12-02 12:03:00,2024-12-03 07:33:00,2024-12-04 13:38:00,Completed,158224
3661,2264,2777,3,,2024-12-02 13:39:00,2024-12-03 08:40:00,2024-12-05 12:58:00,Completed,118366
3662,175,,3,,2024-12-02 14:30:00,2024-12-02 17:30:00,2024-12-02 17:29:00,Completed,233446
3663,733,2751,2,,2024-12-03 07:30:00,2024-12-03 08:45:00,2024-12-03 08:00:00,Completed,113878
3664,3567,2754,3,,2024-12-03 08:03:00,2024-12-03 10:33:00,2024-12-03 10:30:00,Completed,150159
3665,2125,2656,5,,2024-12-03 09:01:00,2024-12-03 10:31:00,2024-12-03 09:59:00,Completed,80441
3666,2228,,4,3560,2024-12-03 10:07:00,2024-12-03 12:37:00,2024-12-03 13:53:00,Completed,176650
3667,3576,2769,3,,2024-12-03 10:08:00,2024-12-03 11:23:00,2024-12-03 10:53:00,Completed,88262
3668,3593,,6,,2024-12-03 13:22:00,2024-12-03 17:30:00,2024-12-03 14:28:00,Completed,177206
3669,3543,2721,6,,2024-12-04 07:31:00,2024-12-04 10:31:00,2024-12-04 09:33:00,Completed,33405
3670,3539,2704,3,,2024-12-04 07:34:00,2024-12-04 10:04:00,2024-12-04 09:56:00,Completed,127040
3671,2877,2801,6,3503,2024-12-04 08:02:00,2024-12-04 11:23:00,2024-12-04 09:35:00,Completed,37138
3672,750,2719,6,,2024-12-04 08:04:00,2024-12-04 10:41:00,2024-12-04 10:45:00,Completed,160255
3673,1561,2683,6,,2024-12-04 08:30:00,2024-12-04 12:57:00,2024-12-04 13:16:00,Completed,195619
3674,3597,,4,,2024-12-04 10:00:00,2024-12-04 14:15:00,2024-12-04 12:18:00,Completed,100740
3675,1388,,5,,2024-12-04 10:07:00,2024-12-04 11:22:00,2024-12-04 10:37:00,Completed,127899
3676,2966,2808,3,,2024-12-04 14:07:00,2024-12-05 11:07:00,2024-12-05 08:58:00,Completed,67443
3677,3568,2757,1,,2024-12-04 14:09:00,2024-12-04 16:39:00,2024-12-04 14:49:00,Completed,195242
3678,3542,2712,6,,2024-12-05 08:09:00,2024-12-05 12:24:00,2024-12-05 10:04:00,Completed,181183
3679,2798,2800,4,,2024-12-05 09:32:00,2024-12-05 10:54:00,2024-12-05 10:08:00,Completed,107559
3680,3607,,3,,2024-12-05 09:59:00,2024-12-05 11:21:00,2024-12-05 10:43:00,Completed,119122
3681,481,,3,,2024-12-05 10:06:00,2024-12-05 14:14:00,2024-12-05 11:55:00,Completed,284341
3682,3608,,6,,2024-12-05 10:11:00,2024-12-05 11:33:00,2024-12-05 11:06:00,Completed,105931
3683,1147,,1,,2024-12-05 10:13:00,2024-12-05 12:43:00,2024-12-05 10:38:00,Completed,109244
3684,3606,,5,,2024-12-05 10:24:00,2024-12-05 11:39:00,2024-12-05 11:02:00,Completed,72286
3685,3249,2759,2,,2024-12-05 11:09:00,2024-12-05 13:39:00,2024-12-05 12:39:00,Completed,35134
3686,3610,2813,1,,2024-12-05 11:09:00,2024-12-05 14:39:00,2024-12-05 13:09:00,Completed,69137
3687,2128,,4,,2024-12-05 11:11:00,2024-12-05 12:26:00,2024-12-05 11:39:00,Completed,96302
3688,3547,2725,4,,2024-12-05 11:38:00,2024-12-05 12:53:00,2024-12-05 12:03:00,Completed,251786
3689,3590,2789,4,,2024-12-05 11:39:00,2024-12-05 13:51:00,2024-12-05 13:11:00,Completed,75281
3690,3609,,2,,2024-12-05 13:25:00,2024-12-06 09:47:00,2024-12-05 16:43:00,Completed,101578
3691,879,2775,5,,2024-12-06 07:31:00,2024-12-06 12:01:00,2024-12-06 10:14:00,Completed,136258
3692,2869,2796,1,,2024-12-06 07:39:00,2024-12-06 08:54:00,2024-12-06 08:05:00,Completed,265513
3693,2567,2819,6,,2024-12-06 07:53:00,2024-12-06 09:11:00,2024-12-06 08:33:00,Completed,125875
3694,2687,2743,3,,2024-12-06 08:02:00,2024-12-06 10:09:00,2024-12-06 09:39:00,Completed,77375
3695,2839,2816,4,,2024-12-06 08:05:00,2024-12-06 09:20:00,2024-12-06 08:48:00,Completed,40329
3696,3611,,3,,2024-12-06 09:53:00,2024-12-06 14:23:00,2024-12-06 11:37:00,Completed,49680
3697,3550,,6,,2024-12-06 10:16:00,2024-12-06 13:31:00,2024-12-06 13:31:00,Completed,38059
3698,3560,2748,4,,2024-12-06 10:37:00,2024-12-06 15:37:00,2024-12-06 14:50:00,Completed,58547
3699,2904,2817,6,,2024-12-06 12:32:00,2024-12-06 14:17:00,2024-12-06 13:46:00,Completed,153371
3700,3612,,5,,2024-12-06 13:24:00,2024-12-07 08:09:00,2024-12-06 16:12:00,Completed,47748
3701,3598,2810,6,,2024-12-06 15:01:00,2024-12-07 08:01:00,2024-12-06 16:50:00,Completed,78003
3702,1882,2815,1,,2024-12-07 08:00:00,2024-12-07 09:15:00,2024-12-07 08:31:00,Completed,165859
3703,3114,2806,5,,2024-12-07 08:00:00,2024-12-07 09:15:00,2024-12-07 08:47:00,Completed,131011
3704,1661,2818,6,,2024-12-07 08:23:00,2024-12-07 10:00:00,2024-12-07 09:45:00,Completed,159791
3705,2949,2814,3,,2024-12-07 08:30:00,2024-12-07 12:45:00,2024-12-07 12:25:00,Completed,63446
3706,320,,3,3623,2024-12-07 08:53:00,2024-12-07 11:57:00,2024-12-07 10:30:00,Completed,251076
3707,3268,,4,,2024-12-07 09:23:00,2024-12-07 14:00:00,2024-12-09 08:23:00,Completed,112389
3708,2315,2793,2,,2024-12-07 09:39:00,2024-12-07 11:39:00,2024-12-07 10:40:00,Completed,85005
3709,1933,,3,,2024-12-07 10:11:00,2024-12-07 11:52:00,2024-12-07 11:09:00,Completed,81394
3710,2541,,3,,2024-12-07 10:27:00,2024-12-07 12:00:00,2024-12-07 11:40:00,Completed,46363
3711,3016,2827,5,,2024-12-07 10:38:00,2024-12-07 11:53:00,2024-12-07 11:12:00,Completed,45107
3712,1101,2802,5,,2024-12-09 08:04:00,2024-12-09 11:11:00,2024-12-09 10:11:00,Completed,40823
3713,1520,2733,4,,2024-12-09 08:05:00,2024-12-11 14:16:00,2024-12-11 12:49:00,Completed,37372
3714,161,2812,1,,2024-12-09 08:29:00,2024-12-09 12:59:00,2024-12-09 09:43:00,Completed,405113
3715,979,2765,3,,2024-12-09 08:30:00,2024-12-09 16:30:00,2024-12-10 07:39:00,Completed,135376
3716,2628,2821,5,,2024-12-09 08:45:00,2024-12-09 14:47:00,2024-12-09 12:52:00,Completed,71038
3717,3419,2822,5,,2024-12-09 09:05:00,2024-12-09 12:29:00,2024-12-09 13:17:00,Completed,57358
3718,2796,2843,4,,2024-12-09 09:05:00,2024-12-10 16:23:00,2024-12-10 14:05:00,Completed,59476
3719,2548,2841,6,,2024-12-09 09:23:00,2024-12-09 15:00:00,2024-12-09 15:06:00,Completed,62623
3720,545,2788,4,,2024-12-09 09:36:00,2024-12-09 14:21:00,2024-12-09 11:56:00,Completed,140044
3721,3084,2831,3,,2024-12-09 09:36:00,2024-12-09 13:27:00,2024-12-09 14:34:00,Completed,89037
3722,3616,,4,,2024-12-09 09:38:00,2024-12-09 12:14:00,2024-12-09 12:26:00,Completed,62775
3723,446,2795,6,,2024-12-09 10:01:00,2024-12-09 15:36:00,2024-12-09 15:09:00,Completed,112868
3724,3618,2842,5,,2024-12-09 10:39:00,2024-12-09 16:39:00,2024-12-10 08:25:00,Completed,34107
3725,3277,2840,3,,2024-12-09 12:02:00,2024-12-09 17:30:00,2024-12-10 07:50:00,Completed,34016
3726,2782,,6,,2024-12-09 12:51:00,2024-12-09 15:21:00,2024-12-09 15:26:00,Completed,48467
3727,1894,2794,5,,2024-12-09 14:07:00,2024-12-09 16:23:00,2024-12-09 16:26:00,Completed,97036
3728,1099,2837,1,,2024-12-09 15:04:00,2024-12-09 16:26:00,2024-12-09 15:39:00,Completed,356141
3729,2455,2799,1,,2024-12-09 15:07:00,2024-12-10 09:32:00,2024-12-09 16:56:00,Completed,116578
3730,851,2833,5,,2024-12-09 15:31:00,2024-12-10 08:22:00,2024-12-10 09:15:00,Completed,159835
3731,2203,2836,6,,2024-12-10 08:06:00,2024-12-10 09:36:00,2024-12-10 08:57:00,Completed,65975
3732,353,2829,6,,2024-12-10 09:08:00,2024-12-10 10:38:00,2024-12-10 10:00:00,Completed,243871
3733,274,2826,6,,2024-12-10 09:08:00,2024-12-10 14:18:00,2024-12-10 13:22:00,Completed,246494
3734,3623,,4,,2024-12-10 10:42:00,2024-12-10 14:57:00,2024-12-10 15:08:00,Completed,147143
3735,373,,3,,2024-12-10 11:44:00,2024-12-10 14:44:00,2024-12-10 16:03:00,Completed,84126
3736,1714,2828,1,,2024-12-10 12:01:00,2024-12-10 16:08:00,2024-12-10 15:47:00,Completed,77930
3737,1471,,6,,2024-12-10 12:54:00,2024-12-10 16:24:00,2024-12-11 08:20:00,Completed,69198
3738,1083,2790,4,,2024-12-10 13:34:00,2024-12-10 15:49:00,2024-12-10 14:55:00,Completed,120095
3739,2409,2830,6,,2024-12-10 15:04:00,2024-12-11 09:49:00,2024-12-11 09:18:00,Completed,59193
3740,2350,2823,3,,2024-12-11 07:33:00,2024-12-11 10:03:00,2024-12-11 08:49:00,Completed,50552
3741,3625,2856,4,,2024-12-11 08:31:00,2024-12-11 10:31:00,2024-12-11 09:53:00,Completed,63347
3742,1749,2807,5,,2024-12-11 08:36:00,2024-12-12 11:43:00,2024-12-12 09:37:00,Completed,81243
3743,3591,2798,1,,2024-12-11 09:09:00,2024-12-11 13:24:00,2024-12-11 12:17:00,Completed,28206
3744,3620,2849,2,,2024-12-11 09:09:00,2024-12-11 10:24:00,2024-12-11 09:44:00,Completed,129530
3745,2588,,6,,2024-12-11 09:24:00,2024-12-11 12:24:00,2024-12-11 12:25:00,Completed,41639
3746,3146,,6,,2024-12-11 10:28:00,2024-12-11 15:10:00,2024-12-11 15:11:00,Completed,16938
3747,2118,2857,3,,2024-12-11 11:03:00,2024-12-11 13:33:00,2024-12-11 13:48:00,Completed,34954
3748,3208,2854,3,,2024-12-11 11:33:00,2024-12-11 13:48:00,2024-12-11 13:08:00,Completed,175651
3749,2402,,4,,2024-12-11 11:45:00,2024-12-11 13:15:00,2024-12-11 12:40:00,Completed,22017
3750,3470,,3,,2024-12-11 11:59:00,2024-12-11 16:05:00,2024-12-11 14:29:00,Completed,90080
3751,3613,2825,5,,2024-12-11 12:35:00,2024-12-11 13:50:00,2024-12-11 13:21:00,Completed,94294
3752,2155,,5,,2024-12-11 14:28:00,2024-12-11 15:43:00,2024-12-11 15:13:00,Completed,50069
3753,3621,2844,4,,2024-12-11 15:01:00,2024-12-12 08:16:00,2024-12-11 16:07:00,Completed,91889
3754,3506,2679,5,,2024-12-12 07:35:00,2024-12-12 11:05:00,2024-12-12 09:02:00,Completed,43259
3755,3336,2863,6,,2024-12-12 07:36:00,2024-12-12 10:51:00,2024-12-12 09:59:00,Completed,73629
3756,3593,2861,6,3668,2024-12-12 08:02:00,2024-12-12 11:39:00,2024-12-12 10:30:00,Completed,177532
3757,778,2776,1,,2024-12-12 09:06:00,2024-12-14 14:00:00,2024-12-14 11:22:00,Completed,86786
3758,3570,2763,3,,2024-12-12 09:06:00,2024-12-12 11:36:00,2024-12-12 10:17:00,Completed,94309
3759,3630,2864,5,,2024-12-12 09:29:00,2024-12-12 12:06:00,2024-12-12 10:54:00,Completed,74731
3760,3592,2797,3,,2024-12-12 10:04:00,2024-12-12 13:34:00,2024-12-12 11:26:00,Completed,87183
3761,3499,,5,,2024-12-12 10:25:00,2024-12-12 12:00:00,2024-12-12 11:32:00,Completed,61143
3762,473,2858,3,,2024-12-12 12:37:00,2024-12-12 15:37:00,2024-12-12 13:50:00,Completed,197276
3763,2492,,4,,2024-12-12 13:07:00,2024-12-12 15:07:00,2024-12-12 14:17:00,Completed,75820
3764,3594,2805,4,,2024-12-12 14:04:00,2024-12-13 09:13:00,2024-12-13 09:11:00,Completed,154708
3765,3150,2832,1,,2024-12-13 07:37:00,2024-12-13 12:52:00,2024-12-13 10:48:00,Completed,125991
3766,3635,2871,3,,2024-12-13 08:05:00,2024-12-13 10:35:00,2024-12-13 08:47:00,Completed,93671
3767,2939,2847,4,,2024-12-13 08:07:00,2024-12-13 10:37:00,2024-12-13 09:48:00,Completed,223257
3768,1234,,2,,2024-12-13 08:27:00,2024-12-13 09:42:00,2024-12-13 08:52:00,Completed,243387
3769,3561,2737,5,,2024-12-13 09:00:00,2024-12-13 10:15:00,2024-12-13 09:46:00,Completed,205286
3770,2878,,3,,2024-12-13 10:25:00,2024-12-13 11:55:00,2024-12-13 10:59:00,Completed,95062
3771,3634,,5,,2024-12-13 10:32:00,2024-12-13 11:54:00,2024-12-13 11:25:00,Completed,58336
3772,3637,2870,6,,2024-12-13 11:05:00,2024-12-13 15:35:00,2024-12-13 13:46:00,Completed,98606
3773,3633,,6,,2024-12-13 11:23:00,2024-12-13 13:50:00,2024-12-13 13:47:00,Completed,189809
3774,3636,,3,,2024-12-13 11:48:00,2024-12-16 09:28:00,2024-12-14 13:09:00,Completed,173866
3775,3614,2824,6,,2024-12-13 12:32:00,2024-12-13 14:30:00,2024-12-13 14:17:00,Completed,121015
3776,3584,2779,5,,2024-12-13 12:33:00,2024-12-13 15:48:00,2024-12-13 15:10:00,Completed,29812
3777,3615,2835,6,,2024-12-13 13:00:00,2024-12-13 15:01:00,2024-12-13 15:10:00,Completed,74793
3778,3622,2848,6,,2024-12-13 13:30:00,2024-12-13 15:57:00,2024-12-13 16:10:00,Completed,42348
3779,3596,2803,4,,2024-12-13 14:08:00,2024-12-14 08:53:00,2024-12-13 16:10:00,Completed,43211
3780,2795,2780,4,,2024-12-14 10:02:00,2024-12-16 09:17:00,2024-12-16 07:56:00,Completed,152376
3781,723,2874,1,,2024-12-14 10:37:00,2024-12-16 09:22:00,2024-12-16 08:16:00,Completed,139387
3782,3631,2866,6,,2024-12-14 10:38:00,2024-12-14 14:00:00,2024-12-14 13:36:00,Completed,43781
3783,2564,2784,3,,2024-12-14 11:02:00,2024-12-16 07:47:00,2024-12-14 12:50:00,Completed,42210
3784,3364,2862,6,,2024-12-14 11:09:00,2024-12-14 14:00:00,2024-12-16 07:34:00,Completed,105149
3785,2524,,2,,2024-12-14 11:29:00,2024-12-16 10:14:00,2024-12-16 08:43:00,Completed,73474
3786,3019,2845,5,,2024-12-14 11:39:00,2024-12-18 12:06:00,2024-12-18 10:32:00,Completed,92253
3787,3291,2893,3,,2024-12-16 07:30:00,2024-12-16 11:00:00,2024-12-16 08:58:00,Completed,79555
3788,129,2869,4,,2024-12-16 07:30:00,2024-12-16 10:30:00,2024-12-16 09:14:00,Completed,113931
3789,3296,2891,2,,2024-12-16 08:07:00,2024-12-16 09:22:00,2024-12-16 08:47:00,Completed,101761
3790,2254,2846,4,,2024-12-16 08:32:00,2024-12-16 13:46:00,2024-12-16 13:10:00,Completed,101269
3791,2075,2804,6,,2024-12-16 08:35:00,2024-12-16 11:05:00,2024-12-16 10:18:00,Completed,189839
3792,2869,2880,5,,2024-12-16 08:54:00,2024-12-16 10:09:00,2024-12-16 09:40:00,Completed,266083
3793,2324,,2,,2024-12-16 09:02:00,2024-12-16 11:02:00,2024-12-16 10:28:00,Completed,87935
3794,3528,2695,6,,2024-12-16 09:30:00,2024-12-16 12:00:00,2024-12-16 12:01:00,Completed,147806
3795,57,,6,,2024-12-16 10:24:00,2024-12-16 14:23:00,2024-12-16 13:23:00,Completed,203079
3796,3492,2851,1,,2024-12-16 11:09:00,2024-12-18 17:30:00,2024-12-18 16:53:00,Completed,187410
3797,2471,,6,,2024-12-16 11:58:00,2024-12-17 08:40:00,2024-12-16 17:29:00,Completed,87981
3798,2575,2883,5,,2024-12-16 12:00:00,2024-12-16 13:15:00,2024-12-16 12:44:00,Completed,79029
3799,2427,2885,6,,2024-12-16 12:36:00,2024-12-16 17:30:00,2024-12-17 09:06:00,Completed,28805
3800,2383,2877,1,,2024-12-16 13:09:00,2024-12-16 17:30:00,2024-12-16 14:30:00,Completed,140082
3801,194,2888,5,,2024-12-16 13:09:00,2024-12-16 16:24:00,2024-12-17 07:43:00,Completed,232829
3802,3109,2873,4,,2024-12-16 13:36:00,2024-12-17 17:30:00,2024-12-17 14:23:00,Completed,65244
3803,2741,,6,,2024-12-16 13:46:00,2024-12-17 08:37:00,2024-12-17 09:36:00,Completed,61796
3804,2359,2886,6,,2024-12-16 14:06:00,2024-12-17 10:42:00,2024-12-17 10:27:00,Completed,140020
3805,3656,2900,3,,2024-12-17 07:31:00,2024-12-17 08:53:00,2024-12-17 08:13:00,Completed,222231
3806,3638,2876,2,,2024-12-17 08:00:00,2024-12-17 09:15:00,2024-12-17 08:43:00,Completed,54148
3807,3654,,3,,2024-12-17 08:29:00,2024-12-17 09:44:00,2024-12-17 08:56:00,Completed,177690
3808,3650,2895,5,,2024-12-17 08:34:00,2024-12-17 13:19:00,2024-12-17 10:36:00,Completed,72727
3809,3653,,5,,2024-12-17 09:22:00,2024-12-17 14:48:00,2024-12-17 13:00:00,Completed,37843
3810,3652,,3,,2024-12-17 10:44:00,2024-12-17 12:25:00,2024-12-17 11:42:00,Completed,97811
3811,3655,,3,,2024-12-17 12:52:00,2024-12-17 14:07:00,2024-12-17 13:33:00,Completed,47705
3812,3632,2867,4,,2024-12-17 14:02:00,2024-12-17 15:39:00,2024-12-17 14:57:00,Completed,42814
3813,3642,2889,5,,2024-12-17 14:32:00,2024-12-17 16:02:00,2024-12-17 15:21:00,Completed,116166
3814,2846,2860,5,,2024-12-17 14:33:00,2024-12-17 16:14:00,2024-12-17 15:50:00,Completed,111735
3815,86,2907,2,,2024-12-18 07:33:00,2024-12-19 08:30:00,2024-12-18 14:55:00,Completed,138502
3816,2184,2909,1,,2024-12-18 08:01:00,2024-12-18 11:31:00,2024-12-18 09:36:00,Completed,148251
3817,2663,2908,5,,2024-12-18 08:06:00,2024-12-18 09:21:00,2024-12-18 08:35:00,Completed,204152
3818,1275,2898,1,,2024-12-18 08:35:00,2024-12-18 10:16:00,2024-12-18 09:55:00,Completed,103287
3819,2094,2903,5,,2024-12-18 09:08:00,2024-12-18 13:23:00,2024-12-18 10:53:00,Completed,84598
3820,2523,,4,,2024-12-18 10:14:00,2024-12-18 15:21:00,2024-12-18 12:28:00,Completed,173801
3821,3581,2905,3,,2024-12-18 11:03:00,2024-12-18 15:33:00,2024-12-18 15:10:00,Completed,170879
3822,1944,,4,,2024-12-18 12:09:00,2024-12-18 15:27:00,2024-12-18 13:43:00,Completed,153657
3823,2747,2868,5,,2024-12-18 12:39:00,2024-12-18 14:54:00,2024-12-18 14:02:00,Completed,136437
3824,645,2881,5,,2024-12-18 14:35:00,2024-12-18 15:50:00,2024-12-18 15:20:00,Completed,128824
3825,2469,,3,,2024-12-18 15:08:00,2024-12-19 10:00:00,2024-12-19 10:49:00,Completed,71813
3826,3099,2820,2,,2024-12-19 08:05:00,2024-12-19 12:53:00,2024-12-19 10:31:00,Completed,52147
3827,1252,2865,1,,2024-12-19 08:09:00,2024-12-19 09:24:00,2024-12-19 08:43:00,Completed,93082
3828,1480,2872,5,,2024-12-19 08:18:00,2024-12-19 11:48:00,2024-12-19 09:35:00,Completed,223058
3829,3011,2878,5,,2024-12-19 08:34:00,2024-12-19 11:19:00,2024-12-19 10:45:00,Completed,58930
3830,1945,2884,2,,2024-12-19 09:07:00,2024-12-19 11:43:00,2024-12-19 11:14:00,Completed,193661
3831,2776,,3,,2024-12-19 09:25:00,2024-12-19 10:40:00,2024-12-19 10:00:00,Completed,83864
3832,2076,2901,6,,2024-12-19 10:02:00,2024-12-19 11:32:00,2024-12-19 11:09:00,Completed,195804
3833,3663,,5,,2024-12-19 10:28:00,2024-12-19 12:36:00,2024-12-19 12:09:00,Completed,126224
3834,2553,2902,4,,2024-12-19 10:37:00,2024-12-19 14:52:00,2024-12-19 12:29:00,Completed,111459
3835,3176,2875,3,,2024-12-19 12:01:00,2024-12-19 13:16:00,2024-12-19 12:25:00,Completed,71730
3836,3544,,3,,2024-12-19 13:09:00,2024-12-20 17:30:00,2024-12-20 14:52:00,Completed,109739
3837,2207,,6,,2024-12-19 14:08:00,2024-12-20 07:38:00,2024-12-19 17:03:00,Completed,154109
3838,3628,2853,5,,2024-12-20 09:01:00,2024-12-20 10:16:00,2024-12-20 09:35:00,Completed,54613
3839,3657,2906,3,,2024-12-20 09:07:00,2024-12-20 12:59:00,2024-12-20 15:11:00,Completed,129440
3840,1446,,5,,2024-12-20 09:19:00,2024-12-20 12:20:00,2024-12-20 14:12:00,Completed,76262
3841,3661,2912,6,,2024-12-20 09:30:00,2024-12-20 10:45:00,2024-12-20 10:07:00,Completed,152542
3842,3669,,4,,2024-12-20 09:42:00,2024-12-20 11:19:00,2024-12-20 10:30:00,Completed,195970
3843,3671,2919,2,,2024-12-20 09:49:00,2024-12-20 14:19:00,2024-12-20 13:23:00,Completed,147038
3844,3664,2918,6,,2024-12-20 13:06:00,2024-12-20 15:06:00,2024-12-20 14:48:00,Completed,49891
3845,3668,2922,6,,2024-12-20 14:08:00,2024-12-20 15:41:00,2024-12-20 15:25:00,Completed,149813
3846,3672,,4,,2024-12-20 14:46:00,2024-12-21 08:16:00,2024-12-20 16:02:00,Completed,103145
3847,2354,2926,6,,2024-12-21 08:04:00,2024-12-21 10:04:00,2024-12-21 09:39:00,Completed,76395
3848,3643,2892,5,,2024-12-21 08:32:00,2024-12-21 09:47:00,2024-12-21 09:23:00,Completed,144732
3849,1022,2839,6,,2024-12-21 09:04:00,2024-12-21 11:33:00,2024-12-21 10:51:00,Completed,135667
3850,1682,2834,5,,2024-12-21 09:30:00,2024-12-21 11:30:00,2024-12-21 10:57:00,Completed,138159
3851,3677,,1,,2024-12-21 10:29:00,2024-12-21 11:44:00,2024-12-21 11:05:00,Completed,53372
3852,3678,,4,,2024-12-21 11:19:00,2024-12-21 14:00:00,2024-12-21 12:44:00,Completed,75378
3853,3650,,5,3808,2024-12-21 12:15:00,2024-12-23 08:22:00,2024-12-21 12:59:00,Completed,72868
3854,2282,2914,6,,2024-12-23 07:37:00,2024-12-23 11:07:00,2024-12-23 09:12:00,Completed,181645
3855,982,2722,5,,2024-12-23 08:04:00,2024-12-23 10:04:00,2024-12-23 09:07:00,Completed,150542
3856,1406,2896,5,,2024-12-23 08:08:00,2024-12-23 12:09:00,2024-12-23 10:37:00,Completed,211804
3857,3259,2913,5,,2024-12-23 09:30:00,2024-12-23 12:49:00,2024-12-23 12:29:00,Completed,102790
3858,3138,,4,,2024-12-23 09:34:00,2024-12-23 11:26:00,2024-12-23 10:31:00,Completed,150336
3859,3682,,4,,2024-12-23 09:42:00,2024-12-23 15:54:00,2024-12-23 14:51:00,Completed,46126
3860,2658,,6,,2024-12-23 09:52:00,2024-12-23 11:07:00,2024-12-23 10:39:00,Completed,130397
3861,1563,,4,,2024-12-23 10:02:00,2024-12-23 15:55:00,2024-12-23 14:43:00,Completed,79255
3862,3683,,6,,2024-12-23 10:10:00,2024-12-23 12:50:00,2024-12-23 12:16:00,Completed,52413
3863,2883,,1,,2024-12-23 11:29:00,2024-12-23 15:44:00,2024-12-23 12:58:00,Completed,209644
3864,3559,,4,,2024-12-23 12:06:00,2024-12-24 07:57:00,2024-12-24 10:05:00,Completed,131106
3865,3269,,3,,2024-12-23 12:20:00,2024-12-24 08:42:00,2024-12-24 13:54:00,Completed,94565
3866,281,2942,5,,2024-12-23 12:33:00,2024-12-23 16:03:00,2024-12-23 14:00:00,Completed,200271
3867,2613,2938,3,,2024-12-24 07:38:00,2024-12-24 10:08:00,2024-12-24 09:23:00,Completed,38979
3868,3586,2882,4,,2024-12-24 07:39:00,2024-12-24 11:09:00,2024-12-24 08:54:00,Completed,16620
3869,107,2929,2,,2024-12-24 08:09:00,2024-12-26 12:42:00,2024-12-26 12:21:00,Completed,218422
3870,1480,2932,3,3828,2024-12-24 08:09:00,2024-12-24 11:57:00,2024-12-24 14:04:00,Completed,223462
3871,1592,,3,,2024-12-24 08:57:00,2024-12-26 12:42:00,2024-12-26 13:33:00,Completed,152731
3872,3092,2924,4,,2024-12-24 09:31:00,2024-12-24 15:01:00,2024-12-24 16:03:00,Completed,65727
3873,3651,2899,3,,2024-12-24 12:02:00,2024-12-24 13:17:00,2024-12-24 12:38:00,Completed,182271
3874,3662,2911,6,,2024-12-24 12:03:00,2024-12-27 12:38:00,2024-12-27 10:39:00,Completed,105769
3875,3086,2946,6,,2024-12-24 15:35:00,2024-12-26 09:20:00,2024-12-26 08:39:00,Completed,139081
3876,3349,2931,6,,2024-12-26 07:33:00,2024-12-26 13:29:00,2024-12-26 11:44:00,Completed,33941
3877,3161,2904,3,,2024-12-26 07:39:00,2024-12-26 08:46:00,2024-12-26 08:19:00,Completed,145686
3878,3550,2964,6,3697,2024-12-26 08:01:00,2024-12-26 12:44:00,2024-12-26 12:14:00,Completed,38758
3879,3627,2916,3,,2024-12-26 08:04:00,2024-12-26 09:19:00,2024-12-26 08:43:00,Completed,58885
3880,6,2965,5,,2024-12-26 08:19:00,2024-12-26 10:49:00,2024-12-26 10:04:00,Completed,242459
3881,3209,2966,6,,2024-12-26 08:39:00,2024-12-26 13:12:00,2024-12-26 14:02:00,Completed,99120
3882,1993,,3,,2024-12-26 08:43:00,2024-12-26 12:28:00,2024-12-26 11:03:00,Completed,51002
3883,2127,2941,4,,2024-12-26 09:00:00,2024-12-27 13:54:00,2024-12-27 15:51:00,Completed,41173
3884,226,2852,2,,2024-12-26 09:00:00,2024-12-26 16:37:00,2024-12-26 14:16:00,Completed,179064
3885,3695,2969,3,,2024-12-26 09:19:00,2024-12-26 15:58:00,2024-12-26 13:51:00,Completed,88047
3886,3693,,6,,2024-12-26 09:28:00,2024-12-28 11:50:00,2024-12-27 17:00:00,Completed,21092
3887,2382,2950,5,,2024-12-26 10:05:00,2024-12-26 12:35:00,2024-12-26 12:47:00,Completed,140571
3888,3694,,6,,2024-12-26 10:07:00,2024-12-26 13:35:00,2024-12-26 14:42:00,Completed,63017
3889,681,2947,3,,2024-12-26 11:32:00,2024-12-27 14:12:00,2024-12-27 13:37:00,Completed,77315
3890,541,,4,,2024-12-26 12:06:00,2024-12-26 17:30:00,2024-12-26 14:27:00,Completed,143092
3891,3308,2887,2,,2024-12-26 13:01:00,2024-12-26 15:39:00,2024-12-26 14:18:00,Completed,82621
3892,909,2972,6,,2024-12-26 13:35:00,2024-12-26 15:17:00,2024-12-26 15:05:00,Completed,118030
3893,3300,2927,6,,2024-12-26 13:39:00,2024-12-26 17:30:00,2024-12-26 17:12:00,Completed,117377
3894,2526,2934,3,,2024-12-26 14:05:00,2024-12-26 17:30:00,2024-12-26 15:38:00,Completed,250262
3895,1475,2952,3,,2024-12-26 15:38:00,2024-12-27 09:53:00,2024-12-27 08:17:00,Completed,147391
3896,3649,2890,3,,2024-12-27 07:31:00,2024-12-27 12:53:00,2024-12-27 10:00:00,Completed,70115
3897,3641,2879,4,,2024-12-27 07:37:00,2024-12-27 08:52:00,2024-12-27 08:15:00,Completed,162102
3898,3591,2949,1,3743,2024-12-27 08:05:00,2024-12-27 10:35:00,2024-12-27 08:46:00,Completed,28752
3899,2701,2923,5,,2024-12-27 08:08:00,2024-12-27 09:23:00,2024-12-27 08:48:00,Completed,182195
3900,166,2962,1,,2024-12-27 09:30:00,2024-12-27 11:45:00,2024-12-27 10:30:00,Completed,187981
3901,809,2958,5,,2024-12-27 09:34:00,2024-12-27 13:04:00,2024-12-27 12:06:00,Completed,239661
3902,144,,2,,2024-12-27 09:36:00,2024-12-27 14:21:00,2024-12-27 12:00:00,Completed,90881
3903,1172,2957,6,,2024-12-27 10:39:00,2024-12-27 11:54:00,2024-12-27 11:16:00,Completed,142514
3904,1471,2948,6,3737,2024-12-27 13:38:00,2024-12-27 16:15:00,2024-12-27 14:31:00,Completed,69786
3905,82,2936,4,,2024-12-27 15:09:00,2024-12-27 17:30:00,2024-12-27 16:18:00,Completed,84354
3906,1571,2933,4,,2024-12-27 15:36:00,2024-12-28 10:22:00,2024-12-28 08:42:00,Completed,167545
3907,3691,2953,1,,2024-12-28 08:05:00,2024-12-28 14:00:00,2024-12-28 10:35:00,Completed,119655
3908,3288,2940,5,,2024-12-28 08:06:00,2024-12-31 11:05:00,2024-12-31 08:41:00,Completed,76257
3909,228,2977,3,,2024-12-28 08:20:00,2024-12-28 09:35:00,2024-12-28 08:45:00,Completed,169466
3910,544,2930,5,,2024-12-28 08:32:00,2024-12-28 14:00:00,2024-12-28 10:22:00,Completed,191269
3911,3343,2978,3,,2024-12-28 08:35:00,2024-12-28 14:00:00,2024-12-28 13:17:00,Completed,247373
3912,2212,2979,6,,2024-12-28 10:00:00,2024-12-28 11:15:00,2024-12-28 10:53:00,Completed,69257
3913,3596,2975,4,3779,2024-12-28 11:08:00,2024-12-30 08:15:00,2024-12-28 12:44:00,Completed,43603
3914,338,2920,6,,2024-12-28 11:08:00,2024-12-28 12:15:00,2024-12-28 11:37:00,Completed,231052
3915,2835,2960,6,,2024-12-30 07:36:00,2024-12-30 08:51:00,2024-12-30 08:12:00,Completed,47713
3916,1156,2954,4,,2024-12-30 08:05:00,2024-12-30 09:20:00,2024-12-30 08:48:00,Completed,146843
3917,1996,,6,,2024-12-30 08:06:00,2024-12-30 10:06:00,2024-12-30 09:27:00,Completed,112124
3918,3649,2976,6,3896,2024-12-30 08:07:00,2024-12-30 11:51:00,2024-12-30 10:25:00,Completed,70236
3919,2473,2982,1,,2024-12-30 08:23:00,2024-12-30 09:30:00,2024-12-30 08:46:00,Completed,269827
3920,2502,2987,6,,2024-12-30 08:34:00,2024-12-30 13:46:00,2024-12-30 12:26:00,Completed,85396
3921,697,2984,4,,2024-12-30 08:51:00,2024-12-31 13:49:00,2024-12-31 10:46:00,Completed,157496
3922,3705,2981,3,,2024-12-30 10:02:00,2024-12-30 13:32:00,2024-12-30 13:37:00,Completed,84935
3923,2762,2937,2,,2024-12-30 10:37:00,2024-12-30 11:52:00,2024-12-30 11:24:00,Completed,82917
3924,2556,,6,,2024-12-30 11:05:00,2024-12-30 14:28:00,2024-12-30 14:12:00,Completed,49824
3925,3189,2939,1,,2024-12-30 11:38:00,2024-12-30 13:23:00,2024-12-30 12:40:00,Completed,103471
3926,2761,,6,,2024-12-30 11:47:00,2024-12-30 14:14:00,2024-12-30 14:22:00,Completed,77606
3927,1463,,3,,2024-12-30 12:56:00,2024-12-30 17:30:00,2024-12-30 15:07:00,Completed,69319
3928,3550,,5,,2024-12-30 13:38:00,2024-12-31 08:08:00,2024-12-31 09:16:00,Completed,38927
3929,1003,2943,3,,2024-12-30 14:39:00,2024-12-30 17:30:00,2024-12-30 16:15:00,Completed,184474
3930,3681,2935,1,,2024-12-31 08:04:00,2024-12-31 13:19:00,2024-12-31 12:02:00,Completed,29911
3931,2583,2974,3,,2024-12-31 08:05:00,2024-12-31 10:20:00,2024-12-31 09:33:00,Completed,108888
3932,1953,,6,,2024-12-31 08:15:00,2024-12-31 11:00:00,2024-12-31 10:24:00,Completed,162195
3933,2427,2986,6,,2024-12-31 09:09:00,2024-12-31 10:58:00,2024-12-31 10:53:00,Completed,29506
3934,564,2991,5,,2024-12-31 09:30:00,2024-12-31 13:00:00,2024-12-31 11:06:00,Completed,127481
3935,1406,2997,5,3856,2024-12-31 09:38:00,2024-12-31 12:59:00,2024-12-31 11:37:00,Completed,212175
3936,2945,,4,,2024-12-31 09:40:00,2024-12-31 12:10:00,2024-12-31 11:15:00,Completed,129731
3937,2817,,5,,2024-12-31 09:43:00,2024-12-31 12:02:00,2024-12-31 11:54:00,Completed,148261
3938,3193,2945,6,,2024-12-31 10:34:00,2024-12-31 12:34:00,2024-12-31 12:16:00,Completed,108655
3939,3702,2973,4,,2024-12-31 10:39:00,2024-12-31 15:05:00,2024-12-31 15:30:00,Completed,32026
3940,2864,2993,6,,2024-12-31 11:05:00,2024-12-31 15:27:00,2024-12-31 17:08:00,Completed,24859
3941,3515,2971,2,,2024-12-31 11:32:00,2025-01-03 11:45:00,2025-01-03 09:42:00,Completed,75768
3942,2740,3001,5,,2025-01-02 07:32:00,2025-01-02 12:39:00,2025-01-02 12:33:00,Completed,45130
3943,2492,2915,5,,2025-01-02 07:36:00,2025-01-02 10:29:00,2025-01-02 10:55:00,Completed,76375
3944,1035,2809,4,,2025-01-02 08:36:00,2025-01-02 14:36:00,2025-01-02 11:37:00,Completed,98341
3945,706,,1,,2025-01-02 09:14:00,2025-01-02 11:59:00,2025-01-02 10:50:00,Completed,156909
3946,3025,2897,4,,2025-01-02 09:34:00,2025-01-02 14:28:00,2025-01-02 12:53:00,Completed,136726
3947,419,,3,,2025-01-02 09:44:00,2025-01-02 12:59:00,2025-01-02 12:04:00,Completed,99732
3948,3719,,1,,2025-01-02 09:52:00,2025-01-02 11:42:00,2025-01-02 11:13:00,Completed,189368
3949,1805,,4,,2025-01-02 09:56:00,2025-01-03 12:04:00,2025-01-03 11:44:00,Completed,123199
3950,2247,2999,6,,2025-01-02 10:07:00,2025-01-02 11:22:00,2025-01-02 10:42:00,Completed,132713
3951,3019,3006,6,,2025-01-02 10:30:00,2025-01-02 11:45:00,2025-01-02 11:09:00,Completed,92858
3952,481,,6,,2025-01-02 10:37:00,2025-01-02 13:21:00,2025-01-02 13:10:00,Completed,285533
3953,2094,3007,3,,2025-01-02 11:09:00,2025-01-02 12:58:00,2025-01-02 12:29:00,Completed,85004
3954,2503,2951,4,,2025-01-02 14:39:00,2025-01-03 11:01:00,2025-01-03 08:23:00,Completed,255395
3955,174,2992,6,,2025-01-03 08:01:00,2025-01-03 09:46:00,2025-01-03 08:48:00,Completed,155608
3956,2549,2985,6,,2025-01-03 08:03:00,2025-01-03 09:42:00,2025-01-03 09:19:00,Completed,81476
3957,3723,3018,6,,2025-01-03 08:27:00,2025-01-03 11:26:00,2025-01-03 11:06:00,Completed,127604
3958,3711,2995,5,,2025-01-03 08:39:00,2025-01-03 13:39:00,2025-01-03 11:35:00,Completed,62386
3959,3724,,6,,2025-01-03 08:52:00,2025-01-03 13:04:00,2025-01-03 11:57:00,Completed,102026
3960,3726,,4,,2025-01-03 09:10:00,2025-01-03 14:10:00,2025-01-03 13:44:00,Completed,88803
3961,2283,,6,,2025-01-03 09:41:00,2025-01-06 12:24:00,2025-01-06 08:42:00,Completed,81305
3962,1752,,3,,2025-01-03 11:42:00,2025-01-03 15:57:00,2025-01-03 16:02:00,Completed,96727
3963,3722,,4,,2025-01-03 13:14:00,2025-01-03 14:59:00,2025-01-03 14:20:00,Completed,114315
3964,2264,2996,1,,2025-01-04 08:02:00,2025-01-04 09:17:00,2025-01-04 08:40:00,Completed,120851
3965,2870,2998,4,,2025-01-04 09:08:00,2025-01-04 10:23:00,2025-01-04 09:51:00,Completed,110546
3966,3408,2988,1,,2025-01-04 09:09:00,2025-01-06 10:16:00,2025-01-04 12:31:00,Completed,45008
3967,2281,,5,,2025-01-04 09:17:00,2025-01-06 07:54:00,2025-01-09 13:49:00,Completed,198977
3968,3348,3016,6,,2025-01-04 09:31:00,2025-01-04 12:01:00,2025-01-04 12:20:00,Completed,8359
3969,2978,3009,6,,2025-01-04 11:05:00,2025-01-04 14:00:00,2025-01-04 12:45:00,Completed,42972
3970,541,,2,3890,2025-01-04 11:33:00,2025-01-06 07:36:00,2025-01-04 12:49:00,Completed,143462
3971,316,3004,2,,2025-01-04 11:37:00,2025-01-06 12:05:00,2025-01-06 09:07:00,Completed,234432
3972,1099,3012,3,,2025-01-06 07:32:00,2025-01-06 08:47:00,2025-01-06 08:10:00,Completed,357561
3973,1670,3015,5,,2025-01-06 07:36:00,2025-01-09 12:42:00,2025-01-11 13:26:00,Completed,80308
3974,69,3008,6,,2025-01-06 08:01:00,2025-01-06 09:23:00,2025-01-06 08:57:00,Completed,189856
3975,3073,2956,1,,2025-01-06 08:06:00,2025-01-06 12:21:00,2025-01-06 10:05:00,Completed,215133
3976,3732,,6,,2025-01-06 09:07:00,2025-01-06 12:22:00,2025-01-06 11:26:00,Completed,130811
3977,1418,3017,3,,2025-01-06 09:09:00,2025-01-06 13:24:00,2025-01-06 11:19:00,Completed,95857
3978,1281,3024,2,,2025-01-06 09:32:00,2025-01-06 11:39:00,2025-01-06 10:44:00,Completed,150525
3979,156,,6,,2025-01-06 09:40:00,2025-01-06 12:41:00,2025-01-06 12:50:00,Completed,136874
3980,3731,3028,2,,2025-01-06 10:01:00,2025-01-06 16:10:00,2025-01-06 16:35:00,Completed,165577
3981,3734,,1,,2025-01-06 10:04:00,2025-01-07 07:41:00,2025-01-06 13:49:00,Completed,213032
3982,3733,,6,,2025-01-06 10:25:00,2025-01-06 13:42:00,2025-01-06 14:01:00,Completed,101385
3983,3720,3013,6,,2025-01-06 11:09:00,2025-01-06 15:15:00,2025-01-06 14:26:00,Completed,64354
3984,2495,3011,3,,2025-01-06 11:35:00,2025-01-06 12:50:00,2025-01-06 12:04:00,Completed,111523
3985,3743,3037,5,,2025-01-07 08:06:00,2025-01-07 12:21:00,2025-01-07 09:53:00,Completed,163248
3986,3748,,1,,2025-01-07 08:38:00,2025-01-10 12:00:00,2025-01-13 11:26:00,Completed,130629
3987,3692,2963,5,,2025-01-07 09:06:00,2025-01-07 10:35:00,2025-01-07 09:54:00,Completed,138739
3988,3747,,6,,2025-01-07 09:09:00,2025-01-07 11:24:00,2025-01-07 10:24:00,Completed,103614
3989,3740,3038,3,,2025-01-07 09:36:00,2025-01-07 10:51:00,2025-01-07 10:11:00,Completed,71992
3990,3749,,5,,2025-01-07 10:05:00,2025-01-07 13:50:00,2025-01-07 13:54:00,Completed,39753
3991,3738,,3,,2025-01-07 10:30:00,2025-01-07 12:15:00,2025-01-07 11:28:00,Completed,177843
3992,3736,3031,1,,2025-01-07 10:33:00,2025-01-07 16:33:00,2025-01-07 13:19:00,Completed,86439
3993,3714,3002,6,,2025-01-07 10:33:00,2025-01-07 12:33:00,2025-01-07 12:00:00,Completed,51622
3994,3727,3021,3,,2025-01-07 11:07:00,2025-01-07 12:26:00,2025-01-07 11:48:00,Completed,183131
3995,3750,,1,,2025-01-07 11:53:00,2025-01-07 14:57:00,2025-01-07 14:09:00,Completed,59131
3996,3739,,3,,2025-01-07 12:03:00,2025-01-07 14:33:00,2025-01-10 10:59:00,Completed,79603
3997,3348,3029,6,3968,2025-01-07 12:09:00,2025-01-07 14:20:00,2025-01-07 13:06:00,Completed,8543
3998,3745,,3,,2025-01-07 12:48:00,2025-01-07 15:13:00,2025-01-07 14:27:00,Completed,31442
3999,3742,,5,,2025-01-07 13:37:00,2025-01-08 11:52:00,2025-01-08 08:27:00,Completed,213768
4000,2904,3014,4,,2025-01-08 07:35:00,2025-01-08 11:50:00,2025-01-08 09:37:00,Completed,154463
4001,3707,2983,1,,2025-01-08 07:37:00,2025-01-08 14:22:00,2025-01-08 11:04:00,Completed,146154
4002,2236,3003,5,,2025-01-08 08:04:00,2025-01-08 09:29:00,2025-01-08 09:06:00,Completed,70238
4003,3490,3020,1,,2025-01-08 08:32:00,2025-01-10 12:52:00,2025-01-10 13:15:00,Completed,101538
4004,2684,3047,6,,2025-01-08 08:36:00,2025-01-08 09:51:00,2025-01-08 09:20:00,Completed,121447
4005,1211,,6,,2025-01-08 13:19:00,2025-01-08 14:34:00,2025-01-08 13:55:00,Completed,155246
4006,516,3026,3,,2025-01-08 13:37:00,2025-01-08 17:30:00,2025-01-09 08:27:00,Completed,109943
4007,3196,3048,6,,2025-01-08 14:05:00,2025-01-08 16:35:00,2025-01-13 10:41:00,Completed,17972
4008,3760,,6,,2025-01-08 14:50:00,2025-01-09 09:42:00,2025-01-09 08:12:00,Completed,41851
4009,544,3040,5,3910,2025-01-09 08:09:00,2025-01-09 12:09:00,2025-01-09 12:04:00,Completed,192075
4010,3751,3046,4,,2025-01-09 08:09:00,2025-01-09 09:31:00,2025-01-09 09:04:00,Completed,173317
4011,2841,3058,5,,2025-01-09 08:26:00,2025-01-09 14:28:00,2025-01-09 12:23:00,Completed,33814
4012,2848,3059,6,,2025-01-09 08:39:00,2025-01-09 09:54:00,2025-01-09 09:28:00,Completed,52051
4013,3709,2990,6,,2025-01-09 09:08:00,2025-01-09 13:38:00,2025-01-09 14:37:00,Completed,92072
4014,883,,3,,2025-01-09 09:30:00,2025-01-09 10:52:00,2025-01-09 10:12:00,Completed,270094
4015,3773,,4,,2025-01-09 10:09:00,2025-01-09 11:24:00,2025-01-09 10:31:00,Completed,111720
4016,2818,,4,,2025-01-09 10:20:00,2025-01-09 13:39:00,2025-01-09 13:56:00,Completed,235612
4017,3772,,1,,2025-01-09 10:33:00,2025-01-11 08:16:00,2025-01-10 16:13:00,Completed,71127
4018,3768,,3,,2025-01-09 11:28:00,2025-01-09 14:28:00,2025-01-09 16:14:00,Completed,218478
4019,3767,,4,,2025-01-09 13:02:00,2025-01-10 11:37:00,2025-01-10 08:56:00,Completed,102804
4020,3770,,4,,2025-01-09 13:14:00,2025-01-09 14:29:00,2025-01-09 13:35:00,Completed,228322
4021,3771,,4,,2025-01-09 14:33:00,2025-01-10 08:48:00,2025-01-09 16:31:00,Completed,53909
4022,3766,3060,6,,2025-01-09 15:06:00,2025-01-09 16:36:00,2025-01-09 15:53:00,Completed,84355
4023,3761,3050,4,,2025-01-10 07:36:00,2025-01-10 10:13:00,2025-01-10 09:01:00,Completed,38277
4024,3752,3043,6,,2025-01-10 08:05:00,2025-01-10 10:35:00,2025-01-10 09:21:00,Completed,119435
4025,3776,3064,3,,2025-01-10 08:37:00,2025-01-10 12:52:00,2025-01-10 11:14:00,Completed,73175
4026,3779,,5,,2025-01-10 09:14:00,2025-01-10 14:40:00,2025-01-10 14:46:00,Completed,45406
4027,1607,2959,5,,2025-01-10 09:34:00,2025-01-10 15:17:00,2025-01-10 15:33:00,Completed,88016
4028,2324,,2,,2025-01-10 10:06:00,2025-01-10 17:30:00,2025-01-10 15:03:00,Completed,88556
4029,3783,,6,,2025-01-10 10:09:00,2025-01-10 11:31:00,2025-01-10 11:06:00,Completed,257626
4030,3780,,6,,2025-01-10 11:30:00,2025-01-10 15:00:00,2025-01-10 13:03:00,Completed,115843
4031,3728,3019,6,,2025-01-10 13:02:00,2025-01-10 15:17:00,2025-01-10 14:36:00,Completed,58063
4032,3782,,4,,2025-01-10 14:36:00,2025-01-10 17:30:00,2025-01-10 16:13:00,Completed,88100
4033,2536,3054,6,,2025-01-10 15:37:00,2025-01-10 17:30:00,2025-01-10 16:23:00,Completed,146092
4034,3791,,1,,2025-01-11 09:01:00,2025-01-13 08:16:00,2025-01-13 08:48:00,Completed,172832
4035,3753,3044,1,,2025-01-11 09:31:00,2025-01-11 14:00:00,2025-01-11 13:48:00,Completed,89832
4036,1777,3067,5,,2025-01-11 09:33:00,2025-01-11 14:00:00,2025-01-11 11:40:00,Completed,131671
4037,2322,,4,,2025-01-11 09:57:00,2025-01-13 08:34:00,2025-01-13 07:32:00,Completed,24614
4038,3293,3074,6,,2025-01-11 10:04:00,2025-01-11 14:00:00,2025-01-13 08:10:00,Completed,61896
4039,3789,,6,,2025-01-11 10:11:00,2025-01-13 08:00:00,2025-01-11 13:14:00,Completed,49584
4040,3790,,3,,2025-01-11 10:22:00,2025-01-11 11:37:00,2025-01-11 11:04:00,Completed,104043
4041,3777,3061,3,,2025-01-11 10:39:00,2025-01-13 11:21:00,2025-01-13 08:51:00,Completed,116481
4042,2860,3097,2,,2025-01-13 08:03:00,2025-01-13 11:33:00,2025-01-13 10:06:00,Completed,194856
4043,2502,3075,3,,2025-01-13 08:34:00,2025-01-13 12:04:00,2025-01-13 09:45:00,Completed,85825
4044,3796,3091,3,,2025-01-13 08:36:00,2025-01-13 11:14:00,2025-01-13 11:07:00,Completed,142671
4045,3100,3100,5,,2025-01-13 08:51:00,2025-01-13 12:43:00,2025-01-13 11:43:00,Completed,14489
4046,3566,2921,3,,2025-01-13 09:01:00,2025-01-13 11:19:00,2025-01-13 11:31:00,Completed,140497
4047,1722,3025,3,,2025-01-13 09:36:00,2025-01-13 13:02:00,2025-01-13 12:35:00,Completed,37098
4048,3762,3056,6,,2025-01-13 09:39:00,2025-01-13 13:54:00,2025-01-13 11:55:00,Completed,75626
4049,2359,3055,4,,2025-01-13 10:32:00,2025-01-13 17:30:00,2025-01-15 14:17:00,Completed,142131
4050,3059,3092,4,,2025-01-13 10:35:00,2025-01-13 13:56:00,2025-01-13 14:52:00,Completed,64961
4051,1660,3099,5,,2025-01-13 10:52:00,2025-01-13 15:46:00,2025-01-13 15:46:00,Completed,96647
4052,2704,,1,,2025-01-13 11:04:00,2025-01-13 12:19:00,2025-01-13 11:48:00,Completed,38752
4053,614,3080,5,,2025-01-13 11:09:00,2025-01-13 16:36:00,2025-01-13 17:07:00,Completed,245321
4054,3306,,1,,2025-01-13 11:22:00,2025-01-13 14:53:00,2025-01-13 16:27:00,Completed,92791
4055,689,3094,2,,2025-01-13 11:32:00,2025-01-14 08:32:00,2025-01-13 16:42:00,Completed,87395
4056,3806,,6,,2025-01-13 13:02:00,2025-01-15 16:26:00,2025-01-15 15:05:00,Completed,83151
4057,3258,3041,6,,2025-01-13 13:35:00,2025-01-13 14:50:00,2025-01-13 14:24:00,Completed,110206
4058,214,,3,,2025-01-13 14:11:00,2025-01-14 08:03:00,2025-01-13 15:41:00,Completed,121525
4059,2473,2994,3,,2025-01-13 15:08:00,2025-01-14 08:05:00,2025-01-13 16:08:00,Completed,270329
4060,3532,3102,4,,2025-01-13 15:39:00,2025-01-13 17:30:00,2025-01-13 16:33:00,Completed,48488
4061,3697,3053,6,,2025-01-14 07:38:00,2025-01-14 08:53:00,2025-01-14 08:14:00,Completed,193271
4062,3778,3069,5,,2025-01-14 08:02:00,2025-01-14 09:17:00,2025-01-14 08:50:00,Completed,37165
4063,3763,3057,6,,2025-01-14 08:09:00,2025-01-14 09:16:00,2025-01-14 08:38:00,Completed,58272
4064,3793,3082,5,,2025-01-14 08:26:00,2025-01-14 13:59:00,2025-01-14 12:10:00,Completed,90082
4065,3193,,3,,2025-01-14 10:31:00,2025-01-15 16:16:00,2025-01-21 09:09:00,Completed,109123
4066,3798,3095,6,,2025-01-14 11:02:00,2025-01-14 12:17:00,2025-01-14 11:39:00,Completed,108320
4067,3807,,6,,2025-01-14 11:23:00,2025-01-14 12:43:00,2025-01-14 12:19:00,Completed,193281
4068,3792,3077,3,,2025-01-14 11:38:00,2025-01-15 07:59:00,2025-01-15 15:30:00,Completed,171057
4069,254,3105,4,,2025-01-14 13:01:00,2025-01-14 15:46:00,2025-01-15 07:42:00,Completed,109875
4070,3785,3076,1,,2025-01-14 14:32:00,2025-01-14 15:47:00,2025-01-14 15:14:00,Completed,153890
4071,1497,3093,5,,2025-01-15 07:35:00,2025-01-15 10:20:00,2025-01-15 08:28:00,Completed,171999
4072,3086,3106,4,,2025-01-15 08:00:00,2025-01-15 12:15:00,2025-01-15 10:00:00,Completed,140440
4073,2343,3107,5,,2025-01-15 08:06:00,2025-01-15 09:22:00,2025-01-15 09:00:00,Completed,53418
4074,2365,3119,3,,2025-01-15 08:22:00,2025-01-15 14:58:00,2025-01-16 07:55:00,Completed,117555
4075,2237,3070,6,,2025-01-15 08:31:00,2025-01-16 10:35:00,2025-01-16 08:58:00,Completed,86356
4076,3799,3087,6,,2025-01-15 09:03:00,2025-01-15 12:03:00,2025-01-15 10:50:00,Completed,134649
4077,3814,,6,,2025-01-15 09:39:00,2025-01-15 12:24:00,2025-01-15 12:17:00,Completed,32905
4078,1589,,1,,2025-01-15 09:52:00,2025-01-15 17:30:00,2025-01-15 14:42:00,Completed,115592
4079,1247,,4,,2025-01-15 10:44:00,2025-01-15 12:06:00,2025-01-15 11:36:00,Completed,102197
4080,2963,3062,6,,2025-01-15 12:34:00,2025-01-15 14:04:00,2025-01-15 13:40:00,Completed,113163
4081,2112,3112,3,,2025-01-15 13:02:00,2025-01-16 10:59:00,2025-01-16 09:23:00,Completed,151395
4082,1929,3122,3,,2025-01-15 14:31:00,2025-01-16 14:07:00,2025-01-16 13:18:00,Completed,113150
4083,3689,3113,5,,2025-01-15 14:36:00,2025-01-16 08:06:00,2025-01-15 15:57:00,Completed,101905
4084,351,3063,6,,2025-01-16 07:33:00,2025-01-16 11:03:00,2025-01-16 11:16:00,Completed,223076
4085,3816,3120,4,,2025-01-16 07:39:00,2025-01-16 09:24:00,2025-01-16 08:46:00,Completed,103100
4086,1953,3032,6,,2025-01-16 08:05:00,2025-01-16 11:45:00,2025-01-16 10:23:00,Completed,162712
4087,2798,3033,3,,2025-01-16 09:02:00,2025-01-16 13:34:00,2025-01-16 13:17:00,Completed,108729
4088,3826,,6,,2025-01-16 09:11:00,2025-01-16 11:49:00,2025-01-16 11:24:00,Completed,81521
4089,250,3079,1,,2025-01-16 10:01:00,2025-01-16 12:01:00,2025-01-16 10:57:00,Completed,181375
4090,3636,3109,6,,2025-01-16 10:30:00,2025-01-16 15:53:00,2025-01-16 15:14:00,Completed,174767
4091,3802,3090,3,,2025-01-16 10:32:00,2025-01-16 13:23:00,2025-01-16 13:50:00,Completed,164403
4092,3827,,4,,2025-01-16 10:53:00,2025-01-16 13:23:00,2025-01-16 12:30:00,Completed,30693
4093,2386,,6,,2025-01-16 11:53:00,2025-01-16 14:13:00,2025-01-16 14:06:00,Completed,42350
4094,3704,2970,3,,2025-01-16 12:09:00,2025-01-16 15:52:00,2025-01-16 15:27:00,Completed,189059
4095,281,,6,,2025-01-16 12:41:00,2025-01-16 15:52:00,2025-01-16 15:43:00,Completed,201361
4096,2951,3111,6,,2025-01-16 14:09:00,2025-01-17 07:59:00,2025-01-17 07:48:00,Completed,100299
4097,3825,,6,,2025-01-16 14:09:00,2025-01-17 11:15:00,2025-01-17 13:04:00,Completed,129309
4098,3737,3030,3,,2025-01-17 07:36:00,2025-01-17 10:58:00,2025-01-17 09:44:00,Completed,148488
4099,3529,3101,2,,2025-01-17 08:02:00,2025-01-17 12:47:00,2025-01-17 10:20:00,Completed,146439
4100,3248,3130,6,,2025-01-17 09:08:00,2025-01-17 12:30:00,2025-01-17 11:58:00,Completed,76408
4101,3832,,4,,2025-01-17 09:32:00,2025-01-17 14:24:00,2025-01-17 11:13:00,Completed,40918
4102,2462,3089,4,,2025-01-17 10:05:00,2025-01-17 12:05:00,2025-01-17 11:56:00,Completed,83938
4103,3831,,6,,2025-01-17 10:08:00,2025-01-17 14:17:00,2025-01-17 14:38:00,Completed,110301
4104,2209,,3,,2025-01-17 10:33:00,2025-01-17 11:55:00,2025-01-17 11:11:00,Completed,214155
4105,1710,3124,4,,2025-01-17 10:35:00,2025-01-17 12:31:00,2025-01-17 12:14:00,Completed,74991
4106,726,3085,3,,2025-01-17 15:03:00,2025-01-18 08:33:00,2025-01-17 16:57:00,Completed,120247
4107,544,3110,6,,2025-01-17 15:34:00,2025-01-18 09:19:00,2025-01-18 08:59:00,Completed,192555
4108,3758,3045,4,,2025-01-18 09:30:00,2025-01-18 10:45:00,2025-01-18 10:07:00,Completed,21376
4109,3835,3134,3,,2025-01-18 10:06:00,2025-01-18 12:06:00,2025-01-18 11:39:00,Completed,281237
4110,3837,,2,,2025-01-18 11:04:00,2025-01-18 12:19:00,2025-01-18 11:47:00,Completed,44705
4111,1746,3035,1,,2025-01-20 08:03:00,2025-01-20 09:18:00,2025-01-20 08:44:00,Completed,60880
4112,3673,3127,6,,2025-01-20 08:32:00,2025-01-20 11:02:00,2025-01-20 10:07:00,Completed,28039
4113,2281,,5,3967,2025-01-20 08:36:00,2025-01-20 11:28:00,2025-01-20 09:39:00,Completed,199463
4114,73,,1,,2025-01-20 08:46:00,2025-01-20 16:08:00,2025-01-20 12:24:00,Completed,197665
4115,2741,,4,,2025-01-20 09:07:00,2025-01-21 13:37:00,2025-01-27 16:39:00,Completed,63958
4116,3149,,4,,2025-01-20 10:01:00,2025-01-20 15:07:00,2025-01-21 08:56:00,Completed,69755
4117,525,3141,6,,2025-01-20 10:05:00,2025-01-20 12:05:00,2025-01-20 11:54:00,Completed,89979
4118,3068,,6,,2025-01-20 10:09:00,2025-01-20 12:26:00,2025-01-20 12:42:00,Completed,46632
4119,2566,3049,1,,2025-01-20 10:09:00,2025-01-22 09:30:00,2025-01-21 14:49:00,Completed,193654
4120,3639,,2,,2025-01-20 10:29:00,2025-01-20 15:59:00,2025-01-20 15:10:00,Completed,75510
4121,3811,3115,5,,2025-01-20 11:07:00,2025-01-20 13:22:00,2025-01-20 12:29:00,Completed,210559
4122,3846,,3,,2025-01-20 11:34:00,2025-01-20 12:56:00,2025-01-20 12:05:00,Completed,13777
4123,3721,,1,,2025-01-20 12:01:00,2025-01-22 08:38:00,2025-01-28 07:59:00,Completed,89201
4124,3591,3144,6,,2025-01-20 12:09:00,2025-01-20 13:34:00,2025-01-20 13:01:00,Completed,29637
4125,3732,3146,3,,2025-01-20 13:01:00,2025-01-20 16:31:00,2025-01-20 14:30:00,Completed,131317
4126,3182,3145,5,,2025-01-20 15:04:00,2025-01-20 16:19:00,2025-01-20 15:41:00,Completed,24260
4127,3336,3118,6,,2025-01-21 07:33:00,2025-01-21 09:33:00,2025-01-21 08:42:00,Completed,74625
4128,3167,3142,6,,2025-01-21 07:33:00,2025-01-21 12:01:00,2025-01-21 11:17:00,Completed,79098
4129,3764,3052,6,,2025-01-21 08:09:00,2025-01-21 13:37:00,2025-01-21 16:00:00,Completed,117285
4130,3596,,2,,2025-01-21 08:41:00,2025-01-21 12:56:00,2025-01-21 11:49:00,Completed,44410
4131,3415,3149,5,,2025-01-21 09:03:00,2025-01-21 11:33:00,2025-01-21 10:44:00,Completed,125970
4132,2303,,4,,2025-01-21 09:23:00,2025-01-21 11:38:00,2025-01-21 10:57:00,Completed,40527
4133,3855,,1,,2025-01-21 09:31:00,2025-01-21 11:50:00,2025-01-21 12:02:00,Completed,14450
4134,1754,3068,5,,2025-01-21 11:02:00,2025-01-23 14:14:00,2025-01-23 14:06:00,Completed,166078
4135,3828,3128,6,,2025-01-21 13:30:00,2025-01-21 15:45:00,2025-01-21 15:34:00,Completed,49068
4136,3848,3152,4,,2025-01-21 14:01:00,2025-01-21 16:31:00,2025-01-21 14:31:00,Completed,76108
4137,2283,3136,2,3961,2025-01-21 15:34:00,2025-01-22 08:15:00,2025-01-21 16:15:00,Completed,81903
4138,2358,3148,3,,2025-01-22 08:09:00,2025-01-23 16:08:00,2025-01-23 16:52:00,Completed,32466
4139,3856,3156,3,,2025-01-22 08:30:00,2025-01-22 10:22:00,2025-01-22 09:47:00,Completed,277229
4140,3854,3147,1,,2025-01-22 09:00:00,2025-01-22 10:22:00,2025-01-22 09:37:00,Completed,56660
4141,3845,3140,6,,2025-01-22 09:08:00,2025-01-22 12:38:00,2025-01-22 10:45:00,Completed,108741
4142,3858,,4,,2025-01-22 09:12:00,2025-01-22 12:42:00,2025-01-22 10:28:00,Completed,129279
4143,3786,3072,6,,2025-01-22 09:37:00,2025-01-22 11:21:00,2025-01-22 11:06:00,Completed,174345
4144,3859,,1,,2025-01-22 10:03:00,2025-01-22 14:18:00,2025-01-25 11:44:00,Completed,56504
4145,3823,3125,4,,2025-01-22 10:05:00,2025-01-22 15:07:00,2025-01-22 14:26:00,Completed,158018
4146,3840,3143,3,,2025-01-22 10:36:00,2025-01-22 15:36:00,2025-01-24 12:45:00,Completed,119414
4147,3857,,6,,2025-01-22 10:38:00,2025-01-22 11:58:00,2025-01-22 11:30:00,Completed,19880
4148,3464,3073,5,,2025-01-22 11:09:00,2025-01-22 12:54:00,2025-01-22 12:18:00,Completed,95014
4149,3860,,3,,2025-01-22 11:15:00,2025-01-22 16:36:00,2025-01-25 12:57:00,Completed,92648
4150,1451,,5,,2025-01-22 11:49:00,2025-01-22 14:01:00,2025-01-22 13:37:00,Completed,179945
4151,3851,3150,6,,2025-01-22 12:39:00,2025-01-23 08:09:00,2025-01-22 16:40:00,Completed,57672
4152,3125,3083,6,,2025-01-22 14:38:00,2025-01-23 08:09:00,2025-01-22 17:10:00,Completed,38509
4153,3759,3036,4,,2025-01-22 15:03:00,2025-01-23 08:55:00,2025-01-23 09:40:00,Completed,36656
4154,3863,3160,4,,2025-01-23 07:33:00,2025-01-23 11:48:00,2025-01-23 11:02:00,Completed,78953
4155,1477,3151,6,,2025-01-23 08:02:00,2025-01-23 09:47:00,2025-01-23 09:00:00,Completed,123086
4156,1755,3162,4,,2025-01-23 08:04:00,2025-01-23 13:03:00,2025-01-23 11:21:00,Completed,90998
4157,3629,,3,,2025-01-23 09:08:00,2025-01-23 13:38:00,2025-01-23 11:10:00,Completed,57835
4158,3866,,6,,2025-01-23 10:15:00,2025-01-23 13:30:00,2025-01-23 14:23:00,Completed,156499
4159,3871,,6,,2025-01-23 10:15:00,2025-01-23 13:09:00,2025-01-23 12:55:00,Completed,164494
4160,3870,,3,,2025-01-23 10:25:00,2025-01-23 13:15:00,2025-01-23 12:27:00,Completed,49387
4161,3869,,4,,2025-01-23 11:13:00,2025-01-23 13:43:00,2025-01-23 12:44:00,Completed,75387
4162,3804,3157,3,,2025-01-23 12:32:00,2025-01-23 14:47:00,2025-01-23 13:44:00,Completed,74623
4163,3109,,1,,2025-01-23 12:53:00,2025-01-23 15:23:00,2025-01-23 14:09:00,Completed,66715
4164,3787,3071,1,,2025-01-23 13:03:00,2025-01-23 16:39:00,2025-01-24 07:48:00,Completed,67344
4165,3867,,5,,2025-01-23 13:30:00,2025-01-24 13:18:00,2025-01-24 13:57:00,Completed,37859
4166,3834,3133,6,,2025-01-23 15:03:00,2025-01-24 09:48:00,2025-01-23 17:19:00,Completed,111604
4167,1156,3138,1,,2025-01-23 15:30:00,2025-01-25 12:41:00,2025-01-25 10:10:00,Completed,148310
4168,107,3171,3,,2025-01-24 08:02:00,2025-01-24 11:02:00,2025-01-24 10:22:00,Completed,219744
4169,3706,2980,4,,2025-01-24 08:35:00,2025-01-25 14:00:00,2025-01-25 11:17:00,Completed,90797
4170,2592,,6,,2025-01-24 09:29:00,2025-01-24 11:59:00,2025-01-24 10:10:00,Completed,182303
4171,3872,3173,2,,2025-01-24 10:03:00,2025-01-24 11:44:00,2025-01-24 10:54:00,Completed,74156
4172,3881,,6,,2025-01-24 10:04:00,2025-01-24 12:26:00,2025-01-24 11:59:00,Completed,129408
4173,175,3174,2,,2025-01-24 10:09:00,2025-01-24 13:53:00,2025-01-24 12:01:00,Completed,235868
4174,679,,1,,2025-01-24 10:26:00,2025-01-24 12:26:00,2025-01-24 11:31:00,Completed,196605
4175,3824,3121,4,,2025-01-24 11:05:00,2025-01-24 12:20:00,2025-01-24 11:51:00,Completed,201048
4176,3650,3081,6,,2025-01-24 13:08:00,2025-01-24 16:38:00,2025-01-24 17:08:00,Completed,73668
4177,3482,3163,3,,2025-01-25 08:03:00,2025-01-25 10:33:00,2025-01-25 08:37:00,Completed,124943
4178,2161,3165,6,,2025-01-25 08:06:00,2025-01-25 10:21:00,2025-01-25 09:25:00,Completed,57786
4179,2726,3088,3,,2025-01-25 08:30:00,2025-01-25 09:45:00,2025-01-25 09:18:00,Completed,31439
4180,3776,3155,1,,2025-01-25 09:08:00,2025-01-25 10:23:00,2025-01-25 09:46:00,Completed,74122
4181,3118,,3,,2025-01-25 10:13:00,2025-01-25 13:13:00,2025-01-25 12:01:00,Completed,127155
4182,2296,3183,6,,2025-01-25 11:03:00,2025-01-27 07:33:00,2025-01-25 12:14:00,Completed,192677
4183,970,3084,3,,2025-01-27 07:38:00,2025-01-27 14:15:00,2025-01-27 11:17:00,Completed,200450
4184,3485,3199,6,,2025-01-27 07:39:00,2025-01-27 11:09:00,2025-01-27 10:45:00,Completed,133666
4185,3812,3108,6,,2025-01-27 08:02:00,2025-01-27 11:49:00,2025-01-27 12:20:00,Completed,36576
4186,2896,3132,3,,2025-01-27 08:02:00,2025-01-27 12:12:00,2025-01-27 12:45:00,Completed,99717
4187,224,3195,2,,2025-01-27 08:30:00,2025-01-27 13:30:00,2025-01-27 11:05:00,Completed,271207
4188,1013,3034,5,,2025-01-27 08:34:00,2025-01-27 09:49:00,2025-01-27 09:07:00,Completed,55159
4189,3077,,2,,2025-01-27 08:55:00,2025-01-27 14:21:00,2025-01-27 13:13:00,Completed,131070
4190,3889,,6,,2025-01-27 09:20:00,2025-01-27 12:18:00,2025-01-27 12:45:00,Completed,105615
4191,3887,,3,,2025-01-27 09:26:00,2025-01-27 13:42:00,2025-01-27 13:47:00,Completed,82002
4192,3699,,6,,2025-01-27 09:26:00,2025-01-27 13:50:00,2025-01-27 13:28:00,Completed,75787
4193,1230,3129,4,,2025-01-27 10:00:00,2025-01-27 15:26:00,2025-01-27 13:15:00,Completed,216068
4194,1501,3189,6,,2025-01-27 10:06:00,2025-01-27 13:09:00,2025-01-27 13:41:00,Completed,141476
4195,1003,3200,2,,2025-01-27 11:06:00,2025-01-28 08:35:00,2025-01-27 16:45:00,Completed,185113
4196,877,3158,4,,2025-01-27 11:32:00,2025-01-27 17:30:00,2025-01-27 15:00:00,Completed,252485
4197,1964,3178,6,,2025-01-27 12:07:00,2025-01-27 14:11:00,2025-01-27 14:15:00,Completed,88469
4198,3653,3186,5,,2025-01-27 12:36:00,2025-01-27 15:21:00,2025-01-27 13:36:00,Completed,39170
4199,1096,3161,2,,2025-01-27 13:03:00,2025-01-28 09:04:00,2025-01-28 07:32:00,Completed,95297
4200,3060,3154,4,,2025-01-28 07:33:00,2025-01-28 10:10:00,2025-01-28 09:28:00,Completed,196172
4201,3874,3168,6,,2025-01-28 08:05:00,2025-01-28 09:20:00,2025-01-28 08:48:00,Completed,197444
4202,1696,3203,6,,2025-01-28 08:39:00,2025-01-28 09:54:00,2025-01-28 09:19:00,Completed,90202
4203,2605,3191,2,,2025-01-28 09:09:00,2025-01-28 10:24:00,2025-01-28 09:53:00,Completed,271918
4204,1736,,2,,2025-01-28 09:29:00,2025-01-28 13:44:00,2025-01-30 12:25:00,Completed,105987
4205,646,3190,5,,2025-01-28 11:09:00,2025-01-30 14:38:00,2025-01-30 12:48:00,Completed,137747
4206,3300,3192,6,,2025-01-28 13:38:00,2025-01-28 15:23:00,2025-01-28 14:50:00,Completed,118946
4207,3772,3182,4,4017,2025-01-28 14:09:00,2025-01-29 07:39:00,2025-01-28 15:32:00,Completed,71760
4208,78,3201,5,,2025-01-28 15:08:00,2025-01-29 07:38:00,2025-01-28 16:30:00,Completed,153215
4209,3765,3051,4,,2025-01-29 07:30:00,2025-01-29 10:15:00,2025-01-29 09:27:00,Completed,97020
4210,861,3179,6,,2025-01-29 07:32:00,2025-01-29 08:39:00,2025-01-29 08:00:00,Completed,164924
4211,3895,,4,,2025-01-29 08:07:00,2025-01-30 17:30:00,2025-02-05 15:26:00,Completed,108987
4212,3891,3204,6,,2025-01-29 08:37:00,2025-01-29 09:52:00,2025-01-29 09:30:00,Completed,68036
4213,3893,,2,,2025-01-29 09:01:00,2025-01-29 15:08:00,2025-01-30 14:03:00,Completed,85401
4214,319,3196,6,,2025-01-29 09:08:00,2025-01-29 10:38:00,2025-01-29 10:07:00,Completed,220868
4215,1022,3214,2,,2025-01-29 09:33:00,2025-01-29 15:20:00,2025-01-31 13:13:00,Completed,136750
4216,3424,,5,,2025-01-29 10:23:00,2025-01-29 12:23:00,2025-01-29 11:33:00,Completed,64828
4217,3894,,6,,2025-01-29 11:17:00,2025-01-29 13:02:00,2025-01-29 12:07:00,Completed,71947
4218,3896,,4,,2025-01-29 13:14:00,2025-01-29 15:14:00,2025-01-29 14:16:00,Completed,148447
4219,3890,3202,5,,2025-01-29 14:35:00,2025-01-30 08:50:00,2025-01-29 16:57:00,Completed,180119
4220,3883,3177,4,,2025-01-29 14:38:00,2025-01-29 17:30:00,2025-01-29 16:18:00,Completed,79593
4221,3646,3166,4,,2025-01-30 07:32:00,2025-01-30 11:54:00,2025-01-30 11:46:00,Completed,31206
4222,2108,3164,6,,2025-01-30 08:09:00,2025-01-30 10:09:00,2025-01-30 09:15:00,Completed,33310
4223,3901,,3,,2025-01-30 08:53:00,2025-01-30 12:23:00,2025-01-30 10:58:00,Completed,26307
4224,946,,3,,2025-01-30 09:06:00,2025-01-30 12:48:00,2025-01-30 12:38:00,Completed,117809
4225,3801,3220,5,,2025-01-30 09:06:00,2025-01-30 10:21:00,2025-01-30 09:40:00,Completed,102552
4226,3903,,4,,2025-01-30 10:29:00,2025-01-30 11:59:00,2025-01-30 11:23:00,Completed,40630
4227,2452,,1,,2025-01-30 10:54:00,2025-01-30 16:39:00,2025-01-30 14:05:00,Completed,72165
4228,2254,3205,5,,2025-01-30 12:06:00,2025-01-30 13:21:00,2025-01-30 12:38:00,Completed,104271
4229,980,3225,6,,2025-01-30 12:30:00,2025-01-30 15:00:00,2025-01-30 14:44:00,Completed,238329
4230,877,3206,2,4196,2025-01-30 13:35:00,2025-01-30 17:30:00,2025-01-30 14:57:00,Completed,252662
4231,3902,,3,,2025-01-30 14:24:00,2025-01-31 07:39:00,2025-01-30 16:27:00,Completed,204513
4232,2381,3231,3,,2025-01-31 08:00:00,2025-01-31 09:15:00,2025-01-31 08:36:00,Completed,76830
4233,3228,3215,5,,2025-01-31 08:08:00,2025-01-31 11:04:00,2025-01-31 10:01:00,Completed,120080
4234,2148,3167,6,,2025-01-31 08:38:00,2025-01-31 09:53:00,2025-01-31 09:27:00,Completed,41973
4235,3689,,5,4083,2025-01-31 08:49:00,2025-01-31 11:59:00,2025-01-31 10:26:00,Completed,102635
4236,180,3222,3,,2025-01-31 09:01:00,2025-01-31 13:38:00,2025-01-31 13:53:00,Completed,148854
4237,3910,,4,,2025-01-31 09:13:00,2025-01-31 12:28:00,2025-01-31 14:18:00,Completed,129466
4238,1190,3229,6,,2025-01-31 09:31:00,2025-01-31 12:16:00,2025-01-31 11:51:00,Completed,119311
4239,1570,3198,5,,2025-01-31 09:33:00,2025-02-03 16:40:00,2025-02-04 07:54:00,Completed,134735
4240,2889,3224,6,,2025-01-31 10:05:00,2025-01-31 15:48:00,2025-01-31 16:12:00,Completed,37373
4241,3014,3139,5,,2025-01-31 11:06:00,2025-01-31 13:06:00,2025-01-31 12:21:00,Completed,110622
4242,3629,,1,4157,2025-01-31 12:35:00,2025-01-31 15:12:00,2025-01-31 13:27:00,Completed,58214
4243,2947,3180,2,,2025-01-31 13:07:00,2025-01-31 16:22:00,2025-01-31 14:18:00,Completed,65748
4244,1514,3213,4,,2025-01-31 13:33:00,2025-02-01 08:18:00,2025-01-31 15:26:00,Completed,128727
4245,2480,3234,4,,2025-01-31 13:39:00,2025-01-31 16:12:00,2025-01-31 16:09:00,Completed,68653
4246,3566,,1,,2025-01-31 14:00:00,2025-01-31 16:30:00,2025-01-31 14:37:00,Completed,141223
4247,3238,3188,3,,2025-01-31 15:00:00,2025-02-01 13:07:00,2025-02-01 13:13:00,Completed,142513
4248,3008,3211,6,,2025-02-01 08:01:00,2025-02-01 10:31:00,2025-02-01 09:44:00,Completed,115999
4249,2035,3212,2,,2025-02-01 08:37:00,2025-02-01 12:44:00,2025-02-01 10:24:00,Completed,133783
4250,3884,3193,5,,2025-02-01 09:32:00,2025-02-01 10:39:00,2025-02-01 10:12:00,Completed,120147
4251,3022,3103,3,,2025-02-01 09:36:00,2025-02-01 12:03:00,2025-02-01 11:26:00,Completed,100513
4252,3451,3208,6,,2025-02-01 10:06:00,2025-02-01 14:00:00,2025-02-01 11:51:00,Completed,84274
4253,2300,,6,,2025-02-01 10:50:00,2025-02-03 10:15:00,2025-02-03 10:25:00,Completed,66720
4254,451,3172,5,,2025-02-03 07:35:00,2025-02-03 08:50:00,2025-02-03 08:23:00,Completed,129059
4255,3560,3257,4,,2025-02-03 07:36:00,2025-02-03 09:36:00,2025-02-08 10:37:00,Completed,60059
4256,1503,3240,6,,2025-02-03 08:01:00,2025-02-03 09:46:00,2025-02-03 09:25:00,Completed,95299
4257,344,3262,5,,2025-02-03 08:02:00,2025-02-03 09:18:00,2025-02-03 08:39:00,Completed,108185
4258,3731,3241,5,,2025-02-03 08:04:00,2025-02-03 14:11:00,2025-02-03 14:47:00,Completed,166706
4259,3913,3246,3,,2025-02-03 08:36:00,2025-02-03 11:21:00,2025-02-03 11:25:00,Completed,146859
4260,2926,3217,1,,2025-02-03 08:38:00,2025-02-03 15:00:00,2025-02-03 15:43:00,Completed,100002
4261,2566,3263,3,4119,2025-02-03 08:55:00,2025-02-03 12:39:00,2025-02-03 10:42:00,Completed,194105
4262,3918,3266,6,,2025-02-03 09:03:00,2025-02-03 10:28:00,2025-02-03 10:06:00,Completed,97312
4263,1266,3169,6,,2025-02-03 09:34:00,2025-02-03 10:55:00,2025-02-03 10:24:00,Completed,135577
4264,3898,3221,2,,2025-02-03 10:03:00,2025-02-03 13:55:00,2025-02-03 11:14:00,Completed,147902
4265,3850,3259,6,,2025-02-03 10:05:00,2025-02-03 13:39:00,2025-02-03 12:13:00,Completed,136012
4266,3096,,6,,2025-02-03 10:29:00,2025-02-03 12:36:00,2025-02-03 12:36:00,Completed,54681
4267,1805,,4,,2025-02-03 10:34:00,2025-02-03 12:26:00,2025-02-03 11:40:00,Completed,124066
4268,3499,3249,5,,2025-02-03 10:37:00,2025-02-03 12:36:00,2025-02-03 12:12:00,Completed,62549
4269,3607,3258,3,,2025-02-03 11:03:00,2025-02-03 14:03:00,2025-02-03 13:13:00,Completed,120807
4270,276,3239,3,,2025-02-03 11:09:00,2025-02-03 16:40:00,2025-02-03 15:36:00,Completed,232115
4271,2478,3254,6,,2025-02-03 13:31:00,2025-02-03 16:23:00,2025-02-03 15:54:00,Completed,114665
4272,3738,,4,,2025-02-03 13:34:00,2025-02-04 11:22:00,2025-02-04 12:15:00,Completed,178480
4273,3207,,5,,2025-02-03 14:34:00,2025-02-03 15:49:00,2025-02-03 15:19:00,Completed,223683
4274,658,,4,,2025-02-03 14:47:00,2025-02-04 07:54:00,2025-02-03 16:52:00,Completed,106762
4275,2619,3267,1,,2025-02-04 08:08:00,2025-02-05 08:56:00,2025-02-04 16:49:00,Completed,199811
4276,2490,3272,6,,2025-02-04 08:30:00,2025-02-04 09:37:00,2025-02-04 09:01:00,Completed,83516
4277,3924,,1,,2025-02-04 08:41:00,2025-02-04 09:48:00,2025-02-04 09:00:00,Completed,94631
4278,1474,3261,5,,2025-02-04 09:39:00,2025-02-04 13:09:00,2025-02-04 12:54:00,Completed,78320
4279,3904,3232,6,,2025-02-04 10:03:00,2025-02-04 13:10:00,2025-02-04 12:37:00,Completed,79538
4280,1952,3255,6,,2025-02-04 11:01:00,2025-02-04 15:07:00,2025-02-04 14:57:00,Completed,63723
4281,1100,3194,6,,2025-02-04 11:08:00,2025-02-04 14:38:00,2025-02-04 15:07:00,Completed,122088
4282,3899,3216,6,,2025-02-04 13:02:00,2025-02-04 15:29:00,2025-02-04 15:45:00,Completed,27194
4283,3349,3230,6,,2025-02-04 13:03:00,2025-02-05 07:53:00,2025-02-05 08:22:00,Completed,36529
4284,3832,,4,4101,2025-02-04 13:12:00,2025-02-04 17:30:00,2025-02-05 08:29:00,Completed,41486
4285,3914,3248,5,,2025-02-04 15:02:00,2025-02-05 07:47:00,2025-02-04 15:57:00,Completed,99141
4286,3113,3227,1,,2025-02-05 07:39:00,2025-02-05 11:09:00,2025-02-05 11:26:00,Completed,37536
4287,1463,3175,5,,2025-02-05 08:02:00,2025-02-05 09:17:00,2025-02-05 08:36:00,Completed,70550
4288,3372,3264,4,,2025-02-05 08:33:00,2025-02-05 11:48:00,2025-02-05 12:08:00,Completed,99939
4289,3476,,6,,2025-02-05 08:51:00,2025-02-05 10:06:00,2025-02-05 09:35:00,Completed,127775
4290,1252,3176,3,,2025-02-05 10:09:00,2025-02-05 14:24:00,2025-02-05 14:17:00,Completed,94678
4291,3696,,6,,2025-02-05 10:21:00,2025-02-05 13:51:00,2025-02-05 14:16:00,Completed,181523
4292,3310,3159,3,,2025-02-05 11:00:00,2025-02-05 14:47:00,2025-02-05 13:01:00,Completed,50026
4293,3167,3277,6,4128,2025-02-05 11:34:00,2025-02-05 14:11:00,2025-02-05 15:51:00,Completed,79558
4294,3397,3247,1,,2025-02-05 12:03:00,2025-02-05 14:21:00,2025-02-05 13:10:00,Completed,139226
4295,1156,3219,2,,2025-02-05 14:02:00,2025-02-06 08:17:00,2025-02-05 15:42:00,Completed,149034
4296,2727,3187,6,,2025-02-05 14:30:00,2025-02-05 17:30:00,2025-02-05 15:02:00,Completed,132623
4297,3590,3236,3,,2025-02-06 08:03:00,2025-02-06 11:03:00,2025-02-06 09:48:00,Completed,77169
4298,3926,3287,1,,2025-02-06 08:05:00,2025-02-07 09:05:00,2025-02-07 08:15:00,Completed,38946
4299,2247,3226,6,,2025-02-06 08:34:00,2025-02-06 10:34:00,2025-02-06 09:51:00,Completed,133979
4300,3097,,4,,2025-02-06 09:20:00,2025-02-06 11:12:00,2025-02-06 10:23:00,Completed,75196
4301,1035,3243,6,,2025-02-06 11:34:00,2025-02-06 14:34:00,2025-02-06 13:52:00,Completed,99770
4302,632,3283,5,,2025-02-06 12:07:00,2025-02-08 11:44:00,2025-02-08 09:49:00,Completed,106351
4303,3686,3238,2,,2025-02-06 13:04:00,2025-02-07 08:56:00,2025-02-06 15:50:00,Completed,163797
4304,1995,3286,4,,2025-02-06 14:01:00,2025-02-07 07:31:00,2025-02-07 07:55:00,Completed,126237
4305,646,3276,5,4205,2025-02-06 14:37:00,2025-02-07 08:14:00,2025-02-06 16:16:00,Completed,138371
4306,24,3253,6,,2025-02-07 07:37:00,2025-02-07 08:59:00,2025-02-07 08:21:00,Completed,155140
4307,3917,3251,5,,2025-02-07 07:39:00,2025-02-07 10:09:00,2025-02-07 08:21:00,Completed,176738
4308,2400,3233,5,,2025-02-07 08:02:00,2025-02-07 10:11:00,2025-02-07 09:25:00,Completed,66733
4309,3794,3078,5,,2025-02-07 08:36:00,2025-02-07 11:29:00,2025-02-07 09:46:00,Completed,34872
4310,3942,,4,,2025-02-07 09:37:00,2025-02-07 14:22:00,2025-02-07 13:41:00,Completed,198851
4311,3940,,1,,2025-02-07 10:14:00,2025-02-08 11:13:00,2025-02-08 09:14:00,Completed,30376
4312,3939,,6,,2025-02-07 10:30:00,2025-02-07 13:00:00,2025-02-07 11:17:00,Completed,102394
4313,3936,,4,,2025-02-07 10:36:00,2025-02-07 13:01:00,2025-02-07 12:49:00,Completed,290228
4314,3938,,3,,2025-02-07 11:36:00,2025-02-07 14:36:00,2025-02-07 13:35:00,Completed,99877
4315,370,,6,,2025-02-07 12:20:00,2025-02-07 13:35:00,2025-02-07 13:13:00,Completed,122958
4316,3912,3237,3,,2025-02-07 13:02:00,2025-02-07 15:20:00,2025-02-07 14:33:00,Completed,67541
4317,3937,,5,,2025-02-07 14:11:00,2025-02-08 08:56:00,2025-02-07 16:46:00,Completed,57832
4318,3927,3281,6,,2025-02-07 15:36:00,2025-02-08 08:43:00,2025-02-08 08:34:00,Completed,126330
4319,1826,3245,5,,2025-02-08 08:09:00,2025-02-08 09:24:00,2025-02-08 08:54:00,Completed,39175
4320,2720,,6,,2025-02-08 08:50:00,2025-02-08 12:05:00,2025-02-08 11:34:00,Completed,108615
4321,1352,,2,,2025-02-08 08:53:00,2025-02-08 10:53:00,2025-02-08 10:25:00,Completed,92876
4322,3914,,5,4285,2025-02-08 09:08:00,2025-02-08 11:41:00,2025-02-08 09:56:00,Completed,99348
4323,987,,4,,2025-02-08 09:09:00,2025-02-08 10:24:00,2025-02-08 09:36:00,Completed,234435
4324,2631,3268,5,,2025-02-08 09:31:00,2025-02-08 10:55:00,2025-02-08 10:24:00,Completed,84934
4325,2538,3279,3,,2025-02-08 10:04:00,2025-02-10 10:04:00,2025-02-10 07:35:00,Completed,97646
4326,3708,3300,4,,2025-02-08 10:08:00,2025-02-08 11:23:00,2025-02-08 10:37:00,Completed,90254
4327,3863,3301,4,4154,2025-02-08 10:18:00,2025-02-08 14:00:00,2025-02-08 12:24:00,Completed,79968
4328,2714,,2,,2025-02-08 11:14:00,2025-02-10 09:29:00,2025-02-10 08:00:00,Completed,101237
4329,1342,,3,,2025-02-08 12:07:00,2025-02-10 07:58:00,2025-02-10 08:15:00,Completed,154605
4330,2812,3207,6,,2025-02-10 07:31:00,2025-02-10 10:46:00,2025-02-10 10:36:00,Completed,37364
4331,3759,3295,4,4153,2025-02-10 07:37:00,2025-02-10 10:29:00,2025-02-10 12:27:00,Completed,37346
4332,3945,3309,4,,2025-02-10 07:51:00,2025-02-10 09:22:00,2025-02-10 08:44:00,Completed,42486
4333,3920,3270,2,,2025-02-10 08:02:00,2025-02-11 13:23:00,2025-02-11 10:14:00,Completed,47810
4334,2028,3297,2,,2025-02-10 08:35:00,2025-02-10 14:20:00,2025-02-10 11:21:00,Completed,131551
4335,3011,3307,6,,2025-02-10 09:03:00,2025-02-10 12:18:00,2025-02-10 12:34:00,Completed,62777
4336,830,3223,4,,2025-02-10 09:06:00,2025-02-10 13:21:00,2025-02-10 11:12:00,Completed,112323
4337,2518,3313,6,,2025-02-10 09:32:00,2025-02-10 11:40:00,2025-02-10 11:33:00,Completed,98912
4338,432,,4,,2025-02-10 09:35:00,2025-02-10 14:42:00,2025-02-10 14:42:00,Completed,247542
4339,1174,,6,,2025-02-10 09:47:00,2025-02-10 12:11:00,2025-02-10 12:07:00,Completed,80534
4340,3000,,6,,2025-02-10 11:10:00,2025-02-10 13:34:00,2025-02-10 13:23:00,Completed,183588
4341,2736,3273,6,,2025-02-10 11:31:00,2025-02-10 13:33:00,2025-02-10 13:31:00,Completed,56966
4342,1055,3290,6,,2025-02-10 15:33:00,2025-02-11 08:03:00,2025-02-11 07:40:00,Completed,101029
4343,3813,3116,1,,2025-02-11 08:38:00,2025-02-11 13:08:00,2025-02-11 11:21:00,Completed,90990
4344,3967,,2,,2025-02-11 09:19:00,2025-02-13 08:18:00,2025-02-12 15:10:00,Completed,117580
4345,3966,,3,,2025-02-11 09:51:00,2025-02-11 11:21:00,2025-02-11 10:37:00,Completed,118464
4346,3965,,3,,2025-02-11 10:53:00,2025-02-11 13:08:00,2025-02-11 12:13:00,Completed,155129
4347,3954,3316,6,,2025-02-11 14:38:00,2025-02-11 16:19:00,2025-02-11 15:30:00,Completed,134874
4348,3943,3299,6,,2025-02-11 15:34:00,2025-02-12 07:34:00,2025-02-11 17:05:00,Completed,38062
4349,3978,,2,,2025-02-12 07:55:00,2025-02-12 09:10:00,2025-02-12 08:28:00,Completed,111699
4350,3929,3288,6,,2025-02-12 08:02:00,2025-02-12 09:17:00,2025-02-12 08:41:00,Completed,60142
4351,2743,3282,4,,2025-02-12 08:05:00,2025-02-12 10:05:00,2025-02-12 09:16:00,Completed,53967
4352,3979,,5,,2025-02-12 08:47:00,2025-02-12 10:02:00,2025-02-12 09:30:00,Completed,19322
4353,1173,,6,,2025-02-12 08:47:00,2025-02-12 10:39:00,2025-02-12 10:18:00,Completed,164766
4354,1821,,6,,2025-02-12 08:58:00,2025-02-12 11:51:00,2025-02-12 12:08:00,Completed,154222
4355,3193,,6,,2025-02-12 09:07:00,2025-02-12 13:43:00,2025-02-12 13:07:00,Completed,110410
4356,3980,,6,,2025-02-12 12:14:00,2025-02-12 14:28:00,2025-02-12 14:05:00,Completed,126618
4357,3944,3298,5,,2025-02-12 12:38:00,2025-02-12 16:08:00,2025-02-12 13:48:00,Completed,232519
4358,3934,3292,6,,2025-02-12 13:09:00,2025-02-12 14:54:00,2025-02-12 14:25:00,Completed,59470
4359,466,3293,6,,2025-02-12 14:31:00,2025-02-12 17:30:00,2025-02-12 16:34:00,Completed,254670
4360,3968,3322,2,,2025-02-12 14:39:00,2025-02-12 16:16:00,2025-02-12 15:35:00,Completed,53957
4361,3468,3338,5,,2025-02-13 07:39:00,2025-02-13 08:46:00,2025-02-13 08:09:00,Completed,111347
4362,3984,,4,,2025-02-13 09:17:00,2025-02-13 13:32:00,2025-02-13 11:04:00,Completed,118708
4363,2939,,6,,2025-02-13 09:25:00,2025-02-13 10:47:00,2025-02-13 10:27:00,Completed,225877
4364,3031,,4,,2025-02-13 09:49:00,2025-02-13 11:48:00,2025-02-13 11:48:00,Completed,165624
4365,3059,3330,6,,2025-02-13 10:35:00,2025-02-13 12:12:00,2025-02-13 11:44:00,Completed,66388
4366,3513,3305,2,,2025-02-13 10:39:00,2025-02-13 12:09:00,2025-02-13 11:32:00,Completed,52104
4367,3348,3336,6,,2025-02-13 13:38:00,2025-02-13 14:53:00,2025-02-13 14:12:00,Completed,10522
4368,3970,3335,5,,2025-02-13 14:32:00,2025-02-13 17:30:00,2025-02-13 16:56:00,Completed,108355
4369,195,3308,5,,2025-02-13 14:39:00,2025-02-14 11:33:00,2025-02-14 11:09:00,Completed,182353
4370,3567,3280,6,,2025-02-13 15:03:00,2025-02-13 17:30:00,2025-02-13 16:14:00,Completed,152707
4371,3973,3325,1,,2025-02-14 08:01:00,2025-02-15 10:08:00,2025-02-15 10:45:00,Completed,91311
4372,3720,3339,6,,2025-02-14 08:05:00,2025-02-14 11:35:00,2025-02-14 11:52:00,Completed,66012
4373,3989,,6,,2025-02-14 08:27:00,2025-02-14 10:33:00,2025-02-14 10:35:00,Completed,58009
4374,3981,3341,2,,2025-02-14 09:00:00,2025-02-14 10:15:00,2025-02-14 09:36:00,Completed,71347
4375,2694,3346,6,,2025-02-14 10:01:00,2025-02-14 12:08:00,2025-02-14 11:39:00,Completed,109591
4376,3064,3311,5,,2025-02-14 10:03:00,2025-02-14 14:22:00,2025-02-14 14:39:00,Completed,113435
4377,3982,3342,6,,2025-02-14 11:06:00,2025-02-14 15:42:00,2025-02-14 15:31:00,Completed,58792
4378,2262,3333,4,,2025-02-14 11:08:00,2025-02-14 15:23:00,2025-02-14 13:30:00,Completed,119746
4379,3990,,6,,2025-02-14 12:24:00,2025-02-15 09:01:00,2025-02-14 17:04:00,Completed,161143
4380,3985,3344,4,,2025-02-14 13:00:00,2025-02-14 14:23:00,2025-02-14 13:51:00,Completed,72613
4381,3987,3345,6,,2025-02-14 13:33:00,2025-02-15 08:36:00,2025-02-15 08:06:00,Completed,55528
4382,2936,,1,,2025-02-14 13:40:00,2025-02-18 09:28:00,2025-02-18 10:13:00,Completed,48788
4383,3956,3317,6,,2025-02-15 08:00:00,2025-02-15 11:00:00,2025-02-15 10:30:00,Completed,222368
4384,694,3350,4,,2025-02-15 08:05:00,2025-02-15 10:35:00,2025-02-15 09:50:00,Completed,103784
4385,3445,3352,3,,2025-02-15 09:03:00,2025-02-15 14:00:00,2025-02-17 08:23:00,Completed,57851
4386,2870,,4,,2025-02-15 09:15:00,2025-02-15 11:53:00,2025-02-15 10:56:00,Completed,112865
4387,2744,3351,6,,2025-02-15 09:34:00,2025-02-15 14:00:00,2025-02-15 13:52:00,Completed,132804
4388,2946,3356,4,,2025-02-17 07:30:00,2025-02-17 11:45:00,2025-02-17 13:05:00,Completed,58578
4389,2676,3324,6,,2025-02-17 07:35:00,2025-02-17 10:05:00,2025-02-17 11:58:00,Completed,50740
4390,3642,3285,5,,2025-02-17 08:00:00,2025-02-17 09:22:00,2025-02-17 08:40:00,Completed,118058
4391,819,3275,4,,2025-02-17 08:03:00,2025-02-17 12:57:00,2025-02-17 11:00:00,Completed,125004
4392,2737,,1,,2025-02-17 08:41:00,2025-02-17 11:11:00,2025-02-17 12:44:00,Completed,126092
4393,3276,3334,4,,2025-02-17 09:31:00,2025-02-17 14:09:00,2025-02-17 12:29:00,Completed,70622
4394,3997,,1,,2025-02-17 09:31:00,2025-02-17 12:08:00,2025-02-17 10:56:00,Completed,82902
4395,3635,3358,5,,2025-02-17 09:35:00,2025-02-17 13:50:00,2025-02-17 11:37:00,Completed,95996
4396,3975,3326,1,,2025-02-17 10:01:00,2025-02-17 13:58:00,2025-02-17 12:21:00,Completed,183087
4397,3766,3349,6,,2025-02-17 12:38:00,2025-02-17 15:08:00,2025-02-17 14:21:00,Completed,85911
4398,3998,,5,,2025-02-17 12:52:00,2025-02-17 14:52:00,2025-02-17 14:09:00,Completed,12037
4399,3996,,6,,2025-02-17 13:57:00,2025-02-17 15:33:00,2025-02-17 15:24:00,Completed,24718
4400,3999,,5,,2025-02-17 14:31:00,2025-02-19 17:30:00,2025-02-19 14:50:00,Completed,93801
4401,1185,3329,1,,2025-02-17 14:36:00,2025-02-19 09:06:00,2025-02-25 07:42:00,Completed,165487
4402,3961,3319,3,,2025-02-17 15:33:00,2025-02-17 17:30:00,2025-02-17 15:57:00,Completed,176178
4403,3994,3362,4,,2025-02-18 07:31:00,2025-02-18 11:23:00,2025-02-18 12:55:00,Completed,139138
4404,3983,3337,3,,2025-02-18 07:33:00,2025-02-18 11:48:00,2025-02-18 09:28:00,Completed,124090
4405,2175,3296,1,,2025-02-18 08:01:00,2025-02-18 15:37:00,2025-02-18 17:16:00,Completed,144104
4406,3916,3244,3,,2025-02-18 09:06:00,2025-02-18 12:16:00,2025-02-18 10:17:00,Completed,220548
4407,3589,3328,4,,2025-02-18 09:08:00,2025-02-18 11:00:00,2025-02-18 10:08:00,Completed,243685
4408,1670,3373,6,,2025-02-18 09:39:00,2025-02-18 12:24:00,2025-02-18 12:32:00,Completed,81686
4409,4002,,5,,2025-02-18 09:44:00,2025-02-18 11:29:00,2025-02-18 10:41:00,Completed,152750
4410,1952,,6,4280,2025-02-18 09:46:00,2025-02-18 12:33:00,2025-02-18 13:21:00,Completed,64094
4411,4001,,4,,2025-02-18 09:52:00,2025-02-18 11:03:00,2025-02-18 10:24:00,Completed,292613
4412,1875,3366,6,,2025-02-18 10:00:00,2025-02-18 12:27:00,2025-02-18 11:56:00,Completed,33538
4413,3575,,6,,2025-02-18 11:10:00,2025-02-18 12:49:00,2025-02-18 12:23:00,Completed,109826
4414,396,,4,,2025-02-18 11:10:00,2025-02-18 12:40:00,2025-02-18 11:56:00,Completed,198294
4415,3486,3304,1,,2025-02-18 12:07:00,2025-02-18 16:17:00,2025-02-19 07:40:00,Completed,129087
4416,180,3371,3,4236,2025-02-18 12:39:00,2025-02-18 15:50:00,2025-02-18 13:58:00,Completed,149575
4417,2077,3372,3,,2025-02-18 14:30:00,2025-02-19 09:37:00,2025-02-18 17:12:00,Completed,117382
4418,3114,3354,4,,2025-02-19 07:32:00,2025-02-19 09:02:00,2025-02-19 08:11:00,Completed,135187
4419,156,3379,5,,2025-02-19 07:34:00,2025-02-19 10:04:00,2025-02-19 09:08:00,Completed,138059
4420,4008,3383,3,,2025-02-19 07:52:00,2025-02-19 09:44:00,2025-02-19 08:51:00,Completed,118821
4421,738,3312,1,,2025-02-19 08:05:00,2025-02-19 14:50:00,2025-02-19 11:16:00,Completed,123013
4422,2799,3340,4,,2025-02-19 08:07:00,2025-02-19 10:37:00,2025-02-19 09:19:00,Completed,109701
4423,2549,3380,4,,2025-02-19 08:22:00,2025-02-19 10:05:00,2025-02-19 09:46:00,Completed,83300
4424,4006,,3,,2025-02-19 09:00:00,2025-02-19 13:45:00,2025-02-19 12:28:00,Completed,107031
4425,4005,3382,5,,2025-02-19 09:36:00,2025-02-20 14:19:00,2025-02-20 12:09:00,Completed,30067
4426,4009,,6,,2025-02-19 10:29:00,2025-02-19 11:55:00,2025-02-19 11:13:00,Completed,173173
4427,4010,,3,,2025-02-19 10:47:00,2025-02-19 16:36:00,2025-02-19 16:26:00,Completed,44708
4428,3950,3376,6,,2025-02-19 12:35:00,2025-02-19 14:50:00,2025-02-19 14:14:00,Completed,85576
4429,1091,3384,2,,2025-02-19 13:03:00,2025-02-20 12:25:00,2025-02-20 09:26:00,Completed,121680
4430,1992,3386,2,,2025-02-19 13:30:00,2025-02-19 16:30:00,2025-02-19 15:40:00,Completed,31266
4431,322,3347,2,,2025-02-20 08:00:00,2025-02-20 09:15:00,2025-02-20 08:26:00,Completed,277834
4432,86,3391,4,,2025-02-20 08:06:00,2025-02-20 10:36:00,2025-02-20 08:37:00,Completed,141095
4433,3177,,6,,2025-02-20 08:32:00,2025-02-20 11:02:00,2025-02-20 10:57:00,Completed,53216
4434,3090,3368,3,,2025-02-20 09:02:00,2025-02-20 13:17:00,2025-02-20 10:48:00,Completed,86249
4435,3127,3390,5,,2025-02-20 09:05:00,2025-02-20 11:35:00,2025-02-24 11:38:00,Completed,111585
4436,1722,,6,,2025-02-20 09:08:00,2025-02-20 10:23:00,2025-02-20 09:44:00,Completed,38606
4437,4012,3400,1,,2025-02-20 09:24:00,2025-02-20 17:30:00,2025-02-20 17:01:00,Completed,69252
4438,1514,3394,2,4244,2025-02-20 10:02:00,2025-02-20 13:02:00,2025-02-20 11:09:00,Completed,129234
4439,3995,3365,4,,2025-02-20 10:39:00,2025-02-20 11:46:00,2025-02-20 11:13:00,Completed,170688
4440,2203,3409,3,,2025-02-21 07:32:00,2025-02-21 08:47:00,2025-02-21 08:09:00,Completed,69253
4441,3877,3395,6,,2025-02-21 08:07:00,2025-02-21 11:37:00,2025-02-21 09:35:00,Completed,176241
4442,3977,3332,6,,2025-02-21 08:35:00,2025-02-21 12:52:00,2025-02-21 13:06:00,Completed,93963
4443,3962,3314,6,,2025-02-21 08:39:00,2025-02-21 12:51:00,2025-02-21 14:14:00,Completed,82044
4444,2948,,4,,2025-02-21 08:47:00,2025-02-21 13:02:00,2025-02-21 10:46:00,Completed,116728
4445,2230,3359,3,,2025-02-21 08:58:00,2025-02-21 13:43:00,2025-02-21 11:22:00,Completed,48075
4446,2663,3403,4,,2025-02-21 09:05:00,2025-02-21 15:36:00,2025-02-21 13:43:00,Completed,205836
4447,3579,,6,,2025-02-21 09:51:00,2025-02-21 14:47:00,2025-02-21 16:00:00,Completed,49800
4448,3052,,5,,2025-02-21 10:31:00,2025-02-21 15:16:00,2025-02-21 13:33:00,Completed,210599
4449,630,,2,,2025-02-21 11:10:00,2025-02-21 15:02:00,2025-02-21 13:38:00,Completed,193128
4450,4025,,3,,2025-02-21 11:10:00,2025-02-21 17:30:00,2025-02-21 14:20:00,Completed,14485
4451,4014,3402,2,,2025-02-21 11:35:00,2025-02-21 13:56:00,2025-02-21 13:52:00,Completed,223764
4452,3727,,4,,2025-02-21 12:39:00,2025-02-21 15:42:00,2025-02-21 15:02:00,Completed,184181
4453,3885,3197,6,,2025-02-21 14:09:00,2025-02-24 12:00:00,2025-02-26 12:04:00,Completed,234841
4454,4024,3410,4,,2025-02-21 15:32:00,2025-02-21 17:30:00,2025-02-21 16:01:00,Completed,182449
4455,1478,3364,6,,2025-02-22 08:04:00,2025-02-22 09:19:00,2025-02-22 08:46:00,Completed,71371
4456,2819,3363,4,,2025-02-22 08:08:00,2025-02-22 09:23:00,2025-02-22 08:38:00,Completed,29738
4457,645,3377,1,,2025-02-22 08:25:00,2025-02-24 07:40:00,2025-02-24 14:15:00,Completed,132324
4458,2470,3415,2,,2025-02-22 08:38:00,2025-02-22 10:00:00,2025-02-22 09:14:00,Completed,93462
4459,3067,,5,,2025-02-22 11:05:00,2025-02-24 08:50:00,2025-02-24 09:25:00,Completed,192499
4460,3465,,6,,2025-02-22 12:21:00,2025-02-24 08:21:00,2025-02-24 09:51:00,Completed,75720
4461,2266,3419,6,,2025-02-24 07:30:00,2025-02-24 09:00:00,2025-02-24 08:18:00,Completed,328445
4462,2883,3404,5,,2025-02-24 07:36:00,2025-02-24 10:28:00,2025-02-24 09:55:00,Completed,211166
4463,3558,3406,6,,2025-02-24 08:34:00,2025-02-24 13:04:00,2025-02-24 11:18:00,Completed,46045
4464,1324,3422,3,,2025-02-24 08:35:00,2025-02-24 12:05:00,2025-02-24 13:04:00,Completed,176403
4465,4028,,6,,2025-02-24 08:56:00,2025-02-24 12:16:00,2025-02-24 12:48:00,Completed,10847
4466,2804,3369,3,,2025-02-24 09:00:00,2025-02-26 11:31:00,2025-02-26 10:51:00,Completed,71648
4467,4030,,3,,2025-02-24 09:28:00,2025-02-24 10:43:00,2025-02-24 10:05:00,Completed,49329
4468,326,3427,2,,2025-02-24 09:32:00,2025-02-26 14:05:00,2025-02-26 10:38:00,Completed,176690
4469,3001,,5,,2025-02-24 09:50:00,2025-02-25 08:44:00,2025-02-25 09:28:00,Completed,134595
4470,431,3425,4,,2025-02-24 10:06:00,2025-02-24 13:21:00,2025-02-24 12:07:00,Completed,137869
4471,1512,3426,4,,2025-02-24 10:08:00,2025-02-24 15:14:00,2025-02-24 13:02:00,Completed,113852
4472,4029,,6,,2025-02-24 10:49:00,2025-02-24 15:52:00,2025-02-24 14:36:00,Completed,60636
4473,811,3389,6,,2025-02-24 11:37:00,2025-02-24 14:48:00,2025-02-24 15:07:00,Completed,266539
4474,2538,,3,4325,2025-02-24 13:03:00,2025-02-24 16:40:00,2025-02-24 14:24:00,Completed,98301
4475,3881,3432,3,,2025-02-24 15:03:00,2025-02-24 17:30:00,2025-02-24 16:13:00,Completed,130464
4476,3312,3412,2,,2025-02-24 15:36:00,2025-02-25 10:06:00,2025-02-25 07:40:00,Completed,112953
4477,3338,3424,5,,2025-02-25 09:05:00,2025-02-25 12:57:00,2025-02-25 11:38:00,Completed,140612
4478,1993,3381,3,,2025-02-25 10:05:00,2025-02-25 14:50:00,2025-02-25 12:22:00,Completed,53503
4479,2211,3416,5,,2025-02-25 10:34:00,2025-02-26 15:51:00,2025-02-26 12:50:00,Completed,56222
4480,1035,,6,,2025-02-25 10:56:00,2025-02-25 13:33:00,2025-02-25 13:07:00,Completed,100610
4481,4019,3407,6,,2025-02-25 11:03:00,2025-02-25 13:35:00,2025-02-25 13:30:00,Completed,137224
4482,4033,3434,3,,2025-02-25 11:34:00,2025-02-25 14:26:00,2025-02-25 14:49:00,Completed,65138
4483,4038,,5,,2025-02-25 12:32:00,2025-02-25 14:32:00,2025-02-25 13:33:00,Completed,76437
4484,2327,,2,,2025-02-25 12:32:00,2025-02-25 15:09:00,2025-02-25 14:11:00,Completed,50857
4485,2354,3411,6,,2025-02-25 13:09:00,2025-02-25 17:30:00,2025-02-25 15:08:00,Completed,78103
4486,2448,,5,,2025-02-25 13:32:00,2025-02-25 17:30:00,2025-02-25 14:40:00,Completed,25639
4487,4041,3439,2,,2025-02-25 14:04:00,2025-02-26 09:51:00,2025-02-26 10:12:00,Completed,130816
4488,2078,3429,1,,2025-02-25 15:05:00,2025-02-26 09:20:00,2025-02-28 11:37:00,Completed,86299
4489,3286,3420,6,,2025-02-26 07:31:00,2025-02-26 10:38:00,2025-02-26 10:05:00,Completed,87784
4490,4047,,2,,2025-02-26 09:18:00,2025-02-26 13:55:00,2025-02-26 14:39:00,Completed,79912
4491,735,3387,2,,2025-02-26 10:03:00,2025-02-26 12:06:00,2025-02-26 12:04:00,Completed,239302
4492,1042,,6,,2025-02-26 10:56:00,2025-02-26 12:56:00,2025-02-26 12:21:00,Completed,176373
4493,3188,3393,2,,2025-02-26 11:01:00,2025-02-26 14:36:00,2025-02-26 13:33:00,Completed,73317
4494,338,,3,,2025-02-26 11:23:00,2025-02-26 13:23:00,2025-02-26 12:19:00,Completed,232810
4495,1032,3357,2,,2025-02-26 12:35:00,2025-02-27 15:04:00,2025-02-27 13:32:00,Completed,99206
4496,1150,,3,,2025-02-26 12:49:00,2025-02-26 17:30:00,2025-02-26 14:38:00,Completed,170866
4497,2611,3413,3,,2025-02-26 13:00:00,2025-02-26 15:11:00,2025-02-26 15:03:00,Completed,66535
4498,476,3428,6,,2025-02-26 15:00:00,2025-02-27 07:45:00,2025-02-26 17:14:00,Completed,227491
4499,3513,3441,5,,2025-02-27 08:04:00,2025-02-27 09:19:00,2025-02-27 08:29:00,Completed,52597
4500,4003,3385,3,,2025-02-27 08:34:00,2025-02-27 15:34:00,2025-02-27 12:43:00,Completed,61324
4501,2166,,6,,2025-02-27 09:00:00,2025-02-27 10:15:00,2025-02-27 09:38:00,Completed,148823
4502,3503,3440,1,,2025-02-27 09:04:00,2025-02-27 14:49:00,2025-02-27 11:34:00,Completed,244591
4503,1657,3443,6,,2025-02-27 09:32:00,2025-02-27 11:02:00,2025-02-27 10:32:00,Completed,110412
4504,2465,3450,2,,2025-02-27 09:38:00,2025-02-27 14:38:00,2025-02-27 11:56:00,Completed,173341
4505,3754,3417,6,,2025-02-27 10:32:00,2025-02-27 14:47:00,2025-02-27 14:53:00,Completed,104689
4506,3993,3360,5,,2025-02-27 12:39:00,2025-02-27 15:39:00,2025-02-27 14:13:00,Completed,153745
4507,1882,3423,5,,2025-02-27 13:02:00,2025-02-27 16:30:00,2025-02-27 15:26:00,Completed,171720
4508,2629,3260,5,,2025-02-28 08:06:00,2025-02-28 10:51:00,2025-02-28 10:32:00,Completed,135234
4509,4059,3460,6,,2025-02-28 08:32:00,2025-02-28 12:09:00,2025-02-28 10:59:00,Completed,115860
4510,4052,,4,,2025-02-28 09:10:00,2025-02-28 10:25:00,2025-02-28 09:52:00,Completed,290715
4511,4057,,3,,2025-02-28 09:44:00,2025-02-28 12:44:00,2025-02-28 11:49:00,Completed,163385
4512,3718,3433,6,,2025-02-28 10:33:00,2025-02-28 13:13:00,2025-02-28 12:38:00,Completed,250973
4513,4058,,6,,2025-02-28 11:26:00,2025-03-01 08:22:00,2025-02-28 16:20:00,Completed,172115
4514,4054,,6,,2025-02-28 11:40:00,2025-03-01 08:54:00,2025-03-01 12:53:00,Completed,76752
4515,2848,3444,4,,2025-02-28 15:34:00,2025-02-28 17:30:00,2025-02-28 16:04:00,Completed,53861
4516,3469,3465,1,,2025-03-01 08:01:00,2025-03-01 09:08:00,2025-03-01 08:38:00,Completed,93023
4517,2198,3271,6,,2025-03-01 09:35:00,2025-03-01 12:05:00,2025-03-01 11:03:00,Completed,154786
4518,4068,,6,,2025-03-01 10:15:00,2025-03-01 12:09:00,2025-03-01 11:36:00,Completed,103448
4519,3206,3397,6,,2025-03-01 10:37:00,2025-03-01 13:08:00,2025-03-01 12:40:00,Completed,80989
4520,3415,,3,,2025-03-01 10:54:00,2025-03-03 07:39:00,2025-03-01 11:58:00,Completed,126902
4521,1561,,3,,2025-03-01 12:31:00,2025-03-01 14:00:00,2025-03-01 13:11:00,Completed,198282
4522,4069,3470,3,,2025-03-03 07:32:00,2025-03-03 09:32:00,2025-03-03 08:49:00,Completed,90317
4523,4081,,6,,2025-03-03 08:00:00,2025-03-03 12:45:00,2025-03-03 14:07:00,Completed,40957
4524,1233,3477,1,,2025-03-03 08:08:00,2025-03-03 11:08:00,2025-03-03 09:52:00,Completed,109059
4525,4026,3414,3,,2025-03-03 08:30:00,2025-03-03 10:25:00,2025-03-03 09:35:00,Completed,51566
4526,3927,3458,5,,2025-03-03 09:03:00,2025-03-03 10:25:00,2025-03-03 09:53:00,Completed,127369
4527,4074,,1,,2025-03-03 10:44:00,2025-03-03 11:59:00,2025-03-03 11:19:00,Completed,63783
4528,4070,3469,2,,2025-03-03 11:01:00,2025-03-03 15:16:00,2025-03-03 12:40:00,Completed,201842
4529,4075,,4,,2025-03-03 11:17:00,2025-03-03 14:17:00,2025-03-03 12:46:00,Completed,37242
4530,3225,3370,3,,2025-03-03 11:30:00,2025-03-03 16:07:00,2025-03-03 13:55:00,Completed,38754
4531,3105,,3,,2025-03-03 11:40:00,2025-03-03 15:12:00,2025-03-03 15:01:00,Completed,86954
4532,4080,,3,,2025-03-03 12:06:00,2025-03-03 15:03:00,2025-03-03 15:33:00,Completed,46588
4533,2078,,5,4488,2025-03-03 14:05:00,2025-03-03 17:30:00,2025-03-03 15:11:00,Completed,86556
4534,4004,3378,1,,2025-03-03 14:06:00,2025-03-03 17:30:00,2025-03-03 15:19:00,Completed,167556
4535,3870,3468,2,,2025-03-03 15:36:00,2025-03-04 10:24:00,2025-03-04 07:55:00,Completed,50303
4536,3558,3483,6,4463,2025-03-04 07:30:00,2025-03-04 10:41:00,2025-03-04 08:41:00,Completed,46312
4537,645,3484,4,,2025-03-04 07:38:00,2025-03-04 09:45:00,2025-03-04 08:52:00,Completed,133021
4538,4036,3435,6,,2025-03-04 08:39:00,2025-03-04 09:54:00,2025-03-04 09:16:00,Completed,17033
4539,4087,,5,,2025-03-04 08:56:00,2025-03-04 10:11:00,2025-03-04 09:27:00,Completed,167230
4540,805,3463,4,,2025-03-04 09:06:00,2025-03-04 10:21:00,2025-03-04 09:43:00,Completed,63611
4541,3576,,4,,2025-03-04 09:31:00,2025-03-05 14:54:00,2025-03-05 12:44:00,Completed,90438
4542,4089,,3,,2025-03-04 09:34:00,2025-03-04 10:49:00,2025-03-04 10:10:00,Completed,79846
4543,4088,,5,,2025-03-04 10:13:00,2025-03-04 13:43:00,2025-03-04 13:01:00,Completed,34093
4544,4082,3480,6,,2025-03-04 11:04:00,2025-03-04 13:34:00,2025-03-04 12:48:00,Completed,72065
4545,4086,,6,,2025-03-04 12:04:00,2025-03-04 14:22:00,2025-03-04 14:02:00,Completed,86528
4546,2140,3487,2,,2025-03-04 12:05:00,2025-03-05 08:38:00,2025-03-04 15:11:00,Completed,119218
4547,4048,3452,6,,2025-03-04 12:32:00,2025-03-05 09:38:00,2025-03-05 09:00:00,Completed,10779
4548,4043,3447,3,,2025-03-04 15:07:00,2025-03-05 09:22:00,2025-03-04 17:05:00,Completed,206581
4549,4000,3367,1,,2025-03-04 15:09:00,2025-03-04 16:16:00,2025-03-04 15:35:00,Completed,123500
4550,1146,3456,4,,2025-03-05 08:03:00,2025-03-05 09:18:00,2025-03-05 08:38:00,Completed,113458
4551,733,3486,6,,2025-03-05 08:09:00,2025-03-05 09:24:00,2025-03-05 08:58:00,Completed,118828
4552,4103,,4,,2025-03-05 08:14:00,2025-03-05 09:29:00,2025-03-05 08:53:00,Completed,112267
4553,738,3446,4,,2025-03-05 09:02:00,2025-03-05 11:32:00,2025-03-05 13:34:00,Completed,123578
4554,2571,3269,6,,2025-03-05 09:05:00,2025-03-05 11:35:00,2025-03-05 11:07:00,Completed,68788
4555,4101,,3,,2025-03-05 09:22:00,2025-03-07 08:14:00,2025-03-07 08:38:00,Completed,78789
4556,3935,3289,4,,2025-03-05 10:07:00,2025-03-05 14:44:00,2025-03-05 15:38:00,Completed,167215
4557,3923,3265,3,,2025-03-05 10:09:00,2025-03-05 14:54:00,2025-03-05 13:52:00,Completed,75345
4558,3706,3431,6,,2025-03-05 11:05:00,2025-03-05 13:20:00,2025-03-05 12:21:00,Completed,91954
4559,2415,,1,,2025-03-05 11:07:00,2025-03-07 12:34:00,2025-03-07 11:07:00,Completed,65745
4560,1754,3449,5,,2025-03-05 11:33:00,2025-03-05 17:30:00,2025-03-08 13:02:00,Completed,167811
4561,4105,,3,,2025-03-05 13:53:00,2025-03-06 08:08:00,2025-03-08 12:28:00,Completed,172903
4562,2665,,6,,2025-03-05 14:03:00,2025-03-05 17:30:00,2025-03-05 14:46:00,Completed,220166
4563,4107,,3,,2025-03-05 14:17:00,2025-03-07 13:04:00,2025-03-07 13:39:00,Completed,158814
4564,4102,3497,4,,2025-03-05 15:05:00,2025-03-07 09:03:00,2025-03-06 15:49:00,Completed,127066
4565,2229,3505,4,,2025-03-06 08:03:00,2025-03-06 09:18:00,2025-03-06 08:37:00,Completed,61555
4566,4027,3421,4,,2025-03-06 09:08:00,2025-03-06 10:23:00,2025-03-06 09:44:00,Completed,138824
4567,700,3294,5,,2025-03-06 09:30:00,2025-03-06 14:07:00,2025-03-06 12:11:00,Completed,148624
4568,4046,3437,6,,2025-03-06 10:00:00,2025-03-06 11:15:00,2025-03-06 10:41:00,Completed,15081
4569,4123,,4,,2025-03-06 10:09:00,2025-03-08 12:34:00,2025-03-10 12:11:00,Completed,118756
4570,13,3508,1,,2025-03-06 10:38:00,2025-03-06 12:30:00,2025-03-06 11:35:00,Completed,162239
4571,3631,3454,5,,2025-03-06 12:08:00,2025-03-06 13:15:00,2025-03-06 12:40:00,Completed,46928
4572,4083,3485,1,,2025-03-06 13:03:00,2025-03-08 12:34:00,2025-03-10 11:45:00,Completed,139664
4573,4124,,6,,2025-03-06 13:24:00,2025-03-06 14:31:00,2025-03-06 14:03:00,Completed,78562
4574,2514,3474,6,,2025-03-06 14:03:00,2025-03-06 17:30:00,2025-03-06 16:25:00,Completed,65684
4575,4119,3504,2,,2025-03-07 07:33:00,2025-03-10 12:16:00,2025-03-10 09:59:00,Completed,126367
4576,446,3496,1,,2025-03-07 08:34:00,2025-03-07 09:49:00,2025-03-07 09:07:00,Completed,118626
4577,4108,3498,5,,2025-03-07 08:34:00,2025-03-08 11:12:00,2025-03-08 10:31:00,Completed,43579
4578,3771,,6,,2025-03-07 09:02:00,2025-03-07 12:17:00,2025-03-07 10:14:00,Completed,56253
4579,4071,3473,6,,2025-03-07 09:05:00,2025-03-07 11:44:00,2025-03-07 11:33:00,Completed,166662
4580,3992,3510,6,,2025-03-07 09:07:00,2025-03-07 13:04:00,2025-03-07 13:21:00,Completed,32641
4581,4113,3494,4,,2025-03-07 09:38:00,2025-03-07 12:08:00,2025-03-07 11:13:00,Completed,42830
4582,4126,,4,,2025-03-07 09:58:00,2025-03-07 11:49:00,2025-03-07 11:26:00,Completed,44972
4583,1564,3511,1,,2025-03-07 11:00:00,2025-03-07 14:07:00,2025-03-07 11:47:00,Completed,170496
4584,3098,3501,6,,2025-03-07 12:02:00,2025-03-07 13:56:00,2025-03-07 13:48:00,Completed,49158
4585,4127,,4,,2025-03-07 12:49:00,2025-03-07 14:49:00,2025-03-07 13:42:00,Completed,196188
4586,3625,3506,6,,2025-03-08 08:03:00,2025-03-08 10:10:00,2025-03-08 09:43:00,Completed,66902
4587,3611,3471,3,,2025-03-08 08:07:00,2025-03-08 11:03:00,2025-03-08 10:19:00,Completed,52810
4588,2795,,4,,2025-03-08 09:12:00,2025-03-10 07:49:00,2025-03-08 13:42:00,Completed,155407
4589,105,3516,2,,2025-03-08 10:06:00,2025-03-08 14:00:00,2025-03-08 11:28:00,Completed,112405
4590,466,3512,1,,2025-03-08 10:07:00,2025-03-10 07:52:00,2025-03-10 07:48:00,Completed,255327
4591,3644,3513,5,,2025-03-08 10:39:00,2025-03-08 12:09:00,2025-03-08 11:27:00,Completed,109508
4592,3861,3491,5,,2025-03-08 11:06:00,2025-03-08 12:28:00,2025-03-08 11:56:00,Completed,56490
4593,3869,3529,1,,2025-03-10 07:32:00,2025-03-10 12:17:00,2025-03-10 10:03:00,Completed,77437
4594,2199,3401,4,,2025-03-10 08:03:00,2025-03-10 12:18:00,2025-03-10 12:01:00,Completed,148630
4595,2723,3478,6,,2025-03-10 08:07:00,2025-03-10 10:14:00,2025-03-10 09:27:00,Completed,47435
4596,614,3526,6,,2025-03-10 08:30:00,2025-03-10 14:52:00,2025-03-10 14:23:00,Completed,247585
4597,4122,3500,1,,2025-03-10 08:39:00,2025-03-10 12:16:00,2025-03-10 10:58:00,Completed,153493
4598,4130,3520,5,,2025-03-10 10:09:00,2025-03-10 13:54:00,2025-03-10 11:57:00,Completed,39051
4599,3678,,5,,2025-03-10 10:40:00,2025-03-10 15:43:00,2025-03-10 15:05:00,Completed,77284
4600,2598,3509,6,,2025-03-10 11:05:00,2025-03-10 16:15:00,2025-03-11 07:42:00,Completed,96718
4601,4135,,6,,2025-03-10 11:06:00,2025-03-11 08:00:00,2025-03-11 07:59:00,Completed,51828
4602,3298,,3,,2025-03-10 11:19:00,2025-03-10 12:34:00,2025-03-10 11:56:00,Completed,71931
4603,932,,3,,2025-03-10 13:13:00,2025-03-10 16:43:00,2025-03-10 15:35:00,Completed,99070
4604,4133,3533,5,,2025-03-10 13:37:00,2025-03-10 15:02:00,2025-03-10 14:25:00,Completed,103997
4605,3848,3492,2,,2025-03-11 07:31:00,2025-03-11 12:01:00,2025-03-11 12:49:00,Completed,79641
4606,4134,3525,6,,2025-03-11 07:32:00,2025-03-11 08:47:00,2025-03-11 08:09:00,Completed,140915
4607,3014,3532,1,,2025-03-11 09:02:00,2025-03-12 17:30:00,2025-03-12 14:57:00,Completed,112077
4608,3113,3522,6,,2025-03-11 09:32:00,2025-03-11 14:02:00,2025-03-11 12:00:00,Completed,39033
4609,4145,,6,,2025-03-11 09:44:00,2025-03-11 14:31:00,2025-03-11 14:00:00,Completed,147875
4610,4144,,4,,2025-03-11 09:54:00,2025-03-11 11:31:00,2025-03-11 10:44:00,Completed,262754
4611,2948,3531,5,,2025-03-11 10:08:00,2025-03-11 12:08:00,2025-03-11 11:31:00,Completed,117628
4612,3719,,2,,2025-03-11 11:13:00,2025-03-13 11:16:00,2025-03-13 07:38:00,Completed,191300
4613,3271,,1,,2025-03-11 12:15:00,2025-03-11 16:30:00,2025-03-11 15:13:00,Completed,177590
4614,883,3514,5,,2025-03-11 12:32:00,2025-03-11 17:30:00,2025-03-14 11:30:00,Completed,272839
4615,4140,3542,3,,2025-03-11 12:35:00,2025-03-11 16:08:00,2025-03-11 15:34:00,Completed,48177
4616,4152,,3,,2025-03-11 13:03:00,2025-03-12 08:12:00,2025-03-12 10:18:00,Completed,66797
4617,3205,3548,4,,2025-03-12 07:32:00,2025-03-12 12:09:00,2025-03-12 12:48:00,Completed,166543
4618,3999,3499,6,,2025-03-12 08:03:00,2025-03-12 10:40:00,2025-03-12 09:52:00,Completed,94663
4619,1486,3466,3,,2025-03-12 08:04:00,2025-03-12 12:49:00,2025-03-12 10:23:00,Completed,180424
4620,3103,,6,,2025-03-12 09:58:00,2025-03-12 11:13:00,2025-03-12 10:28:00,Completed,108063
4621,3953,3546,1,,2025-03-12 10:08:00,2025-03-12 11:30:00,2025-03-12 10:34:00,Completed,111162
4622,3826,3549,2,,2025-03-12 10:37:00,2025-03-12 14:07:00,2025-03-12 14:34:00,Completed,83752
4623,4155,,3,,2025-03-12 10:39:00,2025-03-12 16:24:00,2025-03-12 14:30:00,Completed,68624
4624,3013,,1,,2025-03-12 10:55:00,2025-03-17 17:30:00,2025-03-18 14:38:00,Completed,96789
4625,4154,,6,,2025-03-12 13:09:00,2025-03-15 14:00:00,2025-03-15 12:14:00,Completed,51958
4626,4049,3448,2,,2025-03-12 13:30:00,2025-03-13 13:00:00,2025-03-18 13:38:00,Completed,56099
4627,1953,3552,4,,2025-03-12 15:32:00,2025-03-17 15:06:00,2025-03-19 13:30:00,Completed,165109
4628,4177,3567,6,,2025-03-13 07:30:00,2025-03-13 09:30:00,2025-03-13 08:59:00,Completed,39028
4629,2270,3361,4,,2025-03-13 08:04:00,2025-03-13 10:34:00,2025-03-13 09:24:00,Completed,102002
4630,3618,3457,4,,2025-03-13 09:02:00,2025-03-13 12:25:00,2025-03-13 11:23:00,Completed,36900
4631,4176,,6,,2025-03-13 09:20:00,2025-03-13 11:38:00,2025-03-13 10:36:00,Completed,50826
4632,4173,,4,,2025-03-13 09:21:00,2025-03-13 12:41:00,2025-03-13 12:36:00,Completed,96702
4633,1563,,1,,2025-03-13 09:30:00,2025-03-13 14:15:00,2025-03-13 11:56:00,Completed,81971
4634,3988,3519,6,,2025-03-13 09:39:00,2025-03-13 12:33:00,2025-03-13 12:39:00,Completed,92811
4635,4178,,6,,2025-03-13 09:45:00,2025-03-13 13:59:00,2025-03-13 12:42:00,Completed,103204
4636,3073,,2,,2025-03-13 10:51:00,2025-03-14 12:04:00,2025-03-14 08:57:00,Completed,217190
4637,3944,3355,3,,2025-03-13 12:30:00,2025-03-13 14:00:00,2025-03-13 13:06:00,Completed,233762
4638,3088,3565,3,,2025-03-13 12:33:00,2025-03-13 17:30:00,2025-03-13 15:11:00,Completed,52125
4639,3466,3566,3,,2025-03-13 13:36:00,2025-03-14 07:56:00,2025-03-14 10:14:00,Completed,142053
4640,4099,3489,4,,2025-03-13 14:38:00,2025-03-13 17:30:00,2025-03-13 16:08:00,Completed,105529
4641,3822,3553,3,,2025-03-13 15:30:00,2025-03-14 09:27:00,2025-03-14 11:48:00,Completed,102695
4642,3531,3554,5,,2025-03-14 07:38:00,2025-03-14 11:11:00,2025-03-14 09:42:00,Completed,137587
4643,4090,3535,2,,2025-03-14 08:07:00,2025-03-14 13:52:00,2025-03-14 11:44:00,Completed,131421
4644,4157,3559,1,,2025-03-14 08:37:00,2025-03-14 14:22:00,2025-03-14 12:59:00,Completed,61874
4645,4185,,6,,2025-03-14 08:38:00,2025-03-14 11:38:00,2025-03-14 09:51:00,Completed,74343
4646,4084,3479,1,,2025-03-14 10:04:00,2025-03-14 14:13:00,2025-03-14 13:22:00,Completed,88945
4647,4107,,4,4563,2025-03-14 10:14:00,2025-03-14 13:14:00,2025-03-14 11:08:00,Completed,159101
4648,4186,,5,,2025-03-14 10:38:00,2025-03-14 13:23:00,2025-03-14 12:37:00,Completed,81154
4649,4187,,6,,2025-03-14 11:52:00,2025-03-14 13:07:00,2025-03-14 12:23:00,Completed,102104
4650,3593,3530,3,,2025-03-14 13:08:00,2025-03-14 15:23:00,2025-03-14 14:27:00,Completed,181036
4651,4184,,6,,2025-03-14 14:39:00,2025-03-14 15:54:00,2025-03-14 15:15:00,Completed,94757
4652,1373,3576,3,,2025-03-15 08:08:00,2025-03-15 12:23:00,2025-03-15 11:23:00,Completed,45628
4653,747,3569,6,,2025-03-15 08:32:00,2025-03-15 09:47:00,2025-03-15 09:05:00,Completed,104936
4654,2988,,3,,2025-03-15 09:08:00,2025-03-15 12:36:00,2025-03-15 11:56:00,Completed,200469
4655,3938,,6,,2025-03-15 09:31:00,2025-03-15 12:16:00,2025-03-15 12:24:00,Completed,101175
4656,3954,3580,4,,2025-03-15 10:07:00,2025-03-17 08:25:00,2025-03-15 12:44:00,Completed,136281
4657,3871,3578,5,,2025-03-15 11:06:00,2025-03-17 10:28:00,2025-03-18 13:40:00,Completed,166223
4658,105,3591,2,4589,2025-03-17 07:36:00,2025-03-17 10:13:00,2025-03-17 08:19:00,Completed,112793
4659,4131,3524,4,,2025-03-17 08:00:00,2025-03-17 15:00:00,2025-03-17 15:56:00,Completed,145468
4660,1735,3442,3,,2025-03-17 08:02:00,2025-03-17 09:17:00,2025-03-17 08:29:00,Completed,245783
4661,3646,3540,1,,2025-03-17 08:26:00,2025-03-19 12:34:00,2025-03-21 11:31:00,Completed,34683
4662,4158,3560,3,,2025-03-17 08:50:00,2025-03-19 09:20:00,2025-03-19 07:56:00,Completed,121982
4663,1755,3595,6,,2025-03-17 09:00:00,2025-03-17 11:30:00,2025-03-17 10:38:00,Completed,92783
4664,3655,,6,,2025-03-17 10:03:00,2025-03-17 11:51:00,2025-03-17 11:15:00,Completed,50989
4665,3490,,6,,2025-03-17 10:26:00,2025-03-17 14:12:00,2025-03-17 13:49:00,Completed,105373
4666,3022,,6,,2025-03-17 10:47:00,2025-03-17 15:04:00,2025-03-17 15:33:00,Completed,102036
4667,3415,3518,6,,2025-03-17 13:00:00,2025-03-18 08:37:00,2025-03-19 12:31:00,Completed,127570
4668,2465,3600,6,,2025-03-17 13:32:00,2025-03-18 08:45:00,2025-03-18 09:08:00,Completed,174403
4669,4199,,5,,2025-03-17 13:58:00,2025-03-17 16:43:00,2025-03-17 14:56:00,Completed,130211
4670,107,,3,,2025-03-17 14:06:00,2025-03-17 15:36:00,2025-03-17 14:46:00,Completed,221757
4671,1783,3606,1,,2025-03-18 08:04:00,2025-03-18 09:26:00,2025-03-18 08:29:00,Completed,34174
4672,3275,3588,6,,2025-03-18 09:09:00,2025-03-18 11:09:00,2025-03-18 10:26:00,Completed,138017
4673,1004,,4,,2025-03-18 09:51:00,2025-03-18 14:06:00,2025-03-18 12:46:00,Completed,209123
4674,2873,3599,5,,2025-03-18 10:09:00,2025-03-18 14:54:00,2025-03-18 13:41:00,Completed,125449
4675,4206,,5,,2025-03-18 10:09:00,2025-03-18 12:41:00,2025-03-18 13:11:00,Completed,239796
4676,3898,3568,1,,2025-03-18 10:33:00,2025-03-18 15:03:00,2025-03-18 12:18:00,Completed,149646
4677,3793,,3,,2025-03-18 11:05:00,2025-03-18 12:27:00,2025-03-18 11:42:00,Completed,91971
4678,4202,,4,,2025-03-18 11:31:00,2025-03-18 16:38:00,2025-03-18 14:59:00,Completed,159835
4679,4000,,6,,2025-03-18 12:15:00,2025-03-18 14:45:00,2025-03-18 16:07:00,Completed,124006
4680,2918,3598,5,,2025-03-18 13:31:00,2025-03-19 07:46:00,2025-03-18 15:45:00,Completed,67938
4681,4087,3593,3,,2025-03-18 14:39:00,2025-03-19 09:09:00,2025-03-19 08:36:00,Completed,167649
4682,1945,3574,6,,2025-03-19 07:35:00,2025-03-19 10:12:00,2025-03-19 09:45:00,Completed,197708
4683,3890,3594,4,,2025-03-19 07:39:00,2025-03-19 12:24:00,2025-03-19 11:17:00,Completed,182325
4684,4167,3561,4,,2025-03-19 08:39:00,2025-03-19 10:29:00,2025-03-19 10:26:00,Completed,102185
4685,4215,,5,,2025-03-19 08:59:00,2025-03-19 13:14:00,2025-03-19 13:23:00,Completed,159715
4686,3200,3607,5,,2025-03-19 09:07:00,2025-03-19 14:36:00,2025-03-19 13:36:00,Completed,169874
4687,4213,,1,,2025-03-19 09:15:00,2025-03-19 14:00:00,2025-03-19 11:53:00,Completed,49645
4688,3588,3603,2,,2025-03-19 09:32:00,2025-03-19 13:47:00,2025-03-19 11:58:00,Completed,96454
4689,4219,3614,4,,2025-03-19 10:35:00,2025-03-19 11:42:00,2025-03-19 11:08:00,Completed,60372
4690,3591,3586,3,,2025-03-19 10:37:00,2025-03-19 12:29:00,2025-03-19 11:45:00,Completed,31474
4691,4192,3587,5,,2025-03-19 11:08:00,2025-03-19 13:38:00,2025-03-19 13:46:00,Completed,201158
4692,4182,3571,6,,2025-03-19 11:09:00,2025-03-19 12:24:00,2025-03-19 11:42:00,Completed,183502
4693,3285,3502,5,,2025-03-19 11:33:00,2025-03-19 14:31:00,2025-03-19 14:31:00,Completed,63971
4694,4216,,2,,2025-03-19 11:40:00,2025-03-19 15:10:00,2025-03-19 13:11:00,Completed,100832
4695,4217,,6,,2025-03-19 11:43:00,2025-03-19 12:58:00,2025-03-19 12:34:00,Completed,131922
4696,4214,3618,3,,2025-03-19 12:32:00,2025-03-19 13:47:00,2025-03-19 13:01:00,Completed,51318
4697,4212,,3,,2025-03-19 13:14:00,2025-03-21 12:34:00,2025-03-21 12:17:00,Completed,70885
4698,4211,,3,,2025-03-19 13:29:00,2025-03-19 16:37:00,2025-03-19 16:51:00,Completed,114256
4699,4190,3579,2,,2025-03-19 14:35:00,2025-03-20 08:27:00,2025-03-19 16:05:00,Completed,90321
4700,4163,3550,3,,2025-03-19 15:08:00,2025-03-20 08:28:00,2025-03-20 08:16:00,Completed,89251
4701,4195,3592,5,,2025-03-20 08:30:00,2025-03-22 12:52:00,2025-03-22 13:53:00,Completed,6817
4702,3883,3619,4,,2025-03-20 09:03:00,2025-03-20 10:21:00,2025-03-20 09:34:00,Completed,81580
4703,3957,3577,6,,2025-03-20 09:33:00,2025-03-20 11:03:00,2025-03-20 10:08:00,Completed,160230
4704,4227,3624,1,,2025-03-20 09:39:00,2025-03-20 15:24:00,2025-03-20 15:51:00,Completed,179552
4705,4136,3539,6,,2025-03-20 10:02:00,2025-03-20 12:17:00,2025-03-20 11:26:00,Completed,21001
4706,4170,3562,6,,2025-03-20 10:02:00,2025-03-20 13:39:00,2025-03-20 12:11:00,Completed,97680
4707,4225,,3,,2025-03-20 10:12:00,2025-03-21 07:34:00,2025-03-20 17:15:00,Completed,223612
4708,3505,,4,,2025-03-20 10:21:00,2025-03-20 11:36:00,2025-03-20 10:52:00,Completed,105889
4709,4220,3620,3,,2025-03-20 11:02:00,2025-03-20 14:10:00,2025-03-20 14:50:00,Completed,34876
4710,3061,3610,6,,2025-03-20 13:07:00,2025-03-20 14:22:00,2025-03-20 13:44:00,Completed,160188
4711,4224,,6,,2025-03-20 14:30:00,2025-03-20 15:45:00,2025-03-20 15:02:00,Completed,56984
4712,4137,3534,6,,2025-03-21 08:00:00,2025-03-21 09:15:00,2025-03-21 08:39:00,Completed,39931
4713,4193,3581,1,,2025-03-21 09:39:00,2025-03-21 10:54:00,2025-03-21 10:03:00,Completed,171167
4714,2521,3418,1,,2025-03-21 09:39:00,2025-03-21 17:30:00,2025-03-21 16:49:00,Completed,138231
4715,4235,,3,,2025-03-21 10:13:00,2025-03-21 15:50:00,2025-03-24 13:21:00,Completed,45521
4716,4240,,4,,2025-03-21 10:52:00,2025-03-21 13:29:00,2025-03-21 12:13:00,Completed,91645
4717,3077,,6,,2025-03-21 11:02:00,2025-03-21 12:17:00,2025-03-21 11:30:00,Completed,132985
4718,4239,,1,,2025-03-21 11:14:00,2025-03-21 14:40:00,2025-03-21 13:15:00,Completed,164098
4719,4242,,5,,2025-03-21 11:25:00,2025-03-21 14:10:00,2025-03-21 16:06:00,Completed,82485
4720,4241,,3,,2025-03-21 11:53:00,2025-03-21 16:00:00,2025-03-21 13:59:00,Completed,151788
4721,4233,,4,,2025-03-21 12:33:00,2025-03-21 13:48:00,2025-03-21 13:18:00,Completed,43229
4722,4238,,2,,2025-03-21 12:46:00,2025-03-24 12:34:00,2025-03-27 13:04:00,Completed,172821
4723,4011,3388,4,,2025-03-21 13:09:00,2025-03-24 12:41:00,2025-03-24 11:42:00,Completed,73375
4724,4236,3633,5,,2025-03-21 13:33:00,2025-03-21 17:30:00,2025-03-21 15:06:00,Completed,58874
4725,4234,,3,,2025-03-21 13:52:00,2025-03-21 17:30:00,2025-03-21 15:01:00,Completed,88562
4726,4072,3472,6,,2025-03-21 14:31:00,2025-03-21 17:30:00,2025-03-21 16:31:00,Completed,183562
4727,1571,3590,4,,2025-03-21 15:00:00,2025-03-22 09:45:00,2025-03-21 16:54:00,Completed,172729
4728,4129,,5,,2025-03-22 10:26:00,2025-03-22 11:41:00,2025-03-22 10:57:00,Completed,26430
4729,3783,3545,5,,2025-03-22 10:35:00,2025-03-26 09:34:00,2025-03-25 16:38:00,Completed,260632
4730,3753,3601,4,,2025-03-22 10:38:00,2025-03-24 08:23:00,2025-03-24 08:53:00,Completed,94122
4731,2900,,3,,2025-03-22 11:44:00,2025-03-22 14:00:00,2025-03-22 12:54:00,Completed,118578
4732,4245,,6,,2025-03-22 12:03:00,2025-03-24 07:51:00,2025-03-22 13:46:00,Completed,102789
4733,3321,3647,6,,2025-03-24 07:36:00,2025-03-24 11:06:00,2025-03-24 10:36:00,Completed,92152
4734,4142,3640,6,,2025-03-24 08:02:00,2025-03-24 10:33:00,2025-03-24 10:16:00,Completed,148680
4735,250,3616,6,,2025-03-24 08:07:00,2025-03-24 10:33:00,2025-03-24 10:44:00,Completed,183448
4736,3369,3645,3,,2025-03-24 08:20:00,2025-03-24 11:50:00,2025-03-24 09:48:00,Completed,214643
4737,2590,3638,3,,2025-03-24 08:36:00,2025-03-25 10:07:00,2025-03-25 08:30:00,Completed,60119
4738,4228,3626,6,,2025-03-24 08:38:00,2025-03-24 13:00:00,2025-03-24 12:08:00,Completed,106706
4739,4249,,3,,2025-03-24 08:59:00,2025-03-24 11:35:00,2025-03-24 10:59:00,Completed,21634
4740,2229,3622,4,,2025-03-24 09:04:00,2025-03-24 14:34:00,2025-03-24 11:59:00,Completed,62506
4741,3176,3635,6,,2025-03-24 09:04:00,2025-03-24 11:55:00,2025-03-24 12:29:00,Completed,78016
4742,2512,3644,2,,2025-03-24 09:33:00,2025-03-24 13:48:00,2025-03-24 11:37:00,Completed,125341
4743,4169,,6,,2025-03-24 09:53:00,2025-03-24 12:40:00,2025-03-24 13:03:00,Completed,175986
4744,2726,3637,3,,2025-03-24 10:07:00,2025-03-24 13:57:00,2025-03-24 11:55:00,Completed,33770
4745,4247,3651,4,,2025-03-24 10:08:00,2025-03-24 12:20:00,2025-03-24 12:13:00,Completed,24878
4746,723,,6,,2025-03-24 11:23:00,2025-03-24 16:29:00,2025-03-25 08:07:00,Completed,141765
4747,2320,,4,,2025-03-24 12:08:00,2025-03-26 13:39:00,2025-03-26 12:24:00,Completed,66820
4748,2268,,4,,2025-03-24 12:54:00,2025-03-24 14:09:00,2025-03-24 13:19:00,Completed,107130
4749,4250,,2,,2025-03-24 13:23:00,2025-03-24 14:38:00,2025-03-24 14:02:00,Completed,90785
4750,3263,3649,2,,2025-03-24 13:31:00,2025-03-25 07:55:00,2025-03-24 16:57:00,Completed,54552
4751,2284,3652,2,,2025-03-25 08:02:00,2025-03-25 09:17:00,2025-03-25 08:27:00,Completed,34161
4752,1465,3445,6,,2025-03-25 09:05:00,2025-03-25 10:27:00,2025-03-25 09:49:00,Completed,92521
4753,4172,3564,4,,2025-03-25 09:07:00,2025-03-25 13:37:00,2025-03-25 12:21:00,Completed,95075
4754,75,,3,,2025-03-25 09:21:00,2025-03-25 12:36:00,2025-03-25 13:37:00,Completed,232473
4755,4221,3623,3,,2025-03-25 09:21:00,2025-03-26 13:28:00,2025-03-27 13:03:00,Completed,82413
4756,630,3551,5,,2025-03-25 10:00:00,2025-03-27 12:34:00,2025-03-27 13:08:00,Completed,194440
4757,3760,,2,,2025-03-25 12:30:00,2025-03-25 16:45:00,2025-03-27 12:15:00,Completed,44770
4758,2808,3611,6,,2025-03-25 13:08:00,2025-03-25 15:38:00,2025-03-25 15:08:00,Completed,193102
4759,3801,3643,5,,2025-03-25 13:34:00,2025-03-25 14:49:00,2025-03-25 14:13:00,Completed,105287
4760,3040,,4,,2025-03-25 13:48:00,2025-03-25 17:30:00,2025-03-25 16:06:00,Completed,65589
4761,3808,3613,5,,2025-03-25 14:04:00,2025-03-26 09:11:00,2025-03-26 07:35:00,Completed,69622
4762,3718,3657,3,,2025-03-25 14:32:00,2025-03-25 17:30:00,2025-03-25 16:24:00,Completed,252688
4763,3509,3675,6,,2025-03-26 07:34:00,2025-03-26 09:56:00,2025-03-26 09:16:00,Completed,117077
4764,214,3597,4,,2025-03-26 08:01:00,2025-03-26 13:08:00,2025-04-01 12:29:00,Completed,123371
4765,4113,3653,3,,2025-03-26 08:08:00,2025-03-26 09:23:00,2025-03-26 08:43:00,Completed,44145
4766,4256,3676,5,,2025-03-26 08:23:00,2025-03-26 09:38:00,2025-03-26 09:14:00,Completed,259525
4767,4244,3631,2,,2025-03-26 08:31:00,2025-03-27 09:05:00,2025-03-27 09:30:00,Completed,254448
4768,4251,3660,5,,2025-03-26 08:34:00,2025-03-26 10:00:00,2025-03-26 09:34:00,Completed,54570
4769,2046,3639,6,,2025-03-26 10:00:00,2025-03-26 14:45:00,2025-03-26 15:09:00,Completed,87655
4770,2266,3621,3,,2025-03-26 10:07:00,2025-03-26 12:52:00,2025-03-26 11:02:00,Completed,330017
4771,4258,,4,,2025-03-26 10:14:00,2025-03-26 15:02:00,2025-03-26 14:25:00,Completed,255714
4772,108,3661,5,,2025-03-26 10:26:00,2025-03-26 13:56:00,2025-03-26 11:55:00,Completed,196057
4773,4223,3617,6,,2025-03-26 10:38:00,2025-03-26 17:30:00,2025-03-26 16:10:00,Completed,64646
4774,3583,,5,,2025-03-26 10:50:00,2025-03-26 13:15:00,2025-03-26 12:39:00,Completed,74499
4775,3678,,3,4599,2025-03-26 10:55:00,2025-03-26 13:43:00,2025-03-26 11:49:00,Completed,78030
4776,4257,3674,5,,2025-03-26 13:35:00,2025-03-26 17:30:00,2025-03-26 14:46:00,Completed,24006
4777,3989,3596,2,,2025-03-26 15:09:00,2025-03-29 12:42:00,2025-03-31 12:31:00,Completed,58983
4778,4209,3612,4,,2025-03-27 07:36:00,2025-03-27 09:58:00,2025-03-27 09:14:00,Completed,58884
4779,4255,3665,6,,2025-03-27 08:04:00,2025-03-27 09:19:00,2025-03-27 08:36:00,Completed,114515
4780,4229,3630,6,,2025-03-27 08:07:00,2025-03-27 10:02:00,2025-03-27 09:32:00,Completed,30881
4781,4260,3682,6,,2025-03-27 08:16:00,2025-03-27 10:59:00,2025-03-27 10:51:00,Completed,68498
4782,4269,,5,,2025-03-27 08:29:00,2025-03-27 10:14:00,2025-03-27 09:29:00,Completed,75545
4783,1587,3664,3,,2025-03-27 08:36:00,2025-03-27 13:06:00,2025-03-27 11:08:00,Completed,132380
4784,1752,,3,,2025-03-27 08:48:00,2025-03-27 12:30:00,2025-03-27 13:17:00,Completed,99057
4785,4265,,4,,2025-03-27 09:17:00,2025-03-27 13:32:00,2025-03-27 14:49:00,Completed,65062
4786,3058,3669,6,,2025-03-27 09:39:00,2025-03-27 11:32:00,2025-03-27 11:29:00,Completed,73538
4787,2289,,3,,2025-03-27 10:01:00,2025-03-28 15:57:00,2025-03-29 12:52:00,Completed,136419
4788,4253,3667,4,,2025-03-27 10:03:00,2025-03-27 15:38:00,2025-03-27 13:15:00,Completed,98142
4789,2026,3584,3,,2025-03-27 10:07:00,2025-03-27 15:01:00,2025-03-27 14:16:00,Completed,80888
4790,4270,,3,,2025-03-27 10:09:00,2025-03-27 13:06:00,2025-03-27 13:45:00,Completed,111097
4791,4051,3453,6,,2025-03-27 10:30:00,2025-03-27 12:33:00,2025-03-27 12:08:00,Completed,40037
4792,4266,,2,,2025-03-27 10:46:00,2025-03-27 12:01:00,2025-03-27 11:30:00,Completed,142083
4793,4264,,5,,2025-03-27 11:07:00,2025-03-27 15:52:00,2025-03-29 13:42:00,Completed,117350
4794,4246,3641,4,,2025-03-27 11:30:00,2025-03-27 15:00:00,2025-03-27 14:31:00,Completed,134574
4795,4268,3684,5,,2025-03-27 13:39:00,2025-03-27 15:24:00,2025-03-27 14:46:00,Completed,137346
4796,2353,3451,5,,2025-03-27 15:09:00,2025-03-28 09:24:00,2025-03-29 12:02:00,Completed,126836
4797,2798,3615,6,,2025-03-28 08:01:00,2025-03-28 10:38:00,2025-03-28 08:52:00,Completed,111770
4798,4271,3689,6,,2025-03-28 08:03:00,2025-03-28 10:08:00,2025-03-28 09:26:00,Completed,85981
4799,4282,,3,,2025-03-28 08:08:00,2025-03-28 09:38:00,2025-03-28 08:39:00,Completed,168416
4800,3396,3666,1,,2025-03-28 08:30:00,2025-03-28 13:37:00,2025-03-28 11:18:00,Completed,64148
4801,3245,3632,3,,2025-03-28 08:37:00,2025-03-28 09:59:00,2025-03-28 09:24:00,Completed,85120
4802,4284,3694,4,,2025-03-28 09:09:00,2025-03-28 11:39:00,2025-03-28 10:49:00,Completed,107360
4803,4100,3493,5,,2025-03-28 09:38:00,2025-03-28 10:53:00,2025-03-28 10:27:00,Completed,103144
4804,4285,3697,6,,2025-03-28 10:00:00,2025-03-28 11:15:00,2025-03-28 10:54:00,Completed,68445
4805,4252,3655,5,,2025-03-28 10:32:00,2025-03-28 14:05:00,2025-03-28 11:49:00,Completed,90150
4806,3460,3634,2,,2025-03-28 11:05:00,2025-03-28 14:20:00,2025-03-28 14:11:00,Completed,94877
4807,4194,3583,3,,2025-03-28 12:02:00,2025-03-28 14:39:00,2025-03-28 13:31:00,Completed,113681
4808,4286,,6,,2025-03-28 12:11:00,2025-03-28 13:41:00,2025-03-28 13:07:00,Completed,56093
4809,545,3663,1,,2025-03-29 08:06:00,2025-03-31 08:36:00,2025-03-29 12:16:00,Completed,144555
4810,372,3683,5,,2025-03-29 08:09:00,2025-03-31 07:31:00,2025-03-29 11:23:00,Completed,183648
4811,2182,3679,2,,2025-03-29 08:37:00,2025-03-29 11:37:00,2025-03-29 09:08:00,Completed,127598
4812,2583,,3,,2025-03-29 09:08:00,2025-03-29 10:23:00,2025-03-29 09:35:00,Completed,112534
4813,3889,3503,2,,2025-03-29 09:08:00,2025-03-29 14:00:00,2025-04-02 12:02:00,Completed,107710
4814,4073,3476,6,,2025-03-29 10:02:00,2025-04-01 12:19:00,2025-04-01 09:40:00,Completed,48590
4815,3787,3687,4,,2025-03-29 10:06:00,2025-04-03 17:30:00,2025-04-05 08:49:00,Completed,69981
4816,4050,3570,3,,2025-03-29 10:39:00,2025-04-01 14:26:00,2025-04-01 12:38:00,Completed,70707
4817,4135,,6,,2025-03-29 11:38:00,2025-03-29 12:53:00,2025-03-29 12:17:00,Completed,52342
4818,2890,3455,1,,2025-03-29 11:39:00,2025-03-31 08:39:00,2025-03-29 12:49:00,Completed,88606
4819,3948,3714,5,,2025-03-31 07:31:00,2025-03-31 08:46:00,2025-03-31 08:02:00,Completed,234574
4820,4248,3648,6,,2025-03-31 07:38:00,2025-03-31 11:30:00,2025-03-31 09:41:00,Completed,102349
4821,3907,3673,5,,2025-03-31 08:08:00,2025-03-31 11:38:00,2025-03-31 11:22:00,Completed,119797
4822,3856,3699,5,,2025-03-31 08:09:00,2025-04-02 07:31:00,2025-04-02 08:01:00,Completed,279271
4823,2719,3724,1,,2025-03-31 08:19:00,2025-04-01 13:58:00,2025-04-01 11:03:00,Completed,183497
4824,4093,3656,5,,2025-03-31 08:35:00,2025-03-31 13:35:00,2025-03-31 15:57:00,Completed,79878
4825,1262,,5,,2025-03-31 08:45:00,2025-03-31 16:10:00,2025-03-31 16:49:00,Completed,258356
4826,1621,3662,6,,2025-03-31 09:04:00,2025-03-31 11:31:00,2025-03-31 11:16:00,Completed,156089
4827,3336,3716,2,,2025-03-31 09:38:00,2025-03-31 13:38:00,2025-03-31 12:15:00,Completed,76199
4828,3699,3658,4,,2025-03-31 09:39:00,2025-03-31 16:45:00,2025-04-01 08:46:00,Completed,79713
4829,2966,3646,4,,2025-03-31 10:04:00,2025-03-31 14:55:00,2025-04-01 07:49:00,Completed,70210
4830,172,,4,,2025-03-31 10:25:00,2025-04-01 07:34:00,2025-04-01 12:48:00,Completed,241788
4831,1211,3709,6,,2025-03-31 11:00:00,2025-03-31 14:01:00,2025-03-31 13:43:00,Completed,157159
4832,2663,,2,,2025-03-31 11:28:00,2025-03-31 17:30:00,2025-03-31 16:03:00,Completed,207138
4833,177,,6,,2025-03-31 13:12:00,2025-03-31 16:33:00,2025-03-31 15:04:00,Completed,321036
4834,4298,3715,6,,2025-03-31 13:31:00,2025-03-31 15:52:00,2025-03-31 15:34:00,Completed,52627
4835,4230,3627,2,,2025-04-01 08:04:00,2025-04-01 10:04:00,2025-04-01 08:55:00,Completed,96513
4836,4278,3693,6,,2025-04-01 08:09:00,2025-04-01 11:24:00,2025-04-01 09:33:00,Completed,56878
4837,1821,3700,1,,2025-04-01 08:31:00,2025-04-02 07:31:00,2025-04-01 14:07:00,Completed,155523
4838,4310,,5,,2025-04-01 09:00:00,2025-04-01 10:07:00,2025-04-01 09:31:00,Completed,159911
4839,2502,3723,6,,2025-04-01 09:06:00,2025-04-01 10:47:00,2025-04-01 10:26:00,Completed,88148
4840,2796,,4,,2025-04-01 09:34:00,2025-04-01 13:49:00,2025-04-01 13:29:00,Completed,63993
4841,3114,3721,6,,2025-04-01 09:39:00,2025-04-01 11:53:00,2025-04-01 11:31:00,Completed,137985
4842,4309,3737,6,,2025-04-01 10:06:00,2025-04-01 12:06:00,2025-04-01 12:03:00,Completed,123687
4843,4210,3609,4,,2025-04-01 10:07:00,2025-04-01 14:18:00,2025-04-01 12:45:00,Completed,1037
4844,4311,,4,,2025-04-01 10:34:00,2025-04-01 12:55:00,2025-04-01 12:51:00,Completed,45291
4845,4312,3740,5,,2025-04-01 10:38:00,2025-04-01 17:30:00,2025-04-01 14:42:00,Completed,117537
4846,3561,,2,,2025-04-01 11:05:00,2025-04-01 14:35:00,2025-04-01 12:21:00,Completed,209778
4847,2305,3629,1,,2025-04-01 11:07:00,2025-04-02 13:56:00,2025-04-02 10:06:00,Completed,98390
4848,1420,3688,5,,2025-04-01 11:35:00,2025-04-01 17:30:00,2025-04-03 12:41:00,Completed,112602
4849,3803,3729,6,,2025-04-01 15:06:00,2025-04-01 16:21:00,2025-04-01 15:48:00,Completed,125453
4850,4128,3517,4,,2025-04-02 07:38:00,2025-04-02 08:53:00,2025-04-02 08:24:00,Completed,103594
4851,4303,3728,4,,2025-04-02 08:08:00,2025-04-02 09:23:00,2025-04-02 08:45:00,Completed,93416
4852,1809,,3,,2025-04-02 08:52:00,2025-04-04 11:05:00,2025-04-04 12:36:00,Completed,158740
4853,4322,,4,,2025-04-02 09:00:00,2025-04-04 12:34:00,2025-04-05 12:17:00,Completed,74747
4854,1107,3744,1,,2025-04-02 09:08:00,2025-04-02 12:41:00,2025-04-02 10:44:00,Completed,58951
4855,3088,3681,6,,2025-04-02 10:34:00,2025-04-02 12:19:00,2025-04-02 11:21:00,Completed,53471
4856,4326,,6,,2025-04-02 11:28:00,2025-04-03 07:35:00,2025-04-03 08:15:00,Completed,92430
4857,4324,,5,,2025-04-02 12:05:00,2025-04-02 13:50:00,2025-04-02 13:02:00,Completed,113387
4858,446,3685,4,,2025-04-02 12:31:00,2025-04-02 15:01:00,2025-04-02 13:45:00,Completed,120261
4859,3690,3735,5,,2025-04-02 14:32:00,2025-04-03 08:47:00,2025-04-04 13:05:00,Completed,92503
4860,2692,3706,2,,2025-04-02 15:09:00,2025-04-03 08:24:00,2025-04-02 16:15:00,Completed,76806
4861,2325,3722,5,,2025-04-03 08:06:00,2025-04-05 12:34:00,2025-04-07 12:31:00,Completed,99885
4862,567,,4,,2025-04-03 09:49:00,2025-04-03 11:49:00,2025-04-03 10:52:00,Completed,244477
4863,1807,,3,,2025-04-03 09:55:00,2025-04-03 11:10:00,2025-04-03 10:33:00,Completed,147705
4864,2381,3746,6,,2025-04-03 10:02:00,2025-04-03 12:02:00,2025-04-03 11:12:00,Completed,80847
4865,908,3712,6,,2025-04-03 10:09:00,2025-04-05 12:34:00,2025-04-05 11:23:00,Completed,128761
4866,3553,3754,5,,2025-04-03 10:30:00,2025-04-03 13:07:00,2025-04-03 12:17:00,Completed,112348
4867,2657,3698,1,,2025-04-03 10:34:00,2025-04-03 14:49:00,2025-04-03 15:10:00,Completed,132986
4868,2077,,2,,2025-04-03 10:36:00,2025-04-03 13:24:00,2025-04-03 12:04:00,Completed,119136
4869,3285,3702,3,,2025-04-03 10:37:00,2025-04-03 11:52:00,2025-04-03 11:08:00,Completed,64625
4870,2256,3719,6,,2025-04-03 11:01:00,2025-04-03 14:13:00,2025-04-03 14:53:00,Completed,110177
4871,3613,,4,,2025-04-03 11:19:00,2025-04-03 15:19:00,2025-04-03 14:56:00,Completed,97373
4872,4156,,5,,2025-04-03 12:37:00,2025-04-04 08:07:00,2025-04-03 15:53:00,Completed,77571
4873,2281,,5,,2025-04-03 13:10:00,2025-04-04 09:04:00,2025-04-04 08:09:00,Completed,202389
4874,450,3751,6,,2025-04-04 07:30:00,2025-04-04 08:52:00,2025-04-04 08:11:00,Completed,100689
4875,4296,3710,4,,2025-04-04 07:31:00,2025-04-04 09:53:00,2025-04-04 09:03:00,Completed,51463
4876,1881,3708,5,,2025-04-04 08:00:00,2025-04-04 11:30:00,2025-04-04 12:43:00,Completed,60331
4877,1497,3762,3,,2025-04-04 08:02:00,2025-04-04 15:02:00,2025-04-10 13:43:00,Completed,174997
4878,4327,3753,5,,2025-04-04 08:36:00,2025-04-04 10:34:00,2025-04-04 10:00:00,Completed,115517
4879,1501,3758,6,,2025-04-04 09:37:00,2025-04-04 11:37:00,2025-04-04 10:44:00,Completed,143562
4880,4215,,5,4685,2025-04-04 10:22:00,2025-04-04 13:03:00,2025-04-04 13:51:00,Completed,160348
4881,4333,,1,,2025-04-04 10:24:00,2025-04-04 11:39:00,2025-04-04 10:51:00,Completed,124375
4882,3957,3703,4,,2025-04-04 11:07:00,2025-04-04 12:22:00,2025-04-04 11:38:00,Completed,160881
4883,4293,3696,1,,2025-04-04 11:38:00,2025-04-05 14:00:00,2025-04-05 12:24:00,Completed,61373
4884,4280,3686,2,,2025-04-04 13:04:00,2025-04-04 17:30:00,2025-04-04 15:43:00,Completed,238518
4885,3341,3628,5,,2025-04-04 13:04:00,2025-04-04 15:34:00,2025-04-04 13:41:00,Completed,50368
4886,4334,,5,,2025-04-04 14:31:00,2025-04-04 17:30:00,2025-04-04 15:50:00,Completed,85678
4887,4212,3745,4,,2025-04-04 14:32:00,2025-04-05 09:47:00,2025-04-04 16:47:00,Completed,71557
4888,3038,3671,5,,2025-04-05 08:01:00,2025-04-05 10:23:00,2025-04-05 09:32:00,Completed,143549
4889,2198,3636,2,,2025-04-05 08:05:00,2025-04-05 10:05:00,2025-04-05 09:11:00,Completed,155861
4890,3734,3742,3,,2025-04-05 08:24:00,2025-04-05 14:00:00,2025-04-05 10:42:00,Completed,215862
4891,3431,3654,1,,2025-04-05 08:30:00,2025-04-05 10:00:00,2025-04-05 09:15:00,Completed,148300
4892,2438,,6,,2025-04-05 08:33:00,2025-04-05 14:00:00,2025-04-05 11:32:00,Completed,57366
4893,4079,3730,5,,2025-04-05 08:36:00,2025-04-05 12:18:00,2025-04-05 12:56:00,Completed,84739
4894,2720,3769,4,,2025-04-05 08:50:00,2025-04-05 11:20:00,2025-04-05 09:52:00,Completed,110892
4895,1659,3711,6,,2025-04-05 09:02:00,2025-04-05 12:21:00,2025-04-05 12:49:00,Completed,114632
4896,3971,3761,6,,2025-04-05 09:07:00,2025-04-07 08:23:00,2025-04-07 09:00:00,Completed,117011
4897,2155,,5,,2025-04-05 09:14:00,2025-04-05 11:08:00,2025-04-05 10:53:00,Completed,54961
4898,3966,,5,,2025-04-05 11:59:00,2025-04-07 07:59:00,2025-04-05 13:36:00,Completed,120497
4899,4315,3738,2,,2025-04-07 07:34:00,2025-04-07 11:04:00,2025-04-07 09:51:00,Completed,38815
4900,4319,3741,4,,2025-04-07 07:34:00,2025-04-08 10:02:00,2025-04-08 07:44:00,Completed,122446
4901,4018,3765,5,,2025-04-07 08:07:00,2025-04-07 12:37:00,2025-04-07 10:46:00,Completed,54605
4902,663,3784,6,,2025-04-07 08:08:00,2025-04-07 09:48:00,2025-04-07 09:32:00,Completed,121746
4903,2960,3725,3,,2025-04-07 09:05:00,2025-04-07 10:20:00,2025-04-07 09:35:00,Completed,29244
4904,2984,3734,5,,2025-04-07 09:30:00,2025-04-07 13:27:00,2025-04-07 11:57:00,Completed,135623
4905,3025,3752,6,,2025-04-07 09:35:00,2025-04-07 10:57:00,2025-04-07 10:19:00,Completed,139313
4906,3783,,5,4729,2025-04-07 09:59:00,2025-04-07 15:10:00,2025-04-07 16:55:00,Completed,261310
4907,3321,3773,6,4733,2025-04-07 11:34:00,2025-04-07 14:26:00,2025-04-07 12:20:00,Completed,92504
4908,423,3707,6,,2025-04-07 12:32:00,2025-04-07 15:17:00,2025-04-07 16:53:00,Completed,233453
4909,4307,3726,5,,2025-04-07 12:37:00,2025-04-08 09:09:00,2025-04-07 17:04:00,Completed,222794
4910,4085,,4,,2025-04-07 12:39:00,2025-04-07 13:54:00,2025-04-07 13:00:00,Completed,36875
4911,3709,3776,4,,2025-04-07 14:34:00,2025-04-08 08:49:00,2025-04-07 16:29:00,Completed,95651
4912,2262,3748,4,,2025-04-08 07:33:00,2025-04-08 11:03:00,2025-04-08 09:39:00,Completed,122546
4913,1171,3775,4,,2025-04-08 08:08:00,2025-04-08 09:36:00,2025-04-08 09:10:00,Completed,158745
4914,3804,3780,4,,2025-04-08 09:05:00,2025-04-08 10:20:00,2025-04-08 09:46:00,Completed,79857
4915,3823,3764,3,,2025-04-08 09:34:00,2025-04-08 10:49:00,2025-04-08 10:18:00,Completed,161475
4916,2536,3677,3,,2025-04-08 13:32:00,2025-04-09 07:50:00,2025-04-09 08:07:00,Completed,148926
4917,3808,3749,4,,2025-04-08 14:33:00,2025-04-10 09:46:00,2025-04-09 17:17:00,Completed,70379
4918,3473,3774,6,,2025-04-08 15:00:00,2025-04-08 17:30:00,2025-04-08 17:00:00,Completed,110238
4919,1039,,6,,2025-04-08 15:01:00,2025-04-09 09:20:00,2025-04-09 08:16:00,Completed,85955
4920,3650,3778,6,,2025-04-08 15:05:00,2025-04-09 09:56:00,2025-04-09 08:46:00,Completed,75743
4921,1592,3793,5,,2025-04-09 07:30:00,2025-04-09 08:52:00,2025-04-09 08:14:00,Completed,156613
4922,4297,3705,3,,2025-04-09 07:38:00,2025-04-09 08:53:00,2025-04-09 08:04:00,Completed,78430
4923,4342,3786,1,,2025-04-09 08:33:00,2025-04-09 12:25:00,2025-04-09 12:33:00,Completed,110031
4924,4354,,1,,2025-04-09 09:01:00,2025-04-09 15:19:00,2025-04-09 14:19:00,Completed,149314
4925,4337,3772,5,,2025-04-09 09:30:00,2025-04-09 13:45:00,2025-04-09 11:51:00,Completed,180292
4926,4328,3760,6,,2025-04-09 09:39:00,2025-04-09 12:16:00,2025-04-09 13:15:00,Completed,66059
4927,4355,3796,6,,2025-04-09 10:07:00,2025-04-09 13:40:00,2025-04-09 12:09:00,Completed,97117
4928,4353,,5,,2025-04-09 11:30:00,2025-04-09 14:01:00,2025-04-09 12:06:00,Completed,137925
4929,4351,,4,,2025-04-09 11:47:00,2025-04-09 15:20:00,2025-04-09 13:20:00,Completed,99919
4930,4357,,6,,2025-04-09 12:14:00,2025-04-09 15:29:00,2025-04-09 13:33:00,Completed,87007
4931,3074,,4,,2025-04-09 14:31:00,2025-04-09 15:46:00,2025-04-09 15:06:00,Completed,62856
4932,4262,3678,1,,2025-04-09 15:06:00,2025-04-10 08:36:00,2025-04-10 08:38:00,Completed,176379
4933,4320,3739,4,,2025-04-10 07:30:00,2025-04-11 14:27:00,2025-04-11 14:49:00,Completed,71814
4934,4124,3771,5,,2025-04-10 07:33:00,2025-04-10 10:40:00,2025-04-10 09:42:00,Completed,79995
4935,2253,3791,4,,2025-04-10 08:02:00,2025-04-10 09:32:00,2025-04-10 08:51:00,Completed,178342
4936,4308,3731,6,,2025-04-10 08:02:00,2025-04-10 09:17:00,2025-04-10 08:37:00,Completed,137866
4937,3283,3800,6,,2025-04-10 08:34:00,2025-04-10 10:56:00,2025-04-10 10:10:00,Completed,185510
4938,3700,3757,6,,2025-04-10 08:36:00,2025-04-10 14:19:00,2025-04-10 16:00:00,Completed,56429
4939,4001,3690,3,,2025-04-10 09:00:00,2025-04-10 10:30:00,2025-04-10 09:36:00,Completed,294420
4940,830,3704,3,,2025-04-10 09:34:00,2025-04-10 10:49:00,2025-04-10 09:58:00,Completed,114977
4941,4360,,3,,2025-04-10 09:38:00,2025-04-10 11:55:00,2025-04-10 11:09:00,Completed,52211
4942,2516,,1,,2025-04-10 09:49:00,2025-04-10 11:04:00,2025-04-10 10:26:00,Completed,27460
4943,240,3544,5,,2025-04-10 10:01:00,2025-04-10 11:46:00,2025-04-10 11:06:00,Completed,206979
4944,2684,3555,3,,2025-04-10 10:35:00,2025-04-10 12:03:00,2025-04-10 11:51:00,Completed,123808
4945,4336,3763,5,,2025-04-10 11:06:00,2025-04-10 14:06:00,2025-04-10 13:09:00,Completed,55969
4946,3413,,4,,2025-04-10 11:18:00,2025-04-10 16:03:00,2025-04-10 13:33:00,Completed,127562
4947,4126,,6,,2025-04-10 13:47:00,2025-04-10 15:02:00,2025-04-10 14:30:00,Completed,46272
4948,1475,3788,5,,2025-04-11 08:02:00,2025-04-11 12:17:00,2025-04-11 14:01:00,Completed,155248
4949,4378,,2,,2025-04-11 09:18:00,2025-04-11 11:18:00,2025-04-11 10:33:00,Completed,69509
4950,1389,3809,3,,2025-04-11 09:34:00,2025-04-11 10:49:00,2025-04-11 10:11:00,Completed,180766
4951,2521,,2,,2025-04-11 09:34:00,2025-04-14 10:20:00,2025-04-14 07:36:00,Completed,138911
4952,4116,3770,6,,2025-04-11 10:00:00,2025-04-11 12:37:00,2025-04-11 12:29:00,Completed,163227
4953,1744,3792,6,,2025-04-11 10:03:00,2025-04-11 13:16:00,2025-04-11 13:51:00,Completed,98797
4954,3901,3806,5,,2025-04-11 10:17:00,2025-04-11 11:32:00,2025-04-11 10:52:00,Completed,28799
4955,4306,,4,,2025-04-11 10:29:00,2025-04-11 14:44:00,2025-04-11 16:17:00,Completed,105253
4956,3269,3766,4,,2025-04-11 10:38:00,2025-04-11 14:12:00,2025-04-11 12:57:00,Completed,97269
4957,4377,,4,,2025-04-11 11:37:00,2025-04-11 15:20:00,2025-04-11 14:36:00,Completed,50234
4958,689,,1,,2025-04-11 12:54:00,2025-04-12 09:09:00,2025-04-11 16:50:00,Completed,89545
4959,4376,,1,,2025-04-11 14:07:00,2025-04-12 11:51:00,2025-04-12 11:28:00,Completed,106516
4960,4305,3807,4,,2025-04-12 08:04:00,2025-04-12 12:19:00,2025-04-12 09:34:00,Completed,52628
4961,3712,3783,4,,2025-04-12 09:08:00,2025-04-12 11:33:00,2025-04-12 10:47:00,Completed,8637
4962,3508,3818,6,,2025-04-12 09:39:00,2025-04-12 12:39:00,2025-04-12 10:59:00,Completed,125876
4963,3709,,4,4911,2025-04-12 09:52:00,2025-04-12 14:00:00,2025-04-12 11:44:00,Completed,95825
4964,4093,3824,5,4824,2025-04-14 08:37:00,2025-04-14 11:14:00,2025-04-14 12:37:00,Completed,80522
4965,1133,3830,6,,2025-04-14 09:00:00,2025-04-14 11:00:00,2025-04-14 10:24:00,Completed,154536
4966,4401,3829,5,,2025-04-14 09:08:00,2025-04-14 14:30:00,2025-04-14 12:26:00,Completed,84379
4967,228,,4,,2025-04-14 09:35:00,2025-04-14 13:50:00,2025-04-14 15:37:00,Completed,173716
4968,3794,3821,1,,2025-04-14 09:36:00,2025-04-14 10:51:00,2025-04-14 10:19:00,Completed,36408
4969,4390,3825,5,,2025-04-14 10:05:00,2025-04-14 12:35:00,2025-04-14 12:49:00,Completed,80731
4970,3138,3767,1,,2025-04-14 11:06:00,2025-04-14 14:21:00,2025-04-14 12:21:00,Completed,154521
4971,1003,3816,3,,2025-04-14 11:33:00,2025-04-14 16:18:00,2025-04-14 15:24:00,Completed,188472
4972,1933,,6,,2025-04-14 12:48:00,2025-04-14 14:48:00,2025-04-14 14:02:00,Completed,85082
4973,465,3750,3,,2025-04-14 13:07:00,2025-04-16 14:32:00,2025-04-16 11:59:00,Completed,197109
4974,4365,3803,1,,2025-04-14 13:36:00,2025-04-15 09:06:00,2025-04-14 17:28:00,Completed,264691
4975,3983,3828,6,,2025-04-14 14:03:00,2025-04-14 15:18:00,2025-04-14 14:41:00,Completed,126473
4976,3300,3823,3,,2025-04-14 15:37:00,2025-04-14 17:30:00,2025-04-14 16:33:00,Completed,123508
4977,4341,3785,3,,2025-04-15 07:37:00,2025-04-15 10:52:00,2025-04-15 12:44:00,Completed,88789
4978,3943,3642,6,,2025-04-15 08:34:00,2025-04-15 11:34:00,2025-04-15 11:32:00,Completed,40098
4979,4408,,3,,2025-04-15 08:34:00,2025-04-15 10:37:00,2025-04-15 09:44:00,Completed,55684
4980,4359,3799,3,,2025-04-15 09:32:00,2025-04-15 11:51:00,2025-04-15 10:52:00,Completed,148937
4981,2770,,6,,2025-04-15 09:33:00,2025-04-15 12:33:00,2025-04-15 12:34:00,Completed,47807
4982,3560,3838,1,,2025-04-15 10:01:00,2025-04-15 13:08:00,2025-04-15 12:52:00,Completed,61895
4983,4358,3794,6,,2025-04-15 10:07:00,2025-04-15 12:37:00,2025-04-15 12:59:00,Completed,98074
4984,4368,3804,6,,2025-04-15 10:36:00,2025-04-15 15:09:00,2025-04-15 15:46:00,Completed,25671
4985,4409,,6,,2025-04-15 11:18:00,2025-04-15 14:18:00,2025-04-15 14:40:00,Completed,55902
4986,4330,3756,2,,2025-04-15 12:01:00,2025-04-15 13:16:00,2025-04-15 12:37:00,Completed,156894
4987,4345,3789,5,,2025-04-15 13:06:00,2025-04-16 08:36:00,2025-04-15 16:14:00,Completed,31283
4988,4349,3787,5,,2025-04-15 14:30:00,2025-04-16 07:50:00,2025-04-16 08:03:00,Completed,107636
4989,4402,3837,6,,2025-04-15 14:39:00,2025-04-16 08:54:00,2025-04-16 10:34:00,Completed,66632
4990,4300,3720,6,,2025-04-16 07:37:00,2025-04-16 08:52:00,2025-04-16 08:23:00,Completed,148593
4991,4419,3845,2,,2025-04-16 08:02:00,2025-04-16 17:30:00,2025-04-17 08:10:00,Completed,127972
4992,524,3846,6,,2025-04-16 08:07:00,2025-04-16 09:38:00,2025-04-16 08:59:00,Completed,168705
4993,748,3844,4,,2025-04-16 08:36:00,2025-04-16 11:51:00,2025-04-16 09:51:00,Completed,217375
4994,4379,3813,3,,2025-04-16 09:06:00,2025-04-16 14:36:00,2025-04-16 12:54:00,Completed,91249
4995,4396,3822,4,,2025-04-16 09:30:00,2025-04-16 13:55:00,2025-04-16 14:15:00,Completed,119279
4996,4380,3817,4,,2025-04-16 09:35:00,2025-04-16 13:04:00,2025-04-16 13:02:00,Completed,243519
4997,4417,,4,,2025-04-16 10:54:00,2025-04-17 15:21:00,2025-04-17 11:36:00,Completed,183035
4998,4145,3759,6,,2025-04-16 11:00:00,2025-04-16 12:15:00,2025-04-16 11:29:00,Completed,149190
4999,4421,,6,,2025-04-16 11:07:00,2025-04-16 12:24:00,2025-04-16 12:03:00,Completed,80726
5000,4369,3808,6,,2025-04-16 11:09:00,2025-04-16 12:47:00,2025-04-16 12:34:00,Completed,43286
5001,3279,3777,4,,2025-04-16 11:36:00,2025-04-16 15:45:00,2025-04-16 15:00:00,Completed,31050
5002,4415,,3,,2025-04-16 11:59:00,2025-04-16 14:34:00,2025-04-16 14:02:00,Completed,97291
5003,4416,,4,,2025-04-16 13:12:00,2025-04-16 14:46:00,2025-04-16 14:18:00,Completed,247560
5004,4420,,6,,2025-04-16 14:08:00,2025-04-16 15:23:00,2025-04-16 15:04:00,Completed,66187
5005,3916,3833,4,,2025-04-16 14:36:00,2025-04-17 07:36:00,2025-04-16 15:26:00,Completed,221866
5006,3041,3768,4,,2025-04-17 08:00:00,2025-04-17 09:22:00,2025-04-17 08:46:00,Completed,41726
5007,4375,3802,3,,2025-04-17 08:02:00,2025-04-17 10:32:00,2025-04-17 12:29:00,Completed,76586
5008,4388,3820,4,,2025-04-17 08:19:00,2025-04-17 11:44:00,2025-04-17 09:53:00,Completed,111460
5009,2657,3842,6,,2025-04-17 08:34:00,2025-04-17 09:41:00,2025-04-17 09:05:00,Completed,133545
5010,4422,3847,6,,2025-04-17 08:38:00,2025-04-17 11:33:00,2025-04-17 10:35:00,Completed,51605
5011,3837,3855,4,,2025-04-17 08:39:00,2025-04-17 10:31:00,2025-04-17 10:20:00,Completed,47005
5012,1420,,3,4848,2025-04-17 08:53:00,2025-04-17 12:08:00,2025-04-17 12:43:00,Completed,113761
5013,2228,3801,4,,2025-04-17 09:09:00,2025-04-17 14:26:00,2025-04-17 13:05:00,Completed,184459
5014,4424,,1,,2025-04-17 11:09:00,2025-04-19 12:34:00,2025-04-19 11:54:00,Completed,106455
5015,3228,3805,3,,2025-04-17 11:38:00,2025-04-17 15:19:00,2025-04-17 14:16:00,Completed,122048
5016,4425,,4,,2025-04-17 12:22:00,2025-04-17 14:44:00,2025-04-17 14:05:00,Completed,57966
5017,4212,3795,2,,2025-04-18 08:30:00,2025-04-18 11:52:00,2025-04-18 09:33:00,Completed,72021
5018,4404,3831,5,,2025-04-18 09:07:00,2025-04-18 13:07:00,2025-04-18 10:49:00,Completed,199695
5019,658,,5,,2025-04-18 10:19:00,2025-04-18 14:48:00,2025-04-18 16:05:00,Completed,108946
5020,4431,,1,,2025-04-18 10:24:00,2025-04-21 12:28:00,2025-04-21 09:54:00,Completed,106936
5021,4432,3864,5,,2025-04-18 11:01:00,2025-04-21 10:26:00,2025-04-26 09:12:00,Completed,30886
5022,3775,,3,,2025-04-18 11:07:00,2025-04-18 12:22:00,2025-04-18 11:38:00,Completed,276618
5023,4429,3867,6,,2025-04-18 11:35:00,2025-04-18 13:50:00,2025-04-18 13:25:00,Completed,220458
5024,4430,,3,,2025-04-18 11:54:00,2025-04-18 13:24:00,2025-04-18 12:45:00,Completed,127731
5025,4413,3843,4,,2025-04-18 12:38:00,2025-04-18 14:38:00,2025-04-18 13:36:00,Completed,50248
5026,4427,3863,4,,2025-04-18 13:37:00,2025-04-18 17:30:00,2025-04-19 08:50:00,Completed,165545
5027,1624,,4,,2025-04-18 14:54:00,2025-04-19 09:54:00,2025-04-18 16:49:00,Completed,107785
5028,4423,3848,3,,2025-04-18 15:06:00,2025-04-18 16:28:00,2025-04-18 15:40:00,Completed,93701
5029,4022,3839,4,,2025-04-19 08:01:00,2025-04-21 11:51:00,2025-04-21 08:23:00,Completed,123219
5030,1172,,5,,2025-04-19 10:45:00,2025-04-21 08:36:00,2025-04-21 08:30:00,Completed,148218
5031,4437,,6,,2025-04-19 11:07:00,2025-04-19 13:07:00,2025-04-19 12:38:00,Completed,43966
5032,2948,3859,4,,2025-04-19 11:07:00,2025-04-21 08:07:00,2025-04-19 12:58:00,Completed,119480
5033,2567,3865,3,,2025-04-19 11:09:00,2025-04-21 08:16:00,2025-04-21 09:27:00,Completed,130899
5034,777,,2,,2025-04-19 11:46:00,2025-04-19 13:01:00,2025-04-19 12:20:00,Completed,68792
5035,4014,3876,5,,2025-04-21 07:30:00,2025-04-21 10:45:00,2025-04-21 10:31:00,Completed,226208
5036,3403,3858,4,,2025-04-21 07:38:00,2025-04-21 12:08:00,2025-04-21 09:49:00,Completed,80867
5037,4439,3880,4,,2025-04-21 07:54:00,2025-04-21 12:04:00,2025-04-21 11:45:00,Completed,72639
5038,2178,3812,3,,2025-04-21 08:04:00,2025-04-21 09:19:00,2025-04-21 08:42:00,Completed,80353
5039,4445,,2,,2025-04-21 08:08:00,2025-04-21 12:23:00,2025-04-21 09:36:00,Completed,117400
5040,4438,3881,6,,2025-04-21 08:24:00,2025-04-21 09:39:00,2025-04-21 09:11:00,Completed,127299
5041,3725,3736,6,,2025-04-21 09:05:00,2025-04-21 12:35:00,2025-04-21 10:42:00,Completed,97488
5042,4444,,3,,2025-04-21 10:15:00,2025-04-21 12:37:00,2025-04-21 11:45:00,Completed,207010
5043,1929,,3,,2025-04-21 10:19:00,2025-04-21 14:44:00,2025-04-21 13:44:00,Completed,117231
5044,3802,3854,1,,2025-04-21 10:34:00,2025-04-21 16:19:00,2025-04-21 16:51:00,Completed,170951
5045,3237,,5,,2025-04-21 11:09:00,2025-04-21 13:09:00,2025-04-21 12:25:00,Completed,116234
5046,4440,3871,4,,2025-04-21 11:32:00,2025-04-21 17:30:00,2025-04-21 14:51:00,Completed,38740
5047,423,3870,5,,2025-04-21 13:07:00,2025-04-21 15:37:00,2025-04-21 13:40:00,Completed,234090
5048,4161,,5,,2025-04-21 13:11:00,2025-04-21 14:28:00,2025-04-21 14:04:00,Completed,4328
5049,2402,3888,6,,2025-04-21 15:08:00,2025-04-22 08:38:00,2025-04-22 10:29:00,Completed,26460
5050,1994,3841,2,,2025-04-22 07:31:00,2025-04-22 10:01:00,2025-04-22 08:09:00,Completed,183369
5051,3310,3882,6,,2025-04-22 10:01:00,2025-04-22 13:31:00,2025-04-22 11:55:00,Completed,53480
5052,4456,,2,,2025-04-22 10:02:00,2025-04-22 13:17:00,2025-04-22 11:10:00,Completed,119345
5053,3032,3884,3,,2025-04-22 10:08:00,2025-04-22 13:23:00,2025-04-22 12:20:00,Completed,74084
5054,3185,3899,4,,2025-04-22 11:30:00,2025-04-22 12:45:00,2025-04-22 12:18:00,Completed,60823
5055,2848,,4,,2025-04-22 12:16:00,2025-04-23 15:06:00,2025-04-23 13:27:00,Completed,55942
5056,2164,3826,3,,2025-04-22 12:33:00,2025-04-22 13:48:00,2025-04-22 13:14:00,Completed,116143
5057,4460,,3,,2025-04-22 12:50:00,2025-04-22 14:31:00,2025-04-22 13:49:00,Completed,56558
5058,4458,,6,,2025-04-22 13:04:00,2025-04-22 15:34:00,2025-04-22 13:36:00,Completed,71718
5059,274,3869,5,,2025-04-22 15:07:00,2025-04-23 11:07:00,2025-04-23 10:00:00,Completed,251919
5060,4340,3782,4,,2025-04-23 07:31:00,2025-04-23 08:46:00,2025-04-23 07:58:00,Completed,79208
5061,4428,3861,3,,2025-04-23 07:33:00,2025-04-23 09:03:00,2025-04-23 08:33:00,Completed,102795
5062,4446,3891,1,,2025-04-23 07:52:00,2025-04-23 11:59:00,2025-04-23 12:17:00,Completed,161318
5063,4471,,5,,2025-04-23 08:44:00,2025-04-23 09:59:00,2025-04-23 09:21:00,Completed,157582
5064,4451,3893,3,,2025-04-23 09:00:00,2025-04-23 10:15:00,2025-04-23 09:22:00,Completed,69244
5065,805,3872,4,,2025-04-23 09:03:00,2025-04-23 10:55:00,2025-04-23 10:25:00,Completed,65142
5066,4461,3902,3,,2025-04-23 09:23:00,2025-04-23 12:56:00,2025-04-23 10:54:00,Completed,113036
5067,4472,,6,,2025-04-23 09:39:00,2025-04-23 10:54:00,2025-04-23 10:29:00,Completed,217729
5068,4473,,4,,2025-04-23 10:19:00,2025-04-23 12:41:00,2025-04-23 12:04:00,Completed,78840
5069,901,3895,6,,2025-04-23 10:39:00,2025-04-23 13:46:00,2025-04-23 13:05:00,Completed,145088
5070,4453,3887,5,,2025-04-23 11:03:00,2025-04-23 14:03:00,2025-04-23 13:56:00,Completed,111442
5071,4476,,6,,2025-04-23 11:07:00,2025-04-23 14:56:00,2025-04-23 15:03:00,Completed,108835
5072,4469,,4,,2025-04-23 11:08:00,2025-04-23 15:10:00,2025-04-23 14:26:00,Completed,158952
5073,4477,,5,,2025-04-23 11:43:00,2025-04-23 13:08:00,2025-04-23 12:34:00,Completed,53781
5074,4467,3906,6,,2025-04-23 12:08:00,2025-04-23 15:55:00,2025-04-23 16:05:00,Completed,88081
5075,4465,3909,1,,2025-04-23 14:02:00,2025-04-24 16:34:00,2025-04-24 14:10:00,Completed,154582
5076,193,,6,,2025-04-23 14:14:00,2025-04-24 07:45:00,2025-04-24 07:53:00,Completed,153942
5077,4036,3920,4,,2025-04-24 08:04:00,2025-04-24 11:19:00,2025-04-24 11:27:00,Completed,19162
5078,4266,,6,,2025-04-24 10:08:00,2025-04-24 12:38:00,2025-04-24 12:01:00,Completed,143303
5079,2061,3885,6,,2025-04-24 10:37:00,2025-04-24 13:41:00,2025-04-24 13:19:00,Completed,78184
5080,3188,3886,5,,2025-04-24 11:38:00,2025-04-24 17:30:00,2025-04-24 13:55:00,Completed,74921
5081,3613,3860,3,,2025-04-24 11:39:00,2025-04-24 15:09:00,2025-04-24 12:48:00,Completed,98319
5082,4480,3922,4,,2025-04-24 12:01:00,2025-04-24 13:38:00,2025-04-24 12:43:00,Completed,79715
5083,4481,,3,,2025-04-24 12:42:00,2025-04-24 17:30:00,2025-04-24 16:17:00,Completed,76499
5084,1030,3917,4,,2025-04-24 13:02:00,2025-04-24 15:02:00,2025-04-24 14:14:00,Completed,207608
5085,1783,3840,3,,2025-04-24 13:07:00,2025-04-25 09:16:00,2025-04-25 10:35:00,Completed,35021
5086,2281,,5,4873,2025-04-24 13:10:00,2025-04-24 16:28:00,2025-04-24 14:35:00,Completed,203332
5087,3612,3921,6,,2025-04-24 13:25:00,2025-04-24 14:40:00,2025-04-24 14:10:00,Completed,52038
5088,4135,3894,4,,2025-04-24 15:04:00,2025-04-25 17:30:00,2025-04-25 16:23:00,Completed,53369
5089,4377,3810,1,,2025-04-25 07:33:00,2025-04-25 09:03:00,2025-04-25 08:30:00,Completed,50664
5090,3750,3919,6,,2025-04-25 08:04:00,2025-04-25 11:37:00,2025-04-25 09:39:00,Completed,63336
5091,3863,3875,6,,2025-04-25 08:08:00,2025-04-25 12:27:00,2025-04-25 12:34:00,Completed,84470
5092,689,3928,6,,2025-04-25 08:23:00,2025-04-25 11:57:00,2025-04-25 13:05:00,Completed,90139
5093,3596,3929,6,,2025-04-25 08:34:00,2025-04-25 14:33:00,2025-04-25 15:21:00,Completed,46511
5094,3732,,4,,2025-04-25 08:54:00,2025-04-25 11:16:00,2025-04-25 10:20:00,Completed,134036
5095,4299,,5,,2025-04-25 09:37:00,2025-04-25 10:52:00,2025-04-25 10:09:00,Completed,140448
5096,4441,3878,1,,2025-04-25 11:06:00,2025-04-25 13:43:00,2025-04-25 12:47:00,Completed,60433
5097,4382,3811,3,,2025-04-25 11:09:00,2025-04-25 12:24:00,2025-04-25 11:40:00,Completed,82694
5098,4491,,4,,2025-04-25 11:17:00,2025-04-25 12:32:00,2025-04-25 11:51:00,Completed,65932
5099,4492,,4,,2025-04-25 12:23:00,2025-04-25 13:38:00,2025-04-25 12:58:00,Completed,31538
5100,3084,3912,3,,2025-04-25 13:04:00,2025-04-25 15:19:00,2025-04-25 14:35:00,Completed,99081
5101,2727,3911,3,,2025-04-25 13:34:00,2025-04-26 11:01:00,2025-04-26 09:21:00,Completed,135789
5102,3291,3849,5,,2025-04-25 14:05:00,2025-04-25 15:20:00,2025-04-25 14:42:00,Completed,84424
5103,2558,3914,5,,2025-04-25 14:09:00,2025-04-25 16:21:00,2025-04-25 16:03:00,Completed,65945
5104,4434,3868,6,,2025-04-25 15:00:00,2025-04-25 16:15:00,2025-04-25 15:39:00,Completed,148020
5105,4261,3931,4,,2025-04-25 15:09:00,2025-04-26 11:09:00,2025-04-26 08:04:00,Completed,99525
5106,4202,3904,3,,2025-04-26 08:00:00,2025-04-26 10:46:00,2025-04-26 10:58:00,Completed,162616
5107,646,3883,1,,2025-04-26 08:06:00,2025-04-26 09:36:00,2025-04-26 08:41:00,Completed,142952
5108,1037,3937,5,,2025-04-26 09:03:00,2025-04-28 07:40:00,2025-04-26 13:36:00,Completed,130022
5109,1860,3936,4,,2025-04-26 09:09:00,2025-04-28 09:01:00,2025-04-26 13:44:00,Completed,75438
5110,4177,3908,6,,2025-04-26 11:03:00,2025-04-26 13:03:00,2025-04-26 12:26:00,Completed,40146
5111,3067,3850,4,,2025-04-26 11:37:00,2025-04-29 10:49:00,2025-04-29 08:29:00,Completed,194962
5112,3836,3913,5,,2025-04-28 07:30:00,2025-04-28 08:45:00,2025-04-28 08:13:00,Completed,73349
5113,4500,,2,,2025-04-28 08:25:00,2025-04-28 09:47:00,2025-04-28 08:58:00,Completed,253500
5114,1475,3943,5,4948,2025-04-28 09:04:00,2025-04-28 12:15:00,2025-04-28 10:56:00,Completed,156445
5115,2605,3949,6,,2025-04-28 09:33:00,2025-04-28 12:48:00,2025-04-28 13:40:00,Completed,274763
5116,4502,,3,,2025-04-28 09:48:00,2025-04-28 14:03:00,2025-04-28 11:50:00,Completed,157161
5117,2285,3948,6,,2025-04-28 10:08:00,2025-04-28 12:13:00,2025-04-28 11:30:00,Completed,56493
5118,4504,,5,,2025-04-28 10:58:00,2025-04-28 12:13:00,2025-04-28 11:30:00,Completed,58263
5119,543,3940,5,,2025-04-28 11:32:00,2025-04-28 12:47:00,2025-04-28 12:18:00,Completed,139885
5120,3708,3924,3,,2025-04-28 13:00:00,2025-04-28 16:15:00,2025-04-28 14:17:00,Completed,92172
5121,3064,,4,,2025-04-28 13:19:00,2025-04-28 14:34:00,2025-04-28 14:01:00,Completed,116026
5122,4080,3941,4,,2025-04-28 14:01:00,2025-04-28 17:30:00,2025-04-28 15:17:00,Completed,49692
5123,3789,3957,5,,2025-04-29 07:35:00,2025-04-29 11:50:00,2025-04-29 09:52:00,Completed,52824
5124,4498,3946,6,,2025-04-29 08:05:00,2025-04-29 11:01:00,2025-04-29 10:34:00,Completed,92795
5125,2567,3956,6,5033,2025-04-29 08:09:00,2025-04-29 12:31:00,2025-04-29 14:08:00,Completed,131191
5126,3060,3938,4,,2025-04-29 08:33:00,2025-04-29 09:48:00,2025-04-29 09:05:00,Completed,201047
5127,4127,3853,4,,2025-04-29 08:36:00,2025-04-29 10:27:00,2025-04-29 09:49:00,Completed,198508
5128,3369,3856,6,,2025-04-29 09:02:00,2025-04-29 11:25:00,2025-04-29 11:32:00,Completed,215854
5129,2349,3905,4,,2025-04-29 09:37:00,2025-04-29 13:08:00,2025-04-29 10:59:00,Completed,47830
5130,4022,3962,2,5029,2025-04-29 10:31:00,2025-04-29 14:27:00,2025-04-29 13:35:00,Completed,123766
5131,3984,,5,,2025-04-29 11:48:00,2025-04-29 13:48:00,2025-04-29 13:25:00,Completed,120520
5132,1872,,6,,2025-04-29 11:56:00,2025-04-29 15:11:00,2025-04-29 13:15:00,Completed,105578
5133,3283,3927,4,,2025-04-29 12:01:00,2025-04-29 16:08:00,2025-04-29 13:51:00,Completed,186354
5134,1013,3970,6,,2025-04-30 08:01:00,2025-04-30 11:16:00,2025-04-30 13:17:00,Completed,57280
5135,4478,3916,3,,2025-04-30 08:34:00,2025-04-30 11:19:00,2025-04-30 10:15:00,Completed,243808
5136,4494,3932,1,,2025-04-30 09:32:00,2025-04-30 10:47:00,2025-04-30 10:09:00,Completed,145115
5137,4514,,4,,2025-04-30 09:42:00,2025-05-02 13:27:00,2025-05-02 14:11:00,Completed,85411
5138,4513,,2,,2025-04-30 09:55:00,2025-04-30 11:13:00,2025-04-30 10:25:00,Completed,100830
5139,3833,3873,6,,2025-04-30 10:03:00,2025-04-30 13:33:00,2025-04-30 11:24:00,Completed,73397
5140,3724,3955,4,,2025-04-30 10:31:00,2025-04-30 14:01:00,2025-04-30 12:04:00,Completed,104785
5141,4512,,6,,2025-04-30 11:25:00,2025-04-30 12:47:00,2025-04-30 12:20:00,Completed,41250
5142,4511,,5,,2025-04-30 12:04:00,2025-04-30 14:04:00,2025-04-30 13:06:00,Completed,172098
5143,541,3953,6,,2025-04-30 12:30:00,2025-04-30 14:45:00,2025-04-30 14:19:00,Completed,147792
5144,4479,3910,5,,2025-04-30 12:36:00,2025-04-30 14:43:00,2025-04-30 14:08:00,Completed,35087
5145,4506,3954,2,,2025-04-30 14:00:00,2025-05-01 09:37:00,2025-04-30 17:05:00,Completed,55565
5146,948,3939,3,,2025-04-30 14:06:00,2025-04-30 17:30:00,2025-04-30 16:36:00,Completed,95824
5147,4489,3926,1,,2025-04-30 14:31:00,2025-05-01 08:01:00,2025-05-01 08:06:00,Completed,94660
5148,4454,3889,3,,2025-05-01 07:30:00,2025-05-01 11:03:00,2025-05-01 08:56:00,Completed,70589
5149,4463,3915,1,,2025-05-01 07:36:00,2025-05-01 14:21:00,2025-05-01 11:12:00,Completed,36883
5150,980,3966,6,,2025-05-01 08:01:00,2025-05-01 10:31:00,2025-05-01 11:33:00,Completed,240667
5151,4495,3934,2,,2025-05-01 08:31:00,2025-05-01 12:46:00,2025-05-01 13:49:00,Completed,62993
5152,4507,3950,4,,2025-05-01 08:34:00,2025-05-01 13:34:00,2025-05-01 14:37:00,Completed,136114
5153,4515,,5,,2025-05-01 09:57:00,2025-05-03 11:40:00,2025-05-03 09:38:00,Completed,277679
5154,4517,,6,,2025-05-01 09:59:00,2025-05-01 15:21:00,2025-05-01 13:03:00,Completed,37353
5155,3020,,5,,2025-05-01 11:26:00,2025-05-01 12:41:00,2025-05-01 12:01:00,Completed,264972
5156,4516,,5,,2025-05-01 12:03:00,2025-05-02 16:13:00,2025-05-02 14:56:00,Completed,49859
5157,444,3961,1,,2025-05-01 13:06:00,2025-05-05 08:17:00,2025-05-03 13:34:00,Completed,310918
5158,3932,3965,3,,2025-05-01 13:35:00,2025-05-01 17:30:00,2025-05-02 08:41:00,Completed,80926
5159,4518,,3,,2025-05-01 14:48:00,2025-05-02 09:34:00,2025-05-02 10:03:00,Completed,49013
5160,4519,3979,2,,2025-05-01 15:05:00,2025-05-02 08:57:00,2025-05-01 16:20:00,Completed,64532
5161,4532,3987,2,,2025-05-02 07:34:00,2025-05-02 11:49:00,2025-05-02 12:45:00,Completed,93829
5162,3513,3986,3,,2025-05-02 07:36:00,2025-05-02 10:36:00,2025-05-02 11:20:00,Completed,55121
5163,4443,3877,5,,2025-05-02 08:08:00,2025-05-02 10:38:00,2025-05-02 09:38:00,Completed,77411
5164,4520,3982,3,,2025-05-02 08:39:00,2025-05-02 11:09:00,2025-05-02 09:22:00,Completed,91396
5165,2883,3978,3,,2025-05-02 09:06:00,2025-05-02 11:37:00,2025-05-02 10:51:00,Completed,213127
5166,2946,3964,3,,2025-05-02 09:09:00,2025-05-02 12:44:00,2025-05-02 12:44:00,Completed,62777
5167,2870,3975,6,,2025-05-02 09:35:00,2025-05-02 11:12:00,2025-05-02 10:32:00,Completed,117212
5168,4455,3892,6,,2025-05-02 10:33:00,2025-05-02 12:51:00,2025-05-02 12:09:00,Completed,13706
5169,4490,3923,3,,2025-05-02 10:37:00,2025-05-02 14:58:00,2025-05-02 13:27:00,Completed,154295
5170,4531,,1,,2025-05-02 10:55:00,2025-05-03 09:28:00,2025-05-03 09:42:00,Completed,59151
5171,3509,3930,5,,2025-05-02 11:00:00,2025-05-02 15:30:00,2025-05-02 13:18:00,Completed,118435
5172,2076,3933,4,,2025-05-02 12:08:00,2025-05-02 13:38:00,2025-05-02 12:59:00,Completed,199443
5173,4534,,2,,2025-05-02 13:01:00,2025-05-03 08:38:00,2025-05-02 17:11:00,Completed,42397
5174,4535,,6,,2025-05-02 13:41:00,2025-05-02 17:30:00,2025-05-02 16:27:00,Completed,43517
5175,4533,3991,5,,2025-05-02 14:03:00,2025-05-03 09:18:00,2025-05-03 08:21:00,Completed,84917
5176,3637,3973,5,,2025-05-02 14:31:00,2025-05-03 10:29:00,2025-05-03 08:53:00,Completed,104798
5177,3910,3896,3,,2025-05-03 08:02:00,2025-05-03 13:02:00,2025-05-03 11:45:00,Completed,132994
5178,3791,3790,3,,2025-05-03 08:38:00,2025-05-05 10:26:00,2025-05-05 12:17:00,Completed,177828
5179,4538,,4,,2025-05-03 09:26:00,2025-05-03 12:41:00,2025-05-03 10:44:00,Completed,106198
5180,3617,3874,3,,2025-05-03 10:31:00,2025-05-05 10:07:00,2025-05-05 10:21:00,Completed,83275
5181,2727,3981,5,5101,2025-05-03 10:37:00,2025-05-03 14:00:00,2025-05-05 07:38:00,Completed,136048
5182,2495,3998,5,,2025-05-03 11:06:00,2025-05-03 12:30:00,2025-05-03 11:57:00,Completed,114813
5183,1735,3951,5,,2025-05-05 08:00:00,2025-05-05 14:00:00,2025-05-05 11:44:00,Completed,247566
5184,4052,3990,6,,2025-05-05 08:01:00,2025-05-05 11:38:00,2025-05-05 09:26:00,Completed,293095
5185,1464,4018,5,,2025-05-05 08:30:00,2025-05-05 14:05:00,2025-05-05 15:31:00,Completed,83529
5186,750,3963,6,,2025-05-05 08:34:00,2025-05-05 10:17:00,2025-05-05 10:05:00,Completed,166293
5187,3062,,3,,2025-05-05 08:57:00,2025-05-05 11:12:00,2025-05-05 10:12:00,Completed,76260
5188,3766,4020,3,,2025-05-05 09:01:00,2025-05-05 10:51:00,2025-05-05 10:33:00,Completed,88685
5189,3168,3918,3,,2025-05-05 09:06:00,2025-05-05 11:09:00,2025-05-05 11:10:00,Completed,55451
5190,4412,3866,3,,2025-05-05 09:36:00,2025-05-05 13:37:00,2025-05-05 12:49:00,Completed,52552
5191,3751,,6,,2025-05-05 10:29:00,2025-05-05 14:21:00,2025-05-05 14:18:00,Completed,176921
5192,3645,3974,6,,2025-05-05 10:30:00,2025-05-05 13:13:00,2025-05-05 13:16:00,Completed,20545
5193,3918,3897,5,,2025-05-05 10:35:00,2025-05-05 14:17:00,2025-05-05 15:07:00,Completed,100363
5194,15,3952,3,,2025-05-05 11:00:00,2025-05-05 16:10:00,2025-05-05 14:30:00,Completed,148011
5195,4553,,1,,2025-05-05 11:42:00,2025-05-06 11:12:00,2025-05-12 15:20:00,Completed,62473
5196,3728,,6,,2025-05-05 11:42:00,2025-05-05 14:30:00,2025-05-05 14:22:00,Completed,61173
5197,3980,,4,,2025-05-05 11:51:00,2025-05-05 15:06:00,2025-05-05 12:48:00,Completed,129584
5198,4084,4000,4,,2025-05-05 12:30:00,2025-05-05 13:50:00,2025-05-05 13:12:00,Completed,90621
5199,4146,3995,3,,2025-05-05 12:32:00,2025-05-08 09:35:00,2025-05-07 15:23:00,Completed,46672
5200,4331,,6,,2025-05-05 12:38:00,2025-05-06 08:45:00,2025-05-06 09:35:00,Completed,259961
5201,4098,4011,5,,2025-05-05 13:08:00,2025-05-05 14:23:00,2025-05-05 13:55:00,Completed,32584
5202,1102,3959,1,,2025-05-05 15:00:00,2025-05-06 12:18:00,2025-05-06 09:37:00,Completed,164614
5203,3463,,4,,2025-05-05 15:01:00,2025-05-06 09:46:00,2025-05-06 07:34:00,Completed,62795
5204,4540,4006,3,,2025-05-06 07:32:00,2025-05-06 11:02:00,2025-05-06 09:08:00,Completed,149588
5205,2463,4003,4,,2025-05-06 07:32:00,2025-05-06 08:47:00,2025-05-06 08:12:00,Completed,52878
5206,4302,4013,1,,2025-05-06 08:37:00,2025-05-06 11:38:00,2025-05-06 09:53:00,Completed,87918
5207,4558,,4,,2025-05-06 08:50:00,2025-05-06 10:50:00,2025-05-06 10:11:00,Completed,44862
5208,4559,,5,,2025-05-06 10:03:00,2025-05-06 14:33:00,2025-05-06 12:23:00,Completed,17291
5209,3971,3994,5,,2025-05-06 11:33:00,2025-05-06 15:04:00,2025-05-06 17:01:00,Completed,118563
5210,1420,4009,6,,2025-05-06 12:30:00,2025-05-06 13:45:00,2025-05-06 13:05:00,Completed,115008
5211,4493,,6,,2025-05-06 12:54:00,2025-05-06 17:30:00,2025-05-07 08:10:00,Completed,106644
5212,4339,3988,3,,2025-05-06 14:04:00,2025-05-07 08:19:00,2025-05-08 12:19:00,Completed,124316
5213,3041,3862,1,,2025-05-06 14:37:00,2025-05-08 09:04:00,2025-05-08 08:36:00,Completed,42211
5214,4555,4023,4,,2025-05-07 08:00:00,2025-05-07 13:45:00,2025-05-08 13:38:00,Completed,52524
5215,432,4029,6,,2025-05-07 08:09:00,2025-05-07 11:24:00,2025-05-07 10:10:00,Completed,253965
5216,105,4034,2,,2025-05-07 08:30:00,2025-05-08 13:02:00,2025-05-08 12:24:00,Completed,114195
5217,3459,4032,6,,2025-05-07 08:36:00,2025-05-07 14:42:00,2025-05-07 15:00:00,Completed,82154
5218,4471,4028,6,,2025-05-07 11:09:00,2025-05-07 15:19:00,2025-05-07 13:52:00,Completed,158185
5219,4521,3983,5,,2025-05-07 11:31:00,2025-05-07 12:49:00,2025-05-07 12:10:00,Completed,33713
5220,3505,4035,3,,2025-05-07 12:03:00,2025-05-07 14:55:00,2025-05-07 12:55:00,Completed,108012
5221,3992,,6,,2025-05-07 12:32:00,2025-05-07 15:16:00,2025-05-07 15:03:00,Completed,34034
5222,4561,,5,,2025-05-07 12:36:00,2025-05-08 08:58:00,2025-05-07 16:00:00,Completed,121965
5223,4548,4012,4,,2025-05-08 08:30:00,2025-05-08 13:00:00,2025-05-08 11:17:00,Completed,198044
5224,4136,4024,4,,2025-05-08 08:31:00,2025-05-09 12:42:00,2025-05-10 11:30:00,Completed,22878
5225,3390,,1,,2025-05-08 09:46:00,2025-05-08 11:01:00,2025-05-08 10:22:00,Completed,54456
5226,3687,3996,6,,2025-05-08 10:09:00,2025-05-08 13:24:00,2025-05-08 15:25:00,Completed,161564
5227,1572,3989,4,,2025-05-08 10:34:00,2025-05-08 14:23:00,2025-05-08 12:37:00,Completed,110024
5228,4577,4052,5,,2025-05-08 11:02:00,2025-05-08 12:17:00,2025-05-08 11:44:00,Completed,284054
5229,4528,3977,6,,2025-05-08 11:03:00,2025-05-08 13:02:00,2025-05-08 12:35:00,Completed,148911
5230,4578,,4,,2025-05-08 11:12:00,2025-05-08 13:42:00,2025-05-08 13:13:00,Completed,152347
5231,4454,4053,3,5148,2025-05-08 11:20:00,2025-05-08 14:08:00,2025-05-08 13:09:00,Completed,70776
5232,4517,4051,6,5154,2025-05-08 11:30:00,2025-05-08 14:39:00,2025-05-08 16:09:00,Completed,37672
5233,4108,,6,,2025-05-08 11:36:00,2025-05-08 13:37:00,2025-05-08 13:39:00,Completed,45573
5234,4406,3835,3,,2025-05-08 12:07:00,2025-05-08 13:59:00,2025-05-08 13:13:00,Completed,54382
5235,904,3992,4,,2025-05-09 07:32:00,2025-05-09 10:47:00,2025-05-09 09:57:00,Completed,149576
5236,2683,4047,6,,2025-05-09 08:01:00,2025-05-09 11:23:00,2025-05-09 10:16:00,Completed,171051
5237,3469,4038,1,,2025-05-09 08:03:00,2025-05-09 09:33:00,2025-05-09 08:51:00,Completed,95256
5238,4568,4046,4,,2025-05-09 08:30:00,2025-05-09 12:23:00,2025-05-09 10:11:00,Completed,58788
5239,2990,3984,5,,2025-05-09 08:38:00,2025-05-09 11:08:00,2025-05-09 09:14:00,Completed,29934
5240,4581,4059,6,,2025-05-09 08:52:00,2025-05-09 10:48:00,2025-05-09 10:33:00,Completed,79135
5241,3960,3836,5,,2025-05-09 09:07:00,2025-05-09 17:30:00,2025-05-10 09:47:00,Completed,207499
5242,4589,,1,,2025-05-09 09:16:00,2025-05-09 13:46:00,2025-05-09 13:44:00,Completed,74439
5243,4536,3997,5,,2025-05-09 11:05:00,2025-05-09 16:14:00,2025-05-14 11:10:00,Completed,130711
5244,4560,4027,3,,2025-05-09 13:03:00,2025-05-13 11:52:00,2025-05-13 09:35:00,Completed,271720
5245,4545,4007,5,,2025-05-09 13:35:00,2025-05-10 08:57:00,2025-05-10 09:06:00,Completed,77008
5246,1494,4060,6,,2025-05-09 15:05:00,2025-05-10 08:50:00,2025-05-10 08:16:00,Completed,82902
5247,4580,4054,5,,2025-05-09 15:09:00,2025-05-10 11:07:00,2025-05-10 10:01:00,Completed,123555
5248,321,4041,5,,2025-05-10 08:02:00,2025-05-10 10:17:00,2025-05-10 10:33:00,Completed,227557
5249,3743,3972,1,,2025-05-10 08:02:00,2025-05-10 10:32:00,2025-05-10 09:24:00,Completed,168158
5250,4090,4017,3,,2025-05-10 09:34:00,2025-05-10 10:56:00,2025-05-10 10:12:00,Completed,133219
5251,4594,,5,,2025-05-10 09:56:00,2025-05-10 11:47:00,2025-05-10 11:08:00,Completed,66178
5252,2086,3944,4,,2025-05-10 10:33:00,2025-05-10 11:48:00,2025-05-10 11:11:00,Completed,205148
5253,4592,4069,1,,2025-05-10 11:08:00,2025-05-10 12:15:00,2025-05-10 11:45:00,Completed,131737
5254,2583,4022,6,,2025-05-12 07:36:00,2025-05-12 09:36:00,2025-05-12 08:47:00,Completed,114088
5255,4602,4080,4,,2025-05-12 07:37:00,2025-05-12 11:07:00,2025-05-12 09:10:00,Completed,221727
5256,4604,,1,,2025-05-12 07:50:00,2025-05-12 10:20:00,2025-05-12 08:16:00,Completed,78604
5257,4537,3993,6,,2025-05-12 08:06:00,2025-05-12 09:37:00,2025-05-12 09:11:00,Completed,151773
5258,4510,3967,6,,2025-05-12 08:08:00,2025-05-12 11:05:00,2025-05-12 09:37:00,Completed,58004
5259,4603,,5,,2025-05-12 08:34:00,2025-05-12 09:49:00,2025-05-12 09:22:00,Completed,104535
5260,2686,4067,6,,2025-05-12 08:39:00,2025-05-12 10:17:00,2025-05-12 10:03:00,Completed,69684
5261,4610,,3,,2025-05-12 08:43:00,2025-05-12 11:58:00,2025-05-12 13:36:00,Completed,86986
5262,4608,,2,,2025-05-12 08:44:00,2025-05-12 11:29:00,2025-05-12 09:18:00,Completed,144498
5263,4611,,4,,2025-05-12 09:26:00,2025-05-12 13:41:00,2025-05-12 14:52:00,Completed,76872
5264,4605,,4,,2025-05-12 09:30:00,2025-05-12 12:05:00,2025-05-12 11:46:00,Completed,102846
5265,4606,,3,,2025-05-12 09:32:00,2025-05-12 14:04:00,2025-05-12 11:38:00,Completed,226032
5266,4600,4081,6,,2025-05-12 10:01:00,2025-05-12 14:16:00,2025-05-12 14:31:00,Completed,130166
5267,3692,4089,4,,2025-05-12 10:03:00,2025-05-12 17:30:00,2025-05-13 08:18:00,Completed,142301
5268,1953,4078,5,,2025-05-12 10:31:00,2025-05-12 11:46:00,2025-05-12 11:25:00,Completed,167687
5269,2296,,6,,2025-05-12 10:46:00,2025-05-12 15:04:00,2025-05-12 13:43:00,Completed,196795
5270,1138,4066,4,,2025-05-12 11:31:00,2025-05-12 16:36:00,2025-05-12 15:48:00,Completed,197763
5271,3397,4082,1,,2025-05-12 14:08:00,2025-05-12 17:30:00,2025-05-12 16:45:00,Completed,142758
5272,4601,4088,6,,2025-05-12 15:07:00,2025-05-12 16:44:00,2025-05-12 15:59:00,Completed,32891
5273,3114,4042,1,,2025-05-12 15:36:00,2025-05-14 09:46:00,2025-05-14 09:33:00,Completed,139904
5274,305,4039,5,,2025-05-12 15:39:00,2025-05-12 17:30:00,2025-05-12 16:10:00,Completed,115378
5275,4464,4084,6,,2025-05-13 08:06:00,2025-05-13 09:36:00,2025-05-13 09:04:00,Completed,28074
5276,4214,4075,4,,2025-05-13 08:39:00,2025-05-13 12:54:00,2025-05-13 10:44:00,Completed,53789
5277,4547,4008,3,,2025-05-13 09:01:00,2025-05-13 13:46:00,2025-05-13 11:27:00,Completed,44347
5278,4614,,5,,2025-05-13 09:08:00,2025-05-13 10:23:00,2025-05-13 09:48:00,Completed,40864
5279,3945,4036,1,,2025-05-13 09:08:00,2025-05-15 14:07:00,2025-05-15 10:09:00,Completed,46212
5280,396,,2,,2025-05-13 09:15:00,2025-05-14 10:47:00,2025-05-13 16:54:00,Completed,201211
5281,3971,4043,2,,2025-05-13 09:24:00,2025-05-13 11:54:00,2025-05-13 10:52:00,Completed,118995
5282,4252,4086,6,,2025-05-13 09:39:00,2025-05-13 12:16:00,2025-05-13 10:36:00,Completed,91376
5283,3417,4037,5,,2025-05-13 11:00:00,2025-05-13 13:30:00,2025-05-19 12:50:00,Completed,132949
5284,2612,4083,6,,2025-05-13 11:06:00,2025-05-13 15:51:00,2025-05-13 15:59:00,Completed,72492
5285,3272,,5,,2025-05-13 11:13:00,2025-05-13 12:30:00,2025-05-13 11:54:00,Completed,35292
5286,4584,4055,5,,2025-05-13 11:31:00,2025-05-13 13:26:00,2025-05-13 12:34:00,Completed,132498
5287,4583,4058,4,,2025-05-13 13:32:00,2025-05-13 15:32:00,2025-05-13 14:16:00,Completed,182207
5288,2524,4098,5,,2025-05-13 13:38:00,2025-05-13 14:53:00,2025-05-13 14:21:00,Completed,78648
5289,2210,4101,6,,2025-05-14 07:37:00,2025-05-14 11:07:00,2025-05-14 08:55:00,Completed,109454
5290,4572,4050,5,,2025-05-14 08:03:00,2025-05-14 11:33:00,2025-05-14 10:00:00,Completed,43041
5291,4630,,4,,2025-05-14 08:26:00,2025-05-14 11:41:00,2025-05-14 11:07:00,Completed,44158
5292,419,,4,,2025-05-14 08:47:00,2025-05-14 10:23:00,2025-05-14 10:00:00,Completed,104296
5293,2284,4014,4,,2025-05-14 09:02:00,2025-05-14 10:40:00,2025-05-14 10:14:00,Completed,35293
5294,4622,,5,,2025-05-14 09:03:00,2025-05-14 15:33:00,2025-05-14 14:09:00,Completed,171441
5295,4627,,6,,2025-05-14 09:28:00,2025-05-14 12:58:00,2025-05-14 11:51:00,Completed,29752
5296,2619,4044,4,,2025-05-14 09:33:00,2025-05-14 12:27:00,2025-05-14 11:34:00,Completed,204256
5297,1700,4065,5,,2025-05-14 09:36:00,2025-05-14 13:31:00,2025-05-14 14:43:00,Completed,276979
5298,4628,4102,4,,2025-05-14 10:05:00,2025-05-14 12:03:00,2025-05-14 11:56:00,Completed,64798
5299,4623,,6,,2025-05-14 10:17:00,2025-05-14 12:25:00,2025-05-14 12:16:00,Completed,142678
5300,4625,,1,,2025-05-14 10:32:00,2025-05-14 14:02:00,2025-05-14 13:06:00,Completed,33861
5301,3965,4085,1,,2025-05-14 11:06:00,2025-05-16 13:27:00,2025-05-16 09:43:00,Completed,159265
5302,4626,,6,,2025-05-14 11:57:00,2025-05-14 13:19:00,2025-05-14 12:41:00,Completed,30977
5303,4615,4099,2,,2025-05-14 12:33:00,2025-05-16 07:33:00,2025-05-21 16:58:00,Completed,67392
5304,275,4073,1,,2025-05-14 14:02:00,2025-05-14 15:17:00,2025-05-14 14:38:00,Completed,223959
5305,4530,3976,6,,2025-05-15 08:09:00,2025-05-15 09:16:00,2025-05-15 08:43:00,Completed,25958
5306,4637,,4,,2025-05-15 09:12:00,2025-05-15 12:12:00,2025-05-15 11:29:00,Completed,125594
5307,2895,4103,2,,2025-05-15 10:02:00,2025-05-15 11:51:00,2025-05-15 11:44:00,Completed,70771
5308,4639,,2,,2025-05-15 10:20:00,2025-05-15 12:28:00,2025-05-15 12:07:00,Completed,16881
5309,4617,4096,5,,2025-05-15 10:39:00,2025-05-15 15:09:00,2025-05-16 12:17:00,Completed,128601
5310,4638,,2,,2025-05-15 11:31:00,2025-05-16 08:09:00,2025-05-15 15:07:00,Completed,94197
5311,4556,4021,6,,2025-05-15 13:03:00,2025-05-15 16:03:00,2025-05-15 15:27:00,Completed,172090
5312,4631,4105,4,,2025-05-15 13:30:00,2025-05-16 08:52:00,2025-05-16 08:01:00,Completed,58172
5313,4492,4104,6,,2025-05-15 14:01:00,2025-05-15 16:40:00,2025-05-15 16:23:00,Completed,32184
5314,3580,4077,6,,2025-05-15 15:05:00,2025-05-16 08:15:00,2025-05-15 17:16:00,Completed,138060
5315,2253,4079,3,,2025-05-16 07:37:00,2025-05-16 10:22:00,2025-05-16 12:16:00,Completed,180145
5316,2618,4108,2,,2025-05-16 08:02:00,2025-05-16 10:20:00,2025-05-16 09:13:00,Completed,196876
5317,4640,4112,3,,2025-05-16 08:05:00,2025-05-16 14:13:00,2025-05-16 14:30:00,Completed,95456
5318,4619,4100,2,,2025-05-16 08:32:00,2025-05-22 07:48:00,2025-05-23 08:12:00,Completed,28383
5319,2612,,6,5284,2025-05-16 08:37:00,2025-05-16 11:10:00,2025-05-16 11:46:00,Completed,72589
5320,4520,4033,4,,2025-05-16 09:36:00,2025-05-16 10:51:00,2025-05-16 10:08:00,Completed,91937
5321,4590,4064,4,,2025-05-16 09:37:00,2025-05-16 13:20:00,2025-05-16 12:52:00,Completed,221297
5322,4646,,5,,2025-05-16 09:55:00,2025-05-16 12:10:00,2025-05-16 11:13:00,Completed,96419
5323,4317,4111,6,,2025-05-16 11:38:00,2025-05-16 14:45:00,2025-05-16 13:59:00,Completed,86270
5324,4645,,3,,2025-05-16 13:00:00,2025-05-16 14:15:00,2025-05-16 13:41:00,Completed,23433
5325,2282,4087,4,,2025-05-16 13:08:00,2025-05-17 08:23:00,2025-05-16 15:14:00,Completed,187470
5326,4644,,4,,2025-05-16 14:19:00,2025-05-17 08:43:00,2025-05-16 16:35:00,Completed,117022
5327,3343,,1,,2025-05-16 14:26:00,2025-05-17 08:29:00,2025-05-21 13:38:00,Completed,251243
5328,4042,4070,3,,2025-05-16 15:34:00,2025-05-17 14:00:00,2025-05-17 11:37:00,Completed,66008
5329,175,4125,3,,2025-05-17 08:00:00,2025-05-17 10:00:00,2025-05-17 09:14:00,Completed,243212
5330,4216,4045,4,,2025-05-17 08:09:00,2025-05-17 14:00:00,2025-05-17 12:42:00,Completed,102199
5331,4405,,1,,2025-05-17 09:25:00,2025-05-19 12:25:00,2025-05-24 13:29:00,Completed,136708
5332,3953,4126,6,,2025-05-17 10:07:00,2025-05-17 11:29:00,2025-05-17 10:55:00,Completed,113813
5333,4129,4061,4,,2025-05-17 10:34:00,2025-05-17 14:00:00,2025-05-17 12:59:00,Completed,28541
5334,4641,4115,3,,2025-05-17 10:35:00,2025-05-19 08:35:00,2025-05-17 12:34:00,Completed,53129
5335,3671,,3,,2025-05-17 11:47:00,2025-05-17 14:00:00,2025-05-17 13:09:00,Completed,150758
5336,4351,,3,,2025-05-17 12:08:00,2025-05-17 14:00:00,2025-05-17 13:41:00,Completed,101555
5337,3085,4110,4,,2025-05-19 07:32:00,2025-05-19 09:39:00,2025-05-19 08:42:00,Completed,114011
5338,2184,4031,6,,2025-05-19 07:39:00,2025-05-19 08:54:00,2025-05-19 08:14:00,Completed,153884
5339,4595,4076,6,,2025-05-19 08:05:00,2025-05-19 11:22:00,2025-05-19 09:13:00,Completed,67928
5340,4485,4090,4,,2025-05-19 08:09:00,2025-05-19 11:39:00,2025-05-19 10:43:00,Completed,162451
5341,3904,4113,6,,2025-05-19 08:24:00,2025-05-19 11:21:00,2025-05-19 10:45:00,Completed,86960
5342,3614,4142,1,,2025-05-19 08:32:00,2025-05-19 09:47:00,2025-05-19 09:18:00,Completed,125240
5343,2480,4026,3,,2025-05-19 08:37:00,2025-05-19 10:22:00,2025-05-19 09:23:00,Completed,71592
5344,281,,4,,2025-05-19 08:53:00,2025-05-19 12:48:00,2025-05-19 11:22:00,Completed,205397
5345,4084,,4,,2025-05-19 08:53:00,2025-05-19 11:30:00,2025-05-19 11:54:00,Completed,91075
5346,4110,,3,,2025-05-19 09:05:00,2025-05-19 10:20:00,2025-05-19 09:47:00,Completed,95515
5347,3837,4063,6,,2025-05-19 09:07:00,2025-05-19 14:10:00,2025-05-19 16:10:00,Completed,48321
5348,3862,4124,3,,2025-05-19 09:37:00,2025-05-19 13:59:00,2025-05-19 11:31:00,Completed,264213
5349,3544,,2,,2025-05-19 09:42:00,2025-05-19 14:27:00,2025-05-19 11:51:00,Completed,114263
5350,1013,4129,6,5134,2025-05-19 10:01:00,2025-05-19 13:55:00,2025-05-19 16:27:00,Completed,57967
5351,544,4141,1,,2025-05-19 10:35:00,2025-05-19 13:35:00,2025-05-19 13:19:00,Completed,199193
5352,3726,4128,6,,2025-05-19 11:30:00,2025-05-19 13:20:00,2025-05-19 13:12:00,Completed,92176
5353,4653,,1,,2025-05-19 12:36:00,2025-05-21 08:04:00,2025-05-21 08:16:00,Completed,204612
5354,1008,,1,,2025-05-19 12:36:00,2025-05-19 15:21:00,2025-05-19 13:58:00,Completed,158697
5355,4371,4127,6,,2025-05-19 13:39:00,2025-05-19 16:09:00,2025-05-19 15:07:00,Completed,88933
5356,3416,4146,3,,2025-05-19 14:31:00,2025-05-20 09:16:00,2025-05-20 09:37:00,Completed,132727
5357,4541,4143,1,,2025-05-19 14:39:00,2025-05-20 11:01:00,2025-05-20 07:52:00,Completed,226889
5358,4193,3980,4,,2025-05-19 15:30:00,2025-05-20 10:00:00,2025-05-20 07:48:00,Completed,173752
5359,4642,4114,1,,2025-05-20 08:09:00,2025-05-20 09:24:00,2025-05-20 08:34:00,Completed,48913
5360,4621,4095,1,,2025-05-20 09:00:00,2025-05-20 16:37:00,2025-05-20 13:34:00,Completed,117253
5361,4599,4074,4,,2025-05-20 09:09:00,2025-05-20 10:24:00,2025-05-20 09:41:00,Completed,74617
5362,4635,4109,6,,2025-05-20 09:16:00,2025-05-20 10:31:00,2025-05-20 10:01:00,Completed,66188
5363,2492,4137,4,,2025-05-20 09:36:00,2025-05-20 10:51:00,2025-05-20 10:31:00,Completed,81047
5364,3593,,6,,2025-05-20 10:18:00,2025-05-20 13:18:00,2025-05-20 14:41:00,Completed,183523
5365,4651,4135,3,,2025-05-20 11:04:00,2025-05-22 17:30:00,2025-05-22 14:44:00,Completed,34673
5366,4659,,4,,2025-05-20 12:12:00,2025-05-20 13:45:00,2025-05-20 13:09:00,Completed,101721
5367,4654,4148,6,,2025-05-20 12:33:00,2025-05-20 14:03:00,2025-05-20 13:25:00,Completed,71417
5368,3263,,6,,2025-05-20 12:57:00,2025-05-20 16:24:00,2025-05-20 14:37:00,Completed,57009
5369,4542,4139,4,,2025-05-20 13:00:00,2025-05-20 16:00:00,2025-05-20 16:54:00,Completed,150397
5370,4597,4068,6,,2025-05-20 13:03:00,2025-05-20 17:30:00,2025-05-21 08:10:00,Completed,154514
5371,4089,4152,2,,2025-05-20 13:20:00,2025-05-21 07:35:00,2025-05-21 07:42:00,Completed,82755
5372,466,4140,6,,2025-05-20 14:37:00,2025-05-21 08:40:00,2025-05-21 10:40:00,Completed,257167
5373,4658,4158,2,,2025-05-20 15:06:00,2025-05-20 16:21:00,2025-05-20 15:39:00,Completed,106697
5374,4509,4132,2,,2025-05-21 07:33:00,2025-05-21 08:48:00,2025-05-21 08:03:00,Completed,114182
5375,3538,4122,6,,2025-05-21 07:33:00,2025-05-21 09:03:00,2025-05-21 08:26:00,Completed,62093
5376,3346,4040,6,,2025-05-21 08:01:00,2025-05-21 11:02:00,2025-05-21 10:41:00,Completed,47433
5377,2387,4136,1,,2025-05-21 08:01:00,2025-05-21 12:16:00,2025-05-21 09:56:00,Completed,74612
5378,4533,,4,5175,2025-05-21 08:50:00,2025-05-21 11:35:00,2025-05-21 09:47:00,Completed,85363
5379,4667,,4,,2025-05-21 09:13:00,2025-05-21 12:05:00,2025-05-21 11:24:00,Completed,97399
5380,2511,4134,6,,2025-05-21 09:36:00,2025-05-21 11:13:00,2025-05-21 10:40:00,Completed,80291
5381,1467,4150,6,,2025-05-21 11:06:00,2025-05-21 12:36:00,2025-05-21 11:52:00,Completed,61033
5382,4307,,6,,2025-05-21 11:30:00,2025-05-21 12:55:00,2025-05-21 12:15:00,Completed,224175
5383,75,4117,4,,2025-05-21 11:31:00,2025-05-21 14:01:00,2025-05-21 12:21:00,Completed,234021
5384,2179,4170,4,,2025-05-21 13:05:00,2025-05-21 14:20:00,2025-05-21 13:32:00,Completed,172263
5385,1625,,6,,2025-05-21 14:16:00,2025-05-21 15:31:00,2025-05-21 14:52:00,Completed,136851
5386,4262,4168,4,,2025-05-21 14:32:00,2025-05-24 12:42:00,2025-05-27 11:52:00,Completed,178170
5387,3797,4153,2,,2025-05-22 07:37:00,2025-05-22 10:07:00,2025-05-22 08:14:00,Completed,136126
5388,2665,4169,6,,2025-05-22 08:00:00,2025-05-22 10:30:00,2025-05-22 10:56:00,Completed,223353
5389,1150,4092,6,,2025-05-22 08:36:00,2025-05-22 11:13:00,2025-05-22 11:00:00,Completed,173376
5390,4675,,4,,2025-05-22 09:23:00,2025-05-22 11:38:00,2025-05-22 10:50:00,Completed,122760
5391,2608,4144,2,,2025-05-22 10:07:00,2025-05-22 12:07:00,2025-05-22 11:22:00,Completed,178725
5392,4677,,2,,2025-05-22 10:13:00,2025-05-22 14:11:00,2025-05-22 13:04:00,Completed,48575
5393,4499,3945,6,,2025-05-22 12:32:00,2025-05-22 13:47:00,2025-05-22 13:09:00,Completed,111933
5394,4664,4159,1,,2025-05-22 12:34:00,2025-05-23 09:26:00,2025-05-22 17:16:00,Completed,57847
5395,4051,,6,,2025-05-22 13:30:00,2025-05-22 14:45:00,2025-05-22 14:01:00,Completed,41765
5396,4586,4057,6,,2025-05-22 14:00:00,2025-05-27 12:00:00,2025-05-27 10:51:00,Completed,247502
5397,4643,4116,4,,2025-05-22 14:05:00,2025-05-23 08:53:00,2025-05-22 16:30:00,Completed,157707
5398,3003,4176,2,,2025-05-22 14:19:00,2025-05-23 09:04:00,2025-05-22 16:19:00,Completed,60638
5399,4147,4131,6,,2025-05-22 14:30:00,2025-05-22 15:46:00,2025-05-22 15:27:00,Completed,96519
5400,2930,4151,4,,2025-05-23 07:32:00,2025-05-23 09:02:00,2025-05-23 08:19:00,Completed,61526
5401,4669,4172,6,,2025-05-23 08:33:00,2025-05-23 11:33:00,2025-05-23 10:27:00,Completed,71275
5402,4650,4133,3,,2025-05-23 09:00:00,2025-05-23 10:15:00,2025-05-23 09:24:00,Completed,175014
5403,3955,,6,,2025-05-23 09:31:00,2025-05-23 15:32:00,2025-05-23 16:16:00,Completed,65131
5404,4665,4155,3,,2025-05-23 09:38:00,2025-05-23 10:53:00,2025-05-23 10:10:00,Completed,102144
5405,2312,4161,2,,2025-05-23 09:39:00,2025-05-23 16:01:00,2025-05-23 15:36:00,Completed,114349
5406,4334,4184,3,,2025-05-23 09:54:00,2025-05-23 14:13:00,2025-05-23 12:00:00,Completed,87005
5407,4507,4183,3,,2025-05-23 10:00:00,2025-05-23 12:50:00,2025-05-23 12:50:00,Completed,136823
5408,4681,4186,4,,2025-05-23 10:11:00,2025-05-23 12:03:00,2025-05-23 11:15:00,Completed,112183
5409,4680,,3,,2025-05-23 12:03:00,2025-05-23 13:37:00,2025-05-23 13:05:00,Completed,48786
5410,4668,4167,3,,2025-05-23 13:03:00,2025-05-23 15:40:00,2025-05-28 11:56:00,Completed,94653
5411,3081,4179,6,,2025-05-23 13:32:00,2025-05-23 15:38:00,2025-05-23 15:14:00,Completed,202979
5412,4526,4175,4,,2025-05-24 08:03:00,2025-05-24 10:03:00,2025-05-24 09:37:00,Completed,29566
5413,1571,4165,4,,2025-05-24 09:07:00,2025-05-27 08:26:00,2025-05-24 12:23:00,Completed,177384
5414,4277,4178,3,,2025-05-24 09:09:00,2025-05-24 14:00:00,2025-05-24 11:36:00,Completed,150158
5415,4683,4194,4,,2025-05-24 09:28:00,2025-05-24 12:19:00,2025-05-24 12:42:00,Completed,37316
5416,2951,4192,1,,2025-05-24 09:35:00,2025-05-27 10:05:00,2025-05-27 08:19:00,Completed,106218
5417,3829,4157,6,,2025-05-24 09:38:00,2025-05-24 10:53:00,2025-05-24 10:03:00,Completed,33942
5418,4367,4149,4,,2025-05-24 11:39:00,2025-05-27 07:39:00,2025-05-24 13:21:00,Completed,125671
5419,3161,3968,2,,2025-05-27 07:36:00,2025-06-02 15:06:00,2025-06-02 14:12:00,Completed,150384
5420,1475,4182,6,,2025-05-27 08:00:00,2025-05-27 09:07:00,2025-05-27 08:40:00,Completed,158164
5421,4552,,6,,2025-05-27 08:15:00,2025-05-27 12:35:00,2025-05-27 14:46:00,Completed,174220
5422,3060,4195,6,,2025-05-27 08:37:00,2025-05-27 12:11:00,2025-05-27 10:52:00,Completed,202686
5423,446,,6,,2025-05-27 08:50:00,2025-05-27 13:51:00,2025-05-27 12:31:00,Completed,124194
5424,4590,,6,5321,2025-05-27 09:17:00,2025-05-27 13:39:00,2025-05-27 16:53:00,Completed,221601
5425,4256,4154,6,,2025-05-27 09:39:00,2025-05-27 14:45:00,2025-05-27 15:05:00,Completed,262132
5426,2427,4121,6,,2025-05-27 10:05:00,2025-05-27 14:11:00,2025-05-27 14:52:00,Completed,34694
5427,4115,4201,3,,2025-05-27 10:07:00,2025-05-29 09:02:00,2025-05-28 17:28:00,Completed,85978
5428,2381,4207,6,,2025-05-27 10:19:00,2025-05-27 16:15:00,2025-05-27 16:07:00,Completed,83281
5429,4692,,1,,2025-05-27 10:23:00,2025-05-27 11:45:00,2025-05-27 11:12:00,Completed,62012
5430,2918,4206,3,,2025-05-27 10:32:00,2025-05-28 12:32:00,2025-05-31 11:23:00,Completed,70029
5431,4068,4216,1,,2025-05-27 10:38:00,2025-05-27 12:07:00,2025-05-27 11:28:00,Completed,106857
5432,3531,4220,6,,2025-05-27 10:48:00,2025-05-28 09:16:00,2025-05-28 09:32:00,Completed,140424
5433,3339,,3,,2025-05-27 10:54:00,2025-05-27 13:54:00,2025-05-27 14:56:00,Completed,47993
5434,2726,,1,,2025-05-27 11:32:00,2025-05-27 15:02:00,2025-05-27 13:47:00,Completed,36475
5435,4696,,1,,2025-05-27 12:40:00,2025-05-27 16:09:00,2025-05-27 14:28:00,Completed,94452
5436,4694,,6,,2025-05-27 12:49:00,2025-05-28 08:55:00,2025-05-28 10:35:00,Completed,113310
5437,4693,4221,6,,2025-05-27 13:32:00,2025-05-30 10:58:00,2025-05-29 16:26:00,Completed,96618
5438,4260,4091,1,,2025-05-27 14:05:00,2025-05-29 08:57:00,2025-05-29 09:51:00,Completed,71137
5439,2228,4160,6,,2025-05-27 15:30:00,2025-05-28 13:36:00,2025-05-28 12:36:00,Completed,186831
5440,4671,4174,6,,2025-05-28 08:04:00,2025-05-28 16:04:00,2025-05-28 15:12:00,Completed,98368
5441,4022,4209,4,,2025-05-28 08:09:00,2025-05-28 12:46:00,2025-05-28 09:48:00,Completed,125812
5442,4670,4166,6,,2025-05-28 08:31:00,2025-05-28 14:37:00,2025-05-28 15:44:00,Completed,13582
5443,1278,4163,1,,2025-05-28 08:31:00,2025-05-28 14:01:00,2025-05-28 10:58:00,Completed,110753
5444,1226,4219,3,,2025-05-28 08:51:00,2025-05-28 11:21:00,2025-05-28 09:28:00,Completed,190534
5445,4688,4210,6,,2025-05-28 09:35:00,2025-05-28 15:13:00,2025-05-28 16:54:00,Completed,141229
5446,3653,,6,,2025-05-28 09:48:00,2025-05-28 16:39:00,2025-05-29 08:30:00,Completed,44321
5447,4704,,2,,2025-05-28 09:58:00,2025-05-28 13:50:00,2025-05-28 12:19:00,Completed,12812
5448,4702,,1,,2025-05-28 10:06:00,2025-05-28 12:18:00,2025-05-28 11:35:00,Completed,207140
5449,4698,4224,4,,2025-05-28 10:39:00,2025-05-29 10:31:00,2025-06-03 14:29:00,Completed,517507
5450,4004,4232,6,,2025-05-28 12:06:00,2025-05-29 07:34:00,2025-05-29 09:26:00,Completed,170173
5451,4657,4145,3,,2025-05-28 13:03:00,2025-05-28 16:33:00,2025-05-28 14:38:00,Completed,150681
5452,2890,4228,3,,2025-05-28 14:06:00,2025-05-28 15:28:00,2025-05-28 14:45:00,Completed,90175
5453,2075,4173,3,,2025-05-28 15:01:00,2025-05-29 07:53:00,2025-05-28 16:47:00,Completed,194757
5454,3714,4190,4,,2025-05-29 08:02:00,2025-05-29 11:17:00,2025-05-29 09:31:00,Completed,61528
5455,1230,4236,4,,2025-05-29 08:36:00,2025-05-29 11:21:00,2025-05-29 10:58:00,Completed,221282
5456,4684,4203,6,,2025-05-29 09:01:00,2025-05-29 10:22:00,2025-05-29 09:54:00,Completed,107411
5457,4612,4093,6,,2025-05-29 09:07:00,2025-05-29 11:59:00,2025-05-29 11:35:00,Completed,28392
5458,4448,,3,,2025-05-29 09:21:00,2025-05-29 12:36:00,2025-05-29 11:09:00,Completed,105972
5459,3388,4193,1,,2025-05-29 10:04:00,2025-05-29 15:49:00,2025-05-29 16:50:00,Completed,48749
5460,4707,,1,,2025-05-29 10:24:00,2025-06-03 15:27:00,2025-06-04 14:48:00,Completed,149779
5461,4233,,6,,2025-05-29 10:43:00,2025-05-29 14:41:00,2025-05-29 14:16:00,Completed,45878
5462,4705,,6,,2025-05-29 11:28:00,2025-05-29 15:12:00,2025-05-29 15:46:00,Completed,76374
5463,3373,,4,,2025-05-29 11:55:00,2025-05-29 15:10:00,2025-05-29 13:05:00,Completed,239996
5464,3068,,3,,2025-05-29 12:03:00,2025-05-29 15:03:00,2025-05-29 14:00:00,Completed,52352
5465,4679,4180,6,,2025-05-29 12:39:00,2025-05-29 17:30:00,2025-05-29 16:36:00,Completed,164127
5466,2782,4188,3,,2025-05-29 15:31:00,2025-05-30 08:23:00,2025-05-30 07:31:00,Completed,55401
5467,1464,4229,1,,2025-05-30 07:33:00,2025-05-30 12:12:00,2025-05-30 11:16:00,Completed,84661
5468,4445,4196,6,,2025-05-30 07:37:00,2025-05-30 11:07:00,2025-05-30 09:38:00,Completed,118511
5469,2989,4197,3,,2025-05-30 08:05:00,2025-05-30 09:35:00,2025-05-30 08:43:00,Completed,124130
5470,2035,4245,6,,2025-05-30 08:08:00,2025-05-30 10:44:00,2025-05-30 10:38:00,Completed,136845
5471,4433,4200,4,,2025-05-30 08:35:00,2025-05-30 10:57:00,2025-05-30 09:56:00,Completed,164320
5472,4709,,3,,2025-05-30 09:07:00,2025-05-30 12:14:00,2025-05-30 11:21:00,Completed,36916
5473,2317,,3,,2025-05-30 10:06:00,2025-05-30 13:22:00,2025-05-30 12:38:00,Completed,143499
5474,2175,4202,6,,2025-05-30 11:07:00,2025-05-30 14:07:00,2025-05-30 13:41:00,Completed,147109
5475,4534,,6,,2025-05-30 11:47:00,2025-05-30 13:14:00,2025-05-30 12:54:00,Completed,43154
5476,4584,4234,2,,2025-05-30 12:08:00,2025-05-31 09:53:00,2025-05-30 15:35:00,Completed,133137
5477,3939,4213,4,,2025-05-30 12:31:00,2025-05-30 15:38:00,2025-05-30 14:35:00,Completed,107448
5478,4708,4248,4,,2025-05-30 13:07:00,2025-06-03 10:48:00,2025-06-03 08:38:00,Completed,56388
5479,243,4119,1,,2025-05-30 14:00:00,2025-05-31 10:52:00,2025-05-31 08:22:00,Completed,105853
5480,2536,4241,2,,2025-05-30 15:34:00,2025-05-31 12:45:00,2025-05-31 12:33:00,Completed,150845
5481,4305,4239,6,,2025-05-31 08:02:00,2025-05-31 10:32:00,2025-05-31 09:41:00,Completed,54050
5482,3052,4222,3,,2025-05-31 08:04:00,2025-05-31 09:19:00,2025-05-31 08:36:00,Completed,214094
5483,323,4254,6,,2025-05-31 08:31:00,2025-05-31 12:32:00,2025-05-31 11:49:00,Completed,307105
5484,3814,,3,,2025-05-31 08:57:00,2025-05-31 12:12:00,2025-05-31 12:20:00,Completed,37480
5485,2795,4242,2,,2025-05-31 09:01:00,2025-06-03 14:38:00,2025-06-03 14:08:00,Completed,157326
5486,3720,,3,,2025-05-31 09:10:00,2025-05-31 14:00:00,2025-06-02 08:23:00,Completed,69264
5487,4219,4208,6,,2025-05-31 09:34:00,2025-05-31 12:17:00,2025-05-31 12:04:00,Completed,62916
5488,4714,,6,,2025-05-31 09:53:00,2025-05-31 14:00:00,2025-06-02 07:40:00,Completed,60597
5489,3100,4252,6,,2025-05-31 11:37:00,2025-06-02 08:26:00,2025-06-02 08:41:00,Completed,18572
5490,3905,4244,7,,2025-06-02 08:01:00,2025-06-02 11:08:00,2025-06-02 11:17:00,Completed,160678
5491,2717,4238,4,,2025-06-02 08:33:00,2025-06-02 12:03:00,2025-06-02 10:59:00,Completed,25447
5492,4354,4191,3,,2025-06-02 08:33:00,2025-06-02 12:03:00,2025-06-02 10:12:00,Completed,151238
5493,2470,4025,4,,2025-06-02 09:07:00,2025-06-02 12:00:00,2025-06-02 11:49:00,Completed,96268
5494,4721,,3,,2025-06-02 09:54:00,2025-06-02 12:24:00,2025-06-02 11:16:00,Completed,148300
5495,3701,4240,7,,2025-06-02 10:32:00,2025-06-02 13:32:00,2025-06-02 13:55:00,Completed,55682
5496,1226,,3,5444,2025-06-02 10:32:00,2025-06-02 13:07:00,2025-06-02 11:40:00,Completed,190730
5497,4722,,2,,2025-06-02 10:35:00,2025-06-02 13:05:00,2025-06-02 11:05:00,Completed,241037
5498,4394,4225,6,,2025-06-02 11:04:00,2025-06-02 15:26:00,2025-06-02 15:11:00,Completed,59093
5499,3542,4237,6,,2025-06-02 11:07:00,2025-06-02 13:35:00,2025-06-02 13:52:00,Completed,185733
5500,77,4264,4,,2025-06-02 11:32:00,2025-06-03 07:55:00,2025-06-03 09:13:00,Completed,279593
5501,2567,,6,,2025-06-02 11:35:00,2025-06-02 14:44:00,2025-06-02 15:09:00,Completed,132363
5502,2155,4004,7,,2025-06-02 12:07:00,2025-06-02 16:13:00,2025-06-02 15:21:00,Completed,57520
5503,3619,,2,,2025-06-02 12:37:00,2025-06-02 15:14:00,2025-06-02 13:15:00,Completed,226105
5504,3703,4235,3,,2025-06-02 13:05:00,2025-06-02 16:05:00,2025-06-02 13:54:00,Completed,66445
5505,3022,4223,3,,2025-06-02 13:09:00,2025-06-02 14:41:00,2025-06-02 14:21:00,Completed,104764
5506,172,4262,6,,2025-06-02 14:04:00,2025-06-02 16:02:00,2025-06-02 15:55:00,Completed,244111
5507,4531,,7,,2025-06-02 14:44:00,2025-06-02 17:30:00,2025-06-02 17:26:00,Completed,60205
5508,1032,4261,6,,2025-06-02 15:31:00,2025-06-02 17:30:00,2025-06-02 16:17:00,Completed,102282
5509,4734,,6,,2025-06-03 08:19:00,2025-06-03 12:19:00,2025-06-03 10:30:00,Completed,42889
5510,4745,,4,,2025-06-03 08:53:00,2025-06-03 13:53:00,2025-06-03 14:26:00,Completed,27281
5511,4324,4276,3,,2025-06-03 09:06:00,2025-06-03 11:06:00,2025-06-03 10:09:00,Completed,116073
5512,4719,4266,7,,2025-06-03 09:34:00,2025-06-03 11:34:00,2025-06-03 11:13:00,Completed,67070
5513,4746,4275,3,,2025-06-03 10:02:00,2025-06-03 16:11:00,2025-06-03 13:54:00,Completed,184922
5514,1171,4258,3,,2025-06-03 10:07:00,2025-06-03 13:29:00,2025-06-03 14:25:00,Completed,162163
5515,4738,,6,,2025-06-03 10:51:00,2025-06-09 12:06:00,2025-06-09 11:19:00,Completed,172610
5516,4742,4279,6,,2025-06-03 11:33:00,2025-06-03 13:00:00,2025-06-03 12:46:00,Completed,118529
5517,4741,,2,,2025-06-03 11:48:00,2025-06-03 15:18:00,2025-06-03 14:35:00,Completed,69296
5518,4720,4265,7,,2025-06-03 14:06:00,2025-06-03 15:28:00,2025-06-03 14:58:00,Completed,95722
5519,4743,,3,,2025-06-03 14:45:00,2025-06-04 08:33:00,2025-06-09 11:57:00,Completed,93903
5520,3580,4267,6,5314,2025-06-04 07:33:00,2025-06-04 09:48:00,2025-06-04 10:23:00,Completed,138835
5521,4575,4049,7,,2025-06-04 08:02:00,2025-06-04 09:17:00,2025-06-04 08:44:00,Completed,167327
5522,4724,4269,7,,2025-06-04 08:03:00,2025-06-04 11:37:00,2025-06-04 10:00:00,Completed,188993
5523,4748,4285,3,,2025-06-04 08:32:00,2025-06-04 14:39:00,2025-06-04 12:41:00,Completed,14963
5524,4760,,6,,2025-06-04 08:44:00,2025-06-04 10:36:00,2025-06-04 10:00:00,Completed,166493
5525,4585,4270,4,,2025-06-04 09:01:00,2025-06-04 14:46:00,2025-06-04 15:42:00,Completed,17409
5526,4125,4287,7,,2025-06-04 09:05:00,2025-06-04 11:54:00,2025-06-04 10:43:00,Completed,71145
5527,4689,4214,3,,2025-06-04 09:36:00,2025-06-04 17:30:00,2025-06-04 15:30:00,Completed,158040
5528,4686,4204,3,,2025-06-04 10:00:00,2025-06-04 16:25:00,2025-06-04 17:22:00,Completed,28678
5529,4756,,1,,2025-06-04 11:19:00,2025-06-04 12:34:00,2025-06-04 11:47:00,Completed,41783
5530,646,4249,1,,2025-06-04 11:37:00,2025-06-05 08:46:00,2025-06-04 17:25:00,Completed,144921
5531,4423,4263,7,,2025-06-04 12:01:00,2025-06-04 14:57:00,2025-06-04 14:42:00,Completed,95557
5532,4757,,7,,2025-06-04 13:32:00,2025-06-04 15:22:00,2025-06-04 15:25:00,Completed,211226
5533,226,4181,3,,2025-06-04 14:00:00,2025-06-05 08:48:00,2025-06-05 07:54:00,Completed,186047
5534,4747,4278,6,,2025-06-04 14:07:00,2025-06-04 16:22:00,2025-06-04 15:44:00,Completed,85247
5535,4142,4271,1,,2025-06-04 14:33:00,2025-06-04 16:33:00,2025-06-04 15:45:00,Completed,150834
5536,4750,4280,4,,2025-06-05 07:35:00,2025-06-05 17:30:00,2025-06-05 16:19:00,Completed,117947
5537,4749,4282,7,,2025-06-05 08:02:00,2025-06-05 13:09:00,2025-06-05 13:56:00,Completed,129549
5538,4710,4246,2,,2025-06-05 08:07:00,2025-06-05 15:29:00,2025-06-05 12:00:00,Completed,105408
5539,4595,,6,5339,2025-06-05 08:42:00,2025-06-05 11:15:00,2025-06-05 09:29:00,Completed,68419
5540,2164,,2,,2025-06-05 08:59:00,2025-06-07 13:12:00,2025-06-07 09:12:00,Completed,118096
5541,4776,4294,3,,2025-06-05 09:03:00,2025-06-05 11:48:00,2025-06-05 09:49:00,Completed,118311
5542,4762,4288,3,,2025-06-05 09:08:00,2025-06-05 11:02:00,2025-06-05 10:18:00,Completed,117632
5543,3416,,6,5356,2025-06-05 09:17:00,2025-06-05 12:17:00,2025-06-05 12:06:00,Completed,133359
5544,4766,4295,7,,2025-06-05 09:20:00,2025-06-05 11:59:00,2025-06-05 12:43:00,Completed,28739
5545,4777,,7,,2025-06-05 09:35:00,2025-06-05 12:29:00,2025-06-05 13:02:00,Completed,27828
5546,444,4253,6,,2025-06-05 09:37:00,2025-06-05 11:53:00,2025-06-05 11:36:00,Completed,313091
5547,4761,4292,3,,2025-06-05 10:33:00,2025-06-05 16:18:00,2025-06-05 14:05:00,Completed,46912
5548,4591,4062,1,,2025-06-05 10:38:00,2025-06-05 15:23:00,2025-06-05 13:42:00,Completed,128431
5549,4768,,3,,2025-06-05 10:46:00,2025-06-06 13:18:00,2025-06-07 12:43:00,Completed,160781
5550,4449,4260,4,,2025-06-05 11:08:00,2025-06-05 16:38:00,2025-06-05 15:07:00,Completed,28044
5551,4767,,4,,2025-06-05 11:47:00,2025-06-05 15:42:00,2025-06-05 16:01:00,Completed,155541
5552,4772,,2,,2025-06-05 14:01:00,2025-06-05 15:16:00,2025-06-05 14:40:00,Completed,40393
5553,4701,4227,6,,2025-06-06 07:30:00,2025-06-06 08:37:00,2025-06-06 08:09:00,Completed,72075
5554,4085,4218,7,,2025-06-06 08:07:00,2025-06-06 12:14:00,2025-06-06 10:48:00,Completed,38551
5555,2166,4305,6,,2025-06-06 09:05:00,2025-06-06 10:20:00,2025-06-06 09:47:00,Completed,151239
5556,4783,,1,,2025-06-06 09:06:00,2025-06-07 08:21:00,2025-06-07 09:04:00,Completed,59155
5557,4381,4306,4,,2025-06-06 10:08:00,2025-06-06 11:23:00,2025-06-06 10:34:00,Completed,120687
5558,4782,,6,,2025-06-06 10:33:00,2025-06-06 13:10:00,2025-06-06 12:49:00,Completed,132209
5559,4682,4189,4,,2025-06-06 11:37:00,2025-06-06 14:07:00,2025-06-06 14:34:00,Completed,243652
5560,2203,4297,4,,2025-06-06 12:01:00,2025-06-06 16:16:00,2025-06-06 14:08:00,Completed,71852
5561,3957,4302,7,,2025-06-07 08:02:00,2025-06-07 09:17:00,2025-06-07 08:56:00,Completed,163586
5562,3061,,3,,2025-06-07 09:27:00,2025-06-07 14:00:00,2025-06-07 11:09:00,Completed,163459
5563,1282,4212,7,,2025-06-07 10:07:00,2025-06-07 11:48:00,2025-06-07 11:17:00,Completed,236350
5564,3555,4308,7,,2025-06-07 10:33:00,2025-06-10 11:37:00,2025-06-10 10:18:00,Completed,162467
5565,809,,4,,2025-06-07 11:00:00,2025-06-09 10:00:00,2025-06-09 07:32:00,Completed,245506
5566,3811,4303,1,,2025-06-07 11:04:00,2025-06-09 07:49:00,2025-06-07 13:48:00,Completed,220207
5567,706,,7,,2025-06-07 11:12:00,2025-06-07 12:27:00,2025-06-07 12:11:00,Completed,161539
5568,4454,4106,6,,2025-06-09 07:39:00,2025-06-09 12:27:00,2025-06-09 13:34:00,Completed,71891
5569,4807,4329,3,,2025-06-09 08:00:00,2025-06-09 10:18:00,2025-06-09 09:18:00,Completed,11575
5570,3761,4335,1,,2025-06-09 08:31:00,2025-06-09 09:46:00,2025-06-09 09:09:00,Completed,43948
5571,2206,4321,4,,2025-06-09 08:32:00,2025-06-09 09:54:00,2025-06-09 09:02:00,Completed,57345
5572,2867,,3,,2025-06-09 08:33:00,2025-06-09 12:26:00,2025-06-09 11:46:00,Completed,148902
5573,4819,,3,,2025-06-09 08:42:00,2025-06-09 13:34:00,2025-06-09 15:46:00,Completed,96268
5574,4818,4336,3,,2025-06-09 08:57:00,2025-06-09 13:31:00,2025-06-09 13:01:00,Completed,16914
5575,4806,4333,7,,2025-06-09 09:03:00,2025-06-09 10:18:00,2025-06-09 09:41:00,Completed,169685
5576,747,4325,1,,2025-06-09 09:06:00,2025-06-09 13:28:00,2025-06-09 15:07:00,Completed,107333
5577,4652,,6,,2025-06-09 09:21:00,2025-06-09 13:32:00,2025-06-09 12:16:00,Completed,24920
5578,4715,4256,4,,2025-06-09 09:30:00,2025-06-09 15:52:00,2025-06-09 13:13:00,Completed,101802
5579,2931,4322,6,,2025-06-09 09:32:00,2025-06-09 12:23:00,2025-06-09 12:48:00,Completed,78239
5580,4167,4331,7,,2025-06-09 09:51:00,2025-06-09 12:51:00,2025-06-09 13:01:00,Completed,105278
5581,4647,,6,,2025-06-09 10:35:00,2025-06-10 17:30:00,2025-06-10 13:38:00,Completed,62342
5582,4820,,4,,2025-06-09 10:49:00,2025-06-10 08:11:00,2025-06-09 17:18:00,Completed,43574
5583,3013,4268,4,,2025-06-09 11:07:00,2025-06-10 12:05:00,2025-06-10 07:51:00,Completed,100690
5584,4751,4283,2,,2025-06-09 11:33:00,2025-06-09 14:03:00,2025-06-09 13:09:00,Completed,157225
5585,4821,,1,,2025-06-09 11:45:00,2025-06-09 13:00:00,2025-06-09 12:38:00,Completed,238349
5586,2646,4320,3,,2025-06-09 14:03:00,2025-06-10 07:48:00,2025-06-09 15:45:00,Completed,186807
5587,4728,4274,4,,2025-06-09 14:03:00,2025-06-10 07:37:00,2025-06-09 17:12:00,Completed,116612
5588,4764,4286,2,,2025-06-09 14:31:00,2025-06-09 17:30:00,2025-06-09 14:53:00,Completed,83056
5589,3860,4342,7,,2025-06-10 08:31:00,2025-06-10 10:31:00,2025-06-10 10:03:00,Completed,98588
5590,4829,4347,7,,2025-06-10 08:35:00,2025-06-10 11:13:00,2025-06-10 11:16:00,Completed,26710
5591,4778,4300,3,,2025-06-10 09:01:00,2025-06-10 12:16:00,2025-06-10 10:05:00,Completed,50521
5592,2720,4299,3,,2025-06-10 09:03:00,2025-06-10 10:47:00,2025-06-10 10:25:00,Completed,112589
5593,4810,4332,7,,2025-06-10 09:25:00,2025-06-10 13:44:00,2025-06-10 14:10:00,Completed,146889
5594,4752,4284,4,,2025-06-10 09:37:00,2025-06-10 13:55:00,2025-06-10 11:20:00,Completed,112967
5595,4655,,1,,2025-06-10 09:44:00,2025-06-10 14:29:00,2025-06-10 13:23:00,Completed,167145
5596,4630,4330,6,,2025-06-10 10:05:00,2025-06-10 12:20:00,2025-06-10 11:43:00,Completed,44999
5597,377,,7,,2025-06-10 10:24:00,2025-06-10 15:29:00,2025-06-10 14:49:00,Completed,67856
5598,4813,4328,6,,2025-06-10 10:38:00,2025-06-10 12:49:00,2025-06-10 12:18:00,Completed,164108
5599,174,,7,,2025-06-10 11:47:00,2025-06-10 17:30:00,2025-06-10 16:10:00,Completed,161774
5600,4691,4217,2,,2025-06-10 13:39:00,2025-06-11 11:16:00,2025-06-11 08:00:00,Completed,71166
5601,4830,,6,,2025-06-10 14:41:00,2025-06-10 17:30:00,2025-06-10 16:08:00,Completed,95314
5602,4812,4326,7,,2025-06-10 15:04:00,2025-06-11 09:06:00,2025-06-11 08:17:00,Completed,34903
5603,4539,4340,4,,2025-06-11 07:33:00,2025-06-11 10:48:00,2025-06-11 08:32:00,Completed,24745
5604,3101,4357,3,,2025-06-11 07:39:00,2025-06-11 08:54:00,2025-06-11 08:25:00,Completed,112142
5605,4613,4094,7,,2025-06-11 08:33:00,2025-06-11 10:55:00,2025-06-11 10:39:00,Completed,2271
5606,373,4319,4,,2025-06-11 08:39:00,2025-06-11 10:01:00,2025-06-11 09:12:00,Completed,88471
5607,4822,4338,6,,2025-06-11 09:01:00,2025-06-11 12:42:00,2025-06-11 11:39:00,Completed,98633
5608,4823,4341,3,,2025-06-11 09:04:00,2025-06-11 12:19:00,2025-06-11 10:14:00,Completed,102272
5609,4836,,6,,2025-06-11 10:00:00,2025-06-11 15:19:00,2025-06-12 07:32:00,Completed,76312
5610,3510,4354,1,,2025-06-11 11:32:00,2025-06-11 14:17:00,2025-06-11 12:25:00,Completed,62652
5611,4286,,3,,2025-06-11 12:21:00,2025-06-11 13:36:00,2025-06-11 12:57:00,Completed,58152
5612,4831,4350,4,,2025-06-11 13:06:00,2025-06-11 16:36:00,2025-06-11 14:41:00,Completed,42199
5613,2846,4293,6,,2025-06-11 13:35:00,2025-06-14 09:20:00,2025-06-14 08:02:00,Completed,118909
5614,4363,4361,4,,2025-06-12 07:37:00,2025-06-12 11:52:00,2025-06-12 09:36:00,Completed,62639
5615,4795,4317,2,,2025-06-12 07:38:00,2025-06-12 09:00:00,2025-06-12 08:10:00,Completed,35974
5616,2571,4298,6,,2025-06-12 08:00:00,2025-06-12 11:15:00,2025-06-12 09:25:00,Completed,72645
5617,2943,4334,4,,2025-06-12 08:03:00,2025-06-12 13:57:00,2025-06-12 14:19:00,Completed,170198
5618,4843,,7,,2025-06-12 09:41:00,2025-06-12 13:03:00,2025-06-12 13:06:00,Completed,109921
5619,4473,,6,,2025-06-12 10:34:00,2025-06-12 13:04:00,2025-06-12 13:43:00,Completed,80442
5620,909,4316,3,,2025-06-12 10:35:00,2025-06-13 07:42:00,2025-06-12 15:53:00,Completed,122357
5621,4837,4366,6,,2025-06-12 10:37:00,2025-06-12 14:06:00,2025-06-12 12:23:00,Completed,132611
5622,4841,,7,,2025-06-12 10:53:00,2025-06-12 15:16:00,2025-06-12 15:14:00,Completed,203681
5623,1994,4352,6,,2025-06-12 11:35:00,2025-06-12 13:57:00,2025-06-12 13:20:00,Completed,186384
5624,4451,4345,4,,2025-06-12 11:38:00,2025-06-12 14:57:00,2025-06-12 13:01:00,Completed,71606
5625,4844,,1,,2025-06-12 12:58:00,2025-06-16 13:09:00,2025-06-16 11:25:00,Completed,164818
5626,4842,4369,3,,2025-06-12 13:00:00,2025-06-12 16:08:00,2025-06-12 15:56:00,Completed,65219
5627,3531,,6,5432,2025-06-12 14:31:00,2025-06-13 07:34:00,2025-06-12 15:29:00,Completed,141035
5628,4803,4318,6,,2025-06-13 07:32:00,2025-06-13 11:24:00,2025-06-13 13:37:00,Completed,370202
5629,4839,4365,7,,2025-06-13 07:39:00,2025-06-13 09:39:00,2025-06-13 09:00:00,Completed,112428
5630,2175,4348,7,5474,2025-06-13 08:08:00,2025-06-13 11:14:00,2025-06-13 09:33:00,Completed,147495
5631,4860,,7,,2025-06-13 08:30:00,2025-06-13 12:19:00,2025-06-13 10:52:00,Completed,71714
5632,3544,4377,1,,2025-06-13 08:33:00,2025-06-13 14:18:00,2025-06-13 10:50:00,Completed,115276
5633,3663,4162,7,,2025-06-13 08:39:00,2025-06-13 11:11:00,2025-06-13 11:38:00,Completed,130670
5634,4859,,7,,2025-06-13 08:57:00,2025-06-13 12:58:00,2025-06-13 13:39:00,Completed,4240
5635,3225,4312,7,,2025-06-13 09:02:00,2025-06-13 13:56:00,2025-06-13 15:37:00,Completed,41050
5636,4857,4380,3,,2025-06-13 09:09:00,2025-06-13 13:24:00,2025-06-13 10:47:00,Completed,183766
5637,545,4323,4,,2025-06-13 09:38:00,2025-06-13 13:53:00,2025-06-13 11:22:00,Completed,147774
5638,4856,,3,,2025-06-13 09:46:00,2025-06-13 11:31:00,2025-06-13 11:14:00,Completed,72099
5639,4690,4211,6,,2025-06-13 10:01:00,2025-06-13 11:16:00,2025-06-13 10:42:00,Completed,104873
5640,4793,4309,1,,2025-06-13 10:04:00,2025-06-13 11:40:00,2025-06-13 11:06:00,Completed,25717
5641,4845,4370,7,,2025-06-13 10:33:00,2025-06-13 15:37:00,2025-06-13 17:04:00,Completed,225141
5642,4755,4281,6,,2025-06-13 11:09:00,2025-06-13 12:39:00,2025-06-13 11:58:00,Completed,85892
5643,4838,4363,2,,2025-06-13 12:32:00,2025-06-14 12:02:00,2025-06-14 10:25:00,Completed,178680
5644,4779,4296,6,,2025-06-13 13:33:00,2025-06-13 16:14:00,2025-06-13 15:39:00,Completed,28445
5645,2524,4118,6,,2025-06-14 08:07:00,2025-06-14 12:37:00,2025-06-14 13:12:00,Completed,80080
5646,2770,4230,6,,2025-06-14 08:35:00,2025-06-14 11:53:00,2025-06-14 11:47:00,Completed,49400
5647,4214,,3,,2025-06-14 10:09:00,2025-06-17 15:02:00,2025-06-17 12:37:00,Completed,55138
5648,4574,4351,4,,2025-06-14 10:33:00,2025-06-14 11:48:00,2025-06-14 11:18:00,Completed,100746
5649,2123,4388,6,,2025-06-14 10:34:00,2025-06-14 12:25:00,2025-06-14 12:27:00,Completed,63989
5650,3903,,6,,2025-06-14 10:35:00,2025-06-16 09:58:00,2025-06-16 08:31:00,Completed,44646
5651,3834,4391,2,,2025-06-14 10:56:00,2025-06-14 14:00:00,2025-06-14 12:22:00,Completed,116712
5652,240,4375,6,,2025-06-14 11:09:00,2025-06-16 10:15:00,2025-06-16 09:33:00,Completed,209088
5653,2896,4307,6,,2025-06-14 12:01:00,2025-06-16 10:29:00,2025-06-16 10:04:00,Completed,102868
5654,2726,,3,,2025-06-14 12:30:00,2025-06-16 09:15:00,2025-06-14 13:55:00,Completed,37131
5655,4256,4412,6,5425,2025-06-16 07:34:00,2025-06-16 11:45:00,2025-06-16 10:34:00,Completed,262594
5656,1042,4372,4,,2025-06-16 07:35:00,2025-06-16 11:20:00,2025-06-16 09:24:00,Completed,180421
5657,1039,4416,1,,2025-06-16 07:47:00,2025-06-16 15:47:00,2025-06-16 14:43:00,Completed,88232
5658,4057,4337,2,,2025-06-16 08:06:00,2025-06-16 13:51:00,2025-06-16 11:56:00,Completed,167711
5659,4868,4396,7,,2025-06-16 08:08:00,2025-06-16 11:53:00,2025-06-16 10:05:00,Completed,118700
5660,4732,4385,3,,2025-06-16 08:30:00,2025-06-16 12:45:00,2025-06-16 10:26:00,Completed,135134
5661,4160,4353,4,,2025-06-16 08:33:00,2025-06-16 13:05:00,2025-06-16 14:26:00,Completed,45926
5662,4347,4373,3,,2025-06-16 09:09:00,2025-06-16 11:01:00,2025-06-16 10:42:00,Completed,103286
5663,4562,4413,3,,2025-06-16 09:37:00,2025-06-16 11:29:00,2025-06-16 11:12:00,Completed,102327
5664,4380,4393,2,,2025-06-16 10:31:00,2025-06-16 14:49:00,2025-06-16 13:05:00,Completed,245835
5665,3423,,6,,2025-06-16 11:27:00,2025-06-16 14:42:00,2025-06-16 13:00:00,Completed,168805
5666,323,4389,7,5483,2025-06-16 11:30:00,2025-06-16 14:22:00,2025-06-16 12:24:00,Completed,308202
5667,4723,,1,,2025-06-16 11:47:00,2025-06-16 16:02:00,2025-06-16 14:19:00,Completed,120528
5668,4440,4404,6,,2025-06-16 12:32:00,2025-06-16 14:09:00,2025-06-16 13:44:00,Completed,40269
5669,1882,4395,7,,2025-06-16 13:04:00,2025-06-16 15:19:00,2025-06-16 15:41:00,Completed,176552
5670,4846,4368,4,,2025-06-16 14:00:00,2025-06-17 10:07:00,2025-06-16 17:19:00,Completed,45209
5671,811,4343,7,,2025-06-16 15:31:00,2025-06-21 12:06:00,2025-06-23 13:24:00,Completed,270122
5672,4887,4411,4,,2025-06-17 07:33:00,2025-06-17 11:03:00,2025-06-17 09:02:00,Completed,75023
5673,4869,4399,6,,2025-06-17 07:36:00,2025-06-17 12:21:00,2025-06-17 13:59:00,Completed,14464
5674,4862,4381,7,,2025-06-17 08:02:00,2025-06-23 12:06:00,2025-06-23 12:03:00,Completed,91625
5675,4861,4383,1,,2025-06-17 08:05:00,2025-06-17 12:20:00,2025-06-17 09:23:00,Completed,113155
5676,4746,4398,3,5513,2025-06-17 08:23:00,2025-06-17 11:26:00,2025-06-17 11:03:00,Completed,185429
5677,4646,4427,2,,2025-06-17 08:54:00,2025-06-17 14:24:00,2025-06-17 12:07:00,Completed,97473
5678,4765,4291,1,,2025-06-17 09:37:00,2025-06-17 15:22:00,2025-06-17 15:11:00,Completed,118165
5679,3781,4301,4,,2025-06-17 09:39:00,2025-06-17 11:39:00,2025-06-17 10:37:00,Completed,75796
5680,4903,,2,,2025-06-17 09:45:00,2025-06-18 07:42:00,2025-06-17 15:47:00,Completed,49282
5681,4134,4405,1,,2025-06-17 09:53:00,2025-06-18 08:40:00,2025-06-17 17:07:00,Completed,144907
5682,4716,,4,,2025-06-17 10:11:00,2025-06-17 13:52:00,2025-06-17 14:45:00,Completed,33317
5683,4078,4358,3,,2025-06-17 10:34:00,2025-06-17 14:49:00,2025-06-17 12:45:00,Completed,69106
5684,4009,,3,,2025-06-17 10:46:00,2025-06-17 13:37:00,2025-06-17 13:22:00,Completed,176949
5685,4261,4428,6,,2025-06-17 12:38:00,2025-06-17 15:38:00,2025-06-17 17:15:00,Completed,100822
5686,4872,4397,7,,2025-06-18 07:30:00,2025-06-18 08:48:00,2025-06-18 08:08:00,Completed,74474
5687,4895,4424,4,,2025-06-18 07:37:00,2025-06-18 08:52:00,2025-06-18 08:19:00,Completed,110803
5688,4547,4426,4,,2025-06-18 08:02:00,2025-06-18 13:33:00,2025-06-18 11:20:00,Completed,45362
5689,4909,,2,,2025-06-18 08:18:00,2025-06-18 10:33:00,2025-06-18 09:53:00,Completed,108486
5690,226,,7,5533,2025-06-18 08:36:00,2025-06-18 12:06:00,2025-06-18 11:22:00,Completed,186573
5691,4908,,7,,2025-06-18 08:39:00,2025-06-18 10:35:00,2025-06-18 10:28:00,Completed,61753
5692,4815,4327,7,,2025-06-18 09:34:00,2025-06-18 13:37:00,2025-06-18 12:16:00,Completed,164338
5693,2804,4185,4,,2025-06-18 09:37:00,2025-06-18 13:11:00,2025-06-23 11:01:00,Completed,74292
5694,4849,4378,4,,2025-06-18 10:39:00,2025-06-18 12:07:00,2025-06-18 11:43:00,Completed,84162
5695,4126,4315,6,,2025-06-18 11:01:00,2025-06-18 12:53:00,2025-06-18 12:08:00,Completed,48947
5696,4666,4156,3,,2025-06-18 12:02:00,2025-06-18 13:17:00,2025-06-18 12:40:00,Completed,66023
5697,4651,,7,,2025-06-18 12:16:00,2025-06-18 13:46:00,2025-06-18 13:16:00,Completed,35732
5698,4833,4349,1,,2025-06-18 12:34:00,2025-06-18 15:34:00,2025-06-18 14:10:00,Completed,224022
5699,4826,4346,1,,2025-06-18 13:05:00,2025-06-19 08:12:00,2025-06-18 15:59:00,Completed,156216
5700,4910,,4,,2025-06-18 13:23:00,2025-06-18 14:38:00,2025-06-18 13:59:00,Completed,139632
5701,4874,4403,3,,2025-06-18 14:38:00,2025-06-18 16:00:00,2025-06-18 15:09:00,Completed,168387
5702,4870,4392,7,,2025-06-18 15:38:00,2025-06-19 08:15:00,2025-06-19 08:34:00,Completed,147209
5703,4890,4410,1,,2025-06-19 07:31:00,2025-06-19 10:01:00,2025-06-19 10:16:00,Completed,24105
5704,4851,4367,7,,2025-06-19 07:31:00,2025-06-19 08:46:00,2025-06-19 08:09:00,Completed,135029
5705,4896,4418,6,,2025-06-19 08:01:00,2025-06-19 09:19:00,2025-06-19 08:44:00,Completed,70935
5706,4818,4438,3,5574,2025-06-19 08:01:00,2025-06-19 10:12:00,2025-06-19 08:25:00,Completed,17175
5707,4918,,3,,2025-06-19 09:18:00,2025-06-20 08:48:00,2025-06-25 14:12:00,Completed,46143
5708,4881,4400,6,,2025-06-19 10:00:00,2025-06-19 14:00:00,2025-06-19 15:35:00,Completed,119352
5709,4591,4359,7,,2025-06-19 10:06:00,2025-06-24 12:27:00,2025-06-26 11:51:00,Completed,129037
5710,1211,4448,6,,2025-06-19 10:16:00,2025-06-24 12:20:00,2025-06-24 11:16:00,Completed,159536
5711,2314,,2,,2025-06-19 10:26:00,2025-06-19 15:18:00,2025-06-19 12:53:00,Completed,55357
5712,4686,4289,7,,2025-06-19 10:38:00,2025-06-19 15:35:00,2025-06-26 12:07:00,Completed,29300
5713,4914,4449,6,,2025-06-19 10:38:00,2025-06-19 14:41:00,2025-06-19 15:10:00,Completed,112570
5714,4912,,4,,2025-06-19 10:42:00,2025-06-19 13:42:00,2025-06-19 12:29:00,Completed,234654
5715,4466,4360,4,,2025-06-19 11:06:00,2025-06-20 10:55:00,2025-06-20 08:34:00,Completed,120485
5716,4913,,7,,2025-06-19 11:06:00,2025-06-19 14:28:00,2025-06-19 15:39:00,Completed,59378
5717,4804,4314,7,,2025-06-19 11:08:00,2025-06-19 17:30:00,2025-06-19 17:18:00,Completed,15350
5718,4919,,7,,2025-06-19 11:44:00,2025-06-19 16:21:00,2025-06-20 08:01:00,Completed,21517
5719,4864,4384,4,,2025-06-19 12:02:00,2025-06-19 13:24:00,2025-06-19 12:52:00,Completed,47878
5720,4817,4324,7,,2025-06-19 13:00:00,2025-06-20 09:06:00,2025-06-20 08:43:00,Completed,136808
5721,4905,4432,4,,2025-06-19 15:07:00,2025-06-20 08:22:00,2025-06-25 13:07:00,Completed,200854
5722,465,4199,3,,2025-06-20 07:35:00,2025-06-20 10:50:00,2025-06-20 08:50:00,Completed,198757
5723,3352,4456,7,,2025-06-20 08:06:00,2025-06-20 14:01:00,2025-06-20 15:40:00,Completed,111170
5724,4906,4435,7,,2025-06-20 08:06:00,2025-06-20 15:05:00,2025-06-26 13:15:00,Completed,200678
5725,1389,4390,3,,2025-06-20 08:33:00,2025-06-20 12:06:00,2025-06-20 10:16:00,Completed,183588
5726,4897,4422,4,,2025-06-20 08:34:00,2025-06-20 13:41:00,2025-06-20 15:20:00,Completed,69830
5727,4926,,6,,2025-06-20 08:41:00,2025-06-20 12:14:00,2025-06-26 11:10:00,Completed,205455
5728,2630,,2,,2025-06-20 09:20:00,2025-06-20 15:42:00,2025-06-20 16:35:00,Completed,24259
5729,4925,,3,,2025-06-20 10:31:00,2025-06-20 14:01:00,2025-06-20 13:45:00,Completed,37999
5730,3112,4423,6,,2025-06-20 12:02:00,2025-06-20 13:54:00,2025-06-20 13:17:00,Completed,70316
5731,4308,,7,,2025-06-20 13:43:00,2025-06-20 15:58:00,2025-06-20 16:11:00,Completed,140337
5732,2687,4437,3,,2025-06-20 14:03:00,2025-06-21 08:48:00,2025-06-20 16:08:00,Completed,85406
5733,3825,4290,4,,2025-06-21 08:02:00,2025-06-21 09:17:00,2025-06-21 08:37:00,Completed,134072
5734,4200,4401,1,,2025-06-21 09:35:00,2025-06-21 10:50:00,2025-06-21 10:12:00,Completed,90762
5735,3958,4434,6,,2025-06-21 10:07:00,2025-06-23 07:52:00,2025-06-23 13:18:00,Completed,60648
5736,3574,4408,7,,2025-06-21 10:08:00,2025-06-21 13:08:00,2025-06-21 12:47:00,Completed,62756
5737,4674,,2,,2025-06-21 10:52:00,2025-06-21 12:07:00,2025-06-21 11:16:00,Completed,82099
5738,2512,4446,6,,2025-06-21 11:00:00,2025-06-23 10:19:00,2025-06-23 08:23:00,Completed,129752
5739,3083,4436,4,,2025-06-21 11:08:00,2025-06-24 14:20:00,2025-06-26 13:23:00,Completed,34574
5740,273,4419,2,,2025-06-23 07:32:00,2025-06-23 12:02:00,2025-06-23 10:01:00,Completed,181797
5741,4149,4439,4,,2025-06-23 08:04:00,2025-06-23 09:19:00,2025-06-23 08:47:00,Completed,157437
5742,1512,4450,4,,2025-06-23 08:08:00,2025-06-23 14:06:00,2025-06-24 12:50:00,Completed,118807
5743,4947,,6,,2025-06-23 08:20:00,2025-06-23 11:50:00,2025-06-23 09:37:00,Completed,93860
5744,4946,,3,,2025-06-23 08:37:00,2025-06-23 12:07:00,2025-06-23 10:09:00,Completed,151674
5745,4949,4484,2,,2025-06-23 09:02:00,2025-06-24 08:53:00,2025-06-23 16:01:00,Completed,49173
5746,2598,4441,6,,2025-06-23 09:07:00,2025-06-23 10:40:00,2025-06-23 10:12:00,Completed,99449
5747,4512,,1,,2025-06-23 09:12:00,2025-06-23 13:04:00,2025-06-23 11:27:00,Completed,42856
5748,2737,,4,,2025-06-23 09:14:00,2025-06-23 11:35:00,2025-06-23 11:43:00,Completed,130580
5749,4429,4457,4,,2025-06-23 10:34:00,2025-06-23 12:13:00,2025-06-23 12:12:00,Completed,222203
5750,3211,4304,2,,2025-06-23 11:01:00,2025-06-23 17:30:00,2025-06-24 09:25:00,Completed,84108
5751,4300,4376,2,,2025-06-23 11:06:00,2025-06-24 08:44:00,2025-06-24 08:09:00,Completed,151659
5752,4717,4255,6,,2025-06-23 11:34:00,2025-06-23 14:34:00,2025-06-23 13:36:00,Completed,75530
5753,4786,4464,6,,2025-06-23 11:39:00,2025-06-23 16:05:00,2025-06-23 14:30:00,Completed,100696
5754,4154,4466,6,,2025-06-23 11:47:00,2025-06-24 08:23:00,2025-06-24 08:45:00,Completed,55111
5755,3929,4478,1,,2025-06-23 12:07:00,2025-06-23 16:44:00,2025-06-23 13:55:00,Completed,63198
5756,3014,4485,2,,2025-06-23 13:05:00,2025-06-24 09:56:00,2025-06-24 10:02:00,Completed,115995
5757,4310,4379,3,,2025-06-23 15:02:00,2025-06-25 15:03:00,2025-06-30 14:10:00,Completed,163414
5758,2701,4461,1,,2025-06-24 07:39:00,2025-06-26 11:11:00,2025-06-26 10:02:00,Completed,190085
5759,4940,4474,7,,2025-06-24 08:02:00,2025-06-24 09:17:00,2025-06-24 08:43:00,Completed,50596
5760,4920,4454,3,,2025-06-24 08:04:00,2025-06-24 11:19:00,2025-06-24 09:10:00,Completed,116947
5761,4003,4475,7,,2025-06-24 08:30:00,2025-06-24 11:10:00,2025-06-24 09:11:00,Completed,64181
5762,4939,4476,4,,2025-06-24 08:33:00,2025-06-24 10:33:00,2025-06-24 09:42:00,Completed,44815
5763,4951,4486,7,,2025-06-24 09:03:00,2025-06-24 14:11:00,2025-06-24 16:59:00,Completed,71081
5764,4927,4459,6,,2025-06-24 09:04:00,2025-06-24 12:34:00,2025-06-24 11:34:00,Completed,161955
5765,4921,4455,3,,2025-06-24 09:30:00,2025-06-30 17:30:00,2025-07-01 09:45:00,Completed,58821
5766,4965,,4,,2025-06-24 09:39:00,2025-06-30 15:42:00,2025-07-01 16:46:00,Completed,120953
5767,4967,,4,,2025-06-24 10:07:00,2025-06-24 14:22:00,2025-06-24 11:31:00,Completed,255360
5768,4962,4498,7,,2025-06-24 10:08:00,2025-06-24 14:42:00,2025-06-24 15:45:00,Completed,86906
5769,4964,,4,,2025-06-24 10:23:00,2025-06-25 12:46:00,2025-06-25 10:25:00,Completed,51354
5770,4866,4386,6,,2025-06-24 11:05:00,2025-06-24 13:35:00,2025-06-24 12:20:00,Completed,190567
5771,4379,4500,7,,2025-06-24 11:32:00,2025-06-24 15:07:00,2025-06-24 16:14:00,Completed,93174
5772,4963,,1,,2025-06-24 13:08:00,2025-06-24 15:00:00,2025-06-24 14:05:00,Completed,50463
5773,4938,4471,7,,2025-06-24 13:33:00,2025-06-24 17:30:00,2025-06-25 07:51:00,Completed,113238
5774,4950,4490,6,,2025-06-24 14:07:00,2025-06-24 15:22:00,2025-06-24 14:35:00,Completed,55365
5775,4966,,7,,2025-06-24 14:12:00,2025-06-25 10:29:00,2025-06-25 10:03:00,Completed,145376
5776,2835,4430,3,,2025-06-24 15:04:00,2025-06-25 14:25:00,2025-06-26 12:49:00,Completed,54116
5777,4885,4402,3,,2025-06-25 07:32:00,2025-06-26 08:08:00,2025-06-26 10:49:00,Completed,106755
5778,4854,4371,7,,2025-06-25 08:06:00,2025-06-25 10:32:00,2025-06-25 10:52:00,Completed,92313
5779,643,4458,1,,2025-06-25 08:08:00,2025-06-26 09:56:00,2025-06-25 16:14:00,Completed,216651
5780,4974,,3,,2025-06-25 08:14:00,2025-06-25 15:57:00,2025-06-26 14:07:00,Completed,46552
5781,4971,,6,,2025-06-25 09:04:00,2025-06-25 12:34:00,2025-06-25 11:32:00,Completed,91706
5782,377,4505,7,5597,2025-06-25 09:30:00,2025-06-25 13:59:00,2025-06-25 12:21:00,Completed,68512
5783,4979,,4,,2025-06-25 11:08:00,2025-06-25 16:08:00,2025-06-25 14:04:00,Completed,32180
5784,4976,,1,,2025-06-25 11:23:00,2025-06-30 13:50:00,2025-07-01 13:38:00,Completed,186844
5785,4922,4452,3,,2025-06-25 11:30:00,2025-06-26 08:06:00,2025-06-26 11:58:00,Completed,92975
5786,4931,4463,4,,2025-06-25 11:33:00,2025-06-25 14:12:00,2025-06-25 14:30:00,Completed,76520
5787,4923,4453,2,,2025-06-25 12:04:00,2025-06-25 16:41:00,2025-06-25 15:38:00,Completed,57313
5788,4978,,4,,2025-06-25 12:46:00,2025-06-26 08:57:00,2025-06-26 09:43:00,Completed,39982
5789,4002,,1,,2025-06-25 12:58:00,2025-06-25 15:43:00,2025-06-25 15:56:00,Completed,158468
5790,4977,,3,,2025-06-25 14:17:00,2025-06-27 13:02:00,2025-06-27 10:22:00,Completed,54074
5791,2469,4415,6,,2025-06-25 14:33:00,2025-06-25 16:33:00,2025-06-25 15:56:00,Completed,77600
5792,4131,4510,3,,2025-06-25 15:06:00,2025-06-26 14:27:00,2025-06-27 08:16:00,Completed,148457
5793,4924,4447,3,,2025-06-25 15:06:00,2025-06-26 13:12:00,2025-06-27 07:30:00,Completed,84565
5794,4937,4467,7,,2025-06-26 08:00:00,2025-06-26 10:30:00,2025-06-26 10:18:00,Completed,41644
5795,4907,4431,7,,2025-06-26 08:05:00,2025-06-26 11:12:00,2025-06-26 11:11:00,Completed,109864
5796,4285,4514,7,,2025-06-26 08:23:00,2025-06-26 11:15:00,2025-06-26 12:01:00,Completed,71401
5797,2133,4468,3,,2025-06-26 08:35:00,2025-06-26 13:41:00,2025-06-26 17:14:00,Completed,26153
5798,2903,,4,,2025-06-26 09:12:00,2025-06-26 11:04:00,2025-06-26 10:15:00,Completed,128718
5799,3167,,6,,2025-06-26 09:48:00,2025-06-26 12:18:00,2025-06-26 10:19:00,Completed,85398
5800,3228,4479,6,,2025-06-26 10:00:00,2025-06-26 11:50:00,2025-06-26 11:06:00,Completed,124550
5801,4987,,3,,2025-06-26 10:06:00,2025-06-26 15:34:00,2025-06-27 08:03:00,Completed,119606
5802,4992,,6,,2025-06-26 10:23:00,2025-06-26 13:17:00,2025-06-26 12:55:00,Completed,14340
5803,4993,,6,,2025-06-26 10:34:00,2025-06-26 14:52:00,2025-06-26 14:01:00,Completed,107292
5804,2178,,4,,2025-06-26 11:22:00,2025-06-26 14:22:00,2025-06-26 12:40:00,Completed,82734
5805,4855,4374,4,,2025-06-26 12:37:00,2025-06-26 15:07:00,2025-06-26 15:41:00,Completed,171233
5806,2370,,7,,2025-06-26 13:36:00,2025-06-26 16:13:00,2025-06-26 15:03:00,Completed,67211
5807,4843,4502,7,,2025-06-26 14:00:00,2025-06-26 17:30:00,2025-06-26 15:39:00,Completed,110533
5808,4991,,1,,2025-06-26 14:24:00,2025-06-26 17:30:00,2025-06-27 08:01:00,Completed,60529
5809,4960,4493,7,,2025-06-27 08:06:00,2025-06-27 09:28:00,2025-06-27 09:08:00,Completed,49019
5810,4718,4259,6,,2025-06-27 08:08:00,2025-06-28 09:34:00,2025-06-27 17:23:00,Completed,85888
5811,4727,,3,,2025-06-27 09:02:00,2025-06-30 07:39:00,2025-07-03 12:52:00,Completed,73086
5812,3881,,7,,2025-06-27 09:19:00,2025-06-27 10:34:00,2025-06-27 10:03:00,Completed,134611
5813,5002,,2,,2025-06-27 09:33:00,2025-06-28 08:48:00,2025-06-27 15:01:00,Completed,88446
5814,5007,,6,,2025-06-27 09:41:00,2025-06-27 13:33:00,2025-06-27 13:54:00,Completed,108839
5815,5004,,7,,2025-06-27 10:02:00,2025-06-27 12:32:00,2025-06-27 13:38:00,Completed,152207
5816,5000,,1,,2025-06-27 10:06:00,2025-06-27 11:51:00,2025-06-27 10:58:00,Completed,12134
5817,5003,,6,,2025-06-27 10:12:00,2025-06-27 12:39:00,2025-06-27 12:28:00,Completed,76467
5818,4933,4462,3,,2025-06-27 10:38:00,2025-06-27 13:08:00,2025-06-27 12:50:00,Completed,125587
5819,4959,4497,6,,2025-06-27 11:03:00,2025-06-27 15:13:00,2025-06-27 13:39:00,Completed,124330
5820,3284,4522,7,,2025-06-27 11:09:00,2025-06-27 14:39:00,2025-06-27 15:30:00,Completed,272023
5821,4899,4425,2,,2025-06-27 13:02:00,2025-06-27 17:30:00,2025-06-27 15:22:00,Completed,88770
5822,3343,,6,,2025-06-27 13:28:00,2025-06-27 17:30:00,2025-06-27 15:12:00,Completed,252676
5823,4953,4491,2,,2025-06-27 13:33:00,2025-06-28 10:49:00,2025-06-28 08:50:00,Completed,35592
5824,5006,,6,,2025-06-27 13:42:00,2025-06-28 08:01:00,2025-07-02 12:22:00,Completed,82681
5825,2797,,7,,2025-06-27 14:03:00,2025-06-28 08:18:00,2025-07-02 11:51:00,Completed,65346
5826,4935,4460,7,,2025-06-27 14:36:00,2025-06-28 11:16:00,2025-06-28 10:36:00,Completed,180833
5827,4994,4516,6,,2025-06-27 15:32:00,2025-06-28 10:08:00,2025-06-28 09:04:00,Completed,37519
5828,3445,4524,6,,2025-06-28 08:02:00,2025-06-28 11:41:00,2025-06-28 13:33:00,Completed,61322
5829,445,4480,6,,2025-06-28 08:03:00,2025-06-28 11:00:00,2025-06-28 10:49:00,Completed,181806
5830,436,4512,6,,2025-06-28 08:35:00,2025-06-28 13:06:00,2025-06-28 12:24:00,Completed,191156
5831,3631,4529,7,,2025-06-28 08:37:00,2025-06-28 11:37:00,2025-06-28 12:16:00,Completed,51553
5832,2612,4470,6,,2025-06-28 09:08:00,2025-06-30 09:27:00,2025-06-30 11:40:00,Completed,74394
5833,4901,4420,3,,2025-06-28 09:09:00,2025-06-28 11:24:00,2025-06-28 10:19:00,Completed,184789
5834,4796,4473,3,,2025-06-28 09:27:00,2025-06-28 12:24:00,2025-07-05 11:11:00,Completed,52097
5835,4995,4521,7,,2025-06-28 09:31:00,2025-06-28 12:39:00,2025-06-28 12:59:00,Completed,190022
5836,3237,4499,7,,2025-06-28 09:38:00,2025-06-28 12:48:00,2025-06-28 13:55:00,Completed,118546
5837,4359,,2,,2025-06-28 09:42:00,2025-07-01 15:47:00,2025-07-01 15:20:00,Completed,150944
5838,186,4517,3,,2025-06-28 10:03:00,2025-06-28 14:00:00,2025-06-28 12:56:00,Completed,220499
5839,3846,4511,6,,2025-06-28 10:38:00,2025-06-30 11:55:00,2025-06-30 12:15:00,Completed,20707
5840,689,4530,3,,2025-06-28 11:04:00,2025-06-30 08:38:00,2025-06-30 07:41:00,Completed,92200
5841,4614,,7,,2025-06-28 11:38:00,2025-06-30 08:17:00,2025-06-30 08:35:00,Completed,42777
5842,3726,4472,6,,2025-06-30 07:35:00,2025-06-30 12:23:00,2025-06-30 13:36:00,Completed,93559
5843,5008,4534,3,,2025-06-30 07:39:00,2025-06-30 10:54:00,2025-06-30 11:40:00,Completed,179040
5844,4959,4552,7,5819,2025-06-30 07:54:00,2025-06-30 11:08:00,2025-06-30 11:54:00,Completed,124457
5845,4087,4445,1,,2025-06-30 08:06:00,2025-06-30 12:58:00,2025-06-30 11:32:00,Completed,170709
5846,4638,4465,3,,2025-06-30 08:09:00,2025-06-30 10:15:00,2025-06-30 09:46:00,Completed,95367
5847,4428,4451,2,,2025-06-30 08:36:00,2025-06-30 11:36:00,2025-06-30 09:40:00,Completed,104676
5848,2324,4540,3,,2025-06-30 08:36:00,2025-06-30 14:51:00,2025-06-30 13:50:00,Completed,94349
5849,4070,4554,7,,2025-06-30 08:55:00,2025-06-30 11:16:00,2025-06-30 11:06:00,Completed,205932
5850,3509,4551,2,,2025-06-30 09:01:00,2025-06-30 16:39:00,2025-07-07 12:40:00,Completed,119798
5851,5025,,6,,2025-06-30 09:14:00,2025-06-30 15:11:00,2025-06-30 15:34:00,Completed,148203
5852,4692,4489,4,,2025-06-30 09:34:00,2025-06-30 14:22:00,2025-06-30 11:32:00,Completed,62881
5853,2939,,7,,2025-06-30 10:54:00,2025-06-30 13:24:00,2025-06-30 11:35:00,Completed,231435
5854,949,4496,6,,2025-06-30 11:03:00,2025-06-30 15:48:00,2025-06-30 16:48:00,Completed,169164
5855,3423,4440,4,,2025-06-30 11:30:00,2025-07-01 07:52:00,2025-07-07 13:38:00,Completed,169395
5856,4454,4546,4,,2025-06-30 11:31:00,2025-07-03 12:54:00,2025-07-05 12:31:00,Completed,72791
5857,1992,,6,,2025-06-30 12:01:00,2025-06-30 15:59:00,2025-06-30 17:19:00,Completed,35094
5858,3845,4555,4,,2025-06-30 12:38:00,2025-07-01 12:34:00,2025-07-01 10:33:00,Completed,114300
5859,4254,,1,,2025-06-30 12:50:00,2025-07-02 14:17:00,2025-07-07 12:59:00,Completed,182225
5860,4541,4487,1,,2025-06-30 13:03:00,2025-07-05 14:00:00,2025-07-05 12:17:00,Completed,228737
5861,5026,,6,,2025-06-30 14:37:00,2025-07-01 09:14:00,2025-07-05 12:48:00,Completed,258239
5862,4261,4531,6,,2025-07-01 07:31:00,2025-07-01 11:24:00,2025-07-01 12:39:00,Completed,101188
5863,4004,4533,6,,2025-07-01 07:37:00,2025-07-01 11:49:00,2025-07-01 10:30:00,Completed,171677
5864,5027,4559,4,,2025-07-01 07:51:00,2025-07-07 13:36:00,2025-07-07 12:40:00,Completed,99877
5865,4713,4518,6,,2025-07-01 08:02:00,2025-07-01 13:35:00,2025-07-01 12:19:00,Completed,176637
5866,5032,,1,,2025-07-01 08:02:00,2025-07-01 09:17:00,2025-07-01 08:29:00,Completed,77603
5867,5011,4538,7,,2025-07-01 08:06:00,2025-07-01 12:36:00,2025-07-01 11:28:00,Completed,125640
5868,4834,4355,6,,2025-07-01 09:00:00,2025-07-01 14:48:00,2025-07-01 14:15:00,Completed,35057
5869,3981,4488,3,,2025-07-01 09:09:00,2025-07-01 12:16:00,2025-07-01 11:32:00,Completed,76094
5870,4438,,3,,2025-07-01 09:21:00,2025-07-01 15:06:00,2025-07-01 13:46:00,Completed,129221
5871,4970,4503,4,,2025-07-01 09:24:00,2025-07-01 13:13:00,2025-07-01 14:06:00,Completed,66915
5872,5031,,4,,2025-07-01 09:26:00,2025-07-01 14:42:00,2025-07-01 15:52:00,Completed,38837
5873,4980,4513,7,,2025-07-01 09:34:00,2025-07-01 11:28:00,2025-07-01 11:23:00,Completed,96329
5874,5028,4561,4,,2025-07-01 10:31:00,2025-07-02 09:07:00,2025-07-02 08:33:00,Completed,86124
5875,904,,6,,2025-07-01 10:47:00,2025-07-01 15:11:00,2025-07-01 15:47:00,Completed,150924
5876,5018,4539,7,,2025-07-01 11:03:00,2025-07-01 12:23:00,2025-07-01 11:49:00,Completed,102914
5877,5033,,7,,2025-07-01 11:19:00,2025-07-01 14:04:00,2025-07-01 12:34:00,Completed,192392
5878,4246,4442,4,,2025-07-01 12:35:00,2025-07-02 11:26:00,2025-07-02 11:02:00,Completed,138543
5879,1699,4532,3,,2025-07-01 13:31:00,2025-07-02 09:19:00,2025-07-02 09:53:00,Completed,51979
5880,4961,4494,7,,2025-07-01 13:39:00,2025-07-01 17:30:00,2025-07-02 08:45:00,Completed,127511
5881,3828,4563,7,,2025-07-01 15:39:00,2025-07-02 08:25:00,2025-07-02 08:22:00,Completed,52792
5882,4119,4547,4,,2025-07-02 07:37:00,2025-07-02 14:16:00,2025-07-02 12:52:00,Completed,133530
5883,4353,4557,7,,2025-07-02 07:39:00,2025-07-02 11:12:00,2025-07-02 13:15:00,Completed,140655
5884,5045,,7,,2025-07-02 08:43:00,2025-07-02 11:43:00,2025-07-02 11:55:00,Completed,72566
5885,5043,,1,,2025-07-02 08:56:00,2025-07-02 14:33:00,2025-07-02 15:25:00,Completed,82664
5886,4107,,7,,2025-07-02 09:17:00,2025-07-02 13:19:00,2025-07-02 12:31:00,Completed,162950
5887,4942,4481,7,,2025-07-02 09:38:00,2025-07-02 14:29:00,2025-07-02 15:36:00,Completed,71157
5888,5041,,3,,2025-07-02 10:35:00,2025-07-02 13:35:00,2025-07-02 13:59:00,Completed,198432
5889,5046,,3,,2025-07-02 10:36:00,2025-07-02 12:21:00,2025-07-02 12:08:00,Completed,70155
5890,75,,4,,2025-07-02 10:49:00,2025-07-02 13:55:00,2025-07-02 13:52:00,Completed,235145
5891,2665,,4,,2025-07-02 11:10:00,2025-07-02 15:54:00,2025-07-02 14:46:00,Completed,224476
5892,5042,,3,,2025-07-02 11:49:00,2025-07-02 16:42:00,2025-07-02 14:37:00,Completed,66070
5893,2035,,4,,2025-07-02 11:51:00,2025-07-02 16:41:00,2025-07-03 07:47:00,Completed,138292
5894,4840,4364,3,,2025-07-02 12:02:00,2025-07-02 16:08:00,2025-07-02 16:19:00,Completed,80601
5895,4986,4506,4,,2025-07-02 15:31:00,2025-07-02 17:30:00,2025-07-02 16:09:00,Completed,14502
5896,4041,4582,2,,2025-07-03 07:34:00,2025-07-03 13:56:00,2025-07-09 12:58:00,Completed,136244
5897,2846,4573,1,5613,2025-07-03 08:01:00,2025-07-03 11:19:00,2025-07-03 09:20:00,Completed,119619
5898,1710,4556,7,,2025-07-03 08:02:00,2025-07-03 10:02:00,2025-07-03 09:11:00,Completed,79506
5899,4365,4549,4,,2025-07-03 08:30:00,2025-07-03 09:45:00,2025-07-03 08:56:00,Completed,268123
5900,5020,4544,7,,2025-07-03 08:33:00,2025-07-03 12:07:00,2025-07-03 10:27:00,Completed,60139
5901,5019,4536,7,,2025-07-03 09:01:00,2025-07-03 13:01:00,2025-07-03 14:02:00,Completed,115819
5902,4943,4469,7,,2025-07-03 09:06:00,2025-07-03 13:54:00,2025-07-03 17:05:00,Completed,129865
5903,5051,,2,,2025-07-03 09:37:00,2025-07-03 13:20:00,2025-07-03 11:49:00,Completed,160461
5904,2946,4572,3,,2025-07-03 10:39:00,2025-07-03 13:54:00,2025-07-03 11:45:00,Completed,67269
5905,5050,,4,,2025-07-03 11:44:00,2025-07-03 15:14:00,2025-07-03 13:07:00,Completed,87429
5906,5034,4564,1,,2025-07-03 13:00:00,2025-07-05 10:37:00,2025-07-05 08:46:00,Completed,42428
5907,3774,4535,3,,2025-07-03 13:31:00,2025-07-03 16:08:00,2025-07-03 15:16:00,Completed,39222
5908,2518,4587,6,,2025-07-05 08:00:00,2025-07-05 09:15:00,2025-07-05 08:33:00,Completed,102974
5909,4826,4600,4,,2025-07-05 08:03:00,2025-07-05 10:25:00,2025-07-05 09:40:00,Completed,156631
5910,1933,,7,,2025-07-05 08:40:00,2025-07-05 09:55:00,2025-07-05 09:20:00,Completed,87734
5911,4072,4553,6,,2025-07-05 09:00:00,2025-07-05 14:00:00,2025-07-05 12:38:00,Completed,186053
5912,4897,4504,1,,2025-07-05 09:00:00,2025-07-05 13:15:00,2025-07-05 10:54:00,Completed,70406
5913,4161,4588,4,,2025-07-05 09:32:00,2025-07-05 12:24:00,2025-07-05 11:08:00,Completed,8249
5914,4370,4586,1,,2025-07-05 09:33:00,2025-07-08 16:36:00,2025-07-08 13:06:00,Completed,165265
5915,4271,4310,4,,2025-07-05 10:06:00,2025-07-07 09:54:00,2025-07-08 14:02:00,Completed,89628
5916,1570,4575,7,,2025-07-05 10:07:00,2025-07-05 14:00:00,2025-07-05 13:17:00,Completed,144876
5917,5055,,3,,2025-07-05 10:12:00,2025-07-07 09:19:00,2025-07-10 13:41:00,Completed,83671
5918,4297,,4,,2025-07-05 10:29:00,2025-07-05 14:00:00,2025-07-07 07:56:00,Completed,80700
5919,472,,6,,2025-07-05 11:13:00,2025-07-07 07:39:00,2025-07-07 07:30:00,Completed,126939
5920,5056,4604,2,,2025-07-07 07:37:00,2025-07-07 08:44:00,2025-07-07 08:09:00,Completed,73145
5921,4012,4606,4,,2025-07-07 07:39:00,2025-07-07 12:43:00,2025-07-07 13:50:00,Completed,72919
5922,5069,4610,3,,2025-07-07 08:01:00,2025-07-07 09:16:00,2025-07-07 08:40:00,Completed,87025
5923,4941,4525,7,,2025-07-07 08:30:00,2025-07-07 12:00:00,2025-07-07 10:08:00,Completed,53061
5924,4095,4623,2,,2025-07-07 09:09:00,2025-07-07 13:39:00,2025-07-07 14:37:00,Completed,73544
5925,4997,4515,4,,2025-07-07 09:37:00,2025-07-07 11:14:00,2025-07-07 11:07:00,Completed,71650
5926,4395,,6,,2025-07-07 09:48:00,2025-07-07 11:03:00,2025-07-07 10:36:00,Completed,63233
5927,1722,4603,2,,2025-07-07 10:04:00,2025-07-07 15:46:00,2025-07-07 15:18:00,Completed,42930
5928,2629,4597,4,,2025-07-07 10:30:00,2025-07-08 12:41:00,2025-07-08 11:50:00,Completed,140759
5929,1102,4628,3,,2025-07-07 11:30:00,2025-07-07 14:30:00,2025-07-07 13:27:00,Completed,166907
5930,4848,4584,4,,2025-07-07 11:36:00,2025-07-07 12:51:00,2025-07-07 12:09:00,Completed,107084
5931,3060,4593,6,,2025-07-07 12:00:00,2025-07-07 14:30:00,2025-07-07 13:36:00,Completed,205496
5932,1373,4501,1,,2025-07-07 13:08:00,2025-07-07 16:38:00,2025-07-08 07:46:00,Completed,49265
5933,5036,4569,7,,2025-07-08 07:32:00,2025-07-08 09:32:00,2025-07-08 08:44:00,Completed,102998
5934,987,4567,2,,2025-07-08 07:35:00,2025-07-08 12:42:00,2025-07-08 10:26:00,Completed,239645
5935,5058,4605,6,,2025-07-08 08:01:00,2025-07-08 10:01:00,2025-07-08 09:13:00,Completed,79996
5936,5057,4609,7,,2025-07-08 08:03:00,2025-07-08 09:54:00,2025-07-08 09:49:00,Completed,153061
5937,5088,,6,,2025-07-08 08:33:00,2025-07-08 10:06:00,2025-07-08 09:35:00,Completed,50828
5938,1173,4579,1,,2025-07-08 09:00:00,2025-07-10 08:11:00,2025-07-10 07:54:00,Completed,171255
5939,5071,4617,6,,2025-07-08 09:00:00,2025-07-08 11:48:00,2025-07-08 11:57:00,Completed,26697
5940,5070,4620,6,,2025-07-08 09:27:00,2025-07-08 14:15:00,2025-07-08 15:28:00,Completed,33018
5941,5048,4578,4,,2025-07-08 09:30:00,2025-07-08 12:45:00,2025-07-08 11:38:00,Completed,154984
5942,5052,4594,4,,2025-07-08 09:38:00,2025-07-09 15:50:00,2025-07-09 14:46:00,Completed,113883
5943,5087,,4,,2025-07-08 09:50:00,2025-07-09 07:47:00,2025-07-08 14:55:00,Completed,77634
5944,4326,4630,7,,2025-07-08 09:57:00,2025-07-08 12:57:00,2025-07-08 11:17:00,Completed,94813
5945,5053,4595,7,,2025-07-08 10:04:00,2025-07-08 14:09:00,2025-07-08 16:38:00,Completed,37670
5946,5084,,1,,2025-07-08 10:07:00,2025-07-08 14:37:00,2025-07-08 12:11:00,Completed,75778
5947,5023,4543,7,,2025-07-08 10:09:00,2025-07-08 13:32:00,2025-07-08 14:44:00,Completed,201620
5948,5089,4638,1,,2025-07-08 10:11:00,2025-07-08 16:19:00,2025-07-09 07:39:00,Completed,115136
5949,5090,,2,,2025-07-08 10:11:00,2025-07-08 13:07:00,2025-07-08 11:42:00,Completed,138764
5950,436,,6,5830,2025-07-08 11:38:00,2025-07-08 14:27:00,2025-07-14 11:30:00,Completed,191516
5951,5083,,4,,2025-07-08 12:47:00,2025-07-08 16:27:00,2025-07-08 15:32:00,Completed,63166
5952,2459,4581,7,,2025-07-08 13:31:00,2025-07-09 08:17:00,2025-07-09 08:13:00,Completed,43476
5953,5085,,6,,2025-07-08 13:49:00,2025-07-09 08:37:00,2025-07-09 10:27:00,Completed,104906
5954,4902,4421,2,,2025-07-09 07:32:00,2025-07-09 11:47:00,2025-07-09 11:26:00,Completed,105923
5955,4215,4550,4,,2025-07-09 07:35:00,2025-07-09 13:57:00,2025-07-09 10:52:00,Completed,163365
5956,4774,4639,4,,2025-07-09 08:00:00,2025-07-09 12:53:00,2025-07-09 15:33:00,Completed,30722
5957,5077,4626,7,,2025-07-09 08:01:00,2025-07-09 10:38:00,2025-07-09 10:09:00,Completed,15611
5958,4669,4647,4,,2025-07-09 08:01:00,2025-07-11 14:15:00,2025-07-15 11:22:00,Completed,72727
5959,5072,4615,7,,2025-07-09 08:31:00,2025-07-09 11:21:00,2025-07-09 11:40:00,Completed,44874
5960,4697,4585,7,,2025-07-09 08:38:00,2025-07-09 13:36:00,2025-07-09 13:15:00,Completed,110308
5961,3416,4541,7,,2025-07-09 09:04:00,2025-07-09 15:54:00,2025-07-09 16:30:00,Completed,134510
5962,3767,4592,2,,2025-07-09 09:08:00,2025-07-09 10:30:00,2025-07-09 09:42:00,Completed,110369
5963,5099,4648,6,,2025-07-09 09:32:00,2025-07-09 10:47:00,2025-07-09 10:05:00,Completed,75043
5964,1211,4621,6,5710,2025-07-09 10:05:00,2025-07-09 12:42:00,2025-07-09 13:36:00,Completed,160386
5965,4002,4634,6,,2025-07-09 13:09:00,2025-07-10 08:09:00,2025-07-09 16:15:00,Completed,158876
5966,5096,,1,,2025-07-09 13:40:00,2025-07-09 14:55:00,2025-07-09 14:13:00,Completed,52726
5967,4999,4520,7,,2025-07-09 15:35:00,2025-07-10 09:33:00,2025-07-10 11:36:00,Completed,88010
5968,5063,4607,4,,2025-07-10 08:01:00,2025-07-10 09:16:00,2025-07-10 08:33:00,Completed,87115
5969,4502,4583,7,,2025-07-10 08:04:00,2025-07-10 11:19:00,2025-07-10 09:25:00,Completed,160136
5970,2549,,4,,2025-07-10 08:23:00,2025-07-10 10:09:00,2025-07-10 09:27:00,Completed,88726
5971,5100,4650,2,,2025-07-10 08:35:00,2025-07-10 11:12:00,2025-07-10 11:50:00,Completed,130317
5972,513,4612,7,,2025-07-10 10:31:00,2025-07-10 14:08:00,2025-07-10 13:06:00,Completed,197606
5973,4149,4658,4,,2025-07-10 10:38:00,2025-07-10 11:53:00,2025-07-10 11:12:00,Completed,158376
5974,4378,,2,,2025-07-10 10:47:00,2025-07-10 13:17:00,2025-07-10 12:14:00,Completed,73461
5975,4178,4599,6,,2025-07-10 11:31:00,2025-07-10 12:46:00,2025-07-10 12:02:00,Completed,108022
5976,4360,,2,,2025-07-10 12:24:00,2025-07-10 14:24:00,2025-07-10 13:35:00,Completed,55126
5977,5113,,6,,2025-07-10 12:25:00,2025-07-10 14:55:00,2025-07-10 12:58:00,Completed,139018
5978,5092,4641,3,,2025-07-10 13:09:00,2025-07-11 09:09:00,2025-07-10 16:31:00,Completed,244424
5979,3884,4663,3,,2025-07-10 13:35:00,2025-07-10 16:24:00,2025-07-10 16:40:00,Completed,127139
5980,4366,4625,1,,2025-07-10 14:31:00,2025-07-10 16:01:00,2025-07-10 15:13:00,Completed,116888
5981,5054,4598,4,,2025-07-11 07:37:00,2025-07-11 11:52:00,2025-07-11 09:50:00,Completed,88553
5982,5068,4602,4,,2025-07-11 07:39:00,2025-07-11 10:53:00,2025-07-11 10:54:00,Completed,82020
5983,4494,4528,3,,2025-07-11 08:07:00,2025-07-11 11:37:00,2025-07-11 09:27:00,Completed,147921
5984,4733,4591,7,,2025-07-11 08:08:00,2025-07-11 10:08:00,2025-07-11 09:56:00,Completed,30661
5985,5128,,4,,2025-07-11 08:23:00,2025-07-11 13:20:00,2025-07-11 12:59:00,Completed,121960
5986,1880,4668,7,,2025-07-11 08:30:00,2025-07-11 10:25:00,2025-07-11 10:31:00,Completed,90220
5987,5123,,1,,2025-07-11 08:30:00,2025-07-14 16:04:00,2025-07-14 12:14:00,Completed,135107
5988,4867,4382,6,,2025-07-11 08:33:00,2025-07-11 12:03:00,2025-07-11 12:03:00,Completed,105725
5989,1858,,7,,2025-07-11 08:59:00,2025-07-11 13:10:00,2025-07-11 15:19:00,Completed,45026
5990,5102,4662,3,,2025-07-11 09:08:00,2025-07-11 13:23:00,2025-07-11 11:43:00,Completed,105911
5991,5120,4670,7,,2025-07-11 10:03:00,2025-07-11 14:42:00,2025-07-11 15:28:00,Completed,59257
5992,5125,,6,,2025-07-11 10:05:00,2025-07-11 11:20:00,2025-07-11 10:40:00,Completed,123841
5993,5126,,6,,2025-07-11 10:31:00,2025-07-11 13:46:00,2025-07-11 14:54:00,Completed,2153
5994,240,4659,6,,2025-07-11 11:01:00,2025-07-11 14:39:00,2025-07-11 12:57:00,Completed,210125
5995,5037,4571,4,,2025-07-11 11:03:00,2025-07-11 14:22:00,2025-07-11 14:03:00,Completed,118417
5996,5124,,3,,2025-07-11 11:18:00,2025-07-12 08:35:00,2025-07-11 15:11:00,Completed,286628
5997,4049,,7,,2025-07-11 12:49:00,2025-07-12 08:01:00,2025-07-12 10:01:00,Completed,61234
5998,5121,4673,2,,2025-07-11 13:01:00,2025-07-14 14:03:00,2025-07-14 14:04:00,Completed,103811
5999,4404,4580,3,,2025-07-12 08:04:00,2025-07-12 11:41:00,2025-07-12 10:40:00,Completed,203051
6000,1860,4608,7,,2025-07-12 08:07:00,2025-07-12 09:59:00,2025-07-12 09:44:00,Completed,78201
6001,5074,4613,4,,2025-07-12 08:21:00,2025-07-12 12:13:00,2025-07-12 09:55:00,Completed,75767
6002,5078,4627,7,,2025-07-12 08:45:00,2025-07-12 12:25:00,2025-07-12 11:09:00,Completed,74202
6003,5140,,6,,2025-07-12 09:25:00,2025-07-12 11:47:00,2025-07-12 11:14:00,Completed,94114
6004,5114,4667,7,,2025-07-12 09:35:00,2025-07-12 12:17:00,2025-07-12 12:15:00,Completed,116314
6005,5141,,2,,2025-07-12 09:35:00,2025-07-12 12:50:00,2025-07-12 10:29:00,Completed,70022
6006,5073,4618,3,,2025-07-12 09:38:00,2025-07-14 07:45:00,2025-07-12 13:46:00,Completed,82897
6007,5080,4636,6,,2025-07-12 11:03:00,2025-07-12 14:00:00,2025-07-12 11:47:00,Completed,69351
6008,5093,4642,7,,2025-07-12 11:05:00,2025-07-14 09:53:00,2025-07-14 09:15:00,Completed,58920
6009,5129,4679,4,,2025-07-12 11:34:00,2025-07-14 08:56:00,2025-07-14 09:50:00,Completed,215425
6010,5081,4632,4,,2025-07-14 08:06:00,2025-07-14 09:21:00,2025-07-14 08:33:00,Completed,110171
6011,1419,4645,3,,2025-07-14 08:06:00,2025-07-14 11:21:00,2025-07-14 11:24:00,Completed,111521
6012,5144,4690,4,,2025-07-14 08:25:00,2025-07-14 11:26:00,2025-07-14 10:21:00,Completed,68157
6013,2452,4614,7,,2025-07-14 08:33:00,2025-07-14 11:14:00,2025-07-14 13:41:00,Completed,76114
6014,4437,4697,1,,2025-07-14 08:33:00,2025-07-14 09:48:00,2025-07-14 09:22:00,Completed,47721
6015,3267,,2,,2025-07-14 08:53:00,2025-07-14 16:23:00,2025-07-15 07:37:00,Completed,185226
6016,4686,4696,7,5712,2025-07-14 09:02:00,2025-07-14 11:47:00,2025-07-14 10:08:00,Completed,29859
6017,4194,4568,6,,2025-07-14 09:37:00,2025-07-14 12:37:00,2025-07-14 13:54:00,Completed,117723
6018,5145,,7,,2025-07-14 09:46:00,2025-07-14 13:19:00,2025-07-14 13:26:00,Completed,195385
6019,4514,4693,7,,2025-07-14 10:05:00,2025-07-14 14:30:00,2025-07-14 14:30:00,Completed,87880
6020,4086,,3,,2025-07-14 10:08:00,2025-07-14 17:30:00,2025-07-14 14:54:00,Completed,91275
6021,4030,,6,,2025-07-14 10:29:00,2025-07-14 13:59:00,2025-07-14 13:24:00,Completed,53129
6022,2140,4508,4,,2025-07-14 11:05:00,2025-07-14 17:30:00,2025-07-14 15:09:00,Completed,122756
6023,3264,4665,3,,2025-07-14 11:31:00,2025-07-14 15:55:00,2025-07-14 15:20:00,Completed,130316
6024,3560,,3,,2025-07-14 12:34:00,2025-07-14 15:19:00,2025-07-14 15:39:00,Completed,64641
6025,5103,4652,4,,2025-07-14 13:07:00,2025-07-15 08:38:00,2025-07-14 16:39:00,Completed,66026
6026,3918,4681,6,,2025-07-14 14:04:00,2025-07-14 17:30:00,2025-07-14 15:19:00,Completed,103377
6027,3459,4692,1,,2025-07-14 14:09:00,2025-07-16 17:30:00,2025-07-16 14:23:00,Completed,84769
6028,1992,,3,,2025-07-15 07:55:00,2025-07-15 12:17:00,2025-07-15 12:12:00,Completed,35623
6029,3369,4689,2,,2025-07-15 08:06:00,2025-07-16 12:52:00,2025-07-16 10:11:00,Completed,217607
6030,5146,4699,1,,2025-07-15 08:06:00,2025-07-17 13:28:00,2025-07-17 10:48:00,Completed,163547
6031,4713,4702,3,,2025-07-15 08:23:00,2025-07-15 13:03:00,2025-07-15 13:24:00,Completed,177205
6032,4382,4574,3,,2025-07-15 08:35:00,2025-07-15 11:21:00,2025-07-15 11:39:00,Completed,85903
6033,5150,,7,,2025-07-15 08:41:00,2025-07-15 09:56:00,2025-07-15 09:44:00,Completed,88082
6034,5152,4704,6,,2025-07-15 09:05:00,2025-07-15 11:05:00,2025-07-15 10:28:00,Completed,152365
6035,3566,4676,4,,2025-07-15 09:33:00,2025-07-15 13:25:00,2025-07-15 14:33:00,Completed,148440
6036,5160,4705,4,,2025-07-15 09:37:00,2025-07-15 12:17:00,2025-07-15 12:03:00,Completed,77954
6037,5151,,6,,2025-07-15 09:51:00,2025-07-15 11:16:00,2025-07-15 10:41:00,Completed,75867
6038,4375,4640,4,,2025-07-15 10:04:00,2025-07-15 16:32:00,2025-07-15 16:08:00,Completed,80745
6039,5111,4660,3,,2025-07-15 10:05:00,2025-07-15 16:05:00,2025-07-15 14:10:00,Completed,121945
6040,4687,4703,1,,2025-07-15 10:28:00,2025-07-15 15:13:00,2025-07-15 13:14:00,Completed,157756
6041,5154,,6,,2025-07-15 10:35:00,2025-07-15 12:51:00,2025-07-15 12:35:00,Completed,49714
6042,5142,4686,7,,2025-07-15 10:39:00,2025-07-15 12:54:00,2025-07-15 12:43:00,Completed,161610
6043,3751,4701,7,,2025-07-15 11:07:00,2025-07-15 13:11:00,2025-07-15 13:19:00,Completed,178881
6044,5161,,7,,2025-07-15 11:18:00,2025-07-16 10:18:00,2025-07-16 08:23:00,Completed,26481
6045,2343,,4,,2025-07-15 11:25:00,2025-07-15 14:27:00,2025-07-15 15:13:00,Completed,59781
6046,5158,,4,,2025-07-15 12:27:00,2025-07-16 10:08:00,2025-07-16 07:56:00,Completed,80064
6047,5156,,7,,2025-07-15 14:20:00,2025-07-15 15:42:00,2025-07-15 15:18:00,Completed,198020
6048,5115,4664,3,,2025-07-16 07:30:00,2025-07-16 11:00:00,2025-07-16 12:55:00,Completed,174953
6049,5167,,3,,2025-07-16 08:08:00,2025-07-16 12:47:00,2025-07-16 13:05:00,Completed,48279
6050,5171,4712,6,,2025-07-16 08:09:00,2025-07-16 10:24:00,2025-07-16 09:32:00,Completed,29126
6051,544,4684,6,,2025-07-16 08:30:00,2025-07-16 12:47:00,2025-07-16 14:54:00,Completed,202122
6052,3137,4653,3,,2025-07-16 09:06:00,2025-07-16 13:24:00,2025-07-16 13:06:00,Completed,142201
6053,5147,4698,6,,2025-07-16 09:35:00,2025-07-16 15:57:00,2025-07-17 07:57:00,Completed,145112
6054,5169,,2,,2025-07-16 10:12:00,2025-07-16 15:04:00,2025-07-16 12:49:00,Completed,45550
6055,3058,4655,6,,2025-07-16 10:31:00,2025-07-16 15:26:00,2025-07-16 16:27:00,Completed,79945
6056,5174,,7,,2025-07-16 11:28:00,2025-07-16 17:30:00,2025-07-16 15:03:00,Completed,30520
6057,5168,,7,,2025-07-16 14:35:00,2025-07-17 08:26:00,2025-07-16 16:42:00,Completed,189687
6058,3445,4695,6,5828,2025-07-16 14:37:00,2025-07-17 08:04:00,2025-07-17 10:20:00,Completed,61779
6059,4911,4444,7,,2025-07-16 15:03:00,2025-07-18 15:44:00,2025-07-18 13:33:00,Completed,87716
6060,4722,4708,7,,2025-07-16 15:35:00,2025-07-17 08:38:00,2025-07-17 08:48:00,Completed,242429
6061,5137,4678,2,,2025-07-17 07:36:00,2025-07-17 09:06:00,2025-07-17 08:21:00,Completed,76680
6062,5138,4672,1,,2025-07-17 08:02:00,2025-07-17 12:17:00,2025-07-17 13:20:00,Completed,107867
6063,2125,4526,7,,2025-07-17 08:09:00,2025-07-17 11:03:00,2025-07-17 10:58:00,Completed,85577
6064,3087,4685,2,,2025-07-17 08:20:00,2025-07-17 15:57:00,2025-07-17 12:53:00,Completed,186796
6065,5190,,1,,2025-07-17 09:07:00,2025-07-18 12:38:00,2025-07-18 09:19:00,Completed,33899
6066,5198,,6,,2025-07-17 09:17:00,2025-07-17 13:24:00,2025-07-17 11:18:00,Completed,213371
6067,5199,,6,,2025-07-17 09:20:00,2025-07-17 11:39:00,2025-07-17 11:38:00,Completed,102070
6068,2035,,2,,2025-07-17 09:31:00,2025-07-17 17:30:00,2025-07-17 15:12:00,Completed,138856
6069,5117,4669,1,,2025-07-17 09:37:00,2025-07-17 12:22:00,2025-07-17 11:42:00,Completed,83485
6070,2743,4682,1,,2025-07-17 09:39:00,2025-07-18 16:07:00,2025-07-18 10:55:00,Completed,63026
6071,5189,,6,,2025-07-17 09:50:00,2025-07-17 13:23:00,2025-07-17 13:49:00,Completed,17785
6072,156,,6,,2025-07-17 10:00:00,2025-07-17 14:41:00,2025-07-17 13:28:00,Completed,141794
6073,5200,,3,,2025-07-17 10:25:00,2025-07-17 13:02:00,2025-07-17 12:02:00,Completed,150927
6074,5194,,6,,2025-07-17 10:27:00,2025-07-17 13:20:00,2025-07-17 13:57:00,Completed,117600
6075,5175,4714,7,,2025-07-17 10:33:00,2025-07-17 13:31:00,2025-07-17 12:11:00,Completed,70882
6076,465,4495,3,,2025-07-17 11:36:00,2025-07-17 15:19:00,2025-07-17 14:29:00,Completed,199570
6077,86,4726,3,,2025-07-17 13:02:00,2025-07-18 08:01:00,2025-07-17 15:35:00,Completed,144899
6078,4945,4483,4,,2025-07-17 14:36:00,2025-07-18 07:51:00,2025-07-18 09:51:00,Completed,51515
6079,4333,4611,6,,2025-07-17 15:01:00,2025-07-17 17:30:00,2025-07-17 16:34:00,Completed,127444
6080,5201,4733,2,,2025-07-18 07:31:00,2025-07-18 13:23:00,2025-07-18 12:21:00,Completed,264825
6081,5211,4740,6,,2025-07-18 07:33:00,2025-07-18 10:10:00,2025-07-18 08:12:00,Completed,259226
6082,5212,,7,,2025-07-18 08:01:00,2025-07-18 11:16:00,2025-07-18 11:03:00,Completed,53610
6083,1564,4657,6,,2025-07-18 08:08:00,2025-07-18 10:38:00,2025-07-18 09:55:00,Completed,175473
6084,4126,4651,7,,2025-07-18 08:31:00,2025-07-18 11:29:00,2025-07-18 12:15:00,Completed,49838
6085,4888,4671,6,,2025-07-18 09:08:00,2025-07-18 10:44:00,2025-07-18 10:36:00,Completed,103353
6086,5179,4722,1,,2025-07-18 09:37:00,2025-07-18 13:52:00,2025-07-18 11:45:00,Completed,63131
6087,5209,,4,,2025-07-18 09:46:00,2025-07-21 13:17:00,2025-07-21 11:00:00,Completed,121366
6088,5178,4721,6,,2025-07-18 10:08:00,2025-07-18 14:04:00,2025-07-18 11:51:00,Completed,136749
6089,5129,4734,4,6009,2025-07-18 10:09:00,2025-07-18 12:57:00,2025-07-18 13:25:00,Completed,215629
6090,2904,4738,7,,2025-07-18 10:33:00,2025-07-18 13:48:00,2025-07-18 12:12:00,Completed,160144
6091,5202,4736,3,,2025-07-18 11:02:00,2025-07-18 16:32:00,2025-07-18 13:26:00,Completed,36946
6092,5208,,2,,2025-07-18 11:25:00,2025-07-18 13:02:00,2025-07-18 12:06:00,Completed,40435
6093,5206,,6,,2025-07-18 12:17:00,2025-07-18 15:47:00,2025-07-18 16:24:00,Completed,130557
6094,5210,,7,,2025-07-18 12:20:00,2025-07-18 15:50:00,2025-07-18 14:15:00,Completed,114490
6095,5149,4700,3,,2025-07-18 12:30:00,2025-07-18 16:09:00,2025-07-18 14:10:00,Completed,128674
6096,5143,4683,7,,2025-07-18 13:06:00,2025-07-18 15:41:00,2025-07-18 15:46:00,Completed,29229
6097,5009,4527,6,,2025-07-18 13:34:00,2025-07-18 17:30:00,2025-07-18 15:29:00,Completed,71482
6098,5180,4716,4,,2025-07-18 13:35:00,2025-07-18 15:12:00,2025-07-18 14:39:00,Completed,149771
6099,4517,4739,4,,2025-07-18 14:32:00,2025-07-19 08:32:00,2025-07-18 15:57:00,Completed,39741
6100,5075,4619,6,,2025-07-18 15:01:00,2025-07-19 08:53:00,2025-07-19 08:53:00,Completed,69374
6101,1390,4709,1,,2025-07-19 08:00:00,2025-07-19 11:37:00,2025-07-19 12:48:00,Completed,79924
6102,4191,4637,7,,2025-07-19 08:04:00,2025-07-19 14:00:00,2025-07-22 13:28:00,Completed,104952
6103,4418,4735,6,,2025-07-19 08:36:00,2025-07-19 09:51:00,2025-07-19 09:25:00,Completed,162629
6104,681,,4,,2025-07-19 08:44:00,2025-07-19 11:59:00,2025-07-19 10:57:00,Completed,83987
6105,5214,,3,,2025-07-19 09:20:00,2025-07-22 11:40:00,2025-07-22 08:23:00,Completed,203613
6106,2518,4674,2,,2025-07-19 09:39:00,2025-07-19 12:09:00,2025-07-19 10:04:00,Completed,103497
6107,3863,4691,4,,2025-07-19 10:36:00,2025-07-21 09:18:00,2025-07-19 13:46:00,Completed,88145
6108,5094,4646,2,,2025-07-19 10:38:00,2025-07-19 13:08:00,2025-07-19 13:42:00,Completed,36620
6109,3681,4629,6,,2025-07-19 11:09:00,2025-07-19 12:16:00,2025-07-19 11:49:00,Completed,34788
6110,4713,4729,4,5865,2025-07-19 11:32:00,2025-07-21 08:31:00,2025-07-21 08:54:00,Completed,177401
6111,2384,4523,1,,2025-07-21 07:35:00,2025-07-21 17:30:00,2025-07-21 15:52:00,Completed,289165
6112,2164,4635,7,,2025-07-21 07:35:00,2025-07-21 09:12:00,2025-07-21 08:47:00,Completed,119687
6113,5204,4737,7,,2025-07-21 07:51:00,2025-07-21 12:15:00,2025-07-21 11:28:00,Completed,89041
6114,702,,6,,2025-07-21 07:55:00,2025-07-21 11:10:00,2025-07-21 09:11:00,Completed,88688
6115,4741,4749,3,,2025-07-21 08:03:00,2025-07-21 11:03:00,2025-07-21 09:56:00,Completed,70395
6116,1749,4761,6,,2025-07-21 08:04:00,2025-07-21 11:55:00,2025-07-21 12:37:00,Completed,89033
6117,3762,4643,1,,2025-07-21 09:00:00,2025-07-21 11:37:00,2025-07-21 10:38:00,Completed,82202
6118,4549,4677,7,,2025-07-21 09:02:00,2025-07-21 12:19:00,2025-07-21 12:32:00,Completed,122107
6119,5219,,7,,2025-07-21 09:08:00,2025-07-21 13:36:00,2025-07-28 10:46:00,Completed,77225
6120,4379,4754,2,,2025-07-21 09:22:00,2025-07-22 07:37:00,2025-07-21 17:08:00,Completed,94185
6121,4012,4764,6,,2025-07-21 09:49:00,2025-07-21 12:13:00,2025-07-21 11:48:00,Completed,73364
6122,1497,,1,,2025-07-21 10:03:00,2025-07-21 14:25:00,2025-07-21 12:38:00,Completed,179053
6123,4354,4654,7,,2025-07-21 10:35:00,2025-07-21 13:57:00,2025-07-21 14:33:00,Completed,153317
6124,4820,4748,7,,2025-07-21 11:07:00,2025-07-21 14:31:00,2025-07-21 15:22:00,Completed,44927
6125,2951,4718,4,,2025-07-21 14:04:00,2025-07-21 17:30:00,2025-07-21 15:16:00,Completed,109528
6126,4258,4760,1,,2025-07-21 14:05:00,2025-07-22 10:20:00,2025-07-22 08:32:00,Completed,259926
6127,4796,4770,3,5834,2025-07-21 14:16:00,2025-07-21 16:31:00,2025-07-26 10:34:00,Completed,53390
6128,1512,4767,6,,2025-07-21 15:30:00,2025-07-22 09:00:00,2025-07-22 10:51:00,Completed,119801
6129,5224,4768,6,,2025-07-22 07:39:00,2025-07-22 08:54:00,2025-07-22 08:29:00,Completed,264647
6130,5223,4769,7,,2025-07-22 08:07:00,2025-07-22 09:22:00,2025-07-22 08:58:00,Completed,112606
6131,5242,,4,,2025-07-22 08:37:00,2025-07-22 13:07:00,2025-07-22 11:03:00,Completed,40260
6132,4343,4775,7,,2025-07-22 09:00:00,2025-07-22 12:15:00,2025-07-22 14:23:00,Completed,161696
6133,4029,4589,7,,2025-07-22 09:09:00,2025-07-22 11:15:00,2025-07-22 11:22:00,Completed,65736
6134,5239,,2,,2025-07-22 09:09:00,2025-07-22 15:54:00,2025-07-22 12:30:00,Completed,65873
6135,4621,4778,3,,2025-07-22 09:34:00,2025-07-22 12:26:00,2025-07-22 11:13:00,Completed,119013
6136,5240,,3,,2025-07-22 10:00:00,2025-07-22 12:12:00,2025-07-22 12:01:00,Completed,132711
6137,5234,,6,,2025-07-22 10:09:00,2025-07-22 12:09:00,2025-07-22 11:10:00,Completed,170473
6138,5218,4752,1,,2025-07-22 11:39:00,2025-07-22 15:54:00,2025-07-22 13:16:00,Completed,156065
6139,5241,,3,,2025-07-22 11:47:00,2025-07-22 15:20:00,2025-07-22 16:35:00,Completed,74737
6140,4716,4732,1,,2025-07-22 12:07:00,2025-07-22 17:30:00,2025-07-22 15:18:00,Completed,34612
6141,5183,4717,7,,2025-07-22 12:31:00,2025-07-22 14:31:00,2025-07-22 14:51:00,Completed,77125
6142,2314,4780,6,,2025-07-22 14:37:00,2025-07-23 09:44:00,2025-07-23 09:40:00,Completed,56157
6143,4518,4680,3,,2025-07-23 07:33:00,2025-07-23 10:03:00,2025-07-23 09:18:00,Completed,51726
6144,3671,4656,2,,2025-07-23 08:02:00,2025-07-24 12:19:00,2025-07-24 12:03:00,Completed,152803
6145,3945,4730,2,,2025-07-23 08:31:00,2025-07-23 09:53:00,2025-07-23 09:14:00,Completed,50644
6146,1138,,4,,2025-07-23 08:50:00,2025-07-23 10:20:00,2025-07-23 09:31:00,Completed,200228
6147,2464,4741,4,,2025-07-23 09:31:00,2025-07-23 12:01:00,2025-07-23 10:10:00,Completed,110006
6148,2686,4713,1,,2025-07-23 09:38:00,2025-07-23 17:30:00,2025-07-23 13:08:00,Completed,72060
6149,5205,4731,7,,2025-07-23 10:05:00,2025-07-23 11:20:00,2025-07-23 10:46:00,Completed,147707
6150,2727,,7,,2025-07-23 10:13:00,2025-07-23 12:22:00,2025-07-23 12:00:00,Completed,139160
6151,3906,4755,4,,2025-07-23 10:35:00,2025-07-23 13:35:00,2025-07-23 12:27:00,Completed,87741
6152,4817,4661,6,,2025-07-23 10:37:00,2025-07-23 15:37:00,2025-07-23 13:13:00,Completed,137846
6153,5009,,6,6097,2025-07-23 11:20:00,2025-07-23 15:48:00,2025-07-23 14:21:00,Completed,71704
6154,4359,4786,7,,2025-07-23 11:31:00,2025-07-23 15:57:00,2025-07-23 16:14:00,Completed,151626
6155,4660,4727,3,,2025-07-23 11:34:00,2025-07-23 12:49:00,2025-07-23 12:17:00,Completed,75446
6156,3485,4790,4,,2025-07-23 11:55:00,2025-07-23 15:28:00,2025-07-23 14:42:00,Completed,138239
6157,985,,7,,2025-07-23 12:31:00,2025-07-24 08:04:00,2025-07-24 08:56:00,Completed,176483
6158,1142,4743,3,,2025-07-23 14:30:00,2025-07-25 11:32:00,2025-07-25 07:47:00,Completed,143115
6159,5269,4800,7,,2025-07-24 07:32:00,2025-07-24 10:02:00,2025-07-24 08:13:00,Completed,151150
6160,5215,4747,1,,2025-07-24 07:32:00,2025-07-24 11:47:00,2025-07-24 09:13:00,Completed,40725
6161,5265,4801,7,,2025-07-24 07:56:00,2025-07-24 10:33:00,2025-07-24 08:48:00,Completed,129492
6162,5192,4785,4,,2025-07-24 08:08:00,2025-07-24 09:23:00,2025-07-24 08:47:00,Completed,77638
6163,4316,4759,1,,2025-07-24 10:02:00,2025-07-24 12:17:00,2025-07-24 11:15:00,Completed,83095
6164,2945,4783,4,,2025-07-24 11:36:00,2025-07-24 14:21:00,2025-07-24 12:19:00,Completed,142401
6165,5266,,3,,2025-07-24 11:43:00,2025-07-24 12:58:00,2025-07-24 12:15:00,Completed,65948
6166,5112,4649,7,,2025-07-24 12:02:00,2025-07-24 14:32:00,2025-07-24 13:08:00,Completed,161958
6167,5228,4772,1,,2025-07-24 13:35:00,2025-07-24 16:35:00,2025-07-24 15:37:00,Completed,115775
6168,3857,4802,7,,2025-07-25 07:30:00,2025-07-25 10:45:00,2025-07-25 10:07:00,Completed,24096
6169,3779,4507,1,,2025-07-25 08:03:00,2025-07-25 14:06:00,2025-07-25 12:38:00,Completed,53024
6170,1587,4616,2,,2025-07-25 08:07:00,2025-07-25 09:59:00,2025-07-25 09:15:00,Completed,135390
6171,4833,4809,7,,2025-07-25 08:22:00,2025-07-25 11:34:00,2025-07-25 11:51:00,Completed,225170
6172,108,4753,4,,2025-07-25 08:31:00,2025-07-25 10:38:00,2025-07-25 09:53:00,Completed,200884
6173,2268,4789,1,,2025-07-25 08:31:00,2025-07-25 14:17:00,2025-07-25 15:53:00,Completed,110949
6174,4993,,7,,2025-07-25 08:42:00,2025-07-25 12:00:00,2025-07-25 12:53:00,Completed,108221
6175,194,4796,7,,2025-07-25 08:52:00,2025-07-25 14:04:00,2025-07-25 13:56:00,Completed,246986
6176,5093,,7,6008,2025-07-25 09:04:00,2025-07-25 15:07:00,2025-07-25 14:46:00,Completed,59460
6177,4137,4808,7,,2025-07-25 09:14:00,2025-07-25 15:15:00,2025-07-25 15:41:00,Completed,45157
6178,3228,,2,,2025-07-25 09:45:00,2025-07-26 08:15:00,2025-07-25 15:08:00,Completed,125804
6179,809,4792,7,,2025-07-25 10:02:00,2025-07-25 14:33:00,2025-07-25 16:10:00,Completed,247540
6180,4070,4794,1,,2025-07-25 10:08:00,2025-07-30 12:06:00,2025-07-30 12:33:00,Completed,206945
6181,5273,,3,,2025-07-25 10:49:00,2025-07-25 14:49:00,2025-07-25 12:53:00,Completed,93783
6182,2869,4763,3,,2025-07-25 11:03:00,2025-07-25 15:03:00,2025-07-25 13:49:00,Completed,281689
6183,3971,,2,,2025-07-25 11:11:00,2025-07-28 12:00:00,2025-07-30 11:35:00,Completed,122970
6184,2198,4766,4,,2025-07-25 11:30:00,2025-07-25 16:37:00,2025-07-25 14:18:00,Completed,160177
6185,4524,4742,7,,2025-07-25 12:30:00,2025-07-26 08:22:00,2025-08-01 12:38:00,Completed,29895
6186,1037,,2,,2025-07-25 12:55:00,2025-07-25 17:30:00,2025-07-25 15:13:00,Completed,133933
6187,4935,,4,,2025-07-25 13:26:00,2025-07-25 17:30:00,2025-08-01 12:20:00,Completed,181657
6188,4593,4746,3,,2025-07-25 14:32:00,2025-07-29 13:26:00,2025-07-29 13:20:00,Completed,47593
6189,5123,4798,4,5987,2025-07-26 09:04:00,2025-07-26 11:56:00,2025-07-26 10:05:00,Completed,135554
6190,5217,4750,6,,2025-07-26 09:31:00,2025-07-26 12:46:00,2025-07-26 12:08:00,Completed,117831
6191,5277,,7,,2025-07-26 09:48:00,2025-07-26 12:44:00,2025-07-26 12:30:00,Completed,75183
6192,3105,,2,,2025-07-26 11:05:00,2025-07-28 08:50:00,2025-07-28 10:11:00,Completed,93119
6193,4370,4817,1,5914,2025-07-28 07:33:00,2025-07-28 11:03:00,2025-07-28 11:31:00,Completed,166223
6194,5081,4827,6,,2025-07-28 07:36:00,2025-07-28 11:36:00,2025-07-28 09:39:00,Completed,110655
6195,4246,4811,3,,2025-07-28 08:06:00,2025-07-28 11:13:00,2025-07-28 10:21:00,Completed,139426
6196,2305,4590,3,,2025-07-28 08:33:00,2025-07-28 12:40:00,2025-07-28 14:58:00,Completed,103429
6197,2147,,4,,2025-07-28 09:05:00,2025-07-28 13:57:00,2025-07-28 13:57:00,Completed,48146
6198,4051,4821,7,,2025-07-28 09:08:00,2025-07-28 13:53:00,2025-07-28 12:16:00,Completed,43321
6199,4510,4816,4,,2025-07-28 09:35:00,2025-07-30 15:18:00,2025-07-30 14:50:00,Completed,60330
6200,5254,4795,3,,2025-07-28 09:36:00,2025-07-28 11:45:00,2025-07-28 11:42:00,Completed,166575
6201,4870,,6,,2025-07-28 09:43:00,2025-07-28 13:09:00,2025-07-28 12:19:00,Completed,148749
6202,5285,,1,,2025-07-28 10:00:00,2025-07-28 16:15:00,2025-07-28 13:26:00,Completed,35379
6203,4831,4822,7,,2025-07-28 10:01:00,2025-07-28 12:30:00,2025-07-28 12:50:00,Completed,43573
6204,5286,4829,3,,2025-07-28 10:01:00,2025-07-28 14:26:00,2025-07-28 12:54:00,Completed,131418
6205,2610,,3,,2025-07-28 10:32:00,2025-07-28 16:38:00,2025-07-29 09:27:00,Completed,180577
6206,4241,4828,4,,2025-07-28 10:35:00,2025-07-28 17:30:00,2025-07-28 14:47:00,Completed,155470
6207,4901,4820,7,,2025-07-28 11:05:00,2025-07-28 13:51:00,2025-07-28 14:05:00,Completed,186157
6208,2142,,1,,2025-07-28 11:47:00,2025-08-02 14:00:00,2025-08-04 13:09:00,Completed,140075
6209,2858,,7,,2025-07-28 12:58:00,2025-07-28 16:01:00,2025-07-28 16:14:00,Completed,82904
6210,5162,4710,3,,2025-07-28 13:34:00,2025-07-28 17:30:00,2025-07-28 16:58:00,Completed,238321
6211,3697,4773,7,,2025-07-28 14:00:00,2025-07-28 16:28:00,2025-07-28 16:22:00,Completed,203766
6212,5247,4781,7,,2025-07-29 08:04:00,2025-07-29 10:04:00,2025-07-29 09:57:00,Completed,197662
6213,5292,4837,2,,2025-07-29 08:05:00,2025-07-29 10:35:00,2025-07-29 09:22:00,Completed,100585
6214,4542,,4,,2025-07-29 08:15:00,2025-07-29 11:30:00,2025-07-29 09:09:00,Completed,153324
6215,5296,,4,,2025-07-29 09:21:00,2025-07-30 09:51:00,2025-07-30 08:24:00,Completed,108916
6216,5289,,4,,2025-07-29 09:30:00,2025-07-29 11:30:00,2025-07-29 11:05:00,Completed,58930
6217,5290,,6,,2025-07-29 10:21:00,2025-07-29 12:43:00,2025-07-29 11:55:00,Completed,36388
6218,5291,,7,,2025-07-29 10:43:00,2025-07-31 13:36:00,2025-07-31 16:15:00,Completed,174011
6219,5293,,1,,2025-07-29 11:04:00,2025-07-29 17:30:00,2025-08-04 13:53:00,Completed,99539
6220,5294,,3,,2025-07-29 12:03:00,2025-07-29 14:03:00,2025-07-29 13:11:00,Completed,112861
6221,276,4799,6,,2025-07-29 13:08:00,2025-07-29 14:23:00,2025-07-29 13:53:00,Completed,240672
6222,3555,4724,2,,2025-07-29 13:34:00,2025-07-29 17:30:00,2025-07-30 08:45:00,Completed,164608
6223,2694,4839,7,,2025-07-29 15:08:00,2025-07-30 08:38:00,2025-07-29 16:55:00,Completed,113657
6224,3946,4836,6,,2025-07-30 07:32:00,2025-07-30 10:02:00,2025-07-30 09:29:00,Completed,89137
6225,5307,4845,7,,2025-07-30 08:01:00,2025-07-30 11:16:00,2025-07-30 09:30:00,Completed,127497
6226,4600,4844,6,,2025-07-30 08:02:00,2025-07-30 10:34:00,2025-07-30 10:13:00,Completed,132023
6227,4443,4813,4,,2025-07-30 08:31:00,2025-07-30 14:01:00,2025-07-30 11:52:00,Completed,81079
6228,4242,,7,,2025-07-30 09:30:00,2025-07-30 13:00:00,2025-07-30 11:06:00,Completed,86157
6229,5308,,3,,2025-07-30 09:33:00,2025-07-30 11:33:00,2025-07-30 10:31:00,Completed,37784
6230,5258,4787,6,,2025-07-30 09:37:00,2025-07-30 11:08:00,2025-07-30 10:43:00,Completed,59609
6231,5118,4666,1,,2025-07-30 10:04:00,2025-07-30 11:19:00,2025-07-30 10:32:00,Completed,233316
6232,5287,4833,3,,2025-07-30 10:31:00,2025-07-30 14:46:00,2025-07-30 12:13:00,Completed,61451
6233,830,4757,1,,2025-07-30 11:03:00,2025-07-31 14:02:00,2025-07-31 13:41:00,Completed,118326
6234,3927,4728,4,,2025-07-30 11:31:00,2025-07-30 15:57:00,2025-07-30 14:50:00,Completed,131146
6235,5126,4831,2,,2025-07-30 13:33:00,2025-07-30 15:33:00,2025-07-30 14:53:00,Completed,2809
6236,4937,,7,,2025-07-30 13:34:00,2025-07-30 17:30:00,2025-07-30 14:36:00,Completed,42697
6237,5297,4842,2,,2025-07-30 14:00:00,2025-07-30 17:30:00,2025-07-30 16:06:00,Completed,187990
6238,5252,4784,7,,2025-07-31 08:03:00,2025-07-31 10:55:00,2025-07-31 10:43:00,Completed,35091
6239,5038,4570,3,,2025-07-31 08:08:00,2025-07-31 11:23:00,2025-07-31 09:00:00,Completed,59663
6240,5270,4806,3,,2025-07-31 08:27:00,2025-07-31 11:29:00,2025-07-31 10:24:00,Completed,251400
6241,5230,4771,2,,2025-07-31 08:34:00,2025-07-31 11:04:00,2025-07-31 09:04:00,Completed,53416
6242,5213,4745,7,,2025-07-31 08:38:00,2025-07-31 10:54:00,2025-07-31 10:58:00,Completed,40062
6243,4584,4857,7,,2025-07-31 08:42:00,2025-07-31 12:31:00,2025-07-31 11:41:00,Completed,135792
6244,904,,3,,2025-07-31 08:50:00,2025-07-31 10:55:00,2025-07-31 10:54:00,Completed,151689
6245,4987,4855,4,,2025-07-31 08:57:00,2025-07-31 12:12:00,2025-07-31 11:04:00,Completed,120443
6246,4425,4774,7,,2025-07-31 09:00:00,2025-07-31 12:41:00,2025-07-31 13:49:00,Completed,60740
6247,5318,,1,,2025-07-31 09:11:00,2025-07-31 12:26:00,2025-07-31 10:29:00,Completed,113961
6248,5316,,1,,2025-07-31 09:26:00,2025-08-01 09:32:00,2025-07-31 15:26:00,Completed,98999
6249,4086,4846,3,6020,2025-07-31 09:36:00,2025-07-31 13:56:00,2025-07-31 12:14:00,Completed,91874
6250,4088,4858,6,,2025-07-31 10:32:00,2025-07-31 14:02:00,2025-07-31 15:47:00,Completed,39725
6251,5272,4805,6,,2025-07-31 11:32:00,2025-07-31 14:27:00,2025-07-31 16:27:00,Completed,103792
6252,4567,4818,6,,2025-07-31 11:39:00,2025-07-31 15:18:00,2025-07-31 15:10:00,Completed,81543
6253,5164,4706,7,,2025-07-31 12:08:00,2025-07-31 16:21:00,2025-07-31 15:52:00,Completed,29872
6254,5312,4854,6,,2025-07-31 12:32:00,2025-07-31 15:53:00,2025-07-31 16:04:00,Completed,44864
6255,5317,,3,,2025-07-31 13:22:00,2025-08-01 09:44:00,2025-08-01 07:47:00,Completed,104231
6256,5274,4810,3,,2025-07-31 14:35:00,2025-08-02 09:23:00,2025-08-01 15:09:00,Completed,277850
6257,5271,4803,1,,2025-07-31 15:07:00,2025-08-01 10:14:00,2025-08-01 08:32:00,Completed,61268
6258,2619,4804,6,,2025-08-01 08:32:00,2025-08-01 11:47:00,2025-08-01 09:54:00,Completed,207096
6259,810,4869,6,,2025-08-01 08:35:00,2025-08-01 12:20:00,2025-08-01 10:46:00,Completed,212363
6260,4802,4841,4,,2025-08-01 09:08:00,2025-08-01 10:23:00,2025-08-01 09:45:00,Completed,52914
6261,5324,,6,,2025-08-01 09:18:00,2025-08-01 13:58:00,2025-08-01 13:21:00,Completed,99964
6262,5279,4823,7,,2025-08-01 09:37:00,2025-08-01 10:52:00,2025-08-01 10:32:00,Completed,192407
6263,322,4866,6,,2025-08-01 09:37:00,2025-08-01 12:39:00,2025-08-01 12:55:00,Completed,289160
6264,545,4812,4,,2025-08-01 10:03:00,2025-08-01 12:33:00,2025-08-01 12:22:00,Completed,150607
6265,2166,,2,,2025-08-01 11:52:00,2025-08-02 11:52:00,2025-08-07 12:38:00,Completed,152812
6266,4695,4758,6,,2025-08-01 12:36:00,2025-08-01 13:57:00,2025-08-01 13:16:00,Completed,113680
6267,5175,4871,2,,2025-08-02 08:01:00,2025-08-04 16:01:00,2025-08-11 12:34:00,Completed,71445
6268,2693,4872,3,,2025-08-02 08:35:00,2025-08-02 11:35:00,2025-08-02 09:25:00,Completed,139419
6269,4704,4867,4,,2025-08-02 08:37:00,2025-08-02 11:44:00,2025-08-02 10:21:00,Completed,15576
6270,3429,4876,7,,2025-08-02 09:06:00,2025-08-02 10:43:00,2025-08-02 10:30:00,Completed,199696
6271,4161,4850,7,,2025-08-02 09:31:00,2025-08-02 12:23:00,2025-08-02 12:11:00,Completed,10244
6272,4537,,4,,2025-08-02 09:38:00,2025-08-02 11:06:00,2025-08-02 10:36:00,Completed,154260
6273,3203,,4,,2025-08-02 10:10:00,2025-08-06 07:45:00,2025-08-06 08:26:00,Completed,112197
6274,5280,4825,1,,2025-08-04 07:34:00,2025-08-04 12:26:00,2025-08-04 10:05:00,Completed,75777
6275,5186,4720,7,,2025-08-04 07:39:00,2025-08-04 09:09:00,2025-08-04 08:29:00,Completed,194433
6276,3307,4853,4,,2025-08-04 08:00:00,2025-08-04 11:45:00,2025-08-04 10:36:00,Completed,127784
6277,3995,4860,4,,2025-08-04 08:02:00,2025-08-04 12:09:00,2025-08-04 11:26:00,Completed,176866
6278,3971,4882,2,6183,2025-08-04 08:31:00,2025-08-04 13:11:00,2025-08-04 15:25:00,Completed,123528
6279,5346,,7,,2025-08-04 08:37:00,2025-08-04 13:07:00,2025-08-04 13:21:00,Completed,83643
6280,4158,4835,7,,2025-08-04 08:39:00,2025-08-04 11:26:00,2025-08-04 12:18:00,Completed,127965
6281,5299,4840,6,,2025-08-04 09:03:00,2025-08-04 11:55:00,2025-08-04 11:40:00,Completed,52009
6282,2902,,7,,2025-08-04 09:20:00,2025-08-04 13:24:00,2025-08-04 12:46:00,Completed,110562
6283,5282,4819,3,,2025-08-04 09:34:00,2025-08-04 10:56:00,2025-08-04 10:23:00,Completed,143708
6284,4696,,7,,2025-08-04 09:35:00,2025-08-07 12:49:00,2025-08-09 12:33:00,Completed,96351
6285,5345,,3,,2025-08-04 10:35:00,2025-08-04 11:50:00,2025-08-04 11:13:00,Completed,171866
6286,5350,,6,,2025-08-04 11:05:00,2025-08-04 12:33:00,2025-08-04 12:00:00,Completed,34666
6287,5348,,4,,2025-08-04 11:32:00,2025-08-04 12:39:00,2025-08-04 11:52:00,Completed,59111
6288,2734,4832,7,,2025-08-04 12:37:00,2025-08-04 16:14:00,2025-08-04 16:58:00,Completed,56711
6289,4491,,7,,2025-08-04 12:50:00,2025-08-05 08:09:00,2025-08-05 09:06:00,Completed,69637
6290,5352,,3,,2025-08-04 12:59:00,2025-08-04 14:36:00,2025-08-04 14:02:00,Completed,51501
6291,4434,4877,6,,2025-08-04 13:37:00,2025-08-04 16:44:00,2025-08-04 16:19:00,Completed,154167
6292,5349,4895,2,,2025-08-04 14:04:00,2025-08-04 15:19:00,2025-08-04 14:28:00,Completed,44956
6293,4345,4890,4,,2025-08-05 07:35:00,2025-08-05 12:05:00,2025-08-05 09:35:00,Completed,36562
6294,5313,4849,3,,2025-08-05 07:36:00,2025-08-05 09:28:00,2025-08-05 08:48:00,Completed,173735
6295,5354,4897,7,,2025-08-05 08:02:00,2025-08-05 11:48:00,2025-08-05 10:33:00,Completed,110694
6296,5359,,7,,2025-08-05 08:36:00,2025-08-05 11:58:00,2025-08-05 12:12:00,Completed,144424
6297,5328,4886,6,,2025-08-05 08:38:00,2025-08-05 11:00:00,2025-08-05 10:14:00,Completed,133360
6298,5361,,3,,2025-08-05 09:00:00,2025-08-05 10:15:00,2025-08-05 09:40:00,Completed,160223
6299,5329,4884,6,,2025-08-05 10:01:00,2025-08-05 14:46:00,2025-08-05 12:33:00,Completed,93519
6300,1512,,6,6128,2025-08-05 10:19:00,2025-08-05 14:16:00,2025-08-05 13:02:00,Completed,120371
6301,5362,,1,,2025-08-05 11:13:00,2025-08-06 08:13:00,2025-08-05 16:00:00,Completed,158174
6302,5360,,4,,2025-08-05 11:49:00,2025-08-05 14:04:00,2025-08-05 13:20:00,Completed,167487
6303,2179,,1,,2025-08-05 13:03:00,2025-08-05 17:30:00,2025-08-05 15:29:00,Completed,175654
6304,4779,,6,,2025-08-05 13:39:00,2025-08-05 15:24:00,2025-08-05 14:46:00,Completed,29730
6305,5284,4826,1,,2025-08-05 14:04:00,2025-08-06 08:05:00,2025-08-05 16:20:00,Completed,71057
6306,4406,4908,7,,2025-08-06 07:33:00,2025-08-06 10:48:00,2025-08-06 09:01:00,Completed,57622
6307,5358,4896,4,,2025-08-06 08:03:00,2025-08-06 09:25:00,2025-08-06 08:46:00,Completed,42294
6308,2692,4910,6,,2025-08-06 08:09:00,2025-08-06 11:24:00,2025-08-06 13:20:00,Completed,80430
6309,5371,,1,,2025-08-06 08:41:00,2025-08-06 11:56:00,2025-08-06 09:49:00,Completed,49420
6310,5320,4864,2,,2025-08-06 09:33:00,2025-08-06 14:10:00,2025-08-06 12:07:00,Completed,75147
6311,5369,,7,,2025-08-06 09:42:00,2025-08-06 11:42:00,2025-08-06 11:28:00,Completed,100472
6312,4961,,3,,2025-08-06 09:58:00,2025-08-06 11:28:00,2025-08-06 10:53:00,Completed,128843
6313,5363,4907,4,,2025-08-06 10:09:00,2025-08-06 14:01:00,2025-08-06 12:27:00,Completed,42199
6314,4627,,6,,2025-08-06 10:15:00,2025-08-06 11:30:00,2025-08-06 11:05:00,Completed,33430
6315,5372,,6,,2025-08-06 10:28:00,2025-08-06 14:13:00,2025-08-06 13:56:00,Completed,174932
6316,2583,4852,7,,2025-08-06 10:31:00,2025-08-06 13:02:00,2025-08-06 12:50:00,Completed,117110
6317,4515,,3,,2025-08-06 10:41:00,2025-08-06 12:26:00,2025-08-06 11:34:00,Completed,280400
6318,450,4863,7,,2025-08-06 14:09:00,2025-08-07 07:31:00,2025-08-06 15:49:00,Completed,104392
6319,5338,4891,7,,2025-08-07 07:37:00,2025-08-07 09:59:00,2025-08-07 09:29:00,Completed,215028
6320,5321,4861,4,,2025-08-07 08:06:00,2025-08-11 07:37:00,2025-08-09 11:25:00,Completed,204415
6321,5187,4719,4,,2025-08-07 08:09:00,2025-08-07 12:24:00,2025-08-07 10:05:00,Completed,161425
6322,694,4868,6,,2025-08-07 08:15:00,2025-08-07 11:45:00,2025-08-07 11:15:00,Completed,107805
6323,5305,4838,3,,2025-08-07 08:30:00,2025-08-07 09:48:00,2025-08-07 09:06:00,Completed,62641
6324,5365,4906,1,,2025-08-07 08:32:00,2025-08-09 11:14:00,2025-08-09 08:04:00,Completed,175617
6325,4767,4918,3,,2025-08-07 08:48:00,2025-08-07 11:42:00,2025-08-07 12:51:00,Completed,157969
6326,5380,,7,,2025-08-07 10:36:00,2025-08-07 15:24:00,2025-08-07 14:06:00,Completed,92116
6327,4817,4903,7,6152,2025-08-07 10:37:00,2025-08-07 15:29:00,2025-08-07 14:57:00,Completed,138328
6328,3588,,3,,2025-08-07 11:02:00,2025-08-07 14:47:00,2025-08-07 13:31:00,Completed,100577
6329,4634,4894,6,,2025-08-07 11:08:00,2025-08-07 14:23:00,2025-08-07 13:13:00,Completed,165514
6330,5228,,7,,2025-08-07 11:14:00,2025-08-07 15:15:00,2025-08-07 16:06:00,Completed,116413
6331,4742,4887,7,,2025-08-07 11:32:00,2025-08-07 16:41:00,2025-08-08 08:28:00,Completed,120673
6332,3279,4675,3,,2025-08-07 13:08:00,2025-08-07 15:08:00,2025-08-07 14:18:00,Completed,35591
6333,4273,4865,4,,2025-08-07 13:36:00,2025-08-08 09:58:00,2025-08-07 16:41:00,Completed,248861
6334,4081,,2,,2025-08-07 13:46:00,2025-08-11 10:24:00,2025-08-11 10:01:00,Completed,46587
6335,5366,4904,4,,2025-08-07 14:03:00,2025-08-07 16:44:00,2025-08-07 17:04:00,Completed,35810
6336,5322,4856,4,,2025-08-07 15:36:00,2025-08-08 08:09:00,2025-08-08 07:51:00,Completed,73589
6337,5325,4873,4,,2025-08-08 07:31:00,2025-08-08 12:17:00,2025-08-08 10:27:00,Completed,32780
6338,4001,4744,7,,2025-08-08 08:00:00,2025-08-08 10:39:00,2025-08-08 08:49:00,Completed,297795
6339,4611,4814,4,,2025-08-08 08:00:00,2025-08-08 13:11:00,2025-08-08 11:59:00,Completed,80463
6340,5381,4922,3,,2025-08-08 08:20:00,2025-08-11 07:40:00,2025-08-11 08:16:00,Completed,138901
6341,3263,4824,7,,2025-08-08 09:03:00,2025-08-08 11:55:00,2025-08-08 10:12:00,Completed,59192
6342,5387,,7,,2025-08-08 09:14:00,2025-08-08 10:45:00,2025-08-08 10:27:00,Completed,243565
6343,5367,4909,7,,2025-08-08 10:00:00,2025-08-08 14:40:00,2025-08-08 13:02:00,Completed,63175
6344,5373,4919,6,,2025-08-08 11:30:00,2025-08-08 13:52:00,2025-08-08 13:28:00,Completed,95008
6345,5018,4923,6,,2025-08-08 11:34:00,2025-08-08 13:47:00,2025-08-08 13:50:00,Completed,105634
6346,5384,,7,,2025-08-08 13:15:00,2025-08-09 11:22:00,2025-08-09 11:33:00,Completed,196925
6347,4802,4870,3,,2025-08-08 13:34:00,2025-08-08 15:56:00,2025-08-08 15:06:00,Completed,53367
6348,3893,,3,,2025-08-08 14:28:00,2025-08-08 16:01:00,2025-08-08 15:42:00,Completed,92337
6349,5013,4915,1,,2025-08-09 08:38:00,2025-08-11 13:08:00,2025-08-11 09:49:00,Completed,80211
6350,3712,4925,3,,2025-08-09 09:03:00,2025-08-09 10:18:00,2025-08-09 09:37:00,Completed,13510
6351,3447,,6,,2025-08-09 10:30:00,2025-08-09 14:00:00,2025-08-09 11:25:00,Completed,114603
6352,229,4901,4,,2025-08-09 10:38:00,2025-08-11 10:30:00,2025-08-11 08:17:00,Completed,227475
6353,2686,4931,1,6148,2025-08-09 10:38:00,2025-08-11 08:19:00,2025-08-09 12:33:00,Completed,72713
6354,2385,4902,3,,2025-08-09 11:09:00,2025-08-11 08:16:00,2025-08-11 07:45:00,Completed,158619
6355,3267,4765,7,,2025-08-11 08:04:00,2025-08-12 13:36:00,2025-08-12 15:03:00,Completed,186011
6356,4970,,3,,2025-08-11 08:17:00,2025-08-11 10:17:00,2025-08-11 09:31:00,Completed,68151
6357,2382,4938,4,,2025-08-11 08:32:00,2025-08-12 10:20:00,2025-08-12 11:09:00,Completed,154692
6358,4606,4892,7,,2025-08-11 08:35:00,2025-08-11 14:31:00,2025-08-11 14:34:00,Completed,228322
6359,5188,4715,6,,2025-08-11 09:02:00,2025-08-12 13:03:00,2025-08-12 12:11:00,Completed,87556
6360,2207,,7,,2025-08-11 10:02:00,2025-08-11 13:56:00,2025-08-11 15:33:00,Completed,159443
6361,4532,,4,,2025-08-11 10:14:00,2025-08-11 13:59:00,2025-08-11 12:49:00,Completed,96418
6362,4881,,6,,2025-08-11 10:24:00,2025-08-11 12:36:00,2025-08-11 12:42:00,Completed,122657
6363,4544,4924,2,,2025-08-11 10:30:00,2025-08-18 08:46:00,2025-08-18 13:38:00,Completed,97897
6364,4148,4916,3,,2025-08-11 10:33:00,2025-08-11 13:40:00,2025-08-11 12:33:00,Completed,50615
6365,4363,4933,1,,2025-08-11 10:55:00,2025-08-13 09:09:00,2025-08-13 09:41:00,Completed,65664
6366,1266,4936,4,,2025-08-11 11:38:00,2025-08-12 07:38:00,2025-08-11 17:20:00,Completed,140371
6367,4622,4911,2,,2025-08-11 12:31:00,2025-08-13 08:32:00,2025-08-13 07:52:00,Completed,173514
6368,4413,4917,6,,2025-08-11 12:34:00,2025-08-11 13:49:00,2025-08-11 13:07:00,Completed,55250
6369,5220,,4,,2025-08-11 13:32:00,2025-08-11 17:30:00,2025-08-11 15:48:00,Completed,80704
6370,1751,4941,4,,2025-08-11 14:33:00,2025-08-11 16:28:00,2025-08-11 16:24:00,Completed,115459
6371,5397,4940,7,,2025-08-12 07:33:00,2025-08-12 08:48:00,2025-08-12 08:13:00,Completed,169723
6372,5398,4943,6,,2025-08-12 07:39:00,2025-08-12 09:39:00,2025-08-12 09:09:00,Completed,90737
6373,4333,4883,4,,2025-08-12 08:00:00,2025-08-12 10:45:00,2025-08-12 11:28:00,Completed,128267
6374,4697,4951,7,,2025-08-12 08:06:00,2025-08-12 10:00:00,2025-08-12 09:37:00,Completed,111931
6375,5409,,6,,2025-08-12 08:34:00,2025-08-12 10:42:00,2025-08-12 10:07:00,Completed,61412
6376,3014,4939,1,,2025-08-12 08:35:00,2025-08-12 09:50:00,2025-08-12 08:57:00,Completed,117553
6377,5375,4912,4,,2025-08-12 09:01:00,2025-08-12 15:23:00,2025-08-12 14:59:00,Completed,219144
6378,5390,4930,7,,2025-08-12 09:03:00,2025-08-12 13:17:00,2025-08-12 15:47:00,Completed,62937
6379,5051,,1,,2025-08-12 09:04:00,2025-08-12 12:04:00,2025-08-12 11:11:00,Completed,161593
6380,5395,4928,7,,2025-08-12 09:38:00,2025-08-12 13:37:00,2025-08-12 13:01:00,Completed,79475
6381,4512,4944,3,,2025-08-12 10:06:00,2025-08-13 07:43:00,2025-08-12 16:33:00,Completed,44703
6382,4959,,4,,2025-08-12 10:49:00,2025-08-13 10:30:00,2025-08-12 17:03:00,Completed,125465
6383,5411,4954,6,,2025-08-12 11:08:00,2025-08-12 14:45:00,2025-08-12 15:33:00,Completed,276642
6384,5262,4793,2,,2025-08-12 11:36:00,2025-08-12 15:51:00,2025-08-12 15:21:00,Completed,90863
6385,5399,4952,7,,2025-08-12 13:30:00,2025-08-12 16:00:00,2025-08-12 17:28:00,Completed,134576
6386,5412,4957,7,,2025-08-12 15:31:00,2025-08-12 17:30:00,2025-08-12 16:13:00,Completed,111081
6387,5379,4914,7,,2025-08-13 08:07:00,2025-08-13 09:14:00,2025-08-13 08:43:00,Completed,9834
6388,5314,4848,6,,2025-08-13 08:32:00,2025-08-13 10:24:00,2025-08-13 09:45:00,Completed,98291
6389,5396,4937,7,,2025-08-13 08:38:00,2025-08-13 10:15:00,2025-08-13 09:47:00,Completed,100982
6390,4639,4945,4,,2025-08-13 09:04:00,2025-08-13 10:11:00,2025-08-13 09:30:00,Completed,19714
6391,4077,,4,,2025-08-13 09:24:00,2025-08-13 12:54:00,2025-08-13 10:49:00,Completed,72026
6392,5417,,3,,2025-08-13 10:54:00,2025-08-14 07:54:00,2025-08-13 14:45:00,Completed,71845
6393,5416,,7,,2025-08-13 11:03:00,2025-08-13 13:18:00,2025-08-13 12:51:00,Completed,53559
6394,4580,,4,,2025-08-13 11:56:00,2025-08-13 17:30:00,2025-08-13 14:31:00,Completed,125728
6395,5415,,2,,2025-08-13 11:57:00,2025-08-14 08:38:00,2025-08-13 15:59:00,Completed,115324
6396,3724,,1,,2025-08-13 12:27:00,2025-08-13 13:42:00,2025-08-13 12:51:00,Completed,109282
6397,5323,4862,7,,2025-08-13 12:37:00,2025-08-13 13:55:00,2025-08-13 13:18:00,Completed,101166
6398,5418,,6,,2025-08-13 12:38:00,2025-08-13 15:41:00,2025-08-13 14:59:00,Completed,142730
6399,5422,,4,,2025-08-13 14:59:00,2025-08-14 10:44:00,2025-08-14 07:55:00,Completed,156014
6400,5400,4946,7,,2025-08-13 15:38:00,2025-08-13 17:30:00,2025-08-13 16:40:00,Completed,77831
6401,4042,4899,6,,2025-08-14 07:37:00,2025-08-14 10:07:00,2025-08-14 08:13:00,Completed,70038
6402,4303,4797,4,,2025-08-14 07:39:00,2025-08-14 10:13:00,2025-08-14 11:58:00,Completed,97546
6403,4115,4960,6,,2025-08-14 08:08:00,2025-08-14 09:23:00,2025-08-14 08:54:00,Completed,90708
6404,4325,4964,4,,2025-08-14 08:39:00,2025-08-14 11:16:00,2025-08-14 12:26:00,Completed,76904
6405,4905,,3,,2025-08-14 09:56:00,2025-08-14 16:18:00,2025-08-14 13:34:00,Completed,203375
6406,5404,4947,7,,2025-08-14 11:03:00,2025-08-14 12:18:00,2025-08-14 11:49:00,Completed,134108
6407,680,4967,6,,2025-08-14 11:05:00,2025-08-14 14:35:00,2025-08-14 13:06:00,Completed,166648
6408,2918,,7,,2025-08-14 11:31:00,2025-08-14 14:01:00,2025-08-14 13:10:00,Completed,72141
6409,4748,,2,,2025-08-14 11:35:00,2025-08-16 09:58:00,2025-08-15 16:17:00,Completed,17359
6410,5427,,7,,2025-08-14 12:04:00,2025-08-14 15:54:00,2025-08-14 15:48:00,Completed,224069
6411,5426,,3,,2025-08-14 14:03:00,2025-08-14 15:18:00,2025-08-14 14:47:00,Completed,59689
6412,5165,4970,1,,2025-08-14 14:34:00,2025-08-15 10:11:00,2025-08-14 17:04:00,Completed,129112
6413,5439,4975,6,,2025-08-15 08:02:00,2025-08-15 11:35:00,2025-08-15 10:14:00,Completed,52132
6414,5445,4974,6,,2025-08-15 08:02:00,2025-08-15 12:30:00,2025-08-15 12:34:00,Completed,89711
6415,5344,4885,7,,2025-08-15 08:34:00,2025-08-15 10:49:00,2025-08-15 10:29:00,Completed,49639
6416,5310,,3,,2025-08-15 08:39:00,2025-08-16 14:00:00,2025-08-16 12:37:00,Completed,75712
6417,5441,,1,,2025-08-15 08:42:00,2025-08-15 12:12:00,2025-08-15 09:45:00,Completed,94816
6418,3985,4934,6,,2025-08-15 09:04:00,2025-08-15 11:31:00,2025-08-15 11:40:00,Completed,79418
6419,5437,,1,,2025-08-15 09:22:00,2025-08-16 08:53:00,2025-08-15 14:41:00,Completed,59660
6420,5436,,6,,2025-08-15 09:46:00,2025-08-15 13:19:00,2025-08-15 13:09:00,Completed,197455
6421,5423,4961,7,,2025-08-15 10:08:00,2025-08-15 11:42:00,2025-08-15 11:09:00,Completed,128537
6422,5444,,4,,2025-08-15 10:35:00,2025-08-15 14:50:00,2025-08-15 12:13:00,Completed,65696
6423,5428,4972,3,,2025-08-15 10:36:00,2025-08-15 15:37:00,2025-08-16 08:41:00,Completed,48332
6424,4421,,3,,2025-08-15 10:47:00,2025-08-15 14:26:00,2025-08-15 15:08:00,Completed,84968
6425,2254,4956,6,,2025-08-15 11:09:00,2025-08-15 12:57:00,2025-08-15 12:44:00,Completed,112627
6426,5438,,3,,2025-08-15 11:54:00,2025-08-16 09:38:00,2025-08-16 09:02:00,Completed,22746
6427,5263,4788,7,,2025-08-15 13:36:00,2025-08-15 17:30:00,2025-08-15 15:34:00,Completed,43841
6428,5276,,4,,2025-08-15 14:50:00,2025-08-16 09:50:00,2025-08-16 08:00:00,Completed,60978
6429,5447,4976,3,,2025-08-16 08:01:00,2025-08-16 09:53:00,2025-08-16 09:11:00,Completed,74302
6430,5455,,6,,2025-08-16 09:18:00,2025-08-16 11:25:00,2025-08-16 10:24:00,Completed,98207
6431,5453,,6,,2025-08-16 09:34:00,2025-08-16 11:09:00,2025-08-16 10:42:00,Completed,120532
6432,5413,4955,1,,2025-08-16 09:37:00,2025-08-18 08:14:00,2025-08-18 07:44:00,Completed,88644
6433,3889,4942,4,,2025-08-16 11:06:00,2025-08-18 07:36:00,2025-08-16 13:19:00,Completed,112520
6434,5454,,6,,2025-08-16 11:19:00,2025-08-16 12:49:00,2025-08-16 12:16:00,Completed,65787
6435,5407,4949,3,,2025-08-16 11:33:00,2025-08-18 11:48:00,2025-08-18 11:47:00,Completed,38671
6436,5146,4990,4,,2025-08-18 08:07:00,2025-08-18 12:37:00,2025-08-18 10:20:00,Completed,164823
6437,4644,4900,7,,2025-08-18 09:00:00,2025-08-18 13:30:00,2025-08-18 12:37:00,Completed,119320
6438,3901,4992,6,,2025-08-18 09:00:00,2025-08-18 11:00:00,2025-08-18 10:03:00,Completed,31756
6439,5459,,1,,2025-08-18 09:11:00,2025-08-18 12:41:00,2025-08-18 10:11:00,Completed,277046
6440,1746,5001,6,,2025-08-18 09:25:00,2025-08-18 13:01:00,2025-08-18 13:24:00,Completed,67503
6441,5462,,7,,2025-08-18 09:42:00,2025-08-18 16:40:00,2025-08-18 16:21:00,Completed,88977
6442,4858,4986,3,,2025-08-18 10:01:00,2025-08-18 11:16:00,2025-08-18 10:30:00,Completed,59871
6443,5408,4950,7,,2025-08-18 10:32:00,2025-08-18 16:22:00,2025-08-19 07:37:00,Completed,159260
6444,5460,,6,,2025-08-18 12:04:00,2025-08-18 15:34:00,2025-08-18 13:53:00,Completed,68213
6445,5235,4953,4,,2025-08-18 12:06:00,2025-08-18 14:36:00,2025-08-18 12:54:00,Completed,59126
6446,1474,4995,7,,2025-08-18 12:09:00,2025-08-18 17:30:00,2025-08-23 11:02:00,Completed,89857
6447,3856,4985,4,,2025-08-18 12:34:00,2025-08-21 12:00:00,2025-08-23 12:19:00,Completed,285463
6448,4620,,3,,2025-08-18 13:20:00,2025-08-20 14:37:00,2025-08-20 13:20:00,Completed,145675
6449,5315,4851,3,,2025-08-18 13:32:00,2025-08-18 17:30:00,2025-08-18 14:38:00,Completed,36024
6450,5461,,7,,2025-08-18 14:35:00,2025-08-19 07:35:00,2025-08-19 08:08:00,Completed,31485
6451,3767,,4,,2025-08-18 14:55:00,2025-08-19 07:32:00,2025-08-22 12:35:00,Completed,111795
6452,4879,4965,7,,2025-08-19 07:31:00,2025-08-22 12:00:00,2025-08-25 11:53:00,Completed,227995
6453,5434,4973,4,,2025-08-19 07:37:00,2025-08-19 08:44:00,2025-08-19 08:12:00,Completed,137672
6454,5181,4982,6,,2025-08-19 08:08:00,2025-08-19 10:23:00,2025-08-19 09:25:00,Completed,28883
6455,5451,4977,7,,2025-08-19 08:09:00,2025-08-19 09:34:00,2025-08-19 09:18:00,Completed,204659
6456,5457,4993,7,,2025-08-19 08:30:00,2025-08-19 11:23:00,2025-08-19 10:57:00,Completed,44063
6457,3829,4997,6,,2025-08-19 09:05:00,2025-08-19 10:42:00,2025-08-19 10:07:00,Completed,36059
6458,5424,4963,7,,2025-08-19 09:35:00,2025-08-19 13:07:00,2025-08-19 13:01:00,Completed,4553
6459,3112,,4,,2025-08-19 09:38:00,2025-08-19 10:53:00,2025-08-19 10:09:00,Completed,72901
6460,5458,4998,6,,2025-08-19 10:04:00,2025-08-19 12:04:00,2025-08-19 11:27:00,Completed,60561
6461,4279,4983,4,,2025-08-19 11:38:00,2025-08-19 14:38:00,2025-08-19 13:18:00,Completed,100760
6462,5464,,6,,2025-08-19 14:07:00,2025-08-22 12:00:00,2025-08-25 12:56:00,Completed,42765
6463,5174,5002,7,,2025-08-19 14:34:00,2025-08-20 08:56:00,2025-08-20 08:42:00,Completed,31319
6464,3719,4996,7,,2025-08-19 15:05:00,2025-08-20 13:29:00,2025-08-20 14:33:00,Completed,197428
6465,4654,4994,2,,2025-08-19 15:30:00,2025-08-19 16:45:00,2025-08-19 15:57:00,Completed,74095
6466,4314,5009,1,,2025-08-20 07:31:00,2025-08-20 10:38:00,2025-08-20 09:29:00,Completed,183667
6467,4577,5014,1,,2025-08-20 07:38:00,2025-08-20 11:57:00,2025-08-20 10:27:00,Completed,287724
6468,3961,5005,6,,2025-08-20 08:01:00,2025-08-20 11:46:00,2025-08-20 11:35:00,Completed,182526
6469,4721,4959,7,,2025-08-20 08:07:00,2025-08-20 14:56:00,2025-08-21 08:34:00,Completed,150802
6470,1008,5016,7,,2025-08-20 09:07:00,2025-08-20 15:43:00,2025-08-21 08:19:00,Completed,161244
6471,2900,,2,,2025-08-20 09:31:00,2025-08-21 14:19:00,2025-08-21 13:13:00,Completed,124340
6472,5208,,2,,2025-08-20 09:35:00,2025-08-21 13:10:00,2025-08-21 11:23:00,Completed,41872
6473,4354,5012,6,,2025-08-20 10:03:00,2025-08-20 13:18:00,2025-08-20 13:25:00,Completed,154330
6474,4786,4968,1,,2025-08-20 11:30:00,2025-08-22 14:29:00,2025-08-22 12:40:00,Completed,104155
6475,180,,7,,2025-08-20 11:50:00,2025-08-21 07:56:00,2025-08-21 08:58:00,Completed,155350
6476,4213,,7,,2025-08-20 11:56:00,2025-08-20 17:30:00,2025-08-21 09:34:00,Completed,55930
6477,5265,,6,,2025-08-20 12:07:00,2025-08-20 15:22:00,2025-08-20 13:33:00,Completed,130340
6478,5223,5019,2,,2025-08-20 13:00:00,2025-08-20 17:30:00,2025-08-20 15:58:00,Completed,113771
6479,4564,4981,7,,2025-08-20 14:02:00,2025-08-21 09:30:00,2025-08-21 10:34:00,Completed,48450
6480,5364,,6,,2025-08-20 14:25:00,2025-08-20 17:30:00,2025-08-20 17:23:00,Completed,53962
6481,5463,5006,6,,2025-08-20 14:39:00,2025-08-20 17:30:00,2025-08-20 16:14:00,Completed,32667
6482,5435,4971,2,,2025-08-21 08:07:00,2025-08-21 10:37:00,2025-08-21 08:34:00,Completed,39291
6483,2516,4932,7,,2025-08-21 09:01:00,2025-08-21 11:10:00,2025-08-21 11:27:00,Completed,30470
6484,5467,5022,6,,2025-08-21 10:00:00,2025-08-21 12:15:00,2025-08-21 11:38:00,Completed,178941
6485,5466,5007,2,,2025-08-21 10:00:00,2025-08-21 15:45:00,2025-08-21 13:19:00,Completed,64805
6486,338,,7,,2025-08-21 10:11:00,2025-08-21 13:59:00,2025-08-21 12:41:00,Completed,236867
6487,3465,4782,1,,2025-08-21 10:30:00,2025-08-21 16:15:00,2025-08-21 15:16:00,Completed,82099
6488,5473,5028,6,,2025-08-21 11:00:00,2025-08-21 15:31:00,2025-08-21 14:25:00,Completed,116216
6489,194,4987,6,,2025-08-21 12:32:00,2025-08-21 15:59:00,2025-08-21 16:02:00,Completed,248675
6490,5472,5031,7,,2025-08-21 14:00:00,2025-08-21 16:15:00,2025-08-21 16:15:00,Completed,114010
6491,2459,4991,7,,2025-08-21 15:05:00,2025-08-21 17:30:00,2025-08-21 17:09:00,Completed,46759
6492,2142,5033,1,6208,2025-08-21 15:36:00,2025-08-22 10:32:00,2025-08-28 13:41:00,Completed,140610
6493,3577,5037,7,,2025-08-22 07:31:00,2025-08-22 10:46:00,2025-08-22 11:34:00,Completed,170323
6494,5474,5035,6,,2025-08-22 07:32:00,2025-08-22 09:47:00,2025-08-22 09:13:00,Completed,116947
6495,3998,5044,6,,2025-08-22 07:56:00,2025-08-22 10:45:00,2025-08-22 11:07:00,Completed,17759
6496,5468,5023,2,,2025-08-22 09:09:00,2025-08-22 17:30:00,2025-08-22 16:41:00,Completed,12536
6497,5469,5027,6,,2025-08-22 10:34:00,2025-08-22 13:10:00,2025-08-22 14:26:00,Completed,148350
6498,5456,4988,3,,2025-08-22 10:36:00,2025-08-22 14:51:00,2025-08-22 15:17:00,Completed,105193
6499,5356,5018,4,,2025-08-22 11:07:00,2025-08-23 08:22:00,2025-08-23 08:32:00,Completed,88626
6500,2553,5000,6,,2025-08-22 11:08:00,2025-08-22 13:38:00,2025-08-22 12:38:00,Completed,122389
6501,3544,,3,,2025-08-22 12:09:00,2025-08-22 17:30:00,2025-08-22 14:57:00,Completed,117468
6502,1266,5025,4,6366,2025-08-22 12:38:00,2025-08-22 15:55:00,2025-08-22 17:08:00,Completed,140726
6503,830,5030,1,,2025-08-22 13:09:00,2025-08-22 17:30:00,2025-08-22 15:27:00,Completed,119012
6504,3748,5046,7,,2025-08-22 15:33:00,2025-08-23 09:33:00,2025-08-22 17:15:00,Completed,137732
6505,4422,4989,3,,2025-08-23 08:07:00,2025-08-23 10:22:00,2025-08-23 09:39:00,Completed,54933
6506,3614,5004,4,,2025-08-23 09:00:00,2025-08-23 12:52:00,2025-08-23 10:30:00,Completed,128295
6507,979,5053,7,,2025-08-23 09:04:00,2025-08-23 11:26:00,2025-08-23 11:10:00,Completed,142595
6508,5485,,6,,2025-08-23 09:17:00,2025-08-23 10:24:00,2025-08-23 09:46:00,Completed,83922
6509,196,5056,3,,2025-08-23 10:00:00,2025-08-23 14:00:00,2025-08-23 11:16:00,Completed,182658
6510,4955,5038,6,,2025-08-23 10:02:00,2025-08-25 07:47:00,2025-08-23 12:26:00,Completed,216467
6511,3771,5057,7,,2025-08-23 10:34:00,2025-08-23 12:43:00,2025-08-23 12:22:00,Completed,63174
6512,4036,5055,2,,2025-08-23 10:35:00,2025-08-26 13:09:00,2025-08-28 14:56:00,Completed,22866
6513,5062,5024,6,,2025-08-25 07:32:00,2025-08-25 10:47:00,2025-08-25 08:40:00,Completed,170856
6514,2195,5020,4,,2025-08-25 07:38:00,2025-08-25 10:23:00,2025-08-25 10:18:00,Completed,136406
6515,4992,5074,1,,2025-08-25 07:55:00,2025-08-25 11:10:00,2025-08-25 10:01:00,Completed,16504
6516,4930,5021,3,,2025-08-25 08:09:00,2025-08-25 10:09:00,2025-08-25 09:18:00,Completed,38748
6517,3167,5036,1,,2025-08-25 08:33:00,2025-08-25 13:28:00,2025-08-25 15:02:00,Completed,87139
6518,3416,5041,1,,2025-08-25 09:00:00,2025-08-25 14:01:00,2025-08-25 15:34:00,Completed,135652
6519,4240,,1,,2025-08-25 09:19:00,2025-08-26 07:59:00,2025-08-25 15:43:00,Completed,95704
6520,5470,5013,4,,2025-08-25 09:36:00,2025-08-25 13:39:00,2025-08-25 11:58:00,Completed,91266
6521,3959,5029,2,,2025-08-25 09:38:00,2025-08-25 10:53:00,2025-08-25 10:14:00,Completed,120950
6522,419,5047,6,,2025-08-25 09:58:00,2025-08-25 11:13:00,2025-08-25 10:44:00,Completed,107150
6523,4482,5077,6,,2025-08-25 10:01:00,2025-08-25 12:47:00,2025-08-25 12:09:00,Completed,63204
6524,778,5050,4,,2025-08-25 10:06:00,2025-08-25 12:40:00,2025-08-25 12:52:00,Completed,95854
6525,4103,5076,3,,2025-08-25 10:30:00,2025-08-26 13:39:00,2025-08-27 13:48:00,Completed,118287
6526,5133,5042,4,,2025-08-25 10:31:00,2025-08-25 13:32:00,2025-08-25 13:49:00,Completed,70256
6527,5500,,6,,2025-08-25 11:04:00,2025-08-25 13:02:00,2025-08-25 12:47:00,Completed,44707
6528,2976,5043,2,,2025-08-25 11:32:00,2025-08-27 10:09:00,2025-08-26 16:10:00,Completed,61438
6529,3870,5070,6,,2025-08-25 13:05:00,2025-08-25 16:20:00,2025-08-25 16:59:00,Completed,54225
6530,5001,5058,4,,2025-08-25 13:39:00,2025-08-25 15:31:00,2025-08-25 14:47:00,Completed,44595
6531,4164,5071,2,,2025-08-25 14:34:00,2025-08-26 11:11:00,2025-08-26 10:28:00,Completed,151378
6532,3101,5008,4,,2025-08-26 07:33:00,2025-08-27 17:30:00,2025-08-27 14:44:00,Completed,114536
6533,5239,5083,1,,2025-08-26 07:39:00,2025-08-26 13:24:00,2025-08-27 12:33:00,Completed,67386
6534,5313,4962,7,,2025-08-26 08:06:00,2025-08-26 09:21:00,2025-08-26 08:45:00,Completed,174285
6535,5509,5088,7,,2025-08-26 08:07:00,2025-08-26 09:50:00,2025-08-26 09:41:00,Completed,106447
6536,173,,3,,2025-08-26 08:30:00,2025-08-26 12:52:00,2025-08-26 10:44:00,Completed,167535
6537,4985,5084,6,,2025-08-26 09:00:00,2025-08-26 11:15:00,2025-08-26 10:41:00,Completed,159909
6538,4679,5085,3,,2025-08-26 09:03:00,2025-08-26 14:00:00,2025-08-26 13:31:00,Completed,167508
6539,5507,,3,,2025-08-26 10:23:00,2025-08-26 15:02:00,2025-08-26 15:10:00,Completed,71523
6540,5471,5015,6,,2025-08-26 10:38:00,2025-08-26 12:15:00,2025-08-26 11:47:00,Completed,98707
6541,5486,5063,7,,2025-08-26 11:00:00,2025-08-26 17:30:00,2025-08-26 16:01:00,Completed,104430
6542,4793,5026,4,,2025-08-26 11:39:00,2025-08-28 07:43:00,2025-08-27 14:44:00,Completed,30595
6543,644,,7,,2025-08-26 12:14:00,2025-08-27 09:07:00,2025-08-27 08:36:00,Completed,253237
6544,5510,,7,,2025-08-26 13:48:00,2025-08-27 10:54:00,2025-08-27 10:30:00,Completed,221813
6545,4800,5082,6,,2025-08-26 14:06:00,2025-08-26 17:30:00,2025-08-26 16:09:00,Completed,60426
6546,4724,,6,,2025-08-26 14:10:00,2025-08-27 09:23:00,2025-08-27 07:59:00,Completed,191544
6547,5327,4879,7,,2025-08-27 08:01:00,2025-08-27 12:25:00,2025-08-27 12:52:00,Completed,59725
6548,4052,5102,6,,2025-08-27 08:31:00,2025-08-27 10:31:00,2025-08-27 09:54:00,Completed,297100
6549,4029,5045,6,,2025-08-27 09:03:00,2025-08-27 11:00:00,2025-08-27 10:29:00,Completed,66704
6550,3784,,6,,2025-08-27 09:07:00,2025-08-27 13:22:00,2025-08-27 12:02:00,Completed,74393
6551,5489,5067,3,,2025-08-27 10:04:00,2025-08-27 12:04:00,2025-08-27 11:12:00,Completed,97087
6552,5513,5100,7,,2025-08-27 10:09:00,2025-08-27 16:07:00,2025-08-27 15:34:00,Completed,63307
6553,4638,,4,,2025-08-27 10:28:00,2025-08-27 17:30:00,2025-08-27 13:53:00,Completed,96925
6554,2890,5101,1,,2025-08-27 10:36:00,2025-09-02 13:36:00,2025-09-02 13:09:00,Completed,93438
6555,5519,,3,,2025-08-27 11:17:00,2025-08-28 08:17:00,2025-08-28 08:13:00,Completed,86710
6556,5504,5086,4,,2025-08-27 11:32:00,2025-08-27 15:09:00,2025-08-27 15:30:00,Completed,109993
6557,5520,,1,,2025-08-27 11:35:00,2025-08-28 08:27:00,2025-08-27 16:50:00,Completed,242326
6558,5511,5091,6,,2025-08-27 11:38:00,2025-08-27 15:01:00,2025-08-27 13:08:00,Completed,183388
6559,5524,,6,,2025-08-27 12:25:00,2025-08-27 15:59:00,2025-08-27 14:36:00,Completed,98710
6560,5522,5106,3,,2025-08-27 13:39:00,2025-08-28 09:00:00,2025-08-28 09:06:00,Completed,34520
6561,4713,,3,,2025-08-27 14:06:00,2025-08-28 11:02:00,2025-08-28 09:43:00,Completed,178493
6562,4201,5098,6,,2025-08-28 07:32:00,2025-08-28 09:32:00,2025-08-28 08:32:00,Completed,156212
6563,4229,4878,3,,2025-08-28 08:03:00,2025-08-28 12:15:00,2025-08-28 12:30:00,Completed,35196
6564,4927,4966,3,,2025-08-28 08:31:00,2025-08-28 11:45:00,2025-08-28 11:58:00,Completed,164187
6565,5530,,1,,2025-08-28 09:02:00,2025-08-28 15:32:00,2025-08-28 12:44:00,Completed,89280
6566,5476,5040,7,,2025-08-28 09:06:00,2025-08-28 12:21:00,2025-08-28 10:51:00,Completed,110211
6567,5529,,7,,2025-08-28 09:13:00,2025-08-28 13:01:00,2025-08-28 13:12:00,Completed,12709
6568,5515,5093,1,,2025-08-28 12:36:00,2025-08-28 15:06:00,2025-08-28 14:06:00,Completed,28790
6569,4675,5114,7,,2025-08-28 13:01:00,2025-08-28 16:01:00,2025-08-28 17:27:00,Completed,125287
6570,4335,5079,2,,2025-08-28 14:09:00,2025-08-29 08:39:00,2025-08-28 17:10:00,Completed,59522
6571,4946,5094,6,,2025-08-28 14:39:00,2025-08-29 07:54:00,2025-08-28 16:53:00,Completed,154236
6572,3637,5112,2,,2025-08-28 15:06:00,2025-08-29 12:31:00,2025-09-04 12:11:00,Completed,109763
6573,5514,5095,4,,2025-08-28 15:37:00,2025-08-29 10:44:00,2025-09-03 12:26:00,Completed,113096
6574,4756,5121,4,,2025-08-29 07:38:00,2025-08-29 11:05:00,2025-08-29 09:55:00,Completed,44714
6575,3939,5108,6,,2025-08-29 08:04:00,2025-08-29 11:19:00,2025-08-29 13:10:00,Completed,111503
6576,5537,5120,4,,2025-08-29 08:06:00,2025-08-29 12:05:00,2025-08-29 11:16:00,Completed,129550
6577,1030,5111,6,,2025-08-29 09:00:00,2025-08-29 11:07:00,2025-08-29 10:24:00,Completed,212461
6578,1160,5109,6,,2025-08-29 09:02:00,2025-08-29 13:38:00,2025-08-29 13:20:00,Completed,177403
6579,4320,4999,1,,2025-08-29 09:34:00,2025-08-29 15:19:00,2025-08-29 12:25:00,Completed,74983
6580,5535,,6,,2025-08-29 09:36:00,2025-08-29 12:55:00,2025-08-29 13:10:00,Completed,282719
6581,4588,,7,,2025-08-29 09:53:00,2025-08-29 11:08:00,2025-08-29 10:29:00,Completed,43802
6582,3935,,7,,2025-08-29 09:59:00,2025-08-29 12:11:00,2025-08-29 11:54:00,Completed,174648
6583,5479,5051,6,,2025-08-29 10:31:00,2025-08-29 13:19:00,2025-08-29 13:57:00,Completed,58025
6584,2415,4979,3,,2025-08-29 12:04:00,2025-08-29 16:19:00,2025-08-29 13:52:00,Completed,69937
6585,4461,5115,7,,2025-08-29 12:09:00,2025-08-29 14:46:00,2025-08-29 14:05:00,Completed,117959
6586,5534,,1,,2025-08-29 13:28:00,2025-08-29 15:28:00,2025-08-29 14:52:00,Completed,175128
6587,5207,,7,,2025-08-29 14:02:00,2025-08-29 16:17:00,2025-08-29 15:58:00,Completed,95745
6588,4771,5073,7,,2025-08-29 15:08:00,2025-08-29 17:30:00,2025-08-29 17:01:00,Completed,52444
6589,5491,5069,3,,2025-08-29 15:08:00,2025-08-30 09:53:00,2025-08-29 17:15:00,Completed,79462
6590,1176,4978,1,,2025-08-29 15:38:00,2025-08-30 13:08:00,2025-08-30 12:08:00,Completed,127289
6591,322,5103,4,,2025-08-30 08:01:00,2025-09-02 17:30:00,2025-09-02 16:03:00,Completed,291163
6592,2835,5003,3,,2025-08-30 09:39:00,2025-09-02 08:54:00,2025-08-30 13:09:00,Completed,56455
6593,1749,5090,1,,2025-08-30 10:06:00,2025-09-04 14:04:00,2025-09-06 12:53:00,Completed,90160
6594,4469,5127,6,,2025-08-30 10:34:00,2025-09-02 08:19:00,2025-08-30 13:15:00,Completed,164503
6595,5494,5075,7,,2025-08-30 11:03:00,2025-09-02 07:48:00,2025-08-30 12:19:00,Completed,151347
6596,5314,5110,6,,2025-08-30 11:38:00,2025-09-02 08:07:00,2025-09-02 08:09:00,Completed,98713
6597,5383,4921,6,,2025-08-30 12:00:00,2025-09-02 13:36:00,2025-09-02 11:56:00,Completed,71464
6598,3300,5059,3,,2025-08-30 12:03:00,2025-08-30 14:00:00,2025-08-30 13:28:00,Completed,129838
6599,225,5131,7,,2025-09-02 07:38:00,2025-09-02 12:45:00,2025-09-02 11:11:00,Completed,182591
6600,5068,5099,7,,2025-09-02 08:04:00,2025-09-02 11:50:00,2025-09-02 12:36:00,Completed,83945
6601,5484,5054,6,,2025-09-02 08:06:00,2025-09-02 14:15:00,2025-09-02 13:30:00,Completed,205168
6602,3904,5122,6,,2025-09-02 08:24:00,2025-09-02 13:22:00,2025-09-02 14:31:00,Completed,94158
6603,5552,5147,6,,2025-09-02 08:37:00,2025-09-02 15:58:00,2025-09-02 16:09:00,Completed,46633
6604,1572,5124,3,,2025-09-02 09:01:00,2025-09-02 10:16:00,2025-09-02 09:32:00,Completed,117764
6605,1563,,7,,2025-09-02 09:12:00,2025-09-02 14:57:00,2025-09-02 14:38:00,Completed,85821
6606,5046,5048,7,,2025-09-02 09:35:00,2025-09-02 13:40:00,2025-09-02 14:57:00,Completed,72050
6607,2397,5096,6,,2025-09-02 09:39:00,2025-09-02 14:30:00,2025-09-02 16:37:00,Completed,226647
6608,1735,,3,,2025-09-02 09:43:00,2025-09-02 12:58:00,2025-09-02 10:47:00,Completed,251863
6609,4623,5141,7,,2025-09-02 10:00:00,2025-09-03 07:31:00,2025-09-03 12:12:00,Completed,145912
6610,5297,5117,2,,2025-09-02 10:09:00,2025-09-02 14:24:00,2025-09-02 11:52:00,Completed,189188
6611,338,,3,6486,2025-09-02 10:12:00,2025-09-02 12:57:00,2025-09-02 11:17:00,Completed,237228
6612,4846,,2,,2025-09-02 10:23:00,2025-09-04 15:25:00,2025-09-04 15:23:00,Completed,47428
6613,5555,,3,,2025-09-02 10:24:00,2025-09-02 14:31:00,2025-09-02 12:38:00,Completed,219052
6614,3972,5128,7,,2025-09-02 10:32:00,2025-09-03 08:23:00,2025-09-03 11:07:00,Completed,92348
6615,4498,,3,,2025-09-02 10:51:00,2025-09-02 15:24:00,2025-09-02 14:12:00,Completed,96939
6616,5399,5148,7,6385,2025-09-02 11:03:00,2025-09-02 17:30:00,2025-09-03 11:24:00,Completed,135390
6617,5356,,2,6499,2025-09-02 11:58:00,2025-09-02 15:31:00,2025-09-02 13:35:00,Completed,88925
6618,3590,,3,,2025-09-02 12:15:00,2025-09-02 16:41:00,2025-09-02 17:09:00,Completed,83282
6619,5094,5143,3,,2025-09-02 12:36:00,2025-09-03 07:49:00,2025-09-02 17:06:00,Completed,37652
6620,180,,7,6475,2025-09-02 12:58:00,2025-09-03 08:45:00,2025-09-03 14:45:00,Completed,155932
6621,2511,5118,7,,2025-09-02 13:06:00,2025-09-03 10:57:00,2025-09-03 13:40:00,Completed,85962
6622,3229,5062,6,,2025-09-02 14:06:00,2025-09-02 17:30:00,2025-09-03 07:35:00,Completed,84218
6623,4008,,2,,2025-09-02 14:38:00,2025-09-03 14:41:00,2025-09-03 11:33:00,Completed,126665
6624,5551,5144,2,,2025-09-03 07:30:00,2025-09-03 10:03:00,2025-09-03 11:41:00,Completed,66903
6625,5506,5087,7,,2025-09-03 07:35:00,2025-09-03 12:17:00,2025-09-03 14:07:00,Completed,65648
6626,5563,5158,4,,2025-09-03 07:51:00,2025-09-03 09:13:00,2025-09-03 08:35:00,Completed,177302
6627,4006,5139,3,,2025-09-03 08:06:00,2025-09-03 10:36:00,2025-09-03 10:02:00,Completed,113698
6628,4610,5052,2,,2025-09-03 08:07:00,2025-09-03 11:03:00,2025-09-03 10:00:00,Completed,90939
6629,5558,5150,2,,2025-09-03 08:23:00,2025-09-03 10:54:00,2025-09-03 10:39:00,Completed,55446
6630,5549,5142,7,,2025-09-03 08:38:00,2025-09-03 16:09:00,2025-09-03 16:16:00,Completed,21322
6631,5498,5072,3,,2025-09-03 09:03:00,2025-09-03 13:11:00,2025-09-03 12:15:00,Completed,34654
6632,5564,,7,,2025-09-03 09:44:00,2025-09-05 07:38:00,2025-09-04 13:34:00,Completed,128846
6633,4847,5104,7,,2025-09-03 10:37:00,2025-09-03 15:12:00,2025-09-03 16:57:00,Completed,35116
6634,5565,5160,1,,2025-09-03 11:07:00,2025-09-03 13:37:00,2025-09-03 12:25:00,Completed,132486
6635,5557,5151,2,,2025-09-03 12:35:00,2025-09-03 17:30:00,2025-09-03 14:10:00,Completed,110178
6636,3854,,4,,2025-09-03 12:40:00,2025-09-03 14:21:00,2025-09-03 13:39:00,Completed,64575
6637,5566,,3,,2025-09-03 14:47:00,2025-09-03 16:09:00,2025-09-03 15:25:00,Completed,51412
6638,4638,5153,4,6553,2025-09-04 08:04:00,2025-09-04 11:37:00,2025-09-04 11:58:00,Completed,97171
6639,3640,5152,7,,2025-09-04 08:07:00,2025-09-04 11:37:00,2025-09-04 10:02:00,Completed,46425
6640,5538,5125,2,,2025-09-04 08:38:00,2025-09-04 15:38:00,2025-09-04 12:27:00,Completed,60012
6641,5560,5157,3,,2025-09-04 09:31:00,2025-09-04 10:46:00,2025-09-04 10:00:00,Completed,122721
6642,5569,,2,,2025-09-04 11:23:00,2025-09-04 13:06:00,2025-09-04 12:44:00,Completed,39938
6643,432,5146,3,,2025-09-04 12:33:00,2025-09-04 15:33:00,2025-09-04 15:42:00,Completed,259086
6644,5568,,7,,2025-09-04 12:33:00,2025-09-04 15:03:00,2025-09-04 14:32:00,Completed,25085
6645,5499,5066,1,,2025-09-04 14:06:00,2025-09-05 10:28:00,2025-09-05 08:08:00,Completed,45195
6646,2255,5145,6,,2025-09-05 08:01:00,2025-09-05 11:16:00,2025-09-05 09:17:00,Completed,94389
6647,4741,5135,7,,2025-09-05 08:08:00,2025-09-05 11:23:00,2025-09-05 10:01:00,Completed,71454
6648,4178,5178,6,,2025-09-05 08:24:00,2025-09-05 12:01:00,2025-09-05 10:19:00,Completed,110115
6649,3371,,1,,2025-09-05 08:32:00,2025-09-05 13:24:00,2025-09-05 11:03:00,Completed,72222
6650,3620,5138,7,,2025-09-05 08:33:00,2025-09-05 12:45:00,2025-09-05 11:44:00,Completed,138052
6651,5326,5159,4,,2025-09-05 09:08:00,2025-09-05 10:15:00,2025-09-05 09:44:00,Completed,174875
6652,5584,5181,3,,2025-09-05 10:05:00,2025-09-05 12:35:00,2025-09-05 10:42:00,Completed,42918
6653,4059,5177,6,,2025-09-05 12:09:00,2025-09-05 16:39:00,2025-09-05 14:44:00,Completed,120805
6654,5588,5180,7,,2025-09-05 12:31:00,2025-09-05 15:31:00,2025-09-05 15:11:00,Completed,227744
6655,1174,5137,2,,2025-09-05 13:32:00,2025-09-05 16:28:00,2025-09-05 15:33:00,Completed,85203
6656,5587,5176,3,,2025-09-05 15:06:00,2025-09-06 10:21:00,2025-09-06 10:35:00,Completed,106764
6657,4203,5133,7,,2025-09-06 08:06:00,2025-09-06 09:21:00,2025-09-06 08:56:00,Completed,85057
6658,4358,5011,3,,2025-09-06 08:33:00,2025-09-06 11:03:00,2025-09-06 10:05:00,Completed,101965
6659,5208,5168,2,6472,2025-09-06 09:03:00,2025-09-06 13:03:00,2025-09-06 10:58:00,Completed,42445
6660,3796,,7,,2025-09-06 09:23:00,2025-09-06 14:00:00,2025-09-08 08:06:00,Completed,150322
6661,4449,,6,,2025-09-06 11:18:00,2025-09-06 12:48:00,2025-09-06 12:07:00,Completed,32957
6662,4478,5188,7,,2025-09-08 07:31:00,2025-09-08 11:08:00,2025-09-08 12:05:00,Completed,249365
6663,545,5174,3,,2025-09-08 08:08:00,2025-09-08 12:23:00,2025-09-08 10:25:00,Completed,153117
6664,3692,5065,7,,2025-09-08 08:09:00,2025-09-08 10:23:00,2025-09-08 10:23:00,Completed,147205
6665,5074,5190,1,,2025-09-08 08:23:00,2025-09-09 13:49:00,2025-09-09 14:03:00,Completed,77841
6666,2890,,1,6554,2025-09-08 08:25:00,2025-09-08 11:21:00,2025-09-08 11:27:00,Completed,93974
6667,5325,5199,4,,2025-09-08 08:35:00,2025-09-08 11:35:00,2025-09-08 10:19:00,Completed,33953
6668,2195,5184,6,6514,2025-09-08 09:05:00,2025-09-08 11:31:00,2025-09-08 12:58:00,Completed,136846
6669,4809,5166,3,,2025-09-08 09:06:00,2025-09-08 11:54:00,2025-09-08 11:28:00,Completed,88614
6670,987,,7,,2025-09-08 09:34:00,2025-09-08 11:53:00,2025-09-08 11:28:00,Completed,242002
6671,3837,5200,1,,2025-09-08 09:37:00,2025-09-09 09:46:00,2025-09-09 08:14:00,Completed,51676
6672,1982,5183,2,,2025-09-08 10:01:00,2025-09-08 11:16:00,2025-09-08 10:37:00,Completed,97873
6673,3431,5130,1,,2025-09-08 10:33:00,2025-09-09 08:10:00,2025-09-08 14:17:00,Completed,155253
6674,5299,5193,4,,2025-09-08 10:33:00,2025-09-08 13:03:00,2025-09-08 11:55:00,Completed,53449
6675,3961,,3,,2025-09-08 10:39:00,2025-09-09 07:58:00,2025-09-08 15:33:00,Completed,183329
6676,2900,5196,2,6471,2025-09-08 10:59:00,2025-09-08 15:10:00,2025-09-08 15:00:00,Completed,125151
6677,2941,5161,2,,2025-09-08 11:01:00,2025-09-09 13:54:00,2025-09-09 14:10:00,Completed,209078
6678,3865,5163,2,,2025-09-08 13:09:00,2025-09-08 17:30:00,2025-09-09 07:38:00,Completed,153747
6679,4776,5186,7,,2025-09-08 14:03:00,2025-09-08 17:30:00,2025-09-08 16:22:00,Completed,120727
6680,5597,5194,2,,2025-09-09 07:31:00,2025-09-09 10:46:00,2025-09-09 12:24:00,Completed,49370
6681,5453,5179,4,,2025-09-09 07:38:00,2025-09-09 10:53:00,2025-09-09 09:04:00,Completed,121604
6682,5150,5209,4,,2025-09-09 07:54:00,2025-09-09 09:42:00,2025-09-09 09:30:00,Completed,89632
6683,4093,5149,4,,2025-09-09 09:06:00,2025-09-09 16:44:00,2025-09-09 13:30:00,Completed,87480
6684,5526,5105,3,,2025-09-09 11:32:00,2025-09-09 17:30:00,2025-09-09 14:32:00,Completed,88908
6685,5589,5185,6,,2025-09-09 11:32:00,2025-09-09 13:47:00,2025-09-09 13:02:00,Completed,45608
6686,5163,,2,,2025-09-09 11:38:00,2025-09-09 16:08:00,2025-09-09 13:05:00,Completed,134011
6687,5572,5170,3,,2025-09-09 12:01:00,2025-09-10 07:41:00,2025-09-10 07:43:00,Completed,77328
6688,5601,,3,,2025-09-09 12:07:00,2025-09-09 17:30:00,2025-09-10 07:55:00,Completed,41038
6689,2558,5171,6,,2025-09-09 13:05:00,2025-09-09 14:20:00,2025-09-09 13:39:00,Completed,70362
6690,5562,5155,1,,2025-09-09 14:34:00,2025-09-10 09:04:00,2025-09-10 13:05:00,Completed,164326
6691,5598,5207,3,,2025-09-09 14:39:00,2025-09-10 09:22:00,2025-09-10 08:15:00,Completed,105770
6692,5528,5107,6,,2025-09-09 15:39:00,2025-09-09 17:30:00,2025-09-09 16:17:00,Completed,107940
6693,3698,5189,4,,2025-09-10 08:04:00,2025-09-10 10:34:00,2025-09-10 09:30:00,Completed,39786
6694,5541,5134,6,,2025-09-10 08:30:00,2025-09-10 13:07:00,2025-09-10 11:36:00,Completed,40571
6695,5602,5224,3,,2025-09-10 08:31:00,2025-09-10 10:57:00,2025-09-10 10:08:00,Completed,57488
6696,5099,,6,,2025-09-10 09:05:00,2025-09-10 13:18:00,2025-09-10 13:13:00,Completed,77886
6697,5573,5173,1,,2025-09-10 09:07:00,2025-09-10 13:44:00,2025-09-10 10:40:00,Completed,222335
6698,5611,,3,,2025-09-10 10:11:00,2025-09-10 12:48:00,2025-09-10 11:50:00,Completed,84971
6699,5617,,3,,2025-09-10 10:14:00,2025-09-10 14:30:00,2025-09-10 12:40:00,Completed,111085
6700,5393,5214,6,,2025-09-10 10:34:00,2025-09-10 15:18:00,2025-09-10 14:26:00,Completed,108058
6701,5610,,1,,2025-09-10 10:56:00,2025-09-10 13:41:00,2025-09-10 12:20:00,Completed,32827
6702,2198,5201,6,,2025-09-10 11:39:00,2025-09-10 14:31:00,2025-09-10 14:45:00,Completed,161756
6703,5612,,2,,2025-09-10 11:46:00,2025-09-11 08:46:00,2025-09-10 14:57:00,Completed,113994
6704,3810,5164,4,,2025-09-10 12:01:00,2025-09-10 15:23:00,2025-09-10 16:23:00,Completed,21428
6705,5616,,6,,2025-09-10 12:01:00,2025-09-10 15:00:00,2025-09-10 15:33:00,Completed,46277
6706,5618,,3,,2025-09-10 12:27:00,2025-09-10 17:30:00,2025-09-10 14:52:00,Completed,173017
6707,5613,,3,,2025-09-10 12:30:00,2025-09-10 15:41:00,2025-09-10 15:49:00,Completed,77596
6708,5614,5229,2,,2025-09-10 13:38:00,2025-09-11 08:48:00,2025-09-11 10:23:00,Completed,74418
6709,5599,5205,6,,2025-09-10 14:05:00,2025-09-10 17:30:00,2025-09-10 16:47:00,Completed,71966
6710,5542,5136,7,,2025-09-11 07:37:00,2025-09-11 10:52:00,2025-09-11 12:16:00,Completed,178191
6711,5596,5182,3,,2025-09-11 07:39:00,2025-09-11 12:46:00,2025-09-11 10:34:00,Completed,68749
6712,5459,5241,2,,2025-09-11 07:50:00,2025-09-11 13:35:00,2025-09-11 12:15:00,Completed,278098
6713,5624,,2,,2025-09-11 07:51:00,2025-09-11 13:11:00,2025-09-11 14:18:00,Completed,53174
6714,5060,5239,4,,2025-09-11 08:05:00,2025-09-12 11:15:00,2025-09-12 08:32:00,Completed,141830
6715,5606,5222,1,,2025-09-11 08:06:00,2025-09-11 11:58:00,2025-09-11 09:34:00,Completed,62326
6716,5109,5215,3,,2025-09-11 09:03:00,2025-09-11 13:36:00,2025-09-11 14:58:00,Completed,47403
6717,2199,5191,7,,2025-09-11 09:06:00,2025-09-11 12:36:00,2025-09-11 11:19:00,Completed,153049
6718,5625,,2,,2025-09-11 09:53:00,2025-09-11 14:11:00,2025-09-11 12:40:00,Completed,118015
6719,5623,,6,,2025-09-11 09:58:00,2025-09-11 11:13:00,2025-09-11 10:30:00,Completed,25662
6720,5626,,6,,2025-09-11 10:06:00,2025-09-11 12:06:00,2025-09-11 11:28:00,Completed,46461
6721,5604,5218,1,,2025-09-11 10:30:00,2025-09-11 13:45:00,2025-09-11 11:42:00,Completed,78881
6722,2739,5211,4,,2025-09-11 10:36:00,2025-09-11 11:51:00,2025-09-11 11:10:00,Completed,182756
6723,5622,5242,7,,2025-09-11 10:55:00,2025-09-11 13:16:00,2025-09-11 12:59:00,Completed,131213
6724,3771,5210,7,,2025-09-11 11:06:00,2025-09-11 13:33:00,2025-09-11 14:04:00,Completed,63764
6725,4604,5089,6,,2025-09-11 11:32:00,2025-09-11 12:47:00,2025-09-11 12:09:00,Completed,81574
6726,5587,5236,3,6656,2025-09-11 12:31:00,2025-09-11 15:31:00,2025-09-11 13:28:00,Completed,106934
6727,2320,5234,7,,2025-09-11 13:36:00,2025-09-11 17:30:00,2025-09-11 16:43:00,Completed,70743
6728,5578,5169,6,,2025-09-11 14:31:00,2025-09-15 11:21:00,2025-09-15 09:10:00,Completed,100683
6729,5532,5113,7,,2025-09-12 08:03:00,2025-09-12 11:03:00,2025-09-12 09:12:00,Completed,53623
6730,2560,5248,3,,2025-09-12 08:04:00,2025-09-12 09:34:00,2025-09-12 08:55:00,Completed,40793
6731,5632,,6,,2025-09-12 08:12:00,2025-09-12 11:27:00,2025-09-12 10:37:00,Completed,12900
6732,5633,5249,3,,2025-09-12 08:22:00,2025-09-15 09:23:00,2025-09-13 13:01:00,Completed,144880
6733,5630,5250,4,,2025-09-12 08:36:00,2025-09-12 13:06:00,2025-09-12 12:30:00,Completed,233599
6734,5634,,2,,2025-09-12 09:23:00,2025-09-12 11:53:00,2025-09-12 10:00:00,Completed,61705
6735,5477,5039,7,,2025-09-12 09:35:00,2025-09-12 12:05:00,2025-09-12 10:22:00,Completed,65136
6736,5635,,6,,2025-09-12 12:56:00,2025-09-12 15:56:00,2025-09-12 15:23:00,Completed,267513
6737,5619,5230,3,,2025-09-12 13:08:00,2025-09-13 08:08:00,2025-09-12 15:54:00,Completed,64010
6738,5543,5132,3,,2025-09-12 14:38:00,2025-09-13 11:47:00,2025-09-13 10:23:00,Completed,160726
6739,5567,5165,4,,2025-09-12 15:05:00,2025-09-13 10:50:00,2025-09-12 17:25:00,Completed,47761
6740,2948,5187,4,,2025-09-12 15:07:00,2025-09-13 10:26:00,2025-09-13 11:38:00,Completed,128326
6741,5272,5154,7,,2025-09-13 08:03:00,2025-09-13 09:33:00,2025-09-13 09:07:00,Completed,104975
6742,4165,5208,6,,2025-09-13 08:06:00,2025-09-13 10:21:00,2025-09-13 09:53:00,Completed,164995
6743,4113,5204,4,,2025-09-13 08:35:00,2025-09-15 10:13:00,2025-09-15 09:27:00,Completed,54831
6744,446,,2,,2025-09-13 08:56:00,2025-09-15 09:26:00,2025-09-13 12:14:00,Completed,130384
6745,3955,5238,1,,2025-09-13 09:00:00,2025-09-13 10:15:00,2025-09-13 09:23:00,Completed,70950
6746,4248,5257,7,,2025-09-13 09:09:00,2025-09-13 12:39:00,2025-09-13 11:55:00,Completed,107939
6747,3845,,6,,2025-09-13 09:33:00,2025-09-13 10:48:00,2025-09-13 10:13:00,Completed,117475
6748,4117,5253,7,,2025-09-13 10:01:00,2025-09-15 07:56:00,2025-09-13 13:04:00,Completed,106511
6749,4977,,7,,2025-09-13 10:12:00,2025-09-15 07:54:00,2025-09-15 09:52:00,Completed,56267
6750,2716,,4,,2025-09-13 10:31:00,2025-09-13 14:00:00,2025-09-15 07:55:00,Completed,146895
6751,4659,,1,,2025-09-13 10:57:00,2025-09-15 09:12:00,2025-09-15 09:07:00,Completed,105136
6752,5642,5258,6,,2025-09-13 11:09:00,2025-09-15 09:24:00,2025-09-15 08:48:00,Completed,84520
6753,5187,,6,,2025-09-13 11:16:00,2025-09-15 10:22:00,2025-09-15 08:58:00,Completed,163013
6754,2571,,3,,2025-09-13 12:46:00,2025-09-15 07:31:00,2025-09-13 13:12:00,Completed,74780
6755,3358,5268,6,,2025-09-15 07:34:00,2025-09-15 11:46:00,2025-09-15 12:51:00,Completed,74104
6756,5360,5225,4,,2025-09-15 08:07:00,2025-09-15 11:22:00,2025-09-15 11:04:00,Completed,169009
6757,5636,5252,7,,2025-09-15 08:08:00,2025-09-15 11:23:00,2025-09-15 09:41:00,Completed,249370
6758,225,,7,6599,2025-09-15 08:25:00,2025-09-15 12:22:00,2025-09-15 12:46:00,Completed,183142
6759,4380,,3,,2025-09-15 08:55:00,2025-09-15 12:25:00,2025-09-15 10:25:00,Completed,249848
6760,5010,5231,1,,2025-09-15 09:09:00,2025-09-15 13:54:00,2025-09-15 11:58:00,Completed,137507
6761,5190,5269,4,,2025-09-15 09:35:00,2025-09-15 12:05:00,2025-09-15 12:52:00,Completed,36235
6762,5570,,1,,2025-09-15 10:14:00,2025-09-15 15:08:00,2025-09-15 16:20:00,Completed,126582
6763,1584,,6,,2025-09-15 11:05:00,2025-09-15 13:20:00,2025-09-15 12:42:00,Completed,66799
6764,5654,,6,,2025-09-15 12:01:00,2025-09-15 15:36:00,2025-09-15 13:39:00,Completed,167942
6765,3606,,2,,2025-09-15 12:14:00,2025-09-17 08:35:00,2025-09-17 08:28:00,Completed,81018
6766,5258,5262,2,,2025-09-15 13:31:00,2025-09-15 14:46:00,2025-09-15 13:58:00,Completed,62180
6767,5508,5156,7,,2025-09-15 14:01:00,2025-09-16 08:16:00,2025-09-15 16:44:00,Completed,65872
6768,4395,5244,4,,2025-09-15 14:07:00,2025-09-15 15:22:00,2025-09-15 14:41:00,Completed,67116
6769,5608,5223,2,,2025-09-15 14:38:00,2025-09-16 08:11:00,2025-09-15 16:19:00,Completed,131261
6770,4961,5216,6,,2025-09-15 14:38:00,2025-09-15 17:30:00,2025-09-15 16:47:00,Completed,129939
6771,5033,5273,4,,2025-09-15 15:33:00,2025-09-16 11:55:00,2025-09-16 08:16:00,Completed,194504
6772,5620,5235,6,,2025-09-16 07:36:00,2025-09-16 08:58:00,2025-09-16 08:35:00,Completed,244680
6773,5644,5260,4,,2025-09-16 08:09:00,2025-09-16 11:39:00,2025-09-16 09:18:00,Completed,151734
6774,5279,,1,,2025-09-16 08:14:00,2025-09-16 14:36:00,2025-09-16 12:11:00,Completed,193590
6775,1868,5034,6,,2025-09-16 08:33:00,2025-09-16 11:33:00,2025-09-16 10:24:00,Completed,140126
6776,4020,,4,,2025-09-16 08:41:00,2025-09-16 10:12:00,2025-09-16 09:50:00,Completed,74727
6777,3865,,4,,2025-09-16 09:25:00,2025-09-16 11:50:00,2025-09-16 10:57:00,Completed,154264
6778,5661,,3,,2025-09-16 09:25:00,2025-09-16 10:47:00,2025-09-16 10:12:00,Completed,27486
6779,5660,,2,,2025-09-16 09:37:00,2025-09-17 07:52:00,2025-09-16 17:18:00,Completed,123115
6780,5651,5266,4,,2025-09-16 10:04:00,2025-09-16 12:58:00,2025-09-16 11:18:00,Completed,53940
6781,5656,5272,6,,2025-09-16 11:32:00,2025-09-16 15:02:00,2025-09-16 13:11:00,Completed,85058
6782,1032,,6,,2025-09-16 12:31:00,2025-09-16 14:12:00,2025-09-16 13:26:00,Completed,105290
6783,4714,5278,4,,2025-09-16 13:06:00,2025-09-16 15:36:00,2025-09-16 14:39:00,Completed,63953
6784,465,5279,1,,2025-09-16 13:31:00,2025-09-23 09:18:00,2025-09-22 17:05:00,Completed,201400
6785,3,,3,,2025-09-16 15:18:00,2025-09-17 07:48:00,2025-09-16 15:47:00,Completed,207536
6786,5621,5240,2,,2025-09-17 08:00:00,2025-09-18 10:31:00,2025-09-18 07:59:00,Completed,36615
6787,5516,5092,6,,2025-09-17 08:30:00,2025-09-17 11:30:00,2025-09-17 09:30:00,Completed,219600
6788,5657,5271,4,,2025-09-17 09:08:00,2025-09-17 13:23:00,2025-09-17 12:40:00,Completed,186806
6789,5017,,3,,2025-09-17 09:10:00,2025-09-17 11:40:00,2025-09-17 10:41:00,Completed,173716
6790,5663,5281,1,,2025-09-17 09:30:00,2025-09-17 14:18:00,2025-09-17 12:59:00,Completed,117201
6791,5672,,3,,2025-09-17 09:35:00,2025-09-17 13:19:00,2025-09-17 12:45:00,Completed,58155
6792,5676,,6,,2025-09-17 09:52:00,2025-09-17 13:22:00,2025-09-17 11:36:00,Completed,181048
6793,5670,,6,,2025-09-17 09:55:00,2025-09-17 14:45:00,2025-09-17 14:34:00,Completed,66082
6794,5081,5276,1,,2025-09-17 10:39:00,2025-09-18 08:11:00,2025-09-17 15:17:00,Completed,112346
6795,5400,,6,,2025-09-17 11:14:00,2025-09-17 13:36:00,2025-09-17 13:52:00,Completed,78802
6796,5675,,2,,2025-09-17 11:36:00,2025-09-17 17:30:00,2025-09-17 15:06:00,Completed,16688
6797,5627,5245,1,,2025-09-17 12:08:00,2025-09-17 17:30:00,2025-09-17 16:59:00,Completed,47021
6798,5677,,4,,2025-09-17 12:34:00,2025-09-18 07:34:00,2025-09-17 16:47:00,Completed,15390
6799,5638,5256,6,,2025-09-17 14:32:00,2025-09-18 08:02:00,2025-09-17 17:21:00,Completed,33267
6800,5666,5285,4,,2025-09-18 07:32:00,2025-09-18 10:13:00,2025-09-18 09:35:00,Completed,93986
6801,4537,5291,4,,2025-09-18 08:00:00,2025-09-18 10:06:00,2025-09-18 10:07:00,Completed,155839
6802,5678,5295,7,,2025-09-18 08:03:00,2025-09-18 10:40:00,2025-09-18 09:55:00,Completed,87074
6803,323,5251,2,,2025-09-18 09:08:00,2025-09-18 10:38:00,2025-09-18 09:40:00,Completed,314616
6804,4755,5197,4,,2025-09-18 09:35:00,2025-09-18 10:59:00,2025-09-18 10:20:00,Completed,88525
6805,5684,,7,,2025-09-18 09:51:00,2025-09-18 12:21:00,2025-09-18 10:27:00,Completed,88040
6806,5683,,3,,2025-09-18 10:14:00,2025-09-18 13:21:00,2025-09-18 12:17:00,Completed,172153
6807,5681,,1,,2025-09-18 12:03:00,2025-09-18 14:40:00,2025-09-18 13:28:00,Completed,78655
6808,4717,5288,4,,2025-09-18 12:09:00,2025-09-18 13:24:00,2025-09-18 12:42:00,Completed,78726
6809,2161,5226,7,,2025-09-18 14:01:00,2025-09-18 16:31:00,2025-09-18 14:57:00,Completed,65963
6810,5640,5254,2,,2025-09-18 15:01:00,2025-09-19 09:49:00,2025-09-19 07:58:00,Completed,5130
6811,4682,5287,4,,2025-09-19 08:07:00,2025-09-19 10:37:00,2025-09-19 08:37:00,Completed,247831
6812,4377,5306,1,,2025-09-19 08:33:00,2025-09-19 11:48:00,2025-09-19 09:36:00,Completed,55426
6813,4277,5301,7,,2025-09-19 08:35:00,2025-09-19 10:50:00,2025-09-19 10:12:00,Completed,158504
6814,5689,,7,,2025-09-19 08:39:00,2025-09-19 11:42:00,2025-09-19 11:56:00,Completed,275596
6815,5603,5228,3,,2025-09-19 09:06:00,2025-09-19 10:13:00,2025-09-19 09:42:00,Completed,153792
6816,4782,5255,1,,2025-09-19 10:08:00,2025-09-20 08:53:00,2025-09-19 14:08:00,Completed,136667
6817,5687,,7,,2025-09-19 10:21:00,2025-09-19 14:44:00,2025-09-19 13:39:00,Completed,90791
6818,5690,,7,,2025-09-19 10:28:00,2025-09-19 14:14:00,2025-09-19 14:45:00,Completed,24608
6819,5691,,3,,2025-09-19 10:31:00,2025-09-19 13:46:00,2025-09-19 11:52:00,Completed,40359
6820,5688,,7,,2025-09-19 10:31:00,2025-09-19 15:29:00,2025-09-19 15:17:00,Completed,88567
6821,4680,5296,3,,2025-09-19 12:35:00,2025-09-19 15:05:00,2025-09-19 16:51:00,Completed,52997
6822,5609,5220,4,,2025-09-19 12:37:00,2025-09-19 13:52:00,2025-09-19 13:06:00,Completed,36918
6823,5540,5129,1,,2025-09-19 13:08:00,2025-09-23 13:20:00,2025-09-26 14:22:00,Completed,150196
6824,4167,,7,,2025-09-19 13:49:00,2025-09-20 08:28:00,2025-09-19 16:40:00,Completed,108836
6825,5200,5261,1,,2025-09-19 15:08:00,2025-09-20 11:23:00,2025-09-19 17:26:00,Completed,153642
6826,4857,5078,6,,2025-09-20 08:00:00,2025-09-20 11:30:00,2025-09-20 09:29:00,Completed,188172
6827,5692,5312,4,,2025-09-20 08:04:00,2025-09-20 10:26:00,2025-09-20 09:34:00,Completed,185745
6828,5053,5219,4,,2025-09-20 09:05:00,2025-09-22 08:13:00,2025-09-20 13:02:00,Completed,39561
6829,5694,,6,,2025-09-20 09:22:00,2025-09-20 11:45:00,2025-09-20 11:10:00,Completed,74134
6830,5693,,3,,2025-09-20 09:30:00,2025-09-20 12:07:00,2025-09-20 11:25:00,Completed,110795
6831,4136,5298,7,,2025-09-20 10:02:00,2025-09-20 11:17:00,2025-09-20 10:39:00,Completed,26608
6832,5446,5305,3,,2025-09-20 10:02:00,2025-09-20 14:00:00,2025-09-20 13:20:00,Completed,197305
6833,5062,5265,7,,2025-09-20 11:00:00,2025-09-20 14:00:00,2025-09-20 13:25:00,Completed,172187
6834,3146,5333,2,,2025-09-22 07:31:00,2025-09-22 09:46:00,2025-09-22 08:55:00,Completed,28420
6835,3269,5198,6,,2025-09-22 08:02:00,2025-09-22 09:17:00,2025-09-22 08:26:00,Completed,103294
6836,4346,5303,7,,2025-09-22 08:05:00,2025-09-22 12:20:00,2025-09-22 11:12:00,Completed,107364
6837,3827,5322,6,,2025-09-22 08:15:00,2025-09-22 10:49:00,2025-09-22 08:50:00,Completed,37793
6838,1993,5302,6,,2025-09-22 08:34:00,2025-09-22 11:26:00,2025-09-22 12:13:00,Completed,61037
6839,5702,,7,,2025-09-22 08:34:00,2025-09-22 11:16:00,2025-09-22 11:50:00,Completed,84726
6840,4589,5331,4,,2025-09-22 08:35:00,2025-09-22 14:20:00,2025-09-22 11:17:00,Completed,78907
6841,5123,5334,3,,2025-09-22 09:06:00,2025-09-22 13:21:00,2025-09-22 11:07:00,Completed,137670
6842,5214,,2,,2025-09-22 09:34:00,2025-09-22 13:04:00,2025-09-22 11:06:00,Completed,205246
6843,4905,5313,7,,2025-09-22 10:06:00,2025-09-22 14:27:00,2025-09-22 13:24:00,Completed,204359
6844,4594,5232,4,,2025-09-22 11:09:00,2025-09-22 15:57:00,2025-09-22 12:59:00,Completed,71516
6845,4072,,3,,2025-09-22 11:11:00,2025-09-23 16:01:00,2025-09-23 13:24:00,Completed,189017
6846,2094,,4,,2025-09-22 11:19:00,2025-09-22 16:25:00,2025-09-25 12:15:00,Completed,92023
6847,5703,,7,,2025-09-22 12:01:00,2025-09-22 17:30:00,2025-09-23 09:35:00,Completed,51325
6848,4431,5307,3,,2025-09-22 12:06:00,2025-09-22 15:13:00,2025-09-22 14:06:00,Completed,113485
6849,5700,,7,,2025-09-22 13:25:00,2025-09-22 16:00:00,2025-09-22 16:22:00,Completed,70473
6850,1572,5327,6,,2025-09-22 15:02:00,2025-09-22 16:32:00,2025-09-22 15:52:00,Completed,119000
6851,5115,5292,7,,2025-09-23 08:09:00,2025-09-23 09:24:00,2025-09-23 08:48:00,Completed,176726
6852,4112,5300,3,,2025-09-23 08:34:00,2025-09-23 09:49:00,2025-09-23 09:08:00,Completed,210158
6853,4248,5316,7,6746,2025-09-23 08:37:00,2025-09-23 11:14:00,2025-09-23 10:35:00,Completed,108398
6854,5697,5328,6,,2025-09-23 08:56:00,2025-09-23 10:56:00,2025-09-23 09:58:00,Completed,22682
6855,5707,5340,4,,2025-09-23 09:04:00,2025-09-23 11:04:00,2025-09-23 10:14:00,Completed,88161
6856,4778,5342,6,,2025-09-23 09:10:00,2025-09-23 11:15:00,2025-09-23 10:59:00,Completed,54230
6857,5249,5330,4,,2025-09-23 09:39:00,2025-09-23 11:10:00,2025-09-23 10:31:00,Completed,44620
6858,4667,5338,2,,2025-09-23 10:05:00,2025-09-23 13:20:00,2025-09-23 12:06:00,Completed,100542
6859,5270,5329,3,,2025-09-23 10:35:00,2025-09-23 14:50:00,2025-09-25 11:38:00,Completed,253415
6860,3562,,7,,2025-09-23 10:51:00,2025-09-23 12:51:00,2025-09-23 12:28:00,Completed,85442
6861,5695,5317,7,,2025-09-23 11:39:00,2025-09-23 15:13:00,2025-09-23 13:49:00,Completed,59590
6862,5706,,4,,2025-09-23 12:24:00,2025-09-23 13:39:00,2025-09-23 13:05:00,Completed,50370
6863,5705,5339,4,,2025-09-24 07:32:00,2025-09-24 09:47:00,2025-09-24 08:49:00,Completed,84112
6864,2929,5320,6,,2025-09-24 08:00:00,2025-09-24 10:30:00,2025-09-24 08:39:00,Completed,254552
6865,3464,5344,6,,2025-09-24 08:06:00,2025-09-24 09:44:00,2025-09-24 09:19:00,Completed,106010
6866,5709,5350,3,,2025-09-24 08:21:00,2025-09-24 09:36:00,2025-09-24 08:56:00,Completed,79569
6867,5712,,4,,2025-09-24 09:02:00,2025-09-24 14:47:00,2025-09-24 13:06:00,Completed,178221
6868,5711,,1,,2025-09-24 10:11:00,2025-09-24 11:56:00,2025-09-24 11:16:00,Completed,71441
6869,5669,5277,1,,2025-09-24 11:00:00,2025-09-24 15:16:00,2025-09-24 12:46:00,Completed,92419
6870,5710,,3,,2025-09-24 11:28:00,2025-09-24 14:28:00,2025-09-24 12:37:00,Completed,81303
6871,5670,,6,6793,2025-09-24 11:50:00,2025-09-24 14:16:00,2025-09-24 13:46:00,Completed,66317
6872,2567,5310,6,,2025-09-24 12:38:00,2025-09-24 15:53:00,2025-09-24 15:09:00,Completed,135972
6873,5563,5304,7,,2025-09-24 13:33:00,2025-09-25 08:03:00,2025-09-24 17:01:00,Completed,177786
6874,5571,5286,7,,2025-09-24 14:09:00,2025-09-25 08:55:00,2025-09-25 08:14:00,Completed,88942
6875,77,5289,1,,2025-09-24 14:32:00,2025-09-25 08:47:00,2025-09-25 07:36:00,Completed,282298
6876,5542,5356,6,,2025-09-25 07:39:00,2025-09-25 14:01:00,2025-09-25 10:19:00,Completed,178716
6877,4665,5097,4,,2025-09-25 07:39:00,2025-09-25 09:54:00,2025-09-25 09:06:00,Completed,107289
6878,3796,5343,7,6660,2025-09-25 08:02:00,2025-09-25 10:50:00,2025-09-25 08:55:00,Completed,151031
6879,2355,5360,6,,2025-09-25 08:04:00,2025-09-25 10:37:00,2025-09-25 10:57:00,Completed,50268
6880,5718,,7,,2025-09-25 08:33:00,2025-09-25 11:30:00,2025-09-25 09:50:00,Completed,85566
6881,5652,5264,7,,2025-09-25 08:34:00,2025-09-25 12:22:00,2025-09-25 12:23:00,Completed,24229
6882,902,5359,2,,2025-09-25 09:09:00,2025-09-25 11:01:00,2025-09-25 10:15:00,Completed,140334
6883,4233,,4,,2025-09-25 09:14:00,2025-09-25 12:44:00,2025-09-25 10:41:00,Completed,51014
6884,5717,,6,,2025-09-25 09:28:00,2025-09-25 13:27:00,2025-09-25 12:17:00,Completed,96405
6885,5401,5318,7,,2025-09-25 09:37:00,2025-09-25 13:40:00,2025-09-25 12:43:00,Completed,171735
6886,4079,5321,7,,2025-09-25 10:04:00,2025-09-25 13:29:00,2025-09-25 14:03:00,Completed,94514
6887,5715,,6,,2025-09-25 10:28:00,2025-09-25 13:49:00,2025-09-25 13:19:00,Completed,193667
6888,5714,,6,,2025-09-25 13:11:00,2025-09-25 17:30:00,2025-09-25 14:54:00,Completed,236809
6889,5533,5116,6,,2025-09-25 14:09:00,2025-09-25 15:56:00,2025-09-25 15:30:00,Completed,191219
6890,4837,,2,,2025-09-25 14:11:00,2025-09-26 09:18:00,2025-09-26 08:17:00,Completed,135983
6891,4375,5345,4,,2025-09-25 15:08:00,2025-09-26 10:53:00,2025-09-25 17:23:00,Completed,84277
6892,4941,5282,6,,2025-09-26 07:33:00,2025-09-26 08:48:00,2025-09-26 08:19:00,Completed,55127
6893,4950,5363,7,,2025-09-26 07:35:00,2025-09-26 08:50:00,2025-09-26 08:15:00,Completed,58576
6894,1952,5358,4,,2025-09-26 08:00:00,2025-09-26 09:15:00,2025-09-26 08:43:00,Completed,73766
6895,5103,5368,3,,2025-09-26 08:09:00,2025-09-26 12:24:00,2025-09-26 09:58:00,Completed,69108
6896,5725,5361,7,,2025-09-26 08:30:00,2025-09-26 11:45:00,2025-09-26 09:58:00,Completed,73370
6897,5126,5353,4,,2025-09-26 08:32:00,2025-09-26 13:32:00,2025-09-26 11:00:00,Completed,4587
6898,3946,5311,4,,2025-09-26 09:31:00,2025-09-26 11:28:00,2025-09-26 11:12:00,Completed,93445
6899,689,5367,6,,2025-09-26 10:04:00,2025-09-26 12:34:00,2025-09-26 11:28:00,Completed,95826
6900,5279,,1,6774,2025-09-26 10:26:00,2025-09-26 13:59:00,2025-09-26 11:49:00,Completed,193909
6901,4643,5274,1,,2025-09-26 11:00:00,2025-09-26 12:47:00,2025-09-26 12:27:00,Completed,162333
6902,5164,5290,2,,2025-09-26 11:00:00,2025-09-29 12:34:00,2025-09-29 11:19:00,Completed,31989
6903,5724,5362,6,,2025-09-26 12:01:00,2025-09-26 14:38:00,2025-09-26 14:05:00,Completed,28249
6904,5698,5323,6,,2025-09-26 12:36:00,2025-09-26 14:33:00,2025-09-26 14:35:00,Completed,31490
6905,4924,,6,,2025-09-26 14:14:00,2025-09-26 15:30:00,2025-09-26 15:04:00,Completed,88205
6906,2741,,7,,2025-09-26 15:30:00,2025-09-26 17:30:00,2025-09-26 16:40:00,Completed,82210
6907,5617,5364,3,6699,2025-09-27 08:32:00,2025-09-27 11:09:00,2025-09-27 09:20:00,Completed,111510
6908,3898,5374,6,,2025-09-27 09:08:00,2025-09-27 12:53:00,2025-09-27 12:12:00,Completed,156066
6909,4944,,6,,2025-09-27 10:06:00,2025-09-27 14:00:00,2025-09-27 12:00:00,Completed,17389
6910,4314,5337,6,,2025-09-27 10:31:00,2025-09-27 13:07:00,2025-09-27 13:07:00,Completed,185582
6911,5184,,7,,2025-09-27 10:41:00,2025-09-27 11:56:00,2025-09-27 11:12:00,Completed,279920
6912,2939,5309,6,,2025-09-29 07:31:00,2025-09-29 09:31:00,2025-09-29 09:17:00,Completed,233891
6913,4948,5270,7,,2025-09-29 07:37:00,2025-09-29 09:52:00,2025-09-29 09:55:00,Completed,75026
6914,1584,5379,6,,2025-09-29 08:02:00,2025-09-29 12:03:00,2025-09-29 10:24:00,Completed,67381
6915,4961,,4,,2025-09-29 08:51:00,2025-09-29 12:06:00,2025-09-29 13:05:00,Completed,130349
6916,3810,,4,,2025-09-29 09:00:00,2025-09-29 11:10:00,2025-09-29 11:04:00,Completed,22745
6917,681,5221,1,,2025-09-29 09:35:00,2025-09-29 10:50:00,2025-09-29 10:09:00,Completed,86051
6918,5367,,1,,2025-09-29 09:45:00,2025-09-29 14:21:00,2025-09-29 15:34:00,Completed,64814
6919,5583,5325,3,,2025-09-29 10:31:00,2025-10-01 13:50:00,2025-10-01 13:52:00,Completed,49235
6920,5704,5376,7,,2025-09-29 10:37:00,2025-09-29 13:07:00,2025-09-29 13:02:00,Completed,107445
6921,4656,5348,2,,2025-09-29 11:01:00,2025-09-29 15:46:00,2025-09-29 15:35:00,Completed,166440
6922,4919,5336,7,,2025-09-29 11:37:00,2025-09-29 13:07:00,2025-09-29 12:33:00,Completed,25205
6923,1501,,4,,2025-09-29 11:42:00,2025-09-30 08:12:00,2025-09-29 15:37:00,Completed,148023
6924,4085,,6,,2025-09-29 12:09:00,2025-09-29 15:24:00,2025-09-29 13:41:00,Completed,43591
6925,1150,5386,7,,2025-09-30 08:02:00,2025-09-30 09:32:00,2025-09-30 09:13:00,Completed,178677
6926,5360,5341,1,,2025-09-30 08:08:00,2025-10-01 07:38:00,2025-10-06 14:10:00,Completed,169368
6927,5752,5396,1,,2025-09-30 08:30:00,2025-10-02 15:35:00,2025-10-02 09:46:00,Completed,33954
6928,5396,,3,,2025-09-30 08:42:00,2025-09-30 09:57:00,2025-09-30 09:10:00,Completed,102897
6929,5734,5370,6,,2025-09-30 09:09:00,2025-09-30 12:24:00,2025-09-30 12:01:00,Completed,82927
6930,5473,5381,4,,2025-09-30 09:30:00,2025-09-30 14:07:00,2025-09-30 12:55:00,Completed,117950
6931,5730,5365,7,,2025-09-30 10:04:00,2025-09-30 13:04:00,2025-09-30 11:18:00,Completed,39511
6932,5751,,6,,2025-09-30 10:07:00,2025-09-30 15:43:00,2025-09-30 14:28:00,Completed,261760
6933,5648,5259,7,,2025-09-30 11:36:00,2025-09-30 12:51:00,2025-09-30 12:18:00,Completed,102885
6934,5753,,1,,2025-09-30 11:54:00,2025-09-30 16:22:00,2025-09-30 14:46:00,Completed,88748
6935,5713,5355,2,,2025-09-30 12:01:00,2025-10-01 13:28:00,2025-10-01 10:42:00,Completed,73486
6936,5746,,3,,2025-09-30 12:10:00,2025-10-01 12:23:00,2025-10-01 10:21:00,Completed,167244
6937,5748,,7,,2025-09-30 13:51:00,2025-09-30 15:21:00,2025-09-30 15:04:00,Completed,117561
6938,5737,5378,6,,2025-09-30 15:07:00,2025-10-01 07:44:00,2025-09-30 17:05:00,Completed,64504
6939,4635,5377,7,,2025-10-01 08:04:00,2025-10-01 10:19:00,2025-10-01 09:42:00,Completed,76189
6940,3112,5352,2,,2025-10-01 08:07:00,2025-10-01 12:22:00,2025-10-01 09:57:00,Completed,75929
6941,5764,,7,,2025-10-01 08:25:00,2025-10-01 10:23:00,2025-10-01 10:30:00,Completed,131197
6942,5766,,2,,2025-10-01 08:54:00,2025-10-03 12:56:00,2025-10-04 12:41:00,Completed,43418
6943,5685,5297,7,,2025-10-01 09:07:00,2025-10-01 13:03:00,2025-10-01 11:43:00,Completed,148230
6944,2512,5389,6,,2025-10-01 09:09:00,2025-10-01 10:24:00,2025-10-01 09:40:00,Completed,135960
6945,1211,,4,,2025-10-01 09:18:00,2025-10-01 13:33:00,2025-10-03 11:08:00,Completed,162619
6946,5762,,7,,2025-10-01 09:23:00,2025-10-01 11:56:00,2025-10-01 12:11:00,Completed,187463
6947,5757,5397,6,,2025-10-01 09:26:00,2025-10-01 10:35:00,2025-10-01 10:13:00,Completed,80077
6948,5739,5385,3,,2025-10-01 09:32:00,2025-10-01 16:02:00,2025-10-01 13:11:00,Completed,105470
6949,5765,,7,,2025-10-01 09:33:00,2025-10-01 12:33:00,2025-10-01 13:16:00,Completed,47507
6950,5535,5402,6,,2025-10-01 09:44:00,2025-10-01 12:06:00,2025-10-01 11:34:00,Completed,283482
6951,5344,5382,3,,2025-10-01 12:00:00,2025-10-01 13:52:00,2025-10-01 13:32:00,Completed,51038
6952,5128,,7,,2025-10-01 12:54:00,2025-10-01 14:54:00,2025-10-01 14:22:00,Completed,125095
6953,2760,,2,,2025-10-01 13:23:00,2025-10-01 16:23:00,2025-10-01 15:07:00,Completed,68789
6954,4492,5399,3,,2025-10-01 14:00:00,2025-10-01 16:00:00,2025-10-01 15:12:00,Completed,36858
6955,2521,5347,3,,2025-10-02 07:37:00,2025-10-02 08:44:00,2025-10-02 08:17:00,Completed,144153
6956,5771,,3,,2025-10-02 08:57:00,2025-10-02 11:27:00,2025-10-02 09:39:00,Completed,42257
6957,2864,5416,3,,2025-10-02 09:31:00,2025-10-02 14:19:00,2025-10-02 12:48:00,Completed,36353
6958,5772,,4,,2025-10-02 10:11:00,2025-10-02 13:11:00,2025-10-02 14:20:00,Completed,71107
6959,4845,5410,3,,2025-10-02 10:31:00,2025-10-02 14:35:00,2025-10-02 17:27:00,Completed,227965
6960,4830,,2,,2025-10-02 11:00:00,2025-10-02 14:30:00,2025-10-02 14:59:00,Completed,99765
6961,3852,5162,7,,2025-10-02 11:02:00,2025-10-02 15:32:00,2025-10-02 15:01:00,Completed,81077
6962,4050,5415,6,,2025-10-02 11:02:00,2025-10-02 13:02:00,2025-10-02 12:36:00,Completed,75076
6963,5767,5405,3,,2025-10-02 11:36:00,2025-10-02 14:45:00,2025-10-02 14:33:00,Completed,125837
6964,5042,5408,6,,2025-10-02 13:06:00,2025-10-02 16:13:00,2025-10-02 15:50:00,Completed,68932
6965,5277,5400,6,,2025-10-02 13:37:00,2025-10-03 08:11:00,2025-10-03 08:26:00,Completed,77094
6966,544,5369,3,,2025-10-03 08:01:00,2025-10-03 10:16:00,2025-10-03 09:19:00,Completed,208053
6967,3918,5411,2,,2025-10-03 09:01:00,2025-10-03 10:16:00,2025-10-03 09:23:00,Completed,106801
6968,4947,5375,3,,2025-10-03 09:09:00,2025-10-03 13:24:00,2025-10-03 14:39:00,Completed,96490
6969,5768,5403,6,,2025-10-03 09:37:00,2025-10-03 11:37:00,2025-10-03 10:32:00,Completed,79499
6970,4117,,7,6748,2025-10-03 09:51:00,2025-10-03 12:39:00,2025-10-03 10:35:00,Completed,107784
6971,5688,5319,6,,2025-10-03 10:08:00,2025-10-03 11:31:00,2025-10-03 11:11:00,Completed,89110
6972,2253,5395,2,,2025-10-03 10:38:00,2025-10-04 09:15:00,2025-10-04 09:30:00,Completed,188211
6973,2179,5423,3,,2025-10-03 11:01:00,2025-10-03 12:55:00,2025-10-03 12:14:00,Completed,177086
6974,3656,,4,,2025-10-03 11:30:00,2025-10-03 13:00:00,2025-10-03 12:30:00,Completed,232670
6975,4923,5393,6,,2025-10-03 13:06:00,2025-10-03 14:21:00,2025-10-03 13:48:00,Completed,61072
6976,5386,5409,6,,2025-10-03 14:08:00,2025-10-03 15:53:00,2025-10-03 15:01:00,Completed,99175
6977,5668,5421,6,,2025-10-03 14:31:00,2025-10-04 08:46:00,2025-10-03 16:21:00,Completed,157932
6978,4680,5401,3,6821,2025-10-03 15:02:00,2025-10-03 17:30:00,2025-10-03 16:03:00,Completed,53625
6979,5186,5418,7,,2025-10-04 08:01:00,2025-10-04 10:31:00,2025-10-04 09:55:00,Completed,196618
6980,1587,5372,6,,2025-10-04 08:38:00,2025-10-04 12:53:00,2025-10-04 11:15:00,Completed,137204
6981,5526,5412,4,,2025-10-04 08:39:00,2025-10-06 08:01:00,2025-10-04 13:20:00,Completed,89498
6982,5314,,4,,2025-10-04 09:27:00,2025-10-04 12:53:00,2025-10-04 13:03:00,Completed,99631
6983,4285,,3,,2025-10-04 10:03:00,2025-10-04 11:18:00,2025-10-04 10:32:00,Completed,75051
6984,4979,,6,,2025-10-04 10:35:00,2025-10-04 12:23:00,2025-10-04 11:51:00,Completed,35154
6985,4500,5263,3,,2025-10-04 10:36:00,2025-10-04 12:06:00,2025-10-04 11:34:00,Completed,258492
6986,467,5427,7,,2025-10-04 10:38:00,2025-10-06 09:26:00,2025-10-06 09:21:00,Completed,127886
6987,5664,,6,,2025-10-04 10:59:00,2025-10-06 07:37:00,2025-10-04 13:55:00,Completed,91022
6988,1497,,7,,2025-10-04 11:32:00,2025-10-06 08:53:00,2025-10-06 09:09:00,Completed,181975
6989,3403,5357,6,,2025-10-06 07:30:00,2025-10-06 09:00:00,2025-10-06 08:12:00,Completed,87596
6990,5391,5390,4,,2025-10-06 07:39:00,2025-10-06 10:09:00,2025-10-06 08:21:00,Completed,98555
6991,2558,5439,4,,2025-10-06 07:58:00,2025-10-06 10:16:00,2025-10-06 09:30:00,Completed,71516
6992,2194,5387,1,,2025-10-06 08:01:00,2025-10-06 09:16:00,2025-10-06 08:27:00,Completed,33347
6993,5624,5448,6,,2025-10-06 08:05:00,2025-10-06 10:43:00,2025-10-06 10:44:00,Completed,54309
6994,5218,,1,,2025-10-06 08:52:00,2025-10-08 13:22:00,2025-10-08 11:04:00,Completed,159454
6995,3806,5443,4,,2025-10-06 09:03:00,2025-10-07 15:09:00,2025-10-07 13:22:00,Completed,93344
6996,3544,,3,,2025-10-06 09:14:00,2025-10-06 10:29:00,2025-10-06 09:54:00,Completed,119342
6997,1480,5445,7,,2025-10-06 09:37:00,2025-10-06 12:52:00,2025-10-06 13:45:00,Completed,241402
6998,3904,5407,6,,2025-10-06 10:02:00,2025-10-06 11:48:00,2025-10-06 11:25:00,Completed,96468
6999,5264,5446,3,,2025-10-06 10:08:00,2025-10-06 11:23:00,2025-10-06 10:38:00,Completed,118928
7000,5794,5447,7,,2025-10-06 10:17:00,2025-10-06 15:04:00,2025-10-06 16:48:00,Completed,24659
7001,273,5437,7,,2025-10-06 10:35:00,2025-10-06 17:30:00,2025-10-06 17:12:00,Completed,187430
7002,3274,,3,,2025-10-06 10:40:00,2025-10-06 12:58:00,2025-10-06 12:01:00,Completed,99897
7003,3709,5404,3,,2025-10-06 11:37:00,2025-10-06 14:38:00,2025-10-06 15:20:00,Completed,103138
7004,4560,5354,7,,2025-10-06 12:06:00,2025-10-06 16:14:00,2025-10-07 07:45:00,Completed,277285
7005,4792,5424,3,,2025-10-06 13:08:00,2025-10-06 16:38:00,2025-10-06 14:28:00,Completed,72705
7006,4991,,7,,2025-10-06 13:14:00,2025-10-07 07:46:00,2025-10-07 09:16:00,Completed,65111
7007,5743,5392,4,,2025-10-06 14:04:00,2025-10-13 11:00:00,2025-10-14 07:50:00,Completed,81824
7008,4246,5366,6,,2025-10-06 14:31:00,2025-10-06 17:30:00,2025-10-07 09:11:00,Completed,142049
7009,5166,5444,1,,2025-10-06 14:34:00,2025-10-08 11:09:00,2025-10-08 07:52:00,Completed,108229
7010,4449,5435,6,,2025-10-06 15:03:00,2025-10-07 07:40:00,2025-10-06 17:04:00,Completed,34555
7011,4345,5394,3,,2025-10-06 15:06:00,2025-10-07 11:28:00,2025-10-07 10:06:00,Completed,39678
7012,5673,5419,7,,2025-10-07 07:31:00,2025-10-07 09:56:00,2025-10-07 10:11:00,Completed,10701
7013,4789,5455,7,,2025-10-07 07:35:00,2025-10-07 10:38:00,2025-10-07 11:06:00,Completed,119650
7014,5776,5426,2,,2025-10-07 08:03:00,2025-10-07 09:18:00,2025-10-07 08:41:00,Completed,140644
7015,4271,5442,3,,2025-10-07 08:04:00,2025-10-07 13:26:00,2025-10-07 11:27:00,Completed,91755
7016,2864,,3,6957,2025-10-07 08:18:00,2025-10-07 13:15:00,2025-10-07 13:41:00,Completed,36508
7017,5798,,7,,2025-10-07 08:39:00,2025-10-07 11:13:00,2025-10-07 11:40:00,Completed,58018
7018,5797,,1,,2025-10-07 09:09:00,2025-10-08 12:34:00,2025-10-08 09:16:00,Completed,58380
7019,5800,,3,,2025-10-07 09:49:00,2025-10-07 14:43:00,2025-10-07 16:27:00,Completed,147100
7020,5799,,2,,2025-10-07 10:05:00,2025-10-07 11:35:00,2025-10-07 10:55:00,Completed,86848
7021,2502,,7,,2025-10-07 10:07:00,2025-10-07 14:12:00,2025-10-07 12:50:00,Completed,94546
7022,3896,,3,,2025-10-07 10:20:00,2025-10-07 15:53:00,2025-10-07 14:45:00,Completed,158103
7023,5337,5417,7,,2025-10-07 10:31:00,2025-10-09 12:52:00,2025-10-09 14:08:00,Completed,54545
7024,5801,5457,1,,2025-10-07 10:32:00,2025-10-07 13:47:00,2025-10-07 11:35:00,Completed,72967
7025,5796,5459,4,,2025-10-07 11:00:00,2025-10-07 15:15:00,2025-10-07 12:27:00,Completed,113195
7026,5769,5414,7,,2025-10-07 12:00:00,2025-10-07 15:36:00,2025-10-07 16:40:00,Completed,44995
7027,5200,5436,1,6825,2025-10-07 13:33:00,2025-10-08 07:36:00,2025-10-07 15:35:00,Completed,154252
7028,172,5413,2,,2025-10-07 13:33:00,2025-10-08 16:10:00,2025-10-13 14:13:00,Completed,249586
7029,4081,5213,4,,2025-10-07 14:02:00,2025-10-07 15:35:00,2025-10-07 14:58:00,Completed,49184
7030,75,,3,,2025-10-08 08:32:00,2025-10-08 12:47:00,2025-10-08 10:21:00,Completed,239342
7031,5628,5247,4,,2025-10-08 09:36:00,2025-10-08 14:54:00,2025-10-08 12:25:00,Completed,243682
7032,5810,,2,,2025-10-08 09:45:00,2025-10-08 14:05:00,2025-10-08 13:23:00,Completed,14326
7033,5704,,7,6920,2025-10-08 10:37:00,2025-10-08 12:55:00,2025-10-08 12:20:00,Completed,107766
7034,5802,5458,4,,2025-10-08 11:06:00,2025-10-08 15:06:00,2025-10-08 13:16:00,Completed,30616
7035,5808,,4,,2025-10-08 11:09:00,2025-10-08 13:37:00,2025-10-08 13:38:00,Completed,170084
7036,4869,,7,,2025-10-08 11:36:00,2025-10-08 13:28:00,2025-10-08 13:07:00,Completed,17849
7037,524,,7,,2025-10-08 13:04:00,2025-10-08 14:19:00,2025-10-08 13:54:00,Completed,173113
7038,5790,5441,2,,2025-10-08 13:38:00,2025-10-10 08:08:00,2025-10-14 15:59:00,Completed,77221
7039,5806,5469,3,,2025-10-08 15:00:00,2025-10-08 16:22:00,2025-10-08 15:39:00,Completed,89737
7040,5803,5456,3,,2025-10-08 15:05:00,2025-10-09 09:35:00,2025-10-09 09:51:00,Completed,35790
7041,5354,5460,2,,2025-10-09 08:00:00,2025-10-09 14:53:00,2025-10-11 13:31:00,Completed,112958
7042,5791,5432,6,,2025-10-09 08:02:00,2025-10-09 10:32:00,2025-10-09 11:19:00,Completed,30567
7043,5078,5391,4,,2025-10-09 08:38:00,2025-10-09 12:08:00,2025-10-09 09:59:00,Completed,77169
7044,2514,5466,4,,2025-10-09 09:32:00,2025-10-09 12:52:00,2025-10-09 13:48:00,Completed,74430
7045,5735,5373,7,,2025-10-09 09:37:00,2025-10-09 12:33:00,2025-10-09 12:22:00,Completed,90177
7046,5818,,6,,2025-10-09 10:01:00,2025-10-09 11:16:00,2025-10-09 10:40:00,Completed,89131
7047,5295,5477,7,,2025-10-09 10:04:00,2025-10-09 12:21:00,2025-10-09 12:36:00,Completed,120844
7048,5819,,6,,2025-10-09 10:12:00,2025-10-09 11:40:00,2025-10-09 11:19:00,Completed,42227
7049,4779,,7,,2025-10-09 10:12:00,2025-10-09 13:48:00,2025-10-09 14:12:00,Completed,32386
7050,4905,5449,2,,2025-10-09 10:36:00,2025-10-11 10:50:00,2025-10-10 15:47:00,Completed,204917
7051,5820,,7,,2025-10-09 10:43:00,2025-10-09 14:53:00,2025-10-09 15:37:00,Completed,42399
7052,5477,5428,3,,2025-10-09 11:06:00,2025-10-09 17:30:00,2025-10-09 15:18:00,Completed,65965
7053,5816,,2,,2025-10-09 11:16:00,2025-10-14 16:00:00,2025-10-15 13:18:00,Completed,81678
7054,5817,,4,,2025-10-09 12:00:00,2025-10-09 13:37:00,2025-10-09 12:54:00,Completed,126688
7055,5780,5431,6,,2025-10-09 12:36:00,2025-10-09 13:51:00,2025-10-09 13:26:00,Completed,65862
7056,5784,5429,6,,2025-10-09 13:34:00,2025-10-09 14:49:00,2025-10-09 14:10:00,Completed,67070
7057,3517,5450,3,,2025-10-10 07:34:00,2025-10-10 08:49:00,2025-10-10 08:06:00,Completed,107990
7058,4947,5475,7,6968,2025-10-10 08:38:00,2025-10-10 11:49:00,2025-10-10 09:48:00,Completed,96765
7059,3936,,3,,2025-10-10 09:24:00,2025-10-10 10:39:00,2025-10-10 09:50:00,Completed,297395
7060,5178,,6,,2025-10-10 09:42:00,2025-10-10 12:57:00,2025-10-10 14:37:00,Completed,139467
7061,5398,,6,,2025-10-10 09:48:00,2025-10-10 12:09:00,2025-10-10 12:08:00,Completed,92588
7062,5812,5474,3,,2025-10-10 10:33:00,2025-10-10 15:03:00,2025-10-11 11:48:00,Completed,114525
7063,5772,,4,6958,2025-10-10 11:23:00,2025-10-10 13:41:00,2025-10-10 15:19:00,Completed,71343
7064,5652,,7,6881,2025-10-10 13:22:00,2025-10-10 15:55:00,2025-10-10 13:53:00,Completed,24651
7065,5795,5451,3,,2025-10-10 13:39:00,2025-10-10 16:09:00,2025-10-10 15:03:00,Completed,132233
7066,5199,5471,4,,2025-10-10 15:00:00,2025-10-11 08:30:00,2025-10-10 16:01:00,Completed,105052
7067,5453,5293,4,,2025-10-11 08:00:00,2025-10-11 14:00:00,2025-10-13 08:49:00,Completed,122513
7068,4944,5434,4,,2025-10-11 08:01:00,2025-10-11 13:10:00,2025-10-11 12:12:00,Completed,17913
7069,5739,5468,4,,2025-10-11 10:06:00,2025-10-13 09:31:00,2025-10-13 10:25:00,Completed,106171
7070,1572,5452,3,,2025-10-11 10:32:00,2025-10-13 08:32:00,2025-10-13 09:18:00,Completed,120414
7071,4556,,2,,2025-10-11 11:01:00,2025-10-11 12:16:00,2025-10-11 11:46:00,Completed,177744
7072,4480,5486,1,,2025-10-11 11:09:00,2025-10-13 09:09:00,2025-10-11 13:29:00,Completed,85784
7073,3784,5480,7,,2025-10-11 11:34:00,2025-10-11 12:49:00,2025-10-11 12:30:00,Completed,75809
7074,4809,5501,7,,2025-10-13 08:04:00,2025-10-13 09:34:00,2025-10-13 08:59:00,Completed,90740
7075,5232,5482,2,,2025-10-13 08:35:00,2025-10-13 15:42:00,2025-10-13 13:09:00,Completed,84842
7076,2841,5470,4,,2025-10-13 08:38:00,2025-10-13 11:08:00,2025-10-13 10:03:00,Completed,44016
7077,545,5488,7,,2025-10-13 08:52:00,2025-10-13 10:07:00,2025-10-13 09:33:00,Completed,155145
7078,2631,5491,3,,2025-10-13 09:08:00,2025-10-13 12:41:00,2025-10-13 13:36:00,Completed,92248
7079,5830,,6,,2025-10-13 09:38:00,2025-10-13 14:56:00,2025-10-13 12:51:00,Completed,92588
7080,5775,5506,7,,2025-10-13 10:05:00,2025-10-14 08:57:00,2025-10-14 11:06:00,Completed,71816
7081,5833,,6,,2025-10-13 10:25:00,2025-10-13 12:57:00,2025-10-13 13:23:00,Completed,222202
7082,3893,5493,1,,2025-10-13 10:30:00,2025-10-15 14:20:00,2025-10-15 11:04:00,Completed,95228
7083,4944,5505,1,6909,2025-10-13 11:00:00,2025-10-13 13:30:00,2025-10-20 13:00:00,Completed,17988
7084,2684,,7,,2025-10-13 11:24:00,2025-10-14 08:50:00,2025-10-18 11:14:00,Completed,130858
7085,5829,,7,,2025-10-13 12:08:00,2025-10-14 09:14:00,2025-10-14 13:00:00,Completed,73767
7086,5693,,1,,2025-10-13 15:00:00,2025-10-15 14:20:00,2025-10-15 10:53:00,Completed,111568
7087,5316,5503,6,,2025-10-13 15:05:00,2025-10-14 07:46:00,2025-10-13 17:10:00,Completed,101958
7088,5513,5483,3,,2025-10-14 07:33:00,2025-10-14 08:48:00,2025-10-14 08:13:00,Completed,64994
7089,1150,5504,4,,2025-10-14 08:02:00,2025-10-14 14:24:00,2025-10-14 13:38:00,Completed,179292
7090,5836,5513,1,,2025-10-14 08:02:00,2025-10-15 12:42:00,2025-10-16 13:10:00,Completed,122732
7091,4376,5495,7,,2025-10-14 09:02:00,2025-10-14 13:26:00,2025-10-14 15:23:00,Completed,113269
7092,5839,,2,,2025-10-14 09:06:00,2025-10-14 12:39:00,2025-10-14 10:38:00,Completed,83153
7093,4242,5440,3,,2025-10-14 09:36:00,2025-10-14 10:58:00,2025-10-14 10:09:00,Completed,89423
7094,5805,5462,2,,2025-10-14 09:38:00,2025-10-14 11:20:00,2025-10-14 11:10:00,Completed,31659
7095,5837,,4,,2025-10-14 10:13:00,2025-10-14 11:53:00,2025-10-14 11:40:00,Completed,97621
7096,4110,5465,7,,2025-10-14 10:37:00,2025-10-14 12:41:00,2025-10-14 12:45:00,Completed,106419
7097,5804,5463,6,,2025-10-14 11:08:00,2025-10-14 12:30:00,2025-10-14 12:03:00,Completed,79409
7098,4316,5479,6,,2025-10-14 11:36:00,2025-10-14 12:54:00,2025-10-14 12:15:00,Completed,88042
7099,5564,,6,,2025-10-14 12:47:00,2025-10-14 14:02:00,2025-10-14 13:27:00,Completed,130552
7100,2108,5464,7,,2025-10-14 13:04:00,2025-10-14 14:19:00,2025-10-14 13:49:00,Completed,43587
7101,5292,5502,4,,2025-10-14 13:09:00,2025-10-14 14:46:00,2025-10-14 14:04:00,Completed,102794
7102,4308,5498,3,,2025-10-14 13:36:00,2025-10-15 08:06:00,2025-10-14 15:34:00,Completed,142936
7103,5813,5467,3,,2025-10-15 07:35:00,2025-10-15 12:50:00,2025-10-15 09:57:00,Completed,50897
7104,4610,5308,2,,2025-10-15 07:35:00,2025-10-17 16:01:00,2025-10-21 16:50:00,Completed,92306
7105,4373,5518,6,,2025-10-15 09:02:00,2025-10-15 10:54:00,2025-10-15 10:18:00,Completed,119849
7106,5609,,7,,2025-10-15 09:22:00,2025-10-15 11:14:00,2025-10-15 11:00:00,Completed,38076
7107,5786,5425,1,,2025-10-15 09:32:00,2025-10-16 10:33:00,2025-10-16 09:28:00,Completed,40013
7108,3972,5509,7,,2025-10-15 10:01:00,2025-10-15 15:30:00,2025-10-15 13:41:00,Completed,95340
7109,3369,,7,,2025-10-15 10:15:00,2025-10-15 14:46:00,2025-10-15 15:26:00,Completed,221728
7110,5164,,3,,2025-10-15 10:27:00,2025-10-15 14:42:00,2025-10-15 14:58:00,Completed,32553
7111,5789,5430,1,,2025-10-15 11:00:00,2025-10-16 10:58:00,2025-10-20 12:13:00,Completed,211895
7112,5100,5315,2,,2025-10-15 11:02:00,2025-10-15 12:24:00,2025-10-15 11:34:00,Completed,132818
7113,3958,,6,,2025-10-15 11:19:00,2025-10-15 14:34:00,2025-10-15 13:39:00,Completed,65827
7114,3810,5492,6,,2025-10-15 11:23:00,2025-10-15 13:49:00,2025-10-15 14:04:00,Completed,23868
7115,5052,,7,,2025-10-15 11:32:00,2025-10-15 15:05:00,2025-10-15 15:52:00,Completed,117257
7116,1479,5490,6,,2025-10-15 12:03:00,2025-10-15 16:21:00,2025-10-15 15:42:00,Completed,235418
7117,4971,,7,,2025-10-15 12:35:00,2025-10-16 08:12:00,2025-10-16 07:40:00,Completed,96562
7118,5201,5524,6,,2025-10-15 12:38:00,2025-10-15 17:30:00,2025-10-15 16:07:00,Completed,268571
7119,4603,5519,7,,2025-10-16 08:07:00,2025-10-16 11:07:00,2025-10-16 09:17:00,Completed,109628
7120,5752,,6,,2025-10-16 08:23:00,2025-10-16 11:53:00,2025-10-16 12:47:00,Completed,34617
7121,4750,5527,6,,2025-10-16 08:31:00,2025-10-16 11:29:00,2025-10-16 11:00:00,Completed,122342
7122,3112,5529,6,,2025-10-16 09:08:00,2025-10-16 12:01:00,2025-10-16 11:55:00,Completed,76753
7123,5821,5485,1,,2025-10-16 09:09:00,2025-10-16 17:30:00,2025-10-16 12:54:00,Completed,180528
7124,5844,5528,6,,2025-10-16 09:33:00,2025-10-16 14:25:00,2025-10-17 07:40:00,Completed,173364
7125,4249,,6,,2025-10-16 10:49:00,2025-10-16 13:45:00,2025-10-16 14:22:00,Completed,30059
7126,5079,5500,7,,2025-10-16 13:09:00,2025-10-16 14:24:00,2025-10-16 14:01:00,Completed,87487
7127,5749,5478,6,,2025-10-16 13:09:00,2025-10-16 17:30:00,2025-10-16 15:33:00,Completed,261891
7128,4097,5481,7,,2025-10-16 14:06:00,2025-10-16 16:06:00,2025-10-16 15:34:00,Completed,66763
7129,4866,,6,,2025-10-16 14:26:00,2025-10-17 08:26:00,2025-10-17 08:42:00,Completed,194713
7130,4661,5522,7,,2025-10-17 07:33:00,2025-10-17 10:55:00,2025-10-17 10:30:00,Completed,66728
7131,3923,5525,3,,2025-10-17 08:06:00,2025-10-17 14:13:00,2025-10-17 14:16:00,Completed,82630
7132,3927,5531,7,,2025-10-17 09:06:00,2025-10-17 13:38:00,2025-10-17 14:04:00,Completed,134443
7133,4637,,6,,2025-10-17 09:12:00,2025-10-17 10:27:00,2025-10-17 10:03:00,Completed,129385
7134,4693,,7,,2025-10-17 09:22:00,2025-10-17 12:33:00,2025-10-17 13:26:00,Completed,100503
7135,4608,5540,4,,2025-10-17 09:34:00,2025-10-17 14:19:00,2025-10-17 12:20:00,Completed,148514
7136,5856,,3,,2025-10-17 09:50:00,2025-10-17 13:39:00,2025-10-17 12:58:00,Completed,157086
7137,5834,5508,1,,2025-10-17 12:01:00,2025-10-20 10:16:00,2025-10-18 13:32:00,Completed,138578
7138,3631,5536,2,,2025-10-17 12:07:00,2025-10-17 13:22:00,2025-10-17 12:42:00,Completed,55854
7139,4087,,6,,2025-10-17 13:09:00,2025-10-17 16:09:00,2025-10-17 15:37:00,Completed,173463
7140,5852,5535,7,,2025-10-17 13:34:00,2025-10-17 15:04:00,2025-10-17 14:28:00,Completed,62787
7141,5746,,6,,2025-10-17 14:27:00,2025-10-18 08:55:00,2025-10-17 16:51:00,Completed,168006
7142,2122,,6,,2025-10-17 15:04:00,2025-10-17 17:30:00,2025-10-17 17:11:00,Completed,133015
7143,5835,5510,7,,2025-10-18 08:05:00,2025-10-18 11:35:00,2025-10-18 09:39:00,Completed,216764
7144,2726,5548,7,,2025-10-18 09:30:00,2025-10-18 12:40:00,2025-10-18 12:18:00,Completed,40735
7145,5862,,4,,2025-10-18 09:33:00,2025-10-18 12:40:00,2025-10-18 11:52:00,Completed,166227
7146,4392,,6,,2025-10-18 10:01:00,2025-10-18 11:16:00,2025-10-18 10:46:00,Completed,202425
7147,5083,5454,7,,2025-10-18 10:05:00,2025-10-20 07:32:00,2025-10-20 07:30:00,Completed,65451
7148,5858,5541,3,,2025-10-18 10:09:00,2025-10-18 11:16:00,2025-10-18 10:47:00,Completed,34095
7149,4923,5546,3,,2025-10-18 10:20:00,2025-10-18 14:00:00,2025-10-18 11:17:00,Completed,61456
7150,5853,5538,4,,2025-10-18 10:33:00,2025-10-20 09:10:00,2025-10-20 08:39:00,Completed,270
7151,5840,5515,6,,2025-10-18 11:09:00,2025-10-20 07:54:00,2025-10-18 13:27:00,Completed,91173
7152,5859,5544,6,,2025-10-20 08:30:00,2025-10-20 09:37:00,2025-10-20 08:53:00,Completed,54285
7153,321,5539,3,,2025-10-20 08:34:00,2025-10-20 09:56:00,2025-10-20 09:20:00,Completed,236096
7154,5800,,7,7019,2025-10-20 08:36:00,2025-10-20 11:36:00,2025-10-20 09:34:00,Completed,147476
7155,5876,,4,,2025-10-20 08:59:00,2025-10-20 10:21:00,2025-10-20 09:42:00,Completed,44623
7156,2458,5521,2,,2025-10-20 09:01:00,2025-10-20 13:16:00,2025-10-20 10:48:00,Completed,75042
7157,630,,2,,2025-10-20 09:59:00,2025-10-20 11:33:00,2025-10-20 11:05:00,Completed,201944
7158,2686,5371,3,,2025-10-20 10:03:00,2025-10-20 13:33:00,2025-10-20 11:53:00,Completed,75633
7159,5724,5523,6,,2025-10-20 10:08:00,2025-10-20 13:23:00,2025-10-20 14:29:00,Completed,29921
7160,4493,5512,7,,2025-10-20 10:33:00,2025-10-20 13:48:00,2025-10-20 15:43:00,Completed,111744
7161,4741,5514,7,,2025-10-20 10:36:00,2025-10-20 13:07:00,2025-10-20 13:15:00,Completed,72543
7162,5877,,6,,2025-10-20 10:52:00,2025-10-20 15:28:00,2025-10-20 13:21:00,Completed,128907
7163,3387,5516,4,,2025-10-20 10:57:00,2025-10-20 13:34:00,2025-10-20 13:58:00,Completed,125192
7164,5088,,7,,2025-10-20 11:04:00,2025-10-20 14:26:00,2025-10-20 14:53:00,Completed,54288
7165,5875,,6,,2025-10-20 11:13:00,2025-10-20 14:50:00,2025-10-20 13:54:00,Completed,42701
7166,4896,,6,,2025-10-20 11:27:00,2025-10-20 14:08:00,2025-10-20 14:18:00,Completed,75299
7167,2691,5556,1,,2025-10-20 12:05:00,2025-10-20 13:20:00,2025-10-20 12:32:00,Completed,72935
7168,3709,,4,,2025-10-20 12:20:00,2025-10-20 13:35:00,2025-10-20 13:13:00,Completed,103616
7169,4080,5547,6,,2025-10-20 13:05:00,2025-10-20 17:30:00,2025-10-20 16:24:00,Completed,57530
7170,277,5526,3,,2025-10-20 14:31:00,2025-10-20 17:30:00,2025-10-20 16:15:00,Completed,172757
7171,467,5552,7,6986,2025-10-20 15:31:00,2025-10-21 08:31:00,2025-10-20 16:34:00,Completed,128343
7172,3853,5570,1,,2025-10-21 07:31:00,2025-10-21 11:46:00,2025-10-21 10:23:00,Completed,129119
7173,3132,5574,3,,2025-10-21 07:38:00,2025-10-22 12:08:00,2025-10-27 16:57:00,Completed,160007
7174,1174,5332,7,,2025-10-21 08:35:00,2025-10-21 09:57:00,2025-10-21 09:18:00,Completed,87116
7175,2536,5520,1,,2025-10-21 08:37:00,2025-10-21 13:57:00,2025-10-21 14:38:00,Completed,156453
7176,5888,5575,6,,2025-10-21 09:06:00,2025-10-21 10:58:00,2025-10-21 10:30:00,Completed,46061
7177,5850,5532,1,,2025-10-21 09:09:00,2025-10-21 14:34:00,2025-10-21 12:43:00,Completed,96679
7178,4902,5555,7,,2025-10-21 10:07:00,2025-10-21 12:07:00,2025-10-21 11:44:00,Completed,109760
7179,5891,,4,,2025-10-21 10:14:00,2025-10-21 14:44:00,2025-10-21 12:01:00,Completed,247428
7180,5887,,3,,2025-10-21 11:41:00,2025-10-22 10:24:00,2025-10-22 09:58:00,Completed,148668
7181,2026,5559,7,,2025-10-21 12:04:00,2025-10-21 14:34:00,2025-10-21 14:28:00,Completed,89735
7182,689,,7,,2025-10-21 12:11:00,2025-10-21 15:42:00,2025-10-21 16:20:00,Completed,96726
7183,5057,,6,,2025-10-21 13:28:00,2025-10-21 17:30:00,2025-10-21 15:19:00,Completed,156831
7184,5895,,1,,2025-10-22 08:25:00,2025-10-22 11:55:00,2025-10-22 09:31:00,Completed,90876
7185,5892,5580,6,,2025-10-22 08:36:00,2025-10-22 09:51:00,2025-10-22 09:21:00,Completed,33474
7186,4699,5579,3,,2025-10-22 08:37:00,2025-10-22 11:22:00,2025-10-22 11:06:00,Completed,38554
7187,5899,,2,,2025-10-22 08:45:00,2025-10-22 11:37:00,2025-10-22 12:34:00,Completed,161829
7188,5898,,3,,2025-10-22 09:33:00,2025-10-23 10:52:00,2025-10-23 11:34:00,Completed,36566
7189,5739,5561,6,,2025-10-22 10:01:00,2025-10-22 11:16:00,2025-10-22 10:41:00,Completed,107007
7190,3973,5573,4,,2025-10-22 11:07:00,2025-10-22 15:22:00,2025-10-22 15:06:00,Completed,106175
7191,5900,,6,,2025-10-22 12:11:00,2025-10-22 13:26:00,2025-10-22 13:02:00,Completed,172157
7192,5897,,1,,2025-10-22 12:31:00,2025-10-22 17:30:00,2025-10-22 15:24:00,Completed,105097
7193,3403,,6,,2025-10-22 13:10:00,2025-10-22 15:25:00,2025-10-22 14:43:00,Completed,87995
7194,5469,5511,4,,2025-10-22 15:07:00,2025-10-22 16:22:00,2025-10-22 15:35:00,Completed,150676
7195,3014,5507,2,,2025-10-23 08:03:00,2025-10-23 10:33:00,2025-10-23 08:35:00,Completed,119792
7196,5303,5549,7,,2025-10-23 08:09:00,2025-10-23 09:24:00,2025-10-23 09:02:00,Completed,90715
7197,5906,5590,6,,2025-10-23 08:21:00,2025-10-23 10:51:00,2025-10-23 09:07:00,Completed,42099
7198,5912,,6,,2025-10-23 09:04:00,2025-10-23 12:34:00,2025-10-23 13:10:00,Completed,92775
7199,5032,,3,,2025-10-23 09:07:00,2025-10-23 10:42:00,2025-10-23 10:10:00,Completed,80834
7200,5907,,6,,2025-10-23 09:22:00,2025-10-23 11:20:00,2025-10-23 11:06:00,Completed,105283
7201,5370,,3,,2025-10-23 09:23:00,2025-10-23 12:09:00,2025-10-23 12:37:00,Completed,11732
7202,5905,,6,,2025-10-23 09:29:00,2025-10-23 11:39:00,2025-10-23 11:45:00,Completed,150226
7203,5738,5383,4,,2025-10-23 10:05:00,2025-10-23 12:05:00,2025-10-23 11:01:00,Completed,212514
7204,5872,5564,7,,2025-10-23 10:06:00,2025-10-23 11:21:00,2025-10-23 10:41:00,Completed,71726
7205,5911,,7,,2025-10-23 10:16:00,2025-10-23 12:41:00,2025-10-23 12:13:00,Completed,3330
7206,5910,,4,,2025-10-23 11:03:00,2025-10-23 14:48:00,2025-10-23 15:34:00,Completed,130197
7207,5903,,4,,2025-10-23 12:14:00,2025-10-28 17:30:00,2025-10-29 15:08:00,Completed,145857
7208,5828,5497,6,,2025-10-23 13:04:00,2025-10-23 15:11:00,2025-10-23 14:20:00,Completed,133381
7209,5908,,4,,2025-10-23 13:10:00,2025-10-24 13:03:00,2025-10-25 12:21:00,Completed,98901
7210,5826,5494,1,,2025-10-23 13:38:00,2025-10-23 14:53:00,2025-10-23 14:04:00,Completed,232082
7211,5790,,2,7038,2025-10-23 14:13:00,2025-10-24 13:31:00,2025-10-24 14:17:00,Completed,77789
7212,3105,5591,6,,2025-10-23 15:05:00,2025-10-24 07:35:00,2025-10-23 17:08:00,Completed,96989
7213,5901,5585,7,,2025-10-23 15:09:00,2025-10-23 17:30:00,2025-10-23 16:58:00,Completed,21362
7214,5878,5567,4,,2025-10-24 07:35:00,2025-10-24 10:50:00,2025-10-24 08:40:00,Completed,76202
7215,5745,5558,4,,2025-10-24 07:36:00,2025-10-24 12:00:00,2025-10-24 11:47:00,Completed,71952
7216,15,5586,4,,2025-10-24 08:06:00,2025-10-24 10:14:00,2025-10-24 09:59:00,Completed,155049
7217,4374,5550,6,,2025-10-24 08:06:00,2025-10-24 09:21:00,2025-10-24 08:39:00,Completed,57639
7218,4616,,2,,2025-10-24 08:49:00,2025-10-24 14:19:00,2025-10-24 11:49:00,Completed,20869
7219,5218,5563,7,,2025-10-24 10:05:00,2025-10-24 11:27:00,2025-10-24 11:06:00,Completed,160067
7220,5552,,2,,2025-10-24 10:41:00,2025-10-24 15:50:00,2025-10-27 11:51:00,Completed,47942
7221,5913,5595,6,,2025-10-24 11:03:00,2025-10-24 15:18:00,2025-10-24 16:03:00,Completed,62002
7222,5914,5593,3,,2025-10-24 11:36:00,2025-10-27 12:11:00,2025-10-27 07:46:00,Completed,234315
7223,5440,5597,7,,2025-10-24 12:03:00,2025-10-24 15:18:00,2025-10-24 13:47:00,Completed,106267
7224,1992,5592,7,,2025-10-24 12:08:00,2025-10-24 14:19:00,2025-10-24 14:31:00,Completed,39684
7225,4135,5594,4,,2025-10-24 13:07:00,2025-10-27 11:43:00,2025-10-27 12:35:00,Completed,60228
7226,4347,5545,6,,2025-10-24 13:08:00,2025-10-24 16:38:00,2025-10-24 14:46:00,Completed,111956
7227,4110,5542,1,,2025-10-24 15:31:00,2025-10-25 08:16:00,2025-10-24 16:56:00,Completed,107172
7228,5893,5577,6,,2025-10-25 08:08:00,2025-10-25 10:08:00,2025-10-25 09:48:00,Completed,89055
7229,5873,5562,6,,2025-10-25 08:09:00,2025-10-25 11:36:00,2025-10-25 11:57:00,Completed,131842
7230,5917,5596,1,,2025-10-25 08:29:00,2025-10-25 09:44:00,2025-10-25 09:05:00,Completed,33106
7231,430,5553,4,,2025-10-25 08:31:00,2025-10-25 12:46:00,2025-10-25 10:24:00,Completed,404390
7232,5883,5569,6,,2025-10-25 08:33:00,2025-10-25 14:00:00,2025-10-25 12:41:00,Completed,25464
7233,5930,5602,7,,2025-10-25 09:02:00,2025-10-25 10:47:00,2025-10-25 10:05:00,Completed,39426
7234,5928,,6,,2025-10-25 09:23:00,2025-10-27 08:20:00,2025-10-27 08:20:00,Completed,68327
7235,5880,5572,2,,2025-10-25 10:03:00,2025-10-25 12:33:00,2025-10-25 10:33:00,Completed,66095
7236,4910,5601,7,,2025-10-25 10:07:00,2025-10-25 12:52:00,2025-10-25 11:09:00,Completed,144314
7237,5931,,4,,2025-10-25 10:09:00,2025-10-27 07:54:00,2025-10-25 12:15:00,Completed,233924
7238,5927,,7,,2025-10-25 10:23:00,2025-10-25 12:45:00,2025-10-25 12:27:00,Completed,17456
7239,5929,,7,,2025-10-25 10:45:00,2025-10-25 12:54:00,2025-10-25 13:11:00,Completed,188057
7240,5920,5598,1,,2025-10-25 11:01:00,2025-10-27 08:46:00,2025-10-27 10:16:00,Completed,52426
7241,5894,5576,4,,2025-10-25 11:33:00,2025-10-27 08:31:00,2025-10-25 13:52:00,Completed,72772
7242,5671,5566,2,,2025-10-27 07:35:00,2025-10-29 08:19:00,2025-10-28 14:21:00,Completed,53530
7243,5932,5606,4,,2025-10-27 07:36:00,2025-10-27 08:51:00,2025-10-27 08:11:00,Completed,88109
7244,5581,5623,6,,2025-10-27 08:03:00,2025-10-27 10:39:00,2025-10-27 10:16:00,Completed,121853
7245,5602,,6,,2025-10-27 08:52:00,2025-10-27 12:07:00,2025-10-27 11:40:00,Completed,59357
7246,5944,,6,,2025-10-27 09:25:00,2025-10-27 13:15:00,2025-10-27 13:28:00,Completed,50980
7247,2538,5584,4,,2025-10-27 10:01:00,2025-10-27 14:16:00,2025-10-27 12:24:00,Completed,106924
7248,5863,5551,6,,2025-10-27 10:03:00,2025-10-27 14:07:00,2025-10-27 14:21:00,Completed,57814
7249,5275,5588,1,,2025-10-27 10:30:00,2025-10-27 16:15:00,2025-10-27 14:09:00,Completed,181923
7250,5458,5571,4,,2025-10-27 10:39:00,2025-10-28 12:42:00,2025-10-28 12:25:00,Completed,62535
7251,5606,,2,,2025-10-27 11:14:00,2025-10-27 12:29:00,2025-10-27 11:41:00,Completed,63784
7252,5943,,6,,2025-10-27 11:41:00,2025-10-27 15:37:00,2025-10-27 16:21:00,Completed,137693
7253,4514,5604,6,,2025-10-27 12:00:00,2025-10-27 15:47:00,2025-10-27 16:56:00,Completed,91137
7254,4976,5611,6,,2025-10-27 12:38:00,2025-10-27 17:30:00,2025-10-28 08:38:00,Completed,190941
7255,4176,5621,2,,2025-10-28 07:30:00,2025-10-28 12:37:00,2025-10-28 14:16:00,Completed,56229
7256,5955,5630,4,,2025-10-28 07:38:00,2025-10-28 08:53:00,2025-10-28 08:15:00,Completed,116328
7257,5565,,4,,2025-10-28 08:32:00,2025-10-28 12:17:00,2025-10-28 10:27:00,Completed,134820
7258,4772,5578,4,,2025-10-28 09:02:00,2025-10-28 14:28:00,2025-10-28 13:02:00,Completed,51020
7259,1138,5609,1,,2025-10-28 09:08:00,2025-10-28 11:08:00,2025-10-28 10:02:00,Completed,204306
7260,5951,,6,,2025-10-28 10:05:00,2025-10-28 12:50:00,2025-10-28 10:55:00,Completed,12116
7261,4652,5568,6,,2025-10-28 11:32:00,2025-10-28 14:02:00,2025-10-28 14:35:00,Completed,30873
7262,5948,5633,2,,2025-10-28 12:34:00,2025-10-29 07:41:00,2025-10-29 09:13:00,Completed,104336
7263,5956,,1,,2025-10-28 13:18:00,2025-10-30 16:11:00,2025-10-30 13:55:00,Completed,30180
7264,5949,,4,,2025-10-28 14:27:00,2025-10-28 15:49:00,2025-10-28 15:23:00,Completed,194338
7265,5272,5530,6,,2025-10-28 14:34:00,2025-10-28 17:30:00,2025-10-28 15:23:00,Completed,106402
7266,5954,,2,,2025-10-28 15:38:00,2025-10-28 17:30:00,2025-10-28 16:13:00,Completed,196397
7267,5959,,7,,2025-10-29 07:55:00,2025-10-29 09:10:00,2025-10-29 08:36:00,Completed,117642
7268,3692,5612,7,,2025-10-29 08:03:00,2025-10-29 11:59:00,2025-10-29 10:12:00,Completed,148409
7269,5571,,4,,2025-10-29 09:27:00,2025-10-30 13:40:00,2025-10-30 11:24:00,Completed,90086
7270,5181,5605,7,,2025-10-29 09:36:00,2025-10-29 11:47:00,2025-10-29 11:11:00,Completed,33802
7271,5962,,6,,2025-10-29 09:44:00,2025-10-29 11:44:00,2025-10-29 11:16:00,Completed,15108
7272,4039,,6,,2025-10-29 10:16:00,2025-10-29 13:10:00,2025-10-29 12:57:00,Completed,88861
7273,5507,,3,,2025-10-29 10:25:00,2025-10-29 11:40:00,2025-10-29 11:04:00,Completed,73877
7274,5935,5619,2,,2025-10-29 11:00:00,2025-10-30 12:52:00,2025-10-30 11:53:00,Completed,128546
7275,2693,,1,,2025-10-29 11:24:00,2025-10-30 08:54:00,2025-10-30 08:33:00,Completed,141653
7276,4622,,3,,2025-10-29 11:50:00,2025-10-29 17:30:00,2025-10-31 13:12:00,Completed,175714
7277,5961,,6,,2025-10-29 12:21:00,2025-10-29 13:44:00,2025-10-29 13:16:00,Completed,42656
7278,4867,5636,3,,2025-10-29 13:36:00,2025-10-31 16:08:00,2025-10-31 13:03:00,Completed,108578
7279,4205,5615,6,,2025-10-29 14:07:00,2025-10-29 16:07:00,2025-10-29 15:19:00,Completed,257590
7280,442,5620,1,,2025-10-30 07:33:00,2025-10-30 11:25:00,2025-10-30 09:01:00,Completed,227023
7281,5984,5646,4,,2025-10-30 08:02:00,2025-10-30 09:17:00,2025-10-30 08:42:00,Completed,155062
7282,5964,5643,1,,2025-10-30 08:35:00,2025-10-30 12:59:00,2025-11-01 12:26:00,Completed,73220
7283,5793,5438,7,,2025-10-30 09:03:00,2025-10-30 13:18:00,2025-10-30 11:13:00,Completed,196706
7284,5975,,3,,2025-10-30 09:25:00,2025-11-01 12:34:00,2025-11-01 12:48:00,Completed,196717
7285,5963,5639,3,,2025-10-30 10:03:00,2025-10-30 13:16:00,2025-10-30 12:49:00,Completed,180132
7286,5957,5634,1,,2025-10-30 10:04:00,2025-11-03 09:02:00,2025-11-01 12:50:00,Completed,125758
7287,5895,,1,7184,2025-10-30 10:53:00,2025-10-30 13:41:00,2025-10-30 11:47:00,Completed,91216
7288,5734,5603,6,,2025-10-30 11:00:00,2025-10-30 14:30:00,2025-10-30 14:14:00,Completed,84218
7289,5982,,6,,2025-10-30 11:00:00,2025-10-30 17:30:00,2025-10-30 15:30:00,Completed,110926
7290,5823,5489,4,,2025-10-30 11:01:00,2025-10-30 13:31:00,2025-10-30 14:41:00,Completed,60488
7291,5983,,2,,2025-10-30 11:37:00,2025-10-30 13:22:00,2025-10-30 12:52:00,Completed,97839
7292,4509,5647,6,,2025-10-30 12:33:00,2025-10-31 07:36:00,2025-10-30 16:54:00,Completed,120693
7293,4933,5637,7,,2025-10-30 13:32:00,2025-10-30 15:24:00,2025-10-30 15:01:00,Completed,130965
7294,5974,,4,,2025-10-30 13:36:00,2025-10-30 16:21:00,2025-10-30 15:48:00,Completed,101578
7295,5992,5652,4,,2025-10-31 07:30:00,2025-10-31 10:07:00,2025-10-31 11:15:00,Completed,77357
7296,2112,5608,7,,2025-10-31 09:01:00,2025-10-31 13:31:00,2025-10-31 13:04:00,Completed,159671
7297,5987,5648,6,,2025-10-31 09:08:00,2025-10-31 10:23:00,2025-10-31 09:48:00,Completed,76749
7298,5998,,6,,2025-10-31 09:27:00,2025-10-31 10:54:00,2025-10-31 10:19:00,Completed,105941
7299,3766,5617,1,,2025-10-31 09:30:00,2025-11-03 16:32:00,2025-11-03 13:35:00,Completed,95887
7300,6001,,6,,2025-10-31 09:45:00,2025-10-31 11:21:00,2025-10-31 10:51:00,Completed,106033
7301,5994,,7,,2025-10-31 09:56:00,2025-10-31 13:34:00,2025-10-31 13:57:00,Completed,92902
7302,5993,5654,6,,2025-10-31 10:05:00,2025-10-31 13:19:00,2025-10-31 12:23:00,Completed,33927
7303,5939,5622,3,,2025-10-31 10:30:00,2025-10-31 11:45:00,2025-10-31 11:08:00,Completed,274441
7304,5942,5614,4,,2025-10-31 10:34:00,2025-10-31 13:26:00,2025-10-31 12:10:00,Completed,286523
7305,5990,,4,,2025-10-31 10:59:00,2025-11-03 15:06:00,2025-11-03 11:59:00,Completed,114865
7306,3098,5616,6,,2025-10-31 11:31:00,2025-10-31 14:00:00,2025-10-31 13:39:00,Completed,58327
7307,5941,5613,3,,2025-10-31 12:01:00,2025-10-31 16:16:00,2025-10-31 13:55:00,Completed,219702
7308,2560,5589,7,,2025-10-31 13:31:00,2025-10-31 15:10:00,2025-10-31 14:50:00,Completed,42852
7309,4532,5587,7,,2025-10-31 13:31:00,2025-10-31 15:46:00,2025-10-31 15:49:00,Completed,100058
7310,5864,5554,2,,2025-10-31 14:00:00,2025-10-31 15:07:00,2025-10-31 14:33:00,Completed,11104
7311,5246,5624,1,,2025-11-01 09:32:00,2025-11-01 10:47:00,2025-11-01 10:01:00,Completed,129539
7312,5982,5650,6,7289,2025-11-01 10:00:00,2025-11-01 12:48:00,2025-11-01 10:42:00,Completed,111032
7313,6003,,4,,2025-11-01 10:04:00,2025-11-01 14:00:00,2025-11-01 11:15:00,Completed,270661
7314,5012,5610,6,,2025-11-01 10:33:00,2025-11-03 09:59:00,2025-11-03 08:45:00,Completed,46044
7315,6002,,4,,2025-11-01 10:57:00,2025-11-04 13:36:00,2025-11-04 13:09:00,Completed,126071
7316,543,5655,7,,2025-11-01 11:04:00,2025-11-01 14:00:00,2025-11-01 13:13:00,Completed,153788
7317,3617,5628,4,,2025-11-01 11:08:00,2025-11-03 07:46:00,2025-11-01 13:05:00,Completed,87870
7318,5784,5638,3,,2025-11-03 07:39:00,2025-11-03 11:54:00,2025-11-03 09:49:00,Completed,68297
7319,3536,,1,,2025-11-03 08:36:00,2025-11-03 13:36:00,2025-11-03 11:00:00,Completed,70330
7320,3869,5664,7,,2025-11-03 09:07:00,2025-11-03 10:22:00,2025-11-03 09:51:00,Completed,87210
7321,3300,5668,2,,2025-11-03 09:09:00,2025-11-03 14:54:00,2025-11-03 12:49:00,Completed,132635
7322,6009,,7,,2025-11-03 09:25:00,2025-11-03 10:50:00,2025-11-03 10:38:00,Completed,19961
7323,6008,,7,,2025-11-03 10:19:00,2025-11-03 11:34:00,2025-11-03 11:08:00,Completed,95480
7324,5234,5658,3,,2025-11-03 10:30:00,2025-11-03 11:45:00,2025-11-03 11:06:00,Completed,176036
7325,4217,,1,,2025-11-03 11:13:00,2025-11-03 16:43:00,2025-11-03 15:01:00,Completed,141833
7326,4702,5461,1,,2025-11-03 12:03:00,2025-11-04 07:33:00,2025-11-03 15:19:00,Completed,213498
7327,4836,,4,,2025-11-03 12:17:00,2025-11-03 16:02:00,2025-11-03 14:46:00,Completed,80931
7328,4258,,1,,2025-11-03 12:38:00,2025-11-04 08:42:00,2025-11-04 07:58:00,Completed,264549
7329,6010,,3,,2025-11-03 13:08:00,2025-11-03 15:23:00,2025-11-03 14:52:00,Completed,183491
7330,3881,5673,4,,2025-11-03 13:39:00,2025-11-03 15:29:00,2025-11-03 15:25:00,Completed,137581
7331,5322,5484,3,,2025-11-04 07:30:00,2025-11-04 11:00:00,2025-11-04 12:34:00,Completed,76191
7332,4041,5669,4,,2025-11-04 10:33:00,2025-11-04 14:03:00,2025-11-04 15:37:00,Completed,141594
7333,4633,5635,7,,2025-11-04 11:04:00,2025-11-04 12:19:00,2025-11-04 11:43:00,Completed,122796
7334,6013,,7,,2025-11-04 11:16:00,2025-11-04 12:52:00,2025-11-04 12:18:00,Completed,65631
7335,5647,5667,4,,2025-11-04 13:07:00,2025-11-04 14:37:00,2025-11-04 13:58:00,Completed,146993
7336,4620,,7,,2025-11-04 13:24:00,2025-11-04 14:54:00,2025-11-04 14:23:00,Completed,148921
7337,5266,5645,7,,2025-11-04 14:07:00,2025-11-04 16:07:00,2025-11-04 15:20:00,Completed,68627
7338,5965,5640,7,,2025-11-04 14:08:00,2025-11-04 17:30:00,2025-11-04 17:16:00,Completed,11646
7339,5466,5659,7,,2025-11-05 07:30:00,2025-11-05 11:00:00,2025-11-05 09:23:00,Completed,67748
7340,6019,,2,,2025-11-05 07:41:00,2025-11-05 12:03:00,2025-11-05 09:18:00,Completed,85676
7341,6007,5666,4,,2025-11-05 08:07:00,2025-11-05 12:52:00,2025-11-05 10:38:00,Completed,174324
7342,6011,5670,7,,2025-11-05 08:07:00,2025-11-05 11:08:00,2025-11-05 10:34:00,Completed,176487
7343,5688,5686,7,,2025-11-05 08:20:00,2025-11-05 10:53:00,2025-11-05 11:19:00,Completed,90573
7344,5699,5625,3,,2025-11-05 08:31:00,2025-11-05 10:31:00,2025-11-05 09:32:00,Completed,174115
7345,6018,,7,,2025-11-05 09:35:00,2025-11-05 12:44:00,2025-11-05 12:43:00,Completed,55593
7346,4069,5684,7,,2025-11-05 10:06:00,2025-11-05 12:49:00,2025-11-05 13:18:00,Completed,97846
7347,5972,5641,4,,2025-11-05 11:37:00,2025-11-05 16:07:00,2025-11-05 15:32:00,Completed,138446
7348,6014,5678,7,,2025-11-05 12:07:00,2025-11-05 15:40:00,2025-11-05 14:48:00,Completed,67885
7349,6020,,3,,2025-11-05 12:46:00,2025-11-06 07:53:00,2025-11-06 08:59:00,Completed,74447
7350,5926,5600,7,,2025-11-05 15:00:00,2025-11-06 10:15:00,2025-11-06 09:05:00,Completed,49483
7351,3853,5683,1,7172,2025-11-06 08:04:00,2025-11-06 11:04:00,2025-11-06 10:40:00,Completed,129515
7352,6026,,6,,2025-11-06 08:49:00,2025-11-06 10:04:00,2025-11-06 09:25:00,Completed,29227
7353,1571,,6,,2025-11-06 11:03:00,2025-11-06 13:40:00,2025-11-06 12:55:00,Completed,185368
7354,6031,,6,,2025-11-06 11:18:00,2025-11-06 15:34:00,2025-11-06 14:14:00,Completed,74008
7355,6021,5687,4,,2025-11-06 12:02:00,2025-11-06 16:32:00,2025-11-07 08:01:00,Completed,104966
7356,6029,,4,,2025-11-06 12:31:00,2025-11-06 14:53:00,2025-11-06 14:55:00,Completed,112135
7357,2976,5689,6,,2025-11-06 12:33:00,2025-11-06 14:38:00,2025-11-06 14:32:00,Completed,64635
7358,6027,,6,,2025-11-06 13:19:00,2025-11-06 16:24:00,2025-11-06 15:01:00,Completed,44741
7359,1564,,3,,2025-11-06 13:35:00,2025-11-07 07:50:00,2025-11-06 15:20:00,Completed,177975
7360,6030,5699,4,,2025-11-06 14:02:00,2025-11-07 07:59:00,2025-11-07 08:39:00,Completed,165313
7361,5989,5651,1,,2025-11-06 15:08:00,2025-11-07 09:23:00,2025-11-10 12:51:00,Completed,55285
7362,4809,5653,4,,2025-11-06 15:37:00,2025-11-07 09:05:00,2025-11-07 09:28:00,Completed,91932
7363,5033,5618,2,,2025-11-07 07:33:00,2025-11-07 08:40:00,2025-11-07 08:06:00,Completed,196677
7364,5814,5476,4,,2025-11-07 07:37:00,2025-11-07 10:07:00,2025-11-07 08:05:00,Completed,157783
7365,437,5693,6,,2025-11-07 07:51:00,2025-11-07 09:06:00,2025-11-07 08:32:00,Completed,229582
7366,6043,,4,,2025-11-07 08:27:00,2025-11-07 10:34:00,2025-11-07 09:47:00,Completed,84810
7367,3936,,6,,2025-11-07 09:04:00,2025-11-07 12:04:00,2025-11-07 11:55:00,Completed,298099
7368,904,5662,6,,2025-11-07 11:02:00,2025-11-07 12:17:00,2025-11-07 11:36:00,Completed,154336
7369,4492,,3,,2025-11-07 11:18:00,2025-11-07 12:33:00,2025-11-07 11:43:00,Completed,37878
7370,6044,,1,,2025-11-07 12:39:00,2025-11-08 09:09:00,2025-11-08 08:43:00,Completed,114418
7371,5573,,4,,2025-11-07 13:24:00,2025-11-07 14:39:00,2025-11-07 13:51:00,Completed,223986
7372,4942,5711,3,,2025-11-07 13:35:00,2025-11-08 08:50:00,2025-11-08 08:15:00,Completed,76711
7373,6032,5703,6,,2025-11-07 14:01:00,2025-11-07 16:08:00,2025-11-07 15:13:00,Completed,104047
7374,5870,,4,,2025-11-07 14:06:00,2025-11-07 16:36:00,2025-11-08 08:06:00,Completed,146046
7375,4907,5694,7,,2025-11-08 08:01:00,2025-11-08 12:16:00,2025-11-08 10:41:00,Completed,115589
7376,4450,,4,,2025-11-08 08:50:00,2025-11-08 14:00:00,2025-11-08 10:54:00,Completed,85165
7377,2552,5626,1,,2025-11-08 09:06:00,2025-11-10 14:13:00,2025-11-14 13:37:00,Completed,60502
7378,3536,,4,7319,2025-11-08 10:29:00,2025-11-10 07:30:00,2025-11-08 12:04:00,Completed,70481
7379,5125,5657,4,,2025-11-08 11:03:00,2025-11-08 12:42:00,2025-11-08 12:26:00,Completed,127135
7380,4803,5691,6,,2025-11-08 11:06:00,2025-11-08 14:00:00,2025-11-08 12:52:00,Completed,377390
7381,3861,,7,,2025-11-08 13:11:00,2025-11-10 11:26:00,2025-11-10 09:39:00,Completed,67774
7382,5719,5672,4,,2025-11-10 07:32:00,2025-11-10 11:47:00,2025-11-10 10:08:00,Completed,36754
7383,2480,5681,4,,2025-11-10 07:36:00,2025-11-10 13:40:00,2025-11-10 14:55:00,Completed,76617
7384,6033,5698,4,,2025-11-10 07:46:00,2025-11-10 13:37:00,2025-11-10 15:01:00,Completed,218568
7385,6047,5721,6,,2025-11-10 08:09:00,2025-11-10 09:24:00,2025-11-10 08:56:00,Completed,149851
7386,5548,5690,4,,2025-11-10 08:30:00,2025-11-10 14:04:00,2025-11-10 14:49:00,Completed,128015
7387,5276,5582,7,,2025-11-10 09:06:00,2025-11-10 11:21:00,2025-11-10 11:03:00,Completed,64715
7388,5622,,3,,2025-11-10 09:17:00,2025-11-10 11:47:00,2025-11-10 13:12:00,Completed,132593
7389,2734,5665,6,,2025-11-10 09:33:00,2025-11-10 10:48:00,2025-11-10 09:54:00,Completed,59739
7390,6025,5688,6,,2025-11-10 09:34:00,2025-11-11 13:18:00,2025-11-12 12:49:00,Completed,65370
7391,6054,5734,3,,2025-11-10 09:55:00,2025-11-10 11:25:00,2025-11-10 10:39:00,Completed,69481
7392,5877,5731,7,7162,2025-11-10 10:07:00,2025-11-10 13:12:00,2025-11-10 11:27:00,Completed,129521
7393,6065,,7,,2025-11-10 10:52:00,2025-11-10 13:44:00,2025-11-10 12:08:00,Completed,102107
7394,4697,5727,6,,2025-11-10 11:38:00,2025-11-10 14:31:00,2025-11-10 13:59:00,Completed,115976
7395,5598,,3,,2025-11-10 13:03:00,2025-11-10 14:18:00,2025-11-10 13:35:00,Completed,107651
7396,5104,5675,3,,2025-11-10 13:04:00,2025-11-10 14:29:00,2025-11-10 13:45:00,Completed,115010
7397,5973,5644,4,,2025-11-10 14:30:00,2025-11-10 17:30:00,2025-11-10 15:07:00,Completed,111700
7398,4963,5719,7,,2025-11-10 15:39:00,2025-11-10 17:30:00,2025-11-10 16:16:00,Completed,55077
7399,5416,5679,6,,2025-11-11 08:08:00,2025-11-11 14:30:00,2025-11-11 15:03:00,Completed,57405
7400,6064,5730,2,,2025-11-11 08:33:00,2025-11-11 12:03:00,2025-11-11 10:45:00,Completed,82105
7401,6017,5677,3,,2025-11-11 09:01:00,2025-11-11 15:31:00,2025-11-11 13:52:00,Completed,186887
7402,4704,,4,,2025-11-11 09:12:00,2025-11-11 13:27:00,2025-11-11 12:44:00,Completed,19369
7403,6069,,4,,2025-11-11 09:43:00,2025-11-11 11:35:00,2025-11-11 11:30:00,Completed,55843
7404,5985,5715,6,,2025-11-11 10:32:00,2025-11-11 13:47:00,2025-11-11 13:22:00,Completed,67260
7405,5467,,7,,2025-11-11 11:56:00,2025-11-11 15:11:00,2025-11-11 15:17:00,Completed,181037
7406,4826,5685,7,,2025-11-11 12:01:00,2025-11-11 14:25:00,2025-11-11 14:13:00,Completed,160643
7407,6048,5726,6,,2025-11-11 12:35:00,2025-11-11 15:13:00,2025-11-11 15:11:00,Completed,88358
7408,3285,5649,2,,2025-11-11 13:32:00,2025-11-13 07:38:00,2025-11-12 14:49:00,Completed,72763
7409,5058,5729,1,,2025-11-11 14:03:00,2025-11-12 09:10:00,2025-11-12 07:41:00,Completed,88546
7410,6074,5755,3,,2025-11-12 07:33:00,2025-11-12 11:48:00,2025-11-12 09:34:00,Completed,54079
7411,5749,5709,6,,2025-11-12 07:37:00,2025-11-12 11:22:00,2025-11-12 10:29:00,Completed,263104
7412,6066,5738,7,,2025-11-12 08:03:00,2025-11-12 10:40:00,2025-11-12 10:13:00,Completed,71068
7413,4791,5695,3,,2025-11-12 08:05:00,2025-11-12 09:54:00,2025-11-12 09:46:00,Completed,167890
7414,108,5661,3,,2025-11-12 08:38:00,2025-11-12 10:18:00,2025-11-12 10:06:00,Completed,205273
7415,4806,5741,2,,2025-11-12 09:05:00,2025-11-14 09:29:00,2025-11-13 17:00:00,Completed,175221
7416,1880,5733,6,,2025-11-12 09:07:00,2025-11-12 11:01:00,2025-11-12 10:57:00,Completed,97855
7417,6075,,6,,2025-11-12 09:14:00,2025-11-12 11:17:00,2025-11-12 11:28:00,Completed,87744
7418,6079,,6,,2025-11-12 09:26:00,2025-11-12 14:41:00,2025-11-12 12:37:00,Completed,198021
7419,4370,5717,3,,2025-11-12 09:33:00,2025-11-12 11:36:00,2025-11-12 10:54:00,Completed,171720
7420,5709,,3,,2025-11-12 09:45:00,2025-11-12 12:30:00,2025-11-12 11:58:00,Completed,81725
7421,6083,,7,,2025-11-12 11:02:00,2025-11-12 14:32:00,2025-11-12 12:26:00,Completed,39315
7422,6053,5725,6,,2025-11-12 12:30:00,2025-11-12 16:45:00,2025-11-12 14:42:00,Completed,121852
7423,6073,,7,,2025-11-12 13:09:00,2025-11-12 15:01:00,2025-11-12 14:45:00,Completed,44662
7424,5405,5751,7,,2025-11-12 14:32:00,2025-11-12 15:47:00,2025-11-12 15:21:00,Completed,147352
7425,6085,5759,7,,2025-11-13 07:33:00,2025-11-13 09:03:00,2025-11-13 08:37:00,Completed,129177
7426,4098,5712,6,,2025-11-13 07:38:00,2025-11-13 08:53:00,2025-11-13 08:07:00,Completed,42527
7427,5536,,3,,2025-11-13 08:07:00,2025-11-14 11:08:00,2025-11-15 12:22:00,Completed,62322
7428,6092,5756,2,,2025-11-13 08:07:00,2025-11-13 12:22:00,2025-11-13 13:27:00,Completed,24962
7429,5218,5760,6,,2025-11-13 09:08:00,2025-11-13 12:38:00,2025-11-13 10:33:00,Completed,160769
7430,5920,,1,7240,2025-11-13 09:18:00,2025-11-13 12:06:00,2025-11-13 13:45:00,Completed,53745
7431,5767,5752,6,,2025-11-13 09:33:00,2025-11-13 11:18:00,2025-11-13 11:04:00,Completed,126785
7432,4137,5722,7,,2025-11-13 09:37:00,2025-11-13 12:07:00,2025-11-13 11:47:00,Completed,48245
7433,4930,5728,7,,2025-11-13 11:02:00,2025-11-13 12:56:00,2025-11-13 12:38:00,Completed,43758
7434,6070,5747,6,,2025-11-13 12:01:00,2025-11-13 15:46:00,2025-11-13 17:23:00,Completed,127228
7435,6036,5696,2,,2025-11-13 13:32:00,2025-11-14 13:18:00,2025-11-14 13:43:00,Completed,108800
7436,6000,5702,7,,2025-11-13 14:02:00,2025-11-13 17:30:00,2025-11-13 17:16:00,Completed,97404
7437,4628,5708,7,,2025-11-13 14:35:00,2025-11-14 10:14:00,2025-11-14 09:26:00,Completed,70186
7438,6046,5713,3,,2025-11-13 15:02:00,2025-11-14 14:10:00,2025-11-14 12:06:00,Completed,125056
7439,4945,5771,6,,2025-11-13 15:08:00,2025-11-14 08:38:00,2025-11-13 16:53:00,Completed,56787
7440,2926,5714,7,,2025-11-14 07:35:00,2025-11-14 11:04:00,2025-11-14 11:31:00,Completed,120654
7441,5271,5735,1,,2025-11-14 07:38:00,2025-11-19 15:06:00,2025-11-19 13:28:00,Completed,65279
7442,5854,5534,3,,2025-11-14 08:36:00,2025-11-14 10:36:00,2025-11-14 09:56:00,Completed,71252
7443,5485,,4,,2025-11-14 09:22:00,2025-11-14 13:52:00,2025-11-14 12:03:00,Completed,87015
7444,3958,5716,6,,2025-11-14 10:03:00,2025-11-14 13:33:00,2025-11-14 12:37:00,Completed,67708
7445,4251,5746,2,,2025-11-14 11:03:00,2025-11-14 15:18:00,2025-11-14 15:17:00,Completed,64202
7446,6100,5774,7,,2025-11-14 11:03:00,2025-11-14 12:39:00,2025-11-14 12:15:00,Completed,149801
7447,6099,,3,,2025-11-14 12:29:00,2025-11-14 17:30:00,2025-11-14 15:20:00,Completed,56276
7448,6102,5776,1,,2025-11-14 14:30:00,2025-11-17 14:56:00,2025-11-17 12:24:00,Completed,59601
7449,6012,5671,7,,2025-11-14 15:03:00,2025-11-14 16:40:00,2025-11-14 16:09:00,Completed,81328
7450,3831,5780,4,,2025-11-15 08:01:00,2025-11-15 09:31:00,2025-11-15 08:54:00,Completed,120073
7451,643,5718,1,,2025-11-15 08:03:00,2025-11-18 14:45:00,2025-11-18 14:27:00,Completed,223118
7452,5801,5769,1,,2025-11-15 08:35:00,2025-11-15 12:05:00,2025-11-15 09:58:00,Completed,74104
7453,4813,5753,6,,2025-11-15 09:04:00,2025-11-15 11:52:00,2025-11-15 10:50:00,Completed,168959
7454,5784,5743,7,,2025-11-17 07:31:00,2025-11-17 09:31:00,2025-11-17 08:53:00,Completed,69334
7455,4897,5680,6,,2025-11-17 07:39:00,2025-11-17 11:46:00,2025-11-17 09:59:00,Completed,73629
7456,3861,5775,7,,2025-11-17 07:51:00,2025-11-17 10:09:00,2025-11-17 10:10:00,Completed,68450
7457,4437,5793,7,,2025-11-17 08:00:00,2025-11-17 13:35:00,2025-11-17 13:02:00,Completed,51166
7458,4051,5787,6,,2025-11-17 08:09:00,2025-11-17 14:42:00,2025-11-17 12:57:00,Completed,46363
7459,6072,5750,4,,2025-11-17 08:35:00,2025-11-17 14:35:00,2025-11-17 13:56:00,Completed,58027
7460,4927,5761,3,,2025-11-17 09:01:00,2025-11-17 14:46:00,2025-11-17 14:46:00,Completed,166149
7461,5165,,1,,2025-11-17 09:27:00,2025-11-17 10:42:00,2025-11-17 09:51:00,Completed,132897
7462,5325,5762,4,,2025-11-17 09:34:00,2025-11-17 13:12:00,2025-11-17 13:37:00,Completed,36728
7463,4276,5737,6,,2025-11-17 09:38:00,2025-11-17 12:41:00,2025-11-17 13:15:00,Completed,69749
7464,2521,5565,3,,2025-11-17 10:08:00,2025-11-19 10:56:00,2025-11-19 07:47:00,Completed,145499
7465,5717,5754,4,,2025-11-17 10:09:00,2025-11-17 17:30:00,2025-11-17 16:13:00,Completed,97632
7466,6095,5767,4,,2025-11-17 10:23:00,2025-11-18 08:57:00,2025-11-18 08:37:00,Completed,83392
7467,4652,5786,3,7261,2025-11-17 10:36:00,2025-11-17 13:31:00,2025-11-17 12:13:00,Completed,31407
7468,4680,5768,3,,2025-11-17 10:53:00,2025-11-17 12:45:00,2025-11-17 12:39:00,Completed,55347
7469,4509,5784,1,7292,2025-11-17 11:04:00,2025-11-17 13:49:00,2025-11-17 11:55:00,Completed,121377
7470,5645,5736,6,,2025-11-17 11:05:00,2025-11-17 14:13:00,2025-11-17 14:27:00,Completed,87314
7471,5121,,7,,2025-11-17 12:12:00,2025-11-17 16:32:00,2025-11-17 15:36:00,Completed,106905
7472,6044,5779,1,7370,2025-11-17 13:07:00,2025-11-17 16:10:00,2025-11-17 14:16:00,Completed,114774
7473,4504,5795,7,,2025-11-17 13:32:00,2025-11-18 08:53:00,2025-11-18 09:24:00,Completed,67195
7474,5154,5739,3,,2025-11-17 13:36:00,2025-11-17 15:36:00,2025-11-17 14:57:00,Completed,55018
7475,4229,5783,1,,2025-11-17 14:37:00,2025-11-18 07:52:00,2025-11-17 15:41:00,Completed,37185
7476,6113,5791,3,,2025-11-17 15:00:00,2025-11-18 08:30:00,2025-11-17 16:41:00,Completed,148671
7477,3541,5697,1,,2025-11-17 15:32:00,2025-11-18 08:32:00,2025-11-17 16:54:00,Completed,122893
7478,4962,5642,7,,2025-11-18 08:09:00,2025-11-18 11:01:00,2025-11-18 10:36:00,Completed,91509
7479,6020,,3,7349,2025-11-18 08:32:00,2025-11-18 12:02:00,2025-11-18 13:25:00,Completed,74779
7480,5074,5802,7,,2025-11-18 08:38:00,2025-11-18 12:06:00,2025-11-18 12:46:00,Completed,80153
7481,4520,,7,,2025-11-18 08:51:00,2025-11-18 13:04:00,2025-11-18 13:54:00,Completed,99681
7482,6118,,6,,2025-11-18 09:17:00,2025-11-18 14:02:00,2025-11-18 14:26:00,Completed,185716
7483,6117,,4,,2025-11-18 10:27:00,2025-11-18 12:57:00,2025-11-18 11:59:00,Completed,96942
7484,6116,,7,,2025-11-18 10:56:00,2025-11-18 15:54:00,2025-11-19 08:39:00,Completed,112420
7485,5279,5764,4,,2025-11-18 11:30:00,2025-11-18 15:06:00,2025-11-18 14:15:00,Completed,195352
7486,5517,5704,6,,2025-11-18 12:32:00,2025-11-18 14:47:00,2025-11-18 14:24:00,Completed,49121
7487,1390,5801,7,,2025-11-18 12:33:00,2025-11-18 15:18:00,2025-11-18 15:44:00,Completed,83899
7488,5958,5631,7,,2025-11-19 07:39:00,2025-11-19 08:54:00,2025-11-19 08:18:00,Completed,197168
7489,6114,5800,3,,2025-11-19 08:00:00,2025-11-19 12:15:00,2025-11-19 09:46:00,Completed,90500
7490,5660,,7,,2025-11-19 08:24:00,2025-11-19 13:09:00,2025-11-19 11:37:00,Completed,125310
7491,6128,,3,,2025-11-19 08:56:00,2025-11-19 16:18:00,2025-11-19 13:46:00,Completed,125471
7492,4776,,6,,2025-11-19 10:50:00,2025-11-19 13:20:00,2025-11-19 12:42:00,Completed,123562
7493,5636,5766,7,,2025-11-19 11:07:00,2025-11-19 13:58:00,2025-11-19 13:07:00,Completed,251584
7494,4500,,6,,2025-11-19 11:43:00,2025-11-19 17:30:00,2025-11-19 16:44:00,Completed,259683
7495,6108,5781,4,,2025-11-19 13:02:00,2025-11-19 14:09:00,2025-11-19 13:41:00,Completed,129020
7496,3861,5799,7,7381,2025-11-19 13:08:00,2025-11-19 17:30:00,2025-11-19 15:09:00,Completed,68580
7497,4116,5758,6,,2025-11-19 13:36:00,2025-11-19 17:30:00,2025-11-19 16:42:00,Completed,177091
7498,6119,5811,4,,2025-11-19 13:37:00,2025-11-19 14:52:00,2025-11-19 14:26:00,Completed,53409
7499,6096,5763,2,,2025-11-19 14:01:00,2025-11-20 09:53:00,2025-11-20 07:56:00,Completed,218197
7500,6131,,6,,2025-11-20 08:00:00,2025-11-20 09:22:00,2025-11-20 08:47:00,Completed,29582
7501,5200,5581,6,,2025-11-20 08:09:00,2025-11-20 09:38:00,2025-11-20 09:20:00,Completed,155910
7502,5444,5744,4,,2025-11-20 08:33:00,2025-11-20 12:55:00,2025-11-20 11:07:00,Completed,68061
7503,152,5782,7,,2025-11-20 08:35:00,2025-11-20 10:20:00,2025-11-20 09:57:00,Completed,214015
7504,6121,5806,2,,2025-11-20 09:01:00,2025-11-20 13:31:00,2025-11-20 12:13:00,Completed,175242
7505,5860,5778,6,,2025-11-20 09:31:00,2025-11-20 13:01:00,2025-11-20 11:30:00,Completed,65320
7506,443,5805,3,,2025-11-20 09:38:00,2025-11-20 11:53:00,2025-11-20 10:52:00,Completed,176899
7507,6129,5819,4,,2025-11-20 09:51:00,2025-11-21 08:38:00,2025-11-20 15:10:00,Completed,129078
7508,6132,5821,7,,2025-11-20 10:15:00,2025-11-20 13:11:00,2025-11-20 12:54:00,Completed,61383
7509,702,,6,,2025-11-20 10:44:00,2025-11-20 13:57:00,2025-11-20 13:29:00,Completed,93996
7510,5623,,1,,2025-11-20 10:51:00,2025-11-20 14:28:00,2025-11-20 13:27:00,Completed,27815
7511,6133,,2,,2025-11-20 10:52:00,2025-11-20 13:14:00,2025-11-20 12:04:00,Completed,207643
7512,6,,6,,2025-11-20 11:36:00,2025-11-20 14:45:00,2025-11-20 14:50:00,Completed,250765
7513,5902,5583,6,,2025-11-21 08:00:00,2025-11-21 09:15:00,2025-11-21 08:42:00,Completed,66063
7514,6115,5794,4,,2025-11-21 08:05:00,2025-11-21 09:38:00,2025-11-21 08:48:00,Completed,77044
7515,4219,5825,7,,2025-11-21 08:20:00,2025-11-21 11:05:00,2025-11-21 09:15:00,Completed,69991
7516,1933,5607,3,,2025-11-21 10:09:00,2025-11-21 11:24:00,2025-11-21 10:46:00,Completed,93384
7517,3041,5720,3,,2025-11-21 10:09:00,2025-11-21 12:27:00,2025-11-21 11:38:00,Completed,46950
7518,6122,5810,2,,2025-11-21 10:18:00,2025-11-21 15:18:00,2025-11-21 15:02:00,Completed,51601
7519,3013,5816,1,,2025-11-21 10:31:00,2025-11-21 11:46:00,2025-11-21 11:01:00,Completed,105955
7520,5388,5824,7,,2025-11-21 10:35:00,2025-11-21 12:12:00,2025-11-21 11:35:00,Completed,103234
7521,4830,5749,3,,2025-11-21 11:36:00,2025-11-21 13:43:00,2025-11-21 12:43:00,Completed,101745
7522,5349,5831,4,,2025-11-21 14:02:00,2025-11-22 10:32:00,2025-11-22 08:02:00,Completed,48063
7523,6130,5815,7,,2025-11-21 14:05:00,2025-11-21 15:20:00,2025-11-21 14:37:00,Completed,21989
7524,1929,5803,3,,2025-11-22 08:04:00,2025-11-22 12:49:00,2025-11-22 11:12:00,Completed,126468
7525,6098,5770,1,,2025-11-22 08:07:00,2025-11-22 09:22:00,2025-11-22 08:40:00,Completed,29997
7526,195,5829,4,,2025-11-22 08:30:00,2025-11-24 12:42:00,2025-11-26 13:40:00,Completed,196955
7527,5463,5839,4,,2025-11-22 08:39:00,2025-11-22 13:13:00,2025-11-24 07:53:00,Completed,36155
7528,4444,5807,7,,2025-11-22 09:00:00,2025-11-22 14:00:00,2025-11-22 11:44:00,Completed,214554
7529,2536,5822,3,,2025-11-22 09:04:00,2025-11-22 11:06:00,2025-11-22 10:56:00,Completed,157277
7530,3215,5835,6,,2025-11-22 10:08:00,2025-11-22 13:08:00,2025-11-22 11:16:00,Completed,85945
7531,5323,,4,,2025-11-22 10:54:00,2025-11-24 08:12:00,2025-11-22 13:41:00,Completed,104726
7532,3856,5796,2,,2025-11-22 12:05:00,2025-11-24 08:12:00,2025-11-22 13:40:00,Completed,289704
7533,5302,5836,3,,2025-11-24 07:31:00,2025-11-24 11:01:00,2025-11-24 08:48:00,Completed,155938
7534,6150,5860,6,,2025-11-24 07:32:00,2025-11-24 09:24:00,2025-11-24 08:45:00,Completed,67744
7535,5594,5813,7,,2025-11-24 09:04:00,2025-11-24 10:19:00,2025-11-24 09:46:00,Completed,182523
7536,3656,5797,4,,2025-11-24 09:05:00,2025-11-24 13:53:00,2025-11-24 14:43:00,Completed,235014
7537,5419,5859,1,,2025-11-24 09:28:00,2025-11-24 12:43:00,2025-11-24 10:50:00,Completed,118031
7538,5550,5842,3,,2025-11-24 10:01:00,2025-11-24 11:16:00,2025-11-24 10:40:00,Completed,67535
7539,6009,,7,,2025-11-24 10:55:00,2025-11-24 14:10:00,2025-11-24 12:28:00,Completed,20706
7540,2704,,4,,2025-11-24 11:10:00,2025-11-24 15:02:00,2025-11-24 15:12:00,Completed,47839
7541,5459,,7,,2025-11-24 11:15:00,2025-11-24 16:25:00,2025-11-24 14:49:00,Completed,279885
7542,6123,5804,6,,2025-11-25 07:37:00,2025-11-25 11:14:00,2025-11-25 10:40:00,Completed,101618
7543,4392,5808,4,,2025-11-25 07:39:00,2025-11-25 11:54:00,2025-11-25 11:16:00,Completed,205085
7544,6140,5838,6,,2025-11-25 08:36:00,2025-11-25 12:33:00,2025-11-25 13:25:00,Completed,147210
7545,6148,5858,4,,2025-11-25 09:31:00,2025-11-25 11:46:00,2025-11-25 10:58:00,Completed,75555
7546,1480,5827,3,,2025-11-25 09:37:00,2025-11-25 13:07:00,2025-11-25 11:12:00,Completed,244137
7547,6158,,6,,2025-11-25 10:03:00,2025-11-26 12:15:00,2025-11-26 11:02:00,Completed,191600
7548,6124,5812,7,,2025-11-25 10:06:00,2025-11-25 11:21:00,2025-11-25 10:39:00,Completed,58014
7549,6159,,4,,2025-11-25 10:56:00,2025-11-28 12:34:00,2025-11-28 11:12:00,Completed,125233
7550,6153,,6,,2025-11-25 11:19:00,2025-11-25 12:26:00,2025-11-25 12:01:00,Completed,81570
7551,6134,5832,7,,2025-11-25 12:31:00,2025-11-25 13:46:00,2025-11-25 13:04:00,Completed,14785
7552,5232,5857,6,,2025-11-25 13:04:00,2025-11-25 17:30:00,2025-11-25 15:09:00,Completed,86768
7553,6154,,7,,2025-11-25 13:21:00,2025-11-25 14:28:00,2025-11-25 14:00:00,Completed,114137
7554,6157,,6,,2025-11-25 13:35:00,2025-11-26 09:11:00,2025-11-26 08:37:00,Completed,80579
7555,6152,5867,2,,2025-11-25 14:03:00,2025-11-25 15:25:00,2025-11-25 14:39:00,Completed,64781
7556,2727,5818,3,,2025-11-25 15:30:00,2025-11-25 17:30:00,2025-11-25 16:44:00,Completed,142176
7557,5225,5871,1,,2025-11-26 07:32:00,2025-11-26 10:02:00,2025-11-26 08:38:00,Completed,98256
7558,3955,5846,3,,2025-11-26 07:34:00,2025-11-26 08:49:00,2025-11-26 08:13:00,Completed,74921
7559,5885,5828,2,,2025-11-26 08:04:00,2025-11-28 12:53:00,2025-11-28 10:39:00,Completed,74969
7560,6031,,3,7354,2025-11-26 08:45:00,2025-11-26 11:22:00,2025-11-26 11:44:00,Completed,74839
7561,5038,,7,,2025-11-26 09:58:00,2025-11-26 13:13:00,2025-11-26 12:10:00,Completed,63491
7562,4379,5872,6,,2025-11-26 10:00:00,2025-11-26 11:30:00,2025-11-26 10:55:00,Completed,97718
7563,196,,4,,2025-11-26 10:04:00,2025-11-26 15:56:00,2025-11-29 12:47:00,Completed,185702
7564,5717,5855,4,7465,2025-11-26 10:35:00,2025-11-26 14:44:00,2025-11-26 15:13:00,Completed,97913
7565,6162,,3,,2025-11-26 10:36:00,2025-11-26 14:06:00,2025-11-26 12:35:00,Completed,42376
7566,5530,5847,4,,2025-11-26 11:03:00,2025-11-26 14:05:00,2025-11-26 14:03:00,Completed,91571
7567,4638,,4,,2025-11-26 11:52:00,2025-11-28 13:03:00,2025-11-28 13:50:00,Completed,99212
7568,4794,5820,2,,2025-11-26 14:05:00,2025-11-28 13:04:00,2025-11-28 14:14:00,Completed,143809
7569,338,5674,6,,2025-11-26 14:06:00,2025-11-26 17:30:00,2025-11-26 15:58:00,Completed,240818
7570,5740,5851,1,,2025-11-26 15:06:00,2025-11-28 11:43:00,2025-11-28 08:21:00,Completed,60637
7571,6111,5785,3,,2025-11-28 07:30:00,2025-11-28 11:45:00,2025-11-28 09:44:00,Completed,271811
7572,4358,5861,1,,2025-11-28 07:39:00,2025-11-28 11:25:00,2025-11-28 09:17:00,Completed,104013
7573,441,5833,3,,2025-11-28 08:00:00,2025-11-28 13:05:00,2025-11-28 11:40:00,Completed,313094
7574,4450,5882,4,7376,2025-11-28 08:08:00,2025-11-28 10:53:00,2025-11-28 08:57:00,Completed,86132
7575,2618,5889,7,,2025-11-28 08:17:00,2025-11-28 10:54:00,2025-11-28 11:33:00,Completed,203178
7576,6005,5660,6,,2025-11-28 08:36:00,2025-11-28 10:06:00,2025-11-28 09:26:00,Completed,34169
7577,3881,5790,7,,2025-11-28 09:00:00,2025-11-28 13:15:00,2025-11-28 15:35:00,Completed,138351
7578,6022,5884,4,,2025-11-28 09:09:00,2025-11-28 10:24:00,2025-11-28 09:42:00,Completed,40450
7579,6161,5869,1,,2025-11-28 09:33:00,2025-11-29 12:08:00,2025-11-29 10:02:00,Completed,47913
7580,5407,,4,,2025-11-28 09:38:00,2025-11-28 15:45:00,2025-11-28 12:52:00,Completed,41227
7581,5008,5862,3,,2025-11-28 10:01:00,2025-11-28 15:19:00,2025-11-28 13:47:00,Completed,182421
7582,5220,,4,,2025-11-28 10:28:00,2025-11-28 15:59:00,2025-11-29 08:41:00,Completed,84284
7583,5010,5865,6,,2025-11-28 11:08:00,2025-11-28 13:08:00,2025-11-28 12:37:00,Completed,139915
7584,2720,,6,,2025-11-28 12:13:00,2025-11-28 15:20:00,2025-11-28 16:10:00,Completed,116794
7585,4128,5856,1,,2025-11-29 08:07:00,2025-11-29 12:52:00,2025-11-29 11:22:00,Completed,110725
7586,6112,5788,7,,2025-11-29 08:09:00,2025-11-29 14:00:00,2025-11-29 12:39:00,Completed,99513
7587,6083,5873,3,7421,2025-11-29 08:18:00,2025-11-29 10:40:00,2025-11-29 08:42:00,Completed,39852
7588,3655,5875,6,,2025-11-29 08:50:00,2025-11-29 10:20:00,2025-11-29 09:47:00,Completed,58232
7589,2944,5902,1,,2025-11-29 09:05:00,2025-11-29 11:55:00,2025-11-29 11:23:00,Completed,154188
7590,5484,,4,,2025-11-29 09:07:00,2025-11-29 12:03:00,2025-11-29 11:05:00,Completed,207771
7591,5835,5899,4,,2025-11-29 09:10:00,2025-11-29 11:26:00,2025-11-29 11:37:00,Completed,217899
7592,3098,,3,,2025-11-29 09:21:00,2025-11-29 12:43:00,2025-11-29 11:16:00,Completed,59602
7593,3782,5723,6,,2025-11-29 09:33:00,2025-12-01 07:55:00,2025-12-01 08:37:00,Completed,100170
7594,6173,,4,,2025-11-29 10:25:00,2025-11-29 14:00:00,2025-11-29 13:10:00,Completed,64253
7595,2939,,3,,2025-11-29 10:39:00,2025-12-01 09:12:00,2025-11-29 13:21:00,Completed,235683
7596,3101,5853,3,,2025-11-29 11:04:00,2025-12-01 08:17:00,2025-11-29 13:45:00,Completed,116810
7597,545,,4,,2025-11-29 11:06:00,2025-11-29 14:00:00,2025-11-29 13:53:00,Completed,157220
7598,6067,5740,4,,2025-11-29 11:33:00,2025-12-01 15:09:00,2025-12-01 12:10:00,Completed,101945
7599,1826,,1,,2025-11-29 12:08:00,2025-12-01 14:30:00,2025-12-01 12:56:00,Completed,47816
7600,4631,5919,6,,2025-12-01 08:05:00,2025-12-03 09:06:00,2025-12-03 09:42:00,Completed,62993
7601,5719,5904,6,,2025-12-01 08:07:00,2025-12-01 09:22:00,2025-12-01 08:45:00,Completed,37983
7602,2841,5798,2,,2025-12-01 08:37:00,2025-12-01 13:07:00,2025-12-01 10:27:00,Completed,46082
7603,3898,,7,,2025-12-01 08:39:00,2025-12-01 10:31:00,2025-12-01 10:00:00,Completed,158099
7604,4500,5900,6,7494,2025-12-01 09:02:00,2025-12-01 12:02:00,2025-12-01 13:18:00,Completed,260230
7605,5436,5817,1,,2025-12-01 09:08:00,2025-12-01 16:41:00,2025-12-01 13:36:00,Completed,200149
7606,5473,5905,6,,2025-12-01 09:23:00,2025-12-01 11:39:00,2025-12-01 10:56:00,Completed,119566
7607,4276,5907,6,,2025-12-01 09:37:00,2025-12-01 14:35:00,2025-12-01 12:55:00,Completed,70755
7608,6041,,7,,2025-12-01 10:44:00,2025-12-01 13:44:00,2025-12-01 12:01:00,Completed,102989
7609,5242,5823,4,,2025-12-01 11:03:00,2025-12-02 10:06:00,2025-12-01 16:38:00,Completed,45661
7610,5639,5910,7,,2025-12-01 11:07:00,2025-12-01 13:34:00,2025-12-01 13:28:00,Completed,134015
7611,4580,,4,,2025-12-01 11:59:00,2025-12-02 08:08:00,2025-12-02 08:01:00,Completed,129779
7612,1121,5908,3,,2025-12-01 14:09:00,2025-12-01 17:30:00,2025-12-01 15:11:00,Completed,119996
7613,5400,,3,,2025-12-01 14:25:00,2025-12-02 08:44:00,2025-12-02 09:49:00,Completed,82044
7614,5119,5911,3,,2025-12-01 14:34:00,2025-12-02 08:51:00,2025-12-02 10:48:00,Completed,125762
7615,5874,5874,6,,2025-12-01 14:39:00,2025-12-02 08:31:00,2025-12-01 16:19:00,Completed,104778
7616,4423,5922,1,,2025-12-01 15:30:00,2025-12-01 17:30:00,2025-12-01 16:09:00,Completed,100697
7617,3697,5881,4,,2025-12-01 15:35:00,2025-12-02 10:41:00,2025-12-02 08:17:00,Completed,213031
7618,6176,5903,6,,2025-12-02 08:00:00,2025-12-02 09:45:00,2025-12-02 08:49:00,Completed,219753
7619,5398,5925,7,,2025-12-02 08:06:00,2025-12-02 10:13:00,2025-12-02 09:50:00,Completed,94764
7620,5971,5883,7,,2025-12-02 08:35:00,2025-12-02 11:24:00,2025-12-02 11:11:00,Completed,157486
7621,5457,5886,6,,2025-12-02 09:05:00,2025-12-02 13:20:00,2025-12-02 12:19:00,Completed,47332
7622,5391,5906,2,,2025-12-02 09:09:00,2025-12-02 10:54:00,2025-12-02 10:08:00,Completed,102039
7623,5963,5897,2,,2025-12-02 10:05:00,2025-12-03 09:05:00,2025-12-03 08:10:00,Completed,181574
7624,6146,5849,4,,2025-12-02 10:05:00,2025-12-02 13:35:00,2025-12-02 14:53:00,Completed,42622
7625,5496,5927,1,,2025-12-02 10:35:00,2025-12-02 13:05:00,2025-12-02 12:08:00,Completed,63920
7626,6179,5918,6,,2025-12-02 11:06:00,2025-12-02 16:01:00,2025-12-02 13:38:00,Completed,119376
7627,6124,5876,4,,2025-12-02 12:00:00,2025-12-02 14:30:00,2025-12-02 13:34:00,Completed,58412
7628,4812,5773,1,,2025-12-02 13:32:00,2025-12-02 14:54:00,2025-12-02 14:12:00,Completed,41324
7629,6184,5931,2,,2025-12-02 13:32:00,2025-12-02 17:30:00,2025-12-03 07:43:00,Completed,52383
7630,6185,,6,,2025-12-02 13:52:00,2025-12-02 16:22:00,2025-12-02 15:50:00,Completed,53228
7631,5051,5894,2,,2025-12-03 07:31:00,2025-12-03 13:20:00,2025-12-03 10:09:00,Completed,164964
7632,4642,5880,4,,2025-12-03 08:06:00,2025-12-03 10:21:00,2025-12-03 09:47:00,Completed,54111
7633,431,5938,6,,2025-12-03 08:09:00,2025-12-03 09:24:00,2025-12-03 08:36:00,Completed,152420
7634,4634,5933,4,,2025-12-03 08:31:00,2025-12-03 11:00:00,2025-12-03 10:44:00,Completed,172478
7635,4719,,7,,2025-12-03 09:25:00,2025-12-03 15:25:00,2025-12-03 13:32:00,Completed,74015
7636,6009,5920,7,7539,2025-12-03 10:01:00,2025-12-03 14:31:00,2025-12-03 13:52:00,Completed,20959
7637,6164,5878,6,,2025-12-03 10:02:00,2025-12-03 11:17:00,2025-12-03 10:34:00,Completed,30928
7638,6196,,7,,2025-12-03 10:35:00,2025-12-03 14:18:00,2025-12-03 14:49:00,Completed,99675
7639,4314,5891,6,,2025-12-03 10:38:00,2025-12-03 11:53:00,2025-12-03 11:31:00,Completed,188855
7640,5088,,1,,2025-12-03 10:54:00,2025-12-03 12:54:00,2025-12-03 12:05:00,Completed,56126
7641,5833,5926,7,,2025-12-03 11:00:00,2025-12-03 16:30:00,2025-12-04 08:26:00,Completed,223871
7642,6181,5924,7,,2025-12-03 11:09:00,2025-12-03 16:02:00,2025-12-04 07:37:00,Completed,46130
7643,3413,5844,7,,2025-12-03 13:03:00,2025-12-04 08:09:00,2025-12-04 08:33:00,Completed,135642
7644,5145,5921,6,,2025-12-03 13:38:00,2025-12-04 08:08:00,2025-12-04 09:37:00,Completed,201624
7645,6183,5929,4,,2025-12-03 13:39:00,2025-12-03 17:30:00,2025-12-03 16:40:00,Completed,34498
7646,3791,5901,1,,2025-12-03 14:09:00,2025-12-04 08:54:00,2025-12-04 09:25:00,Completed,186590
7647,4393,5893,1,,2025-12-03 15:01:00,2025-12-04 11:30:00,2025-12-04 12:43:00,Completed,164774
7648,3515,5947,7,,2025-12-04 08:08:00,2025-12-04 12:29:00,2025-12-04 10:40:00,Completed,87037
7649,6202,,7,,2025-12-04 08:57:00,2025-12-04 11:10:00,2025-12-04 11:26:00,Completed,57310
7650,6019,5913,2,,2025-12-04 10:05:00,2025-12-05 07:31:00,2025-12-04 15:14:00,Completed,86899
7651,5485,5953,4,7443,2025-12-04 10:06:00,2025-12-04 13:32:00,2025-12-04 11:32:00,Completed,87586
7652,4863,,4,,2025-12-04 10:20:00,2025-12-04 12:53:00,2025-12-04 12:49:00,Completed,106150
7653,6205,5948,6,,2025-12-04 10:39:00,2025-12-04 13:39:00,2025-12-04 14:14:00,Completed,166634
7654,3581,5954,4,,2025-12-04 10:39:00,2025-12-04 15:13:00,2025-12-04 13:55:00,Completed,183206
7655,6200,,7,,2025-12-04 11:06:00,2025-12-04 12:25:00,2025-12-04 11:44:00,Completed,106909
7656,6203,5950,7,,2025-12-04 12:31:00,2025-12-04 13:38:00,2025-12-04 13:09:00,Completed,57976
7657,5712,5890,3,,2025-12-04 15:08:00,2025-12-04 16:15:00,2025-12-04 15:35:00,Completed,180170
7658,6204,5949,2,,2025-12-04 15:36:00,2025-12-04 17:30:00,2025-12-04 16:14:00,Completed,55357
7659,6191,5934,6,,2025-12-05 07:37:00,2025-12-05 12:22:00,2025-12-05 10:18:00,Completed,53601
7660,5201,5896,2,,2025-12-05 07:38:00,2025-12-06 11:42:00,2025-12-06 08:34:00,Completed,270001
7661,6213,,4,,2025-12-05 07:48:00,2025-12-05 09:03:00,2025-12-05 08:35:00,Completed,178737
7662,6206,5963,3,,2025-12-05 08:05:00,2025-12-05 11:05:00,2025-12-05 08:50:00,Completed,40416
7663,6210,,3,,2025-12-05 08:10:00,2025-12-05 10:47:00,2025-12-05 10:06:00,Completed,54476
7664,4681,5866,1,,2025-12-05 08:35:00,2025-12-05 15:31:00,2025-12-05 13:25:00,Completed,117318
7665,4517,5943,7,,2025-12-05 08:37:00,2025-12-05 10:07:00,2025-12-05 09:38:00,Completed,45336
7666,6054,,7,,2025-12-05 08:45:00,2025-12-05 15:05:00,2025-12-05 13:06:00,Completed,70555
7667,5362,5706,4,,2025-12-05 09:09:00,2025-12-06 08:20:00,2025-12-05 16:06:00,Completed,162128
7668,6212,,4,,2025-12-05 12:06:00,2025-12-09 15:34:00,2025-12-11 09:35:00,Completed,64697
7669,6145,5834,3,,2025-12-05 12:39:00,2025-12-05 16:09:00,2025-12-05 17:01:00,Completed,147376
7670,6215,5968,3,,2025-12-05 14:01:00,2025-12-05 15:53:00,2025-12-05 14:57:00,Completed,53187
7671,6211,5970,7,,2025-12-05 15:04:00,2025-12-05 17:30:00,2025-12-05 16:03:00,Completed,77997
7672,3570,5724,6,,2025-12-06 08:01:00,2025-12-06 09:16:00,2025-12-06 08:35:00,Completed,107088
7673,4919,5971,2,,2025-12-06 08:05:00,2025-12-08 09:57:00,2025-12-06 11:44:00,Completed,27847
7674,6170,5892,3,,2025-12-06 08:35:00,2025-12-06 11:50:00,2025-12-06 09:26:00,Completed,42152
7675,4911,5951,3,,2025-12-06 08:37:00,2025-12-06 12:27:00,2025-12-06 11:33:00,Completed,92506
7676,5676,5952,1,,2025-12-06 08:59:00,2025-12-06 14:00:00,2025-12-06 10:52:00,Completed,184521
7677,6217,,6,,2025-12-06 09:08:00,2025-12-06 10:23:00,2025-12-06 09:59:00,Completed,56179
7678,2179,5932,6,,2025-12-06 10:05:00,2025-12-06 12:35:00,2025-12-06 11:44:00,Completed,179237
7679,5999,5967,4,,2025-12-06 10:08:00,2025-12-08 09:23:00,2025-12-06 13:26:00,Completed,113518
7680,4503,5974,3,,2025-12-06 12:08:00,2025-12-08 07:53:00,2025-12-06 13:25:00,Completed,215050
7681,5596,5957,4,,2025-12-08 07:38:00,2025-12-08 08:53:00,2025-12-08 08:24:00,Completed,73881
7682,5111,5930,4,,2025-12-08 08:01:00,2025-12-08 11:31:00,2025-12-08 09:06:00,Completed,132826
7683,5630,,6,,2025-12-08 08:08:00,2025-12-08 09:23:00,2025-12-08 08:36:00,Completed,235709
7684,3775,5985,6,,2025-12-08 08:36:00,2025-12-08 10:36:00,2025-12-08 10:11:00,Completed,287055
7685,3269,5870,2,,2025-12-08 08:37:00,2025-12-08 09:44:00,2025-12-08 09:18:00,Completed,106407
7686,5917,,7,,2025-12-08 09:09:00,2025-12-08 12:01:00,2025-12-08 11:46:00,Completed,36308
7687,4977,,4,,2025-12-08 09:38:00,2025-12-08 11:30:00,2025-12-08 10:32:00,Completed,58336
7688,4498,5973,7,,2025-12-08 10:02:00,2025-12-08 13:28:00,2025-12-08 13:18:00,Completed,101306
7689,4960,5995,1,,2025-12-08 10:04:00,2025-12-08 13:11:00,2025-12-08 11:37:00,Completed,53972
7690,6171,5898,4,,2025-12-08 10:31:00,2025-12-08 16:16:00,2025-12-09 08:05:00,Completed,117564
7691,5320,,6,,2025-12-08 10:52:00,2025-12-08 15:07:00,2025-12-08 13:57:00,Completed,78061
7692,5290,5945,7,,2025-12-08 11:00:00,2025-12-08 13:34:00,2025-12-08 13:53:00,Completed,40971
7693,4941,,7,,2025-12-08 11:08:00,2025-12-08 16:25:00,2025-12-08 16:55:00,Completed,56835
7694,5414,5977,3,,2025-12-08 11:38:00,2025-12-08 13:53:00,2025-12-08 12:48:00,Completed,80095
7695,5507,5960,4,,2025-12-08 13:04:00,2025-12-08 17:30:00,2025-12-08 16:22:00,Completed,74963
7696,5719,5935,2,,2025-12-08 13:06:00,2025-12-09 15:27:00,2025-12-09 12:55:00,Completed,38503
7697,3485,5984,3,,2025-12-08 13:26:00,2025-12-09 07:56:00,2025-12-08 16:52:00,Completed,142970
7698,5895,,3,,2025-12-08 14:49:00,2025-12-09 09:24:00,2025-12-09 10:14:00,Completed,92841
7699,6153,5864,6,,2025-12-09 08:08:00,2025-12-09 11:38:00,2025-12-09 10:59:00,Completed,81899
7700,706,5863,4,,2025-12-09 08:37:00,2025-12-09 09:52:00,2025-12-09 09:24:00,Completed,166916
7701,5337,5940,7,,2025-12-09 09:02:00,2025-12-09 10:17:00,2025-12-09 09:38:00,Completed,58748
7702,6250,6004,1,,2025-12-09 09:07:00,2025-12-09 11:07:00,2025-12-09 10:11:00,Completed,60725
7703,2256,5955,7,,2025-12-09 10:05:00,2025-12-09 12:20:00,2025-12-09 11:52:00,Completed,126800
7704,3972,5969,4,,2025-12-09 10:38:00,2025-12-09 13:53:00,2025-12-09 11:31:00,Completed,97692
7705,4450,5965,6,,2025-12-09 11:03:00,2025-12-09 15:03:00,2025-12-09 16:02:00,Completed,86622
7706,6001,5895,6,,2025-12-09 11:04:00,2025-12-09 15:36:00,2025-12-09 15:18:00,Completed,107059
7707,6194,5936,6,,2025-12-09 12:36:00,2025-12-09 14:56:00,2025-12-09 15:02:00,Completed,104596
7708,3806,5887,6,,2025-12-09 13:02:00,2025-12-09 16:30:00,2025-12-09 16:31:00,Completed,94934
7709,4514,6005,6,,2025-12-09 15:09:00,2025-12-10 09:37:00,2025-12-10 10:15:00,Completed,92468
7710,5245,5958,3,,2025-12-10 07:31:00,2025-12-10 08:46:00,2025-12-10 08:05:00,Completed,105087
7711,3671,5885,7,,2025-12-10 07:36:00,2025-12-10 08:51:00,2025-12-10 08:06:00,Completed,156709
7712,2987,5868,6,,2025-12-10 08:05:00,2025-12-10 09:26:00,2025-12-10 08:38:00,Completed,98490
7713,5140,6011,4,,2025-12-10 09:05:00,2025-12-10 10:20:00,2025-12-10 09:48:00,Completed,100895
7714,4844,5879,7,,2025-12-10 09:30:00,2025-12-10 10:52:00,2025-12-10 10:16:00,Completed,170247
7715,4227,,7,,2025-12-10 09:56:00,2025-12-10 11:13:00,2025-12-10 10:51:00,Completed,190667
7716,6256,,7,,2025-12-10 11:18:00,2025-12-10 13:33:00,2025-12-10 12:59:00,Completed,85178
7717,6255,,3,,2025-12-10 12:26:00,2025-12-10 15:26:00,2025-12-10 16:55:00,Completed,148374
7718,6257,6014,2,,2025-12-10 12:38:00,2025-12-11 07:30:00,2025-12-10 14:52:00,Completed,77581
7719,5313,6016,6,,2025-12-10 13:01:00,2025-12-10 16:31:00,2025-12-10 17:00:00,Completed,178105
7720,5201,6015,2,7660,2025-12-10 13:33:00,2025-12-11 09:32:00,2025-12-11 07:39:00,Completed,270215
7721,6167,5888,1,,2025-12-10 14:01:00,2025-12-13 10:30:00,2025-12-17 15:17:00,Completed,190242
7722,5617,5909,4,,2025-12-10 14:03:00,2025-12-11 08:25:00,2025-12-11 08:27:00,Completed,114476
7723,6251,6013,7,,2025-12-11 07:31:00,2025-12-11 10:01:00,2025-12-11 11:54:00,Completed,128420
7724,6242,5999,3,,2025-12-11 07:39:00,2025-12-11 08:54:00,2025-12-11 08:22:00,Completed,78591
7725,4756,6012,2,,2025-12-11 08:00:00,2025-12-11 11:45:00,2025-12-11 09:57:00,Completed,47294
7726,4108,6023,3,,2025-12-11 08:05:00,2025-12-11 12:20:00,2025-12-11 10:01:00,Completed,50503
7727,6209,5964,4,,2025-12-11 09:32:00,2025-12-11 15:17:00,2025-12-11 12:28:00,Completed,170141
7728,6208,5956,7,,2025-12-11 09:34:00,2025-12-11 10:49:00,2025-12-11 10:05:00,Completed,84836
7729,6262,,6,,2025-12-11 10:02:00,2025-12-11 14:17:00,2025-12-11 12:08:00,Completed,169965
7730,6267,,6,,2025-12-11 10:07:00,2025-12-11 12:16:00,2025-12-11 12:17:00,Completed,55428
7731,4721,,3,,2025-12-11 10:16:00,2025-12-11 13:31:00,2025-12-11 14:37:00,Completed,154606
7732,5125,6020,7,,2025-12-11 10:34:00,2025-12-11 12:34:00,2025-12-11 12:05:00,Completed,128461
7733,6263,,6,,2025-12-11 10:49:00,2025-12-11 15:06:00,2025-12-11 14:39:00,Completed,166729
7734,6223,5981,3,,2025-12-11 11:01:00,2025-12-11 12:41:00,2025-12-11 12:06:00,Completed,52983
7735,3237,,6,,2025-12-11 12:00:00,2025-12-11 14:03:00,2025-12-11 13:50:00,Completed,122633
7736,6234,5989,2,,2025-12-11 12:02:00,2025-12-11 14:02:00,2025-12-11 13:19:00,Completed,86939
7737,6265,,2,,2025-12-11 12:04:00,2025-12-11 17:30:00,2025-12-12 08:24:00,Completed,40939
7738,5699,5979,3,,2025-12-11 13:35:00,2025-12-12 08:20:00,2025-12-11 15:36:00,Completed,175181
7739,6266,,6,,2025-12-11 14:36:00,2025-12-11 17:30:00,2025-12-11 16:27:00,Completed,49128
7740,6258,6017,3,,2025-12-11 15:01:00,2025-12-11 16:21:00,2025-12-11 15:43:00,Completed,161759
7741,5442,6009,2,,2025-12-11 15:09:00,2025-12-12 09:24:00,2025-12-12 10:04:00,Completed,262080
7742,6144,5975,6,,2025-12-12 07:37:00,2025-12-12 09:07:00,2025-12-12 08:21:00,Completed,95180
7743,5291,6028,3,,2025-12-12 07:38:00,2025-12-12 12:38:00,2025-12-12 10:08:00,Completed,177446
7744,6270,,7,,2025-12-12 08:34:00,2025-12-15 12:22:00,2025-12-15 10:43:00,Completed,247847
7745,6230,5986,2,,2025-12-12 08:37:00,2025-12-12 12:52:00,2025-12-12 10:54:00,Completed,62597
7746,6062,6001,7,,2025-12-12 09:08:00,2025-12-12 10:23:00,2025-12-12 10:06:00,Completed,86293
7747,6147,5845,4,,2025-12-12 10:34:00,2025-12-12 12:34:00,2025-12-12 11:49:00,Completed,63693
7748,5103,,4,,2025-12-12 11:04:00,2025-12-12 15:50:00,2025-12-12 13:44:00,Completed,72501
7749,513,6030,6,,2025-12-12 11:09:00,2025-12-12 14:39:00,2025-12-12 14:03:00,Completed,201387
7750,3513,6000,4,,2025-12-12 14:08:00,2025-12-16 13:13:00,2025-12-16 10:40:00,Completed,60773
7751,2075,,6,,2025-12-12 14:18:00,2025-12-12 17:30:00,2025-12-12 16:42:00,Completed,201530
7752,6249,6002,4,,2025-12-12 14:37:00,2025-12-12 16:07:00,2025-12-12 15:29:00,Completed,166966
7753,2944,5972,7,,2025-12-12 15:02:00,2025-12-12 17:30:00,2025-12-12 16:27:00,Completed,155006
7754,3575,6024,7,,2025-12-13 08:06:00,2025-12-13 10:06:00,2025-12-13 09:29:00,Completed,121834
7755,2858,5980,2,,2025-12-13 08:06:00,2025-12-15 14:53:00,2025-12-15 11:13:00,Completed,89092
7756,6254,6010,3,,2025-12-13 08:36:00,2025-12-13 11:06:00,2025-12-13 10:14:00,Completed,109066
7757,73,,7,,2025-12-13 08:45:00,2025-12-13 11:29:00,2025-12-13 12:32:00,Completed,206392
7758,5588,5830,7,,2025-12-13 09:39:00,2025-12-13 11:12:00,2025-12-13 10:40:00,Completed,230272
7759,3300,5990,7,,2025-12-13 10:00:00,2025-12-13 11:27:00,2025-12-13 11:14:00,Completed,134960
7760,4778,6033,3,,2025-12-13 10:02:00,2025-12-13 14:00:00,2025-12-13 11:24:00,Completed,57406
7761,4577,5841,4,,2025-12-13 10:36:00,2025-12-15 08:43:00,2025-12-15 07:48:00,Completed,291844
7762,4042,6022,6,,2025-12-15 07:37:00,2025-12-15 08:52:00,2025-12-15 08:20:00,Completed,72869
7763,305,5959,4,,2025-12-15 07:38:00,2025-12-15 09:38:00,2025-12-15 08:59:00,Completed,121156
7764,6197,6029,6,,2025-12-15 07:52:00,2025-12-15 10:57:00,2025-12-15 08:51:00,Completed,163783
7765,902,5982,2,,2025-12-15 08:00:00,2025-12-15 09:30:00,2025-12-15 08:39:00,Completed,143188
7766,6282,6047,6,,2025-12-15 08:07:00,2025-12-15 10:22:00,2025-12-15 10:17:00,Completed,62177
7767,4205,6039,2,,2025-12-15 08:17:00,2025-12-15 14:34:00,2025-12-15 12:38:00,Completed,260903
7768,441,6057,3,7573,2025-12-15 08:31:00,2025-12-15 11:08:00,2025-12-15 11:50:00,Completed,313832
7769,1039,6007,6,,2025-12-15 08:33:00,2025-12-15 10:37:00,2025-12-15 10:27:00,Completed,92448
7770,6281,6049,6,,2025-12-15 08:43:00,2025-12-15 10:57:00,2025-12-15 11:08:00,Completed,65077
7771,3734,6055,4,,2025-12-15 09:04:00,2025-12-15 10:34:00,2025-12-15 10:03:00,Completed,222963
7772,3447,,7,,2025-12-15 09:23:00,2025-12-15 11:53:00,2025-12-15 09:50:00,Completed,117852
7773,180,,1,,2025-12-15 11:27:00,2025-12-15 12:42:00,2025-12-15 11:51:00,Completed,159757
7774,6285,,6,,2025-12-15 11:31:00,2025-12-15 12:46:00,2025-12-15 12:10:00,Completed,59967
7775,5828,,7,,2025-12-15 12:07:00,2025-12-15 15:07:00,2025-12-15 13:19:00,Completed,135608
7776,5579,5997,4,,2025-12-15 12:32:00,2025-12-15 13:47:00,2025-12-15 13:00:00,Completed,145857
7777,4747,6006,7,,2025-12-15 13:30:00,2025-12-16 07:45:00,2025-12-16 08:03:00,Completed,90806
7778,6271,6036,3,,2025-12-15 14:09:00,2025-12-16 13:09:00,2025-12-16 13:07:00,Completed,175740
7779,6000,6037,4,,2025-12-16 07:33:00,2025-12-16 11:03:00,2025-12-16 08:39:00,Completed,99116
7780,6286,6059,4,,2025-12-16 07:38:00,2025-12-16 14:31:00,2025-12-16 13:15:00,Completed,234006
7781,5800,6061,4,,2025-12-16 08:07:00,2025-12-16 13:53:00,2025-12-16 13:15:00,Completed,149688
7782,6268,6032,7,,2025-12-16 08:09:00,2025-12-16 11:39:00,2025-12-16 09:25:00,Completed,200037
7783,3613,6064,6,,2025-12-16 08:31:00,2025-12-16 13:01:00,2025-12-16 11:35:00,Completed,104509
7784,6289,,1,,2025-12-16 09:07:00,2025-12-18 13:30:00,2025-12-22 14:12:00,Completed,141018
7785,6199,5942,6,,2025-12-16 10:37:00,2025-12-16 14:54:00,2025-12-16 13:01:00,Completed,76942
7786,6195,5939,4,,2025-12-16 10:38:00,2025-12-16 16:25:00,2025-12-16 16:59:00,Completed,59346
7787,5008,,3,7581,2025-12-16 10:58:00,2025-12-16 13:20:00,2025-12-16 15:35:00,Completed,182916
7788,5781,6052,7,,2025-12-16 11:02:00,2025-12-16 12:54:00,2025-12-16 12:29:00,Completed,84876
7789,5457,6018,2,,2025-12-16 11:07:00,2025-12-16 12:22:00,2025-12-16 11:34:00,Completed,47779
7790,273,6031,7,,2025-12-16 11:30:00,2025-12-16 13:13:00,2025-12-16 13:12:00,Completed,192219
7791,6198,5944,7,,2025-12-16 12:03:00,2025-12-16 15:01:00,2025-12-16 14:58:00,Completed,75574
7792,3732,5850,2,,2025-12-16 14:08:00,2025-12-17 08:38:00,2025-12-16 16:07:00,Completed,140243
7793,4979,5852,6,,2025-12-17 07:39:00,2025-12-17 12:54:00,2025-12-17 11:00:00,Completed,36932
7794,6301,6075,1,,2025-12-17 08:09:00,2025-12-17 10:24:00,2025-12-17 09:14:00,Completed,100789
7795,6290,6069,3,,2025-12-17 08:34:00,2025-12-17 15:15:00,2025-12-17 11:59:00,Completed,152671
7796,5821,6045,6,,2025-12-17 08:35:00,2025-12-17 11:08:00,2025-12-17 11:32:00,Completed,182889
7797,6300,,3,,2025-12-17 08:50:00,2025-12-17 11:46:00,2025-12-17 12:35:00,Completed,26216
7798,6299,,7,,2025-12-17 10:08:00,2025-12-17 13:41:00,2025-12-17 12:01:00,Completed,102582
7799,4371,6062,4,,2025-12-17 10:39:00,2025-12-17 14:09:00,2025-12-17 14:06:00,Completed,101883
7800,4642,,6,,2025-12-17 12:59:00,2025-12-17 14:14:00,2025-12-17 13:45:00,Completed,54748
7801,6207,6071,4,,2025-12-17 13:00:00,2025-12-17 14:15:00,2025-12-17 13:32:00,Completed,135398
7802,6295,6066,4,,2025-12-17 14:00:00,2025-12-17 15:15:00,2025-12-17 14:45:00,Completed,35983
7803,5533,6067,3,,2025-12-18 07:33:00,2025-12-18 12:18:00,2025-12-18 09:38:00,Completed,194428
7804,5388,6043,7,,2025-12-18 08:04:00,2025-12-18 09:11:00,2025-12-18 08:22:00,Completed,104680
7805,4577,6086,4,7761,2025-12-18 08:05:00,2025-12-18 10:42:00,2025-12-18 08:56:00,Completed,292005
7806,6306,,4,,2025-12-18 08:09:00,2025-12-18 13:09:00,2025-12-18 10:34:00,Completed,61343
7807,322,,7,,2025-12-18 09:06:00,2025-12-18 11:51:00,2025-12-18 11:41:00,Completed,296614
7808,5827,,6,,2025-12-18 12:09:00,2025-12-18 13:39:00,2025-12-18 13:14:00,Completed,171063
7809,6307,,7,,2025-12-18 13:16:00,2025-12-18 17:30:00,2025-12-18 15:29:00,Completed,97004
7810,6308,,7,,2025-12-18 13:26:00,2025-12-19 09:25:00,2025-12-19 09:21:00,Completed,102096
7811,6303,6082,7,,2025-12-19 08:02:00,2025-12-19 09:17:00,2025-12-19 08:57:00,Completed,112393
7812,5321,5998,4,,2025-12-19 09:00:00,2025-12-19 11:07:00,2025-12-19 10:23:00,Completed,208913
7813,6305,6076,6,,2025-12-19 09:30:00,2025-12-19 15:37:00,2025-12-19 16:46:00,Completed,161689
7814,6279,6038,1,,2025-12-19 09:35:00,2025-12-19 10:50:00,2025-12-19 10:15:00,Completed,54371
7815,5178,6088,4,,2025-12-19 09:58:00,2025-12-19 15:47:00,2025-12-19 12:54:00,Completed,141422
7816,6288,6058,3,,2025-12-19 11:00:00,2025-12-19 14:52:00,2025-12-19 15:30:00,Completed,159455
7817,6274,6034,1,,2025-12-19 11:37:00,2025-12-19 14:07:00,2025-12-19 13:09:00,Completed,90489
7818,6309,,7,,2025-12-19 12:22:00,2025-12-19 14:37:00,2025-12-19 14:17:00,Completed,73315
7819,6284,6053,4,,2025-12-19 13:01:00,2025-12-22 08:40:00,2025-12-20 12:03:00,Completed,133890
7820,6304,6083,6,,2025-12-19 13:07:00,2025-12-19 14:30:00,2025-12-19 13:54:00,Completed,146671
7821,6235,5987,7,,2025-12-19 14:06:00,2025-12-20 08:06:00,2025-12-19 16:09:00,Completed,30399
7822,5868,6085,6,,2025-12-20 08:09:00,2025-12-23 14:48:00,2025-12-23 13:45:00,Completed,31588
7823,5094,6040,7,,2025-12-20 08:32:00,2025-12-20 09:47:00,2025-12-20 09:10:00,Completed,40392
7824,5446,6084,7,,2025-12-20 08:33:00,2025-12-20 10:05:00,2025-12-20 09:44:00,Completed,201464
7825,473,,7,,2025-12-20 08:39:00,2025-12-20 12:09:00,2025-12-20 10:55:00,Completed,208796
7826,5754,,4,,2025-12-20 09:24:00,2025-12-22 08:39:00,2025-12-22 09:53:00,Completed,57732
7827,6166,5877,7,,2025-12-20 10:00:00,2025-12-20 12:49:00,2025-12-20 12:32:00,Completed,28325
7828,5861,5994,4,,2025-12-20 10:31:00,2025-12-22 07:31:00,2025-12-20 12:36:00,Completed,106698
7829,6236,5988,2,,2025-12-20 10:39:00,2025-12-22 08:39:00,2025-12-20 12:36:00,Completed,250317
7830,5978,6051,1,,2025-12-20 10:53:00,2025-12-20 12:08:00,2025-12-20 11:28:00,Completed,35847
7831,5796,6094,4,,2025-12-20 11:05:00,2025-12-22 07:57:00,2025-12-22 09:47:00,Completed,114923
7832,5625,,4,,2025-12-20 11:47:00,2025-12-20 14:00:00,2025-12-20 13:31:00,Completed,122241
7833,5819,6105,1,,2025-12-22 07:33:00,2025-12-22 10:03:00,2025-12-22 08:55:00,Completed,44455
7834,4761,6008,1,,2025-12-22 08:04:00,2025-12-22 15:09:00,2025-12-22 12:53:00,Completed,55552
7835,5202,6102,6,,2025-12-22 08:06:00,2025-12-22 10:36:00,2025-12-22 10:04:00,Completed,42511
7836,6032,6068,1,,2025-12-22 09:00:00,2025-12-22 12:24:00,2025-12-22 13:06:00,Completed,105991
7837,2864,6079,6,,2025-12-22 09:02:00,2025-12-22 13:03:00,2025-12-22 12:22:00,Completed,38202
7838,5563,,7,,2025-12-22 09:13:00,2025-12-22 10:28:00,2025-12-22 09:47:00,Completed,181174
7839,6008,6065,7,,2025-12-22 09:33:00,2025-12-22 13:37:00,2025-12-22 13:12:00,Completed,97231
7840,5011,6091,6,,2025-12-22 09:36:00,2025-12-22 12:22:00,2025-12-22 13:05:00,Completed,138198
7841,6320,,7,,2025-12-22 09:49:00,2025-12-22 12:27:00,2025-12-22 12:35:00,Completed,49852
7842,4533,6070,7,,2025-12-22 10:03:00,2025-12-22 14:09:00,2025-12-22 14:54:00,Completed,93499
7843,6322,,7,,2025-12-22 10:23:00,2025-12-22 14:10:00,2025-12-22 15:27:00,Completed,148359
7844,3343,6063,6,,2025-12-22 11:04:00,2025-12-22 14:40:00,2025-12-22 15:08:00,Completed,257963
7845,6192,6060,7,,2025-12-22 11:08:00,2025-12-22 16:44:00,2025-12-22 16:44:00,Completed,111037
7846,2381,,7,,2025-12-22 11:18:00,2025-12-22 15:54:00,2025-12-23 07:38:00,Completed,95210
7847,6318,,6,,2025-12-22 11:24:00,2025-12-22 14:48:00,2025-12-22 15:42:00,Completed,139199
7848,2808,6108,6,,2025-12-22 11:25:00,2025-12-22 16:16:00,2025-12-22 17:02:00,Completed,203365
7849,465,,7,,2025-12-22 11:48:00,2025-12-23 07:42:00,2025-12-23 09:40:00,Completed,205279
7850,3706,,7,,2025-12-22 11:51:00,2025-12-22 17:30:00,2025-12-23 10:28:00,Completed,102516
7851,5751,6107,7,,2025-12-22 13:03:00,2025-12-23 11:27:00,2025-12-23 15:46:00,Completed,264437
7852,4193,6099,7,,2025-12-22 13:32:00,2025-12-23 08:38:00,2025-12-23 13:49:00,Completed,181229
7853,689,5923,6,,2025-12-22 14:35:00,2025-12-22 17:30:00,2025-12-22 17:01:00,Completed,98879
7854,4166,6087,7,,2025-12-22 15:01:00,2025-12-23 11:07:00,2025-12-23 14:19:00,Completed,68591
7855,6323,6113,6,,2025-12-23 08:04:00,2025-12-23 10:04:00,2025-12-23 09:25:00,Completed,27033
7856,6324,,2,,2025-12-23 08:54:00,2025-12-23 13:09:00,2025-12-23 10:37:00,Completed,32127
7857,2694,,1,,2025-12-23 09:16:00,2025-12-23 13:31:00,2025-12-23 11:03:00,Completed,118368
7858,2727,,1,,2025-12-23 09:18:00,2025-12-23 14:27:00,2025-12-23 13:00:00,Completed,143221
7859,2558,,7,,2025-12-23 10:02:00,2025-12-23 15:57:00,2025-12-24 09:38:00,Completed,73449
7860,4051,6117,6,,2025-12-23 10:09:00,2025-12-23 11:24:00,2025-12-23 10:45:00,Completed,47997
7861,6197,,6,7764,2025-12-23 10:55:00,2025-12-23 13:43:00,2025-12-23 12:59:00,Completed,164138
7862,5648,6114,7,,2025-12-23 11:07:00,2025-12-23 17:30:00,2025-12-24 08:59:00,Completed,105564
7863,3775,6073,6,,2025-12-23 12:02:00,2025-12-23 13:39:00,2025-12-23 12:58:00,Completed,288042
7864,5426,,1,,2025-12-23 13:01:00,2025-12-24 07:38:00,2025-12-23 15:12:00,Completed,62820
7865,5810,6112,7,,2025-12-23 14:04:00,2025-12-24 08:25:00,2025-12-24 08:57:00,Completed,16623
7866,6255,6104,7,7717,2025-12-23 15:30:00,2025-12-24 11:39:00,2025-12-24 08:25:00,Completed,148936
7867,4583,6081,2,,2025-12-24 07:38:00,2025-12-27 11:36:00,2025-12-27 08:13:00,Completed,187969
7868,5328,6025,6,,2025-12-24 11:02:00,2025-12-24 12:17:00,2025-12-24 11:36:00,Completed,138157
7869,6260,6019,7,,2025-12-24 11:05:00,2025-12-24 13:35:00,2025-12-24 13:03:00,Completed,101343
7870,4930,,6,,2025-12-24 11:09:00,2025-12-24 15:47:00,2025-12-24 13:30:00,Completed,45515
7871,4924,,4,,2025-12-24 11:39:00,2025-12-24 14:09:00,2025-12-24 13:03:00,Completed,91565
7872,4603,,6,,2025-12-24 11:56:00,2025-12-24 16:05:00,2025-12-24 14:43:00,Completed,112303
7873,4711,6123,6,,2025-12-24 13:06:00,2025-12-26 08:42:00,2025-12-24 17:11:00,Completed,137205
7874,4788,6110,3,,2025-12-24 13:07:00,2025-12-24 14:22:00,2025-12-24 13:43:00,Completed,86195
7875,6325,6124,4,,2025-12-24 13:37:00,2025-12-26 09:29:00,2025-12-26 09:26:00,Completed,4011
7876,6312,6090,3,,2025-12-24 14:39:00,2025-12-24 15:54:00,2025-12-24 15:07:00,Completed,94863
7877,1868,6131,1,,2025-12-26 07:36:00,2025-12-26 08:43:00,2025-12-26 07:54:00,Completed,143756
7878,4539,6128,7,,2025-12-26 08:01:00,2025-12-26 11:01:00,2025-12-26 09:11:00,Completed,33221
7879,4885,6048,3,,2025-12-26 08:03:00,2025-12-26 11:18:00,2025-12-26 09:08:00,Completed,112908
7880,4128,6136,4,,2025-12-26 08:18:00,2025-12-26 11:48:00,2025-12-26 12:52:00,Completed,111408
7881,4444,5916,7,,2025-12-26 08:30:00,2025-12-26 13:05:00,2025-12-26 11:32:00,Completed,215683
7882,5685,,7,,2025-12-26 08:37:00,2025-12-26 11:38:00,2025-12-26 12:12:00,Completed,151670
7883,6004,6127,1,,2025-12-26 08:38:00,2025-12-26 09:53:00,2025-12-26 09:07:00,Completed,37203
7884,2316,6132,3,,2025-12-26 08:56:00,2025-12-29 16:01:00,2025-12-29 17:06:00,Completed,110230
7885,6293,6119,6,,2025-12-26 09:00:00,2025-12-26 11:52:00,2025-12-26 10:45:00,Completed,34004
7886,5407,6056,4,,2025-12-26 09:33:00,2025-12-26 11:18:00,2025-12-26 10:27:00,Completed,42212
7887,6332,,3,,2025-12-26 09:34:00,2025-12-26 14:04:00,2025-12-26 11:49:00,Completed,104858
7888,6333,,4,,2025-12-26 10:22:00,2025-12-26 13:52:00,2025-12-26 11:34:00,Completed,134752
7889,5710,,6,,2025-12-26 10:32:00,2025-12-26 11:51:00,2025-12-26 11:26:00,Completed,85212
7890,3465,5983,2,,2025-12-26 12:00:00,2025-12-29 17:30:00,2025-12-29 14:10:00,Completed,86128
7891,4429,,1,,2025-12-26 13:17:00,2025-12-26 14:32:00,2025-12-26 13:52:00,Completed,227856
7892,2858,6140,2,7755,2025-12-26 13:37:00,2025-12-26 17:30:00,2025-12-27 09:08:00,Completed,89678
7893,3215,6142,6,,2025-12-26 14:01:00,2025-12-27 09:16:00,2025-12-26 16:06:00,Completed,86770
7894,4713,6144,4,,2025-12-27 08:04:00,2025-12-30 14:03:00,2025-12-30 10:52:00,Completed,183049
7895,6267,6118,6,,2025-12-27 08:31:00,2025-12-27 11:46:00,2025-12-27 10:47:00,Completed,56053
7896,5638,6101,6,,2025-12-27 08:34:00,2025-12-27 11:34:00,2025-12-27 11:46:00,Completed,39525
7897,2463,6130,7,,2025-12-27 09:00:00,2025-12-27 13:00:00,2025-12-27 11:35:00,Completed,62966
7898,4227,6145,2,,2025-12-27 09:37:00,2025-12-27 14:00:00,2025-12-27 11:48:00,Completed,191329
7899,3655,6146,7,,2025-12-27 09:39:00,2025-12-27 13:04:00,2025-12-27 11:58:00,Completed,59006
7900,2164,,2,,2025-12-27 10:13:00,2025-12-27 12:33:00,2025-12-27 12:35:00,Completed,123691
7901,5346,6072,6,,2025-12-27 10:35:00,2025-12-27 12:25:00,2025-12-27 12:12:00,Completed,88264
7902,6096,6111,3,,2025-12-27 10:39:00,2025-12-29 09:16:00,2025-12-29 09:17:00,Completed,219685
7903,5174,6135,4,,2025-12-27 11:31:00,2025-12-29 08:34:00,2025-12-27 12:44:00,Completed,35000
7904,5371,6156,7,,2025-12-29 07:32:00,2025-12-29 11:47:00,2025-12-29 13:17:00,Completed,55420
7905,5235,6109,6,,2025-12-29 08:08:00,2025-12-29 09:38:00,2025-12-29 08:53:00,Completed,67326
7906,5476,6161,6,,2025-12-29 08:09:00,2025-12-29 12:00:00,2025-12-29 10:14:00,Completed,115324
7907,4361,6150,6,,2025-12-29 08:32:00,2025-12-29 10:46:00,2025-12-29 10:53:00,Completed,138482
7908,3387,6074,4,,2025-12-29 08:36:00,2025-12-29 10:06:00,2025-12-29 09:27:00,Completed,127940
7909,2717,6159,3,,2025-12-29 08:55:00,2025-12-29 11:25:00,2025-12-29 09:36:00,Completed,32025
7910,545,6106,4,,2025-12-29 09:39:00,2025-12-31 12:34:00,,Waiting on Parts,158922
7911,6347,,3,,2025-12-29 09:53:00,2025-12-29 12:53:00,2025-12-29 12:07:00,Completed,196874
7912,2726,6122,7,,2025-12-29 10:03:00,2025-12-29 12:33:00,2025-12-29 10:41:00,Completed,43675
7913,6335,6153,2,,2025-12-29 11:02:00,2025-12-29 15:17:00,2025-12-31 11:55:00,Completed,127019
7914,4307,6129,7,,2025-12-29 11:05:00,2025-12-29 14:20:00,2025-12-29 14:17:00,Completed,229420
7915,5289,6148,7,,2025-12-29 12:01:00,2025-12-29 14:12:00,2025-12-29 13:50:00,Completed,65163
7916,2463,6147,7,7897,2025-12-29 12:33:00,2025-12-29 16:06:00,2025-12-29 16:30:00,Completed,63118
7917,4205,,4,7767,2025-12-29 14:29:00,2025-12-30 08:10:00,2025-12-29 15:55:00,Completed,261835
7918,5839,6103,7,,2025-12-30 07:39:00,2025-12-30 09:20:00,2025-12-30 08:49:00,Completed,84882
7919,277,6125,6,,2025-12-30 08:05:00,2025-12-30 09:57:00,2025-12-30 09:18:00,Completed,177529
7920,5256,6138,6,,2025-12-30 08:09:00,2025-12-30 10:31:00,2025-12-30 10:20:00,Completed,158451
7921,3719,6133,3,,2025-12-30 09:30:00,2025-12-30 14:56:00,2025-12-30 12:18:00,Completed,201859
7922,6125,6141,6,,2025-12-30 09:32:00,2025-12-30 15:02:00,2025-12-30 13:24:00,Completed,45407
7923,6315,6095,7,,2025-12-30 10:01:00,2025-12-30 11:08:00,2025-12-30 10:30:00,Completed,65343
7924,6348,,7,,2025-12-30 10:01:00,2025-12-30 13:49:00,2025-12-30 12:05:00,Completed,127359
7925,2211,6092,4,,2025-12-30 10:09:00,2025-12-30 11:54:00,2025-12-30 11:32:00,Completed,64600
7926,3307,,6,,2025-12-30 10:41:00,2025-12-30 14:41:00,2025-12-30 14:00:00,Completed,133483
7927,6349,,2,,2025-12-30 12:44:00,2025-12-30 13:59:00,2025-12-30 13:25:00,Completed,19363
7928,6117,6100,7,,2025-12-30 14:36:00,2025-12-30 17:30:00,2025-12-30 16:05:00,Completed,98068
7929,4278,6157,4,,2025-12-31 08:07:00,2025-12-31 17:30:00,,In Progress,73516
7930,5627,6041,1,,2025-12-31 08:38:00,2026-01-02 10:47:00,,In Progress,50443
7931,4702,,6,,2025-12-31 09:19:00,2025-12-31 10:34:00,2025-12-31 10:12:00,Completed,215604
7932,3014,6166,3,,2025-12-31 09:32:00,2025-12-31 17:30:00,,In Progress,122785
7933,4081,5961,7,,2025-12-31 09:35:00,2025-12-31 14:01:00,2025-12-31 11:59:00,Completed,51446
7934,4027,6167,6,,2025-12-31 09:56:00,2025-12-31 13:12:00,2025-12-31 11:26:00,Completed,152234
7935,6203,6177,2,,2025-12-31 10:02:00,2025-12-31 14:17:00,2025-12-31 11:46:00,Completed,58658
7936,4427,,3,,2025-12-31 10:19:00,2025-12-31 14:06:00,,In Progress,171817
7937,6360,,3,,2025-12-31 10:21:00,2025-12-31 15:32:00,,In Progress,53167
7938,5516,6178,4,,2025-12-31 10:39:00,2025-12-31 13:38:00,,In Progress,223556
7939,6173,,6,,2025-12-31 11:57:00,2025-12-31 13:12:00,,Open,65590
